trade_id,entry_index,exit_index,side,quantity,entry_price,exit_price,entry_fee,exit_fee,funding_paid,gross_pnl,net_pnl,balance_after,reason_code,equity_before,entry_leverage,exit_epoch_upper_bound,signal_available_utc,entry_utc,exit_bar_open_utc,exit_utc_upper_bound,exit_reason,initial_stop_price,absolute_target,target_R_at_fill,timestamp_precision
1,878865.0,880305.0,-1.0,0.158,49938.0,49526.5,3.945102,3.9125935,-12.063964108444576,65.017,69.22326860844457,10069.223268608446,4.0,10000.0,0.7890204,1630655100.0,2021-09-02T07:45:00Z,2021-09-02T07:45:00Z,2021-09-03T07:45:00Z,2021-09-03T07:45:00Z,timeout,51128.35839476096,47214.0,2.288386432177859,"simulated minute open / intraminute exit interval, not exact tick"
2,904545.0,904774.0,1.0,0.187,45597.200000000004,44577.5,4.263338200000001,4.16799625,0.0,-190.68390000000082,-199.1152344500008,9870.108034158446,1.0,10069.223268608446,0.8468057736471639,1632123300.0,2021-09-20T03:45:00Z,2021-09-20T03:45:00Z,2021-09-20T07:34:00Z,2021-09-20T07:35:00Z,stop,44586.446725259426,48159.2,2.534743209867477,"simulated minute open / intraminute exit interval, not exact tick"
3,905865.0,906828.0,1.0,0.194,42622.0,41657.4,4.134334,4.0407678,1.6753050420000002,-187.13239999999973,-196.98280684199972,9673.125227316445,1.0,9870.108034158446,0.8377484796907808,1632246540.0,2021-09-21T01:45:00Z,2021-09-21T01:45:00Z,2021-09-21T17:48:00Z,2021-09-21T17:49:00Z,stop,41665.82021198849,44825.73,2.3047234710774562,"simulated minute open / intraminute exit interval, not exact tick"
4,907050.0,908159.0,1.0,0.151,40965.200000000004,43272.9,3.0928726,3.26710395,1.256987640200884,348.46269999999953,340.84573580979867,10013.970963126243,2.0,9673.125227316445,0.6394774237525377,1632326400.0,2021-09-21T21:30:00Z,2021-09-21T21:30:00Z,2021-09-22T15:59:00Z,2021-09-22T16:00:00Z,target,39981.433438890985,43281.63,2.3546541339935763,"simulated minute open / intraminute exit interval, not exact tick"
5,910695.0,910746.0,1.0,0.2,42683.0,41738.100000000006,4.2683,4.1738100000000005,0.0,-188.97999999999885,-197.42210999999887,9816.548853126245,1.0,10013.970963126243,0.8524690186773795,1632481620.0,2021-09-24T10:15:00Z,2021-09-24T10:15:00Z,2021-09-24T11:06:00Z,2021-09-24T11:07:00Z,stop,41746.452566170476,44785.01,2.2444244937012097,"simulated minute open / intraminute exit interval, not exact tick"
6,910950.0,912390.0,1.0,0.163,42458.5,42294.200000000004,3.4603677500000005,3.4469773000000004,1.3582389030475865,-26.78089999999929,-35.046483953046874,9781.502369173199,4.0,9816.548853126245,0.7050069839764487,1632580200.0,2021-09-24T14:30:00Z,2021-09-24T14:30:00Z,2021-09-25T14:30:00Z,2021-09-25T14:30:00Z,timeout,41526.87852964293,44785.01,2.4972696250852766,"simulated minute open / intraminute exit interval, not exact tick"
7,914205.0,915645.0,-1.0,0.188,43544.8,42838.600000000006,4.093211200000001,4.026828400000001,-2.44598949714832,132.76559999999947,127.09154989714777,9908.593919070348,4.0,9781.502369173199,0.8369289390349526,1632775500.0,2021-09-26T20:45:00Z,2021-09-26T20:45:00Z,2021-09-27T20:45:00Z,2021-09-27T20:45:00Z,timeout,44523.50522764801,41214.97,2.3805226887353728,"simulated minute open / intraminute exit interval, not exact tick"
8,920880.0,922320.0,-1.0,0.165,47472.700000000004,47674.600000000006,3.9164977500000004,3.9331545000000006,-1.4769020063463232,-33.31350000000024,-39.686250243653916,9868.907668826692,4.0,9908.593919070348,0.7905254331721482,1633176000.0,2021-10-01T12:00:00Z,2021-10-01T12:00:00Z,2021-10-02T12:00:00Z,2021-10-02T12:00:00Z,timeout,48602.92705646991,44753.98,2.4054635610047383,"simulated minute open / intraminute exit interval, not exact tick"
9,928170.0,928752.0,-1.0,0.14100000000000001,54430.200000000004,55761.600000000006,3.8373291000000007,3.9311928000000007,-0.7756979640000001,-187.72740000000022,-194.72022393600022,9674.187444890691,1.0,9868.907668826692,0.7776603508250712,1633561980.0,2021-10-06T13:30:00Z,2021-10-06T13:30:00Z,2021-10-06T23:12:00Z,2021-10-06T23:13:00Z,stop,55750.42978779208,51430.03,2.2724604669141866,"simulated minute open / intraminute exit interval, not exact tick"
10,928875.0,930315.0,-1.0,0.138,54626.8,54241.0,3.769249200000001,3.7426290000000004,-7.1178498610903045,53.240400000000406,52.84637166109071,9727.033816551782,4.0,9674.187444890691,0.7792384055966758,1633655700.0,2021-10-07T01:15:00Z,2021-10-07T01:15:00Z,2021-10-08T01:15:00Z,2021-10-08T01:15:00Z,timeout,55951.7984121271,51430.03,2.412659495091803,"simulated minute open / intraminute exit interval, not exact tick"
11,938970.0,940410.0,-1.0,0.129,58011.8,57154.3,3.7417611,3.6864523500000006,-3.707346674969474,110.6175,106.89663322496948,9833.930449776752,4.0,9727.033816551782,0.769352953956615,1634261400.0,2021-10-14T01:30:00Z,2021-10-14T01:30:00Z,2021-10-15T01:30:00Z,2021-10-15T01:30:00Z,timeout,59429.37900325595,54638.97,2.3792889089448708,"simulated minute open / intraminute exit interval, not exact tick"
12,975225.0,976267.0,-1.0,0.124,65305.200000000004,66806.7,4.0489224,4.1420154,-8.0531023748096,-186.1859999999991,-186.3238354251895,9647.606614351564,1.0,9833.930449776752,0.8234596371569657,1636412880.0,2021-11-08T05:45:00Z,2021-11-08T05:45:00Z,2021-11-08T23:07:00Z,2021-11-08T23:08:00Z,stop,66793.32660244317,61814.29,2.3458420770576556,"simulated minute open / intraminute exit interval, not exact tick"
13,986505.0,986609.0,1.0,0.128,62193.9,60762.0,3.9804096,3.8887680000000002,0.0,-183.2832000000002,-191.1523776000002,9456.454236751562,1.0,9647.606614351564,0.8251600130707717,1637033400.0,2021-11-16T01:45:00Z,2021-11-16T01:45:00Z,2021-11-16T03:29:00Z,2021-11-16T03:30:00Z,stop,60774.22986792461,65626.04,2.417561602836994,"simulated minute open / intraminute exit interval, not exact tick"
14,991065.0,992505.0,1.0,0.134,56401.200000000004,58539.200000000004,3.7788804000000007,3.9221264000000007,2.304686228708742,286.492,276.48630697129124,9732.940543722854,4.0,9456.454236751562,0.7992171918547991,1637387100.0,2021-11-19T05:45:00Z,2021-11-19T05:45:00Z,2021-11-20T05:45:00Z,2021-11-20T05:45:00Z,timeout,55074.49312381479,59782.7,2.5487920962037127,"simulated minute open / intraminute exit interval, not exact tick"
15,1001550.0,1002990.0,1.0,0.149,54210.4,54630.200000000004,4.0386748,4.0699499,2.4877159203582564,62.55020000000043,51.953859379642175,9784.894403102498,4.0,9732.940543722854,0.829898175552854,1638016200.0,2021-11-26T12:30:00Z,2021-11-26T12:30:00Z,2021-11-27T12:30:00Z,2021-11-27T12:30:00Z,timeout,52982.89662557764,57014.61,2.2844825182819575,"simulated minute open / intraminute exit interval, not exact tick"
16,1005270.0,1006175.0,-1.0,0.145,57533.0,58805.4,4.1711425,4.2633915,-2.555559177569,-184.4980000000002,-190.3769748224312,9594.517428280067,1.0,9784.894403102498,0.8525677085850727,1638207360.0,2021-11-29T02:30:00Z,2021-11-29T02:30:00Z,2021-11-29T17:35:00Z,2021-11-29T17:36:00Z,stop,58793.578257816705,54533.55,2.3794238726558614,"simulated minute open / intraminute exit interval, not exact tick"
17,1012095.0,1012099.0,-1.0,0.29,53441.0,52292.200000000004,7.748945,7.582369,0.0,333.15199999999874,317.8206859999988,9912.338114280066,2.0,9594.517428280067,1.6152860334923778,1638562800.0,2021-12-03T20:15:00Z,2021-12-03T20:15:00Z,2021-12-03T20:19:00Z,2021-12-03T20:20:00Z,target,54025.900747983775,52281.713190956696,1.982023126213315,"simulated minute open / intraminute exit interval, not exact tick"
18,1012225.0,1012552.0,-1.0,0.3,53448.600000000006,52299.700000000004,8.017290000000001,7.844955,-1.6089531144576001,344.6700000000004,330.416708114458,10242.754822394523,2.0,9912.338114280066,1.617638524345736,1638589980.0,2021-12-03T22:25:00Z,2021-12-03T22:25:00Z,2021-12-04T03:52:00Z,2021-12-04T03:53:00Z,target,54033.58392841986,52289.16639229277,1.9819922418023876,"simulated minute open / intraminute exit interval, not exact tick"
19,1012615.0,1012615.0,-1.0,0.323,50473.700000000004,49367.3,8.151502550000002,7.972818950000001,0.0,357.3672000000005,341.24287850000053,10583.997700894524,2.0,10242.754822394523,1.5916621438946763,1638593760.0,2021-12-04T04:55:00Z,2021-12-04T04:55:00Z,2021-12-04T04:55:00Z,2021-12-04T04:56:00Z,target,51036.824012617595,49357.37549211235,1.9823777407370722,"simulated minute open / intraminute exit interval, not exact tick"
20,1020635.0,1020843.0,-1.0,0.35000000000000003,47653.4,48199.4,8.339345000000002,8.434895000000001,0.0,-191.10000000000002,-207.87424000000004,10376.123460894523,1.0,10583.997700894524,1.57584028940127,1639087440.0,2021-12-09T18:35:00Z,2021-12-09T18:35:00Z,2021-12-09T22:03:00Z,2021-12-09T22:04:00Z,stop,48189.67298538435,46589.749213450385,1.9834129548541233,"simulated minute open / intraminute exit interval, not exact tick"
21,1020960.0,1020970.0,-1.0,0.34400000000000003,47529.8,48074.3,8.175125600000001,8.268779600000002,0.0,-187.30800000000002,-203.7519052,10172.371555694523,1.0,10376.123460894523,1.5757571950276748,1639095060.0,2021-12-10T00:00:00Z,2021-12-10T00:00:00Z,2021-12-10T00:10:00Z,2021-12-10T00:11:00Z,stop,48064.68203865246,46469.77175069752,1.9817981773570856,"simulated minute open / intraminute exit interval, not exact tick"
22,1026235.0,1026309.0,-1.0,0.331,47178.0,47735.3,7.807959000000001,7.9001921500000005,-1.5636998141914853,-184.46630000000098,-198.6107513358095,9973.760804358713,1.0,10172.371555694523,1.5351305164682238,1639415400.0,2021-12-13T15:55:00Z,2021-12-13T15:55:00Z,2021-12-13T17:09:00Z,2021-12-13T17:10:00Z,stop,47725.715000926735,46091.84941683707,1.9830579431367759,"simulated minute open / intraminute exit interval, not exact tick"
23,1026425.0,1026445.0,-1.0,0.271,47157.100000000006,46078.5,6.389787050000001,6.24363675,0.0,292.3006000000016,279.6671762000016,10253.427980558714,2.0,9973.760804358713,1.2813194892758104,1639423560.0,2021-12-13T19:05:00Z,2021-12-13T19:05:00Z,2021-12-13T19:25:00Z,2021-12-13T19:26:00Z,target,47704.57236148634,46069.18809961386,1.9871540134602868,"simulated minute open / intraminute exit interval, not exact tick"
24,1047930.0,1049048.0,-1.0,0.358,48016.5,47029.5,8.594953499999999,8.4182805,-3.4040647703175937,353.346,339.7368307703176,10593.16481132903,2.0,10253.427980558714,1.6765034125751292,1640779740.0,2021-12-28T17:30:00Z,2021-12-28T17:30:00Z,2021-12-29T12:08:00Z,2021-12-29T12:09:00Z,target,48520.7933395917,47020.003909041734,1.976024691829323,"simulated minute open / intraminute exit interval, not exact tick"
25,1059695.0,1059752.0,-1.0,0.449,43548.5,42745.700000000004,9.77663825,9.596409650000002,0.0,360.45719999999807,341.08415209999805,10934.248963429029,2.0,10593.16481132903,1.8458389771382047,1641421980.0,2022-01-05T21:35:00Z,2022-01-05T21:35:00Z,2022-01-05T22:32:00Z,2022-01-05T22:33:00Z,target,43958.45596557217,42737.134080821175,1.9791538294763502,"simulated minute open / intraminute exit interval, not exact tick"
26,1062260.0,1062265.0,-1.0,0.47200000000000003,40985.100000000006,41399.100000000006,9.672483600000001,9.770187600000002,0.0,-195.40800000000002,-214.85067120000002,10719.398292229029,1.0,10934.248963429029,1.7692085907959183,1641572760.0,2022-01-07T16:20:00Z,2022-01-07T16:20:00Z,2022-01-07T16:25:00Z,2022-01-07T16:26:00Z,stop,41390.76832202242,40182.07548678463,1.9795100322647436,"simulated minute open / intraminute exit interval, not exact tick"
27,1066465.0,1066481.0,-1.0,0.499,39822.3,40203.3,9.935663850000001,10.03072335,0.0,-190.119,-210.08538719999999,10509.31290502903,1.0,10719.398292229029,1.853772679983877,1641825720.0,2022-01-10T14:25:00Z,2022-01-10T14:25:00Z,2022-01-10T14:41:00Z,2022-01-10T14:42:00Z,stop,40195.19816661418,39084.55009628646,1.9784219118375748,"simulated minute open / intraminute exit interval, not exact tick"
28,1081650.0,1081655.0,-1.0,0.538,38917.700000000004,38261.3,10.468861300000002,10.292289700000001,0.0,353.14320000000083,332.3820490000008,10841.694954029032,2.0,10509.31290502903,1.9923017602778446,1642736160.0,2022-01-21T03:30:00Z,2022-01-21T03:30:00Z,2022-01-21T03:35:00Z,2022-01-21T03:36:00Z,target,39253.608806119206,38253.557567472846,1.9771510017855358,"simulated minute open / intraminute exit interval, not exact tick"
29,1081725.0,1081910.0,-1.0,0.556,38814.5,39157.4,10.790431,10.885757200000002,0.0,-190.65240000000082,-212.32858820000084,10629.366365829032,1.0,10841.694954029032,1.9905431845765076,1642751460.0,2022-01-21T04:45:00Z,2022-01-21T04:45:00Z,2022-01-21T07:50:00Z,2022-01-21T07:51:00Z,stop,39149.5180600373,38152.17836913581,1.9769729154017863,"simulated minute open / intraminute exit interval, not exact tick"
30,1082040.0,1082195.0,-1.0,0.544,38934.9,38278.200000000004,10.590292800000002,10.411670400000004,0.0,357.24479999999846,336.2428367999985,10965.60920262903,2.0,10629.366365829032,1.99264799716479,1642768560.0,2022-01-21T10:00:00Z,2022-01-21T10:00:00Z,2022-01-21T12:35:00Z,2022-01-21T12:36:00Z,target,39270.957263799515,38270.529443735744,1.9769563935407328,"simulated minute open / intraminute exit interval, not exact tick"
31,1083470.0,1083471.0,-1.0,0.633,34793.0,35097.1,11.0119845,11.10823215,0.0,-192.49529999999908,-214.61551664999908,10750.99368597903,1.0,10965.60920262903,2.0084583166359518,1642845120.0,2022-01-22T09:50:00Z,2022-01-22T09:50:00Z,2022-01-22T09:51:00Z,2022-01-22T09:52:00Z,stop,35090.02937806589,34205.821725249734,1.9768356873440573,"simulated minute open / intraminute exit interval, not exact tick"
32,1083830.0,1083849.0,-1.0,0.517,34822.6,35127.0,9.0016421,9.0803295,-1.800815170684145,-157.37480000000076,-173.65595642931663,10577.337729549714,1.0,10750.99368597903,1.6745693212971637,1642867800.0,2022-01-22T15:50:00Z,2022-01-22T15:50:00Z,2022-01-22T16:09:00Z,2022-01-22T16:10:00Z,stop,35119.88207457354,34234.8966737162,1.9769215050280793,"simulated minute open / intraminute exit interval, not exact tick"
33,1083915.0,1083963.0,-1.0,0.116,34835.4,34254.4,2.0204532000000004,1.9867552000000004,0.0,67.396,63.3887916,10640.726521149712,2.0,10577.337729549714,0.3820343552717424,1642874640.0,2022-01-22T17:15:00Z,2022-01-22T17:15:00Z,2022-01-22T18:03:00Z,2022-01-22T18:04:00Z,target,35132.79134873902,34247.507613162605,1.9768308302516164,"simulated minute open / intraminute exit interval, not exact tick"
34,1086370.0,1086419.0,-1.0,0.522,33926.1,33220.3,8.8547121,8.670498300000002,0.0,368.4275999999977,350.90238959999766,10991.62891074971,2.0,10640.726521149712,1.6643059254272168,1643022000.0,2022-01-24T10:10:00Z,2022-01-24T10:10:00Z,2022-01-24T10:59:00Z,2022-01-24T11:00:00Z,target,34285.6940798888,33213.59705331404,1.981409001244628,"simulated minute open / intraminute exit interval, not exact tick"
35,1086755.0,1086802.0,-1.0,0.534,34248.700000000004,34618.700000000004,9.144402900000001,9.243192900000002,0.0,-197.58,-215.9675958,10775.661314949712,1.0,10991.62891074971,1.663884939029712,1643044980.0,2022-01-24T16:35:00Z,2022-01-24T16:35:00Z,2022-01-24T17:22:00Z,2022-01-24T17:23:00Z,stop,34611.71342517672,33529.38772677816,1.9815032264211434,"simulated minute open / intraminute exit interval, not exact tick"
36,1100020.0,1100041.0,-1.0,0.549,36703.6,37052.0,10.075138200000001,10.170774000000002,0.0,-191.2716000000008,-211.5175122000008,10564.143802749712,1.0,10775.661314949712,1.8699804876053716,1643839320.0,2022-02-02T21:40:00Z,2022-02-02T21:40:00Z,2022-02-02T22:01:00Z,2022-02-02T22:02:00Z,stop,37044.55684670627,36028.97826512172,1.9786132509005112,"simulated minute open / intraminute exit interval, not exact tick"
37,1100135.0,1100911.0,-1.0,0.445,36896.5,36225.6,8.20947125,8.060196,1.0743580538335378,298.5505000000006,281.2064746961671,10845.350277445878,2.0,10564.143802749712,1.5542142180728702,1643891520.0,2022-02-02T23:35:00Z,2022-02-02T23:35:00Z,2022-02-03T12:31:00Z,2022-02-03T12:32:00Z,target,37239.248784710435,36218.3336459561,1.978610528456968,"simulated minute open / intraminute exit interval, not exact tick"
38,1102520.0,1102587.0,1.0,0.491,39302.3,40057.600000000006,9.64871465,9.834140800000002,1.938480167820592,370.85230000000143,349.43096438218083,11194.781241828057,2.0,10845.350277445878,1.779327435844204,1643992080.0,2022-02-04T15:20:00Z,2022-02-04T15:20:00Z,2022-02-04T16:27:00Z,2022-02-04T16:28:00Z,target,38916.579424384676,40065.66569432564,1.9790639716532286,"simulated minute open / intraminute exit interval, not exact tick"
39,1107010.0,1107044.0,1.0,0.494,44315.4,43915.9,10.9459038,10.8472273,0.0,-197.353,-219.1461311,10975.635110728057,1.0,11194.781241828057,1.955536881614416,1644259500.0,2022-02-07T18:10:00Z,2022-02-07T18:10:00Z,2022-02-07T18:44:00Z,2022-02-07T18:45:00Z,stop,43924.72574064299,45088.057945406545,1.9777549375232069,"simulated minute open / intraminute exit interval, not exact tick"
40,1107085.0,1107169.0,1.0,0.403,44341.600000000006,43941.9,8.934832400000001,8.854292850000002,0.0,-161.07910000000177,-178.86822525000179,10796.766885478055,1.0,10975.635110728057,1.6281212540068342,1644267000.0,2022-02-07T19:25:00Z,2022-02-07T19:25:00Z,2022-02-07T20:49:00Z,2022-02-07T20:50:00Z,stop,43950.69476753669,45114.30266268988,1.9767007410482629,"simulated minute open / intraminute exit interval, not exact tick"
41,1118860.0,1118901.0,1.0,0.441,44618.8,44183.4,9.838445400000001,9.7424397,1.96375977,-192.01140000000063,-213.55604487000065,10583.210840608053,1.0,10796.766885478055,1.8224799153963354,1644970920.0,2022-02-15T23:40:00Z,2022-02-15T23:40:00Z,2022-02-16T00:21:00Z,2022-02-16T00:22:00Z,stop,44192.287579618394,45462.55086642839,1.9782562619711388,"simulated minute open / intraminute exit interval, not exact tick"
42,1121270.0,1121414.0,-1.0,0.47500000000000003,41861.0,41104.200000000004,9.941987500000002,9.7622475,-1.9908833975826252,359.479999999998,341.76664839758064,10924.977489005634,2.0,10583.210840608053,1.878822533111093,1645121700.0,2022-02-17T15:50:00Z,2022-02-17T15:50:00Z,2022-02-17T18:14:00Z,2022-02-17T18:15:00Z,target,42247.67523411358,41095.89434809512,1.9786776716094046,"simulated minute open / intraminute exit interval, not exact tick"
43,1125160.0,1125380.0,-1.0,0.548,38232.0,38584.1,10.475568,10.5720434,0.0,-192.95079999999922,-213.99841139999924,10710.979077605634,1.0,10924.977489005634,1.917728070477418,1645359660.0,2022-02-20T08:40:00Z,2022-02-20T08:40:00Z,2022-02-20T12:20:00Z,2022-02-20T12:21:00Z,stop,38576.34863320123,37550.962227250035,1.977756573094858,"simulated minute open / intraminute exit interval, not exact tick"
44,1125395.0,1126011.0,-1.0,0.447,38248.4,38600.700000000004,8.548517400000001,8.62725645,1.287343420374864,-157.4781000000013,-175.94121727037617,10535.037860335256,1.0,10710.979077605634,1.596215871221917,1645397520.0,2022-02-20T12:35:00Z,2022-02-20T12:35:00Z,2022-02-20T22:51:00Z,2022-02-20T22:52:00Z,stop,38592.89634500246,37566.968605011,1.9780511604096596,"simulated minute open / intraminute exit interval, not exact tick"
45,1130590.0,1130592.0,-1.0,0.531,35244.1,35598.200000000004,9.357308549999999,9.451322100000002,0.0,-188.0271000000031,-206.8357306500031,10328.202129685254,1.0,10535.037860335256,1.776416691435074,1645672380.0,2022-02-24T03:10:00Z,2022-02-24T03:10:00Z,2022-02-24T03:12:00Z,2022-02-24T03:13:00Z,stop,35591.00721334439,34556.85367728724,1.9810666837604676,"simulated minute open / intraminute exit interval, not exact tick"
46,1130900.0,1130967.0,-1.0,0.43,35409.3,35765.0,7.612999500000001,7.689475,0.0,-152.95099999999874,-168.25347449999873,10159.948655185257,1.0,10328.202129685254,1.4742158227362272,1645694880.0,2022-02-24T08:20:00Z,2022-02-24T08:20:00Z,2022-02-24T09:27:00Z,2022-02-24T09:28:00Z,stop,35757.83327477438,34722.526747727105,1.9704668161669319,"simulated minute open / intraminute exit interval, not exact tick"
47,1130985.0,1131247.0,-1.0,0.093,35333.700000000004,35688.700000000004,1.64301705,1.6595245500000002,0.0,-33.015,-36.3175416,10123.631113585256,1.0,10159.948655185257,0.32343018764400266,1645711680.0,2022-02-24T09:45:00Z,2022-02-24T09:45:00Z,2022-02-24T14:07:00Z,2022-02-24T14:08:00Z,stop,35681.48914496744,34645.17997105429,1.979705344196941,"simulated minute open / intraminute exit interval, not exact tick"
48,1136000.0,1136005.0,-1.0,0.509,36977.5,37330.700000000004,9.41077375,9.500663150000003,0.0,-179.77880000000224,-198.69023690000225,9924.940876685254,1.0,10123.631113585256,1.8591696288442103,1645997160.0,2022-02-27T21:20:00Z,2022-02-27T21:20:00Z,2022-02-27T21:25:00Z,2022-02-27T21:26:00Z,stop,37323.178658622775,36293.3061968261,1.9792769559446124,"simulated minute open / intraminute exit interval, not exact tick"
49,1137055.0,1137077.0,1.0,0.46,39567.0,40300.100000000006,9.10041,9.269023,0.0,337.22600000000267,318.85656700000266,10243.797443685258,2.0,9924.940876685254,1.8338466925032944,1646061480.0,2022-02-28T14:55:00Z,2022-02-28T14:55:00Z,2022-02-28T15:17:00Z,2022-02-28T15:18:00Z,target,39191.677328280435,40308.168908488435,1.97475123230026,"simulated minute open / intraminute exit interval, not exact tick"
50,1143075.0,1143136.0,-1.0,0.447,40189.0,39401.9,8.9822415,8.80632465,0.0,351.83369999999934,334.04513384999933,10577.842577535257,2.0,10243.797443685258,1.7536936959910432,1646425020.0,2022-03-04T19:15:00Z,2022-03-04T19:15:00Z,2022-03-04T20:16:00Z,2022-03-04T20:17:00Z,target,40590.440537495706,39393.9591039481,1.9804698873003121,"simulated minute open / intraminute exit interval, not exact tick"
51,1149360.0,1149643.0,1.0,0.441,41206.700000000004,42033.200000000004,9.086077350000002,9.268320600000001,1.842316278540318,364.4865,344.2897857714597,10922.132363306717,2.0,10577.842577535257,1.7179452772905888,1646815440.0,2022-03-09T04:00:00Z,2022-03-09T04:00:00Z,2022-03-09T08:43:00Z,2022-03-09T08:44:00Z,target,40785.049653153874,42041.63287958221,1.9801546134785897,"simulated minute open / intraminute exit interval, not exact tick"
52,1150845.0,1150914.0,-1.0,0.467,39546.200000000004,38735.3,9.234037700000002,9.044692550000002,0.0,378.6903000000007,360.41156975000075,11282.543933056717,2.0,10922.132363306717,1.6908855144480892,1646891700.0,2022-03-10T04:45:00Z,2022-03-10T04:45:00Z,2022-03-10T05:54:00Z,2022-03-10T05:55:00Z,target,39958.19117016166,38727.5051455884,1.9871660212774935,"simulated minute open / intraminute exit interval, not exact tick"
53,1168110.0,1168201.0,1.0,0.46900000000000003,43096.8,42668.0,10.106199600000002,10.005646,0.0,-201.10720000000137,-221.21904560000138,11061.324887456714,1.0,11282.543933056717,1.7914753374706311,1647928920.0,2022-03-22T04:30:00Z,2022-03-22T04:30:00Z,2022-03-22T06:01:00Z,2022-03-22T06:02:00Z,stop,42676.568104125465,43928.39412636816,1.9788934027426448,"simulated minute open / intraminute exit interval, not exact tick"
54,1176360.0,1176512.0,1.0,0.46,46567.700000000004,47379.600000000006,10.710571000000002,10.897308000000002,2.15416631704056,373.4740000000007,349.7119546829601,11411.036842139674,2.0,11061.324887456714,1.936580131037565,1648427580.0,2022-03-27T22:00:00Z,2022-03-27T22:00:00Z,2022-03-28T00:32:00Z,2022-03-28T00:33:00Z,target,46152.20373913887,47389.12478035424,1.976972737737285,"simulated minute open / intraminute exit interval, not exact tick"
55,1190475.0,1190507.0,-1.0,0.561,43547.3,43901.5,12.215017650000002,12.314370750000002,0.0,-198.70619999999838,-223.23558839999836,11187.801253739675,1.0,11411.036842139674,2.14091284060907,1649267280.0,2022-04-06T17:15:00Z,2022-04-06T17:15:00Z,2022-04-06T17:47:00Z,2022-04-06T17:48:00Z,stop,43892.6886941087,42865.08460636603,1.9752105534157467,"simulated minute open / intraminute exit interval, not exact tick"
56,1190535.0,1190645.0,-1.0,0.457,43662.200000000004,44017.4,9.976812700000002,10.0579759,0.0,-162.32639999999867,-182.36118859999868,11005.440065139675,1.0,11187.801253739675,1.7835162555582789,1649275560.0,2022-04-06T18:15:00Z,2022-04-06T18:15:00Z,2022-04-06T20:05:00Z,2022-04-06T20:06:00Z,stop,44008.50000573888,42978.16198310567,1.9752757885026644,"simulated minute open / intraminute exit interval, not exact tick"
57,1190790.0,1190931.0,-1.0,0.099,43692.700000000004,43016.9,2.1627886500000004,2.12933655,-0.42734784207258003,66.90420000000029,63.03942264207287,11068.47948778175,2.0,11005.440065139675,0.39303992156583545,1649292720.0,2022-04-06T22:30:00Z,2022-04-06T22:30:00Z,2022-04-07T00:51:00Z,2022-04-07T00:52:00Z,target,44039.24191178519,43008.27658474389,1.975009059453611,"simulated minute open / intraminute exit interval, not exact tick"
58,1197705.0,1197846.0,-1.0,0.5720000000000001,40300.8,39657.100000000006,11.526028800000002,11.341930600000003,0.0,368.1963999999984,345.3284405999984,11413.807928381746,2.0,11068.47948778175,2.082676091639024,1649707620.0,2022-04-11T17:45:00Z,2022-04-11T17:45:00Z,2022-04-11T20:06:00Z,2022-04-11T20:07:00Z,target,40630.662767168564,39649.14023137022,1.9755481172471354,"simulated minute open / intraminute exit interval, not exact tick"
59,1219200.0,1219223.0,-1.0,0.62,38539.200000000004,38860.5,11.947152000000003,12.046755,0.0,-199.2059999999973,-223.1999069999973,11190.608021381748,1.0,11413.807928381746,2.0934559395014936,1650990240.0,2022-04-26T16:00:00Z,2022-04-26T16:00:00Z,2022-04-26T16:23:00Z,2022-04-26T16:24:00Z,stop,38852.68871965847,37919.797292740746,1.9758373058337455,"simulated minute open / intraminute exit interval, not exact tick"
60,1230750.0,1230790.0,1.0,0.596,39324.5,38996.9,11.718701,11.6210762,0.0,-195.24959999999913,-218.58937719999915,10972.01864418175,1.0,11190.608021381748,2.0943814630285025,1651684260.0,2022-05-04T16:30:00Z,2022-05-04T16:30:00Z,2022-05-04T17:10:00Z,2022-05-04T17:11:00Z,stop,39004.7803878818,39957.94328680749,1.9812462632830354,"simulated minute open / intraminute exit interval, not exact tick"
61,1230900.0,1232011.0,1.0,0.484,39624.100000000006,39294.0,9.589032200000002,9.509148,3.8370751900910443,-159.7684000000028,-182.70365539009384,10789.314988791655,1.0,10972.01864418175,1.7479066543666293,1651757520.0,2022-05-04T19:00:00Z,2022-05-04T19:00:00Z,2022-05-05T13:31:00Z,2022-05-05T13:32:00Z,stop,39301.944552822475,40259.26454912452,1.9716089070953782,"simulated minute open / intraminute exit interval, not exact tick"
62,1232115.0,1232153.0,-1.0,0.524,37210.700000000004,36616.4,9.749203400000003,9.5934968,0.0,311.41320000000155,292.0704998000015,11081.385488591655,2.0,10789.314988791655,1.807195991613525,1651766040.0,2022-05-05T15:15:00Z,2022-05-05T15:15:00Z,2022-05-05T15:53:00Z,2022-05-05T15:54:00Z,target,37515.152532672495,36609.07384320864,1.9760918114567037,"simulated minute open / intraminute exit interval, not exact tick"
63,1236555.0,1236621.0,-1.0,0.678,33997.6,34283.3,11.5251864,11.622038700000001,0.0,-193.70460000000298,-216.85182510000297,10864.533663491653,1.0,11081.385488591655,2.0800984519246697,1652034120.0,2022-05-08T17:15:00Z,2022-05-08T17:15:00Z,2022-05-08T18:21:00Z,2022-05-08T18:22:00Z,stop,34276.378276785596,33446.92864727019,1.9753022332988919,"simulated minute open / intraminute exit interval, not exact tick"
64,1236945.0,1237108.0,-1.0,0.554,34021.4,33476.9,9.423927800000001,9.273101300000002,-1.8853635276726382,301.653,284.8413344276727,11149.374997919324,2.0,10864.533663491653,1.7348057619200807,1652063340.0,2022-05-08T23:45:00Z,2022-05-08T23:45:00Z,2022-05-09T02:28:00Z,2022-05-09T02:29:00Z,target,34300.37343535525,33470.14161010685,1.976024667693447,"simulated minute open / intraminute exit interval, not exact tick"
65,1237860.0,1237963.0,-1.0,0.71,32448.100000000002,31924.600000000002,11.519075500000001,11.333233,-2.2966931378234703,371.685,351.1293846378235,11500.504382557147,2.0,11149.374997919324,2.066317708777339,1652114640.0,2022-05-09T15:00:00Z,2022-05-09T15:00:00Z,2022-05-09T16:43:00Z,2022-05-09T16:44:00Z,target,32716.277274294356,31918.138008924187,1.9761629409885217,"simulated minute open / intraminute exit interval, not exact tick"
66,1238565.0,1238573.0,1.0,0.75,31362.800000000003,31094.2,11.761050000000001,11.660325,0.0,-201.45000000000164,-224.87137500000165,11275.633007557146,1.0,11500.504382557147,2.045310294014239,1652151240.0,2022-05-10T02:45:00Z,2022-05-10T02:45:00Z,2022-05-10T02:53:00Z,2022-05-10T02:54:00Z,stop,31100.42801255091,31881.138566993224,1.9755865404411357,"simulated minute open / intraminute exit interval, not exact tick"
67,1238715.0,1238746.0,1.0,0.612,31446.300000000003,31959.600000000002,9.6225678,9.779637600000001,0.0,314.1395999999996,294.73739459999956,11570.370402157147,2.0,11275.633007557146,1.7067898172192675,1652161620.0,2022-05-10T05:15:00Z,2022-05-10T05:15:00Z,2022-05-10T05:46:00Z,2022-05-10T05:47:00Z,target,31183.229476037843,31966.035640019356,1.9756513659968618,"simulated minute open / intraminute exit interval, not exact tick"
68,1239075.0,1239157.0,1.0,0.754,31398.5,31911.0,11.837234500000001,12.030447,0.0,386.425,362.5573185,11932.927720657146,2.0,11570.370402157147,2.0461288772212685,1652186280.0,2022-05-10T11:15:00Z,2022-05-10T11:15:00Z,2022-05-10T12:37:00Z,2022-05-10T12:38:00Z,target,31135.82935682017,31917.435878454697,1.9756142984711882,"simulated minute open / intraminute exit interval, not exact tick"
69,1240620.0,1240622.0,-1.0,0.778,29288.7,29560.100000000002,11.3933043,11.498878900000001,0.0,-211.14920000000114,-234.04138320000115,11698.886337457145,1.0,11932.927720657146,1.909557246421094,1652274180.0,2022-05-11T13:00:00Z,2022-05-11T13:00:00Z,2022-05-11T13:02:00Z,2022-05-11T13:03:00Z,stop,29554.0943396401,28767.73009428118,1.9630030784579082,"simulated minute open / intraminute exit interval, not exact tick"
70,1240905.0,1240908.0,-1.0,0.629,29530.9,29804.5,9.287468050000001,9.37351525,0.0,-172.0943999999991,-190.7553832999991,11508.130954157145,1.0,11698.886337457145,1.5877525060250672,1652291340.0,2022-05-11T17:45:00Z,2022-05-11T17:45:00Z,2022-05-11T17:48:00Z,2022-05-11T17:49:00Z,stop,29798.488991811784,29001.613280513262,1.977983906972625,"simulated minute open / intraminute exit interval, not exact tick"
71,1241025.0,1241034.0,-1.0,0.137,29291.300000000003,29562.7,2.0064540500000003,2.0250449500000003,0.0,-37.181799999999704,-41.21329899999971,11466.917655157144,1.0,11508.130954157145,0.34870198436092664,1652298900.0,2022-05-11T19:45:00Z,2022-05-11T19:45:00Z,2022-05-11T19:54:00Z,2022-05-11T19:55:00Z,stop,29556.717899077124,28770.872101820823,1.9607867441824767,"simulated minute open / intraminute exit interval, not exact tick"
72,1241595.0,1241597.0,-1.0,0.776,26931.300000000003,27194.100000000002,10.449344400000003,10.551310800000001,0.0,-203.93279999999945,-224.93345519999946,11241.984199957144,1.0,11466.917655157144,1.8225201774777728,1652332680.0,2022-05-12T05:15:00Z,2022-05-12T05:15:00Z,2022-05-12T05:17:00Z,2022-05-12T05:18:00Z,stop,27188.585990410797,26423.39809268137,1.974075255740474,"simulated minute open / intraminute exit interval, not exact tick"
73,1241805.0,1241811.0,-1.0,0.618,27572.2,27841.2,8.5198098,8.602930800000001,0.0,-166.242,-183.36474059999998,11058.619459357144,1.0,11241.984199957144,1.5157128223027532,1652345520.0,2022-05-12T08:45:00Z,2022-05-12T08:45:00Z,2022-05-12T08:51:00Z,2022-05-12T08:52:00Z,stop,27835.60877658355,27051.954431019647,1.9750502459637693,"simulated minute open / intraminute exit interval, not exact tick"
74,1243035.0,1243134.0,1.0,0.598,30682.5,30350.0,9.1740675,9.07465,0.0,-198.83499999999998,-217.08371749999998,10841.535741857144,1.0,11058.619459357144,1.659170483931871,1652424900.0,2022-05-13T05:15:00Z,2022-05-13T05:15:00Z,2022-05-13T06:54:00Z,2022-05-13T06:55:00Z,stop,30356.151965240457,31328.76205223764,1.98028479844781,"simulated minute open / intraminute exit interval, not exact tick"
75,1243440.0,1243534.0,1.0,0.488,30658.300000000003,30326.100000000002,7.4806252,7.399568400000001,0.0,-162.11360000000036,-176.99379360000034,10664.541948257143,1.0,10841.535741857144,1.3799936426199666,1652448900.0,2022-05-13T12:00:00Z,2022-05-13T12:00:00Z,2022-05-13T13:34:00Z,2022-05-13T13:35:00Z,stop,30332.209363511174,31302.515346819673,1.9755714354642058,"simulated minute open / intraminute exit interval, not exact tick"
76,1248045.0,1248082.0,-1.0,0.509,29202.600000000002,29585.800000000003,7.432061700000001,7.5295861,0.0,-195.04880000000037,-210.01044780000035,10454.531500457144,1.0,10664.541948257143,1.393789200897576,1652721780.0,2022-05-16T16:45:00Z,2022-05-16T16:45:00Z,2022-05-16T17:22:00Z,2022-05-16T17:23:00Z,stop,29579.84062713295,28453.37923080142,1.986055359129003,"simulated minute open / intraminute exit interval, not exact tick"
77,1268430.0,1268480.0,1.0,0.547,31295.4,31957.7,8.5592919,8.740430950000002,0.0,362.27809999999965,344.97837714999963,10799.509877607145,2.0,10454.531500457144,1.637431940326686,1653945660.0,2022-05-30T20:30:00Z,2022-05-30T20:30:00Z,2022-05-30T21:20:00Z,2022-05-30T21:21:00Z,target,30957.833483530158,31964.09712356938,1.9809343964632082,"simulated minute open / intraminute exit interval, not exact tick"
78,1271310.0,1272344.0,-1.0,0.329,29597.7,30217.0,4.868821650000001,4.9706965,-0.08090459134800002,-203.74969999999976,-213.50831355865176,10586.001564048494,1.0,10799.509877607145,0.9016745584159398,1654177500.0,2022-06-01T20:30:00Z,2022-06-01T20:30:00Z,2022-06-02T13:44:00Z,2022-06-02T13:45:00Z,stop,30210.94985376108,28376.951658352722,1.9906214965407552,"simulated minute open / intraminute exit interval, not exact tick"
79,1277475.0,1278753.0,1.0,0.333,31101.4,30503.300000000003,5.178383100000001,5.078799450000001,3.10021362863442,-199.16729999999953,-212.52469617863392,10373.476867869862,1.0,10586.001564048494,0.9783454250727671,1654562040.0,2022-06-06T03:15:00Z,2022-06-06T03:15:00Z,2022-06-07T00:33:00Z,2022-06-07T00:34:00Z,stop,30509.492272436844,32278.57185133636,1.9887759468569441,"simulated minute open / intraminute exit interval, not exact tick"
80,1278825.0,1279867.0,-1.0,0.176,29766.300000000003,30337.300000000003,2.6194344000000003,2.6696824,0.7274075177599999,-100.496,-106.51252431776,10266.964343552101,1.0,10373.476867869862,0.505025351357994,1654628880.0,2022-06-07T01:45:00Z,2022-06-07T01:45:00Z,2022-06-07T19:07:00Z,2022-06-07T19:08:00Z,stop,30331.2109881105,28642.250285301023,1.9897819981492693,"simulated minute open / intraminute exit interval, not exact tick"
81,1279920.0,1280089.0,1.0,0.034,31056.7,30471.300000000003,0.5279639,0.5180121000000001,0.0,-19.903599999999926,-20.949575999999926,10246.014767552102,1.0,10266.964343552101,0.10284712838835834,1654642200.0,2022-06-07T20:00:00Z,2022-06-07T20:00:00Z,2022-06-07T22:49:00Z,2022-06-07T22:50:00Z,stop,30477.405929413875,32208.85684658927,1.9888980486603736,"simulated minute open / intraminute exit interval, not exact tick"
82,1286070.0,1287341.0,-1.0,0.365,27874.100000000002,26843.4,5.0870232500000006,4.8989205,-0.10177769485852439,376.20550000000026,366.3213339448588,10612.336101496961,2.0,10246.014767552102,0.992975974641378,1655077320.0,2022-06-12T02:30:00Z,2022-06-12T02:30:00Z,2022-06-12T23:41:00Z,2022-06-12T23:42:00Z,target,28394.842378232457,26838.00600576109,1.9896479287045978,"simulated minute open / intraminute exit interval, not exact tick"
83,1287420.0,1287541.0,-1.0,0.395,26285.9,25296.100000000002,5.19146525,4.995979750000001,0.0,390.9709999999997,380.7835549999997,10993.119656496961,2.0,10612.336101496961,0.9783831194844459,1655089320.0,2022-06-13T01:00:00Z,2022-06-13T01:00:00Z,2022-06-13T03:01:00Z,2022-06-13T03:02:00Z,target,26785.93799486835,25291.0185613213,1.9896116872891554,"simulated minute open / intraminute exit interval, not exact tick"
84,1288170.0,1288173.0,-1.0,0.432,23398.300000000003,23878.5,5.054032800000001,5.157756,0.0,-207.44639999999873,-217.65818879999873,10775.461467696961,1.0,10993.119656496961,0.9194901825730706,1655127240.0,2022-06-13T13:30:00Z,2022-06-13T13:30:00Z,2022-06-13T13:33:00Z,2022-06-13T13:34:00Z,stop,23873.718316870436,22451.684563474806,1.9911210883849408,"simulated minute open / intraminute exit interval, not exact tick"
85,1288215.0,1288331.0,-1.0,0.423,23409.2,23889.7,4.9510458,5.05267155,0.057054798360000006,-203.2515,-213.31227214836002,10562.1491955486,1.0,10775.461467696961,0.9189482631147465,1655136720.0,2022-06-13T14:15:00Z,2022-06-13T14:15:00Z,2022-06-13T16:11:00Z,2022-06-13T16:12:00Z,stop,23884.83978850102,22462.333492814352,1.9907218236928912,"simulated minute open / intraminute exit interval, not exact tick"
86,1290090.0,1290204.0,-1.0,0.41400000000000003,21538.100000000002,22022.4,4.458386700000001,4.558636800000001,0.0,-200.50019999999972,-209.51722349999972,10352.6319720486,1.0,10562.1491955486,0.8442196029344067,1655249100.0,2022-06-14T21:30:00Z,2022-06-14T21:30:00Z,2022-06-14T23:24:00Z,2022-06-14T23:25:00Z,stop,22017.938719221795,20582.530965594597,1.9914379480571294,"simulated minute open / intraminute exit interval, not exact tick"
87,1290465.0,1290721.0,-1.0,0.405,21532.0,20580.5,4.3602300000000005,4.167551250000001,0.6073671114,385.3575,376.22235163860006,10728.8543236872,2.0,10352.6319720486,0.8423423167697497,1655280120.0,2022-06-15T03:45:00Z,2022-06-15T03:45:00Z,2022-06-15T08:01:00Z,2022-06-15T08:02:00Z,target,22011.7028197605,20576.32058739735,1.992232218021548,"simulated minute open / intraminute exit interval, not exact tick"
88,1291545.0,1292226.0,1.0,0.385,22008.4,21478.7,4.236617,4.13464975,0.01734154389924325,-203.9345000000003,-212.32310829389954,10516.531215393297,1.0,10728.8543236872,0.7897613057614891,1655370420.0,2022-06-15T21:45:00Z,2022-06-15T21:45:00Z,2022-06-16T09:06:00Z,2022-06-16T09:07:00Z,stop,21483.05974776336,23054.36567457788,1.9910251881988223,"simulated minute open / intraminute exit interval, not exact tick"
89,1293060.0,1293235.0,-1.0,0.02,20352.5,20858.0,0.203525,0.20858000000000002,0.00905985799479288,-10.11,-10.531164857994792,10506.000050535302,1.0,10516.531215393297,0.03870572831126971,1655430960.0,2022-06-16T23:00:00Z,2022-06-16T23:00:00Z,2022-06-17T01:55:00Z,2022-06-17T01:56:00Z,stop,20853.744716148653,19353.908616754532,1.9922232615601614,"simulated minute open / intraminute exit interval, not exact tick"
90,1293360.0,1293453.0,-1.0,0.396,20365.0,20870.800000000003,4.0322700000000005,4.132418400000001,0.0,-200.29680000000116,-208.46148840000117,10297.538562135302,1.0,10506.000050535302,0.7676127889975686,1655444040.0,2022-06-17T04:00:00Z,2022-06-17T04:00:00Z,2022-06-17T05:33:00Z,2022-06-17T05:34:00Z,stop,20866.552568203773,19365.697838277174,1.992417595032274,"simulated minute open / intraminute exit interval, not exact tick"
91,1294980.0,1295658.0,-1.0,0.374,19415.4,18377.4,3.6306798000000002,3.4365738,-0.6997157705418893,388.212,381.8444621705419,10679.383024305842,2.0,10297.538562135302,0.7051548830028642,1655576340.0,2022-06-18T07:00:00Z,2022-06-18T07:00:00Z,2022-06-18T18:18:00Z,2022-06-18T18:19:00Z,target,19938.3559455459,18373.651079935284,1.9920395378185567,"simulated minute open / intraminute exit interval, not exact tick"
92,1295775.0,1295844.0,-1.0,0.41000000000000003,17896.4,18395.5,3.6687620000000005,3.7710775000000005,0.0,-204.63099999999943,-212.0708394999994,10467.312184805844,1.0,10679.383024305842,0.6870737741403314,1655587500.0,2022-06-18T20:15:00Z,2022-06-18T20:15:00Z,2022-06-18T21:24:00Z,2022-06-18T21:25:00Z,stop,18391.795586378594,16909.009521895267,1.9931353957403906,"simulated minute open / intraminute exit interval, not exact tick"
93,1296630.0,1296839.0,1.0,0.359,19701.9,19143.0,3.53649105,3.4361685,0.0,-200.64510000000053,-207.61775955000053,10259.694425255844,1.0,10467.312184805844,0.6757209468030398,1655647200.0,2022-06-19T10:30:00Z,2022-06-19T10:30:00Z,2022-06-19T13:59:00Z,2022-06-19T14:00:00Z,stop,19146.881222578915,20807.817822407036,1.9925773098087196,"simulated minute open / intraminute exit interval, not exact tick"
94,1296945.0,1297347.0,1.0,0.289,19704.0,20805.7,2.847228,3.00642365,0.414571065573,318.3913000000002,312.1230772844272,10571.81750254027,2.0,10259.694425255844,0.5550317352515104,1655677680.0,2022-06-19T15:45:00Z,2022-06-19T15:45:00Z,2022-06-19T22:27:00Z,2022-06-19T22:28:00Z,target,19148.922063846374,20809.930505707107,1.9923877957941865,"simulated minute open / intraminute exit interval, not exact tick"
95,1319055.0,1319563.0,1.0,0.405,20348.100000000002,19851.2,4.1204902500000005,4.019868000000001,0.81843317311311,-201.2445000000006,-210.2032914231137,10361.614211117158,1.0,10571.81750254027,0.7795235301801039,1657010640.0,2022-07-05T00:15:00Z,2022-07-05T00:15:00Z,2022-07-05T08:43:00Z,2022-07-05T08:44:00Z,stop,19855.18223841464,21329.63688419976,1.991279196438089,"simulated minute open / intraminute exit interval, not exact tick"
96,1323120.0,1324124.0,1.0,0.388,21802.300000000003,21295.800000000003,4.229646200000001,4.1313852,0.8632936912241828,-196.52200000000002,-205.7463250912242,10155.867886025935,1.0,10361.614211117158,0.8164068095609929,1657284300.0,2022-07-07T20:00:00Z,2022-07-07T20:00:00Z,2022-07-08T12:44:00Z,2022-07-08T12:45:00Z,stop,21300.14413547969,22801.904438856527,1.9906258384762827,"simulated minute open / intraminute exit interval, not exact tick"
97,1340160.0,1341530.0,1.0,0.386,23121.800000000003,24095.7,4.462507400000001,4.650470100000001,2.6983656100558604,375.9253999999992,364.1140568899433,10519.98194291588,2.0,10155.867886025935,0.8788037516991001,1658328660.0,2022-07-19T16:00:00Z,2022-07-19T16:00:00Z,2022-07-20T14:50:00Z,2022-07-20T14:51:00Z,target,22629.480723244298,24100.600078310526,1.9881408763041788,"simulated minute open / intraminute exit interval, not exact tick"
98,1351860.0,1353094.0,1.0,0.40700000000000003,22549.5,23509.4,4.588823250000001,4.7841629,1.7947118268643192,390.67930000000064,379.5116020231363,10899.493544939014,2.0,10519.98194291588,0.872401354850252,1659022500.0,2022-07-27T19:00:00Z,2022-07-27T19:00:00Z,2022-07-28T15:34:00Z,2022-07-28T15:35:00Z,target,22064.754183475005,23514.19386097026,1.9901024992559437,"simulated minute open / intraminute exit interval, not exact tick"
99,1354005.0,1354297.0,1.0,0.399,24243.9,23727.7,4.836658050000001,4.73367615,0.955185951493284,-205.9638000000003,-216.48932015149362,10683.004224787519,1.0,10899.493544939014,0.8875014293202306,1659094680.0,2022-07-29T06:45:00Z,2022-07-29T06:45:00Z,2022-07-29T11:37:00Z,2022-07-29T11:38:00Z,stop,23732.49541785457,25261.49822274179,1.989810530192729,"simulated minute open / intraminute exit interval, not exact tick"
100,1371690.0,1371999.0,1.0,0.429,24130.600000000002,23662.2,5.1760137,5.0755419,0.9714003838400896,-200.94360000000063,-212.1665559838407,10470.837668803679,1.0,10683.004224787519,0.9690183755596051,1660156800.0,2022-08-10T13:30:00Z,2022-08-10T13:30:00Z,2022-08-10T18:39:00Z,2022-08-10T18:40:00Z,stop,23666.985351364267,25052.637169993806,1.9888007695767498,"simulated minute open / intraminute exit interval, not exact tick"
101,1372395.0,1373835.0,1.0,0.42,24165.800000000003,23883.100000000002,5.0748180000000005,5.0154510000000005,2.434597204368165,-118.73400000000031,-131.2588662043685,10339.578802599312,4.0,10470.837668803679,0.9693241668944357,1660266900.0,2022-08-11T01:15:00Z,2022-08-11T01:15:00Z,2022-08-12T01:15:00Z,2022-08-12T01:15:00Z,timeout,23701.509063346897,25089.293588574106,1.9890407407717485,"simulated minute open / intraminute exit interval, not exact tick"
102,1384245.0,1384985.0,-1.0,0.465,22020.7,21203.9,5.11981275,4.929906750000001,0.45778958320396484,379.81199999999967,369.3044909167957,10708.883293516108,2.0,10339.578802599312,0.9903329425204261,1660935960.0,2022-08-19T06:45:00Z,2022-08-19T06:45:00Z,2022-08-19T19:05:00Z,2022-08-19T19:06:00Z,target,22434.120578045913,21199.633553752254,1.9860318761311504,"simulated minute open / intraminute exit interval, not exact tick"
103,1385265.0,1385578.0,-1.0,0.503,20865.5,21266.2,5.24767325,5.3484493,-0.11208169429,-201.55210000000037,-212.03614085571036,10496.847152660397,1.0,10708.883293516108,0.9800598449284251,1660971540.0,2022-08-19T23:45:00Z,2022-08-19T23:45:00Z,2022-08-20T04:58:00Z,2022-08-20T04:59:00Z,stop,21261.87656772545,20076.787291897173,1.9898065938376395,"simulated minute open / intraminute exit interval, not exact tick"
104,1395315.0,1396755.0,-1.0,0.47700000000000004,20319.300000000003,20015.100000000002,4.846153050000001,4.773601350000001,1.2974240615881212,145.10340000000036,134.18622153841224,10631.033374198809,4.0,10496.847152660397,0.9233540280276934,1661642100.0,2022-08-26T23:15:00Z,2022-08-26T23:15:00Z,2022-08-27T23:15:00Z,2022-08-27T23:15:00Z,timeout,20730.62948681618,19500.575031387907,1.9904358789088863,"simulated minute open / intraminute exit interval, not exact tick"
105,1410930.0,1412370.0,-1.0,0.523,18903.600000000002,19098.600000000002,4.9432914000000014,4.9942839,0.9200048505640972,-101.985,-112.8425801505641,10518.190794048243,4.0,10631.033374198809,0.9299738277554875,1662579000.0,2022-09-06T19:30:00Z,2022-09-06T19:30:00Z,2022-09-07T19:30:00Z,2022-09-07T19:30:00Z,timeout,19282.847495266527,17390.105073742077,3.9907842375973384,"simulated minute open / intraminute exit interval, not exact tick"
106,1414335.0,1415775.0,1.0,0.47800000000000004,20224.0,21340.7,4.8335360000000005,5.100427300000001,3.0225448741638283,533.7826000000003,520.8260918258366,11039.01688587408,4.0,10518.190794048243,0.9190812554446292,1662783300.0,2022-09-09T04:15:00Z,2022-09-09T04:15:00Z,2022-09-10T04:15:00Z,2022-09-10T04:15:00Z,timeout,19812.787007580602,21864.41850977473,3.9892185801893465,"simulated minute open / intraminute exit interval, not exact tick"
107,1420725.0,1422165.0,-1.0,0.482,21094.100000000002,20242.800000000003,5.0836781,4.878514800000001,-0.6904189270741183,410.32659999999964,401.0548260270738,11440.071711901155,4.0,11039.01688587408,0.9210381961649603,1663166700.0,2022-09-13T14:45:00Z,2022-09-13T14:45:00Z,2022-09-14T14:45:00Z,2022-09-14T14:45:00Z,timeout,21521.54726383505,19388.17051230988,3.9909706577240636,"simulated minute open / intraminute exit interval, not exact tick"
108,1428630.0,1429311.0,-1.0,0.577,18788.4,19161.8,5.4204534,5.5281793,0.9893889647879999,-215.4517999999987,-227.38982166478672,11212.681890236368,1.0,11440.071711901155,0.9476257730729222,1663595520.0,2022-09-19T02:30:00Z,2022-09-19T02:30:00Z,2022-09-19T13:51:00Z,2022-09-19T13:52:00Z,stop,19157.87451144184,17314.003045726655,3.990524132556945,"simulated minute open / intraminute exit interval, not exact tick"
109,1429665.0,1430646.0,1.0,0.455,19506.2,19125.4,4.4376605,4.351028500000001,1.209711304165,-173.26399999999967,-183.2624003041647,11029.419489932203,1.0,11212.681890236368,0.7915431015418652,1663675620.0,2022-09-19T19:45:00Z,2022-09-19T19:45:00Z,2022-09-20T12:06:00Z,2022-09-20T12:07:00Z,stop,19129.24612743881,21009.706293068422,3.988568370057973,"simulated minute open / intraminute exit interval, not exact tick"
110,1440180.0,1440972.0,1.0,0.522,20088.0,19689.800000000003,5.242968,5.139037800000001,1.939227351372,-207.8603999999985,-220.1816331513705,10809.23785678083,1.0,11029.419489932203,0.950724198093263,1664295180.0,2022-09-27T03:00:00Z,2022-09-27T03:00:00Z,2022-09-27T16:12:00Z,2022-09-27T16:13:00Z,stop,19693.8309713141,21660.254312071844,3.9887819631935484,"simulated minute open / intraminute exit interval, not exact tick"
111,1441020.0,1442361.0,-1.0,0.44,19098.2,19476.9,4.201604000000001,4.284918,-0.0072751040634493475,-166.62800000000033,-175.1072468959369,10634.130609884895,1.0,10809.23785678083,0.7774098517712345,1664378520.0,2022-09-27T17:00:00Z,2022-09-27T17:00:00Z,2022-09-28T15:21:00Z,2022-09-28T15:22:00Z,stop,19472.9572869595,17602.76473882794,3.990410095304368,"simulated minute open / intraminute exit interval, not exact tick"
112,1481400.0,1482840.0,1.0,0.592,20112.800000000003,20807.0,5.953388800000001,6.158872,1.7036374894874216,410.96639999999826,397.1505017105108,11031.281111595403,4.0,10634.130609884895,1.1196756967543848,1666807200.0,2022-10-25T18:00:00Z,2022-10-25T18:00:00Z,2022-10-26T18:00:00Z,2022-10-26T18:00:00Z,timeout,19782.023103404856,21431.431292087258,3.9864673308825243,"simulated minute open / intraminute exit interval, not exact tick"
113,1496220.0,1497660.0,1.0,0.619,21430.800000000003,21310.4,6.6328326,6.595568800000001,2.774151577061052,-74.5276000000009,-90.53015297706195,10940.750958618342,4.0,11031.281111595403,1.202549827694623,1667696400.0,2022-11-05T01:00:00Z,2022-11-05T01:00:00Z,2022-11-06T01:00:00Z,2022-11-06T01:00:00Z,timeout,21104.863762541827,22729.9833588849,3.986004652371927,"simulated minute open / intraminute exit interval, not exact tick"
114,1500735.0,1501448.0,-1.0,0.6960000000000001,19736.100000000002,20026.600000000002,6.868162800000001,6.969256800000001,-1.1745995196084522,-202.18800000000002,-214.85082008039157,10725.900138537952,1.0,10940.750958618342,1.2555194476097187,1667923740.0,2022-11-08T04:15:00Z,2022-11-08T04:15:00Z,2022-11-08T16:08:00Z,2022-11-08T16:09:00Z,stop,20022.559906126644,18591.955870990307,3.99408121185335,"simulated minute open / intraminute exit interval, not exact tick"
115,1501485.0,1501502.0,1.0,0.538,20565.600000000002,20259.600000000002,5.5321464,5.449832400000001,0.0,-164.62800000000001,-175.6099788,10550.290159737951,1.0,10725.900138537952,1.0315491154207386,1667926980.0,2022-11-08T16:45:00Z,2022-11-08T16:45:00Z,2022-11-08T17:02:00Z,2022-11-08T17:03:00Z,stop,20263.667254483167,21768.884333774822,3.985272719310685,"simulated minute open / intraminute exit interval, not exact tick"
116,1501575.0,1501644.0,-1.0,0.123,19001.9,17895.0,1.16861685,1.1005425,0.0,136.1487000000002,133.8795406500002,10684.16970038795,2.0,10550.290159737951,0.22153264645927545,1667935500.0,2022-11-08T18:15:00Z,2022-11-08T18:15:00Z,2022-11-08T19:24:00Z,2022-11-08T19:25:00Z,target,19280.875368432546,17891.363789301395,3.980767968649991,"simulated minute open / intraminute exit interval, not exact tick"
117,1502535.0,1502558.0,-1.0,0.705,17383.3,17665.100000000002,6.12761325,6.226947750000001,0.0,-198.66900000000203,-211.02356100000202,10473.146139387949,1.0,10684.16970038795,1.1470452869683454,1667990340.0,2022-11-09T10:15:00Z,2022-11-09T10:15:00Z,2022-11-09T10:38:00Z,2022-11-09T10:39:00Z,stop,17661.504896375784,16273.756356432557,3.988224715027055,"simulated minute open / intraminute exit interval, not exact tick"
118,1502715.0,1502805.0,-1.0,0.5700000000000001,17420.3,17702.7,4.9647855,5.045269500000001,0.0,-160.96800000000084,-170.97805500000084,10302.168084387948,1.0,10473.146139387949,0.9480981997048964,1668005160.0,2022-11-09T13:15:00Z,2022-11-09T13:15:00Z,2022-11-09T14:45:00Z,2022-11-09T14:46:00Z,stop,17699.09704983145,16308.387742609888,3.988249725247543,"simulated minute open / intraminute exit interval, not exact tick"
119,1502865.0,1503182.0,-1.0,0.121,17157.4,16064.800000000001,1.0380227,0.9719204000000001,0.6825453629280877,132.20460000000003,129.51211153707195,10431.680195925019,2.0,10302.168084387948,0.20151538811971711,1668027780.0,2022-11-09T15:45:00Z,2022-11-09T15:45:00Z,2022-11-09T21:02:00Z,2022-11-09T21:03:00Z,target,17431.989559466725,16061.568917340644,3.9907966085366087,"simulated minute open / intraminute exit interval, not exact tick"
120,1504200.0,1504418.0,1.0,0.554,17652.9,17298.0,4.8898533,4.791546,-2.3166169343100003,-196.61460000000082,-203.97938236569084,10227.700813559328,1.0,10431.680195925019,0.9375006150802341,1668101940.0,2022-11-10T14:00:00Z,2022-11-10T14:00:00Z,2022-11-10T17:38:00Z,2022-11-10T17:39:00Z,stop,17301.527814155863,19054.50211854573,3.988938723702635,"simulated minute open / intraminute exit interval, not exact tick"
121,1504620.0,1504687.0,1.0,0.336,18104.9,17740.9,3.0416232000000005,2.9804712000000007,0.0,-122.304,-128.32609440000002,10099.374719159327,1.0,10227.700813559328,0.5947814187070436,1668118080.0,2022-11-10T21:00:00Z,2022-11-10T21:00:00Z,2022-11-10T22:07:00Z,2022-11-10T22:08:00Z,stop,17744.53097918815,19542.38149661573,3.988915288493205,"simulated minute open / intraminute exit interval, not exact tick"
122,1504875.0,1504910.0,1.0,0.07200000000000001,17632.600000000002,17278.100000000002,0.6347736000000002,0.6220116000000002,0.0,-25.524000000000004,-26.780785200000004,10072.593933959326,1.0,10099.374719159327,0.12570552487685865,1668131460.0,2022-11-11T01:15:00Z,2022-11-11T01:15:00Z,2022-11-11T01:50:00Z,2022-11-11T01:51:00Z,stop,17281.631875549323,19032.69383477274,3.9892336005274287,"simulated minute open / intraminute exit interval, not exact tick"
123,1505670.0,1505686.0,-1.0,0.014,16438.4,16799.0,0.11506880000000001,0.117593,0.0,-5.04839999999998,-5.28106179999998,10067.312872159326,1.0,10072.593933959326,0.022847898119281947,1668178020.0,2022-11-11T14:30:00Z,2022-11-11T14:30:00Z,2022-11-11T14:46:00Z,2022-11-11T14:47:00Z,stop,16795.59738879142,15011.710533895504,3.9941206483387974,"simulated minute open / intraminute exit interval, not exact tick"
124,1522320.0,1523760.0,1.0,0.562,16581.3,16699.4,4.6593453,4.692531400000001,1.4010349326390517,66.37220000000123,55.61928836736218,10122.932160526687,4.0,10067.312872159326,0.9256383225925554,1669262400.0,2022-11-23T04:00:00Z,2022-11-23T04:00:00Z,2022-11-24T04:00:00Z,2022-11-24T04:00:00Z,timeout,16246.72802273997,17915.913492746415,3.989017561112583,"simulated minute open / intraminute exit interval, not exact tick"
125,1532250.0,1532300.0,-1.0,1.173,16841.100000000002,16993.3,9.877305150000002,9.966570449999999,0.0,-178.53059999999658,-198.3744755999966,9924.55768492669,1.0,10122.932160526687,1.9514711732467236,1669774860.0,2022-11-30T01:30:00Z,2022-11-30T01:30:00Z,2022-11-30T02:20:00Z,2022-11-30T02:21:00Z,stop,16989.80778008199,16546.926161496223,1.9782007258907084,"simulated minute open / intraminute exit interval, not exact tick"
126,1532400.0,1533304.0,-1.0,0.9580000000000001,16833.4,16985.5,8.063198600000002,8.1360545,-2.18895818011448,-145.71179999999862,-159.72209491988414,9764.835590006807,1.0,9924.55768492669,1.6248983291711425,1669835100.0,2022-11-30T04:00:00Z,2022-11-30T04:00:00Z,2022-11-30T19:04:00Z,2022-11-30T19:05:00Z,stop,16982.039788685543,16539.36214428911,1.9781907543810464,"simulated minute open / intraminute exit interval, not exact tick"
127,1542735.0,1544175.0,1.0,1.264,16769.5,16814.600000000002,10.598324000000002,10.626827200000001,0.3917085464463451,57.006400000002756,35.389540253556405,9800.225130260364,4.0,9764.835590006807,2.1707122259889706,1670487300.0,2022-12-07T08:15:00Z,2022-12-07T08:15:00Z,2022-12-08T08:15:00Z,2022-12-08T08:15:00Z,timeout,16638.72399192722,17027.598986725785,1.9735958493407166,"simulated minute open / intraminute exit interval, not exact tick"
128,1544835.0,1545881.0,-1.0,1.248,17211.100000000002,17347.4,10.739726400000002,10.8247776,-1.113424789200144,-170.10239999999908,-190.55347921079894,9609.671651049566,1.0,9800.225130260364,2.1917305484827527,1670589720.0,2022-12-08T19:15:00Z,2022-12-08T19:15:00Z,2022-12-09T12:41:00Z,2022-12-09T12:42:00Z,stop,17343.85085941162,16948.94583212679,1.9747832069422424,"simulated minute open / intraminute exit interval, not exact tick"
129,1553475.0,1553869.0,-1.0,1.166,17931.0,17659.2,10.453773,10.2953136,-2.0759150940321858,316.9187999999991,298.24562849403134,9907.917279543599,2.0,9609.671651049566,2.175677459043721,1671069000.0,2022-12-14T19:15:00Z,2022-12-14T19:15:00Z,2022-12-15T01:49:00Z,2022-12-15T01:50:00Z,target,18070.423060809808,17655.599449657744,1.97528693418904,"simulated minute open / intraminute exit interval, not exact tick"
130,1554720.0,1555103.0,1.0,1.22,17427.5,17286.3,10.630775,10.544643,1.101127104,-172.2640000000009,-194.5405451040009,9713.376734439598,1.0,9907.917279543599,2.1459151706784736,1671143040.0,2022-12-15T16:00:00Z,2022-12-15T16:00:00Z,2022-12-15T22:23:00Z,2022-12-15T22:24:00Z,stop,17289.798921081554,17699.346848265675,1.9741809606784246,"simulated minute open / intraminute exit interval, not exact tick"
131,1555770.0,1555817.0,1.0,1.235,17048.7,16912.0,10.52757225,10.443160000000002,0.0,-168.8245000000009,-189.7952322500009,9523.581502189598,1.0,9713.376734439598,2.167644175207084,1671185880.0,2022-12-16T09:30:00Z,2022-12-16T09:30:00Z,2022-12-16T10:17:00Z,2022-12-16T10:18:00Z,stop,16915.48149269061,17311.480753833348,1.9725544080977973,"simulated minute open / intraminute exit interval, not exact tick"
132,1556055.0,1556168.0,1.0,1.016,16954.2,16818.3,8.612733600000002,8.5436964,-0.3424371521071325,-138.07440000000148,-154.88839284789435,9368.693109341702,1.0,9523.581502189598,1.808717360799573,1671206940.0,2022-12-16T14:15:00Z,2022-12-16T14:15:00Z,2022-12-16T16:08:00Z,2022-12-16T16:09:00Z,stop,16821.71991549943,17215.605471015304,1.9731680576802322,"simulated minute open / intraminute exit interval, not exact tick"
133,1561395.0,1561858.0,-1.0,1.08,16796.4,16934.2,9.070056000000001,9.144468000000002,0.0021767745599999997,-148.82399999999922,-167.0407007745592,9201.652408567143,1.0,9368.693109341702,1.9362478617121262,1671548340.0,2022-12-20T07:15:00Z,2022-12-20T07:15:00Z,2022-12-20T14:58:00Z,2022-12-20T14:59:00Z,stop,16930.769885258236,16530.90743000015,1.975833867012874,"simulated minute open / intraminute exit interval, not exact tick"
134,1561950.0,1563390.0,-1.0,1.051,16790.100000000002,16829.7,8.823197550000001,8.84400735,-3.3813662437596994,-41.61959999999847,-55.90543865623877,9145.746969910902,4.0,9201.652408567143,1.917741978991777,1671640200.0,2022-12-20T16:30:00Z,2022-12-20T16:30:00Z,2022-12-21T16:30:00Z,2022-12-21T16:30:00Z,timeout,16924.41948575137,16524.806629029536,1.9750922175322927,"simulated minute open / intraminute exit interval, not exact tick"
135,1592475.0,1593731.0,-1.0,0.604,17439.600000000002,17544.0,5.2667592,5.298287999999999,-0.5294737748157393,-63.05759999999868,-73.09317342518294,9072.65379648572,1.0,9145.746969910902,1.151739539116357,1673460720.0,2023-01-10T21:15:00Z,2023-01-10T21:15:00Z,2023-01-11T18:11:00Z,2023-01-11T18:12:00Z,stop,17540.430555835897,17241.398416419976,1.9656896854025987,"simulated minute open / intraminute exit interval, not exact tick"
136,1594155.0,1594193.0,-1.0,1.405,18141.4,18248.600000000002,12.744333500000002,12.819641500000001,0.0,-150.61600000000104,-176.17997500000104,8896.473821485719,1.0,9072.65379648572,2.809394866348036,1673488440.0,2023-01-12T01:15:00Z,2023-01-12T01:15:00Z,2023-01-12T01:53:00Z,2023-01-12T01:54:00Z,stop,18244.916122933828,17938.025529204297,1.9646646824834495,"simulated minute open / intraminute exit interval, not exact tick"
137,1594260.0,1594889.0,-1.0,1.153,18195.9,18303.4,10.489936350000002,10.5519101,-2.09061850227482,-123.9475,-142.8987279477252,8753.575093537993,1.0,8896.473821485719,2.3582233951312124,1673530200.0,2023-01-12T03:00:00Z,2023-01-12T03:00:00Z,2023-01-12T13:29:00Z,2023-01-12T13:30:00Z,stop,18299.72710382284,17991.80470864055,1.9657226662866814,"simulated minute open / intraminute exit interval, not exact tick"
138,1594905.0,1594913.0,-1.0,0.271,18146.3,18253.5,2.4588236500000002,2.47334925,0.0,-29.0512000000002,-33.9833729000002,8719.591720637993,1.0,8753.575093537993,0.5617872980412625,1673531640.0,2023-01-12T13:45:00Z,2023-01-12T13:45:00Z,2023-01-12T13:53:00Z,2023-01-12T13:54:00Z,stop,18249.84408268348,17942.770750919262,1.965628974693761,"simulated minute open / intraminute exit interval, not exact tick"
139,1596495.0,1596559.0,-1.0,1.262,19124.7,19239.8,12.0676857,12.1403138,0.0,-145.25619999999816,-169.46419949999816,8550.127521137994,1.0,8719.591720637993,2.767947419243853,1673630400.0,2023-01-13T16:15:00Z,2023-01-13T16:15:00Z,2023-01-13T17:19:00Z,2023-01-13T17:20:00Z,stop,19235.869112473058,18906.21643478307,1.965326162605511,"simulated minute open / intraminute exit interval, not exact tick"
140,1600005.0,1600328.0,-1.0,0.908,21290.2,20982.2,9.6657508,9.525918800000001,-1.9173328000000003,279.664,262.3896632,8812.517184337994,2.0,8550.127521137994,2.2609606175121746,1673856540.0,2023-01-16T02:45:00Z,2023-01-16T02:45:00Z,2023-01-16T08:08:00Z,2023-01-16T08:09:00Z,target,21448.42674734676,20977.98259092206,1.973227752661224,"simulated minute open / intraminute exit interval, not exact tick"
141,1601010.0,1601074.0,-1.0,0.936,21291.300000000003,21453.9,9.964328400000003,10.040425200000001,0.0,-152.19359999999864,-172.19835359999865,8640.318830737995,1.0,8812.517184337994,2.2614034541025485,1673901300.0,2023-01-16T19:30:00Z,2023-01-16T19:30:00Z,2023-01-16T20:34:00Z,2023-01-16T20:35:00Z,stop,21449.534922442443,20978.967727111733,1.9738517140669984,"simulated minute open / intraminute exit interval, not exact tick"
142,1603740.0,1603958.0,1.0,0.838,20855.4,20674.600000000002,8.7384126,8.6626574,0.0,-151.51039999999938,-168.91146999999938,8471.407360737996,1.0,8640.318830737995,2.022706053140779,1674074340.0,2023-01-18T17:00:00Z,2023-01-18T17:00:00Z,2023-01-18T20:38:00Z,2023-01-18T20:39:00Z,stop,20678.78057215218,21204.469411843766,1.9763930621750816,"simulated minute open / intraminute exit interval, not exact tick"
143,1607670.0,1607767.0,-1.0,0.761,22780.4,22975.5,8.667942200000002,8.742177750000002,0.0,-148.4710999999989,-165.8812199499989,8305.526140787997,1.0,8471.407360737996,2.046399572324399,1674302880.0,2023-01-21T10:30:00Z,2023-01-21T10:30:00Z,2023-01-21T12:07:00Z,2023-01-21T12:08:00Z,stop,22970.833278038703,22404.253192501677,1.97521573630572,"simulated minute open / intraminute exit interval, not exact tick"
144,1607985.0,1608419.0,-1.0,0.61,23217.100000000002,22838.2,7.081215500000001,6.965651,-1.4026614750618502,231.12900000000087,218.4847949750627,8524.010935763059,2.0,8305.526140787997,1.70518167782882,1674342000.0,2023-01-21T15:45:00Z,2023-01-21T15:45:00Z,2023-01-21T22:59:00Z,2023-01-21T23:00:00Z,target,23411.183881738354,22833.553657006978,1.9761885405305994,"simulated minute open / intraminute exit interval, not exact tick"
145,1614180.0,1614206.0,-1.0,0.783,22925.5,23115.5,8.97533325,9.04971825,0.0,-148.77,-166.79505150000003,8357.215884263058,1.0,8524.010935763059,2.1058943536412857,1674689220.0,2023-01-25T23:00:00Z,2023-01-25T23:00:00Z,2023-01-25T23:26:00Z,2023-01-25T23:27:00Z,stop,23110.87266731309,22559.280275347894,1.9755864225310444,"simulated minute open / intraminute exit interval, not exact tick"
146,1614240.0,1614294.0,-1.0,0.763,23055.9,23247.0,8.795825850000002,8.8687305,0.0,-145.8092999999989,-163.4738563499989,8193.742027913058,1.0,8357.215884263058,2.104965570307418,1674694500.0,2023-01-26T00:00:00Z,2023-01-26T00:00:00Z,2023-01-26T00:54:00Z,2023-01-26T00:55:00Z,stop,23242.327065071815,22687.66986265597,1.975196773076823,"simulated minute open / intraminute exit interval, not exact tick"
147,1619235.0,1619350.0,-1.0,0.756,23429.4,23617.9,8.8563132,8.927566200000001,0.0,-142.506,-160.2898794,8033.452148513058,1.0,8193.742027913058,2.1617261490122113,1674997860.0,2023-01-29T11:15:00Z,2023-01-29T11:15:00Z,2023-01-29T13:10:00Z,2023-01-29T13:11:00Z,stop,23613.154123702945,23067.01018657507,1.9721452020895567,"simulated minute open / intraminute exit interval, not exact tick"
148,1619400.0,1619673.0,-1.0,0.615,23533.2,23722.600000000002,7.236459,7.294699500000001,-1.446718285494735,-116.48100000000089,-129.56544021450614,7903.886708298553,1.0,8033.452148513058,1.801581403914735,1675017240.0,2023-01-29T14:00:00Z,2023-01-29T14:00:00Z,2023-01-29T18:33:00Z,2023-01-29T18:34:00Z,stop,23717.76821531606,23168.886709080703,1.973867983148855,"simulated minute open / intraminute exit interval, not exact tick"
149,1620615.0,1620702.0,1.0,0.755,23261.9,23080.9,8.78136725,8.71303975,0.0,-136.655,-154.149407,7749.737301298553,1.0,7903.886708298553,2.222037732595573,1675078980.0,2023-01-30T10:15:00Z,2023-01-30T10:15:00Z,2023-01-30T11:42:00Z,2023-01-30T11:43:00Z,stop,23085.53129135164,23609.866147715937,1.9729471876425637,"simulated minute open / intraminute exit interval, not exact tick"
150,1620900.0,1620941.0,1.0,0.619,23286.4,23105.2,7.2071408,7.1510594,0.0,-112.16280000000044,-126.52100020000044,7623.216301098552,1.0,7749.737301298553,1.8599703499091165,1675093320.0,2023-01-30T15:00:00Z,2023-01-30T15:00:00Z,2023-01-30T15:41:00Z,2023-01-30T15:42:00Z,stop,23109.845535529377,23634.6361429864,1.9724006641833818,"simulated minute open / intraminute exit interval, not exact tick"
151,1620975.0,1621149.0,1.0,0.135,23219.9,23039.2,1.5673432500000002,1.5551460000000001,0.0,-24.3945000000001,-27.5169892500001,7595.6993118485525,1.0,7623.216301098552,0.4112026179223424,1675105800.0,2023-01-30T16:15:00Z,2023-01-30T16:15:00Z,2023-01-30T19:09:00Z,2023-01-30T19:10:00Z,stop,23043.84972990409,23567.533819733217,1.974628153332713,"simulated minute open / intraminute exit interval, not exact tick"
152,1624380.0,1624676.0,-1.0,0.71,24189.5,23839.800000000003,8.5872725,8.463129,0.0,248.28699999999793,231.2365984999979,7826.93591034855,2.0,7595.6993118485525,2.261088057186437,1675317420.0,2023-02-02T01:00:00Z,2023-02-02T01:00:00Z,2023-02-02T05:56:00Z,2023-02-02T05:57:00Z,target,24369.153536104328,23835.02014395316,1.973130413870561,"simulated minute open / intraminute exit interval, not exact tick"
153,1629795.0,1630407.0,1.0,0.771,22850.4,22675.2,8.8088292,8.7412896,1.7678027737779,-135.07920000000055,-154.39712157377843,7672.538788774772,1.0,7826.93591034855,2.2509010680292447,1675661280.0,2023-02-05T19:15:00Z,2023-02-05T19:15:00Z,2023-02-06T05:27:00Z,2023-02-06T05:28:00Z,stop,22679.76494098544,23187.001417151114,1.9726392635547776,"simulated minute open / intraminute exit interval, not exact tick"
154,1632615.0,1632627.0,-1.0,0.759,23151.100000000002,22821.5,8.78584245,8.660759250000002,0.0,250.16640000000166,232.71979830000166,7905.2585870747735,2.0,7672.538788774772,2.2902047658212,1675794480.0,2023-02-07T18:15:00Z,2023-02-07T18:15:00Z,2023-02-07T18:27:00Z,2023-02-07T18:28:00Z,target,23320.456328090993,22816.92004342113,1.9732357234347142,"simulated minute open / intraminute exit interval, not exact tick"
155,1632900.0,1633032.0,-1.0,0.78,23219.2,23393.800000000003,9.055488000000002,9.123582000000003,-1.8123004673584202,-136.1880000000017,-152.55476953264326,7752.703817542129,1.0,7905.2585870747735,2.291003614936992,1675818780.0,2023-02-07T23:00:00Z,2023-02-07T23:00:00Z,2023-02-08T01:12:00Z,2023-02-08T01:13:00Z,stop,23389.054497333185,22884.122241884634,1.9727340952184522,"simulated minute open / intraminute exit interval, not exact tick"
156,1633965.0,1634583.0,1.0,0.745,22859.800000000003,22690.100000000002,8.515275500000001,8.45206225,1.7102145500000003,-126.42650000000054,-145.10405230000055,7607.599765242128,1.0,7752.703817542129,2.196724059219802,1675911840.0,2023-02-08T16:45:00Z,2023-02-08T16:45:00Z,2023-02-09T03:03:00Z,2023-02-09T03:04:00Z,stop,22694.684673500473,23185.465646396267,1.9723526174124837,"simulated minute open / intraminute exit interval, not exact tick"
157,1634625.0,1634645.0,1.0,0.435,22545.7,22381.0,4.903689750000001,4.8678675,0.0,-71.64450000000032,-81.41605725000032,7526.183707992128,1.0,7607.599765242128,1.289155555318289,1675915560.0,2023-02-09T03:45:00Z,2023-02-09T03:45:00Z,2023-02-09T04:05:00Z,2023-02-09T04:06:00Z,stop,22385.485573925478,22861.463475038563,1.9708804180447752,"simulated minute open / intraminute exit interval, not exact tick"
158,1635480.0,1635559.0,1.0,0.096,22538.300000000003,22373.600000000002,1.0818384,1.0739328000000001,0.0,-15.81120000000007,-17.96697120000007,7508.216736792127,1.0,7526.183707992128,0.28748657805181804,1675970400.0,2023-02-09T18:00:00Z,2023-02-09T18:00:00Z,2023-02-09T19:19:00Z,2023-02-09T19:20:00Z,stop,22378.138159862174,22854.059724406707,1.9715040994469917,"simulated minute open / intraminute exit interval, not exact tick"
159,1641240.0,1641553.0,1.0,0.867,21457.300000000003,21734.2,9.301739550000002,9.4217757,0.0,240.0722999999981,221.3487847499981,7729.565521542126,2.0,7508.216736792127,2.4777493447729517,1676330040.0,2023-02-13T18:00:00Z,2023-02-13T18:00:00Z,2023-02-13T23:13:00Z,2023-02-13T23:14:00Z,target,21314.45609256452,21738.63056360431,1.969496415038743,"simulated minute open / intraminute exit interval, not exact tick"
160,1642530.0,1642541.0,-1.0,0.882,22128.600000000002,21849.600000000002,9.7587126,9.635673600000002,0.0,246.078,226.68361380000002,7956.249135342126,2.0,7729.565521542126,2.5250352229508084,1676389320.0,2023-02-14T15:30:00Z,2023-02-14T15:30:00Z,2023-02-14T15:41:00Z,2023-02-14T15:42:00Z,target,22272.540474999496,21845.16050746895,1.9691437903901041,"simulated minute open / intraminute exit interval, not exact tick"
161,1642815.0,1643739.0,-1.0,0.907,22161.100000000002,22309.800000000003,10.050058850000001,10.117494300000002,-1.0055053209391325,-134.87090000000066,-154.03294782906153,7802.216187513064,1.0,7956.249135342126,2.5263308574280434,1676461200.0,2023-02-14T20:15:00Z,2023-02-14T20:15:00Z,2023-02-15T11:39:00Z,2023-02-15T11:40:00Z,stop,22305.251878587496,21877.237700292946,1.9691890420613694,"simulated minute open / intraminute exit interval, not exact tick"
162,1644525.0,1645319.0,-1.0,0.8130000000000001,24687.600000000002,24383.2,10.0355094,9.911770800000001,-2.0020606560525813,247.4772000000012,229.5319804560538,8031.748167969118,2.0,7802.216187513064,2.5724766294123396,1676556000.0,2023-02-16T00:45:00Z,2023-02-16T00:45:00Z,2023-02-16T13:59:00Z,2023-02-16T14:00:00Z,target,24844.746221842866,24378.243902406302,1.9685875610998587,"simulated minute open / intraminute exit interval, not exact tick"
163,1645455.0,1645471.0,-1.0,0.834,24756.5,24919.100000000002,10.3234605,10.3912647,0.0,-135.6084000000018,-156.3231252000018,7875.425042769117,1.0,8031.748167969118,2.5706633933494847,1676565120.0,2023-02-16T16:15:00Z,2023-02-16T16:15:00Z,2023-02-16T16:31:00Z,2023-02-16T16:32:00Z,stop,24914.084797268784,24446.16802463262,1.969301485587221,"simulated minute open / intraminute exit interval, not exact tick"
164,1645695.0,1645708.0,-1.0,0.8170000000000001,24775.5,24470.0,10.12079175,9.995995,0.0,249.5935,229.47671325000002,8104.901756019117,2.0,7875.425042769117,2.57022108522066,1676579340.0,2023-02-16T20:15:00Z,2023-02-16T20:15:00Z,2023-02-16T20:28:00Z,2023-02-16T20:29:00Z,target,24933.20573969393,24465.02486670417,1.9686990080284301,"simulated minute open / intraminute exit interval, not exact tick"
165,1646820.0,1646824.0,-1.0,0.861,23860.7,24020.0,10.272031349999999,10.340610000000002,0.0,-137.15729999999937,-157.76994134999936,7947.131814669117,1.0,8104.901756019117,2.5347701080698384,1676646300.0,2023-02-17T15:00:00Z,2023-02-17T15:00:00Z,2023-02-17T15:04:00Z,2023-02-17T15:05:00Z,stop,24015.150351067372,23556.53715704918,1.9693243870850488,"simulated minute open / intraminute exit interval, not exact tick"
166,1649790.0,1649811.0,-1.0,0.741,25074.2,24725.9,9.2899911,9.160945950000002,0.0,258.09029999999944,239.63936294999942,8186.771177619116,2.0,7947.131814669117,2.337948159574296,1676825520.0,2023-02-19T16:30:00Z,2023-02-19T16:30:00Z,2023-02-19T16:51:00Z,2023-02-19T16:52:00Z,target,25253.359809409696,24720.907500288853,1.9719405868715265,"simulated minute open / intraminute exit interval, not exact tick"
167,1651005.0,1651104.0,-1.0,0.754,24793.4,24980.5,9.3471118,9.4176485,0.0,-141.0733999999989,-159.83816029999892,8026.933017319117,1.0,8186.771177619116,2.2834672173452235,1676903100.0,2023-02-20T12:45:00Z,2023-02-20T12:45:00Z,2023-02-20T14:24:00Z,2023-02-20T14:25:00Z,stop,24975.4855129814,24434.15553291458,1.9729437076200778,"simulated minute open / intraminute exit interval, not exact tick"
168,1651230.0,1651831.0,-1.0,0.618,24787.100000000002,24974.2,7.659213900000001,7.7170278,-1.5357238200000003,-115.6277999999991,-129.46831787999912,7897.464699439119,1.0,8026.933017319117,1.9083786755101315,1676946720.0,2023-02-20T16:30:00Z,2023-02-20T16:30:00Z,2023-02-21T02:31:00Z,2023-02-21T02:32:00Z,stop,24969.13924507414,24427.94806872909,1.9729368308720496,"simulated minute open / intraminute exit interval, not exact tick"
169,1652685.0,1652962.0,1.0,0.717,24409.0,24218.300000000003,8.750626500000001,8.68226055,0.0,-136.73189999999792,-154.16478704999793,7743.29991238912,1.0,7897.464699439119,2.216059668015097,1677014580.0,2023-02-21T16:45:00Z,2023-02-21T16:45:00Z,2023-02-21T21:22:00Z,2023-02-21T21:23:00Z,stop,24223.170144862164,24775.58357858034,1.97268398185228,"simulated minute open / intraminute exit interval, not exact tick"
170,1653030.0,1653237.0,1.0,0.299,24295.7,24105.9,3.63220715,3.60383205,0.7308576600000001,-56.75019999999978,-64.71709685999978,7678.582815529121,1.0,7743.29991238912,0.9381548412424381,1677031080.0,2023-02-21T22:30:00Z,2023-02-21T22:30:00Z,2023-02-22T01:57:00Z,2023-02-22T01:58:00Z,stop,24110.732716970284,24660.659956998003,1.9731054650317257,"simulated minute open / intraminute exit interval, not exact tick"
171,1653285.0,1653513.0,1.0,0.527,24140.5,23947.0,6.36102175,6.3100345,0.0,-101.9745,-114.64555625000001,7563.9372592791215,1.0,7678.582815529121,1.6568218127791776,1677047640.0,2023-02-22T02:45:00Z,2023-02-22T02:45:00Z,2023-02-22T06:33:00Z,2023-02-22T06:34:00Z,stop,23951.804006968578,24512.915383642354,1.973626348177627,"simulated minute open / intraminute exit interval, not exact tick"
172,1653660.0,1654032.0,1.0,0.116,23967.800000000003,23775.600000000002,1.3901324000000002,1.3789848000000002,0.0,-22.295200000000087,-25.064317200000087,7538.8729420791215,1.0,7563.9372592791215,0.36756846397546306,1677078780.0,2023-02-22T09:00:00Z,2023-02-22T09:00:00Z,2023-02-22T15:12:00Z,2023-02-22T15:13:00Z,stop,23780.453929215284,24337.617102463657,1.9739784288757032,"simulated minute open / intraminute exit interval, not exact tick"
173,1654470.0,1654712.0,1.0,0.025,23972.7,24337.600000000002,0.29965875000000003,0.30422000000000005,0.0604340236262,9.122500000000036,8.458187226373834,7547.331129305496,2.0,7538.8729420791215,0.07949696255720635,1677119580.0,2023-02-22T22:30:00Z,2023-02-22T22:30:00Z,2023-02-23T02:32:00Z,2023-02-23T02:33:00Z,target,23785.31562800504,24342.492141569437,1.973441742406255,"simulated minute open / intraminute exit interval, not exact tick"
174,1666185.0,1667625.0,-1.0,0.454,22328.600000000002,22361.800000000003,5.068592200000001,5.076128600000001,0.3955989836463031,-15.072800000000331,-25.613119783646635,7521.718009521849,4.0,7547.331129305496,1.3431482236996835,1677894300.0,2023-03-03T01:45:00Z,2023-03-03T01:45:00Z,2023-03-04T01:45:00Z,2023-03-04T01:45:00Z,timeout,22629.300480443315,21130.055671239836,3.985841083436883,"simulated minute open / intraminute exit interval, not exact tick"
175,1675875.0,1676237.0,-1.0,0.485,20934.4,19821.300000000003,5.076592000000001,4.806665250000001,0.8779125816246454,539.8534999999993,529.0923301683746,8050.810339690223,2.0,7521.718009521849,1.3498490620290393,1678411080.0,2023-03-09T19:15:00Z,2023-03-09T19:15:00Z,2023-03-10T01:17:00Z,2023-03-10T01:18:00Z,target,21214.681219454404,19817.250194575827,3.9858175570907934,"simulated minute open / intraminute exit interval, not exact tick"
176,1680165.0,1680200.0,1.0,0.488,21181.600000000002,20877.5,5.1683104,5.09411,0.0,-148.40080000000106,-158.66322040000105,7892.147119290222,1.0,8050.810339690223,1.2839230293428736,1678648860.0,2023-03-12T18:45:00Z,2023-03-12T18:45:00Z,2023-03-12T19:20:00Z,2023-03-12T19:21:00Z,stop,20881.693322257892,22376.577515556943,3.9844978596458653,"simulated minute open / intraminute exit interval, not exact tick"
177,1680285.0,1680521.0,1.0,0.395,21205.5,22397.300000000003,4.1880862500000005,4.42346675,0.8683905599103151,470.76100000000116,461.2810564400908,8353.428175730312,2.0,7892.147119290222,1.0613299997318486,1678668120.0,2023-03-12T20:45:00Z,2023-03-12T20:45:00Z,2023-03-13T00:41:00Z,2023-03-13T00:42:00Z,target,20905.254926216134,22401.83109972396,3.9845153315826027,"simulated minute open / intraminute exit interval, not exact tick"
178,1681350.0,1682230.0,1.0,0.448,23349.800000000003,24698.7,5.230355200000001,5.5325088000000004,2.7006555170922883,604.307199999999,590.8436804829068,8944.27185621322,2.0,8353.428175730312,1.252265558515496,1678770660.0,2023-03-13T14:30:00Z,2023-03-13T14:30:00Z,2023-03-14T05:10:00Z,2023-03-14T05:11:00Z,target,23010.085106089264,24703.68605552691,3.9853597230937083,"simulated minute open / intraminute exit interval, not exact tick"
179,1682685.0,1683051.0,1.0,0.422,25527.300000000003,25134.800000000003,5.386260300000001,5.303442800000001,3.2598677884919995,-165.635,-179.58457088849198,8764.687285324728,1.0,8944.27185621322,1.204404424773468,1678819920.0,2023-03-14T12:45:00Z,2023-03-14T12:45:00Z,2023-03-14T18:51:00Z,2023-03-14T18:52:00Z,stop,25139.88458724418,27071.976332569717,3.9871318530718423,"simulated minute open / intraminute exit interval, not exact tick"
180,1686360.0,1687567.0,1.0,0.388,25659.7,27307.0,4.9779818,5.297558,2.0355433911463603,639.1523999999997,626.8413168088534,9391.528602133581,2.0,8764.687285324728,1.1359177202670885,1679090880.0,2023-03-17T02:00:00Z,2023-03-17T02:00:00Z,2023-03-17T22:07:00Z,2023-03-17T22:08:00Z,target,25245.075224212964,27312.55654087164,3.986391159896802,"simulated minute open / intraminute exit interval, not exact tick"
181,1690260.0,1690358.0,1.0,0.361,28312.7,27826.9,5.1104423500000005,5.02275545,0.0,-175.37379999999973,-185.50699779999974,9206.021604333582,1.0,9391.528602133581,1.0883089572530296,1679258340.0,2023-03-19T19:00:00Z,2023-03-19T19:00:00Z,2023-03-19T20:38:00Z,2023-03-19T20:39:00Z,stop,27832.501167618368,30227.40862909252,3.9873246246688447,"simulated minute open / intraminute exit interval, not exact tick"
182,1690515.0,1690622.0,1.0,0.294,28145.600000000002,27662.7,4.1374032,4.0664169,0.82190052,-141.97260000000043,-150.99832062000044,9055.02328371358,1.0,9206.021604333582,0.8988471628292477,1679274180.0,2023-03-19T23:15:00Z,2023-03-19T23:15:00Z,2023-03-20T01:02:00Z,2023-03-20T01:03:00Z,stop,27668.23527474665,30049.078984797525,3.987473066400738,"simulated minute open / intraminute exit interval, not exact tick"
183,1691025.0,1691518.0,1.0,0.35000000000000003,28145.600000000002,27662.7,4.92548,4.840972500000001,0.89529351975,-169.01500000000053,-179.6767460197505,8875.34653769383,1.0,9055.02328371358,1.087900018735236,1679327940.0,2023-03-20T07:45:00Z,2023-03-20T07:45:00Z,2023-03-20T15:58:00Z,2023-03-20T15:59:00Z,stop,27668.23527474665,30048.972200579385,3.987249371157895,"simulated minute open / intraminute exit interval, not exact tick"
184,1694640.0,1694657.0,-1.0,0.341,26647.9,27135.5,4.543466950000001,4.62660275,0.0,-166.27159999999952,-175.44166969999952,8699.904867993831,1.0,8875.34653769383,1.0238398986910038,1679516280.0,2023-03-22T20:00:00Z,2023-03-22T20:00:00Z,2023-03-22T20:17:00Z,2023-03-22T20:18:00Z,stop,27130.063124873162,24724.998773009243,3.9880719362282204,"simulated minute open / intraminute exit interval, not exact tick"
185,1703985.0,1705425.0,1.0,0.341,28142.4,28672.0,4.7982792000000005,4.8885760000000005,2.324308289546298,180.59359999999953,168.58243651045322,8868.487304504282,4.0,8699.904867993831,1.1030647513520382,1680162300.0,2023-03-29T07:45:00Z,2023-03-29T07:45:00Z,2023-03-30T07:45:00Z,2023-03-30T07:45:00Z,timeout,27673.149255500168,30013.429476923488,3.987270129784857,"simulated minute open / intraminute exit interval, not exact tick"
186,1722135.0,1723575.0,1.0,0.37,29492.9,30172.5,5.4561865,5.5819125000000005,3.32642323231729,251.45199999999946,237.08747776768217,9105.574782271966,4.0,8868.487304504282,1.2304661015253,1681251300.0,2023-04-10T22:15:00Z,2023-04-10T22:15:00Z,2023-04-11T22:15:00Z,2023-04-11T22:15:00Z,timeout,29055.24052289221,31237.18176076679,3.985476956408255,"simulated minute open / intraminute exit interval, not exact tick"
187,1735065.0,1736505.0,-1.0,0.398,28925.0,28215.600000000002,5.756075000000001,5.6149044,-2.073326025867263,282.34119999999916,273.04354662586644,9378.618328897832,4.0,9105.574782271966,1.264296903300767,1682027100.0,2023-04-19T21:45:00Z,2023-04-19T21:45:00Z,2023-04-20T21:45:00Z,2023-04-20T21:45:00Z,timeout,29341.289138625278,27265.309550666872,3.986869450435265,"simulated minute open / intraminute exit interval, not exact tick"
188,1743720.0,1744589.0,1.0,0.423,28255.100000000002,29854.7,5.97595365,6.31426905,0.722338008657534,676.6307999999993,663.6182392913419,10042.236568189173,2.0,9378.618328897832,1.2743782592339037,1682512200.0,2023-04-25T22:00:00Z,2023-04-25T22:00:00Z,2023-04-26T12:29:00Z,2023-04-26T12:30:00Z,target,27852.156253048877,29860.744134438944,3.984784840534309,"simulated minute open / intraminute exit interval, not exact tick"
189,1745310.0,1745362.0,1.0,0.441,29397.600000000002,28978.300000000003,6.482170800000001,6.389715150000001,0.0,-184.91129999999967,-197.78318594999968,9844.453382239173,1.0,10042.236568189173,1.290981497196271,1682558580.0,2023-04-27T00:30:00Z,2023-04-27T00:30:00Z,2023-04-27T01:22:00Z,2023-04-27T01:23:00Z,stop,28984.116226918017,31045.30315308648,3.9849282132766426,"simulated minute open / intraminute exit interval, not exact tick"
190,1767240.0,1768151.0,-1.0,0.505,26256.0,26613.7,6.62964,6.71995925,-0.893332373578136,-180.63850000000036,-193.0947668764222,9651.358615362751,1.0,9844.453382239173,1.3468782354052966,1683925920.0,2023-05-12T06:00:00Z,2023-05-12T06:00:00Z,2023-05-12T21:11:00Z,2023-05-12T21:12:00Z,stop,26608.37591105361,24851.511835321122,3.985766678770512,"simulated minute open / intraminute exit interval, not exact tick"
191,1776600.0,1776705.0,-1.0,0.504,26469.800000000003,26820.300000000003,6.670389600000001,6.7587156,0.0,-176.65200000000002,-190.0811052,9461.277510162752,1.0,9651.358615362751,1.382269557237728,1684439160.0,2023-05-18T18:00:00Z,2023-05-18T18:00:00Z,2023-05-18T19:45:00Z,2023-05-18T19:46:00Z,stop,26814.871744579767,25094.63143475233,3.985167104662187,"simulated minute open / intraminute exit interval, not exact tick"
192,1791315.0,1792009.0,1.0,0.485,28143.9,27787.7,6.8248957500000005,6.73851725,2.71370105724822,-172.75700000000035,-189.03411405724856,9272.243396105505,1.0,9461.277510162752,1.4427006802557256,1685357400.0,2023-05-28T23:15:00Z,2023-05-28T23:15:00Z,2023-05-29T10:49:00Z,2023-05-29T10:50:00Z,stop,27793.355310431405,29539.98979204021,3.9826299858038916,"simulated minute open / intraminute exit interval, not exact tick"
193,1802400.0,1803840.0,-1.0,0.577,25986.7,26056.5,7.49716295,7.51730025,0.8693693534398628,-40.27459999999958,-56.15843255343945,9216.084963552064,4.0,9272.243396105505,1.6171195318597724,1686067200.0,2023-06-05T16:00:00Z,2023-06-05T16:00:00Z,2023-06-06T16:00:00Z,2023-06-06T16:00:00Z,timeout,26270.993808161646,24854.497215905583,3.982509472913568,"simulated minute open / intraminute exit interval, not exact tick"
194,1803915.0,1804922.0,1.0,0.429,26453.0,26330.600000000002,5.6741684999999995,5.6479137,2.316947340962397,-52.50959999999906,-66.14862954096147,9149.936334011105,7.0,9216.084963552064,1.2313620203026125,1686132180.0,2023-06-06T17:15:00Z,2023-06-06T17:15:00Z,2023-06-07T10:02:00Z,2023-06-07T10:03:00Z,daily_circuit,26168.971502102402,27583.482070237256,3.9801712807171468,"simulated minute open / intraminute exit interval, not exact tick"
195,1808940.0,1809700.0,-1.0,0.5660000000000001,25748.600000000002,26040.5,7.286853800000002,7.369461500000001,-0.9096114521203384,-165.2153999999988,-178.96210384787844,8970.974230163225,1.0,9149.936334011105,1.5927660114779456,1686418860.0,2023-06-10T05:00:00Z,2023-06-10T05:00:00Z,2023-06-10T17:40:00Z,2023-06-10T17:41:00Z,stop,26035.199290465753,24606.98022464308,3.983330780413575,"simulated minute open / intraminute exit interval, not exact tick"
196,1815660.0,1816970.0,-1.0,0.559,24915.100000000002,25205.800000000003,6.963770450000001,7.045021100000002,-1.3387517492555472,-162.5013000000004,-175.17133980074487,8795.80289036248,1.0,8970.974230163225,1.5525115269165803,1686855060.0,2023-06-14T21:00:00Z,2023-06-14T21:00:00Z,2023-06-15T18:50:00Z,2023-06-15T18:51:00Z,stop,25200.746642202397,23777.284135187438,3.983298581911464,"simulated minute open / intraminute exit interval, not exact tick"
197,1818360.0,1819800.0,1.0,0.505,26309.800000000003,26405.800000000003,6.643224500000001,6.667464500000001,3.660720223185,48.480000000000004,31.508590776815,8827.311481139295,4.0,8795.80289036248,1.5105441954091425,1687024800.0,2023-06-16T18:00:00Z,2023-06-16T18:00:00Z,2023-06-17T18:00:00Z,2023-06-17T18:00:00Z,timeout,25998.52085804136,27549.470476790448,3.9825041568482225,"simulated minute open / intraminute exit interval, not exact tick"
198,1824120.0,1825110.0,1.0,0.481,27789.600000000002,29089.0,6.6833988,6.9959045,2.2447928846228598,625.011399999999,609.0873038153761,9436.398784954672,2.0,8827.311481139295,1.5142546661642007,1687343460.0,2023-06-20T18:00:00Z,2023-06-20T18:00:00Z,2023-06-21T10:30:00Z,2023-06-21T10:31:00Z,target,27461.8140565165,29094.879559798715,3.9821096229052126,"simulated minute open / intraminute exit interval, not exact tick"
199,1825410.0,1826801.0,1.0,0.465,29920.0,29550.800000000003,6.9564,6.870561,3.1478211253276527,-171.67799999999866,-188.65278212532633,9247.746002829346,1.0,9436.398784954672,1.4743760111306945,1687444920.0,2023-06-21T15:30:00Z,2023-06-21T15:30:00Z,2023-06-22T14:41:00Z,2023-06-22T14:42:00Z,stop,29556.743248350427,31366.735624177178,3.982680618068244,"simulated minute open / intraminute exit interval, not exact tick"
200,1828320.0,1828343.0,1.0,0.406,31239.2,30822.4,6.341557600000002,6.256947200000001,1.26837653889233,-169.2207999999997,-183.08768133889205,9064.658321490453,1.0,9247.746002829346,1.3714817855204506,1687537440.0,2023-06-23T16:00:00Z,2023-06-23T16:00:00Z,2023-06-23T16:23:00Z,2023-06-23T16:24:00Z,stop,30828.648506841386,32874.77478945348,3.9838481084797124,"simulated minute open / intraminute exit interval, not exact tick"
201,1828380.0,1828536.0,1.0,0.33,31096.600000000002,30681.7,5.130939000000001,5.0624805,0.0,-136.91700000000048,-147.1104195000005,8917.547901990452,1.0,9064.658321490453,1.1320755439475512,1687549020.0,2023-06-23T17:00:00Z,2023-06-23T17:00:00Z,2023-06-23T19:36:00Z,2023-06-23T19:37:00Z,stop,30687.922583095722,32724.78374131203,3.98403159549521,"simulated minute open / intraminute exit interval, not exact tick"
202,1857255.0,1857429.0,1.0,0.444,31396.2,31032.600000000002,6.9699564,6.889237200000001,0.0,-161.43839999999935,-175.29759359999935,8742.250308390452,1.0,8917.547901990452,1.5632002152619247,1689282600.0,2023-07-13T18:15:00Z,2023-07-13T18:15:00Z,2023-07-13T21:09:00Z,2023-07-13T21:10:00Z,stop,31038.850632865026,32819.01064389068,3.981567549140985,"simulated minute open / intraminute exit interval, not exact tick"
203,1857465.0,1858636.0,1.0,0.363,31257.0,30895.0,5.6731454999999995,5.6074425,3.404014839972318,-131.406,-146.09060283997232,8596.159705550479,1.0,8742.250308390452,1.2978684663272906,1689355020.0,2023-07-13T21:45:00Z,2023-07-13T21:45:00Z,2023-07-14T17:16:00Z,2023-07-14T17:17:00Z,stop,30901.234997594045,32673.47318497461,3.9814854620193967,"simulated minute open / intraminute exit interval, not exact tick"
204,1858725.0,1860165.0,-1.0,0.298,30143.800000000003,30326.2,4.4914262,4.5186038,0.11915994117441286,-54.35519999999935,-63.48438994117376,8532.675315609305,4.0,8596.159705550479,1.0449843543739463,1689446700.0,2023-07-14T18:45:00Z,2023-07-14T18:45:00Z,2023-07-15T18:45:00Z,2023-07-15T18:45:00Z,timeout,30488.733468575003,28769.886918147095,3.9831248835575668,"simulated minute open / intraminute exit interval, not exact tick"
205,1872900.0,1874264.0,-1.0,0.496,29026.4,29335.100000000002,7.1985472,7.2751048,-3.5556638298378562,-153.11520000000036,-164.0331881701625,8368.642127439143,1.0,8532.675315609305,1.68728960935178,1690292700.0,2023-07-24T15:00:00Z,2023-07-24T15:00:00Z,2023-07-25T13:44:00Z,2023-07-25T13:45:00Z,stop,29329.231935801483,27820.72603839685,3.981330299303415,"simulated minute open / intraminute exit interval, not exact tick"
206,1884960.0,1885456.0,1.0,0.52,29707.2,29421.5,7.723872,7.64959,3.08220228628572,-148.5640000000004,-167.0196642862861,8201.622463152857,1.0,8368.642127439143,1.8459080654614044,1690964220.0,2023-08-02T00:00:00Z,2023-08-02T00:00:00Z,2023-08-02T08:16:00Z,2023-08-02T08:17:00Z,stop,29427.433426126892,30820.04027628588,3.9777456644646225,"simulated minute open / intraminute exit interval, not exact tick"
207,1894695.0,1896044.0,1.0,0.52,29886.0,29606.600000000002,7.770360000000001,7.697716000000002,4.105039417047298,-145.28799999999887,-164.8611154170462,8036.76134773581,1.0,8201.622463152857,1.894834841498649,1691599500.0,2023-08-08T18:15:00Z,2023-08-08T18:15:00Z,2023-08-09T16:44:00Z,2023-08-09T16:45:00Z,stop,29612.599311770704,30973.383198058127,3.977251136786335,"simulated minute open / intraminute exit interval, not exact tick"
208,1906605.0,1906779.0,-1.0,0.553,28411.600000000002,28668.0,7.8558074000000016,7.926702000000001,0.0,-141.7891999999988,-157.5717093999988,7879.189638335811,1.0,8036.76134773581,1.9549684406675114,1692243600.0,2023-08-17T00:45:00Z,2023-08-17T00:45:00Z,2023-08-17T03:39:00Z,2023-08-17T03:40:00Z,stop,28662.250778530222,27414.39927020668,3.978446568731063,"simulated minute open / intraminute exit interval, not exact tick"
209,1907520.0,1907862.0,-1.0,0.45,27915.300000000003,26918.4,6.280942500000001,6.056640000000001,0.0,448.60500000000064,436.26741750000065,8315.457055835812,2.0,7879.189638335811,1.594311798117,1692308580.0,2023-08-17T16:00:00Z,2023-08-17T16:00:00Z,2023-08-17T21:42:00Z,2023-08-17T21:43:00Z,target,28167.244405648024,26912.92021032798,3.97857530153853,"simulated minute open / intraminute exit interval, not exact tick"
210,1924710.0,1924827.0,1.0,0.553,26941.7,27981.7,7.449380050000001,7.736940050000001,-1.657591847421455,575.12,561.5912717474215,8877.048327583232,2.0,8315.457055835812,1.7916946717371367,1693326480.0,2023-08-29T14:30:00Z,2023-08-29T14:30:00Z,2023-08-29T16:27:00Z,2023-08-29T16:28:00Z,target,26678.88405747334,27987.35306238001,3.9786515700961784,"simulated minute open / intraminute exit interval, not exact tick"
211,1927745.0,1927873.0,1.0,0.56,26325.100000000002,26040.100000000002,7.371028000000002,7.291228000000001,0.0,-159.60000000000002,-174.262256,8702.786071583232,1.0,8877.048327583232,1.6606934485410776,1693509240.0,2023-08-31T17:05:00Z,2023-08-31T17:05:00Z,2023-08-31T19:13:00Z,2023-08-31T19:14:00Z,stop,26045.382501777036,26879.224491187397,1.9810147549142398,"simulated minute open / intraminute exit interval, not exact tick"
212,1943765.0,1944196.0,1.0,0.588,25049.100000000002,25560.5,7.3644354000000005,7.514786999999999,0.4037679055913335,300.7031999999987,285.42020969440733,8988.206281277638,2.0,8702.786071583232,1.69243167404671,1694488620.0,2023-09-11T20:05:00Z,2023-09-11T20:05:00Z,2023-09-12T03:16:00Z,2023-09-12T03:17:00Z,target,24788.51294868533,25565.680475175188,1.982372004169119,"simulated minute open / intraminute exit interval, not exact tick"
213,1944650.0,1944841.0,-1.0,0.5730000000000001,26080.7,26362.600000000002,7.472120550000001,7.552884900000002,0.0,-161.52870000000084,-176.55370545000085,8811.652575827637,1.0,8988.206281277638,1.6626499918152453,1694527320.0,2023-09-12T10:50:00Z,2023-09-12T10:50:00Z,2023-09-12T14:01:00Z,2023-09-12T14:02:00Z,stop,26357.274574155424,25532.640564174962,1.9815973232486934,"simulated minute open / intraminute exit interval, not exact tick"
214,1944890.0,1944990.0,-1.0,0.5630000000000001,26057.9,26339.5,7.335298850000001,7.4145692500000004,0.5164161684240001,-158.5407999999992,-173.8070842684232,8637.845491559214,1.0,8811.652575827637,1.664908775482681,1694536260.0,2023-09-12T14:50:00Z,2023-09-12T14:50:00Z,2023-09-12T16:30:00Z,2023-09-12T16:31:00Z,stop,26334.232789989714,25510.32413250639,1.9815812213744146,"simulated minute open / intraminute exit interval, not exact tick"
215,1945020.0,1946386.0,-1.0,0.551,26089.100000000002,26371.100000000002,7.187547050000001,7.265238050000001,-0.5128636653036227,-155.382,-169.32192143469638,8468.523570124516,1.0,8637.845491559214,1.6641990313495594,1694620020.0,2023-09-12T17:00:00Z,2023-09-12T17:00:00Z,2023-09-13T15:46:00Z,2023-09-13T15:47:00Z,stop,26365.76365253227,25540.960286507547,1.981249464739592,"simulated minute open / intraminute exit interval, not exact tick"
216,1993790.0,1993792.0,-1.0,0.554,27844.9,28116.800000000003,7.713037300000001,7.7883536000000015,0.0,-150.63260000000082,-166.1339909000008,8302.389579224515,1.0,8468.523570124516,1.8215778077799205,1697464380.0,2023-10-16T13:50:00Z,2023-10-16T13:50:00Z,2023-10-16T13:52:00Z,2023-10-16T13:53:00Z,stop,28111.106654075647,27318.07770399612,1.9789974740983676,"simulated minute open / intraminute exit interval, not exact tick"
217,1993885.0,1994041.0,-1.0,0.449,28024.300000000003,28297.9,6.2914553500000014,6.352878550000001,-1.2147819642400002,-122.84639999999935,-134.27595193575937,8168.113627288755,1.0,8302.389579224515,1.5155770010464036,1697479320.0,2023-10-16T15:25:00Z,2023-10-16T15:25:00Z,2023-10-16T18:01:00Z,2023-10-16T18:02:00Z,stop,28292.22177870318,27494.04745474106,1.9791319235992157,"simulated minute open / intraminute exit interval, not exact tick"
218,1999250.0,1999360.0,-1.0,0.47000000000000003,29733.100000000002,30044.5,6.987278500000001,7.060457500000001,0.0,-146.35799999999898,-160.405735999999,8007.707891288756,1.0,8168.113627288755,1.7108671154270636,1697798460.0,2023-10-20T08:50:00Z,2023-10-20T08:50:00Z,2023-10-20T10:40:00Z,2023-10-20T10:41:00Z,stop,30038.446370638892,29128.284023793884,1.9807537746089283,"simulated minute open / intraminute exit interval, not exact tick"
219,1999465.0,2000905.0,-1.0,0.383,29737.100000000002,29750.2,5.69465465,5.697163300000001,-0.6211982898139384,-5.017299999999443,-15.787919660185507,7991.91997162857,4.0,8007.707891288756,1.42229330223071,1697891100.0,2023-10-20T12:25:00Z,2023-10-20T12:25:00Z,2023-10-21T12:25:00Z,2023-10-21T12:25:00Z,timeout,30042.487448948337,29132.201867174994,1.9807563634592724,"simulated minute open / intraminute exit interval, not exact tick"
220,2004190.0,2004257.0,-1.0,0.381,31181.9,31562.800000000003,5.940151950000001,6.012713400000001,0.0,-145.12290000000056,-157.07576535000055,7834.84420627857,1.0,7991.91997162857,1.486539397563445,1698092280.0,2023-10-23T19:10:00Z,2023-10-23T19:10:00Z,2023-10-23T20:17:00Z,2023-10-23T20:18:00Z,stop,31556.475037851174,30438.996163286156,1.983324465441339,"simulated minute open / intraminute exit interval, not exact tick"
221,2004660.0,2005406.0,-1.0,0.319,34559.0,33689.8,5.5121605,5.373523100000001,-1.0853755288437381,277.27479999999906,267.4744919288428,8102.318698207412,2.0,7834.84420627857,1.4070887320472174,1698161220.0,2023-10-24T03:00:00Z,2023-10-24T03:00:00Z,2023-10-24T15:26:00Z,2023-10-24T15:27:00Z,target,35000.46222415211,33682.99415861199,1.9843279752203233,"simulated minute open / intraminute exit interval, not exact tick"
222,2028450.0,2028492.0,-1.0,0.272,37357.8,36287.4,5.0806608,4.9350864,-2.0227255143705767,291.1488000000004,283.155778314371,8385.474476521784,2.0,8102.318698207412,1.254125143491101,1699546380.0,2023-11-09T15:30:00Z,2023-11-09T15:30:00Z,2023-11-09T16:12:00Z,2023-11-09T16:13:00Z,target,37900.22702281355,36280.13106163462,1.9867537807676818,"simulated minute open / intraminute exit interval, not exact tick"
223,2037265.0,2037286.0,-1.0,0.28200000000000003,36795.0,37344.3,5.188095000000001,5.265546300000001,0.0,-154.90260000000083,-165.35624130000085,8220.118235221784,1.0,8385.474476521784,1.2374004630330646,1700074020.0,2023-11-15T18:25:00Z,2023-11-15T18:25:00Z,2023-11-15T18:46:00Z,2023-11-15T18:47:00Z,stop,37336.766450307914,35718.74624066003,1.9865640604512786,"simulated minute open / intraminute exit interval, not exact tick"
224,2037320.0,2037524.0,-1.0,0.225,37335.0,37892.3,4.2001875,4.262883750000001,0.0,-125.39250000000065,-133.85557125000068,8086.262663971783,1.0,8220.118235221784,1.0219287313904861,1700088300.0,2023-11-15T19:20:00Z,2023-11-15T19:20:00Z,2023-11-15T22:44:00Z,2023-11-15T22:45:00Z,stop,37884.71736437685,36242.74735730516,1.9869349478035983,"simulated minute open / intraminute exit interval, not exact tick"
225,2038810.0,2040250.0,1.0,0.278,36029.1,36480.0,5.0080449,5.070720000000001,3.015777480944456,125.35020000000041,112.25565761905597,8198.518321590838,4.0,8086.262663971783,1.2386550148347928,1700251800.0,2023-11-16T20:10:00Z,2023-11-16T20:10:00Z,2023-11-17T20:10:00Z,2023-11-17T20:10:00Z,timeout,35498.79918107501,37082.186745111714,1.985829000314393,"simulated minute open / intraminute exit interval, not exact tick"
226,2047520.0,2048960.0,-1.0,0.263,37574.200000000004,37309.1,4.941007300000002,4.90614665,-2.93888561,69.72130000000153,62.81303166000154,8261.331353250842,4.0,8198.518321590838,1.205341527867989,1700774400.0,2023-11-22T21:20:00Z,2023-11-22T21:20:00Z,2023-11-23T21:20:00Z,2023-11-23T21:20:00Z,timeout,38143.95980235893,36441.952941416595,1.9872357682933683,"simulated minute open / intraminute exit interval, not exact tick"
227,2063735.0,2063829.0,-1.0,0.499,40779.200000000004,41060.8,10.174410400000001,10.244669600000002,0.0,-140.51839999999927,-160.93747999999928,8100.393873250841,1.0,8261.331353250842,2.4631406161904787,1701666600.0,2023-12-04T03:35:00Z,2023-12-04T03:35:00Z,2023-12-04T05:09:00Z,2023-12-04T05:10:00Z,stop,41052.55359757516,39474.1,4.7744021354654915,"simulated minute open / intraminute exit interval, not exact tick"
228,2065990.0,2065993.0,-1.0,0.455,42859.4,43163.8,9.7505135,9.819764500000002,0.0,-138.50200000000066,-158.07227800000067,7942.321595250841,1.0,8100.393873250841,2.4074171336774604,1701796440.0,2023-12-05T17:10:00Z,2023-12-05T17:10:00Z,2023-12-05T17:13:00Z,2023-12-05T17:14:00Z,stop,43155.0847656992,41534.3,4.481461859783591,"simulated minute open / intraminute exit interval, not exact tick"
229,2070570.0,2072010.0,-1.0,0.418,44601.200000000004,44015.9,9.321650800000002,9.199323099999999,-10.868620831419793,244.6554000000012,237.003046931421,8179.324642182262,4.0,7942.321595250841,2.3473365282951875,1702157400.0,2023-12-08T21:30:00Z,2023-12-08T21:30:00Z,2023-12-09T21:30:00Z,2023-12-09T21:30:00Z,timeout,44918.33710441539,43184.6,4.4668377817581,"simulated minute open / intraminute exit interval, not exact tick"
230,2073820.0,2073852.0,1.0,0.454,42506.3,42197.9,9.648930100000001,9.578923300000001,0.0,-140.01360000000068,-159.2414534000007,8020.0831887822615,1.0,8179.324642182262,2.3593464062396343,1702267980.0,2023-12-11T03:40:00Z,2023-12-11T03:40:00Z,2023-12-11T04:12:00Z,2023-12-11T04:13:00Z,stop,42206.41718998821,43995.8,4.966940252232029,"simulated minute open / intraminute exit interval, not exact tick"
231,2074715.0,2074759.0,1.0,0.389,40865.600000000006,40569.9,7.948359200000002,7.890845550000001,0.0,-115.0273000000017,-130.8665047500017,7889.21668403226,1.0,8020.0831887822615,1.9821139040346663,1702322400.0,2023-12-11T18:35:00Z,2023-12-11T18:35:00Z,2023-12-11T19:19:00Z,2023-12-11T19:20:00Z,stop,40578.04022790322,42128.1,4.390391572486902,"simulated minute open / intraminute exit interval, not exact tick"
232,2074775.0,2074777.0,1.0,0.08600000000000001,40692.700000000004,40398.200000000004,1.7497861000000003,1.7371226000000004,0.0,-25.327,-28.813908700000002,7860.40277533226,1.0,7889.21668403226,0.44358931186198997,1702323480.0,2023-12-11T19:35:00Z,2023-12-11T19:35:00Z,2023-12-11T19:37:00Z,2023-12-11T19:38:00Z,stop,40406.356876737336,42128.1,5.012867023467031,"simulated minute open / intraminute exit interval, not exact tick"
233,2077695.0,2077793.0,-1.0,0.432,42598.700000000004,42910.8,9.201319200000002,9.2687328,0.0,-134.82719999999938,-153.2972519999994,7707.10552333226,1.0,7860.40277533226,2.341182624604389,1702504440.0,2023-12-13T20:15:00Z,2023-12-13T20:15:00Z,2023-12-13T21:53:00Z,2023-12-13T21:54:00Z,stop,42902.18135970237,41146.3,4.7857964041824275,"simulated minute open / intraminute exit interval, not exact tick"
234,2084995.0,2085130.0,-1.0,0.428,42563.8,42872.3,9.108653200000001,9.174672200000002,-1.8263796403519403,-132.038,-148.49494575964806,7558.610577572612,1.0,7707.10552333226,2.363702734424678,1702944660.0,2023-12-18T21:55:00Z,2023-12-18T21:55:00Z,2023-12-19T00:10:00Z,2023-12-19T00:11:00Z,stop,42863.63213136332,41160.0,4.681953176989371,"simulated minute open / intraminute exit interval, not exact tick"
235,2107685.0,2107718.0,1.0,0.354,43491.9,43117.9,7.6980663,7.6318683,0.0,-132.396,-147.7259346,7410.884642972612,1.0,7558.610577572612,2.0368998299346632,1704299940.0,2024-01-03T16:05:00Z,2024-01-03T16:05:00Z,2024-01-03T16:38:00Z,2024-01-03T16:39:00Z,stop,43126.56250071162,45030.5,4.211448326538936,"simulated minute open / intraminute exit interval, not exact tick"
236,2108350.0,2108621.0,1.0,0.34900000000000003,43215.0,42843.4,7.541017500000001,7.476173300000001,0.0,-129.68839999999952,-144.70559079999953,7266.1790521726125,1.0,7410.884642972612,2.0351193854166354,1704354120.0,2024-01-04T03:10:00Z,2024-01-04T03:10:00Z,2024-01-04T07:41:00Z,2024-01-04T07:42:00Z,stop,42851.988495978614,45030.5,5.001218914244246,"simulated minute open / intraminute exit interval, not exact tick"
237,2109505.0,2109708.0,-1.0,0.276,44467.0,42783.700000000004,6.136446000000001,5.904150600000001,-1.2184572,464.5907999999988,453.76866059999884,7719.94771277261,2.0,7266.1790521726125,1.6890434314759095,1704419340.0,2024-01-04T22:25:00Z,2024-01-04T22:25:00Z,2024-01-05T01:48:00Z,2024-01-05T01:49:00Z,target,44843.60565135387,42775.1,4.4924976402179135,"simulated minute open / intraminute exit interval, not exact tick"
238,2115010.0,2115036.0,-1.0,0.325,45840.700000000004,46259.9,7.449113750000001,7.517233750000001,0.0,-136.23999999999907,-151.20634749999908,7568.741365272612,1.0,7719.94771277261,1.9298352857171517,1704739020.0,2024-01-08T18:10:00Z,2024-01-08T18:10:00Z,2024-01-08T18:36:00Z,2024-01-08T18:37:00Z,stop,46250.57846519255,43969.9,4.564279802114465,"simulated minute open / intraminute exit interval, not exact tick"
239,2119150.0,2119211.0,-1.0,0.307,47983.100000000006,46105.4,7.365405850000001,7.0771789,-1.436443955910782,576.4539000000013,563.4477592059121,8132.189124478524,2.0,7568.741365272612,1.9462696621645528,1704989520.0,2024-01-11T15:10:00Z,2024-01-11T15:10:00Z,2024-01-11T16:11:00Z,2024-01-11T16:12:00Z,target,48407.21704141232,46096.1,4.449243524184444,"simulated minute open / intraminute exit interval, not exact tick"
240,2120665.0,2120676.0,1.0,0.372,44198.9,43815.3,8.2209954,8.1496458,0.0,-142.69919999999945,-159.06984119999944,7973.119283278525,1.0,8132.189124478524,2.021840681312775,1705077420.0,2024-01-12T16:25:00Z,2024-01-12T16:25:00Z,2024-01-12T16:36:00Z,2024-01-12T16:37:00Z,stop,43824.07838982061,46002.6,4.812155838978219,"simulated minute open / intraminute exit interval, not exact tick"
241,2129470.0,2129510.0,1.0,0.447,41533.3,41227.100000000006,9.282692550000002,9.214256850000002,0.0,-136.87139999999872,-155.36834939999872,7817.750933878526,1.0,7973.119283278525,2.328497096354235,1705607460.0,2024-01-18T19:10:00Z,2024-01-18T19:10:00Z,2024-01-18T19:50:00Z,2024-01-18T19:51:00Z,stop,41235.41426215394,42918.3,4.649433739307606,"simulated minute open / intraminute exit interval, not exact tick"
242,2130170.0,2130252.0,1.0,0.439,41468.3,41162.600000000006,9.102291850000002,9.035190700000001,1.8122798,-134.20229999999873,-154.15206234999874,7663.598871528527,1.0,7817.750933878526,2.3286216015286105,1705651980.0,2024-01-19T06:50:00Z,2024-01-19T06:50:00Z,2024-01-19T08:12:00Z,2024-01-19T08:13:00Z,stop,41170.880456098566,42918.3,4.87526805057743,"simulated minute open / intraminute exit interval, not exact tick"
243,2135260.0,2135261.0,1.0,0.495,39823.0,39561.8,9.856192499999999,9.7915455,0.0,-129.29399999999856,-148.94173799999857,7514.657133528528,1.0,7663.598871528527,2.5722099147483575,1705952520.0,2024-01-22T19:40:00Z,2024-01-22T19:40:00Z,2024-01-22T19:41:00Z,2024-01-22T19:42:00Z,stop,39569.758395443416,41042.7,4.816349201923694,"simulated minute open / intraminute exit interval, not exact tick"
244,2135280.0,2135446.0,1.0,0.40700000000000003,39820.600000000006,39559.4,8.103492100000002,8.0503379,0.0,-106.30840000000178,-122.46223000000178,7392.194903528526,1.0,7514.657133528528,2.1567163893198105,1705963620.0,2024-01-22T20:00:00Z,2024-01-22T20:00:00Z,2024-01-22T22:46:00Z,2024-01-22T22:47:00Z,stop,39567.37365747418,41042.7,4.826117171736748,"simulated minute open / intraminute exit interval, not exact tick"
245,2135540.0,2136037.0,1.0,0.47800000000000004,39791.100000000006,39530.100000000006,9.510072900000003,9.447693900000003,1.9013375733446303,-124.75800000000001,-145.61710437334463,7246.577799155181,1.0,7392.194903528526,2.5730038301507845,1705999080.0,2024-01-23T00:20:00Z,2024-01-23T00:20:00Z,2024-01-23T08:37:00Z,2024-01-23T08:38:00Z,stop,39538.06125326893,41042.7,4.9462780549184595,"simulated minute open / intraminute exit interval, not exact tick"
246,2140550.0,2140560.0,-1.0,0.459,41147.5,41413.3,9.44335125,9.504352350000001,0.0,-122.00220000000134,-140.94990360000133,7105.62789555518,1.0,7246.577799155181,2.606292656128227,1706270460.0,2024-01-26T11:50:00Z,2024-01-26T11:50:00Z,2024-01-26T12:00:00Z,2024-01-26T12:01:00Z,stop,41404.949753458386,39956.0,4.628087554927804,"simulated minute open / intraminute exit interval, not exact tick"
247,2140605.0,2140738.0,-1.0,0.139,41190.5,41456.600000000006,2.8627397500000002,2.8812337000000006,0.0,-36.98790000000081,-42.73187345000082,7062.896022105178,1.0,7105.62789555518,0.8057668631341488,1706281140.0,2024-01-26T12:45:00Z,2024-01-26T12:45:00Z,2024-01-26T14:58:00Z,2024-01-26T14:59:00Z,stop,41448.218793847205,39956.0,4.790104677937911,"simulated minute open / intraminute exit interval, not exact tick"
248,2145175.0,2145681.0,-1.0,0.45,43170.4,43432.4,9.71334,9.772290000000002,-1.9479465,-117.9,-135.43768350000002,6927.458338605178,1.0,7062.896022105178,2.7505261211830287,1706577720.0,2024-01-29T16:55:00Z,2024-01-29T16:55:00Z,2024-01-30T01:21:00Z,2024-01-30T01:22:00Z,stop,43423.617715936234,42040.0,4.464142628490782,"simulated minute open / intraminute exit interval, not exact tick"
249,2146000.0,2146261.0,-1.0,0.44,43259.9,43522.4,9.517178,9.574928,-1.8103620796800002,-115.5,-132.78174392032,6794.676594684858,1.0,6927.458338605178,2.7476680579839483,1706612520.0,2024-01-30T06:40:00Z,2024-01-30T06:40:00Z,2024-01-30T11:01:00Z,2024-01-30T11:02:00Z,stop,43513.64268178265,42040.0,4.8076263379486575,"simulated minute open / intraminute exit interval, not exact tick"
250,2158350.0,2158406.0,-1.0,0.444,44038.8,44291.9,9.776613600000001,9.832801800000002,0.0,-112.37639999999935,-131.98581539999935,6662.690779284859,1.0,6794.676594684858,2.8777274278654454,1707341220.0,2024-02-07T20:30:00Z,2024-02-07T20:30:00Z,2024-02-07T21:26:00Z,2024-02-07T21:27:00Z,stop,44282.9934746229,42904.9,4.643449223002605,"simulated minute open / intraminute exit interval, not exact tick"
251,2160155.0,2160164.0,-1.0,0.417,45707.0,45971.4,9.5299095,9.585036899999999,0.0,-110.2548000000006,-129.3697464000006,6533.321032884858,1.0,6662.690779284859,2.860678910577595,1707446700.0,2024-02-09T02:35:00Z,2024-02-09T02:35:00Z,2024-02-09T02:44:00Z,2024-02-09T02:45:00Z,stop,45962.15393368388,44500.8,4.727342363823417,"simulated minute open / intraminute exit interval, not exact tick"
252,2160735.0,2160851.0,-1.0,0.327,47390.4,47668.8,7.748330400000001,7.793848800000001,0.0,-91.03680000000048,-106.57897920000049,6426.742053684858,1.0,6533.321032884858,2.3719423432583544,1707487920.0,2024-02-09T12:15:00Z,2024-02-09T12:15:00Z,2024-02-09T14:11:00Z,2024-02-09T14:12:00Z,stop,47659.17671427631,46185.1,4.484391452009889,"simulated minute open / intraminute exit interval, not exact tick"
253,2161060.0,2161080.0,-1.0,0.07200000000000001,47443.8,47722.5,1.7079768000000004,1.7180100000000003,0.0,-20.066399999999792,-23.492386799999792,6403.249666884857,1.0,6426.742053684858,0.531521814858186,1707501660.0,2024-02-09T17:40:00Z,2024-02-09T17:40:00Z,2024-02-09T18:00:00Z,2024-02-09T18:01:00Z,stop,47712.87957469831,46185.1,4.677798385147863,"simulated minute open / intraminute exit interval, not exact tick"
254,2163125.0,2164348.0,-1.0,0.34800000000000003,48399.4,48690.3,8.4214956,8.472112200000002,-5.032553844313321,-101.23320000000052,-113.0942539556872,6290.155412929171,1.0,6403.249666884857,2.6303817711662045,1707697740.0,2024-02-11T04:05:00Z,2024-02-11T04:05:00Z,2024-02-12T00:28:00Z,2024-02-12T00:29:00Z,stop,48680.56138710774,47130.6,4.5127106999006905,"simulated minute open / intraminute exit interval, not exact tick"
255,2165295.0,2165357.0,-1.0,0.241,49634.0,49953.4,5.980897,6.0193847,0.0,-76.97540000000035,-88.97568170000035,6201.17973122917,1.0,6290.155412929171,1.9016690709124604,1707758280.0,2024-02-12T16:15:00Z,2024-02-12T16:15:00Z,2024-02-12T17:17:00Z,2024-02-12T17:18:00Z,stop,49943.34652831797,48213.0,4.593554056437992,"simulated minute open / intraminute exit interval, not exact tick"
256,2165440.0,2165564.0,-1.0,0.053,49716.4,50036.3,1.3174846,1.3259619500000002,0.0,-16.954700000000077,-19.598146550000077,6181.58158467917,1.0,6201.17973122917,0.42491417991487695,1707770700.0,2024-02-12T18:40:00Z,2024-02-12T18:40:00Z,2024-02-12T20:44:00Z,2024-02-12T20:45:00Z,stop,50026.26009067307,48213.0,4.851867166030778,"simulated minute open / intraminute exit interval, not exact tick"
257,2167805.0,2167916.0,-1.0,0.296,51477.100000000006,51832.0,7.618610800000001,7.671136,0.0,-105.05039999999828,-120.34014679999828,6061.241437879172,1.0,6181.58158467917,2.464939011363194,1707911820.0,2024-02-14T10:05:00Z,2024-02-14T10:05:00Z,2024-02-14T11:56:00Z,2024-02-14T11:57:00Z,stop,51821.57256263682,49844.9,4.7382583608577535,"simulated minute open / intraminute exit interval, not exact tick"
258,2167935.0,2167948.0,-1.0,0.243,51499.8,51854.8,6.2572257,6.300358200000001,0.0,-86.265,-98.82258390000001,5962.418853979171,1.0,6061.241437879172,2.064668026881768,1707913740.0,2024-02-14T12:15:00Z,2024-02-14T12:15:00Z,2024-02-14T12:28:00Z,2024-02-14T12:29:00Z,stop,51844.42446566112,49844.9,4.802038638856685,"simulated minute open / intraminute exit interval, not exact tick"
259,2168175.0,2168411.0,-1.0,0.053,51510.700000000004,51865.8,1.3650335500000002,1.3744437,0.0,-18.82029999999992,-21.55977724999992,5940.859076729172,1.0,5962.418853979171,0.4578791203469412,1707941520.0,2024-02-14T16:15:00Z,2024-02-14T16:15:00Z,2024-02-14T20:11:00Z,2024-02-14T20:12:00Z,stop,51855.397405879834,49844.9,4.8326444341758705,"simulated minute open / intraminute exit interval, not exact tick"
260,2185465.0,2185521.0,-1.0,0.263,53168.200000000004,53556.100000000006,6.991618300000001,7.042627150000001,0.0,-102.01770000000039,-116.05194545000039,5824.807131279172,1.0,5940.859076729172,2.3537398243923136,1708968120.0,2024-02-26T16:25:00Z,2024-02-26T16:25:00Z,2024-02-26T17:21:00Z,2024-02-26T17:22:00Z,stop,53545.32832151902,51327.5,4.880832053625564,"simulated minute open / intraminute exit interval, not exact tick"
261,2187895.0,2187920.0,1.0,0.229,59331.0,58895.100000000006,6.7933995000000005,6.743488950000001,0.0,-99.82109999999867,-113.35798844999867,5711.449142829173,1.0,5824.807131279172,2.332574915148519,1709112060.0,2024-02-28T08:55:00Z,2024-02-28T08:55:00Z,2024-02-28T09:20:00Z,2024-02-28T09:21:00Z,stop,58906.95458709073,60164.48498893914,1.9655559606712985,"simulated minute open / intraminute exit interval, not exact tick"
262,2187935.0,2188072.0,1.0,0.189,59207.100000000006,58772.100000000006,5.59507095,5.55396345,0.0,-82.215,-93.36403440000001,5618.085108429173,1.0,5711.449142829173,1.9592474029203997,1709121180.0,2024-02-28T09:35:00Z,2024-02-28T09:35:00Z,2024-02-28T11:52:00Z,2024-02-28T11:53:00Z,stop,58783.940114499,60041.34966969196,1.9714762629359872,"simulated minute open / intraminute exit interval, not exact tick"
263,2188095.0,2188149.0,1.0,0.041,59243.8,60066.4,1.2144979,1.2313612,0.0,33.72659999999994,31.280740899999945,5649.365849329172,2.0,5618.085108429173,0.4323529731430416,1709125800.0,2024-02-28T12:15:00Z,2024-02-28T12:15:00Z,2024-02-28T13:09:00Z,2024-02-28T13:10:00Z,target,58820.37781542003,60078.472838427115,1.9712543858680769,"simulated minute open / intraminute exit interval, not exact tick"
264,2195440.0,2195600.0,1.0,0.17300000000000001,65990.5,67080.3,5.708178250000001,5.802445950000001,7.31962440403177,188.53540000000052,169.70515139596876,5819.071000725141,2.0,5649.365849329172,2.0208208858266143,1709572860.0,2024-03-04T14:40:00Z,2024-03-04T14:40:00Z,2024-03-04T17:20:00Z,2024-03-04T17:21:00Z,target,65432.22837203858,67093.72160709985,1.9761376932737347,"simulated minute open / intraminute exit interval, not exact tick"
265,2197920.0,2198038.0,1.0,0.167,66772.7,66158.6,5.57552045,5.5242431000000005,3.775306600818684,-102.55469999999855,-117.42977015081723,5701.641230574323,1.0,5819.071000725141,1.9162922910908662,1709719140.0,2024-03-06T08:00:00Z,2024-03-06T08:00:00Z,2024-03-06T09:58:00Z,2024-03-06T09:59:00Z,stop,66171.88170759841,67960.79723898401,1.97746515711926,"simulated minute open / intraminute exit interval, not exact tick"
266,2198060.0,2198200.0,1.0,0.132,66796.40000000001,66182.1,4.408562400000001,4.3680186,0.0,-81.08760000000039,-89.8641810000004,5611.777049574323,1.0,5701.641230574323,1.5464187316310425,1709728860.0,2024-03-06T10:20:00Z,2024-03-06T10:20:00Z,2024-03-06T12:40:00Z,2024-03-06T12:41:00Z,stop,66195.36845587235,67984.72014325092,1.9771344031129743,"simulated minute open / intraminute exit interval, not exact tick"
267,2198275.0,2198338.0,1.0,0.029,66715.2,66101.6,0.9673704000000001,0.9584732000000001,0.0,-17.794399999999747,-19.720243599999748,5592.056805974324,1.0,5611.777049574323,0.34476437372841784,1709737140.0,2024-03-06T13:55:00Z,2024-03-06T13:55:00Z,2024-03-06T14:58:00Z,2024-03-06T14:59:00Z,stop,66114.89909047814,67902.26247322456,1.9774457349566072,"simulated minute open / intraminute exit interval, not exact tick"
268,2205445.0,2205461.0,1.0,0.14,72447.0,71741.0,5.071290000000001,5.021870000000001,0.0,-98.84,-108.93316000000002,5483.123645974324,1.0,5592.056805974324,1.813747669580911,1710164520.0,2024-03-11T13:25:00Z,2024-03-11T13:25:00Z,2024-03-11T13:41:00Z,2024-03-11T13:42:00Z,stop,71755.39399111824,73815.43517297688,1.9786340133011278,"simulated minute open / intraminute exit interval, not exact tick"
269,2205550.0,2206282.0,1.0,0.115,72433.1,71727.2,4.16490325,4.124314,9.191881767509999,-81.17850000000101,-98.659599017511,5384.464046956814,1.0,5483.123645974324,1.5191717418438473,1710213780.0,2024-03-11T15:10:00Z,2024-03-11T15:10:00Z,2024-03-12T03:22:00Z,2024-03-12T03:23:00Z,stop,71741.6266856884,73801.26978383659,1.9786299131422784,"simulated minute open / intraminute exit interval, not exact tick"
270,2214640.0,2214659.0,1.0,0.134,68942.40000000001,68224.8,4.619140800000001,4.571061600000001,0.0,-96.15840000000078,-105.34860240000079,5279.115444556813,1.0,5384.464046956814,1.7157290901071733,1710716400.0,2024-03-17T22:40:00Z,2024-03-17T22:40:00Z,2024-03-17T22:59:00Z,2024-03-17T23:00:00Z,stop,68238.48831428165,70336.24361354913,1.9801398979854592,"simulated minute open / intraminute exit interval, not exact tick"
271,2218735.0,2218824.0,1.0,0.14300000000000002,65383.100000000006,66646.6,4.674891650000001,4.765231900000001,0.0,180.68050000000002,171.24037645,5450.355821006812,2.0,5279.115444556813,1.7710890012152267,1710966300.0,2024-03-20T18:55:00Z,2024-03-20T18:55:00Z,2024-03-20T20:24:00Z,2024-03-20T20:25:00Z,target,64737.909748550854,66660.01999180847,1.979137144339038,"simulated minute open / intraminute exit interval, not exact tick"
272,2224750.0,2224836.0,1.0,0.14300000000000002,67380.7,66703.8,4.81772005,4.769321700000001,2.4572898998046586,-96.79669999999918,-108.84103164980385,5341.514789357007,1.0,5450.355821006812,1.7678552403611882,1711327020.0,2024-03-24T23:10:00Z,2024-03-24T23:10:00Z,2024-03-25T00:36:00Z,2024-03-25T00:37:00Z,stop,66717.2011319647,68694.03383602707,1.9794062948683069,"simulated minute open / intraminute exit interval, not exact tick"
273,2225845.0,2226078.0,1.0,0.131,70714.1,70004.5,4.631773550000001,4.58529475,0.0,-92.95760000000077,-102.17466830000077,5239.340121057007,1.0,5341.514789357007,1.7342546946528468,1711401540.0,2024-03-25T17:25:00Z,2024-03-25T17:25:00Z,2024-03-25T21:18:00Z,2024-03-25T21:19:00Z,stop,70018.50425071527,72090.9141026876,1.9793308169340362,"simulated minute open / intraminute exit interval, not exact tick"
274,2245695.0,2245752.0,1.0,0.131,72805.2,72098.3,4.7687406,4.72243865,0.0,-92.60389999999924,-102.09507924999924,5137.245041807008,1.0,5239.340121057007,1.8203592398341697,1712581980.0,2024-04-08T12:15:00Z,2024-04-08T12:15:00Z,2024-04-08T13:12:00Z,2024-04-08T13:13:00Z,stop,72112.7483826513,74176.55024160046,1.9804275233714865,"simulated minute open / intraminute exit interval, not exact tick"
275,2258795.0,2258797.0,-1.0,0.159,60874.5,61446.0,4.83952275,4.884957,0.0,-90.8685,-100.59297975,5036.652062057009,1.0,5137.245041807008,1.884092625761809,1713364680.0,2024-04-17T14:35:00Z,2024-04-17T14:35:00Z,2024-04-17T14:37:00Z,2024-04-17T14:38:00Z,stop,61433.62773508586,59768.22041765099,1.978581123648118,"simulated minute open / intraminute exit interval, not exact tick"
276,2258835.0,2258887.0,-1.0,0.13,60764.8,59672.4,3.9497120000000003,3.878706,-0.5121039939060499,142.0120000000002,134.69568599390624,5171.3477480509155,2.0,5036.652062057009,1.5683878700911917,1713370080.0,2024-04-17T15:15:00Z,2024-04-17T15:15:00Z,2024-04-17T16:07:00Z,2024-04-17T16:08:00Z,target,61322.92014878061,59660.43742724656,1.978718337200822,"simulated minute open / intraminute exit interval, not exact tick"
277,2259100.0,2259148.0,-1.0,0.16,60805.5,61376.3,4.864440000000001,4.9101040000000005,0.0,-91.32800000000047,-101.10254400000048,5070.245204050914,1.0,5171.3477480509155,1.881304540710267,1713385740.0,2024-04-17T19:40:00Z,2024-04-17T19:40:00Z,2024-04-17T20:28:00Z,2024-04-17T20:29:00Z,stop,61363.993975240264,59700.487937342186,1.9785568182404174,"simulated minute open / intraminute exit interval, not exact tick"
278,2260940.0,2260974.0,-1.0,0.156,60213.3,60788.200000000004,4.6966374,4.741479600000001,0.0,-89.68440000000022,-99.12251700000023,4971.122687050914,1.0,5070.245204050914,1.852627323131269,1713495300.0,2024-04-19T02:20:00Z,2024-04-19T02:20:00Z,2024-04-19T02:54:00Z,2024-04-19T02:55:00Z,stop,60775.95920049137,59099.85546371739,1.9788968798701736,"simulated minute open / intraminute exit interval, not exact tick"
279,2277330.0,2277612.0,-1.0,0.181,61263.700000000004,60362.3,5.54436485,5.462788150000001,-1.0999609813446771,163.15340000000026,153.24620798134495,5124.368895032258,2.0,4971.122687050914,2.230628853495128,1714493580.0,2024-04-30T11:30:00Z,2024-04-30T11:30:00Z,2024-04-30T16:12:00Z,2024-04-30T16:13:00Z,target,61726.56931674832,60350.17399357201,1.9736153885627536,"simulated minute open / intraminute exit interval, not exact tick"
280,2278510.0,2278526.0,-1.0,0.2,58421.4,57574.9,5.8421400000000006,5.757490000000001,0.0,169.3,157.70037000000002,5282.069265032258,2.0,5124.368895032258,2.2801402942179183,1714548420.0,2024-05-01T07:10:00Z,2024-05-01T07:10:00Z,2024-05-01T07:26:00Z,2024-05-01T07:27:00Z,target,58851.56501577063,57563.336098009335,1.9947319529308254,"simulated minute open / intraminute exit interval, not exact tick"
281,2279240.0,2279253.0,-1.0,0.20600000000000002,58405.3,57568.4,6.015745900000001,5.929545200000001,0.0,172.4014000000003,160.4561089000003,5442.525373932258,2.0,5282.069265032258,2.2777989451311225,1714592040.0,2024-05-01T19:20:00Z,2024-05-01T19:20:00Z,2024-05-01T19:33:00Z,2024-05-01T19:34:00Z,target,58835.346469197735,57556.83329147283,1.9729651777167723,"simulated minute open / intraminute exit interval, not exact tick"
282,2279515.0,2279614.0,-1.0,0.213,58216.600000000006,57382.3,6.200067900000001,6.111214950000001,-0.8239748299697259,177.7059000000006,166.21859197997034,5608.743965912227,2.0,5442.525373932258,2.2783790516424967,1714613700.0,2024-05-01T23:55:00Z,2024-05-01T23:55:00Z,2024-05-02T01:34:00Z,2024-05-02T01:35:00Z,target,58645.257044458245,57370.81361358006,1.973107399853661,"simulated minute open / intraminute exit interval, not exact tick"
283,2292005.0,2292015.0,-1.0,0.211,60688.4,61146.100000000006,6.4026262,6.45091355,0.0,-96.57470000000092,-109.42823975000091,5499.315726162226,1.0,5608.743965912227,2.283087350363176,1715357760.0,2024-05-10T16:05:00Z,2024-05-10T16:05:00Z,2024-05-10T16:15:00Z,2024-05-10T16:16:00Z,stop,61133.785839104305,59809.55072051494,1.9732313026666597,"simulated minute open / intraminute exit interval, not exact tick"
284,2292035.0,2293395.0,-1.0,0.17300000000000001,60743.600000000006,61201.700000000004,5.254321400000001,5.293947050000001,-1.3316888522877006,-79.25129999999976,-88.46787959771206,5410.847846564515,1.0,5499.315726162226,1.9109000688952267,1715440560.0,2024-05-10T16:35:00Z,2024-05-10T16:35:00Z,2024-05-11T15:15:00Z,2024-05-11T15:16:00Z,stop,61189.39094614813,59863.94050642729,1.9732556283914027,"simulated minute open / intraminute exit interval, not exact tick"
285,2306605.0,2306640.0,1.0,0.176,69181.90000000001,70183.40000000001,6.0880072,6.176139200000001,0.0,176.26399999999998,163.9998536,5574.847700164515,2.0,5410.847846564515,2.250296948884057,1716235260.0,2024-05-20T19:25:00Z,2024-05-20T19:25:00Z,2024-05-20T20:00:00Z,2024-05-20T20:01:00Z,target,68667.1237682585,70197.44709439084,1.972793287202122,"simulated minute open / intraminute exit interval, not exact tick"
286,2322270.0,2323710.0,1.0,0.108,67047.2,67744.40000000001,3.6205488,3.6581976000000007,2.2103206750358884,75.29760000000125,65.80853292496538,5640.656233089481,4.0,5574.847700164515,1.2988870709035358,1717259400.0,2024-05-31T16:30:00Z,2024-05-31T16:30:00Z,2024-06-01T16:30:00Z,2024-06-01T16:30:00Z,timeout,66112.46842216163,68902.68394970069,1.9850446841558893,"simulated minute open / intraminute exit interval, not exact tick"
287,2337405.0,2337700.0,1.0,0.11,68115.5,67178.8,3.7463525,3.694834,0.7434031000000001,-103.03699999999968,-111.22158959999967,5529.4346434894815,1.0,5640.656233089481,1.3283392375599745,1718098860.0,2024-06-11T04:45:00Z,2024-06-11T04:45:00Z,2024-06-11T09:40:00Z,2024-06-11T09:41:00Z,stop,67192.25825745187,69947.91210378443,1.984758724976002,"simulated minute open / intraminute exit interval, not exact tick"
288,2338080.0,2339167.0,1.0,0.093,66279.3,68017.1,3.08198745,3.1627951500000004,1.869576781323366,161.61540000000028,153.5010406186769,5682.935684108159,2.0,5529.4346434894815,1.1147568056089867,1718186880.0,2024-06-11T16:00:00Z,2024-06-11T16:00:00Z,2024-06-12T10:07:00Z,2024-06-12T10:08:00Z,target,65396.73116486195,68030.78346721399,1.9845290219657625,"simulated minute open / intraminute exit interval, not exact tick"
289,2340975.0,2342408.0,1.0,0.116,66721.5,65825.40000000001,3.8698470000000005,3.817873200000001,2.3209056669560444,-103.947599999999,-113.95622586695505,5568.979458241204,1.0,5682.935684108159,1.3619182813635193,1718381340.0,2024-06-13T16:15:00Z,2024-06-13T16:15:00Z,2024-06-14T16:08:00Z,2024-06-14T16:09:00Z,stop,65838.63065253211,68473.48407313453,1.9844205466633518,"simulated minute open / intraminute exit interval, not exact tick"
290,2358165.0,2359605.0,-1.0,0.122,61865.600000000006,61670.5,3.7738016000000005,3.7619005,-2.090764674144968,23.80220000000071,18.35726257414568,5587.3367208153495,4.0,5568.979458241204,1.3552937762826092,1719413100.0,2024-06-25T14:45:00Z,2024-06-25T14:45:00Z,2024-06-26T14:45:00Z,2024-06-26T14:45:00Z,timeout,62690.69170444713,60227.485837435386,1.9853722364864816,"simulated minute open / intraminute exit interval, not exact tick"
291,2361060.0,2362500.0,-1.0,0.132,61708.8,60921.3,4.0727808,4.020805800000001,-2.4364485174722885,103.95,98.29286191747228,5685.629582732821,4.0,5587.3367208153495,1.4578612328220903,1719586800.0,2024-06-27T15:00:00Z,2024-06-27T15:00:00Z,2024-06-28T15:00:00Z,2024-06-28T15:00:00Z,timeout,62468.65425718074,60199.820587587405,1.9858800528555693,"simulated minute open / intraminute exit interval, not exact tick"
292,2372370.0,2372584.0,-1.0,0.148,55304.8,56004.0,4.0925552,4.144296,0.0,-103.48159999999956,-111.71845119999955,5573.911131532822,1.0,5685.629582732821,1.4396137280659413,1720191900.0,2024-07-05T11:30:00Z,2024-07-05T11:30:00Z,2024-07-05T15:04:00Z,2024-07-05T15:05:00Z,stop,55992.74578248941,53939.73228545783,1.9842664193717752,"simulated minute open / intraminute exit interval, not exact tick"
293,2374860.0,2375983.0,-1.0,0.136,57569.100000000006,56115.8,3.9146988000000005,3.8158744000000007,-1.552473354916368,197.64880000000042,191.47070015491678,5765.381831687739,2.0,5573.911131532822,1.4046505972632761,1720395840.0,2024-07-07T05:00:00Z,2024-07-07T05:00:00Z,2024-07-07T23:43:00Z,2024-07-07T23:44:00Z,target,58307.0582510373,56104.486105202166,1.98468394755278,"simulated minute open / intraminute exit interval, not exact tick"
294,2376660.0,2376771.0,-1.0,0.137,56788.600000000006,57558.0,3.890019100000001,3.9427230000000004,0.0,-105.40779999999921,-113.24054209999922,5652.141289587739,1.0,5765.381831687739,1.3494402326033799,1720443120.0,2024-07-08T11:00:00Z,2024-07-08T11:00:00Z,2024-07-08T12:51:00Z,2024-07-08T12:52:00Z,stop,57546.42642758652,55284.042885828705,1.9853584665329371,"simulated minute open / intraminute exit interval, not exact tick"
295,2376825.0,2376871.0,-1.0,0.111,56921.0,55424.0,3.1591155,3.076032,0.0,166.167,159.9318525,5812.07314208774,2.0,5652.141289587739,1.117847321269077,1720449120.0,2024-07-08T13:45:00Z,2024-07-08T13:45:00Z,2024-07-08T14:31:00Z,2024-07-08T14:32:00Z,target,57680.59326492733,55412.90921114708,1.9853925231909457,"simulated minute open / intraminute exit interval, not exact tick"
296,2377530.0,2377823.0,-1.0,0.138,56755.200000000004,57524.100000000006,3.9161088000000004,3.9691629000000006,0.0,-106.10820000000021,-113.99347170000021,5698.0796703877395,1.0,5812.07314208774,1.3475772600457347,1720506240.0,2024-07-09T01:30:00Z,2024-07-09T01:30:00Z,2024-07-09T06:23:00Z,2024-07-09T06:24:00Z,stop,57512.58071484345,55251.53431131485,1.9853498501027707,"simulated minute open / intraminute exit interval, not exact tick"
297,2378580.0,2379127.0,-1.0,0.11,57876.4,58661.100000000006,3.183202,3.2263605,-0.6382879294468601,-86.31700000000048,-92.08827457055361,5605.991395817186,1.0,5698.0796703877395,1.1172893971780467,1720584480.0,2024-07-09T19:00:00Z,2024-07-09T19:00:00Z,2024-07-10T04:07:00Z,2024-07-10T04:08:00Z,stop,58649.34866237641,56341.79283550306,1.9853933892308424,"simulated minute open / intraminute exit interval, not exact tick"
298,2382705.0,2383795.0,-1.0,0.137,57959.3,58707.4,3.9702120500000007,4.0214569000000004,-1.5281989451448381,-102.48969999999981,-108.95317000485498,5497.038225812331,1.0,5605.991395817186,1.4164174611335674,1720864560.0,2024-07-12T15:45:00Z,2024-07-12T15:45:00Z,2024-07-13T09:55:00Z,2024-07-13T09:56:00Z,stop,58695.58588648027,56498.033505871914,1.984645530981869,"simulated minute open / intraminute exit interval, not exact tick"
299,2384640.0,2384899.0,-1.0,0.137,59162.0,59891.200000000004,4.0525970000000004,4.102547200000001,0.0,-99.9004000000006,-108.05554420000061,5388.98268161233,1.0,5497.038225812331,1.4744656425965177,1720930800.0,2024-07-14T00:00:00Z,2024-07-14T00:00:00Z,2024-07-14T04:19:00Z,2024-07-14T04:20:00Z,stop,59879.19122946782,57739.326601111236,1.9836737266634497,"simulated minute open / intraminute exit interval, not exact tick"
300,2385975.0,2386156.0,-1.0,0.078,60799.8,61594.700000000004,2.3711922,2.4021933000000004,-0.21755479122,-62.002200000000116,-66.55803070878012,5322.42465090355,1.0,5388.98268161233,0.8800147783331019,1721006220.0,2024-07-14T22:15:00Z,2024-07-14T22:15:00Z,2024-07-15T01:16:00Z,2024-07-15T01:17:00Z,stop,61582.353876595946,59246.6756203494,1.9846868389516974,"simulated minute open / intraminute exit interval, not exact tick"
301,2400600.0,2402040.0,1.0,0.091,64480.8,66388.8,2.9338764000000004,3.0206904,1.771427279155989,173.628,165.90200592084398,5488.3266568243935,4.0,5322.42465090355,1.1024585945061474,1721959200.0,2024-07-25T02:00:00Z,2024-07-25T02:00:00Z,2024-07-26T02:00:00Z,2024-07-26T02:00:00Z,timeout,63402.29340112889,66624.48166664691,1.9876388970551775,"simulated minute open / intraminute exit interval, not exact tick"
302,2407185.0,2407225.0,1.0,0.106,68140.0,67187.6,3.6114200000000003,3.5609428000000003,0.7215358886864941,-100.95439999999938,-108.84829868868587,5379.478358135708,1.0,5488.3266568243935,1.3160368271846297,1722270360.0,2024-07-29T15:45:00Z,2024-07-29T15:45:00Z,2024-07-29T16:25:00Z,2024-07-29T16:26:00Z,stop,67201.08975730455,70004.87325119489,1.9862103600458811,"simulated minute open / intraminute exit interval, not exact tick"
303,2408595.0,2410035.0,1.0,0.109,65877.2,66476.90000000001,3.5903074,3.6229910500000004,1.293756773146,65.36730000000126,56.86024477685526,5436.338602912563,4.0,5379.478358135708,1.3348161888485572,1722438900.0,2024-07-30T15:15:00Z,2024-07-30T15:15:00Z,2024-07-31T15:15:00Z,2024-07-31T15:15:00Z,timeout,64985.330766563726,67647.17563883103,1.9845685583429309,"simulated minute open / intraminute exit interval, not exact tick"
304,2410395.0,2410656.0,1.0,0.114,64944.5,64071.3,3.7018365000000006,3.6520641000000005,0.6044867948160001,-99.54479999999967,-107.50318739481567,5328.835415517748,1.0,5436.338602912563,1.3618859200627094,1722476220.0,2024-07-31T21:15:00Z,2024-07-31T21:15:00Z,2024-08-01T01:36:00Z,2024-08-01T01:37:00Z,stop,64084.12438995189,66651.90677574973,1.984489978341268,"simulated minute open / intraminute exit interval, not exact tick"
305,2411640.0,2411825.0,1.0,0.11900000000000001,63215.200000000004,64801.5,3.7613044000000007,3.8556892500000006,0.0,188.7696999999995,181.15270634999948,5509.988121867747,2.0,5328.835415517748,1.4116797036166497,1722546360.0,2024-08-01T18:00:00Z,2024-08-01T18:00:00Z,2024-08-01T21:05:00Z,2024-08-01T21:06:00Z,target,62409.00240216598,64814.468713136885,1.9837180331888271,"simulated minute open / intraminute exit interval, not exact tick"
306,2412840.0,2412894.0,-1.0,0.117,65195.100000000006,63520.9,3.813913350000001,3.7159726500000003,0.0,195.88140000000053,188.35151400000052,5698.339635867748,2.0,5509.988121867747,1.3843635469425222,1722610500.0,2024-08-02T14:00:00Z,2024-08-02T14:00:00Z,2024-08-02T14:54:00Z,2024-08-02T14:55:00Z,target,66044.97503026885,63508.108399595156,1.9849878397665113,"simulated minute open / intraminute exit interval, not exact tick"
307,2417445.0,2417529.0,-1.0,0.132,53469.3,54265.700000000004,3.5289738,3.5815362000000004,0.0,-105.12480000000019,-112.2353100000002,5586.104325867748,1.0,5698.339635867748,1.2385972144542434,1722888600.0,2024-08-05T18:45:00Z,2024-08-05T18:45:00Z,2024-08-05T20:09:00Z,2024-08-05T20:10:00Z,stop,54254.75826303465,51908.7691102336,1.9867776089555949,"simulated minute open / intraminute exit interval, not exact tick"
308,2427330.0,2428770.0,-1.0,0.114,59608.0,59464.5,3.397656,3.3894765000000002,-0.2968984186625336,16.359,9.868765918662534,5595.973091786412,4.0,5586.104325867748,1.216467076802117,1723563000.0,2024-08-12T15:30:00Z,2024-08-12T15:30:00Z,2024-08-13T15:30:00Z,2024-08-13T15:30:00Z,timeout,60498.923229490865,57837.79482813564,1.986933456517889,"simulated minute open / intraminute exit interval, not exact tick"
309,2428995.0,2430029.0,-1.0,0.112,60544.9,61468.0,3.3905144000000003,3.442208,0.012566934935453689,-103.38719999999984,-110.23248933493528,5485.740602451477,1.0,5595.973091786412,1.2117693721495864,1723638600.0,2024-08-13T19:15:00Z,2024-08-13T19:15:00Z,2024-08-14T12:29:00Z,2024-08-14T12:30:00Z,stop,61455.68925372092,58735.1544383919,1.9870080309079232,"simulated minute open / intraminute exit interval, not exact tick"
310,2431500.0,2431564.0,-1.0,0.117,58754.4,59616.9,3.4371324000000003,3.48758865,0.0,-100.91250000000001,-107.83722105000001,5377.9033814014765,1.0,5485.740602451477,1.2531151759031438,1723730700.0,2024-08-15T13:00:00Z,2024-08-15T13:00:00Z,2024-08-15T14:04:00Z,2024-08-15T14:05:00Z,stop,59604.88689529965,57064.88459259023,1.9865272666129805,"simulated minute open / intraminute exit interval, not exact tick"
311,2431770.0,2431819.0,-1.0,0.094,59277.200000000004,57584.200000000004,2.7860284,2.7064574,0.0,159.142,153.6495142,5531.552895601477,2.0,5377.9033814014765,1.0361020652155948,1723746000.0,2024-08-15T17:30:00Z,2024-08-15T17:30:00Z,2024-08-15T18:19:00Z,2024-08-15T18:20:00Z,target,60135.254576168874,57572.64633579407,1.9865329217362824,"simulated minute open / intraminute exit interval, not exact tick"
312,2433345.0,2434785.0,-1.0,0.116,59659.5,59486.5,3.4602510000000004,3.4502170000000003,-0.4070364488724594,20.068,13.56456844887246,5545.117464050349,4.0,5531.552895601477,1.251095692405468,1723923900.0,2024-08-16T19:45:00Z,2024-08-16T19:45:00Z,2024-08-17T19:45:00Z,2024-08-17T19:45:00Z,timeout,60528.240968561826,57933.57149552242,1.9867009464683192,"simulated minute open / intraminute exit interval, not exact tick"
313,2440635.0,2442075.0,-1.0,0.117,60942.9,60503.600000000006,3.5651596500000005,3.5394606000000004,0.576934842327758,51.398099999999495,43.71654490767174,5588.834008958021,4.0,5545.117464050349,1.2858734456441552,1724361300.0,2024-08-21T21:15:00Z,2024-08-21T21:15:00Z,2024-08-22T21:15:00Z,2024-08-22T21:15:00Z,timeout,61805.129206997786,59230.19920080764,1.986363701545034,"simulated minute open / intraminute exit interval, not exact tick"
314,2448960.0,2449297.0,1.0,0.121,61685.8,60840.9,3.7319909000000004,3.6808744499999997,0.5786090268953649,-102.23290000000017,-110.22437437689554,5478.609634581125,1.0,5588.834008958021,1.3355168158575497,1724794680.0,2024-08-27T16:00:00Z,2024-08-27T16:00:00Z,2024-08-27T21:37:00Z,2024-08-27T21:38:00Z,stop,60853.09703440787,63338.36845361018,1.9845833651319258,"simulated minute open / intraminute exit interval, not exact tick"
315,2458215.0,2458446.0,1.0,0.117,59751.200000000004,58889.3,3.4954452000000007,3.4450240500000007,0.0,-100.84230000000018,-107.78276925000019,5370.826865331124,1.0,5478.609634581125,1.2760336775727406,1725343620.0,2024-09-03T02:15:00Z,2024-09-03T02:15:00Z,2024-09-03T06:06:00Z,2024-09-03T06:07:00Z,stop,58901.13986059922,61438.97883890837,1.985481686152355,"simulated minute open / intraminute exit interval, not exact tick"
316,2459595.0,2460403.0,-1.0,0.125,56157.700000000004,56946.9,3.5098562500000003,3.55918125,-0.0744415875,-98.64999999999964,-105.64459591249963,5265.182269418625,1.0,5370.826865331124,1.307007780368511,1725461040.0,2024-09-04T01:15:00Z,2024-09-04T01:15:00Z,2024-09-04T14:43:00Z,2024-09-04T14:44:00Z,stop,56935.47274452288,54613.23873558285,1.985748761824527,"simulated minute open / intraminute exit interval, not exact tick"
317,2463525.0,2464485.0,-1.0,0.12,53626.200000000004,54434.200000000004,3.217572,3.266052,0.5331527261104952,-96.96,-103.9767767261105,5161.205492692515,1.0,5265.182269418625,1.2222072609673513,1725705960.0,2024-09-06T18:45:00Z,2024-09-06T18:45:00Z,2024-09-07T10:45:00Z,2024-09-07T10:46:00Z,stop,54423.22595501626,52042.72408480173,1.9867306770028195,"simulated minute open / intraminute exit interval, not exact tick"
318,2467995.0,2468188.0,1.0,0.106,57484.9,56581.100000000006,3.0466997,2.9987983000000002,-0.3642992024989191,-95.80279999999954,-101.48399879750063,5059.721493895014,1.0,5161.205492692515,1.1806155381000294,1725928140.0,2024-09-09T21:15:00Z,2024-09-09T21:15:00Z,2024-09-10T00:28:00Z,2024-09-10T00:29:00Z,stop,56592.46109499704,59257.92074067442,1.9867138587694413,"simulated minute open / intraminute exit interval, not exact tick"
319,2468625.0,2469858.0,1.0,0.10400000000000001,57163.8,56265.0,2.9725176000000006,2.92578,-0.7768969105801515,-93.47520000000031,-98.59660068942017,4961.124893205594,1.0,5059.721493895014,1.1749728136564817,1726028340.0,2024-09-10T07:45:00Z,2024-09-10T07:45:00Z,2024-09-11T04:18:00Z,2024-09-11T04:19:00Z,stop,56276.34609336002,58926.850743948446,1.9866392279725187,"simulated minute open / intraminute exit interval, not exact tick"
320,2473785.0,2475007.0,1.0,0.106,60214.600000000006,59352.3,3.1913738000000005,3.1456719000000004,-0.35517634395950093,-91.4038000000003,-97.3856693560408,4863.739223849552,1.0,4961.124893205594,1.2865524931132777,1726337280.0,2024-09-13T21:45:00Z,2024-09-13T21:45:00Z,2024-09-14T18:07:00Z,2024-09-14T18:08:00Z,stop,59364.25077775417,61902.85669263782,1.9853686561610577,"simulated minute open / intraminute exit interval, not exact tick"
321,2479155.0,2479421.0,1.0,0.10300000000000001,61029.4,60166.200000000004,3.1430141000000003,3.0985593000000002,0.3353044459100001,-88.90959999999971,-95.48647784590972,4768.252746003643,1.0,4863.739223849552,1.2924270629428884,1726602120.0,2024-09-17T15:15:00Z,2024-09-17T15:15:00Z,2024-09-17T19:41:00Z,2024-09-17T19:42:00Z,stop,60178.24551360334,62719.065885685064,1.985145954923192,"simulated minute open / intraminute exit interval, not exact tick"
322,2499450.0,2499513.0,-1.0,0.099,61520.100000000006,62405.4,3.0452449500000003,3.0890673000000004,0.0,-87.64469999999957,-93.77901224999957,4674.4737337536435,1.0,4768.252746003643,1.2773001399945816,1727807640.0,2024-10-01T17:30:00Z,2024-10-01T17:30:00Z,2024-10-01T18:33:00Z,2024-10-01T18:34:00Z,stop,62392.91060029016,59786.52695176523,1.9861961434227253,"simulated minute open / intraminute exit interval, not exact tick"
323,2499555.0,2500995.0,-1.0,0.08,61751.200000000004,60840.5,2.4700480000000002,2.43362,-1.1428962470319632,72.85600000000035,69.09522824703231,4743.568962000675,4.0,4674.4737337536435,1.0568239937532091,1727896500.0,2024-10-01T19:15:00Z,2024-10-01T19:15:00Z,2024-10-02T19:15:00Z,2024-10-02T19:15:00Z,timeout,62627.28930968314,60010.97237046035,1.9863587083023078,"simulated minute open / intraminute exit interval, not exact tick"
324,2513880.0,2515320.0,1.0,0.095,62892.5,63049.700000000004,2.9873937500000003,2.9948607500000004,0.6381327325518653,14.934000000000415,8.313612767448548,4751.882574768124,4.0,4743.568962000675,1.2595553153885295,1728756000.0,2024-10-11T18:00:00Z,2024-10-11T18:00:00Z,2024-10-12T18:00:00Z,2024-10-12T18:00:00Z,timeout,61987.709217669384,64689.22190699842,1.9857871477982063,"simulated minute open / intraminute exit interval, not exact tick"
325,2538855.0,2539840.0,1.0,0.081,71034.90000000001,73131.5,2.8769134500000004,2.96182575,1.1613366819000002,169.8245999999993,162.8245241180993,4914.707098886223,2.0,4751.882574768124,1.210852080089704,1730227260.0,2024-10-29T02:15:00Z,2024-10-29T02:15:00Z,2024-10-29T18:40:00Z,2024-10-29T18:41:00Z,target,69971.88474609422,73146.2025176791,1.9861450810998469,"simulated minute open / intraminute exit interval, not exact tick"
326,2543160.0,2543808.0,-1.0,0.083,69411.0,70498.90000000001,2.8805565000000004,2.9257043500000006,-0.5751911676510552,-90.29570000000074,-95.52676968234968,4819.180329203873,1.0,4914.707098886223,1.1722189917087003,1730465340.0,2024-11-01T02:00:00Z,2024-11-01T02:00:00Z,2024-11-01T12:48:00Z,2024-11-01T12:49:00Z,stop,70484.77387356582,67276.92219259425,1.9874555154884024,"simulated minute open / intraminute exit interval, not exact tick"
327,2550390.0,2550427.0,1.0,0.07200000000000001,72387.3,74819.40000000001,2.6059428000000002,2.693498400000001,0.0,175.11120000000045,169.81175880000043,4988.9920880038735,2.0,4819.180329203873,1.0814879801065678,1730862480.0,2024-11-06T02:30:00Z,2024-11-06T02:30:00Z,2024-11-06T03:07:00Z,2024-11-06T03:08:00Z,target,71156.46789203695,74834.38471930937,1.9881547641449986,"simulated minute open / intraminute exit interval, not exact tick"
328,2556300.0,2557342.0,1.0,0.08700000000000001,79289.6,81325.8,3.4490976000000004,3.5376723000000005,2.7355479259830005,177.14939999999976,167.42708217401676,5156.41917017789,2.0,4988.9920880038735,1.3826831308445733,1731277380.0,2024-11-10T05:00:00Z,2024-11-10T05:00:00Z,2024-11-10T22:22:00Z,2024-11-10T22:23:00Z,target,78255.16081919373,81342.16348796015,1.9842282910826128,"simulated minute open / intraminute exit interval, not exact tick"
329,2557680.0,2557794.0,1.0,0.08600000000000001,81678.70000000001,80582.20000000001,3.512184100000001,3.465034600000001,0.0,-94.299,-101.2762187,5055.14295147789,1.0,5156.41917017789,1.36225701754919,1731304500.0,2024-11-11T04:00:00Z,2024-11-11T04:00:00Z,2024-11-11T05:54:00Z,2024-11-11T05:55:00Z,stop,80598.34216325084,83822.68447582406,1.9845132815210227,"simulated minute open / intraminute exit interval, not exact tick"
330,2558400.0,2558587.0,1.0,0.065,84131.0,86442.6,2.7342575,2.8093845,0.546701183443285,150.2540000000004,144.1636568165571,5199.306608294447,2.0,5055.14295147789,1.0817725734939423,1731352080.0,2024-11-11T16:00:00Z,2024-11-11T16:00:00Z,2024-11-11T19:07:00Z,2024-11-11T19:08:00Z,target,82957.8762172425,86459.97904666816,1.9852798834184158,"simulated minute open / intraminute exit interval, not exact tick"
331,2561205.0,2561522.0,1.0,0.069,90852.5,89462.8,3.1344112500000003,3.0864666,1.396507981728,-95.8892999999998,-103.5066858317278,5095.799922462719,1.0,5199.306608294447,1.205703562471072,1731528180.0,2024-11-13T14:45:00Z,2024-11-13T14:45:00Z,2024-11-13T20:02:00Z,2024-11-13T20:03:00Z,stop,89480.79414176202,93578.501398565,1.9873075427895721,"simulated minute open / intraminute exit interval, not exact tick"
332,2561565.0,2561584.0,1.0,0.055,90817.1,89428.0,2.4974702500000006,2.45927,0.0,-76.40050000000032,-81.35724025000033,5014.442682212719,1.0,5095.799922462719,0.9802073425178799,1731531900.0,2024-11-13T20:45:00Z,2024-11-13T20:45:00Z,2024-11-13T21:04:00Z,2024-11-13T21:05:00Z,stop,89445.92861673389,93540.79621302994,1.9864010044769957,"simulated minute open / intraminute exit interval, not exact tick"
333,2562240.0,2562643.0,1.0,0.066,90837.1,89447.70000000001,2.9976243000000005,2.9517741000000006,0.59940474,-91.70039999999962,-98.24920313999961,4916.193479072719,1.0,5014.442682212719,1.1955961968149336,1731595440.0,2024-11-14T08:00:00Z,2024-11-14T08:00:00Z,2024-11-14T14:43:00Z,2024-11-14T14:44:00Z,stop,89465.62665347294,93561.29711991921,1.9863288825973888,"simulated minute open / intraminute exit interval, not exact tick"
334,2563155.0,2563213.0,-1.0,0.056,86985.70000000001,88336.1,2.4355996000000006,2.4734108000000004,-0.48930705871516006,-75.62239999999967,-80.04210334128452,4836.151375731434,1.0,4916.193479072719,0.9908477403779469,1731629640.0,2024-11-14T23:15:00Z,2024-11-14T23:15:00Z,2024-11-15T00:13:00Z,2024-11-15T00:14:00Z,stop,88318.3746997963,84337.31437876992,1.9872708783583235,"simulated minute open / intraminute exit interval, not exact tick"
335,2564460.0,2565900.0,1.0,0.047,91497.6,90794.6,2.1501936,2.1336731,1.4198250119418312,-33.041,-38.74469171194183,4797.406684019491,4.0,4836.151375731434,0.8892168308833378,1731790800.0,2024-11-15T21:00:00Z,2024-11-15T21:00:00Z,2024-11-16T21:00:00Z,2024-11-16T21:00:00Z,timeout,90073.76986784118,94326.39071732585,1.9867473327290885,"simulated minute open / intraminute exit interval, not exact tick"
336,2572095.0,2573535.0,1.0,0.059000000000000004,96964.0,98797.1,2.8604380000000003,2.9145144500000004,1.722783449982157,108.15290000000034,100.65516410001818,4898.061848119509,4.0,4797.406684019491,1.1924934400614091,1732248900.0,2024-11-21T04:15:00Z,2024-11-21T04:15:00Z,2024-11-22T04:15:00Z,2024-11-22T04:15:00Z,timeout,95485.81080067516,99900.48995239032,1.9865453987429673,"simulated minute open / intraminute exit interval, not exact tick"
337,2578920.0,2580360.0,-1.0,0.057,93821.20000000001,91782.20000000001,2.6739042000000004,2.6157927000000005,-3.688023813783743,116.223,114.62132691378375,5012.683175033293,4.0,4898.061848119509,1.0918213297068025,1732658400.0,2024-11-25T22:00:00Z,2024-11-25T22:00:00Z,2024-11-26T22:00:00Z,2024-11-26T22:00:00Z,timeout,95394.87420855956,90692.02091358397,1.9884541980771984,"simulated minute open / intraminute exit interval, not exact tick"
338,2581470.0,2582910.0,1.0,0.059000000000000004,95905.6,95107.1,2.8292152000000006,2.8056594500000007,2.0369522824555792,-47.11150000000001,-54.78332693245559,4957.899848100837,4.0,5012.683175033293,1.1288226689017542,1732811400.0,2024-11-27T16:30:00Z,2024-11-27T16:30:00Z,2024-11-28T16:30:00Z,2024-11-28T16:30:00Z,timeout,94360.62717144848,98975.62383782263,1.9871053918151262,"simulated minute open / intraminute exit interval, not exact tick"
339,2592195.0,2592379.0,1.0,0.059000000000000004,103255.90000000001,101717.1,3.0460490500000006,3.0006544500000003,0.0,-90.78920000000018,-96.83590350000019,4861.063944600836,1.0,4957.899848100837,1.2287658659207543,1733379600.0,2024-12-05T03:15:00Z,2024-12-05T03:15:00Z,2024-12-05T06:19:00Z,2024-12-05T06:20:00Z,stop,101737.51565283748,106271.25696377174,1.9858983460983692,"simulated minute open / intraminute exit interval, not exact tick"
340,2592465.0,2592950.0,1.0,0.049,102560.8,101032.40000000001,2.5127396,2.4752938,3.631038126487227,-74.89159999999971,-83.51067152648695,4777.553273074349,1.0,4861.063944600836,1.0338228950026012,1733413860.0,2024-12-05T07:45:00Z,2024-12-05T07:45:00Z,2024-12-05T15:50:00Z,2024-12-05T15:51:00Z,stop,101052.63714100147,105555.9198694683,1.9859392847382122,"simulated minute open / intraminute exit interval, not exact tick"
341,2593350.0,2593351.0,-1.0,0.009000000000000001,94083.0,95485.6,0.42337350000000007,0.4296852000000001,0.0,-12.623400000000053,-13.476458700000054,4764.076814374349,1.0,4777.553273074349,0.1772344444115679,1733437920.0,2024-12-05T22:30:00Z,2024-12-05T22:30:00Z,2024-12-05T22:31:00Z,2024-12-05T22:32:00Z,stop,95466.49628964633,91334.35156938723,1.9867407315674213,"simulated minute open / intraminute exit interval, not exact tick"
342,2594505.0,2594844.0,1.0,0.058,100742.5,99235.6,2.9215325000000005,2.8778324000000004,0.0,-87.40019999999967,-93.19956489999967,4670.87724947435,1.0,4764.076814374349,1.2264842125068363,1733527500.0,2024-12-06T17:45:00Z,2024-12-06T17:45:00Z,2024-12-06T23:24:00Z,2024-12-06T23:25:00Z,stop,99255.45157078456,103695.69756651114,1.9859457893171835,"simulated minute open / intraminute exit interval, not exact tick"
343,2598840.0,2599025.0,-1.0,0.057,97386.6,94464.20000000001,2.7755181,2.6922297000000004,0.0,166.57679999999968,161.10905219999967,4831.986301674349,2.0,4670.87724947435,1.1884354701517155,1733778360.0,2024-12-09T18:00:00Z,2024-12-09T18:00:00Z,2024-12-09T21:05:00Z,2024-12-09T21:06:00Z,target,98866.78565798745,94445.23288051834,1.9871609372846828,"simulated minute open / intraminute exit interval, not exact tick"
344,2599200.0,2600283.0,-1.0,0.059000000000000004,97329.6,94408.8,2.8712232000000006,2.7850596000000003,-1.1379989158879602,172.32720000000018,167.8089161158881,4999.795217790237,2.0,4831.986301674349,1.1884235677593218,1733853840.0,2024-12-10T00:00:00Z,2024-12-10T00:00:00Z,2024-12-10T18:03:00Z,2024-12-10T18:04:00Z,target,98808.91931105158,94389.8686142039,1.987218962014643,"simulated minute open / intraminute exit interval, not exact tick"
345,2601570.0,2603010.0,1.0,0.059000000000000004,100501.40000000001,101457.70000000001,2.9647913000000004,2.9930021500000006,1.781523594247542,56.42170000000017,48.68238295575262,5048.4776007459905,4.0,4999.795217790237,1.1859650929104857,1734017400.0,2024-12-11T15:30:00Z,2024-12-11T15:30:00Z,2024-12-12T15:30:00Z,2024-12-12T15:30:00Z,timeout,98951.85555432423,103579.87216583503,1.986694976337022,"simulated minute open / intraminute exit interval, not exact tick"
346,2611935.0,2612309.0,-1.0,0.058,101956.8,98832.3,2.9567472,2.8661367,-0.5810555355006941,181.221,175.9791716355007,5224.456772381492,2.0,5048.4776007459905,1.1713421089807727,1734575400.0,2024-12-18T20:15:00Z,2024-12-18T20:15:00Z,2024-12-19T02:29:00Z,2024-12-19T02:30:00Z,target,103538.85097442566,98812.46496262732,1.9875055154365118,"simulated minute open / intraminute exit interval, not exact tick"
347,2613375.0,2613437.0,-1.0,0.064,95943.0,97448.1,3.070176,3.1183392000000003,0.0,-96.32640000000038,-102.51491520000037,5121.941857181491,1.0,5224.456772381492,1.1753091790251355,1734643080.0,2024-12-19T20:15:00Z,2024-12-19T20:15:00Z,2024-12-19T21:17:00Z,2024-12-19T21:18:00Z,stop,97428.53981630094,92990.62270173301,1.9874104119393845,"simulated minute open / intraminute exit interval, not exact tick"
348,2614290.0,2614413.0,-1.0,0.064,93631.6,95107.8,2.9962112000000003,3.0434496000000006,0.0,-94.47679999999981,-100.51646079999982,5021.425396381491,1.0,5121.941857181491,1.1699512737728575,1734701640.0,2024-12-20T11:30:00Z,2024-12-20T11:30:00Z,2024-12-20T13:33:00Z,2024-12-20T13:34:00Z,stop,95088.7066664616,90735.60153117547,1.9874992925927024,"simulated minute open / intraminute exit interval, not exact tick"
349,2620395.0,2620568.0,1.0,0.059000000000000004,98846.3,97283.3,2.9159658500000005,2.86985735,0.0,-92.21700000000001,-98.00282320000002,4923.42257318149,1.0,5021.425396381491,1.1614096077585008,1735070940.0,2024-12-24T17:15:00Z,2024-12-24T17:15:00Z,2024-12-24T20:08:00Z,2024-12-24T20:09:00Z,stop,97302.81509595616,101913.05770011562,1.9869048878164504,"simulated minute open / intraminute exit interval, not exact tick"
350,2620695.0,2622135.0,1.0,0.048,98732.6,98405.1,2.3695824,2.3617224,1.416824089599984,-15.72,-21.868128889599987,4901.554444291891,4.0,4923.42257318149,0.9625752674196268,1735164900.0,2024-12-24T22:15:00Z,2024-12-24T22:15:00Z,2024-12-25T22:15:00Z,2024-12-25T22:15:00Z,timeout,97190.89052137511,101795.600603278,1.9867560300725446,"simulated minute open / intraminute exit interval, not exact tick"
351,2622840.0,2624225.0,-1.0,0.06,95393.40000000001,96907.20000000001,2.8618020000000004,2.9072160000000005,-1.63950214621278,-90.82800000000017,-94.9575158537874,4806.5969284381035,1.0,4901.554444291891,1.1677120115773534,1735290360.0,2024-12-26T10:00:00Z,2024-12-26T10:00:00Z,2024-12-27T09:05:00Z,2024-12-27T09:06:00Z,stop,96887.74425426722,92423.2130858053,1.9876189209501856,"simulated minute open / intraminute exit interval, not exact tick"
352,2639070.0,2640218.0,1.0,0.054,102423.1,100796.6,2.7654237000000004,2.7215082,1.040513058589392,-87.831,-94.3584449585894,4712.238483479514,1.0,4806.5969284381035,1.1506784284899965,1736249940.0,2025-01-06T16:30:00Z,2025-01-06T16:30:00Z,2025-01-07T11:38:00Z,2025-01-07T11:39:00Z,stop,100816.85156635432,105614.45388552478,1.9868370413170713,"simulated minute open / intraminute exit interval, not exact tick"
353,2640465.0,2641658.0,-1.0,0.054,97533.20000000001,94516.90000000001,2.6333964,2.5519563000000005,-1.4775127734341194,162.88020000000014,159.17236007343425,4871.410843552948,2.0,4712.238483479514,1.117683839318549,1736336340.0,2025-01-07T15:45:00Z,2025-01-07T15:45:00Z,2025-01-08T11:38:00Z,2025-01-08T11:39:00Z,target,99060.31567470716,94497.95488076733,1.9875672612781832,"simulated minute open / intraminute exit interval, not exact tick"
354,2642010.0,2642044.0,-1.0,0.061,92962.90000000001,94426.3,2.8353684500000003,2.8800021499999997,0.0,-89.26739999999964,-94.98277059999964,4776.428072952948,1.0,4871.410843552948,1.1640851248473363,1736359500.0,2025-01-08T17:30:00Z,2025-01-08T17:30:00Z,2025-01-08T18:04:00Z,2025-01-08T18:05:00Z,stop,94407.3913756983,90091.9392214638,1.9875236549254793,"simulated minute open / intraminute exit interval, not exact tick"
355,2643630.0,2643758.0,-1.0,0.062,91226.20000000001,92656.3,2.8280122000000003,2.8723453,0.0,-88.66619999999946,-94.36655749999947,4682.061515452949,1.0,4776.428072952948,1.1841535795394604,1736462340.0,2025-01-09T20:30:00Z,2025-01-09T20:30:00Z,2025-01-09T22:38:00Z,2025-01-09T22:39:00Z,stop,92637.73937364519,88420.85494236158,1.9874366312530674,"simulated minute open / intraminute exit interval, not exact tick"
356,2648880.0,2649056.0,-1.0,0.061,90809.3,92217.0,2.76968365,2.8126185,0.0,-85.86969999999982,-91.45200214999983,4590.609513302949,1.0,4682.061515452949,1.1831043401966312,1736780220.0,2025-01-13T12:00:00Z,2025-01-13T12:00:00Z,2025-01-13T14:56:00Z,2025-01-13T14:57:00Z,stop,92198.5236675305,88048.49580852123,1.9872999978372166,"simulated minute open / intraminute exit interval, not exact tick"
357,2652480.0,2653007.0,1.0,0.054,100480.1,98903.1,2.7129627000000003,2.6703837000000004,0.44719499049103445,-85.158,-90.98854139049104,4499.620971912458,1.0,4590.609513302949,1.1819618689580156,1737017280.0,2025-01-16T00:00:00Z,2025-01-16T00:00:00Z,2025-01-16T08:47:00Z,2025-01-16T08:48:00Z,stop,98922.9308845699,103573.7152398556,1.986691881569405,"simulated minute open / intraminute exit interval, not exact tick"
358,2654835.0,2655845.0,1.0,0.05,104020.20000000001,102358.20000000001,2.6005050000000005,2.5589550000000005,1.0411870979591,-83.10000000000001,-89.3006470979591,4410.320324814498,1.0,4499.620971912458,1.1558773577743002,1737187560.0,2025-01-17T15:15:00Z,2025-01-17T15:15:00Z,2025-01-18T08:05:00Z,2025-01-18T08:06:00Z,stop,102378.69828803642,107281.74695074967,1.986928753700877,"simulated minute open / intraminute exit interval, not exact tick"
359,2658660.0,2658978.0,1.0,0.046,107572.90000000001,105789.40000000001,2.4741767,2.4331562000000004,0.49279291916301204,-82.041,-87.441125819163,4322.879198995336,1.0,4410.320324814498,1.1219941037294454,1737375540.0,2025-01-20T07:00:00Z,2025-01-20T07:00:00Z,2025-01-20T12:18:00Z,2025-01-20T12:19:00Z,stop,105810.6319077355,111077.91694182115,1.9889237949699348,"simulated minute open / intraminute exit interval, not exact tick"
360,2659230.0,2659265.0,1.0,0.037,105648.70000000001,103897.1,1.9545009500000001,1.9220963500000001,0.0,-64.80920000000022,-68.68579730000022,4254.193401695336,1.0,4322.879198995336,0.904258879338677,1737392760.0,2025-01-20T16:30:00Z,2025-01-20T16:30:00Z,2025-01-20T17:05:00Z,2025-01-20T17:06:00Z,stop,103917.95431034002,109088.40005545037,1.9874092860668076,"simulated minute open / intraminute exit interval, not exact tick"
361,2660805.0,2661584.0,1.0,0.044,106833.70000000001,105033.5,2.3503414000000005,2.310737,0.46690336,-79.20880000000051,-84.33678176000052,4169.856619935336,1.0,4254.193401695336,1.104952773921076,1737531900.0,2025-01-21T18:45:00Z,2025-01-21T18:45:00Z,2025-01-22T07:44:00Z,2025-01-22T07:45:00Z,stop,105054.59185810127,110369.8035327791,1.9875708786342783,"simulated minute open / intraminute exit interval, not exact tick"
362,2668770.0,2668791.0,-1.0,0.05,97731.5,99273.90000000001,2.4432875,2.4818475,0.0,-77.12000000000045,-82.04513500000044,4087.8114849353356,1.0,4169.856619935336,1.1718808211865515,1737964320.0,2025-01-27T07:30:00Z,2025-01-27T07:30:00Z,2025-01-27T07:51:00Z,2025-01-27T07:52:00Z,stop,99253.97787924141,94705.2429241718,1.9877182565936868,"simulated minute open / intraminute exit interval, not exact tick"
363,2668980.0,2669090.0,-1.0,0.04,98338.0,99890.0,1.96676,1.9978,0.0,-62.08,-66.04455999999999,4021.7669249353357,1.0,4087.8114849353356,0.9622557239970727,1737982260.0,2025-01-27T11:00:00Z,2025-01-27T11:00:00Z,2025-01-27T12:50:00Z,2025-01-27T12:51:00Z,stop,99869.92603908507,95293.23414194884,1.98754103028997,"simulated minute open / intraminute exit interval, not exact tick"
364,2678085.0,2678146.0,-1.0,0.051000000000000004,96963.5,98401.90000000001,2.4725692500000003,2.5092484500000007,0.0,-73.35840000000044,-78.34021770000045,3943.426707235335,1.0,4021.7669249353357,1.2295935076047477,1738525620.0,2025-02-02T18:45:00Z,2025-02-02T18:45:00Z,2025-02-02T19:46:00Z,2025-02-02T19:47:00Z,stop,98382.16785038185,94139.75463271423,1.9904203556355426,"simulated minute open / intraminute exit interval, not exact tick"
365,2678250.0,2678503.0,-1.0,0.042,96894.0,94096.40000000001,2.034774,1.9760244000000002,-0.41019842767554004,117.49919999999965,113.89860002767519,4057.32530726301,2.0,3943.426707235335,1.0319826643495769,1738547040.0,2025-02-02T21:30:00Z,2025-02-02T21:30:00Z,2025-02-03T01:43:00Z,2025-02-03T01:44:00Z,target,98311.65099955034,94077.53032014733,1.986715828328702,"simulated minute open / intraminute exit interval, not exact tick"
366,2678625.0,2678868.0,-1.0,0.054,93802.1,95167.20000000001,2.5326567,2.5695144000000005,0.0,-73.71540000000032,-78.81757110000032,3978.5077361630097,1.0,4057.32530726301,1.2484365971179565,1738568940.0,2025-02-03T03:45:00Z,2025-02-03T03:45:00Z,2025-02-03T07:48:00Z,2025-02-03T07:49:00Z,stop,95148.10125387747,91128.35795584723,1.9864335463659235,"simulated minute open / intraminute exit interval, not exact tick"
367,2679600.0,2680086.0,1.0,0.049,101852.3,100370.70000000001,2.49538135,2.4590821500000004,0.129643780756,-72.59839999999957,-77.68250728075557,3900.825228882254,1.0,3978.5077361630097,1.2544308145076624,1738642020.0,2025-02-03T20:00:00Z,2025-02-03T20:00:00Z,2025-02-04T04:06:00Z,2025-02-04T04:07:00Z,stop,100390.78342936562,104754.34768687958,1.9856413161432256,"simulated minute open / intraminute exit interval, not exact tick"
368,2681130.0,2681343.0,-1.0,0.05,97183.3,98602.0,2.4295825,2.46505,0.02252213195,-70.93499999999986,-75.85215463194986,3824.9730742503043,1.0,3900.825228882254,1.2456761620649048,1738717440.0,2025-02-04T21:30:00Z,2025-02-04T21:30:00Z,2025-02-05T01:03:00Z,2025-02-05T01:04:00Z,stop,98582.22489564326,94404.48593629313,1.9863926021769107,"simulated minute open / intraminute exit interval, not exact tick"
369,2705580.0,2705845.0,-1.0,0.054,95015.20000000001,96298.0,2.5654104,2.600046,-0.519109573359978,-69.27119999999937,-73.9175468266394,3751.055527423665,1.0,3824.9730742503043,1.3414005014938941,1740187560.0,2025-02-21T21:00:00Z,2025-02-21T21:00:00Z,2025-02-22T01:25:00Z,2025-02-22T01:26:00Z,stop,96278.73965780382,92506.71268972494,1.9852857761782923,"simulated minute open / intraminute exit interval, not exact tick"
370,2709975.0,2710510.0,-1.0,0.056,93105.20000000001,90731.5,2.6069456000000004,2.540482,-0.512538192693352,132.92720000000065,128.292310592694,3879.3478380163588,2.0,3751.055527423665,1.3899797435366292,1740467460.0,2025-02-24T22:15:00Z,2025-02-24T22:15:00Z,2025-02-25T07:10:00Z,2025-02-25T07:11:00Z,target,94310.2623341232,90713.29126285847,1.9848838266793165,"simulated minute open / intraminute exit interval, not exact tick"
371,2710650.0,2711000.0,-1.0,0.061,88590.1,86362.0,2.7019980500000003,2.6340410000000003,0.0,135.91410000000036,130.57806095000038,4009.925898966359,2.0,3879.3478380163588,1.3930166423960697,1740496860.0,2025-02-25T09:30:00Z,2025-02-25T09:30:00Z,2025-02-25T15:20:00Z,2025-02-25T15:21:00Z,target,89721.50245482703,86344.640435397,1.984669164383506,"simulated minute open / intraminute exit interval, not exact tick"
372,2711325.0,2711405.0,-1.0,0.064,88221.5,89366.1,2.8230880000000003,2.8597152,0.0,-73.25440000000037,-78.93720320000037,3930.9886957663584,1.0,4009.925898966359,1.4080499595903802,1740521160.0,2025-02-25T20:45:00Z,2025-02-25T20:45:00Z,2025-02-25T22:05:00Z,2025-02-25T22:06:00Z,stop,89348.19498813663,85985.3579230191,1.984691598459245,"simulated minute open / intraminute exit interval, not exact tick"
373,2711445.0,2712366.0,-1.0,0.062,88585.90000000001,86357.90000000001,2.7461629000000003,2.6770949,-0.5236985688589746,138.136,133.23644076885896,4064.225136535217,2.0,3930.9886957663584,1.3971868720750047,1740578820.0,2025-02-25T22:45:00Z,2025-02-25T22:45:00Z,2025-02-26T14:06:00Z,2025-02-26T14:07:00Z,target,89717.24881576003,86340.54771353102,1.9846684375239314,"simulated minute open / intraminute exit interval, not exact tick"
374,2715105.0,2715216.0,-1.0,0.067,80519.8,81625.20000000001,2.6974133,2.7344442000000004,0.0,-74.06180000000059,-79.49365750000058,3984.7314790352166,1.0,4064.225136535217,1.3273936405499256,1740749820.0,2025-02-28T11:45:00Z,2025-02-28T11:45:00Z,2025-02-28T13:36:00Z,2025-02-28T13:37:00Z,stop,81608.85237028672,78357.45704054378,1.9855270678001753,"simulated minute open / intraminute exit interval, not exact tick"
375,2717415.0,2718214.0,-1.0,0.062,86181.70000000001,87344.1,2.6716327000000004,2.7076671,0.148719813044,-72.06879999999964,-77.59681961304364,3907.134659422173,1.0,3984.7314790352166,1.3409348730554143,1740929700.0,2025-03-02T02:15:00Z,2025-03-02T02:15:00Z,2025-03-02T15:34:00Z,2025-03-02T15:35:00Z,stop,87326.58072085574,83908.77891461775,1.985290732892576,"simulated minute open / intraminute exit interval, not exact tick"
376,2718240.0,2718256.0,-1.0,0.05,87372.6,88576.40000000001,2.1843150000000002,2.2144100000000004,0.12534133931759578,-60.19000000000015,-64.71406633931774,3842.4205930828557,1.0,3907.134659422173,1.118116057112318,1740932220.0,2025-03-02T16:00:00Z,2025-03-02T16:00:00Z,2025-03-02T16:16:00Z,2025-03-02T16:17:00Z,stop,88558.68299540532,85017.45888420923,1.9856461351475243,"simulated minute open / intraminute exit interval, not exact tick"
377,2722290.0,2723146.0,-1.0,0.048,89630.70000000001,91105.0,2.1511368,2.1865200000000002,-0.36694235708585377,-70.76639999999944,-74.7371144429136,3767.683478639942,1.0,3842.4205930828557,1.1196779466945848,1741225620.0,2025-03-05T11:30:00Z,2025-03-05T11:30:00Z,2025-03-06T01:46:00Z,2025-03-06T01:47:00Z,stop,91086.70244977396,86736.11029984034,1.9880390315339522,"simulated minute open / intraminute exit interval, not exact tick"
378,2725395.0,2725477.0,-1.0,0.048,89969.3,87171.8,2.1592632000000003,2.0921232,-0.08606957131746529,134.28,130.11468317131747,3897.7981618112594,2.0,3767.683478639942,1.146202016300717,1741365480.0,2025-03-07T15:15:00Z,2025-03-07T15:15:00Z,2025-03-07T16:37:00Z,2025-03-07T16:38:00Z,target,91385.59442385478,87154.33814441967,1.987554147052814,"simulated minute open / intraminute exit interval, not exact tick"
379,2731905.0,2732430.0,-1.0,0.055,82256.90000000001,83556.1,2.2620647500000004,2.29779275,-0.26355211107500004,-71.45599999999985,-75.75230538892485,3822.045856422335,1.0,3897.7981618112594,1.160688499554757,1741782660.0,2025-03-12T03:45:00Z,2025-03-12T03:45:00Z,2025-03-12T12:30:00Z,2025-03-12T12:31:00Z,stop,83539.30000345284,79708.2792810311,1.9873835871076173,"simulated minute open / intraminute exit interval, not exact tick"
380,2736450.0,2737890.0,-1.0,0.057,83903.20000000001,84127.90000000001,2.3912412000000005,2.3976451500000002,0.10877650668783545,-12.807899999999835,-17.70556285668767,3804.340293565647,4.0,3822.045856422335,1.2512885976927268,1742110200.0,2025-03-15T07:30:00Z,2025-03-15T07:30:00Z,2025-03-16T07:30:00Z,2025-03-16T07:30:00Z,timeout,85120.13846453447,81485.5386347628,1.9866751160356422,"simulated minute open / intraminute exit interval, not exact tick"
381,2749035.0,2749206.0,-1.0,0.062,85750.70000000001,86865.1,2.6582717000000002,2.6928181,0.0,-69.09279999999964,-74.44388979999964,3729.896403765647,1.0,3804.340293565647,1.397494175006366,1742789220.0,2025-03-24T01:15:00Z,2025-03-24T01:15:00Z,2025-03-24T04:06:00Z,2025-03-24T04:07:00Z,stop,86847.66417202647,83573.5315946121,1.984721525923643,"simulated minute open / intraminute exit interval, not exact tick"
382,2749830.0,2751270.0,-1.0,0.05,88253.1,87673.70000000001,2.2063275000000004,2.1918425000000004,0.11218673387293993,28.96999999999971,24.459643266126772,3754.3560470317743,4.0,3729.896403765647,1.1830502840628632,1742913000.0,2025-03-24T14:30:00Z,2025-03-24T14:30:00Z,2025-03-25T14:30:00Z,2025-03-25T14:30:00Z,timeout,89353.89786754285,86068.76271391485,1.9843218727893577,"simulated minute open / intraminute exit interval, not exact tick"
383,2751300.0,2752740.0,-1.0,0.061,87944.6,86737.5,2.6823103,2.64549375,0.2722598309059823,73.63310000000035,68.03303611909438,3822.389083150868,4.0,3754.3560470317743,1.4289056585992463,1743001200.0,2025-03-25T15:00:00Z,2025-03-25T15:00:00Z,2025-03-26T15:00:00Z,2025-03-26T15:00:00Z,timeout,89033.72439551217,85783.61280794138,1.9841509390141088,"simulated minute open / intraminute exit interval, not exact tick"
384,2759955.0,2761391.0,-1.0,0.059000000000000004,83378.40000000001,84567.8,2.4596628000000007,2.4947501,-0.4257811425056591,-70.17459999999966,-74.70323175749401,3747.6858513933744,1.0,3822.389083150868,1.286976676886307,1743520320.0,2025-03-31T15:15:00Z,2025-03-31T15:15:00Z,2025-04-01T15:11:00Z,2025-04-01T15:12:00Z,stop,84550.84902441672,81049.73228759167,1.9861568937437206,"simulated minute open / intraminute exit interval, not exact tick"
385,2761410.0,2762746.0,-1.0,0.02,84689.3,85837.3,0.846893,0.858373,-0.07620478535982064,-22.96,-24.589061214640182,3723.0967901787344,1.0,3747.6858513933744,0.45195517104782335,1743601620.0,2025-04-01T15:30:00Z,2025-04-01T15:30:00Z,2025-04-02T13:46:00Z,2025-04-02T13:47:00Z,stop,85820.11762704527,82444.21075940444,1.9853680972959333,"simulated minute open / intraminute exit interval, not exact tick"
386,2763150.0,2763252.0,-1.0,0.06,85820.3,83628.0,2.574609,2.5088399999999997,0.0,131.53800000000018,126.45455100000017,3849.5513411787347,2.0,3723.0967901787344,1.3830470412650222,1743631980.0,2025-04-02T20:30:00Z,2025-04-02T20:30:00Z,2025-04-02T22:12:00Z,2025-04-02T22:13:00Z,target,86933.20286203235,83611.24818266302,1.9849457600485174,"simulated minute open / intraminute exit interval, not exact tick"
387,2769825.0,2769954.0,-1.0,0.059000000000000004,76562.6,77772.2,2.2585967000000005,2.2942799000000003,0.0,-71.36639999999949,-75.91927659999949,3773.632064578735,1.0,3849.5513411787347,1.1734337328299755,1744034100.0,2025-04-07T11:45:00Z,2025-04-07T11:45:00Z,2025-04-07T13:54:00Z,2025-04-07T13:55:00Z,stop,77756.62557970596,74189.46850178228,1.9875047390543872,"simulated minute open / intraminute exit interval, not exact tick"
388,2775525.0,2775939.0,-1.0,0.059000000000000004,82579.20000000001,83753.5,2.4360864000000007,2.47072825,-0.16011493337,-69.28369999999931,-74.03039971662932,3699.6016648621057,1.0,3773.632064578735,1.2911096568562521,1744393200.0,2025-04-11T10:45:00Z,2025-04-11T10:45:00Z,2025-04-11T17:39:00Z,2025-04-11T17:40:00Z,stop,83736.73681295234,80280.35819652093,1.9859772732547687,"simulated minute open / intraminute exit interval, not exact tick"
389,2776500.0,2776811.0,-1.0,0.057,82752.1,83928.90000000001,2.35843485,2.3919736500000006,-0.26903182392,-67.07760000000017,-71.55897667608016,3628.0426881860258,1.0,3699.6016648621057,1.2749669092215123,1744445520.0,2025-04-12T03:00:00Z,2025-04-12T03:00:00Z,2025-04-12T08:11:00Z,2025-04-12T08:12:00Z,stop,83912.060402851,80448.31382018214,1.9860903649430979,"simulated minute open / intraminute exit interval, not exact tick"
390,2777580.0,2779020.0,-1.0,0.044,85457.90000000001,83489.40000000001,1.8800738000000001,1.8367668000000001,-0.8582295370123048,86.61399999999999,83.75538893701228,3711.798077123038,4.0,3628.0426881860258,1.0364121712911887,1744578000.0,2025-04-12T21:00:00Z,2025-04-12T21:00:00Z,2025-04-13T21:00:00Z,2025-04-13T21:00:00Z,timeout,86713.7146617536,82962.96516413685,1.9867062488180163,"simulated minute open / intraminute exit interval, not exact tick"
391,2781855.0,2783025.0,1.0,0.057,84141.70000000001,84912.1,2.3980384500000005,2.41999485,0.4442809375248991,43.91279999999967,38.650485762474766,3750.448562885513,3.0,3711.798077123038,1.2921168663671951,1744818300.0,2025-04-15T20:15:00Z,2025-04-15T20:15:00Z,2025-04-16T15:45:00Z,2025-04-16T15:45:00Z,opposite,82967.76638962023,86472.09285736123,1.9851146919690805,"simulated minute open / intraminute exit interval, not exact tick"
392,2783070.0,2784510.0,-1.0,0.06,84782.3,84913.6,2.543469,2.547408,-0.5327714602668527,-7.878000000000174,-12.43610553973332,3738.0124573457797,4.0,3750.448562885513,1.3563545572496056,1744907400.0,2025-04-16T16:30:00Z,2025-04-16T16:30:00Z,2025-04-17T16:30:00Z,2025-04-17T16:30:00Z,timeout,85900.3806321918,82562.6903549816,1.9851963991785315,"simulated minute open / intraminute exit interval, not exact tick"
393,2793105.0,2794545.0,1.0,0.053,92568.90000000001,93180.6,2.4530758500000003,2.4692859000000005,0.348396857264327,32.42009999999984,27.149341392735515,3765.1617987385152,4.0,3738.0124573457797,1.312502768779875,1745509500.0,2025-04-23T15:45:00Z,2025-04-23T15:45:00Z,2025-04-24T15:45:00Z,2025-04-24T15:45:00Z,timeout,91292.4115965776,95102.76383360426,1.9850269119646407,"simulated minute open / intraminute exit interval, not exact tick"
394,2803095.0,2804270.0,1.0,0.059000000000000004,93394.1,95612.90000000001,2.7551259500000005,2.8205805500000007,0.30744967623350095,130.90920000000017,125.02604382376666,3890.1878425622817,2.0,3765.1617987385152,1.4634834290112482,1746093060.0,2025-04-30T14:15:00Z,2025-04-30T14:15:00Z,2025-05-01T09:50:00Z,2025-05-01T09:51:00Z,target,92265.59655809366,95632.05738723809,1.983119682344583,"simulated minute open / intraminute exit interval, not exact tick"
395,2809440.0,2810880.0,1.0,0.062,94249.1,94677.70000000001,2.9217221,2.9350087000000005,0.19903055408225118,26.573200000000362,20.51743864591811,3910.7052812082,4.0,3890.1878425622817,1.5020982113170147,1746489600.0,2025-05-05T00:00:00Z,2025-05-05T00:00:00Z,2025-05-06T00:00:00Z,2025-05-06T00:00:00Z,timeout,93141.5913551727,96444.77310687967,1.982533605615358,"simulated minute open / intraminute exit interval, not exact tick"
396,2820405.0,2820605.0,1.0,0.055,103437.8,102141.5,2.8445395,2.8088912500000003,0.12969987488976076,-71.29650000000017,-77.07963062488993,3833.6256505833103,1.0,3910.7052812082,1.4547450116830019,1747073160.0,2025-05-12T14:45:00Z,2025-05-12T14:45:00Z,2025-05-12T18:05:00Z,2025-05-12T18:06:00Z,stop,102161.9480347913,105968.29328274936,1.9833753066606146,"simulated minute open / intraminute exit interval, not exact tick"
397,2820780.0,2822220.0,1.0,0.045,102660.1,104490.5,2.30985225,2.35103625,1.116777871837159,82.36799999999974,76.59033362816258,3910.215984211473,4.0,3833.6256505833103,1.2050484113640785,1747170000.0,2025-05-12T21:00:00Z,2025-05-12T21:00:00Z,2025-05-13T21:00:00Z,2025-05-13T21:00:00Z,timeout,101393.84056357037,105171.61315898513,1.983411208422351,"simulated minute open / intraminute exit interval, not exact tick"
398,2824305.0,2825404.0,1.0,0.057,101865.40000000001,104260.8,2.9031639000000005,2.9714328,0.6603903191292304,136.53779999999966,130.00281298087043,4040.2187971923436,2.0,3910.215984211473,1.484912297286027,1747361100.0,2025-05-15T07:45:00Z,2025-05-15T07:45:00Z,2025-05-16T02:04:00Z,2025-05-16T02:05:00Z,target,100646.79911753333,104281.71368050031,1.9828589616718753,"simulated minute open / intraminute exit interval, not exact tick"
399,2830035.0,2830538.0,1.0,0.062,102586.6,104860.5,3.1801846,3.2506755,0.3863722392062342,140.98179999999965,134.16456766079344,4174.383364853137,2.0,4040.2187971923436,1.5742635533550786,1747669140.0,2025-05-19T07:15:00Z,2025-05-19T07:15:00Z,2025-05-19T15:38:00Z,2025-05-19T15:39:00Z,target,101428.63970935284,104881.55778818183,1.9818967944912844,"simulated minute open / intraminute exit interval, not exact tick"
400,2836170.0,2836775.0,1.0,0.053,108695.90000000001,107280.5,2.88044135,2.84293325,0.497124931464,-75.01620000000047,-81.23669953146447,4093.1466653216726,1.0,4174.383364853137,1.3800559738965612,1748043360.0,2025-05-23T13:30:00Z,2025-05-23T13:30:00Z,2025-05-23T23:35:00Z,2025-05-23T23:36:00Z,stop,107301.9961584869,111461.4511263693,1.984032932549524,"simulated minute open / intraminute exit interval, not exact tick"
401,2855310.0,2855776.0,-1.0,0.062,101385.5,102568.8,3.1429505,3.1796328,0.21959923945400003,-73.36460000000018,-79.90678253945417,4013.239882782218,1.0,4093.1466653216726,1.535713599821863,1749183420.0,2025-06-05T20:30:00Z,2025-06-05T20:30:00Z,2025-06-06T04:16:00Z,2025-06-06T04:17:00Z,stop,102548.25411244,99079.82614821117,1.982941902437524,"simulated minute open / intraminute exit interval, not exact tick"
402,2861010.0,2862450.0,1.0,0.059000000000000004,108641.0,109969.90000000001,3.2049095000000003,3.244112050000001,1.5836279392217745,78.40510000000052,70.37245051077875,4083.612333292997,4.0,4013.239882782218,1.597168170160895,1749583800.0,2025-06-09T19:30:00Z,2025-06-09T19:30:00Z,2025-06-10T19:30:00Z,2025-06-10T19:30:00Z,timeout,107446.7365752981,111007.34976402506,1.9814303235617567,"simulated minute open / intraminute exit interval, not exact tick"
403,2865615.0,2866094.0,-1.0,0.063,104249.20000000001,105419.5,3.2838498000000005,3.32071425,0.01783182114,-73.72889999999927,-80.35129587113927,4003.2610374218575,1.0,4083.612333292997,1.6083063385950382,1749802500.0,2025-06-13T00:15:00Z,2025-06-13T00:15:00Z,2025-06-13T08:14:00Z,2025-06-13T08:15:00Z,stop,105398.38742145275,101971.26437625193,1.9822141986800086,"simulated minute open / intraminute exit interval, not exact tick"
404,2872380.0,2872502.0,-1.0,0.063,103553.40000000001,104688.70000000001,3.2619321000000006,3.2976940500000005,0.0,-71.52390000000018,-78.08352615000018,3925.177511271857,1.0,4003.2610374218575,1.6296374728042813,1750186980.0,2025-06-17T17:00:00Z,2025-06-17T17:00:00Z,2025-06-17T19:02:00Z,2025-06-17T19:03:00Z,stop,104667.72566476595,101345.10101787868,1.9817357276655503,"simulated minute open / intraminute exit interval, not exact tick"
405,2876730.0,2878170.0,-1.0,0.062,102870.20000000001,103353.8,3.1889762000000004,3.2039678,-0.8560073086205214,-29.98319999999946,-35.520136691378944,3889.657374580478,4.0,3925.177511271857,1.6248825388621426,1750527000.0,2025-06-20T17:30:00Z,2025-06-20T17:30:00Z,2025-06-21T17:30:00Z,2025-06-21T17:30:00Z,timeout,103977.40908546135,100676.03623398625,1.9817067930756036,"simulated minute open / intraminute exit interval, not exact tick"
406,2879430.0,2879897.0,-1.0,0.064,99475.40000000001,100553.70000000001,3.1832128,3.2177184000000008,-0.2622425934980912,-69.01120000000019,-75.1498886065021,3814.507485973976,1.0,3889.657374580478,1.6367574279435488,1750630680.0,2025-06-22T14:30:00Z,2025-06-22T14:30:00Z,2025-06-22T22:17:00Z,2025-06-22T22:18:00Z,stop,100533.55777851939,97378.6589477017,1.981501336437907,"simulated minute open / intraminute exit interval, not exact tick"
407,2881335.0,2882775.0,1.0,0.06,105291.0,105796.20000000001,3.1587300000000003,3.1738860000000004,0.1835298393039046,30.312000000000697,23.79585416069679,3838.3033401346725,4.0,3814.507485973976,1.6561666278620326,1750803300.0,2025-06-23T22:15:00Z,2025-06-23T22:15:00Z,2025-06-24T22:15:00Z,2025-06-24T22:15:00Z,timeout,104170.24492742855,107511.06308211712,1.9808637377151594,"simulated minute open / intraminute exit interval, not exact tick"
408,2904240.0,2904294.0,1.0,0.059000000000000004,111741.20000000001,110588.90000000001,3.2963654000000004,3.2623725500000007,0.0,-67.98570000000018,-74.54443795000017,3763.7589021846725,1.0,3838.3033401346725,1.7176158880055283,1752094500.0,2025-07-09T20:00:00Z,2025-07-09T20:00:00Z,2025-07-09T20:54:00Z,2025-07-09T20:55:00Z,stop,110611.06127849266,113978.62434053574,1.979778497945366,"simulated minute open / intraminute exit interval, not exact tick"
409,2905770.0,2906264.0,1.0,0.056,115713.3,118001.20000000001,3.2399724,3.3040336000000003,0.64948352,128.12240000000048,120.92891048000048,3884.6878126646725,2.0,3763.7589021846725,1.7216684087385934,1752212700.0,2025-07-10T21:30:00Z,2025-07-10T21:30:00Z,2025-07-11T05:44:00Z,2025-07-11T05:45:00Z,target,114545.67970782486,118024.87237903976,1.9797295358181672,"simulated minute open / intraminute exit interval, not exact tick"
410,2910465.0,2911185.0,1.0,0.056,121174.1,119936.70000000001,3.3928748,3.3582276000000006,0.6872493600000001,-69.29439999999967,-76.73275175999967,3807.9550609046732,1.0,3884.6878126646725,1.7467940609995545,1752507960.0,2025-07-14T03:45:00Z,2025-07-14T03:45:00Z,2025-07-14T15:45:00Z,2025-07-14T15:46:00Z,stop,119960.71067601454,123576.19398958865,1.9796564401100658,"simulated minute open / intraminute exit interval, not exact tick"
411,2911215.0,2911897.0,-1.0,0.045,119389.8,117027.20000000001,2.6862705,2.633112,-0.53918337376629,106.31699999999961,101.5368008737659,3909.491861778439,2.0,3807.9550609046732,1.4108730050831064,1752550680.0,2025-07-14T16:15:00Z,2025-07-14T16:15:00Z,2025-07-15T03:37:00Z,2025-07-15T03:38:00Z,target,120594.53119028834,117003.75528214747,1.9805619187807824,"simulated minute open / intraminute exit interval, not exact tick"
412,2926335.0,2926715.0,-1.0,0.058,115167.3,116377.1,3.3398517,3.3749359000000005,-0.6688144302441761,-70.16840000000018,-76.21437316975599,3833.277488608683,1.0,3909.491861778439,1.7085860864182445,1753439760.0,2025-07-25T04:15:00Z,2025-07-25T04:15:00Z,2025-07-25T10:35:00Z,2025-07-25T10:36:00Z,stop,116353.80304155778,112816.91794462042,1.9809321788958218,"simulated minute open / intraminute exit interval, not exact tick"
413,2936145.0,2937321.0,-1.0,0.058,115669.8,113437.90000000001,3.3544242000000004,3.2896991000000004,-0.38879186510972835,129.45019999999968,123.1948685651094,3956.4723571737927,2.0,3833.277488608683,1.7501598618771081,1754076120.0,2025-07-31T23:45:00Z,2025-07-31T23:45:00Z,2025-08-01T19:21:00Z,2025-08-01T19:22:00Z,target,116808.50864541903,113415.1259254453,1.9800271857293452,"simulated minute open / intraminute exit interval, not exact tick"
414,2950695.0,2951293.0,1.0,0.061,121289.20000000001,120147.5,3.6993206000000005,3.66449875,0.741354241260851,-69.6437000000007,-77.74887359126156,3878.7234835825307,1.0,3956.4723571737927,1.870009577239922,1754914440.0,2025-08-11T02:15:00Z,2025-08-11T02:15:00Z,2025-08-11T12:13:00Z,2025-08-11T12:14:00Z,stop,120171.57857030336,123499.6950338533,1.977856700952209,"simulated minute open / intraminute exit interval, not exact tick"
415,2951775.0,2952930.0,-1.0,0.051000000000000004,118658.70000000001,119772.40000000001,3.0257968500000008,3.0541962000000002,-1.089589145101353,-56.798699999999855,-61.789103904898504,3816.934379677632,1.0,3878.7234835825307,1.560202403088175,1755012660.0,2025-08-11T20:15:00Z,2025-08-11T20:15:00Z,2025-08-12T15:30:00Z,2025-08-12T15:31:00Z,stop,119748.42188228409,116502.61909292484,1.978560715469884,"simulated minute open / intraminute exit interval, not exact tick"
416,2954625.0,2955522.0,1.0,0.058,122426.3,121258.40000000001,3.5503627000000004,3.5164936000000004,1.4213671336115903,-67.73819999999967,-76.22642343361126,3740.7079562440204,1.0,3816.934379677632,1.8603215810589095,1755168180.0,2025-08-13T19:45:00Z,2025-08-13T19:45:00Z,2025-08-14T10:42:00Z,2025-08-14T10:43:00Z,stop,121282.69937052598,124688.54354331957,1.9781761963178126,"simulated minute open / intraminute exit interval, not exact tick"
417,2955660.0,2957100.0,-1.0,0.018000000000000002,118798.40000000001,118610.90000000001,1.0691856000000002,1.0674981000000003,-0.4250556727193042,3.3750000000000004,1.663371972719304,3742.3713282167396,4.0,3740.7079562440204,0.5716487961672105,1755262800.0,2025-08-14T13:00:00Z,2025-08-14T13:00:00Z,2025-08-15T13:00:00Z,2025-08-15T13:00:00Z,timeout,119937.14332392497,116544.25708184492,1.9795004464971224,"simulated minute open / intraminute exit interval, not exact tick"
418,2960865.0,2961602.0,-1.0,0.059000000000000004,115101.5,116231.90000000001,3.39549425,3.4288410500000004,-0.31643504692,-66.69360000000052,-73.20150025308051,3669.169827963659,1.0,3742.3713282167396,1.8146217743806687,1755532980.0,2025-08-18T03:45:00Z,2025-08-18T03:45:00Z,2025-08-18T16:02:00Z,2025-08-18T16:03:00Z,stop,116208.6048281739,112909.94596853056,1.9795361520410368,"simulated minute open / intraminute exit interval, not exact tick"
419,2967315.0,2967998.0,1.0,0.057,116594.70000000001,115454.70000000001,3.3229489500000007,3.2904589500000005,1.055309589867,-64.98,-72.648717489867,3596.521110473792,1.0,3669.169827963659,1.8112810830804162,1755916740.0,2025-08-22T15:15:00Z,2025-08-22T15:15:00Z,2025-08-23T02:38:00Z,2025-08-23T02:39:00Z,stop,115477.8451873037,118804.66324631817,1.978738168287848,"simulated minute open / intraminute exit interval, not exact tick"
420,2968125.0,2968655.0,1.0,0.038,115871.0,114738.1,2.201549,2.1800239,0.43992562,-43.050199999999776,-47.871698519999775,3548.6494119537924,1.0,3596.521110473792,1.2242658571299065,1755956160.0,2025-08-23T04:45:00Z,2025-08-23T04:45:00Z,2025-08-23T13:35:00Z,2025-08-23T13:36:00Z,stop,114761.07747348778,118067.20058974002,1.978697194876555,"simulated minute open / intraminute exit interval, not exact tick"
421,2970495.0,2970573.0,-1.0,0.058,112079.3,113162.40000000001,3.2502997000000002,3.2817096000000006,0.0,-62.81980000000034,-69.35180930000034,3479.2976026537917,1.0,3548.6494119537924,1.8318516836581336,1756071240.0,2025-08-24T20:15:00Z,2025-08-24T20:15:00Z,2025-08-24T21:33:00Z,2025-08-24T21:34:00Z,stop,113139.6898493081,109980.59455333563,1.979182890173646,"simulated minute open / intraminute exit interval, not exact tick"
422,2971125.0,2971931.0,-1.0,0.057,111991.6,109916.6,3.1917606000000003,3.1326231000000004,-1.1687371844769183,118.275,113.11935348447693,3592.4169561382682,2.0,3479.2976026537917,1.834715488301733,1756152720.0,2025-08-25T06:45:00Z,2025-08-25T06:45:00Z,2025-08-25T20:11:00Z,2025-08-25T20:12:00Z,target,113051.16011366749,109894.55402461685,1.979166588410544,"simulated minute open / intraminute exit interval, not exact tick"
423,2976920.0,2977230.0,-1.0,0.105,110367.90000000001,110918.5,5.794314750000001,5.82322125,-0.6763027060710537,-57.81299999999908,-68.75423329392802,3523.6627228443404,1.0,3592.4169561382682,3.2258587022307683,1756470660.0,2025-08-29T07:20:00Z,2025-08-29T07:20:00Z,2025-08-29T12:30:00Z,2025-08-29T12:31:00Z,stop,110896.24919675388,109333.09001385984,1.95857208167998,"simulated minute open / intraminute exit interval, not exact tick"
424,3016430.0,3016464.0,-1.0,0.106,109083.0,109611.8,5.7813989999999995,5.8094254,0.0,-56.05280000000031,-67.6436244000003,3456.01909844434,1.0,3523.6627228443404,3.2814712727858293,1758824700.0,2025-09-25T17:50:00Z,2025-09-25T17:50:00Z,2025-09-25T18:24:00Z,2025-09-25T18:25:00Z,stop,109589.85894009654,108090.97860118735,1.9571942415057257,"simulated minute open / intraminute exit interval, not exact tick"
425,3016600.0,3016629.0,-1.0,0.088,109056.1,109584.8,4.7984684,4.8217312,0.0,-46.52559999999974,-56.14579959999974,3399.8732988443408,1.0,3456.01909844434,2.7768760896951856,1758834600.0,2025-09-25T20:40:00Z,2025-09-25T20:40:00Z,2025-09-25T21:09:00Z,2025-09-25T21:10:00Z,stop,109562.83394806765,108064.32858524517,1.9571836829500362,"simulated minute open / intraminute exit interval, not exact tick"
426,3016655.0,3016743.0,-1.0,0.02,109103.1,109632.0,1.0910310000000003,1.09632,0.0,-10.577999999999884,-12.765350999999885,3387.1079478443407,1.0,3399.8732988443408,0.6418068581384225,1758841440.0,2025-09-25T21:35:00Z,2025-09-25T21:35:00Z,2025-09-25T23:03:00Z,2025-09-25T23:04:00Z,stop,109610.05233562744,108110.89181012558,1.9572021275854496,"simulated minute open / intraminute exit interval, not exact tick"
427,3016835.0,3016857.0,-1.0,0.10200000000000001,109032.8,109561.40000000001,5.560672800000001,5.587631400000001,0.0,-53.9172000000006,-65.0655042000006,3322.0424436443404,1.0,3387.1079478443407,3.2834340597493994,1758848280.0,2025-09-26T00:35:00Z,2025-09-26T00:35:00Z,2025-09-26T00:57:00Z,2025-09-26T00:58:00Z,stop,109539.42568359652,108041.24511418742,1.9571745332245738,"simulated minute open / intraminute exit interval, not exact tick"
428,3017150.0,3017181.0,-1.0,0.085,109048.90000000001,109577.6,4.634578250000001,4.6570480000000005,0.0,-44.939499999999754,-54.23112624999976,3267.811317394341,1.0,3322.0424436443404,2.7901980956726034,1758867720.0,2025-09-26T05:50:00Z,2025-09-26T05:50:00Z,2025-09-26T06:21:00Z,2025-09-26T06:22:00Z,stop,109555.60049295212,108057.19549547625,1.9571808559845054,"simulated minute open / intraminute exit interval, not exact tick"
429,3017255.0,3017287.0,-1.0,0.019,108898.3,109426.20000000001,1.03453385,1.0395489,-0.09050874732,-10.030100000000166,-12.013674002680167,3255.797643391661,1.0,3267.811317394341,0.6331662079100133,1758874080.0,2025-09-26T07:35:00Z,2025-09-26T07:35:00Z,2025-09-26T08:07:00Z,2025-09-26T08:08:00Z,stop,109404.300723452,107907.79689309397,1.9575132228046728,"simulated minute open / intraminute exit interval, not exact tick"
430,3024860.0,3025072.0,1.0,0.09,117366.0,116784.1,5.2814700000000006,5.2552845,1.05630331376088,-52.370999999999476,-63.964057813760355,3191.8335855779005,1.0,3255.797643391661,3.244347824085367,1759341180.0,2025-10-01T14:20:00Z,2025-10-01T14:20:00Z,2025-10-01T17:52:00Z,2025-10-01T17:53:00Z,stop,116807.47450309062,118459.32732854642,1.9575244721975757,"simulated minute open / intraminute exit interval, not exact tick"
431,3025145.0,3025399.0,1.0,0.073,117301.8,118370.70000000001,4.2815157,4.320530550000001,0.0,78.02970000000063,69.42765375000063,3261.261239327901,2.0,3191.8335855779005,2.6827938144054624,1759360800.0,2025-10-01T19:05:00Z,2025-10-01T19:05:00Z,2025-10-01T23:19:00Z,2025-10-01T23:20:00Z,target,116743.58002033498,118394.41534229058,1.9573203792279878,"simulated minute open / intraminute exit interval, not exact tick"
432,3027845.0,3027875.0,1.0,0.085,122742.1,123870.6,5.216539250000001,5.264500500000001,0.0,95.92250000000001,85.44146025000002,3346.702699577901,2.0,3261.261239327901,3.1990931527307236,1759509360.0,2025-10-03T16:05:00Z,2025-10-03T16:05:00Z,2025-10-03T16:35:00Z,2025-10-03T16:36:00Z,target,122152.99526986902,123895.47332325012,1.9578408799971192,"simulated minute open / intraminute exit interval, not exact tick"
433,3027910.0,3027949.0,1.0,0.08700000000000001,122731.3,122117.8,5.338811550000001,5.312124300000001,0.0,-53.374500000000005,-64.02543585000001,3282.677263727901,1.0,3346.702699577901,3.1904904792847906,1759513800.0,2025-10-03T17:10:00Z,2025-10-03T17:10:00Z,2025-10-03T17:49:00Z,2025-10-03T17:50:00Z,stop,122142.24710482285,123884.67061324904,1.9580085637337328,"simulated minute open / intraminute exit interval, not exact tick"
434,3028000.0,3028090.0,1.0,0.08600000000000001,122687.3,122074.0,5.275553900000001,5.249182000000001,0.0,-52.743800000000256,-63.26853590000026,3219.4087278279007,1.0,3282.677263727901,3.214177621597155,1759522260.0,2025-10-03T18:40:00Z,2025-10-03T18:40:00Z,2025-10-03T20:10:00Z,2025-10-03T20:11:00Z,stop,122098.45828426433,123840.14729445949,1.9578220490360034,"simulated minute open / intraminute exit interval, not exact tick"
435,3028635.0,3028993.0,1.0,0.084,122626.6,122013.6,5.150317200000001,5.1245712,1.0271047063628402,-51.492000000000004,-62.79399310636285,3156.614734721538,1.0,3219.4087278279007,3.1995422982373922,1759576440.0,2025-10-04T05:15:00Z,2025-10-04T05:15:00Z,2025-10-04T11:13:00Z,2025-10-04T11:14:00Z,stop,122038.04961590294,123778.76367127572,1.9576296310524606,"simulated minute open / intraminute exit interval, not exact tick"
436,3030050.0,3030210.0,1.0,0.08,125309.8,124676.3,5.012392,4.987052,0.0,-50.68,-60.679444,3095.935290721538,1.0,3156.614734721538,3.175802193955209,1759649460.0,2025-10-05T04:50:00Z,2025-10-05T04:50:00Z,2025-10-05T07:30:00Z,2025-10-05T07:31:00Z,stop,124701.24538655631,126501.46446428687,1.9581882019486896,"simulated minute open / intraminute exit interval, not exact tick"
437,3043115.0,3043333.0,-1.0,0.078,112070.5,110846.8,4.3707495,4.3230252,-0.062020966049343346,95.44859999999977,86.81684626604911,3182.752136987587,2.0,3095.935290721538,2.823540603771052,1760436840.0,2025-10-14T06:35:00Z,2025-10-14T06:35:00Z,2025-10-14T10:13:00Z,2025-10-14T10:14:00Z,target,112704.58991039378,110824.56557121153,1.9649176061084634,"simulated minute open / intraminute exit interval, not exact tick"
438,3047445.0,3047503.0,-1.0,0.081,106938.70000000001,105715.5,4.331017350000001,4.2814777500000005,0.0,99.07920000000095,90.46670490000096,3273.218841887588,2.0,3182.752136987587,2.7215549081991814,1760687040.0,2025-10-17T06:45:00Z,2025-10-17T06:45:00Z,2025-10-17T07:43:00Z,2025-10-17T07:44:00Z,target,107571.45837719971,105694.32999716442,1.9665800527882709,"simulated minute open / intraminute exit interval, not exact tick"
439,3053105.0,3053448.0,-1.0,0.079,107596.6,108293.90000000001,4.2500657,4.27760905,-0.18965146402662258,-55.08670000000023,-63.424723285973606,3209.794118601614,1.0,3273.218841887588,2.596872317616923,1761043740.0,2025-10-21T05:05:00Z,2025-10-21T05:05:00Z,2025-10-21T10:48:00Z,2025-10-21T10:49:00Z,stop,108272.21002911375,106266.70868456496,1.9684303934617153,"simulated minute open / intraminute exit interval, not exact tick"
440,3066580.0,3066939.0,-1.0,0.084,107765.90000000001,106583.90000000001,4.526167800000001,4.476523800000001,-0.32215874964,99.28800000000001,90.60746714964002,3300.401585751254,2.0,3209.794118601614,2.820223125071885,1761853200.0,2025-10-30T13:40:00Z,2025-10-30T13:40:00Z,2025-10-30T19:39:00Z,2025-10-30T19:40:00Z,target,108378.32363178051,106562.50609825736,1.9649697354819795,"simulated minute open / intraminute exit interval, not exact tick"
441,3071765.0,3072244.0,-1.0,0.08600000000000001,107527.20000000001,108165.6,4.623669600000001,4.651120800000001,-0.633153055548551,-54.9023999999995,-63.54403734445095,3236.857548406803,1.0,3300.401585751254,2.8018830314236065,1762171500.0,2025-11-03T04:05:00Z,2025-11-03T04:05:00Z,2025-11-03T12:04:00Z,2025-11-03T12:05:00Z,stop,108143.96255234511,106314.92825269517,1.965540454256597,"simulated minute open / intraminute exit interval, not exact tick"
442,3073320.0,3073334.0,-1.0,0.08600000000000001,104143.40000000001,104766.40000000001,4.4781662,4.5049552,0.0,-53.578,-62.561121400000005,3174.296427006803,1.0,3236.857548406803,2.7669838002010168,1762236900.0,2025-11-04T06:00:00Z,2025-11-04T06:00:00Z,2025-11-04T06:14:00Z,2025-11-04T06:15:00Z,stop,104745.38850239155,102960.08137530247,1.9656830985916474,"simulated minute open / intraminute exit interval, not exact tick"
443,3073410.0,3073836.0,-1.0,0.07100000000000001,104307.40000000001,103142.90000000001,3.702912700000001,3.661572950000001,-0.43070242184067525,82.6795,75.74571677184068,3250.042143778643,2.0,3174.296427006803,2.333060434114312,1762267020.0,2025-11-04T07:30:00Z,2025-11-04T07:30:00Z,2025-11-04T14:36:00Z,2025-11-04T14:37:00Z,target,104910.33648483107,103122.18541042342,1.9657370542250092,"simulated minute open / intraminute exit interval, not exact tick"
444,3073990.0,3074062.0,-1.0,0.089,101429.70000000001,100293.70000000001,4.51362165,4.46306965,0.0,101.104,92.1273087,3342.169452478643,2.0,3250.042143778643,2.777577305352886,1762280580.0,2025-11-04T17:10:00Z,2025-11-04T17:10:00Z,2025-11-04T18:22:00Z,2025-11-04T18:23:00Z,target,102017.80016141404,100273.56427406464,1.9658823475844,"simulated minute open / intraminute exit interval, not exact tick"
445,3074400.0,3074462.0,-1.0,0.091,101429.90000000001,100294.0,4.61506045,4.563377,0.0,103.3669000000008,94.18846255000079,3436.357915028644,2.0,3342.169452478643,2.7617154160614725,1762304580.0,2025-11-05T00:00:00Z,2025-11-05T00:00:00Z,2025-11-05T01:02:00Z,2025-11-05T01:03:00Z,target,102018.00132103525,100273.86079520099,1.96571434793587,"simulated minute open / intraminute exit interval, not exact tick"
446,3074570.0,3074605.0,-1.0,0.094,101347.3,101955.40000000001,4.763323100000001,4.7919038,0.0,-57.16140000000055,-66.71662690000055,3369.6412881286437,1.0,3436.357915028644,2.7723090654602522,1762313160.0,2025-11-05T02:50:00Z,2025-11-05T02:50:00Z,2025-11-05T03:25:00Z,2025-11-05T03:26:00Z,stop,101934.9223974721,100192.1198019485,1.9658546083692343,"simulated minute open / intraminute exit interval, not exact tick"
447,3086950.0,3087016.0,-1.0,0.091,100369.90000000001,99217.1,4.56683045,4.51437805,0.0,104.90480000000026,95.82359150000026,3465.464879628644,2.0,3369.6412881286437,2.7105736542872343,1763057820.0,2025-11-13T17:10:00Z,2025-11-13T17:10:00Z,2025-11-13T18:16:00Z,2025-11-13T18:17:00Z,target,100966.20547481091,99197.24903079879,1.9665272561401144,"simulated minute open / intraminute exit interval, not exact tick"
448,3087345.0,3087367.0,-1.0,0.094,100354.1,99201.5,4.7166427,4.6624705,-0.8027781396371316,108.34440000000055,99.76806493963768,3565.2329445682817,2.0,3465.464879628644,2.7220836821785546,1763078880.0,2025-11-13T23:45:00Z,2025-11-13T23:45:00Z,2025-11-14T00:07:00Z,2025-11-14T00:08:00Z,target,100950.31160576748,99181.63676888564,1.9665219861077743,"simulated minute open / intraminute exit interval, not exact tick"
449,3088765.0,3088786.0,-1.0,0.10200000000000001,94201.20000000001,94783.90000000001,4.804261200000001,4.833978900000001,0.0,-59.43539999999971,-69.07364009999972,3496.1593044682822,1.0,3565.2329445682817,2.69506159888902,1763164020.0,2025-11-14T23:25:00Z,2025-11-14T23:25:00Z,2025-11-14T23:46:00Z,2025-11-14T23:47:00Z,stop,94764.91180747324,93092.351381933,1.9670487709620816,"simulated minute open / intraminute exit interval, not exact tick"
450,3091570.0,3091580.0,-1.0,0.098,92984.90000000001,93581.70000000001,4.5562601,4.5855033,0.0,-58.48640000000029,-67.62816340000029,3428.5311410682816,1.0,3496.1593044682822,2.6064373520833857,1763331660.0,2025-11-16T22:10:00Z,2025-11-16T22:10:00Z,2025-11-16T22:20:00Z,2025-11-16T22:21:00Z,stop,93562.89142190783,91847.38467887697,1.9680487945103964,"simulated minute open / intraminute exit interval, not exact tick"
451,3091625.0,3091631.0,-1.0,0.081,93005.90000000001,93602.8,3.7667389500000006,3.7909134000000004,0.0,-48.34889999999953,-55.90655234999954,3372.6245887182818,1.0,3428.5311410682816,2.197290206806369,1763334720.0,2025-11-16T23:05:00Z,2025-11-16T23:05:00Z,2025-11-16T23:11:00Z,2025-11-16T23:12:00Z,stop,93584.02195729433,91868.12360810398,1.9680560088410373,"simulated minute open / intraminute exit interval, not exact tick"
452,3092785.0,3092881.0,-1.0,0.094,92563.40000000001,91434.6,4.3504798000000005,4.2974262,0.0,106.10720000000028,97.45929400000027,3470.083882718282,2.0,3372.6245887182818,2.5798778877155364,1763409720.0,2025-11-17T18:25:00Z,2025-11-17T18:25:00Z,2025-11-17T20:01:00Z,2025-11-17T20:02:00Z,target,93146.16031357877,91416.24516921917,1.96848481966129,"simulated minute open / intraminute exit interval, not exact tick"
453,3095685.0,3095796.0,-1.0,0.098,88854.40000000001,89451.40000000001,4.353865600000001,4.3831186,0.0,-58.506,-67.2429842,3402.840898518282,1.0,3470.083882718282,2.509371961688379,1763584620.0,2025-11-19T18:45:00Z,2025-11-19T18:45:00Z,2025-11-19T20:36:00Z,2025-11-19T20:37:00Z,stop,89433.47584714707,87713.81629580926,1.9696620223586794,"simulated minute open / intraminute exit interval, not exact tick"
454,3096970.0,3097017.0,-1.0,0.096,88904.6,87774.8,4.267420800000001,4.2131904,0.0,108.46080000000028,99.98018880000028,3502.8210873182825,2.0,3402.840898518282,2.5081518221190935,1763657880.0,2025-11-20T16:10:00Z,2025-11-20T16:10:00Z,2025-11-20T16:57:00Z,2025-11-20T16:58:00Z,target,89487.12465006395,87757.21612952961,1.9696743654443671,"simulated minute open / intraminute exit interval, not exact tick"
455,3098185.0,3098190.0,-1.0,0.106,81041.6,81602.20000000001,4.2952048000000005,4.324916600000001,0.0,-59.42360000000062,-68.04372140000062,3434.7773659182817,1.0,3502.8210873182825,2.4524260262966258,1763728260.0,2025-11-21T12:25:00Z,2025-11-21T12:25:00Z,2025-11-21T12:30:00Z,2025-11-21T12:31:00Z,stop,81585.87391748065,79971.20501690537,1.9666475807794077,"simulated minute open / intraminute exit interval, not exact tick"
456,3106215.0,3107655.0,-1.0,0.047,90966.1,90872.6,2.1377033500000002,2.1355061,-0.37696915754908655,4.3945,0.498259707549086,3435.275625625831,4.0,3434.7773659182817,1.2447405594385528,1764296100.0,2025-11-27T02:15:00Z,2025-11-27T02:15:00Z,2025-11-28T02:15:00Z,2025-11-28T02:15:00Z,timeout,92295.41859745531,88325.1308794935,1.9867089240773863,"simulated minute open / intraminute exit interval, not exact tick"
457,3118695.0,3120135.0,1.0,0.053,89569.3,89709.70000000001,2.37358645,2.37730705,0.17920978989180558,7.441200000000462,2.511096710108657,3437.7867223359394,4.0,3435.275625625831,1.3818899609067528,1765044900.0,2025-12-05T18:15:00Z,2025-12-05T18:15:00Z,2025-12-06T18:15:00Z,2025-12-06T18:15:00Z,timeout,88412.1277894392,91865.07674264222,1.983954265138826,"simulated minute open / intraminute exit interval, not exact tick"
458,3124350.0,3124385.0,-1.0,0.051000000000000004,93326.1,94540.1,2.3798155500000004,2.4107725500000003,0.0,-61.914,-66.70458810000001,3371.0821342359395,1.0,3437.7867223359394,1.3845044746597548,1765299960.0,2025-12-09T16:30:00Z,2025-12-09T16:30:00Z,2025-12-09T17:05:00Z,2025-12-09T17:06:00Z,stop,94521.16273854728,90954.09816812501,1.984834565889326,"simulated minute open / intraminute exit interval, not exact tick"
459,3124590.0,3126014.0,-1.0,0.042,93012.20000000001,94222.1,1.9532562000000002,1.9786641000000003,-0.30967840201739794,-50.81579999999976,-54.438041897982366,3316.6440923379573,1.0,3371.0821342359395,1.1588303827801625,1765397700.0,2025-12-09T20:30:00Z,2025-12-09T20:30:00Z,2025-12-10T20:14:00Z,2025-12-10T20:15:00Z,stop,94203.2431749565,90648.43217321218,1.984619765672377,"simulated minute open / intraminute exit interval, not exact tick"
460,3126420.0,3127508.0,1.0,0.052000000000000005,90052.5,92307.20000000001,2.341365,2.3999872000000004,0.2109750243361192,117.24440000000061,112.2920727756645,3428.9361651136214,2.0,3316.6440923379573,1.4118880017358348,1765487340.0,2025-12-11T03:00:00Z,2025-12-11T03:00:00Z,2025-12-11T21:08:00Z,2025-12-11T21:09:00Z,target,88906.61445375557,92325.71046055999,1.9838023684043244,"simulated minute open / intraminute exit interval, not exact tick"
461,3127560.0,3128615.0,-1.0,0.053,92805.0,90517.5,2.4593325,2.3987137499999998,-0.5689362939977514,121.2375,116.94839004399775,3545.8845551576187,2.0,3428.9361651136214,1.4344580252158223,1765553760.0,2025-12-11T22:00:00Z,2025-12-11T22:00:00Z,2025-12-12T15:35:00Z,2025-12-12T15:36:00Z,target,93966.90861841362,90499.31702317379,1.984392696883689,"simulated minute open / intraminute exit interval, not exact tick"
462,3128700.0,3130140.0,1.0,0.057,90014.8,90036.0,2.5654218,2.5660260000000004,0.6261134222676508,1.208399999999834,-4.549161222267817,3541.335393935351,4.0,3545.8845551576187,1.4469855180527524,1765645200.0,2025-12-12T17:00:00Z,2025-12-12T17:00:00Z,2025-12-13T17:00:00Z,2025-12-13T17:00:00Z,timeout,88908.91675344434,92208.12421254328,1.9833234831746598,"simulated minute open / intraminute exit interval, not exact tick"
463,3131985.0,3132920.0,1.0,0.061,88017.6,86964.8,2.6845368000000005,2.6524264,-0.038652186399999997,-64.22080000000018,-69.51911101360018,3471.816282921751,1.0,3541.335393935351,1.5161155334777692,1765812060.0,2025-12-14T23:45:00Z,2025-12-14T23:45:00Z,2025-12-15T15:20:00Z,2025-12-15T15:21:00Z,stop,86982.28350629595,90070.21894361937,1.9826004474010748,"simulated minute open / intraminute exit interval, not exact tick"
464,3132945.0,3133002.0,1.0,0.048,87188.3,86144.0,2.0925192000000004,2.067456,0.12865647977445763,-50.12640000000014,-54.41503167977459,3417.4012512419763,1.0,3471.816282921751,1.2054319868786456,1765816980.0,2025-12-15T15:45:00Z,2025-12-15T15:45:00Z,2025-12-15T16:42:00Z,2025-12-15T16:43:00Z,stop,86161.32001055477,89224.24536252992,1.9824586491015468,"simulated minute open / intraminute exit interval, not exact tick"
465,3135825.0,3135858.0,-1.0,0.057,88661.20000000001,86579.40000000001,2.5268442000000007,2.4675129,-0.294092834427,118.66260000000017,113.96233573442717,3531.3635869764034,2.0,3417.4012512419763,1.4788103674285697,1765988340.0,2025-12-17T15:45:00Z,2025-12-17T15:45:00Z,2025-12-17T16:18:00Z,2025-12-17T16:19:00Z,target,89719.46445821042,86562.04616022247,1.9835815362516565,"simulated minute open / intraminute exit interval, not exact tick"
466,3152460.0,3152745.0,-1.0,0.062,90082.0,88121.3,2.792542,2.7317603,-0.5554146,121.56339999999982,116.59451229999982,3647.958099276403,2.0,3531.3635869764034,1.5815658349646224,1767001560.0,2025-12-29T05:00:00Z,2025-12-29T05:00:00Z,2025-12-29T09:45:00Z,2025-12-29T09:46:00Z,target,91080.04406805184,88103.61079381283,1.9822663843380792,"simulated minute open / intraminute exit interval, not exact tick"
467,3152910.0,3154350.0,1.0,0.067,87253.5,87944.90000000001,2.9229922500000005,2.9461541500000004,1.137992621522884,46.32380000000059,39.31666097847771,3687.274760254881,4.0,3647.958099276403,1.602536087560762,1767097800.0,2025-12-29T12:30:00Z,2025-12-29T12:30:00Z,2025-12-30T12:30:00Z,2025-12-30T12:30:00Z,timeout,86292.76222107098,89156.98797489781,1.9812773231627594,"simulated minute open / intraminute exit interval, not exact tick"
468,3166965.0,3167426.0,1.0,0.063,90357.0,89297.40000000001,2.8462455,2.8128681,0.57021237,-66.75479999999945,-72.98412596999944,3614.290634284882,1.0,3687.274760254881,1.543820672481296,1767882420.0,2026-01-08T06:45:00Z,2026-01-08T06:45:00Z,2026-01-08T14:26:00Z,2026-01-08T14:27:00Z,stop,89315.29313362316,92421.99869631832,1.9823222472369648,"simulated minute open / intraminute exit interval, not exact tick"
469,3174990.0,3175090.0,-1.0,0.062,94270.8,95315.20000000001,2.9223948,2.9547712,0.0,-64.75280000000055,-70.62996600000055,3543.6606682848815,1.0,3614.290634284882,1.6171332611043443,1768342260.0,2026-01-13T20:30:00Z,2026-01-13T20:30:00Z,2026-01-13T22:10:00Z,2026-01-13T22:11:00Z,stop,95296.11805869975,92238.75058297612,1.981872258839186,"simulated minute open / intraminute exit interval, not exact tick"
470,3182430.0,3183870.0,1.0,0.064,92601.20000000001,92410.40000000001,2.9632384000000007,2.9571328000000006,0.8457089556647122,-12.211200000000186,-18.9772801556649,3524.6833881292164,4.0,3543.6606682848815,1.6724165643287718,1768869000.0,2026-01-19T00:30:00Z,2026-01-19T00:30:00Z,2026-01-20T00:30:00Z,2026-01-20T00:30:00Z,timeout,91629.11252006741,94526.38445030105,1.9804641969409174,"simulated minute open / intraminute exit interval, not exact tick"
471,3185325.0,3186296.0,1.0,0.067,88829.8,87891.90000000001,2.9757983000000006,2.9443786500000004,0.507497128443324,-62.83929999999961,-69.26697407844293,3455.4164140507733,1.0,3524.6833881292164,1.6885478622120746,1769014620.0,2026-01-21T00:45:00Z,2026-01-21T00:45:00Z,2026-01-21T16:56:00Z,2026-01-21T16:57:00Z,stop,87909.49429013084,90652.2425921234,1.9802578345216038,"simulated minute open / intraminute exit interval, not exact tick"
472,3192225.0,3193361.0,1.0,0.067,86684.6,88443.40000000001,2.9039341000000003,2.9628539000000007,0.40385448362000004,117.8396000000002,111.56895751638021,3566.9853715671534,2.0,3455.4164140507733,1.6808012418947378,1769438520.0,2026-01-25T19:45:00Z,2026-01-25T19:45:00Z,2026-01-26T14:41:00Z,2026-01-26T14:42:00Z,target,85787.44531612885,88461.14920015776,1.9802038958232655,"simulated minute open / intraminute exit interval, not exact tick"
473,3200580.0,3200656.0,1.0,0.074,81468.8,80612.3,3.0143456,2.9826551,0.396048271100282,-63.381,-69.77404897110029,3497.211322596053,1.0,3566.9853715671534,1.690136227654698,1769876220.0,2026-01-31T15:00:00Z,2026-01-31T15:00:00Z,2026-01-31T16:16:00Z,2026-01-31T16:17:00Z,stop,80628.43504258609,83132.89364011148,1.9802035120936625,"simulated minute open / intraminute exit interval, not exact tick"
474,3202530.0,3202754.0,1.0,0.074,76777.5,75932.3,2.8407675,2.8094951000000004,0.0038711981119999997,-62.54479999999978,-68.19893379811178,3429.012388797941,1.0,3497.211322596053,1.6245901307966937,1770002100.0,2026-02-01T23:30:00Z,2026-02-01T23:30:00Z,2026-02-02T03:14:00Z,2026-02-02T03:15:00Z,stop,75947.57384669446,78421.61937410454,1.9810429729875634,"simulated minute open / intraminute exit interval, not exact tick"
475,3202800.0,3202812.0,1.0,0.054,76271.5,75431.90000000001,2.0593305,2.0366613000000005,0.0,-45.33839999999953,-49.43439179999953,3379.577996997941,1.0,3429.012388797941,1.2011216446621877,1770005580.0,2026-02-02T04:00:00Z,2026-02-02T04:00:00Z,2026-02-02T04:12:00Z,2026-02-02T04:13:00Z,stop,75447.04345215924,77904.78232507435,1.9810411226060427,"simulated minute open / intraminute exit interval, not exact tick"
476,3202830.0,3202867.0,1.0,0.012,76456.0,75614.40000000001,0.458736,0.45368640000000005,0.0,-10.099199999999895,-11.011622399999895,3368.5663745979414,1.0,3379.577996997941,0.2714753146147196,1770008880.0,2026-02-02T04:30:00Z,2026-02-02T04:30:00Z,2026-02-02T05:07:00Z,2026-02-02T05:08:00Z,stop,75629.54909996902,78093.3731913542,1.9812104884788966,"simulated minute open / intraminute exit interval, not exact tick"
477,3202965.0,3203305.0,1.0,0.002,76495.3,78117.6,0.0764953,0.07811760000000001,-0.004662478513999999,3.244600000000006,3.094649578514006,3371.6610241764556,2.0,3368.5663745979414,0.04541712496855887,1770035160.0,2026-02-02T06:45:00Z,2026-02-02T06:45:00Z,2026-02-02T12:25:00Z,2026-02-02T12:26:00Z,target,75668.42428673826,78133.31849401693,1.9809730383245923,"simulated minute open / intraminute exit interval, not exact tick"
478,3204000.0,3204983.0,-1.0,0.067,78676.70000000001,76922.0,2.6356694500000004,2.576887,0.022046673698790438,117.56490000000079,112.330296876302,3483.9913210527575,2.0,3371.6610241764556,1.5634249297903695,1770135840.0,2026-02-03T00:00:00Z,2026-02-03T00:00:00Z,2026-02-03T16:23:00Z,2026-02-03T16:24:00Z,target,79569.51016622422,76906.52107598315,1.9827047125853625,"simulated minute open / intraminute exit interval, not exact tick"
479,3205275.0,3205328.0,1.0,0.068,76761.8,75843.7,2.6099012000000004,2.5786858,0.0,-62.4308000000004,-67.6193870000004,3416.3719340527573,1.0,3483.9913210527575,1.4982248573520365,1770156540.0,2026-02-03T21:15:00Z,2026-02-03T21:15:00Z,2026-02-03T22:08:00Z,2026-02-03T22:09:00Z,stop,75858.92505373832,78551.7876218582,1.9825421330712207,"simulated minute open / intraminute exit interval, not exact tick"
480,3205515.0,3206258.0,1.0,0.067,76503.3,75588.3,2.5628605500000003,2.5322080500000004,0.181956304513,-61.30500000000001,-66.582024904513,3349.7899091482445,1.0,3416.3719340527573,1.5003404778353524,1770212340.0,2026-02-04T01:15:00Z,2026-02-04T01:15:00Z,2026-02-04T13:38:00Z,2026-02-04T13:39:00Z,stop,75603.46553967806,78287.30900238565,1.982596889818333,"simulated minute open / intraminute exit interval, not exact tick"
481,3206355.0,3206376.0,1.0,0.054,74836.6,73901.0,2.0205882,1.995327,0.0,-50.52240000000032,-54.53831520000032,3295.251593948244,1.0,3349.7899091482445,1.206396971034985,1770219420.0,2026-02-04T15:15:00Z,2026-02-04T15:15:00Z,2026-02-04T15:36:00Z,2026-02-04T15:37:00Z,stop,73915.87341787523,76662.58160885044,1.9831963628513878,"simulated minute open / intraminute exit interval, not exact tick"
482,3209130.0,3209193.0,-1.0,0.05,66885.6,67915.0,1.6721400000000004,1.697875,0.0,-51.469999999999715,-54.84001499999972,3240.4115789482444,1.0,3295.251593948244,1.0148785015814263,1770388440.0,2026-02-06T13:30:00Z,2026-02-06T13:30:00Z,2026-02-06T14:33:00Z,2026-02-06T14:34:00Z,stop,67901.32545744041,64867.239062822155,1.9871126812791113,"simulated minute open / intraminute exit interval, not exact tick"
483,3222450.0,3223651.0,1.0,0.061,68538.3,67564.90000000001,2.09041815,2.06072945,-0.02544798922932963,-59.377399999999646,-63.50309961077031,3176.9084793374745,1.0,3240.4115789482444,1.2902176770263838,1771255920.0,2026-02-15T19:30:00Z,2026-02-15T19:30:00Z,2026-02-16T15:31:00Z,2026-02-16T15:32:00Z,stop,67578.44658448594,70443.71750236148,1.9851130095119949,"simulated minute open / intraminute exit interval, not exact tick"
484,3233220.0,3233839.0,1.0,0.064,65730.90000000001,64818.200000000004,2.1033888000000003,2.0741824,-0.29847986038301566,-58.41280000000028,-62.29189133961726,3114.6165879978576,1.0,3176.9084793374745,1.324173367712909,1771867200.0,2026-02-23T07:00:00Z,2026-02-23T07:00:00Z,2026-02-23T17:19:00Z,2026-02-23T17:20:00Z,stop,64831.20368182768,67516.73128448731,1.984926745187857,"simulated minute open / intraminute exit interval, not exact tick"
485,3234330.0,3234434.0,1.0,0.064,64422.100000000006,63527.600000000006,2.0615072,2.0328832,0.0,-57.248000000000005,-61.342390400000006,3053.2741975978574,1.0,3114.6165879978576,1.3237630647341934,1771902900.0,2026-02-24T01:30:00Z,2026-02-24T01:30:00Z,2026-02-24T03:14:00Z,2026-02-24T03:15:00Z,stop,63540.351504328166,66172.34386545693,1.9849694941904537,"simulated minute open / intraminute exit interval, not exact tick"
486,3235905.0,3236502.0,-1.0,0.058,65420.200000000004,66394.0,1.8971858000000001,1.9254260000000003,-0.001244156145109482,-56.48039999999975,-60.30176764385464,2992.972429954003,1.0,3053.2741975978574,1.2427221908157466,1772026980.0,2026-02-25T03:45:00Z,2026-02-25T03:45:00Z,2026-02-25T13:42:00Z,2026-02-25T13:43:00Z,stop,66380.70206050285,63511.911209519356,1.9867617873527605,"simulated minute open / intraminute exit interval, not exact tick"
487,3241380.0,3241562.0,-1.0,0.055,67067.90000000001,67997.6,1.8443672500000003,1.8699340000000002,0.02533499072190566,-51.13349999999984,-54.87313624072175,2938.0992937132814,1.0,2992.972429954003,1.2324652452801546,1772330580.0,2026-02-28T23:00:00Z,2026-02-28T23:00:00Z,2026-03-01T02:02:00Z,2026-03-01T02:03:00Z,stop,67983.9634953584,65248.904223107194,1.9856656073618197,"simulated minute open / intraminute exit interval, not exact tick"
488,3253170.0,3253533.0,-1.0,0.052000000000000005,67173.3,68217.7,1.7465058000000002,1.7736602000000001,0.16073501724709252,-54.3087999999997,-57.989701017246794,2880.1095926960347,1.0,2938.0992937132814,1.1888677851950331,1773048840.0,2026-03-09T03:30:00Z,2026-03-09T03:30:00Z,2026-03-09T09:33:00Z,2026-03-09T09:34:00Z,stop,68204.01868853703,65125.04526143962,1.9872102459572167,"simulated minute open / intraminute exit interval, not exact tick"
489,3253650.0,3253750.0,-1.0,0.042,67425.90000000001,68474.2,1.4159439000000003,1.4379582,0.0,-44.028599999999514,-46.88250209999951,2833.2270905960354,1.0,2880.1095926960347,0.9832569591038046,1773061860.0,2026-03-09T11:30:00Z,2026-03-09T11:30:00Z,2026-03-09T13:10:00Z,2026-03-09T13:11:00Z,stop,68460.49462645769,65369.69952326726,1.9874455406490208,"simulated minute open / intraminute exit interval, not exact tick"
490,3254625.0,3254895.0,-1.0,0.047,69800.5,70919.0,1.6403117500000002,1.6665965,-0.04068355626,-52.5695,-55.83572469374,2777.3913659022955,1.0,2833.2270905960354,1.1579105363240914,1773130560.0,2026-03-10T03:45:00Z,2026-03-10T03:45:00Z,2026-03-10T08:15:00Z,2026-03-10T08:16:00Z,stop,70904.77797685222,67605.50107262988,1.9877231760313125,"simulated minute open / intraminute exit interval, not exact tick"
491,3255225.0,3255293.0,-1.0,0.038,69867.0,70986.6,1.327473,1.3487454,0.0,-42.54480000000022,-45.22101840000022,2732.1703475022955,1.0,2777.3913659022955,0.9559135354831362,1773154440.0,2026-03-10T13:45:00Z,2026-03-10T13:45:00Z,2026-03-10T14:53:00Z,2026-03-10T14:54:00Z,stop,70972.33003930823,67669.80011181546,1.9878224693501128,"simulated minute open / intraminute exit interval, not exact tick"
492,3255525.0,3256884.0,-1.0,0.008,69995.90000000001,71117.5,0.27998360000000005,0.28447000000000006,0.1237623834717751,-8.97279999999993,-9.661015983471705,2722.5093315188237,1.0,2732.1703475022955,0.20495325282770627,1773249900.0,2026-03-10T18:45:00Z,2026-03-10T18:45:00Z,2026-03-11T17:24:00Z,2026-03-11T17:25:00Z,stop,71103.26930021921,67794.8152617983,1.9876700011152704,"simulated minute open / intraminute exit interval, not exact tick"
493,3259665.0,3261105.0,-1.0,0.013000000000000001,71940.0,70517.40000000001,0.46761,0.4583631000000001,0.04603232656110327,18.493799999999887,17.521794573438783,2740.0311260922626,4.0,2722.5093315188237,0.3435139741020696,1773503100.0,2026-03-13T15:45:00Z,2026-03-13T15:45:00Z,2026-03-14T15:45:00Z,2026-03-14T15:45:00Z,timeout,72955.37022966609,69923.35023101172,1.9861226083528851,"simulated minute open / intraminute exit interval, not exact tick"
494,3263010.0,3263253.0,-1.0,0.026000000000000002,72436.8,73455.90000000001,0.9416784000000001,0.9549267000000002,-0.04755227768200001,-26.496600000000154,-28.345652822318154,2711.6854732699444,1.0,2740.0311260922626,0.6873486881464659,1773632040.0,2026-03-15T23:30:00Z,2026-03-15T23:30:00Z,2026-03-16T03:33:00Z,2026-03-16T03:34:00Z,stop,73441.17242935093,70442.0558149065,1.9860602768462903,"simulated minute open / intraminute exit interval, not exact tick"
495,3266715.0,3266812.0,1.0,0.049,72414.5,71399.3,1.77415525,1.7492828500000002,0.0,-49.744799999999856,-53.268238099999856,2658.4172351699444,1.0,2711.6854732699444,1.3085258356756226,1773845580.0,2026-03-18T13:15:00Z,2026-03-18T13:15:00Z,2026-03-18T14:52:00Z,2026-03-18T14:53:00Z,stop,71413.6585672322,74401.38482048575,1.9852143960417905,"simulated minute open / intraminute exit interval, not exact tick"
496,3283590.0,3284734.0,-1.0,0.051000000000000004,67275.0,68234.90000000001,1.7155125,1.7399899500000005,-0.04704225029175254,-48.95490000000045,-52.3633601997087,2606.053874970236,1.0,2658.4172351699444,1.2906269770631642,1774920900.0,2026-03-30T06:30:00Z,2026-03-30T06:30:00Z,2026-03-31T01:34:00Z,2026-03-31T01:35:00Z,stop,68221.18256381994,65395.75513353853,1.9861334781678595,"simulated minute open / intraminute exit interval, not exact tick"
497,3285690.0,3286475.0,-1.0,0.022,67988.7,68973.40000000001,0.7478756999999999,0.7587074,0.05178020949199998,-21.663400000000255,-23.221763309492257,2582.832111660744,1.0,2606.053874970236,0.5739526010440145,1775025360.0,2026-03-31T17:30:00Z,2026-03-31T17:30:00Z,2026-04-01T06:35:00Z,2026-04-01T06:36:00Z,stop,68959.51096060967,66060.2896898553,1.9863911599572794,"simulated minute open / intraminute exit interval, not exact tick"
498,3294300.0,3295566.0,-1.0,0.053,69745.2,68043.2,1.8482478,1.8031447999999999,-0.12313356665351162,90.206,86.67774096665352,2669.5098526273973,2.0,2582.832111660744,1.431179201819346,1775570820.0,2026-04-06T17:00:00Z,2026-04-06T17:00:00Z,2026-04-07T14:06:00Z,2026-04-07T14:07:00Z,target,70609.8518615379,68029.54915264722,1.9842099735970853,"simulated minute open / intraminute exit interval, not exact tick"
499,3302085.0,3302692.0,1.0,0.058,71866.5,71040.8,2.0841285000000003,2.0601832000000004,-0.15330427788365297,-47.890599999999836,-51.881607422116176,2617.628245205281,1.0,2669.5098526273973,1.5614315848647269,1775998380.0,2026-04-12T02:45:00Z,2026-04-12T02:45:00Z,2026-04-12T12:52:00Z,2026-04-12T12:53:00Z,stop,71055.10896017087,73474.55692034279,1.9818519572035427,"simulated minute open / intraminute exit interval, not exact tick"
500,3311280.0,3312429.0,1.0,0.055,76017.3,75160.1,2.09047575,2.06690275,-0.54132209109,-47.14599999999984,-50.762056408909835,2566.866188796371,1.0,2617.628245205281,1.5972289066097387,1776582600.0,2026-04-18T12:00:00Z,2026-04-18T12:00:00Z,2026-04-19T07:09:00Z,2026-04-19T07:10:00Z,stop,75175.16002953208,77685.94094595581,1.9814294588447594,"simulated minute open / intraminute exit interval, not exact tick"
501,3313260.0,3313324.0,1.0,0.054,74606.7,73755.6,2.0143809,1.9914012000000003,0.0,-45.959399999999526,-49.965182099999524,2516.901006696371,1.0,2566.866188796371,1.5695254460806647,1776636300.0,2026-04-19T21:00:00Z,2026-04-19T21:00:00Z,2026-04-19T22:04:00Z,2026-04-19T22:05:00Z,stop,73770.42430052457,76263.81288342712,1.9815389643231163,"simulated minute open / intraminute exit interval, not exact tick"
502,3325770.0,3326991.0,1.0,0.055,76175.3,77752.6,2.0948207500000002,2.1381965000000003,0.15366940901377585,86.75150000000016,82.36481334098639,2599.2658200373576,2.0,2516.901006696371,1.6646032119869634,1777456320.0,2026-04-28T13:30:00Z,2026-04-28T13:30:00Z,2026-04-29T09:51:00Z,2026-04-29T09:52:00Z,target,75371.08227775409,77768.21449769205,1.9807005660650916,"simulated minute open / intraminute exit interval, not exact tick"
503,3327525.0,3328965.0,1.0,0.057,75211.1,76342.0,2.1435163500000005,2.1757470000000003,-0.388435256796,64.46129999999967,60.53047190679567,2659.7962919441534,4.0,2599.2658200373576,1.6493244619122434,1777574700.0,2026-04-29T18:45:00Z,2026-04-29T18:45:00Z,2026-04-30T18:45:00Z,2026-04-30T18:45:00Z,timeout,74411.55036072838,76794.77823019927,1.9807128318411125,"simulated minute open / intraminute exit interval, not exact tick"
504,3338820.0,3339497.0,1.0,0.055,80146.3,79285.5,2.20402325,2.18035125,-0.45812327902000005,-47.34400000000016,-51.27025122098016,2608.5260407231735,1.0,2659.7962919441534,1.6572872566785857,1778206680.0,2026-05-07T15:00:00Z,2026-05-07T15:00:00Z,2026-05-08T02:17:00Z,2026-05-08T02:18:00Z,stop,79301.41711675638,81819.52421353452,1.980421484112393,"simulated minute open / intraminute exit interval, not exact tick"
505,3344070.0,3345510.0,1.0,0.055,80966.8,81164.0,2.226587,2.2320100000000003,0.3138302832032891,10.84599999999984,6.07357271679655,2614.5996134399697,4.0,2608.5260407231735,1.7071610290558672,1778567400.0,2026-05-11T06:30:00Z,2026-05-11T06:30:00Z,2026-05-12T06:30:00Z,2026-05-12T06:30:00Z,timeout,80148.65487112709,82586.56286550389,1.979798948061058,"simulated minute open / intraminute exit interval, not exact tick"
506,3345810.0,3347250.0,1.0,0.056,80617.8,80513.40000000001,2.2572984000000003,2.2543752000000006,0.7502389277043372,-5.846399999999674,-11.108312527704012,2603.491300912266,4.0,2614.5996134399697,1.726687626202257,1778671800.0,2026-05-12T11:30:00Z,2026-05-12T11:30:00Z,2026-05-13T11:30:00Z,2026-05-13T11:30:00Z,timeout,79800.86056033635,82235.15055434393,1.979767992361619,"simulated minute open / intraminute exit interval, not exact tick"
507,3347610.0,3348895.0,1.0,0.057,79313.5,80872.3,2.26043475,2.3048605500000003,0.310539277272,88.85160000000018,83.97576542272817,2687.467066334994,2.0,2603.491300912266,1.73646422341257,1778770560.0,2026-05-13T17:30:00Z,2026-05-13T17:30:00Z,2026-05-14T14:55:00Z,2026-05-14T14:56:00Z,target,78517.87301135526,80888.53497815014,1.979614820297937,"simulated minute open / intraminute exit interval, not exact tick"
508,3351540.0,3352980.0,1.0,0.059000000000000004,77953.1,78407.3,2.2996164500000007,2.31301535,0.46885503902029835,26.79779999999983,21.71631316097953,2709.183379495973,4.0,2687.467066334994,1.7113634461285356,1779015600.0,2026-05-16T11:00:00Z,2026-05-16T11:00:00Z,2026-05-17T11:00:00Z,2026-05-17T11:00:00Z,timeout,77157.0428859149,79529.3976561476,1.9801313602469286,"simulated minute open / intraminute exit interval, not exact tick"
509,3354705.0,3356145.0,1.0,0.059000000000000004,76308.40000000001,76429.6,2.2510978000000006,2.2546732,0.777057582795,7.150799999999829,1.8679714172048278,2711.051350913178,4.0,2709.183379495973,1.6618275581026216,1779205500.0,2026-05-18T15:45:00Z,2026-05-18T15:45:00Z,2026-05-19T15:45:00Z,2026-05-19T15:45:00Z,timeout,75505.37328649261,77898.83140981311,1.9805460802998034,"simulated minute open / intraminute exit interval, not exact tick"
510,3362310.0,3363027.0,-1.0,0.064,76498.90000000001,77247.6,2.4479648000000003,2.4719232000000004,-0.7530966661721599,-47.91679999999982,-52.083591333827655,2658.9677595793505,1.0,2711.051350913178,1.8059154793769872,1779618480.0,2026-05-23T22:30:00Z,2026-05-23T22:30:00Z,2026-05-24T10:27:00Z,2026-05-24T10:28:00Z,stop,77232.05719744973,75047.78850444783,1.9792637930853596,"simulated minute open / intraminute exit interval, not exact tick"
511,3374840.0,3374937.0,-1.0,0.124,71215.8,71558.90000000001,4.4153796000000005,4.436651800000001,-0.8816832464376562,-42.54440000000072,-50.51474815356307,2608.4530114257873,1.0,2658.9677595793505,3.32112308176201,1780333080.0,2026-06-01T15:20:00Z,2026-06-01T15:20:00Z,2026-06-01T16:57:00Z,2026-06-01T16:58:00Z,stop,71544.57479086805,69914.63861370477,3.957606916454387,"simulated minute open / intraminute exit interval, not exact tick"
512,3375190.0,3375298.0,-1.0,0.10400000000000001,71107.8,71450.40000000001,3.6976056000000006,3.715420800000001,0.0,-35.630400000000606,-43.04342640000061,2565.409585025787,1.0,2608.4530114257873,2.835094658637442,1780354740.0,2026-06-01T21:10:00Z,2026-06-01T21:10:00Z,2026-06-01T22:58:00Z,2026-06-01T22:59:00Z,stop,71436.07619817635,69808.73113783199,3.9572435326857587,"simulated minute open / intraminute exit interval, not exact tick"
513,3375330.0,3375339.0,-1.0,0.023,71202.90000000001,71546.0,0.8188333500000001,0.822779,0.0,-7.8912999999997995,-9.5329123499998,2555.8766726757867,1.0,2565.409585025787,0.6383646141961143,1780357200.0,2026-06-01T23:30:00Z,2026-06-01T23:30:00Z,2026-06-01T23:39:00Z,2026-06-01T23:40:00Z,stop,71531.615236741,69901.97683021303,3.9575992359978795,"simulated minute open / intraminute exit interval, not exact tick"
514,3376135.0,3376227.0,-1.0,0.12,69010.6,67723.0,4.140636000000001,4.0633799999999995,0.0,154.51200000000068,146.3079840000007,2702.184656675787,2.0,2555.8766726757867,3.2400906070832476,1780410480.0,2026-06-02T12:55:00Z,2026-06-02T12:55:00Z,2026-06-02T14:27:00Z,2026-06-02T14:28:00Z,target,69339.30837046598,67709.40168656825,3.958518949752365,"simulated minute open / intraminute exit interval, not exact tick"
515,3378190.0,3378278.0,-1.0,0.133,64442.600000000006,63210.8,4.285432900000001,4.2035182,-0.23067268364000004,163.8294000000004,155.5711215836404,2857.7557782594276,2.0,2702.184656675787,3.1718283126305047,1780533540.0,2026-06-03T23:10:00Z,2026-06-03T23:10:00Z,2026-06-04T00:38:00Z,2026-06-04T00:39:00Z,target,64756.88671478068,63198.10148755352,3.9597553886900894,"simulated minute open / intraminute exit interval, not exact tick"
516,3378365.0,3378365.0,-1.0,0.131,61414.600000000006,61774.8,4.0226563,4.046249400000001,0.0,-47.18619999999962,-55.255105699999625,2802.500672559428,1.0,2857.7557782594276,2.8152554746648635,1780538760.0,2026-06-04T02:05:00Z,2026-06-04T02:05:00Z,2026-06-04T02:05:00Z,2026-06-04T02:06:00Z,stop,61762.418322448866,60033.68658005843,3.9702147092742766,"simulated minute open / intraminute exit interval, not exact tick"
517,3380520.0,3380529.0,-1.0,0.12,60688.200000000004,61080.9,3.641292,3.664854,0.0,-47.12399999999965,-54.430145999999645,2748.070526559429,1.0,2802.500672559428,2.598602052555108,1780668600.0,2026-06-05T14:00:00Z,2026-06-05T14:00:00Z,2026-06-05T14:09:00Z,2026-06-05T14:10:00Z,stop,61068.593726994804,59178.51921354892,3.9687320776236783,"simulated minute open / intraminute exit interval, not exact tick"
518,3380670.0,3380690.0,-1.0,0.098,60887.700000000004,61281.600000000006,2.9834973000000007,3.0027984000000005,0.0,-38.602200000000146,-44.58849570000015,2703.4820308594285,1.0,2748.070526559429,2.1713396880940494,1780678260.0,2026-06-05T16:30:00Z,2026-06-05T16:30:00Z,2026-06-05T16:50:00Z,2026-06-05T16:51:00Z,stop,61269.34419328867,59373.017348373454,3.96883452771645,"simulated minute open / intraminute exit interval, not exact tick"
519,3380715.0,3380811.0,-1.0,0.022,61022.3,59516.3,0.6712453,0.6546793000000001,0.0,33.132,31.806075399999994,2735.2881062594283,2.0,2703.4820308594285,0.49657833293355624,1780685520.0,2026-06-05T17:15:00Z,2026-06-05T17:15:00Z,2026-06-05T18:51:00Z,2026-06-05T18:52:00Z,target,61404.78786628694,59504.340149179785,3.968648379767098,"simulated minute open / intraminute exit interval, not exact tick"
520,3407990.0,3408107.0,-1.0,0.135,60392.9,59139.200000000004,4.07652075,3.9918960000000006,-0.0021963421350000003,169.2494999999996,161.18327959213462,2896.471385851563,2.0,2735.2881062594283,2.9806883894031477,1782323280.0,2026-06-24T15:50:00Z,2026-06-24T15:50:00Z,2026-06-24T17:47:00Z,2026-06-24T17:48:00Z,target,60712.25102272898,59127.33997519946,3.96291207708004,"simulated minute open / intraminute exit interval, not exact tick"
521,3409315.0,3409322.0,-1.0,0.14400000000000002,58756.9,59088.3,4.230496800000001,4.2543576000000005,0.0,-47.721600000000215,-56.20645440000022,2840.264931451563,1.0,2896.471385851563,2.9211383345022996,1782396180.0,2026-06-25T13:55:00Z,2026-06-25T13:55:00Z,2026-06-25T14:02:00Z,2026-06-25T14:03:00Z,stop,59076.442029932536,57490.373013641016,3.963569320212413,"simulated minute open / intraminute exit interval, not exact tick"
522,3418465.0,3418469.0,1.0,0.133,60959.200000000004,60606.8,4.0537868,4.0303522,0.0,-46.8692000000002,-54.9533390000002,2785.311592451563,1.0,2840.264931451563,2.854513151298353,1782945000.0,2026-07-01T22:25:00Z,2026-07-01T22:25:00Z,2026-07-01T22:29:00Z,2026-07-01T22:30:00Z,stop,60618.98624305734,62307.480442197986,3.9630391619502046,"simulated minute open / intraminute exit interval, not exact tick"
523,3436770.0,3438210.0,1.0,0.137,64482.600000000006,65360.100000000006,4.417058100000001,4.477166850000001,2.270511598836216,120.21750000000002,109.05276345116378,2894.3643559027264,4.0,2785.311592451563,3.171679687091824,1784129400.0,2026-07-14T15:30:00Z,2026-07-14T15:30:00Z,2026-07-15T15:30:00Z,2026-07-15T15:30:00Z,timeout,64168.70886049342,65725.01337735436,3.9581027336653736,"simulated minute open / intraminute exit interval, not exact tick"
524,3461245.0,3461281.0,-1.0,0.146,62477.600000000006,62796.4,4.5608648,4.5841372,-0.5184667534505559,-46.54479999999936,-55.17133524654881,2839.1930206561774,1.0,2894.3643559027264,3.1515484846948425,1785513720.0,2026-07-31T15:25:00Z,2026-07-31T15:25:00Z,2026-07-31T16:01:00Z,2026-07-31T16:02:00Z,stop,62783.77500723814,61265.1549432237,3.9599739629737307,"simulated minute open / intraminute exit interval, not exact tick"
525,3488605.0,3488607.0,1.0,0.14200000000000002,67190.6,68384.3,4.770532600000002,4.8552853,0.0,169.5053999999996,159.87958209999962,2999.072602756177,2.0,2839.1930206561774,3.3604848739008695,1787153280.0,2026-08-19T15:25:00Z,2026-08-19T15:25:00Z,2026-08-19T15:27:00Z,2026-08-19T15:28:00Z,target,66885.33162685351,68398.02997065282,3.9553064675763197,"simulated minute open / intraminute exit interval, not exact tick"
526,3489650.0,3489936.0,1.0,0.14,71613.7,71272.3,5.0129589999999995,4.989061,0.0,-47.79599999999919,-57.79801999999919,2941.2745827561776,1.0,2999.072602756177,3.3430060982138556,1787233020.0,2026-08-20T08:50:00Z,2026-08-20T08:50:00Z,2026-08-20T13:36:00Z,2026-08-20T13:37:00Z,stop,71286.64927514864,72907.23984747891,3.955165817372241,"simulated minute open / intraminute exit interval, not exact tick"
527,3489985.0,3489989.0,1.0,0.116,71642.40000000001,71300.90000000001,4.155259200000001,4.1354522000000005,0.0,-39.614000000000004,-47.90471140000001,2893.3698713561776,1.0,2941.2745827561776,2.8254820031839634,1787236200.0,2026-08-20T14:25:00Z,2026-08-20T14:25:00Z,2026-08-20T14:29:00Z,2026-08-20T14:30:00Z,stop,71315.21820587275,72936.56595133198,3.9554950017439454,"simulated minute open / intraminute exit interval, not exact tick"
528,3490015.0,3490357.0,1.0,0.026000000000000002,71730.6,73011.5,0.9324978000000003,0.9491495000000001,0.17743929442631232,33.303399999999854,31.244313405573543,2924.6141847617514,2.0,2893.3698713561776,0.6445755927934099,1787258280.0,2026-08-20T14:55:00Z,2026-08-20T14:55:00Z,2026-08-20T20:37:00Z,2026-08-20T20:38:00Z,target,71403.01540761023,73026.17349088304,3.9549280429573486,"simulated minute open / intraminute exit interval, not exact tick"
529,3490955.0,3491054.0,1.0,0.121,75626.90000000001,77093.7,4.57542745,4.66416885,0.5368997862028505,177.48279999999858,167.70630391379572,3092.320488675547,2.0,2924.6141847617514,3.128910113231041,1787300100.0,2026-08-21T06:35:00Z,2026-08-21T06:35:00Z,2026-08-21T08:14:00Z,2026-08-21T08:15:00Z,target,75252.42657495836,77109.1906628398,3.958333392215755,"simulated minute open / intraminute exit interval, not exact tick"
530,3501625.0,3501627.0,-1.0,0.12,77085.3,77508.1,4.6251180000000005,4.650486,0.0,-50.736000000000345,-60.01160400000035,3032.308884675547,1.0,3092.320488675547,2.991357472123439,1787934480.0,2026-08-28T16:25:00Z,2026-08-28T16:25:00Z,2026-08-28T16:27:00Z,2026-08-28T16:28:00Z,stop,77492.51511783469,75471.61200399305,3.9627408839522444,"simulated minute open / intraminute exit interval, not exact tick"
531,3501770.0,3501789.0,-1.0,0.098,77258.40000000001,77682.1,3.7856616000000005,3.8064229000000007,0.0,-41.52259999999971,-49.11468449999971,2983.194200175547,1.0,3032.308884675547,2.4968838887962175,1787944200.0,2026-08-28T18:50:00Z,2026-08-28T18:50:00Z,2026-08-28T19:09:00Z,2026-08-28T19:10:00Z,stop,77666.5295455777,75641.15217995869,3.962584521422467,"simulated minute open / intraminute exit interval, not exact tick"
