trade_id,day_index,entry_index,exit_index,side,quantity,entry_price,exit_price,initial_stop,initial_target,entry_fee,exit_fee,funding_paid,gross_pnl,net_pnl,equity_before,equity_after,entry_exposure,reason,adverse_equity_bound,max_mark_observed_gap,day_status,UTC_day,IV_observation_candle_open_utc,IV_available_utc,IV_annualized_percent,one_day_sigma,reference_price,entry_utc_simulated,exit_bar_open_utc,exit_latest_utc,exit_reason,realized_net_R,initial_price_RR,time_precision
1,609.0,877325.0,877901.0,-1.0,3.1830000000000003,3515.79,3575.06,3574.343123419208,3247.651204830929,5.595379785,5.6897079900000005,-1.119857358787188,-188.65640999999997,-198.82164041621218,10000.0,9801.178359583788,1.119075957,1.0,9801.178359583788,0.0,0.0,2021-09-01 00:00:00+00:00,2021-08-31 00:00:00+00:00,2021-09-01 00:01:00+00:00,104.64,0.05477107925983996,3430.49,2021-09-01 06:05:00+00:00,2021-09-01 15:41:00+00:00,2021-09-01 15:42:00+00:00,stop,-1.0667851151262908,4.579410619128631,"simulated minute opens; intrabar exits only known within minute, not actual exchange fills"
2,611.0,881190.0,881279.0,-1.0,2.964,3895.91,3943.8,3957.3152787086806,3575.552595713874,5.7737386200000005,5.844711600000001,0.0,-141.94596000000098,-153.56441022000217,9801.178359583788,9647.613949363786,1.1781723397277681,3.0,9646.869180133906,0.0,0.0,2021-09-03 00:00:00+00:00,2021-09-02 00:00:00+00:00,2021-09-03 00:01:00+00:00,110.75,0.057969199426866166,3788.95,2021-09-03 22:30:00+00:00,2021-09-03 23:59:00+00:00,2021-09-03 23:59:00+00:00,scheduled_23_59_exit,-0.8437361752854725,5.217098774292149,"simulated minute opens; intrabar exits only known within minute, not actual exchange fills"
3,616.0,887185.0,887534.0,-1.0,3.0660000000000003,3528.52,3242.77,3587.158382438431,3242.114337849466,5.40922116,4.971166410000001,-0.9995408951749621,876.1095,866.7286533251754,9647.613949363786,10514.342602688961,1.1213593720459165,2.0,9604.599880094986,0.0,0.0,2021-09-08 00:00:00+00:00,2021-09-07 00:00:00+00:00,2021-09-08 00:01:00+00:00,110.41,0.05779123529318549,3435.0,2021-09-08 02:25:00+00:00,2021-09-08 08:14:00+00:00,2021-09-08 08:15:00+00:00,target,4.820909980192158,4.884269487673075,"simulated minute opens; intrabar exits only known within minute, not actual exchange fills"
4,617.0,889245.0,889919.0,1.0,3.419,3410.61,3427.14,3353.1793332428397,3700.84537868773,5.830437795000001,5.858695829999999,1.20484995208552,56.51606999999913,43.622086422912616,10514.342602688961,10557.964689111874,1.1090446669502498,3.0,10496.69881144297,0.0,0.0,2021-09-09 00:00:00+00:00,2021-09-08 00:00:00+00:00,2021-09-09 00:01:00+00:00,107.7,0.056372756462966016,3497.99,2021-09-09 12:45:00+00:00,2021-09-09 23:59:00+00:00,2021-09-09 23:59:00+00:00,scheduled_23_59_exit,0.222158776353205,5.053665490511534,"simulated minute opens; intrabar exits only known within minute, not actual exchange fills"
5,618.0,890730.0,890765.0,1.0,2.834,3356.91,3285.7400000000002,3286.4036896773323,3622.431476033655,4.75674147,4.655893580000001,0.0,-201.69577999999893,-211.10841504999917,10557.964689111874,10346.856274061875,0.9010716762304559,1.0,10346.856274061875,0.0,0.0,2021-09-10 00:00:00+00:00,2021-09-09 00:00:00+00:00,2021-09-10 00:01:00+00:00,106.28,0.05562949449288791,3426.42,2021-09-10 13:30:00+00:00,2021-09-10 14:05:00+00:00,2021-09-10 14:06:00+00:00,stop,-1.0565199718875513,3.7659249905223158,"simulated minute opens; intrabar exits only known within minute, not actual exchange fills"
6,619.0,892030.0,892121.0,-1.0,3.787,3293.7000000000003,3345.01,3344.3354215258787,3038.888690708047,6.236620950000001,6.333776435000001,0.0,-194.3109699999998,-206.88136738499998,10346.856274061875,10139.974906676875,1.2055103086015293,1.0,10139.974906676875,0.0,0.0,2021-09-11 00:00:00+00:00,2021-09-10 00:00:00+00:00,2021-09-11 00:01:00+00:00,104.56,0.054729205346032754,3209.84,2021-09-11 11:10:00+00:00,2021-09-11 12:41:00+00:00,2021-09-11 12:42:00+00:00,stop,-1.0788762758117927,5.032273882853451,"simulated minute opens; intrabar exits only known within minute, not actual exchange fills"
7,620.0,894040.0,894185.0,-1.0,3.587,3352.36,3405.51,3404.825092564807,3092.3803845683296,6.012457660000001,6.107782185000001,0.0,-190.64905000000033,-202.76928984499864,10139.974906676875,9937.205616831876,1.1858920195238303,1.0,9929.155922988186,0.0,0.0,2021-09-12 00:00:00+00:00,2021-09-11 00:00:00+00:00,2021-09-12 00:01:00+00:00,105.08,0.055001385785779656,3267.23,2021-09-12 20:40:00+00:00,2021-09-12 23:05:00+00:00,2021-09-12 23:06:00+00:00,stop,-1.0774580246889445,4.955287463002814,"simulated minute opens; intrabar exits only known within minute, not actual exchange fills"
8,621.0,894400.0,894479.0,1.0,3.83,3314.2200000000003,3265.63,3266.2912047082523,3599.6689751798294,6.3467313,6.25368145,0.0,-186.09970000000055,-198.7001127500007,9937.205616831876,9738.505504081875,1.2773674098581105,1.0,9699.232281357374,0.0,0.0,2021-09-13 00:00:00+00:00,2021-09-12 00:00:00+00:00,2021-09-13 00:01:00+00:00,106.1,0.05553527818682168,3405.21,2021-09-13 02:40:00+00:00,2021-09-13 03:59:00+00:00,2021-09-13 04:00:00+00:00,stop,-1.082437492622154,5.955688505047313,"simulated minute opens; intrabar exits only known within minute, not actual exchange fills"
9,622.0,896600.0,897053.0,-1.0,3.39,3370.94,3424.9900000000002,3424.301041369553,3106.7378093383086,5.7137433,5.805358050000001,-1.1482805092905002,-183.22950000000063,-193.600320840711,9738.505504081875,9544.905183241164,1.173433294791505,1.0,9542.955732248067,0.0,0.0,2021-09-14 00:00:00+00:00,2021-09-13 00:00:00+00:00,2021-09-14 00:01:00+00:00,106.25,0.05561379177521021,3284.41,2021-09-14 15:20:00+00:00,2021-09-14 22:53:00+00:00,2021-09-14 22:54:00+00:00,stop,-1.0702422164241399,4.951218789602597,"simulated minute opens; intrabar exits only known within minute, not actual exchange fills"
10,623.0,898205.0,898463.0,-1.0,3.391,3530.28,3583.01,3582.291338172663,3248.915543830812,5.985589740000001,6.074993455,0.0,-178.80743000000007,-190.86801319499864,9544.905183241164,9354.037170046166,1.2541957463358422,1.0,9354.037170046166,0.0,0.0,2021-09-15 00:00:00+00:00,2021-09-14 00:00:00+00:00,2021-09-15 00:01:00+00:00,106.64,0.05581792710502039,3435.42,2021-09-15 18:05:00+00:00,2021-09-15 22:23:00+00:00,2021-09-15 22:24:00+00:00,stop,-1.0821995160582867,5.409675391068353,"simulated minute opens; intrabar exits only known within minute, not actual exchange fills"
11,624.0,899825.0,899999.0,1.0,3.435,3520.9300000000003,3572.04,3470.6721711222376,3816.126418990767,6.047197275,6.1349787,0.0,175.5628499999989,163.38067402499837,9354.037170046166,9517.417844071164,1.292959855743262,3.0,9313.193422771164,0.0,0.0,2021-09-16 00:00:00+00:00,2021-09-15 00:00:00+00:00,2021-09-16 00:01:00+00:00,103.59,0.05422148414112024,3614.72,2021-09-16 21:05:00+00:00,2021-09-16 23:59:00+00:00,2021-09-16 23:59:00+00:00,scheduled_23_59_exit,0.9463901657129623,5.873640497060563,"simulated minute opens; intrabar exits only known within minute, not actual exchange fills"
12,626.0,901720.0,902075.0,-1.0,3.106,3478.06,3535.81,3535.102728595175,3230.053953146143,5.40142718,5.491112929999999,-1.0878089608717258,-179.3715,-189.1762311491275,9517.417844071164,9328.241612922036,1.1350614774919852,1.0,9316.973138536874,0.0,0.0,2021-09-18 00:00:00+00:00,2021-09-17 00:00:00+00:00,2021-09-18 00:01:00+00:00,98.52,0.051567724853587855,3400.99,2021-09-18 04:40:00+00:00,2021-09-18 10:35:00+00:00,2021-09-18 10:36:00+00:00,stop,-1.0677383120463233,4.3477241177210155,"simulated minute opens; intrabar exits only known within minute, not actual exchange fills"
13,627.0,903665.0,904222.0,1.0,3.7,3352.71,3305.63,3306.293375267189,3615.2954536151533,6.2025135,6.1154155,1.2446430000000002,-174.19599999999974,-187.75857200000064,9328.241612922036,9140.483040922036,1.3298355161401283,1.0,9140.483040922036,0.0,0.0,2021-09-19 00:00:00+00:00,2021-09-18 00:00:00+00:00,2021-09-19 00:01:00+00:00,97.54,0.05105476940944945,3435.35,2021-09-19 13:05:00+00:00,2021-09-19 22:22:00+00:00,2021-09-19 22:23:00+00:00,stop,-1.0932626034768291,5.657142352049039,"simulated minute opens; intrabar exits only known within minute, not actual exchange fills"
14,629.0,905800.0,906972.0,1.0,3.178,2912.52,2857.9,2858.4736366402017,3146.016903355205,4.62799428,4.5412031,1.9418157573215802,-173.58235999999965,-184.69337313732103,9140.483040922036,8955.789667784715,1.0126366974875227,1.0,8955.789667784715,0.0,0.0,2021-09-21 00:00:00+00:00,2021-09-20 00:00:00+00:00,2021-09-21 00:01:00+00:00,104.64,0.05477107925983996,2978.34,2021-09-21 00:40:00+00:00,2021-09-21 20:12:00+00:00,2021-09-21 20:13:00+00:00,stop,-1.075303213043541,4.320307396091868,"simulated minute opens; intrabar exits only known within minute, not actual exchange fills"
15,630.0,907280.0,907306.0,-1.0,3.095,2834.4700000000003,2889.4700000000003,2888.888133731522,2609.0971554256016,4.386342325,4.471454825000001,0.0,-170.22500000000002,-179.08279715000026,8955.789667784715,8776.706870634715,0.9795545647478335,1.0,8776.706870634715,0.0,0.0,2021-09-22 00:00:00+00:00,2021-09-21 00:00:00+00:00,2021-09-22 00:01:00+00:00,111.21,0.05820997443125766,2765.48,2021-09-22 01:20:00+00:00,2021-09-22 01:46:00+00:00,2021-09-22 01:47:00+00:00,stop,-1.0632847183894423,4.141502641128822,"simulated minute opens; intrabar exits only known within minute, not actual exchange fills"
16,631.0,909725.0,910079.0,-1.0,3.404,3153.04,3152.1,3200.767623270364,2918.5477980079218,5.36647408,5.364874199999999,0.0,3.1997600000001856,-7.531588279998687,8776.706870634715,8769.175282354716,1.222890124758583,3.0,8743.206275589075,0.0,0.0,2021-09-23 00:00:00+00:00,2021-09-22 00:00:00+00:00,2021-09-23 00:01:00+00:00,100.77,0.05274542867941584,3076.62,2021-09-23 18:05:00+00:00,2021-09-23 23:59:00+00:00,2021-09-23 23:59:00+00:00,scheduled_23_59_exit,-0.04635826903564865,4.913133860945562,"simulated minute opens; intrabar exits only known within minute, not actual exchange fills"
17,632.0,910325.0,910623.0,1.0,3.309,3081.33,3031.39,3032.003597503811,3316.221321227254,5.098060485,5.015434755,0.08936747148237852,-165.25146000000018,-175.45432271148275,8769.175282354716,8593.720959643233,1.1627229062824842,1.0,8553.012233465193,0.0,0.0,2021-09-24 00:00:00+00:00,2021-09-23 00:00:00+00:00,2021-09-24 00:01:00+00:00,97.82,0.0512013281077747,3150.7,2021-09-24 04:05:00+00:00,2021-09-24 09:03:00+00:00,2021-09-24 09:04:00+00:00,stop,-1.0749490072690386,4.761979575652242,"simulated minute opens; intrabar exits only known within minute, not actual exchange fills"
18,633.0,912055.0,912959.0,1.0,2.084,2890.75,2918.76,2811.717214137891,3086.54559968739,3.0121615000000004,3.04134792,0.21187944681680002,58.37284000000046,52.10745113318262,8593.720959643233,8645.828410776416,0.7010144998063911,3.0,8502.121176235192,0.0,0.0,2021-09-25 00:00:00+00:00,2021-09-24 00:00:00+00:00,2021-09-25 00:01:00+00:00,101.81,0.05328978955890966,2926.37,2021-09-25 08:55:00+00:00,2021-09-25 23:59:00+00:00,2021-09-25 23:59:00+00:00,scheduled_23_59_exit,0.3163696575674841,2.477397165639599,"simulated minute opens; intrabar exits only known within minute, not actual exchange fills"
19,634.0,913115.0,913404.0,1.0,3.61,2852.63,2807.58,2808.1443367603356,3078.757509830934,5.1489971500000005,5.067681899999999,0.0,-162.63050000000064,-172.8471790500007,8645.828410776416,8472.981231726415,1.1910939947829957,1.0,8472.981231726415,0.0,0.0,2021-09-26 00:00:00+00:00,2021-09-25 00:00:00+00:00,2021-09-26 00:01:00+00:00,100.44,0.05257269878496106,2921.08,2021-09-26 02:35:00+00:00,2021-09-26 07:24:00+00:00,2021-09-26 07:25:00+00:00,stop,-1.0763041733703795,5.083154737126925,"simulated minute opens; intrabar exits only known within minute, not actual exchange fills"
20,635.0,914465.0,915839.0,-1.0,3.0100000000000002,3128.33,2930.57,3180.824030751191,2900.761216456565,4.70813665,4.410507850000001,-1.8505991350147704,595.2575999999993,587.9895546350126,8472.981231726415,9060.970786361428,1.1113294178844044,3.0,8363.103695076414,0.0,0.0,2021-09-27 00:00:00+00:00,2021-09-26 00:00:00+00:00,2021-09-27 00:01:00+00:00,100.62,0.052666915091027305,3057.63,2021-09-27 01:05:00+00:00,2021-09-27 23:59:00+00:00,2021-09-27 23:59:00+00:00,scheduled_23_59_exit,3.721287243387077,4.335136400975869,"simulated minute opens; intrabar exits only known within minute, not actual exchange fills"
21,636.0,916705.0,916876.0,1.0,2.998,2862.9,2805.29,2805.859598969569,3088.3082607679203,4.2914871,4.2051297100000005,0.12994970537407485,-172.7147800000004,-181.34134651537352,9060.970786361428,8879.629439846054,0.9472466474474338,1.0,8879.629439846054,0.0,0.0,2021-09-28 00:00:00+00:00,2021-09-27 00:00:00+00:00,2021-09-28 00:01:00+00:00,104.71,0.054807718934421275,2923.6,2021-09-28 14:25:00+00:00,2021-09-28 17:16:00+00:00,2021-09-28 17:17:00+00:00,stop,-1.060431542779035,3.9517299439684015,"simulated minute opens; intrabar exits only known within minute, not actual exchange fills"
22,637.0,918220.0,918719.0,-1.0,3.269,2876.13,2851.98,2926.9496907433254,2646.9615376592105,4.701034485,4.66156131,-0.934983035,78.9463500000003,70.51873723999961,8879.629439846054,8950.148177086054,1.0588357356231077,3.0,8867.900055361053,0.0,0.0,2021-09-29 00:00:00+00:00,2021-09-28 00:00:00+00:00,2021-09-29 00:01:00+00:00,109.77,0.05745624398272776,2803.5,2021-09-29 15:40:00+00:00,2021-09-29 23:59:00+00:00,2021-09-29 23:59:00+00:00,scheduled_23_59_exit,0.42448034776428006,4.509442284846821,"simulated minute opens; intrabar exits only known within minute, not actual exchange fills"
23,638.0,918785.0,918795.0,-1.0,3.412,2918.89,2968.4,2967.7997985207767,2696.5948241946394,4.97962634,5.0640904,0.0,-168.92812000000075,-178.9718367400019,8950.148177086054,8771.176340346052,1.1127472398163676,1.0,8713.844887513653,0.0,0.0,2021-09-30 00:00:00+00:00,2021-09-29 00:00:00+00:00,2021-09-30 00:01:00+00:00,104.62,0.054760610781388164,2848.38,2021-09-30 01:05:00+00:00,2021-09-30 01:15:00+00:00,2021-09-30 01:16:00+00:00,stop,-1.0724567793449065,4.545002893662092,"simulated minute opens; intrabar exits only known within minute, not actual exchange fills"
24,639.0,920630.0,920699.0,-1.0,3.402,3075.62,3124.08,3123.4495761995713,2841.7408051644584,5.23162962,5.31406008,-0.2179458342101549,-164.86092000000014,-175.18866386579066,8771.176340346052,8595.987676480261,1.1929140213349296,1.0,8595.987676480261,0.0,0.0,2021-10-01 00:00:00+00:00,2021-09-30 00:00:00+00:00,2021-10-01 00:01:00+00:00,103.19,0.05401211457208416,2999.45,2021-10-01 07:50:00+00:00,2021-10-01 08:59:00+00:00,2021-10-01 09:00:00+00:00,stop,-1.0766515210988163,4.889844598657288,"simulated minute opens; intrabar exits only known within minute, not actual exchange fills"
25,640.0,922550.0,922621.0,-1.0,3.188,3386.0,3436.5,3435.810065840283,3146.238419974275,5.397284000000001,5.477781,-1.08010741384638,-160.994,-170.78895758615363,8595.987676480261,8425.198718894108,1.2557682032903958,1.0,8425.198718894108,0.0,0.0,2021-10-02 00:00:00+00:00,2021-10-01 00:00:00+00:00,2021-10-02 00:01:00+00:00,96.12,0.05031150743937135,3308.58,2021-10-02 15:50:00+00:00,2021-10-02 17:01:00+00:00,2021-10-02 17:02:00+00:00,stop,-1.075534533313928,4.813516625224397,"simulated minute opens; intrabar exits only known within minute, not actual exchange fills"
26,641.0,924135.0,924479.0,-1.0,3.031,3463.44,3418.73,3514.8136416597717,3224.3376585272026,5.24884332,5.181085315000001,0.0,135.5160100000001,125.0860813649997,8425.198718894108,8550.284800259107,1.2459868295400784,3.0,8349.624150346377,0.0,0.0,2021-10-03 00:00:00+00:00,2021-10-02 00:00:00+00:00,2021-10-03 00:01:00+00:00,94.17,0.04929083079032043,3387.25,2021-10-03 18:15:00+00:00,2021-10-03 23:59:00+00:00,2021-10-03 23:59:00+00:00,scheduled_23_59_exit,0.8033091224739021,4.654183229919388,"simulated minute opens; intrabar exits only known within minute, not actual exchange fills"
27,642.0,924675.0,925171.0,1.0,3.1430000000000002,3341.9300000000003,3290.85,3291.5151328663264,3594.8527925961266,5.251842995000001,5.171570775,1.0619860279472362,-160.5444400000012,-172.02983979794772,8550.284800259107,8378.25496046116,1.228460365399957,1.0,8378.25496046116,0.0,0.0,2021-10-04 00:00:00+00:00,2021-10-03 00:00:00+00:00,2021-10-04 00:01:00+00:00,96.24,0.05037431831008216,3418.25,2021-10-04 03:15:00+00:00,2021-10-04 11:31:00+00:00,2021-10-04 11:32:00+00:00,stop,-1.085677348737734,5.016829498439566,"simulated minute opens; intrabar exits only known within minute, not actual exchange fills"
28,643.0,926540.0,927136.0,-1.0,2.379,3455.14,3522.07,3521.360078847667,3213.8447202966754,4.109889030000001,4.189502265,-0.8137078056108691,-159.2264700000007,-166.71215348938858,8378.25496046116,8211.542806971771,0.9810847364744751,1.0,8211.542806971771,0.0,0.0,2021-10-05 00:00:00+00:00,2021-10-04 00:00:00+00:00,2021-10-05 00:01:00+00:00,99.76,0.05221677051759972,3386.12,2021-10-05 10:20:00+00:00,2021-10-05 20:16:00+00:00,2021-10-05 20:17:00+00:00,stop,-1.0582374480690846,3.643838604577941,"simulated minute opens; intrabar exits only known within minute, not actual exchange fills"
29,644.0,928105.0,928799.0,1.0,2.6590000000000003,3438.6800000000003,3578.04,3381.0160782559637,3708.431527049448,4.57172506,4.757004180000001,1.3778568074602,370.55823999999916,359.8516539525408,8211.542806971771,8571.394460924312,1.1134874815773987,3.0,8185.00912844732,0.0,0.0,2021-10-06 00:00:00+00:00,2021-10-05 00:00:00+00:00,2021-10-06 00:01:00+00:00,100.91,0.052818708028578465,3517.64,2021-10-06 12:25:00+00:00,2021-10-06 23:59:00+00:00,2021-10-06 23:59:00+00:00,scheduled_23_59_exit,2.3469346138635845,4.67799481705118,"simulated minute opens; intrabar exits only known within minute, not actual exchange fills"
30,645.0,928900.0,930239.0,1.0,2.837,3493.1800000000003,3586.65,3436.9278088050905,3772.3138501539543,4.955075830000001,5.087663025000001,4.51902200272799,265.17438999999945,250.61262914227154,8571.394460924312,8822.007090066583,1.1561889614553245,3.0,8558.978075094312,0.0,0.0,2021-10-07 00:00:00+00:00,2021-10-06 00:00:00+00:00,2021-10-07 00:01:00+00:00,101.65,0.05320604173129522,3576.85,2021-10-07 01:40:00+00:00,2021-10-07 23:59:00+00:00,2021-10-07 23:59:00+00:00,scheduled_23_59_exit,1.5703778922260552,4.962186258429925,"simulated minute opens; intrabar exits only known within minute, not actual exchange fills"
31,649.0,934795.0,935008.0,-1.0,3.46,3502.91,3550.36,3549.647715729763,3243.4032518275935,6.0600343,6.1421228,0.0,-164.17700000000093,-176.37915710000198,8822.007090066583,8645.627932966581,1.3738448038255344,1.0,8645.627932966581,0.0,0.0,2021-10-11 00:00:00+00:00,2021-10-10 00:00:00+00:00,2021-10-11 00:01:00+00:00,98.5,0.05155725637513605,3415.01,2021-10-11 03:55:00+00:00,2021-10-11 07:28:00+00:00,2021-10-11 07:29:00+00:00,stop,-1.0906959016727868,5.5524054635633044,"simulated minute opens; intrabar exits only known within minute, not actual exchange fills"
32,650.0,936660.0,936760.0,1.0,2.922,3463.1,3407.37,3408.0550076544405,3731.5204735327575,5.0595891,4.978167570000001,0.0,-162.84306000000007,-172.88081667000006,8645.627932966581,8472.747116296581,1.1704387788207535,1.0,8472.747116296581,0.0,0.0,2021-10-12 00:00:00+00:00,2021-10-11 00:00:00+00:00,2021-10-12 00:01:00+00:00,98.99,0.05181373409720526,3543.1,2021-10-12 11:00:00+00:00,2021-10-12 12:40:00+00:00,2021-10-12 12:41:00+00:00,stop,-1.0748522704585857,4.876383156667139,"simulated minute opens; intrabar exits only known within minute, not actual exchange fills"
33,651.0,938680.0,938879.0,-1.0,2.7920000000000003,3578.25,3609.4300000000003,3634.597611522485,3312.5476978388183,4.995237,5.038764280000001,0.0,-87.05456000000082,-97.08856127999934,8472.747116296581,8375.658555016582,1.1791304358398949,3.0,8363.260934624182,0.0,0.0,2021-10-13 00:00:00+00:00,2021-10-12 00:00:00+00:00,2021-10-13 00:01:00+00:00,101.29,0.053017609119162756,3492.91,2021-10-13 20:40:00+00:00,2021-10-13 23:59:00+00:00,2021-10-13 23:59:00+00:00,scheduled_23_59_exit,-0.6171306832788055,4.715413750149044,"simulated minute opens; intrabar exits only known within minute, not actual exchange fills"
34,653.0,941445.0,941759.0,-1.0,2.601,3890.7000000000003,3868.77,3950.377843992394,3595.503032752836,5.059855350000001,5.031335385,0.0,57.03993000000076,46.94873926500077,8375.658555016582,8422.607294281583,1.208228658502181,3.0,8319.776647178482,0.0,0.0,2021-10-15 00:00:00+00:00,2021-10-14 00:00:00+00:00,2021-10-15 00:01:00+00:00,102.76,0.053787042285370366,3794.19,2021-10-15 18:45:00+00:00,2021-10-15 23:59:00+00:00,2021-10-15 23:59:00+00:00,scheduled_23_59_exit,0.30246174781885393,4.946508578372716,"simulated minute opens; intrabar exits only known within minute, not actual exchange fills"
35,654.0,942485.0,943199.0,-1.0,2.119,3954.2000000000003,3833.32,4028.8865111025048,3673.8512439864544,4.189474900000001,4.0614025400000004,-4.358008464788293,256.14472000000023,252.25185102478827,8422.607294281583,8674.859145306371,0.9948166294882084,3.0,8402.736740190923,0.0,0.0,2021-10-16 00:00:00+00:00,2021-10-15 00:00:00+00:00,2021-10-16 00:01:00+00:00,100.71,0.052714023244060416,3872.71,2021-10-16 12:05:00+00:00,2021-10-16 23:59:00+00:00,2021-10-16 23:59:00+00:00,scheduled_23_59_exit,1.5939005949468616,3.753673211870582,"simulated minute opens; intrabar exits only known within minute, not actual exchange fills"
36,655.0,944410.0,944421.0,1.0,2.896,3752.39,3696.2200000000003,3696.9629503763213,4022.9356924663757,5.43346072,5.35212656,0.0,-162.6683199999989,-173.45390727999802,8674.859145306371,8501.405238026373,1.2526913991312087,1.0,8381.771918450051,0.0,0.0,2021-10-17 00:00:00+00:00,2021-10-16 00:00:00+00:00,2021-10-17 00:01:00+00:00,92.25,0.048285856858947214,3833.3,2021-10-17 20:10:00+00:00,2021-10-17 20:21:00+00:00,2021-10-17 20:22:00+00:00,stop,-1.080597026301257,4.881112999938533,"simulated minute opens; intrabar exits only known within minute, not actual exchange fills"
37,656.0,945380.0,945415.0,1.0,3.061,3757.01,3705.21,3705.959897488552,4053.279518868548,5.750103805000001,5.670823905000001,0.0,-158.55980000000056,-169.9807277100008,8501.405238026373,8331.424510316372,1.3527419630063193,1.0,8331.424510316372,0.0,0.0,2021-10-18 00:00:00+00:00,2021-10-17 00:00:00+00:00,2021-10-18 00:01:00+00:00,97.8,0.051190859629322905,3851.01,2021-10-18 12:20:00+00:00,2021-10-18 12:55:00+00:00,2021-10-18 12:56:00+00:00,stop,-1.0877766599498453,5.803504876451691,"simulated minute opens; intrabar exits only known within minute, not actual exchange fills"
38,657.0,946900.0,947519.0,-1.0,2.087,3828.07,3882.38,3903.2527031774457,3551.244805291378,3.994591045000001,4.051263530000001,-1.6015497490638002,-113.34496999999989,-119.78927482593645,8331.424510316372,8211.635235490436,0.9589215001717185,3.0,8196.616145771426,0.0,0.0,2021-10-19 00:00:00+00:00,2021-10-18 00:00:00+00:00,2021-10-19 00:01:00+00:00,103.18,0.054006880332858255,3748.31,2021-10-19 13:40:00+00:00,2021-10-19 23:59:00+00:00,2021-10-19 23:59:00+00:00,scheduled_23_59_exit,-0.763444639615182,3.6820330077153782,"simulated minute opens; intrabar exits only known within minute, not actual exchange fills"
39,659.0,949580.0,949645.0,-1.0,2.158,4283.17,4354.9400000000005,4354.06292784603,3923.733326788844,4.6215404300000005,4.698980260000001,0.0,-154.87966000000094,-164.2001806900007,8211.635235490436,8047.435054800435,1.1256078229159143,1.0,8047.435054800435,0.0,0.0,2021-10-21 00:00:00+00:00,2021-10-20 00:00:00+00:00,2021-10-21 00:01:00+00:00,113.61,0.05946619184547418,4164.14,2021-10-21 10:20:00+00:00,2021-10-21 11:25:00+00:00,2021-10-21 11:26:00+00:00,stop,-1.0732954232791119,5.0701344144200755,"simulated minute opens; intrabar exits only known within minute, not actual exchange fills"
40,660.0,951385.0,951839.0,1.0,1.744,3973.14,3973.14,3885.588146757934,4298.011807950307,3.46457808,3.46457808,0.0,0.0,-6.929156160000275,8047.435054800435,8040.505898640435,0.8610390904449284,3.0,7951.8523967204355,0.0,0.0,2021-10-22 00:00:00+00:00,2021-10-21 00:00:00+00:00,2021-10-22 00:01:00+00:00,110.13,0.057644676594860236,4057.26,2021-10-22 16:25:00+00:00,2021-10-22 23:59:00+00:00,2021-10-22 23:59:00+00:00,scheduled_23_59_exit,-0.04538042146309683,3.7106217163912207,"simulated minute opens; intrabar exits only known within minute, not actual exchange fills"
41,661.0,952785.0,953230.0,-1.0,1.954,4063.08,4141.25,4140.416558115098,3765.916442665135,3.96962916,4.04600125,-1.9651968564276647,-152.74418000000014,-158.79461355357307,8040.505898640435,7881.711285086862,0.9874078099168418,1.0,7881.711285086862,0.0,0.0,2021-10-23 00:00:00+00:00,2021-10-22 00:00:00+00:00,2021-10-23 00:01:00+00:00,103.5,0.054174375988087116,3975.56,2021-10-23 15:45:00+00:00,2021-10-23 23:10:00+00:00,2021-10-23 23:11:00+00:00,stop,-1.0508152516394946,3.842471976740971,"simulated minute opens; intrabar exits only known within minute, not actual exchange fills"
42,662.0,954085.0,954206.0,1.0,2.442,4063.76,4003.26,4004.0683606730504,4403.219290955521,4.9618509600000005,4.8879804600000005,0.0,-147.741,-157.59083142000054,7881.711285086862,7724.120453666861,1.2590796035344292,1.0,7699.826534126861,0.0,0.0,2021-10-24 00:00:00+00:00,2021-10-23 00:00:00+00:00,2021-10-24 00:01:00+00:00,103.74,0.05429999772950877,4170.5,2021-10-24 13:25:00+00:00,2021-10-24 15:26:00+00:00,2021-10-24 15:27:00+00:00,stop,-1.0811147210504632,5.686881693702453,"simulated minute opens; intrabar exits only known within minute, not actual exchange fills"
43,663.0,955775.0,956159.0,-1.0,2.117,4189.72,4225.63,4257.580561303225,3864.8640821553277,4.43481862,4.472829355,0.0,-76.0214699999997,-84.92911797499983,7724.120453666861,7639.191335691861,1.1483038480827068,3.0,7637.851488487692,0.0,0.0,2021-10-25 00:00:00+00:00,2021-10-24 00:00:00+00:00,2021-10-25 00:01:00+00:00,105.65,0.05529973742165608,4084.61,2021-10-25 17:35:00+00:00,2021-10-25 23:59:00+00:00,2021-10-25 23:59:00+00:00,scheduled_23_59_exit,-0.5911780602689083,4.787109207557262,"simulated minute opens; intrabar exits only known within minute, not actual exchange fills"
44,664.0,957540.0,957599.0,1.0,2.095,4124.57,4130.62,4056.586818656556,4458.358710681144,4.320487075,4.32682445,0.0,12.674750000000381,4.027438475000963,7639.191335691861,7643.218774166862,1.1311372853861645,3.0,7593.0965486168625,0.0,0.0,2021-10-26 00:00:00+00:00,2021-10-25 00:00:00+00:00,2021-10-26 00:01:00+00:00,103.1,0.05396500641905103,4224.14,2021-10-26 23:00:00+00:00,2021-10-26 23:59:00+00:00,2021-10-26 23:59:00+00:00,scheduled_23_59_exit,0.028277655767367977,4.909871884266176,"simulated minute opens; intrabar exits only known within minute, not actual exchange fills"
45,665.0,958005.0,959027.0,-1.0,2.273,4242.15,3916.87,4304.250633161778,3916.0794506706566,4.821203475000001,4.451522755,-6.739021960212458,739.3614399999994,736.8277357302122,7643.218774166862,8380.046509897074,1.261563646796314,2.0,7614.886704090022,0.0,0.0,2021-10-27 00:00:00+00:00,2021-10-26 00:00:00+00:00,2021-10-27 00:01:00+00:00,103.18,0.054006880332858255,4133.39,2021-10-27 06:45:00+00:00,2021-10-27 23:47:00+00:00,2021-10-27 23:48:00+00:00,target,5.219999980360022,5.250679948461999,"simulated minute opens; intrabar exits only known within minute, not actual exchange fills"
46,666.0,959455.0,959547.0,-1.0,2.365,4029.1800000000003,4095.96,4095.135110058518,3705.944965328358,4.76450535,4.8434727,-0.9488900300000002,-157.93469999999942,-166.59378801999992,8380.046509897074,8213.452721877075,1.1371071376210105,1.0,8213.452721877075,0.0,0.0,2021-10-28 00:00:00+00:00,2021-10-27 00:00:00+00:00,2021-10-28 00:01:00+00:00,109.02,0.057063676040785105,3923.57,2021-10-28 06:55:00+00:00,2021-10-28 08:27:00+00:00,2021-10-28 08:28:00+00:00,stop,-1.0680195656940294,4.900833830538024,"simulated minute opens; intrabar exits only known within minute, not actual exchange fills"
47,667.0,961580.0,961919.0,-1.0,2.071,4404.97,4417.4800000000005,4478.910632272969,4048.1642732298983,4.561346435000001,4.574300540000001,0.0,-25.908210000000455,-35.04385697500129,8213.452721877075,8178.408864902073,1.1107013309641516,3.0,8153.226441076915,0.0,0.0,2021-10-29 00:00:00+00:00,2021-10-28 00:00:00+00:00,2021-10-29 00:01:00+00:00,110.39,0.0577807668147337,4288.96,2021-10-29 18:20:00+00:00,2021-10-29 23:59:00+00:00,2021-10-29 23:59:00+00:00,scheduled_23_59_exit,-0.22884880044752592,4.825570404278799,"simulated minute opens; intrabar exits only known within minute, not actual exchange fills"
48,668.0,962460.0,962781.0,1.0,1.831,4323.62,4238.58,4239.434918477091,4676.547831360161,3.95827411,3.88041999,0.0,-155.70823999999993,-163.54693409999982,8178.408864902073,8014.861930802073,0.9679814681281272,1.0,8014.861930802073,0.0,0.0,2021-10-30 00:00:00+00:00,2021-10-29 00:00:00+00:00,2021-10-30 00:01:00+00:00,107.13,0.05607440482708959,4421.53,2021-10-30 09:00:00+00:00,2021-10-30 14:21:00+00:00,2021-10-30 14:22:00+00:00,stop,-1.0610086536020422,4.192284725223192,"simulated minute opens; intrabar exits only known within minute, not actual exchange fills"
49,669.0,964065.0,964799.0,1.0,2.2920000000000003,4211.22,4287.05,4146.317127564458,4574.834611531721,4.826058120000001,4.912959300000001,2.1045204508800004,173.80235999999985,161.95882212911965,8014.861930802073,8176.820752931193,1.2042772942732505,3.0,7907.560552682073,0.0,0.0,2021-10-31 00:00:00+00:00,2021-10-30 00:00:00+00:00,2021-10-31 00:01:00+00:00,107.37,0.05620002656851125,4324.82,2021-10-31 11:45:00+00:00,2021-10-31 23:59:00+00:00,2021-10-31 23:59:00+00:00,scheduled_23_59_exit,1.0887447613382293,5.602442509656905,"simulated minute opens; intrabar exits only known within minute, not actual exchange fills"
50,670.0,965050.0,966239.0,1.0,2.395,4173.45,4324.29,4110.16294116488,4539.26611727101,4.997706375,5.178337275,4.204200303070889,361.26180000000033,346.8815560469284,8176.820752931193,8523.702308978121,1.2224082014292517,3.0,8158.937946556192,0.0,0.0,2021-11-01 00:00:00+00:00,2021-10-31 00:00:00+00:00,2021-11-01 00:01:00+00:00,108.41,0.05674438744800507,4288.86,2021-11-01 04:10:00+00:00,2021-11-01 23:59:00+00:00,2021-11-01 23:59:00+00:00,scheduled_23_59_exit,2.2885519637225116,5.780267309057015,"simulated minute opens; intrabar exits only known within minute, not actual exchange fills"
51,671.0,966890.0,967170.0,-1.0,2.456,4445.35,4510.26,4509.348219266405,4085.8418078983404,5.4588898,5.538599280000001,0.0,-159.41895999999963,-170.41644907999944,8523.702308978121,8353.285859898122,1.2808729357547093,1.0,8353.285859898122,0.0,0.0,2021-11-02 00:00:00+00:00,2021-11-01 00:00:00+00:00,2021-11-02 00:01:00+00:00,107.67,0.056357053745288314,4322.72,2021-11-02 10:50:00+00:00,2021-11-02 15:30:00+00:00,2021-11-02 15:31:00+00:00,stop,-1.0842146202718532,5.617471801912784,"simulated minute opens; intrabar exits only known within minute, not actual exchange fills"
52,672.0,968530.0,969119.0,1.0,1.802,4483.89,4606.05,4396.550183847832,4870.831756502279,4.03998489,4.15005105,2.0945115550744,220.13231999999974,209.84777250492516,8353.285859898122,8563.133632403047,0.9672804110284028,3.0,8346.759115008123,0.0,0.0,2021-11-03 00:00:00+00:00,2021-11-02 00:00:00+00:00,2021-11-03 00:01:00+00:00,111.84,0.058539731502489506,4593.88,2021-11-03 14:10:00+00:00,2021-11-03 23:59:00+00:00,2021-11-03 23:59:00+00:00,scheduled_23_59_exit,1.3333289337352112,4.430301935008973,"simulated minute opens; intrabar exits only known within minute, not actual exchange fills"
53,673.0,970050.0,970559.0,1.0,1.855,4500.27,4534.16,4413.303020741743,4877.537808470127,4.174000425,4.2054333999999995,2.3376383460640002,62.86594999999892,52.14887782893493,8563.133632403047,8615.282510231982,0.9748768626488579,3.0,8414.362043631982,0.0,0.0,2021-11-04 00:00:00+00:00,2021-11-03 00:00:00+00:00,2021-11-04 00:01:00+00:00,109.19,0.05715265810762543,4606.59,2021-11-04 15:30:00+00:00,2021-11-04 23:59:00+00:00,2021-11-04 23:59:00+00:00,scheduled_23_59_exit,0.3232560546884838,4.338058096163048,"simulated minute opens; intrabar exits only known within minute, not actual exchange fills"
54,675.0,972670.0,973439.0,1.0,2.2760000000000002,4368.97,4518.02,4298.480331464993,4727.326517043241,4.971887860000001,5.141506760000001,1.0014263440000002,339.23780000000045,328.1229790359994,8615.282510231982,8943.405489267981,1.154201932228018,3.0,8519.61202237198,0.0,0.0,2021-11-06 00:00:00+00:00,2021-11-05 00:00:00+00:00,2021-11-06 00:01:00+00:00,103.82,0.05434187164331599,4477.29,2021-11-06 11:10:00+00:00,2021-11-06 23:59:00+00:00,2021-11-06 23:59:00+00:00,scheduled_23_59_exit,2.045214766876106,5.083816174639387,"simulated minute opens; intrabar exits only known within minute, not actual exchange fills"
55,677.0,975300.0,976275.0,-1.0,2.445,4741.52,4809.88,4808.916310931813,4371.867598120242,5.796508200000001,5.8800783,-5.999733438614999,-167.1401999999992,-172.81705306138247,8943.405489267981,8770.588436206599,1.2962642042688919,1.0,8770.588436206599,0.0,0.0,2021-11-08 00:00:00+00:00,2021-11-07 00:00:00+00:00,2021-11-08 00:01:00+00:00,104.02,0.05444655642783403,4616.5,2021-11-08 07:00:00+00:00,2021-11-08 23:15:00+00:00,2021-11-08 23:16:00+00:00,stop,-1.0487491127594528,5.48475720360641,"simulated minute opens; intrabar exits only known within minute, not actual exchange fills"
56,679.0,978620.0,979044.0,-1.0,1.852,4844.49,4483.82,4933.283439207753,4482.919322152321,4.48599774,4.15201732,-2.508816348929612,667.9608400000002,661.8316412889308,8770.588436206599,9432.42007749553,1.0229639145945961,2.0,8720.514616262608,0.0,0.0,2021-11-10 00:00:00+00:00,2021-11-09 00:00:00+00:00,2021-11-10 00:01:00+00:00,104.51,0.05470303414990325,4734.98,2021-11-10 14:20:00+00:00,2021-11-10 21:24:00+00:00,2021-11-10 21:25:00+00:00,target,4.024627277023216,4.0720427215539985,"simulated minute opens; intrabar exits only known within minute, not actual exchange fills"
57,680.0,980085.0,980639.0,-1.0,2.17,4746.07,4725.76,4827.232578443433,4384.380737632702,5.14948595,5.1274496,-1.0245520647922,44.072699999998896,34.82031651478974,9432.42007749553,9467.24039401032,1.0918695112585097,3.0,9351.49576720132,0.0,0.0,2021-11-11 00:00:00+00:00,2021-11-10 00:00:00+00:00,2021-11-11 00:01:00+00:00,105.05,0.054985683068101955,4632.21,2021-11-11 14:45:00+00:00,2021-11-11 23:59:00+00:00,2021-11-11 23:59:00+00:00,scheduled_23_59_exit,0.1977047688281898,4.456355001330784,"simulated minute opens; intrabar exits only known within minute, not actual exchange fills"
58,681.0,981360.0,981628.0,1.0,2.412,4605.47,4531.55,4532.461756247192,4985.108161150789,5.5541968200000005,5.4650492999999996,1.103063739861996,-178.29504000000017,-190.41734985986113,9467.24039401032,9276.823044150458,1.17335075245665,1.0,9276.823044150458,0.0,0.0,2021-11-12 00:00:00+00:00,2021-11-11 00:00:00+00:00,2021-11-12 00:01:00+00:00,103.92,0.05439421403557502,4721.19,2021-11-12 12:00:00+00:00,2021-11-12 16:28:00+00:00,2021-11-12 16:29:00+00:00,stop,-1.0813276585932967,5.199935536542567,"simulated minute opens; intrabar exits only known within minute, not actual exchange fills"
59,684.0,985760.0,986399.0,-1.0,2.5340000000000003,4753.4800000000005,4562.34,4820.919245849404,4385.912169892466,6.022659160000001,5.780484780000001,-1.1786520900000002,484.3487600000009,473.7242681500011,9276.823044150458,9750.54731230046,1.2984313986236087,3.0,9262.69151857432,0.0,0.0,2021-11-15 00:00:00+00:00,2021-11-14 00:00:00+00:00,2021-11-15 00:01:00+00:00,103.24,0.054038285768213665,4629.44,2021-11-15 13:20:00+00:00,2021-11-15 23:59:00+00:00,2021-11-15 23:59:00+00:00,scheduled_23_59_exit,2.772083564182571,5.450354989561062,"simulated minute opens; intrabar exits only known within minute, not actual exchange fills"
60,686.0,988040.0,989279.0,1.0,2.453,4105.1,4284.53,4030.5028864216733,4460.3912829101855,5.034905150000001,5.254976044999999,2.050240012124403,440.1417899999985,427.8016687928739,9750.54731230046,10178.348981093333,1.0327430837955924,3.0,9686.573558853008,0.0,0.0,2021-11-17 00:00:00+00:00,2021-11-16 00:00:00+00:00,2021-11-17 00:01:00+00:00,110.64,0.05791162279538125,4209.42,2021-11-17 03:20:00+00:00,2021-11-17 23:59:00+00:00,2021-11-17 23:59:00+00:00,scheduled_23_59_exit,2.337883698391746,4.762802015618594,"simulated minute opens; intrabar exits only known within minute, not actual exchange fills"
61,687.0,990010.0,990193.0,1.0,2.358,4188.5,4106.36,4107.184206173516,4541.505808496599,4.9382415,4.84139844,0.0,-193.68612000000078,-203.4657599400016,10178.348981093333,9974.883221153332,0.9703423431782443,1.0,9974.883221153332,0.0,0.0,2021-11-18 00:00:00+00:00,2021-11-17 00:00:00+00:00,2021-11-18 00:01:00+00:00,109.74,0.05744054126505005,4287.99,2021-11-18 12:10:00+00:00,2021-11-18 15:13:00+00:00,2021-11-18 15:14:00+00:00,stop,-1.0611398590552463,4.341171522593279,"simulated minute opens; intrabar exits only known within minute, not actual exchange fills"
62,689.0,993440.0,993599.0,-1.0,2.71,4408.650000000001,4409.22,4476.905599388772,4060.46102657717,5.973720750000001,5.974493100000001,0.0,-1.5446999999992113,-13.49291384999924,9974.883221153332,9961.390307303333,1.1977525185120508,3.0,9898.642794242733,0.0,0.0,2021-11-20 00:00:00+00:00,2021-11-19 00:00:00+00:00,2021-11-20 00:01:00+00:00,106.59,0.055791755908890885,4293.44,2021-11-20 21:20:00+00:00,2021-11-20 23:59:00+00:00,2021-11-20 23:59:00+00:00,scheduled_23_59_exit,-0.07294544395750728,5.101251421727442,"simulated minute opens; intrabar exits only known within minute, not actual exchange fills"
63,691.0,995260.0,996209.0,1.0,1.545,4209.12,4084.39,4085.214038967011,4502.835992312193,3.2515452,3.155191275,1.30153067073672,-192.70785,-200.4161171457381,9961.390307303333,9760.974190157594,0.6528295950046418,1.0,9760.974190157594,0.0,0.0,2021-11-22 00:00:00+00:00,2021-11-21 00:00:00+00:00,2021-11-22 00:01:00+00:00,106.26,0.055619026014436114,4259.23,2021-11-22 03:40:00+00:00,2021-11-22 19:29:00+00:00,2021-11-22 19:30:00+00:00,stop,-1.0469162951658195,2.3704750753193764,"simulated minute opens; intrabar exits only known within minute, not actual exchange fills"
64,692.0,997110.0,997370.0,-1.0,2.62,4200.93,4271.18,4270.322279202876,3853.807309138077,5.5032183,5.595245800000001,0.0,-184.055,-195.15346409999984,9760.974190157594,9565.820726057595,1.1275961175164524,1.0,9565.820726057595,0.0,0.0,2021-11-23 00:00:00+00:00,2021-11-22 00:00:00+00:00,2021-11-23 00:01:00+00:00,112.04,0.05864441628700755,4086.57,2021-11-23 10:30:00+00:00,2021-11-23 14:50:00+00:00,2021-11-23 14:51:00+00:00,stop,-1.073405512192957,5.002324391840064,"simulated minute opens; intrabar exits only known within minute, not actual exchange fills"
65,693.0,998760.0,999359.0,1.0,2.669,4223.04,4274.08,4156.410654203372,4600.823807716457,5.63564688,5.70375976,1.1354988382238451,136.2257599999999,123.75085452177518,9565.820726057595,9689.57158057937,1.1782882078582806,3.0,9420.356169177594,0.0,0.0,2021-11-24 00:00:00+00:00,2021-11-23 00:00:00+00:00,2021-11-24 00:01:00+00:00,110.9,0.0580477130152547,4341.36,2021-11-24 14:00:00+00:00,2021-11-24 23:59:00+00:00,2021-11-24 23:59:00+00:00,scheduled_23_59_exit,0.6958795653947636,5.669931217238189,"simulated minute opens; intrabar exits only known within minute, not actual exchange fills"
66,694.0,1000040.0,1000140.0,-1.0,2.379,4382.83,4459.85,4458.9524244144795,4033.3014829018575,5.213376285000001,5.304991575,0.0,-183.23058000000103,-193.74894786000186,9689.57158057937,9495.822632719368,1.0760798331783987,1.0,9495.822632719368,0.0,0.0,2021-11-25 00:00:00+00:00,2021-11-24 00:00:00+00:00,2021-11-25 00:01:00+00:00,109.53,0.057330622241306105,4271.29,2021-11-25 11:20:00+00:00,2021-11-25 13:00:00+00:00,2021-11-25 13:01:00+00:00,stop,-1.069873176352873,4.591662966420929,"simulated minute opens; intrabar exits only known within minute, not actual exchange fills"
67,695.0,1001125.0,1001262.0,1.0,2.392,4416.38,4341.38,4342.255127214853,4787.73232297503,5.281990479999999,5.19229048,0.0,-179.4,-189.87428096000076,9495.822632719368,9305.948351759367,1.1124871818477444,1.0,9305.948351759367,0.0,0.0,2021-11-26 00:00:00+00:00,2021-11-25 00:00:00+00:00,2021-11-26 00:01:00+00:00,106.62,0.05580745862656859,4527.86,2021-11-26 05:25:00+00:00,2021-11-26 07:42:00+00:00,2021-11-26 07:43:00+00:00,stop,-1.0708804887946601,5.00982071229187,"simulated minute opens; intrabar exits only known within minute, not actual exchange fills"
68,696.0,1002800.0,1003679.0,-1.0,2.767,4152.21,4092.9,4214.432239662998,3820.057959051066,5.744582534999999,5.66252715,-1.143396005496829,164.11076999999983,153.84705632049554,9305.948351759367,9459.795408079863,1.2346044310280184,3.0,9284.182839224366,0.0,0.0,2021-11-27 00:00:00+00:00,2021-11-26 00:00:00+00:00,2021-11-27 00:01:00+00:00,107.26,0.05614244993702632,4040.66,2021-11-27 09:20:00+00:00,2021-11-27 23:59:00+00:00,2021-11-27 23:59:00+00:00,scheduled_23_59_exit,0.8935819600761031,5.3381563046895275,"simulated minute opens; intrabar exits only known within minute, not actual exchange fills"
69,697.0,1004805.0,1005119.0,1.0,2.212,4013.0,4291.35,3932.2531903522536,4323.334201051519,4.438378000000001,4.7462331,0.0,615.7102000000009,606.5255889,9459.795408079863,10066.320996979863,0.9383665943153621,3.0,9454.00771007986,0.0,0.0,2021-11-28 00:00:00+00:00,2021-11-27 00:00:00+00:00,2021-11-28 00:01:00+00:00,103.51,0.05417961022731303,4095.33,2021-11-28 18:45:00+00:00,2021-11-28 23:59:00+00:00,2021-11-28 23:59:00+00:00,scheduled_23_59_exit,3.395772863301635,3.843299845595572,"simulated minute opens; intrabar exits only known within minute, not actual exchange fills"
70,698.0,1006145.0,1006559.0,-1.0,2.638,4407.47,4444.21,4478.424612413864,4065.598296221131,5.81345293,5.8619129899999995,0.0,-96.92011999999941,-108.59548591999919,10066.320996979863,9957.725511059863,1.1550303098310049,3.0,9921.959784049863,0.0,0.0,2021-11-29 00:00:00+00:00,2021-11-28 00:00:00+00:00,2021-11-29 00:01:00+00:00,105.58,0.05526309774707477,4296.6,2021-11-29 17:05:00+00:00,2021-11-29 23:59:00+00:00,2021-11-29 23:59:00+00:00,scheduled_23_59_exit,-0.5801714448087956,4.818174494207639,"simulated minute opens; intrabar exits only known within minute, not actual exchange fills"
71,699.0,1007580.0,1007674.0,-1.0,2.661,4562.41,4632.63,4631.699474234002,4207.942075485767,6.070286505,6.163714215,0.0,-186.8554200000007,-199.08942072000173,9957.725511059863,9758.636090339862,1.2192114551175053,1.0,9758.636090339862,0.0,0.0,2021-11-30 00:00:00+00:00,2021-11-29 00:00:00+00:00,2021-11-30 00:01:00+00:00,104.75,0.05482865589132489,4445.1,2021-11-30 17:00:00+00:00,2021-11-30 18:34:00+00:00,2021-11-30 18:35:00+00:00,stop,-1.0797818980027079,5.115754282059271,"simulated minute opens; intrabar exits only known within minute, not actual exchange fills"
72,700.0,1008185.0,1009439.0,-1.0,2.297,4749.01,4589.33,4828.208666086726,4381.653586206928,5.454237985000001,5.2708455050000005,-2.180969889104054,366.7849600000007,358.24084639910325,9758.636090339862,10116.876936738965,1.11782792892527,3.0,9679.349009103042,0.0,0.0,2021-12-01 00:00:00+00:00,2021-11-30 00:00:00+00:00,2021-12-01 00:01:00+00:00,105.95,0.05545676459843315,4631.51,2021-12-01 03:05:00+00:00,2021-12-01 23:59:00+00:00,2021-12-01 23:59:00+00:00,scheduled_23_59_exit,1.9692290785225885,4.63841667978096,"simulated minute opens; intrabar exits only known within minute, not actual exchange fills"
73,701.0,1009645.0,1010879.0,1.0,2.39,4478.42,4515.68,4399.093795052898,4849.247114396894,5.351711900000001,5.3962376,2.1765446115083,89.05140000000053,76.12690588849,10116.876936738965,10193.003842627455,1.0579770681138778,3.0,10007.654180227455,0.0,0.0,2021-12-02 00:00:00+00:00,2021-12-01 00:00:00+00:00,2021-12-02 00:01:00+00:00,106.36,0.055671368406695135,4586.66,2021-12-02 03:25:00+00:00,2021-12-02 23:59:00+00:00,2021-12-02 23:59:00+00:00,scheduled_23_59_exit,0.40153517868741595,4.674711397629267,"simulated minute opens; intrabar exits only known within minute, not actual exchange fills"
74,702.0,1011700.0,1012040.0,-1.0,2.416,4629.07,4269.5,4707.815524026322,4268.640168799096,5.59191656,5.157556,-1.0797843814473602,868.7211199999992,859.0514318214464,10193.003842627455,11052.055274448901,1.0972067991605052,2.0,10171.324656031295,0.0,0.0,2021-12-03 00:00:00+00:00,2021-12-02 00:00:00+00:00,2021-12-03 00:01:00+00:00,106.91,0.055959251564119745,4514.32,2021-12-03 13:40:00+00:00,2021-12-03 19:20:00+00:00,2021-12-03 19:21:00+00:00,target,4.515401351607017,4.577146900189807,"simulated minute opens; intrabar exits only known within minute, not actual exchange fills"
75,703.0,1012530.0,1012613.0,1.0,3.221,4104.25,4039.71,4040.5223050945374,4456.105496657605,6.609894625,6.505952955000001,0.0,-207.8833399999999,-220.99918758000058,11052.055274448901,10831.0560868689,1.1961385390971264,1.0,10793.2410798239,0.0,0.0,2021-12-04 00:00:00+00:00,2021-12-03 00:00:00+00:00,2021-12-04 00:01:00+00:00,106.88,0.055943548846442044,4213.66,2021-12-04 03:30:00+00:00,2021-12-04 04:53:00+00:00,2021-12-04 04:54:00+00:00,stop,-1.076643052942417,5.521233698779907,"simulated minute opens; intrabar exits only known within minute, not actual exchange fills"
76,704.0,1014510.0,1015199.0,-1.0,2.868,4221.4800000000005,4193.4400000000005,4291.866506190147,3892.206535077498,6.053602320000001,6.01339296,-1.1673316047123001,80.4187199999999,69.51905632471244,10831.0560868689,10900.575143193613,1.1178230952638355,3.0,10755.0232845489,0.0,0.0,2021-12-05 00:00:00+00:00,2021-12-04 00:00:00+00:00,2021-12-05 00:01:00+00:00,106.71,0.055854566779601704,4115.79,2021-12-05 12:30:00+00:00,2021-12-05 23:59:00+00:00,2021-12-05 23:59:00+00:00,scheduled_23_59_exit,0.3443779312258038,4.678076562473218,"simulated minute opens; intrabar exits only known within minute, not actual exchange fills"
77,705.0,1015685.0,1015703.0,1.0,1.738,4142.15,4020.82,4021.6277072718713,4444.0922763360995,3.5995283499999995,3.4940925800000002,0.0,-210.87153999999907,-217.9651609299981,10900.575143193613,10682.609982263615,0.6604290696069496,1.0,10682.609982263615,0.0,0.0,2021-12-06 00:00:00+00:00,2021-12-05 00:00:00+00:00,2021-12-06 00:01:00+00:00,109.05,0.057079378758462807,4197.53,2021-12-06 08:05:00+00:00,2021-12-06 08:23:00+00:00,2021-12-06 08:24:00+00:00,stop,-1.040566704807877,2.50528155000515,"simulated minute opens; intrabar exits only known within minute, not actual exchange fills"
78,707.0,1018975.0,1019519.0,-1.0,2.797,4418.74,4436.88,4489.761740301169,4072.233183617643,6.179607890000001,6.204976680000001,-1.231727669372729,-50.73758000000092,-61.89043690062863,10682.609982263615,10620.719545362987,1.1569472067706357,3.0,10589.350453384373,0.0,0.0,2021-12-08 00:00:00+00:00,2021-12-07 00:00:00+00:00,2021-12-08 00:01:00+00:00,106.56,0.05577605319121318,4305.82,2021-12-08 14:55:00+00:00,2021-12-08 23:59:00+00:00,2021-12-08 23:59:00+00:00,scheduled_23_59_exit,-0.31155862046201055,4.878883774362422,"simulated minute opens; intrabar exits only known within minute, not actual exchange fills"
79,708.0,1020080.0,1020392.0,1.0,2.725,4325.54,4251.89,4252.750056901243,4691.020994126257,5.89354825,5.793200125,0.0,-200.69624999999903,-212.38299837499835,10620.719545362987,10408.336546987988,1.109820897694851,1.0,10408.336546987988,0.0,0.0,2021-12-09 00:00:00+00:00,2021-12-08 00:00:00+00:00,2021-12-09 00:01:00+00:00,107.08,0.056048233630960086,4435.33,2021-12-09 09:20:00+00:00,2021-12-09 14:32:00+00:00,2021-12-09 14:33:00+00:00,stop,-1.070734660339775,5.021036953283418,"simulated minute opens; intrabar exits only known within minute, not actual exchange fills"
80,709.0,1021920.0,1022010.0,1.0,2.199,4020.9,3930.25,3931.038459435412,4346.016588115022,4.42097955,4.321309875,0.0,-199.3393500000002,-208.0816394249996,10408.336546987988,10200.254907562989,0.8495074174517085,1.0,10200.254907562989,0.0,0.0,2021-12-10 00:00:00+00:00,2021-12-09 00:00:00+00:00,2021-12-10 00:01:00+00:00,109.56,0.05734632495898382,4103.8,2021-12-10 16:00:00+00:00,2021-12-10 17:30:00+00:00,2021-12-10 17:31:00+00:00,stop,-1.053015276674312,3.617972561702787,"simulated minute opens; intrabar exits only known within minute, not actual exchange fills"
81,710.0,1022630.0,1022911.0,-1.0,2.951,4007.19,4072.25,4071.4347352801215,3673.6792679115015,5.912608845000001,6.0086048750000005,-1.1739825029714601,-191.99205999999984,-202.73929121702895,10200.254907562989,9997.51561634596,1.1593060955008274,1.0,9997.51561634596,0.0,0.0,2021-12-11 00:00:00+00:00,2021-12-10 00:00:00+00:00,2021-12-11 00:01:00+00:00,112.23,0.05874386683229969,3895.95,2021-12-11 03:50:00+00:00,2021-12-11 08:31:00+00:00,2021-12-11 08:32:00+00:00,stop,-1.069377815722713,5.1912538923900495,"simulated minute opens; intrabar exits only known within minute, not actual exchange fills"
82,712.0,1025360.0,1025435.0,1.0,2.767,4018.01,3949.7400000000002,3950.537813804643,4379.552759149084,5.558916835,5.464465290000001,0.0,-188.90308999999993,-199.92647212500015,9997.51561634596,9797.58914422096,1.1120596452805054,1.0,9797.58914422096,0.0,0.0,2021-12-13 00:00:00+00:00,2021-12-12 00:00:00+00:00,2021-12-13 00:01:00+00:00,112.55,0.058911362487528554,4129.0,2021-12-13 01:20:00+00:00,2021-12-13 02:35:00+00:00,2021-12-13 02:36:00+00:00,stop,-1.0708690361803028,5.358396986015574,"simulated minute opens; intrabar exits only known within minute, not actual exchange fills"
83,714.0,1029260.0,1029398.0,1.0,3.1910000000000003,3750.09,4085.14,3693.1715118627762,4085.957600413687,5.983268595,6.517840870000001,0.0,1069.1445499999993,1056.6434405349992,9797.58914422096,10854.232584755959,1.221375688840594,2.0,9772.660863186118,0.0,0.0,2021-12-15 00:00:00+00:00,2021-12-14 00:00:00+00:00,2021-12-15 00:01:00+00:00,110.34,0.05775459561860418,3856.66,2021-12-15 18:20:00+00:00,2021-12-15 20:38:00+00:00,2021-12-15 20:39:00+00:00,target,5.817659530971339,5.90085245419641,"simulated minute opens; intrabar exits only known within minute, not actual exchange fills"
84,716.0,1032015.0,1032479.0,1.0,3.686,3855.5,3871.16,3801.214081172087,4178.803283045382,7.1056865,7.1345478799999995,0.0,57.72275999999946,43.48252562000016,10854.232584755959,10897.715110375959,1.3092932078826944,3.0,10729.799950157838,0.0,0.0,2021-12-17 00:00:00+00:00,2021-12-16 00:00:00+00:00,2021-12-17 00:01:00+00:00,103.39,0.0541167993566022,3958.67,2021-12-17 16:15:00+00:00,2021-12-17 23:59:00+00:00,2021-12-17 23:59:00+00:00,scheduled_23_59_exit,0.2173062601628907,5.955564353073897,"simulated minute opens; intrabar exits only known within minute, not actual exchange fills"
85,717.0,1032610.0,1033919.0,1.0,3.2,3788.2200000000003,3955.9,3724.637452751874,4082.3363712513005,6.061152000000001,6.329440000000001,1.9371478664448,536.5759999999995,522.248260133556,10897.715110375959,11419.963370509515,1.1123711601212702,3.0,10854.142465607958,0.0,0.0,2021-12-18 00:00:00+00:00,2021-12-17 00:00:00+00:00,2021-12-18 00:01:00+00:00,100.11,0.0523999688905063,3873.93,2021-12-18 02:10:00+00:00,2021-12-18 23:59:00+00:00,2021-12-18 23:59:00+00:00,scheduled_23_59_exit,2.566782684167254,4.625740615636765,"simulated minute opens; intrabar exits only known within minute, not actual exchange fills"
86,719.0,1035795.0,1035933.0,1.0,3.63,3826.21,3767.09,3767.852905016982,4138.639060160955,6.94457115,6.83726835,1.38803839871169,-214.60559999999958,-229.77547789871096,11419.963370509515,11190.187892610804,1.2162160113286178,1.0,11190.187892610804,0.0,0.0,2021-12-20 00:00:00+00:00,2021-12-19 00:00:00+00:00,2021-12-20 00:01:00+00:00,102.47,0.0536352493478192,3922.51,2021-12-20 07:15:00+00:00,2021-12-20 09:33:00+00:00,2021-12-20 09:34:00+00:00,stop,-1.084684385721782,5.353745937008529,"simulated minute opens; intrabar exits only known within minute, not actual exchange fills"
87,720.0,1037070.0,1038239.0,-1.0,2.957,4034.4,4017.28,4105.184809283241,3737.738222886792,5.9648604,5.939548480000001,-2.35978948686825,50.623839999999674,41.07922060686906,11190.187892610804,11231.267113217673,1.066087621985108,3.0,11107.425236264307,0.0,0.0,2021-12-21 00:00:00+00:00,2021-12-20 00:00:00+00:00,2021-12-21 00:01:00+00:00,102.37,0.053582906955560186,3943.48,2021-12-21 04:30:00+00:00,2021-12-21 23:59:00+00:00,2021-12-21 23:59:00+00:00,scheduled_23_59_exit,0.19625955254977967,4.19103731601701,"simulated minute opens; intrabar exits only known within minute, not actual exchange fills"
88,722.0,1040805.0,1040846.0,-1.0,3.5460000000000003,4079.04,4138.26,4137.426802523383,3776.318753680532,7.23213792,7.337134980000001,0.0,-209.99412000000092,-224.56339290000142,11231.267113217673,11006.703720317671,1.287857878740816,1.0,11006.703720317671,0.0,0.0,2021-12-23 00:00:00+00:00,2021-12-22 00:00:00+00:00,2021-12-23 00:01:00+00:00,99.7,0.052185365082244306,3978.62,2021-12-23 18:45:00+00:00,2021-12-23 19:26:00+00:00,2021-12-23 19:27:00+00:00,stop,-1.0846398032267304,5.18475465749698,"simulated minute opens; intrabar exits only known within minute, not actual exchange fills"
89,727.0,1047080.0,1047139.0,1.0,3.583,3950.61,3893.1,3893.887538488696,4236.913245456186,7.077517815,6.9744886500000005,0.0,-206.05833000000078,-220.11033646500073,11006.703720317671,10786.59338385267,1.2860376721025668,1.0,10786.59338385267,0.0,0.0,2021-12-28 00:00:00+00:00,2021-12-27 00:00:00+00:00,2021-12-28 00:01:00+00:00,92.17,0.04824398294514,4037.36,2021-12-28 03:20:00+00:00,2021-12-28 04:19:00+00:00,2021-12-28 04:20:00+00:00,stop,-1.083025196072592,5.047440428852491,"simulated minute opens; intrabar exits only known within minute, not actual exchange fills"
90,728.0,1049135.0,1049720.0,1.0,4.455,3706.07,3661.34,3662.078615787082,3972.4021670935213,8.255270925000001,8.15563485,1.1589803181255536,-199.2721500000001,-216.842036093125,10786.59338385267,10569.751347759546,1.5306539574130953,1.0,10541.024392851245,0.0,0.0,2021-12-29 00:00:00+00:00,2021-12-28 00:00:00+00:00,2021-12-29 00:01:00+00:00,88.8,0.04648004432601098,3791.99,2021-12-29 13:35:00+00:00,2021-12-29 23:20:00+00:00,2021-12-29 23:21:00+00:00,stop,-1.1064406946895158,6.054189288622396,"simulated minute opens; intrabar exits only known within minute, not actual exchange fills"
91,729.0,1050250.0,1050940.0,-1.0,3.833,3713.37,3764.78,3764.018693786737,3455.47879448525,7.116673605,7.21520087,-1.4208241060000002,-197.0545300000012,-209.96558036900024,10569.751347759546,10359.785767390546,1.3466113574201555,1.0,10359.785767390546,0.0,0.0,2021-12-30 00:00:00+00:00,2021-12-29 00:00:00+00:00,2021-12-30 00:01:00+00:00,93.37,0.04887209165224826,3628.55,2021-12-30 08:10:00+00:00,2021-12-30 19:40:00+00:00,2021-12-30 19:41:00+00:00,stop,-1.0815361444591558,5.0917641943666725,"simulated minute opens; intrabar exits only known within minute, not actual exchange fills"
92,730.0,1051735.0,1052639.0,-1.0,3.8770000000000002,3796.85,3675.82,3845.6862660854304,3532.878236859187,7.360193725,7.12557707,-1.4665789164400331,469.23330999999905,456.2141181214374,10359.785767390546,10815.999885511983,1.4209162023731516,3.0,10299.659603665545,0.0,0.0,2021-12-31 00:00:00+00:00,2021-12-30 00:00:00+00:00,2021-12-31 00:01:00+00:00,92.62,0.048479523710305596,3708.37,2021-12-31 08:55:00+00:00,2021-12-31 23:59:00+00:00,2021-12-31 23:59:00+00:00,scheduled_23_59_exit,2.409519628977817,5.40524049645894,"simulated minute opens; intrabar exits only known within minute, not actual exchange fills"
93,731.0,1052970.0,1054079.0,-1.0,4.047,3749.01,3762.8,3797.9180733155954,3519.5534374730737,7.586121735,7.614025799999999,-3.010611982411173,-55.80812999999985,-67.99766555258793,10815.999885511983,10748.002219959395,1.4027592114089422,3.0,10707.376005759395,0.0,0.0,2022-01-01 00:00:00+00:00,2021-12-31 00:00:00+00:00,2022-01-01 00:01:00+00:00,83.1,0.04349652796724676,3676.02,2022-01-01 05:30:00+00:00,2022-01-01 23:59:00+00:00,2022-01-01 23:59:00+00:00,scheduled_23_59_exit,-0.3435423199421593,4.691588667708984,"simulated minute opens; intrabar exits only known within minute, not actual exchange fills"
94,732.0,1055100.0,1055519.0,-1.0,4.369,3837.62,3829.73,3882.1708688013928,3609.9108084316226,8.38328089,8.366045184999999,0.0,34.471409999999445,17.722083924998515,10748.002219959395,10765.724303884394,1.5599700704251755,3.0,10666.394499069393,0.0,0.0,2022-01-02 00:00:00+00:00,2022-01-01 00:00:00+00:00,2022-01-02 00:01:00+00:00,79.38,0.04154939097521116,3763.06,2022-01-02 17:00:00+00:00,2022-01-02 23:59:00+00:00,2022-01-02 23:59:00+00:00,scheduled_23_59_exit,0.09104929060043021,5.11121775387819,"simulated minute opens; intrabar exits only known within minute, not actual exchange fills"
95,733.0,1056510.0,1056741.0,1.0,4.297,3752.23,3705.86,3706.6036926599804,3991.710167414645,8.061666155,7.9620402100000005,0.0,-199.25188999999952,-215.27559636499973,10765.724303884394,10550.448707519394,1.4976542083826652,1.0,10550.448707519394,0.0,0.0,2022-01-03 00:00:00+00:00,2022-01-02 00:00:00+00:00,2022-01-03 00:01:00+00:00,80.9,0.04234499533754829,3826.21,2022-01-03 16:30:00+00:00,2022-01-03 20:21:00+00:00,2022-01-03 20:22:00+00:00,stop,-1.098029797297605,5.248729984435824,"simulated minute opens; intrabar exits only known within minute, not actual exchange fills"
96,734.0,1057950.0,1058399.0,-1.0,4.431,3841.25,3791.55,3884.219088757733,3609.6325051051867,8.510289375000001,8.400179025000002,0.0,220.2206999999992,203.3102315999986,10550.448707519394,10753.758939119392,1.6132563857563034,3.0,10442.196608144392,0.0,0.0,2022-01-04 00:00:00+00:00,2022-01-03 00:00:00+00:00,2022-01-04 00:01:00+00:00,80.04,0.041894850764120715,3764.07,2022-01-04 16:30:00+00:00,2022-01-04 23:59:00+00:00,2022-01-04 23:59:00+00:00,scheduled_23_59_exit,1.0678280905303608,5.390328293921046,"simulated minute opens; intrabar exits only known within minute, not actual exchange fills"
97,735.0,1059565.0,1059585.0,1.0,4.024,3718.83,3669.09,3669.8266229054852,3945.6657404358143,7.4822859600000005,7.382209080000001,0.0,-200.15375999999912,-215.01825504000044,10753.758939119392,10538.740684079392,1.3915666144944685,1.0,10538.740684079392,0.0,0.0,2022-01-05 00:00:00+00:00,2022-01-04 00:00:00+00:00,2022-01-05 00:01:00+00:00,79.12,0.04141330075533771,3785.6,2022-01-05 19:25:00+00:00,2022-01-05 19:45:00+00:00,2022-01-05 19:46:00+00:00,stop,-1.0904138279478164,4.6289817944242415,"simulated minute opens; intrabar exits only known within minute, not actual exchange fills"
98,736.0,1060095.0,1060114.0,1.0,4.8180000000000005,3460.63,3420.33,3421.019548368038,3699.512170367358,8.336657670000001,8.239574970000001,0.0,-194.1654000000009,-210.7416326399998,10538.740684079392,10327.999051439392,1.582097504798458,1.0,10327.999051439392,0.0,0.0,2022-01-06 00:00:00+00:00,2022-01-05 00:00:00+00:00,2022-01-06 00:01:00+00:00,85.44,0.04472133994610786,3537.71,2022-01-06 04:15:00+00:00,2022-01-06 04:34:00+00:00,2022-01-06 04:35:00+00:00,stop,-1.1042661266882767,6.03078633353936,"simulated minute opens; intrabar exits only known within minute, not actual exchange fills"
99,738.0,1064085.0,1064125.0,1.0,5.251,3127.4500000000003,3091.23,3091.857671361443,3341.7479489931766,8.211119975,8.116024365000001,0.0,-190.19122000000135,-206.51836434000143,10327.999051439392,10121.48068709939,1.590069854596982,1.0,10121.48068709939,0.0,0.0,2022-01-08 00:00:00+00:00,2022-01-07 00:00:00+00:00,2022-01-08 00:01:00+00:00,84.85,0.04441251983177963,3196.58,2022-01-08 22:45:00+00:00,2022-01-08 23:25:00+00:00,2022-01-08 23:26:00+00:00,stop,-1.104994854351694,6.020902739165721,"simulated minute opens; intrabar exits only known within minute, not actual exchange fills"
100,740.0,1066860.0,1067039.0,1.0,5.197,3082.65,3082.09,3047.3898009852733,3292.208100917138,8.010266025,8.008810865000001,0.0,-2.9103199999997162,-18.929396890000135,10121.48068709939,10102.55129020939,1.5828249388866005,3.0,9964.189065584851,0.0,0.0,2022-01-10 00:00:00+00:00,2022-01-09 00:00:00+00:00,2022-01-10 00:01:00+00:00,84.36,0.044156042109710435,3150.0,2022-01-10 21:00:00+00:00,2022-01-10 23:59:00+00:00,2022-01-10 23:59:00+00:00,scheduled_23_59_exit,-0.10329975728380741,5.9431910985418295,"simulated minute opens; intrabar exits only known within minute, not actual exchange fills"
101,741.0,1067950.0,1068015.0,-1.0,3.63,3134.98,3187.4700000000003,3186.8258294126736,2946.036658351629,5.6899887,5.78525805,-0.3090820086400998,-190.53870000000086,-201.70486474136123,10102.55129020939,9900.84642546803,1.1264458920420024,1.0,9895.19718351803,0.0,0.0,2022-01-11 00:00:00+00:00,2022-01-10 00:00:00+00:00,2022-01-11 00:01:00+00:00,85.77,0.04489406984056263,3081.31,2022-01-11 15:10:00+00:00,2022-01-11 16:15:00+00:00,2022-01-11 16:16:00+00:00,stop,-1.0717559940812404,3.6443305814331253,"simulated minute opens; intrabar exits only known within minute, not actual exchange fills"
102,742.0,1069230.0,1069290.0,-1.0,3.59,3291.82,3343.65,3342.9746749904925,3100.594850579489,5.9088169,6.00185175,0.0,-186.06969999999973,-197.98036864999995,9900.84642546803,9702.86605681803,1.193598334138524,1.0,9702.86605681803,0.0,0.0,2022-01-12 00:00:00+00:00,2022-01-11 00:00:00+00:00,2022-01-12 00:01:00+00:00,82.17,0.04300974371923786,3236.86,2022-01-12 12:30:00+00:00,2022-01-12 13:30:00+00:00,2022-01-12 13:31:00+00:00,stop,-1.0780585549658908,3.7381754347193548,"simulated minute opens; intrabar exits only known within minute, not actual exchange fills"
103,743.0,1070860.0,1070955.0,1.0,4.664,3303.59,3265.27,3265.932812286935,3513.762402208036,7.70397188,7.614609639999999,-0.22226239763199998,-178.72448000000074,-193.82079912236986,9702.86605681803,9509.04525769566,1.587978610626405,1.0,9509.04525769566,0.0,0.0,2022-01-13 00:00:00+00:00,2022-01-12 00:00:00+00:00,2022-01-13 00:01:00+00:00,79.85,0.04179540021882856,3369.93,2022-01-13 15:40:00+00:00,2022-01-13 17:15:00+00:00,2022-01-13 17:16:00+00:00,stop,-1.1035549289726285,5.581202818688375,"simulated minute opens; intrabar exits only known within minute, not actual exchange fills"
104,744.0,1071725.0,1072676.0,-1.0,4.304,3297.65,3338.51,3337.8380746101443,3114.8030645495414,7.096542800000001,7.184473520000002,-1.2238311450400003,-175.86144000000056,-188.91862517495974,9509.04525769566,9320.1266325207,1.492587869272528,1.0,9318.677035937979,0.0,0.0,2022-01-14 00:00:00+00:00,2022-01-13 00:00:00+00:00,2022-01-14 00:01:00+00:00,75.5,0.039518506155561135,3240.36,2022-01-14 06:05:00+00:00,2022-01-14 21:56:00+00:00,2022-01-14 21:57:00+00:00,stop,-1.092207900995594,4.549780929398014,"simulated minute opens; intrabar exits only known within minute, not actual exchange fills"
105,745.0,1073765.0,1074239.0,-1.0,4.0,3357.9500000000003,3327.4,3400.472175743118,3183.208351047973,6.7159,6.654800000000001,0.0,122.20000000000073,108.82930000000124,9320.1266325207,9428.955932520701,1.4411606762007338,3.0,9269.210732520702,0.0,0.0,2022-01-15 00:00:00+00:00,2022-01-14 00:00:00+00:00,2022-01-15 00:01:00+00:00,72.08,0.0377283963403026,3305.6,2022-01-15 16:05:00+00:00,2022-01-15 23:59:00+00:00,2022-01-15 23:59:00+00:00,scheduled_23_59_exit,0.639838496608534,4.109423986384554,"simulated minute opens; intrabar exits only known within minute, not actual exchange fills"
106,747.0,1075915.0,1075919.0,1.0,3.86,3286.65,3251.85,3252.5093038235086,3473.61211471012,6.343234499999999,6.2760705,0.0,-134.32800000000069,-146.9473050000015,9428.955932520701,9282.0086275207,1.3454797212747656,1.0,9282.0086275207,0.0,0.0,2022-01-17 00:00:00+00:00,2022-01-16 00:00:00+00:00,2022-01-17 00:01:00+00:00,71.8,0.037581837641977346,3345.49,2022-01-17 03:55:00+00:00,2022-01-17 03:59:00+00:00,2022-01-17 04:00:00+00:00,stop,-1.1150695288461643,5.476224437358067,"simulated minute opens; intrabar exits only known within minute, not actual exchange fills"
107,748.0,1077690.0,1077926.0,1.0,4.0600000000000005,3160.23,3117.65,3118.2826870194685,3333.1295840850867,6.415266900000001,6.328829500000001,0.0,-172.87479999999974,-185.61889639999936,9282.0086275207,9096.3897311207,1.3823014300975867,1.0,9096.3897311207,0.0,0.0,2022-01-18 00:00:00+00:00,2022-01-17 00:00:00+00:00,2022-01-18 00:01:00+00:00,72.74,0.038073856129212144,3208.61,2022-01-18 09:30:00+00:00,2022-01-18 13:26:00+00:00,2022-01-18 13:27:00+00:00,stop,-1.089913435485578,4.121827402039614,"simulated minute opens; intrabar exits only known within minute, not actual exchange fills"
108,749.0,1078795.0,1078986.0,1.0,3.4370000000000003,3118.16,3068.33,3068.9462652982315,3283.9716052652007,5.358557960000001,5.272925105000001,0.0,-171.26570999999976,-181.89719306500047,9096.3897311207,8914.4925380557,1.1781724658668096,1.0,8914.4925380557,0.0,0.0,2022-01-19 00:00:00+00:00,2022-01-18 00:00:00+00:00,2022-01-19 00:01:00+00:00,73.93,0.038696730597094504,3159.32,2022-01-19 03:55:00+00:00,2022-01-19 07:06:00+00:00,2022-01-19 07:07:00+00:00,stop,-1.075375508904398,3.3692140267347552,"simulated minute opens; intrabar exits only known within minute, not actual exchange fills"
109,750.0,1080380.0,1080823.0,-1.0,4.4430000000000005,3137.04,3174.01,3173.3677461109055,2966.0734411869635,6.968934360000001,7.051063215000001,-1.3943017774146693,-164.25771000000114,-176.88340579758733,8914.4925380557,8737.609132258112,1.5635066898648085,1.0,8737.609132258112,0.0,0.0,2022-01-20 00:00:00+00:00,2022-01-19 00:00:00+00:00,2022-01-20 00:01:00+00:00,73.75,0.03860251429102827,3082.81,2022-01-20 06:20:00+00:00,2022-01-20 13:43:00+00:00,2022-01-20 13:44:00+00:00,stop,-1.0959035274876585,4.706225326809157,"simulated minute opens; intrabar exits only known within minute, not actual exchange fills"
110,751.0,1081545.0,1081548.0,1.0,5.2700000000000005,2942.91,2912.68,2913.2709831351026,3119.474167957206,7.754567850000001,7.6749118,0.0,-159.3121000000001,-174.74157964999904,8737.609132258112,8562.867552608113,1.774986207925266,1.0,8562.867552608113,0.0,0.0,2022-01-21 00:00:00+00:00,2022-01-20 00:00:00+00:00,2022-01-21 00:01:00+00:00,74.66,0.03907883006058535,2999.92,2022-01-21 01:45:00+00:00,2022-01-21 01:48:00+00:00,2022-01-21 01:49:00+00:00,stop,-1.1187211489214406,5.957153328061929,"simulated minute opens; intrabar exits only known within minute, not actual exchange fills"
111,752.0,1083230.0,1083276.0,1.0,3.507,2520.96,2474.64,2475.137846330635,2694.587618702552,4.4205033600000005,4.33928124,0.0,-162.44424000000058,-171.20402459999968,8562.867552608113,8391.663528008114,1.0324820120926863,1.0,8391.663528008114,0.0,0.0,2022-01-22 00:00:00+00:00,2022-01-21 00:00:00+00:00,2022-01-22 00:01:00+00:00,92.74,0.04854233458101642,2566.91,2022-01-22 05:50:00+00:00,2022-01-22 06:36:00+00:00,2022-01-22 06:37:00+00:00,stop,-1.0653755026935303,3.7891632059763483,"simulated minute opens; intrabar exits only known within minute, not actual exchange fills"
112,753.0,1084685.0,1084811.0,-1.0,3.9570000000000003,2463.44,2503.36,2502.856820413818,2293.658045476265,4.87391604,4.952897760000001,0.5123636706888001,-157.9634400000003,-168.30261747068835,8391.663528008114,8223.360910537425,1.1616090239397139,1.0,8223.360910537425,0.0,0.0,2022-01-23 00:00:00+00:00,2022-01-22 00:00:00+00:00,2022-01-23 00:01:00+00:00,95.29,0.04987706558362147,2410.96,2022-01-23 06:05:00+00:00,2022-01-23 08:11:00+00:00,2022-01-23 08:12:00+00:00,stop,-1.0790541299848173,4.307347795719643,"simulated minute opens; intrabar exits only known within minute, not actual exchange fills"
113,755.0,1087310.0,1088639.0,1.0,3.853,2388.91,2450.98,2349.080000829632,2562.136476100877,4.602235115000001,4.72181297,-0.19881315514583886,239.15571000000065,230.03047507014708,8223.360910537425,8453.391385607572,1.119307583618929,3.0,8070.657459013495,0.0,0.0,2022-01-25 00:00:00+00:00,2022-01-24 00:00:00+00:00,2022-01-25 00:01:00+00:00,94.78,0.049610119383100455,2438.13,2022-01-25 01:50:00+00:00,2022-01-25 23:59:00+00:00,2022-01-25 23:59:00+00:00,scheduled_23_59_exit,1.498911770440456,4.349145862642935,"simulated minute opens; intrabar exits only known within minute, not actual exchange fills"
114,756.0,1089850.0,1090079.0,-1.0,4.144,2509.84,2460.87,2547.583116155433,2342.0354912316893,5.200388480000001,5.09892264,0.0,202.93168000000105,192.6323688800021,8453.391385607572,8646.023754487574,1.2303673739403542,3.0,8355.673107609813,0.0,0.0,2022-01-26 00:00:00+00:00,2022-01-25 00:00:00+00:00,2022-01-26 00:01:00+00:00,91.84,0.04807125305068523,2457.37,2022-01-26 20:10:00+00:00,2022-01-26 23:59:00+00:00,2022-01-26 23:59:00+00:00,scheduled_23_59_exit,1.2316059121501421,4.445963287113405,"simulated minute opens; intrabar exits only known within minute, not actual exchange fills"
115,757.0,1090270.0,1090300.0,1.0,4.657,2404.98,2370.25,2370.7250142232647,2588.2327888511527,5.59999593,5.519127125,0.0,-161.73761000000007,-172.8567330550013,8646.023754487574,8473.167021432573,1.295392214737651,1.0,8473.167021432573,0.0,0.0,2022-01-27 00:00:00+00:00,2022-01-26 00:00:00+00:00,2022-01-27 00:01:00+00:00,95.83,0.05015971450182018,2461.61,2022-01-27 03:10:00+00:00,2022-01-27 03:40:00+00:00,2022-01-27 03:41:00+00:00,stop,-1.0835682502372874,5.34966763803507,"simulated minute opens; intrabar exits only known within minute, not actual exchange fills"
116,758.0,1092290.0,1092938.0,1.0,4.679,2364.79,2549.29,2331.397864160485,2549.801196721276,5.532426205000001,5.964063955,-0.9571944799808999,863.2755000000001,852.736204319981,8473.167021432573,9325.903225752554,1.305869739379839,2.0,8458.220443063265,0.0,0.0,2022-01-28 00:00:00+00:00,2022-01-27 00:00:00+00:00,2022-01-28 00:01:00+00:00,97.76,0.051169922672419293,2422.61,2022-01-28 12:50:00+00:00,2022-01-28 23:38:00+00:00,2022-01-28 23:39:00+00:00,target,5.457798007380973,5.5405619338173775,"simulated minute opens; intrabar exits only known within minute, not actual exchange fills"
117,759.0,1093790.0,1094190.0,-1.0,4.602,2592.2200000000003,2630.13,2629.5973883782294,2432.7153984487118,5.964698220000002,6.05192913,0.11664206352812133,-174.46181999999934,-186.59508941352578,9325.903225752554,9139.308136339028,1.2791679423670363,1.0,9139.308136339028,0.0,0.0,2022-01-29 00:00:00+00:00,2022-01-28 00:00:00+00:00,2022-01-29 00:01:00+00:00,84.96,0.04447009646326455,2543.34,2022-01-29 13:50:00+00:00,2022-01-29 20:30:00+00:00,2022-01-29 20:31:00+00:00,stop,-1.0847874265600108,4.26740894621181,"simulated minute opens; intrabar exits only known within minute, not actual exchange fills"
118,760.0,1095610.0,1095839.0,1.0,5.2410000000000005,2547.62,2599.46,2515.7909537057285,2716.533249568375,6.676038210000001,6.8118849300000015,0.0,271.6934400000008,258.20551686,9139.308136339028,9397.513653199028,1.4609504593581304,3.0,9119.438867509329,0.0,0.0,2022-01-30 00:00:00+00:00,2022-01-29 00:00:00+00:00,2022-01-30 00:01:00+00:00,83.81,0.04386815895228582,2599.94,2022-01-30 20:10:00+00:00,2022-01-30 23:59:00+00:00,2022-01-30 23:59:00+00:00,scheduled_23_59_exit,1.5478459374658358,5.306890065341868,"simulated minute opens; intrabar exits only known within minute, not actual exchange fills"
119,761.0,1095910.0,1095961.0,1.0,5.3660000000000005,2548.28,2515.8,2516.3042034954196,2717.0376769112468,6.837035240000001,6.749891400000002,0.0,-174.2876800000001,-187.8746066399999,9397.513653199028,9209.639046559028,1.4550732230482242,1.0,9140.418161802347,0.0,0.0,2022-01-31 00:00:00+00:00,2022-01-30 00:00:00+00:00,2022-01-31 00:01:00+00:00,83.79,0.04385769047383401,2600.45,2022-01-31 01:10:00+00:00,2022-01-31 02:01:00+00:00,2022-01-31 02:02:00+00:00,stop,-1.0949544288907542,5.27766921731166,"simulated minute opens; intrabar exits only known within minute, not actual exchange fills"
120,762.0,1097540.0,1097821.0,-1.0,5.355,2743.02,2774.65,2774.092736661884,2571.4042381606973,7.3444360500000005,7.429125375000001,1.5051946951211843,-169.3786500000006,-185.65740612012087,9209.639046559028,9023.981640438908,1.5949454724274088,1.0,9023.981640438908,0.0,0.0,2022-02-01 00:00:00+00:00,2022-01-31 00:00:00+00:00,2022-02-01 00:01:00+00:00,82.83,0.04335520350814741,2685.34,2022-02-01 04:20:00+00:00,2022-02-01 09:01:00+00:00,2022-02-01 09:02:00+00:00,stop,-1.1157664510379253,5.523033381537293,"simulated minute opens; intrabar exits only known within minute, not actual exchange fills"
121,764.0,1100865.0,1100907.0,1.0,5.053,2620.27,2587.16,2587.685210126276,2803.3419635411415,6.620112155,6.53645974,0.0,-167.30483000000063,-180.46140189500147,9023.981640438908,8843.520238543906,1.467226423718214,1.0,8839.722900807517,0.0,0.0,2022-02-03 00:00:00+00:00,2022-02-02 00:00:00+00:00,2022-02-03 00:01:00+00:00,87.39,0.04574201659515878,2678.0,2022-02-03 11:45:00+00:00,2022-02-03 12:27:00+00:00,2022-02-03 12:28:00+00:00,stop,-1.096024100152311,5.618325735737508,"simulated minute opens; intrabar exits only known within minute, not actual exchange fills"
122,768.0,1106825.0,1107003.0,-1.0,4.256,3115.73,3154.15,3153.5093812096416,2926.769411180725,6.630273440000001,6.7120312,-0.19805653976688387,-163.51552000000032,-176.65976810023312,8843.520238543906,8666.860470443673,1.4994647518535404,1.0,8633.608661643673,0.0,0.0,2022-02-07 00:00:00+00:00,2022-02-06 00:00:00+00:00,2022-02-07 00:01:00+00:00,81.46,0.04263811273419881,3054.26,2022-02-07 15:05:00+00:00,2022-02-07 18:03:00+00:00,2022-02-07 18:04:00+00:00,stop,-1.0987052415854854,5.001685648865288,"simulated minute opens; intrabar exits only known within minute, not actual exchange fills"
123,769.0,1107755.0,1108799.0,-1.0,3.432,3193.15,3115.25,3239.775228932004,3008.4856668390107,5.4794453999999995,5.345769000000001,-0.991076598737032,267.3528000000003,257.51866219873773,8666.860470443673,8924.37913264241,1.264459124197599,3.0,8659.527745043673,0.0,0.0,2022-02-08 00:00:00+00:00,2022-02-07 00:00:00+00:00,2022-02-08 00:01:00+00:00,80.86,0.04232405838064468,3138.55,2022-02-08 06:35:00+00:00,2022-02-08 23:59:00+00:00,2022-02-08 23:59:00+00:00,scheduled_23_59_exit,1.6093127465853105,3.960609682588251,"simulated minute opens; intrabar exits only known within minute, not actual exchange fills"
124,770.0,1109570.0,1109682.0,-1.0,4.434,3179.6800000000003,3216.73,3216.081843871125,2985.6632015259365,7.049350560000001,7.1314904100000005,0.0,-164.2796999999988,-178.46054096999978,8924.37913264241,8745.918591672411,1.5797962984821703,1.0,8745.918591672411,0.0,0.0,2022-02-09 00:00:00+00:00,2022-02-08 00:00:00+00:00,2022-02-09 00:01:00+00:00,81.16,0.04248108555742175,3115.23,2022-02-09 12:50:00+00:00,2022-02-09 14:42:00+00:00,2022-02-09 14:43:00+00:00,stop,-1.1056639092924205,5.3298618377945886,"simulated minute opens; intrabar exits only known within minute, not actual exchange fills"
125,771.0,1110430.0,1111063.0,1.0,4.119,3177.85,3138.55,3139.187340441383,3383.9020319151755,6.544782075,6.463843725,-0.4279650612063071,-161.87669999999886,-174.45736073879198,8745.918591672411,8571.461230933619,1.4966482951789044,1.0,8541.348354658618,0.0,0.0,2022-02-10 00:00:00+00:00,2022-02-09 00:00:00+00:00,2022-02-10 00:01:00+00:00,81.95,0.04289459045626801,3241.82,2022-02-10 03:10:00+00:00,2022-02-10 13:43:00+00:00,2022-02-10 13:44:00+00:00,stop,-1.0954833487961892,5.329484165536483,"simulated minute opens; intrabar exits only known within minute, not actual exchange fills"
126,772.0,1111715.0,1112825.0,1.0,3.935,3013.07,2972.51,2973.106533702016,3206.3132166088103,5.928215225000001,5.848413425,0.6347620085519999,-159.6035999999998,-172.01499065855205,8571.461230933619,8399.446240275067,1.3832449486222056,1.0,8396.394757915716,0.0,0.0,2022-02-11 00:00:00+00:00,2022-02-10 00:00:00+00:00,2022-02-11 00:01:00+00:00,82.44,0.04315106817833722,3070.9,2022-02-11 00:35:00+00:00,2022-02-11 19:05:00+00:00,2022-02-11 19:06:00+00:00,stop,-1.0938516066962118,4.835496880273301,"simulated minute opens; intrabar exits only known within minute, not actual exchange fills"
127,773.0,1114005.0,1114559.0,1.0,3.263,2877.9,2914.02,2829.858579412552,3059.38613332167,4.6952938500000005,4.754223629999999,0.9399006240000001,117.85955999999965,107.4701418959994,8399.446240275067,8506.916382171066,1.1180008099786916,3.0,8331.668684502387,0.0,0.0,2022-02-12 00:00:00+00:00,2022-02-11 00:00:00+00:00,2022-02-12 00:01:00+00:00,85.14,0.0445643127693308,2926.04,2022-02-12 14:45:00+00:00,2022-02-12 23:59:00+00:00,2022-02-12 23:59:00+00:00,scheduled_23_59_exit,0.6855748976041954,3.7777012232874583,"simulated minute opens; intrabar exits only known within minute, not actual exchange fills"
128,774.0,1115705.0,1115999.0,1.0,4.578,2857.66,2866.7200000000003,2823.917794844057,3045.72917292092,6.54118374,6.561922080000001,0.0,41.476680000001835,28.373574180001015,8506.916382171066,8535.289956351067,1.537850719611896,3.0,8401.123368726065,0.0,0.0,2022-02-13 00:00:00+00:00,2022-02-12 00:00:00+00:00,2022-02-13 00:01:00+00:00,82.55,0.043208644809822144,2916.93,2022-02-13 19:05:00+00:00,2022-02-13 23:59:00+00:00,2022-02-13 23:59:00+00:00,scheduled_23_59_exit,0.1836812375289771,5.57370723258128,"simulated minute opens; intrabar exits only known within minute, not actual exchange fills"
129,775.0,1116785.0,1117439.0,-1.0,3.469,2923.11,2933.62,2968.7622289772585,2744.122651308401,5.070134295,5.08836389,-1.018392218464797,-36.459189999999175,-45.599295966534555,8535.289956351067,8489.690660384533,1.1880403175353962,3.0,8391.910792056067,0.0,0.0,2022-02-14 00:00:00+00:00,2022-02-13 00:00:00+00:00,2022-02-14 00:01:00+00:00,85.9,0.044962114950499364,2870.32,2022-02-14 13:05:00+00:00,2022-02-14 23:59:00+00:00,2022-02-14 23:59:00+00:00,scheduled_23_59_exit,-0.2879332707989985,3.92067052806472,"simulated minute opens; intrabar exits only known within minute, not actual exchange fills"
130,777.0,1119160.0,1119707.0,1.0,4.6530000000000005,3119.9700000000003,3086.59,3087.211595986782,3317.13138710172,7.258610205000002,7.180951635000001,1.4650588894494962,-155.31714000000053,-171.2217607294515,8489.690660384533,8318.468899655081,1.709982258569414,1.0,8308.17702578401,0.0,0.0,2022-02-16 00:00:00+00:00,2022-02-15 00:00:00+00:00,2022-02-16 00:01:00+00:00,78.42,0.041046904009524564,3183.73,2022-02-16 04:40:00+00:00,2022-02-16 13:47:00+00:00,2022-02-16 13:48:00+00:00,stop,-1.1233191725513874,6.01865057351889,"simulated minute opens; intrabar exits only known within minute, not actual exchange fills"
131,778.0,1120575.0,1120835.0,1.0,3.724,3071.92,3030.31,3030.916640025872,3247.231031735051,5.719915040000001,5.64243722,0.18644964422034235,-154.95564000000047,-166.50444190421877,8318.468899655081,8151.9644577508625,1.3752326561531467,1.0,8151.9644577508625,0.0,0.0,2022-02-17 00:00:00+00:00,2022-02-16 00:00:00+00:00,2022-02-17 00:01:00+00:00,75.26,0.03939288441413949,3121.8,2022-02-17 04:15:00+00:00,2022-02-17 08:35:00+00:00,2022-02-17 08:36:00+00:00,stop,-1.0904272738816994,4.275528440734287,"simulated minute opens; intrabar exits only known within minute, not actual exchange fills"
132,779.0,1122655.0,1122700.0,1.0,3.072,2848.09,2797.86,2798.4232528629173,3018.7297838727595,4.374666240000001,4.29751296,0.0,-154.30656000000005,-162.97873919999984,8151.9644577508625,7988.985718550863,1.0732790268339754,1.0,7988.985718550863,0.0,0.0,2022-02-18 00:00:00+00:00,2022-02-17 00:00:00+00:00,2022-02-18 00:01:00+00:00,82.73,0.04330286111588839,2890.8,2022-02-18 14:55:00+00:00,2022-02-18 15:40:00+00:00,2022-02-18 15:41:00+00:00,stop,-1.0681789740240262,3.4356947798853104,"simulated minute opens; intrabar exits only known within minute, not actual exchange fills"
133,780.0,1123935.0,1123986.0,1.0,4.314,2728.16,2693.84,2694.3864727866753,2894.652900968602,5.8846411199999995,5.810612880000001,0.0,-148.05647999999874,-159.75173399999858,7988.985718550863,7829.233984550864,1.473188544156623,1.0,7829.233984550864,0.0,0.0,2022-02-19 00:00:00+00:00,2022-02-18 00:00:00+00:00,2022-02-19 00:01:00+00:00,78.27,0.04096839042113603,2778.46,2022-02-19 12:15:00+00:00,2022-02-19 13:06:00+00:00,2022-02-19 13:07:00+00:00,stop,-1.096450476318327,4.929686494305997,"simulated minute opens; intrabar exits only known within minute, not actual exchange fills"
134,781.0,1124860.0,1124912.0,1.0,4.154,2714.2200000000003,2679.23,2679.7692201354207,2875.312296987259,5.63743494,5.56476071,0.0,-145.34846000000098,-156.55065565000132,7829.233984550864,7672.683328900863,1.440098725143262,1.0,7672.683328900863,0.0,0.0,2022-02-20 00:00:00+00:00,2022-02-19 00:00:00+00:00,2022-02-20 00:01:00+00:00,76.89,0.04024606540796154,2761.89,2022-02-20 03:40:00+00:00,2022-02-20 04:32:00+00:00,2022-02-20 04:33:00+00:00,stop,-1.0939295176521622,4.676013071996814,"simulated minute opens; intrabar exits only known within minute, not actual exchange fills"
135,782.0,1126715.0,1126940.0,-1.0,4.117,2683.83,2718.4,2717.847311586149,2496.5947204986487,5.524664055000001,5.5958264,0.0,-142.3246900000007,-153.4451804550008,7672.683328900863,7519.238148445862,1.440086555948459,1.0,7519.238148445862,0.0,0.0,2022-02-21 00:00:00+00:00,2022-02-20 00:00:00+00:00,2022-02-21 00:01:00+00:00,92.7,0.04852139762411282,2620.72,2022-02-21 10:35:00+00:00,2022-02-21 14:20:00+00:00,2022-02-21 14:21:00+00:00,stop,-1.0956513981303606,5.504117485215648,"simulated minute opens; intrabar exits only known within minute, not actual exchange fills"
136,783.0,1127890.0,1128959.0,1.0,4.321,2504.4700000000003,2635.08,2472.66157562898,2698.1126673277245,5.410907435,5.6930903399999995,0.28123838093449094,564.3658099999985,552.9805738440646,7519.238148445862,8072.2187222899265,1.4392169334650935,3.0,7501.673226365452,0.0,0.0,2022-02-22 00:00:00+00:00,2022-02-21 00:00:00+00:00,2022-02-22 00:01:00+00:00,95.26,0.04986136286594376,2566.88,2022-02-22 06:10:00+00:00,2022-02-22 23:59:00+00:00,2022-02-22 23:59:00+00:00,scheduled_23_59_exit,4.023309582911125,6.087779296108273,"simulated minute opens; intrabar exits only known within minute, not actual exchange fills"
137,784.0,1129445.0,1129661.0,-1.0,3.628,2689.05,2730.83,2730.2771178201506,2514.384303971387,4.8779367,4.95372562,0.0,-151.57783999999907,-161.40950231999886,8072.2187222899265,7910.809219969928,1.2085739665429251,1.0,7910.809219969928,0.0,0.0,2022-02-23 00:00:00+00:00,2022-02-22 00:00:00+00:00,2022-02-23 00:01:00+00:00,89.93,0.047071513358537924,2635.57,2022-02-23 08:05:00+00:00,2022-02-23 11:41:00+00:00,2022-02-23 11:42:00+00:00,stop,-1.0791426214678177,4.236670067274084,"simulated minute opens; intrabar exits only known within minute, not actual exchange fills"
138,785.0,1131535.0,1131604.0,1.0,2.849,2540.79,2702.17,2488.291502400005,2702.7112537148178,3.619355355,3.8492411650000005,0.0,459.7716200000003,452.3030234800008,7910.809219969928,8363.112243449928,0.9150404855835365,2.0,7830.104416828657,0.0,0.0,2022-02-24 00:00:00+00:00,2022-02-23 00:00:00+00:00,2022-02-24 00:01:00+00:00,90.24,0.04723377477454089,2578.02,2022-02-24 18:55:00+00:00,2022-02-24 20:04:00+00:00,2022-02-24 20:05:00+00:00,target,3.0240583494338935,3.0843026204017128,"simulated minute opens; intrabar exits only known within minute, not actual exchange fills"
139,787.0,1133335.0,1134719.0,-1.0,4.003,2820.34,2776.84,2858.699380352077,2647.8637947712773,5.644910510000001,5.557845260000001,-2.231948076639584,174.1305,165.15969230663904,8363.112243449928,8528.271935756567,1.3499545015484278,3.0,8224.838211016566,0.0,0.0,2022-02-26 00:00:00+00:00,2022-02-25 00:00:00+00:00,2022-02-26 00:01:00+00:00,83.64,0.04377917688544548,2766.36,2022-02-26 00:55:00+00:00,2022-02-26 23:59:00+00:00,2022-02-26 23:59:00+00:00,scheduled_23_59_exit,1.0755903370658657,4.496324071079151,"simulated minute opens; intrabar exits only known within minute, not actual exchange fills"
140,788.0,1134930.0,1135884.0,1.0,4.912,2721.39,2689.38,2689.92208375572,2900.3050445339923,6.68373384,6.605117280000001,1.4473589584545103,-157.23311999999885,-171.9693300784529,8528.271935756567,8356.302605678115,1.5674298123578927,1.0,8356.302605678115,0.0,0.0,2022-02-27 00:00:00+00:00,2022-02-26 00:00:00+00:00,2022-02-27 00:01:00+00:00,82.21,0.04303068067614147,2778.15,2022-02-27 03:30:00+00:00,2022-02-27 19:24:00+00:00,2022-02-27 19:25:00+00:00,stop,-1.112563110205261,5.685633683053765,"simulated minute opens; intrabar exits only known within minute, not actual exchange fills"
141,790.0,1138215.0,1139039.0,1.0,2.908,2877.36,2972.36,2823.3267957925814,3054.3102998022887,4.18368144,4.32181144,0.8576898224848721,276.26,266.89681729751464,8356.302605678115,8623.19942297563,1.0013235847053181,3.0,8338.502241776876,0.0,0.0,2022-03-01 00:00:00+00:00,2022-02-28 00:00:00+00:00,2022-03-01 00:01:00+00:00,85.85,0.04493594375436984,2920.1,2022-03-01 10:15:00+00:00,2022-03-01 23:59:00+00:00,2022-03-01 23:59:00+00:00,scheduled_23_59_exit,1.698588855995781,3.274843726147066,"simulated minute opens; intrabar exits only known within minute, not actual exchange fills"
142,792.0,1140860.0,1141394.0,1.0,4.636,2888.29,2853.9700000000003,2854.5483407269685,3076.0877155453886,6.695056220000001,6.615502460000001,1.34784746,-159.10751999999866,-173.76592613999856,8623.19942297563,8449.43349683563,1.5528009713336122,1.0,8449.43349683563,0.0,0.0,2022-03-03 00:00:00+00:00,2022-03-02 00:00:00+00:00,2022-03-03 00:01:00+00:00,81.6,0.04271139208336144,2947.47,2022-03-03 06:20:00+00:00,2022-03-03 15:14:00+00:00,2022-03-03 15:15:00+00:00,stop,-1.1108483046640694,5.565752236004848,"simulated minute opens; intrabar exits only known within minute, not actual exchange fills"
143,794.0,1144370.0,1144799.0,-1.0,3.39,2666.17,2664.65,2712.7767440969974,2501.77144339858,4.51915815,4.51658175,0.0,5.152799999999939,-3.882939900000565,8449.43349683563,8445.55055693563,1.0696949450380207,3.0,8401.217238685631,0.0,0.0,2022-03-05 00:00:00+00:00,2022-03-04 00:00:00+00:00,2022-03-05 00:01:00+00:00,88.4,0.0462706747569749,2620.25,2022-03-05 16:50:00+00:00,2022-03-05 23:59:00+00:00,2022-03-05 23:59:00+00:00,scheduled_23_59_exit,-0.024576057010469454,3.5273555316216956,"simulated minute opens; intrabar exits only known within minute, not actual exchange fills"
144,795.0,1145445.0,1146197.0,1.0,4.809,2608.01,2575.4900000000002,2576.0069612659186,2784.919304796154,6.270960045000001,6.192765705000001,0.9471289432499999,-156.3886799999999,-169.79953469324937,8445.55055693563,8275.75102224238,1.4850328590716164,1.0,8251.16277158569,0.0,0.0,2022-03-06 00:00:00+00:00,2022-03-05 00:00:00+00:00,2022-03-06 00:01:00+00:00,85.13,0.04455907853010489,2663.55,2022-03-06 10:45:00+00:00,2022-03-06 23:17:00+00:00,2022-03-06 23:18:00+00:00,stop,-1.1032920824608397,5.527890843932706,"simulated minute opens; intrabar exits only known within minute, not actual exchange fills"
145,796.0,1146755.0,1147413.0,1.0,2.995,2515.33,2462.57,2463.064445577305,2669.166497757854,3.766706675,3.6876985750000006,0.6793379512915253,-158.0161999999993,-166.14994320129063,8275.75102224238,8109.60107904109,0.9102996609918264,1.0,8109.60107904109,0.0,0.0,2022-03-07 00:00:00+00:00,2022-03-06 00:00:00+00:00,2022-03-07 00:01:00+00:00,87.73,0.04591998072883945,2549.37,2022-03-07 08:35:00+00:00,2022-03-07 19:33:00+00:00,2022-03-07 19:34:00+00:00,stop,-1.0614213249350752,2.943362975042973,"simulated minute opens; intrabar exits only known within minute, not actual exchange fills"
146,797.0,1147860.0,1148192.0,-1.0,4.1,2545.59,2582.58,2582.0573124333278,2372.1197442833964,5.2184595,5.294289,-1.0394525000000001,-151.65899999999908,-161.13229599999886,8109.60107904109,7948.468783041091,1.2869830338478376,1.0,7948.468783041091,0.0,0.0,2022-03-08 00:00:00+00:00,2022-03-07 00:00:00+00:00,2022-03-08 00:01:00+00:00,92.58,0.048458586753401985,2489.9,2022-03-08 03:00:00+00:00,2022-03-08 08:32:00+00:00,2022-03-08 08:33:00+00:00,stop,-1.0776927987729308,4.756869759288011,"simulated minute opens; intrabar exits only known within minute, not actual exchange fills"
147,799.0,1150680.0,1150823.0,1.0,4.537,2664.0,2631.62,2632.1497089682953,2857.2642277131713,6.043284,5.96982997,0.0,-146.9080600000005,-158.92117397000038,7948.468783041091,7789.547609071091,1.5206158984719151,1.0,7789.547609071091,0.0,0.0,2022-03-10 00:00:00+00:00,2022-03-09 00:00:00+00:00,2022-03-10 00:01:00+00:00,89.59,0.04689354922485725,2726.37,2022-03-10 02:00:00+00:00,2022-03-10 04:23:00+00:00,2022-03-10 04:24:00+00:00,stop,-1.0997642051412453,6.0678951888003265,"simulated minute opens; intrabar exits only known within minute, not actual exchange fills"
148,800.0,1152145.0,1153439.0,1.0,4.452,2548.13,2556.28,2516.1890102498573,2729.3851852864254,5.672137380000001,5.69027928,0.2566873783770236,36.283800000000404,24.664695961622783,7789.547609071091,7814.212305032714,1.45634577633101,3.0,7668.03196893373,0.0,0.0,2022-03-11 00:00:00+00:00,2022-03-10 00:00:00+00:00,2022-03-11 00:01:00+00:00,88.79,0.04647481008678508,2605.44,2022-03-11 02:25:00+00:00,2022-03-11 23:59:00+00:00,2022-03-11 23:59:00+00:00,scheduled_23_59_exit,0.17344917610559932,5.674689065814412,"simulated minute opens; intrabar exits only known within minute, not actual exchange fills"
149,803.0,1156595.0,1156915.0,-1.0,3.906,2569.89,2607.3,2606.773946056533,2395.572713853881,5.01899517,5.0920569,-1.010147461588692,-146.12346000000122,-155.22436460841345,7814.212305032714,7658.9879404243,1.284581215375358,1.0,7658.9879404243,0.0,0.0,2022-03-14 00:00:00+00:00,2022-03-13 00:00:00+00:00,2022-03-14 00:01:00+00:00,92.24,0.04828062261972131,2514.07,2022-03-14 04:35:00+00:00,2022-03-14 09:55:00+00:00,2022-03-14 09:56:00+00:00,stop,-1.0774330012739908,4.726101862282773,"simulated minute opens; intrabar exits only known within minute, not actual exchange fills"
150,804.0,1158240.0,1159199.0,1.0,4.229,2531.29,2618.05,2498.0955017888264,2715.2745233969367,5.352412705,5.535866725000001,-0.5280838571600001,366.90804000000094,356.5478444271612,7658.9879404243,8015.535784851461,1.3976814552089454,3.0,7564.65654183789,0.0,0.0,2022-03-15 00:00:00+00:00,2022-03-14 00:00:00+00:00,2022-03-15 00:01:00+00:00,91.01,0.047636811194935354,2588.96,2022-03-15 08:00:00+00:00,2022-03-15 23:59:00+00:00,2022-03-15 23:59:00+00:00,scheduled_23_59_exit,2.539884817768405,5.54262101588286,"simulated minute opens; intrabar exits only known within minute, not actual exchange fills"
151,805.0,1159395.0,1160057.0,-1.0,1.861,2630.19,2713.66,2713.1076958754234,2494.7762211211916,2.447391795,2.52506063,-0.44945252483360004,-155.33766999999963,-159.8606699001657,8015.535784851461,7855.675114951296,0.6106620594534227,1.0,7855.675114951296,0.0,0.0,2022-03-16 00:00:00+00:00,2022-03-15 00:00:00+00:00,2022-03-16 00:01:00+00:00,91.59,0.04794039707003768,2617.29,2022-03-16 03:15:00+00:00,2022-03-16 14:17:00+00:00,2022-03-16 14:18:00+00:00,stop,-1.035972029799979,1.6331107304556072,"simulated minute opens; intrabar exits only known within minute, not actual exchange fills"
152,806.0,1161495.0,1162079.0,-1.0,3.24,2824.43,2813.29,2869.4760717748045,2648.901564504499,4.575576600000001,4.5575298,-0.9075628800000001,36.09359999999959,27.868056479999723,7855.675114951296,7883.543171431295,1.1649098347490325,3.0,7820.606210829695,0.0,0.0,2022-03-17 00:00:00+00:00,2022-03-16 00:00:00+00:00,2022-03-17 00:01:00+00:00,87.32,0.04570537692057746,2772.78,2022-03-17 14:15:00+00:00,2022-03-17 23:59:00+00:00,2022-03-17 23:59:00+00:00,scheduled_23_59_exit,0.19094344214961712,3.8966424502675028,"simulated minute opens; intrabar exits only known within minute, not actual exchange fills"
153,807.0,1163010.0,1163045.0,-1.0,4.2780000000000005,2870.58,2904.54,2903.9564942369925,2691.0892348265975,6.140170620000001,6.212811060000001,-0.7327428948708735,-145.28088000000017,-156.90111878512926,7883.543171431295,7726.642052646166,1.5577185249015952,1.0,7726.642052646166,0.0,0.0,2022-03-18 00:00:00+00:00,2022-03-17 00:00:00+00:00,2022-03-18 00:01:00+00:00,83.11,0.04350176220647266,2810.74,2022-03-18 15:30:00+00:00,2022-03-18 16:05:00+00:00,2022-03-18 16:06:00+00:00,stop,-1.0988655096749265,5.377759686170551,"simulated minute opens; intrabar exits only known within minute, not actual exchange fills"
154,809.0,1165715.0,1165843.0,1.0,4.038,2893.4,2858.01,2858.591647965938,3076.440664936898,5.841774600000001,5.770322190000001,0.0,-142.9048199999995,-154.5169167899994,7726.642052646166,7572.125135856167,1.5121121336271428,1.0,7572.125135856167,0.0,0.0,2022-03-20 00:00:00+00:00,2022-03-19 00:00:00+00:00,2022-03-20 00:01:00+00:00,80.18,0.04196813011328334,2950.0,2022-03-20 12:35:00+00:00,2022-03-20 14:43:00+00:00,2022-03-20 14:44:00+00:00,stop,-1.0993253849695235,5.258527170656691,"simulated minute opens; intrabar exits only known within minute, not actual exchange fills"
155,810.0,1167090.0,1167334.0,-1.0,3.387,2912.73,2954.4900000000002,2953.8974988413374,2740.4803916500773,4.9327082550000005,5.003428815,0.0,-141.44112000000075,-151.37725707000027,7572.125135856167,7420.747878786166,1.3028596771710028,1.0,7420.747878786166,0.0,0.0,2022-03-21 00:00:00+00:00,2022-03-20 00:00:00+00:00,2022-03-21 00:01:00+00:00,81.87,0.042852716542460804,2860.47,2022-03-21 11:30:00+00:00,2022-03-21 15:34:00+00:00,2022-03-21 15:35:00+00:00,stop,-1.0856527906213722,4.184116431600215,"simulated minute opens; intrabar exits only known within minute, not actual exchange fills"
156,812.0,1170230.0,1170719.0,-1.0,3.738,3028.19,3036.21,3064.218385943789,2845.48800002745,5.65968711,5.6746764899999995,0.40572303900992973,-29.978759999999934,-41.718846639009826,7420.747878786166,7379.029032147157,1.5253683867038403,3.0,7358.425568637157,0.0,0.0,2022-03-23 00:00:00+00:00,2022-03-22 00:00:00+00:00,2022-03-23 00:01:00+00:00,80.85,0.04231882414141878,2968.49,2022-03-23 15:50:00+00:00,2022-03-23 23:59:00+00:00,2022-03-23 23:59:00+00:00,scheduled_23_59_exit,-0.3097763012825426,5.071057034239574,"simulated minute opens; intrabar exits only known within minute, not actual exchange fills"
157,813.0,1171640.0,1171661.0,-1.0,3.5540000000000003,3091.79,3130.2000000000003,3129.5685646848265,2914.570852108218,5.49411083,5.562365400000001,0.0,-136.5091400000011,-147.56561623000107,7379.029032147157,7231.4634159171555,1.4891148431764116,1.0,7231.4634159171555,0.0,0.0,2022-03-24 00:00:00+00:00,2022-03-23 00:00:00+00:00,2022-03-24 00:01:00+00:00,77.7,0.040670038785259606,3035.55,2022-03-24 15:20:00+00:00,2022-03-24 15:41:00+00:00,2022-03-24 15:42:00+00:00,stop,-1.0990622684158489,4.6909973782821055,"simulated minute opens; intrabar exits only known within minute, not actual exchange fills"
158,814.0,1172875.0,1173599.0,-1.0,3.966,3171.52,3101.08,3204.147529169384,2988.512381250593,6.28912416,6.14944164,-1.2374871840000001,279.36504000000025,268.1639613840007,7231.4634159171555,7499.627377301156,1.7393779926085293,3.0,7139.630014156076,0.0,0.0,2022-03-25 00:00:00+00:00,2022-03-24 00:00:00+00:00,2022-03-25 00:01:00+00:00,76.06,0.03981162355221166,3109.89,2022-03-25 11:55:00+00:00,2022-03-25 23:59:00+00:00,2022-03-25 23:59:00+00:00,scheduled_23_59_exit,2.0723519592604323,5.6089941043139415,"simulated minute opens; intrabar exits only known within minute, not actual exchange fills"
159,817.0,1177145.0,1177315.0,-1.0,3.047,3343.84,3389.69,3389.0061112757066,3173.7246886858097,5.09434024,5.164192715,0.0,-139.70494999999974,-149.96348295499956,7499.627377301156,7349.663894346157,1.3585582279511248,1.0,7349.663894346157,0.0,0.0,2022-03-28 00:00:00+00:00,2022-03-27 00:00:00+00:00,2022-03-28 00:01:00+00:00,71.65,0.03750332405358882,3295.01,2022-03-28 11:05:00+00:00,2022-03-28 13:55:00+00:00,2022-03-28 13:56:00+00:00,stop,-1.0896834730704852,3.7664369703151834,"simulated minute opens; intrabar exits only known within minute, not actual exchange fills"
160,818.0,1178230.0,1178476.0,-1.0,3.491,3392.0,3430.69,3429.9964740830164,3209.317262943017,5.920736,5.9882693950000006,-1.182111947,-135.0667900000002,-145.7936834480006,7349.663894346157,7203.870210898156,1.61115830196116,1.0,7178.055470293156,0.0,0.0,2022-03-29 00:00:00+00:00,2022-03-28 00:00:00+00:00,2022-03-29 00:01:00+00:00,72.6,0.03800057678004952,3333.62,2022-03-29 05:10:00+00:00,2022-03-29 09:16:00+00:00,2022-03-29 09:17:00+00:00,stop,-1.099121142365869,4.807886559627862,"simulated minute opens; intrabar exits only known within minute, not actual exchange fills"
161,821.0,1182420.0,1183138.0,1.0,3.294,3226.06,3412.1800000000003,3186.1870836666453,3412.8639263460927,5.31332082,5.619860460000001,1.079629263159138,613.0792800000012,601.0664694568422,7203.870210898156,7804.936680354998,1.4751295246718643,2.0,7177.094103819497,0.0,0.0,2022-04-01 00:00:00+00:00,2022-03-31 00:00:00+00:00,2022-04-01 00:01:00+00:00,75.03,0.03927249691194373,3281.43,2022-04-01 03:00:00+00:00,2022-04-01 14:58:00+00:00,2022-04-01 14:59:00+00:00,target,4.5763676318812525,4.684982778393537,"simulated minute opens; intrabar exits only known within minute, not actual exchange fills"
162,822.0,1183740.0,1185119.0,-1.0,3.479,3510.83,3443.52,3551.434706863087,3328.9745683872766,6.107088785,5.99000304,-2.415868409813922,234.1714899999998,224.49026658481307,7804.936680354998,8029.426946939811,1.5649297451372088,3.0,7732.37939087176,0.0,0.0,2022-04-02 00:00:00+00:00,2022-04-01 00:00:00+00:00,2022-04-02 00:01:00+00:00,70.62,0.036964197413320896,3454.33,2022-04-02 01:00:00+00:00,2022-04-02 23:59:00+00:00,2022-04-02 23:59:00+00:00,scheduled_23_59_exit,1.5891566419207044,4.47867859817122,"simulated minute opens; intrabar exits only known within minute, not actual exchange fills"
163,823.0,1185495.0,1186441.0,-1.0,3.9,3500.35,3538.0,3537.288285737899,3321.3377951090897,6.8256825,6.8991,-2.7252634330973997,-146.83500000000035,-157.83451906690334,8029.426946939811,7871.592427872908,1.7001667852776008,1.0,7871.592427872908,0.0,0.0,2022-04-03 00:00:00+00:00,2022-04-02 00:00:00+00:00,2022-04-03 00:01:00+00:00,68.77,0.035995863156528994,3443.07,2022-04-03 06:15:00+00:00,2022-04-03 22:01:00+00:00,2022-04-03 22:02:00+00:00,stop,-1.095621756556262,4.84625101882412,"simulated minute opens; intrabar exits only known within minute, not actual exchange fills"
164,824.0,1187210.0,1187466.0,1.0,3.918,3462.27,3425.54,3426.2286591412376,3650.8713164769965,6.782586930000001,6.7106328600000005,0.0,-143.9081400000001,-157.40135979000024,7871.592427872908,7714.191068082908,1.7233074481811852,1.0,7714.191068082908,0.0,0.0,2022-04-04 00:00:00+00:00,2022-04-03 00:00:00+00:00,2022-04-04 00:01:00+00:00,69.33,0.03628898055317952,3520.76,2022-04-04 10:50:00+00:00,2022-04-04 15:06:00+00:00,2022-04-04 15:07:00+00:00,stop,-1.1146617756934245,5.232916200761816,"simulated minute opens; intrabar exits only known within minute, not actual exchange fills"
165,825.0,1188915.0,1189150.0,1.0,3.613,3463.89,3424.65,3425.337474213388,3647.7826164659123,6.257517285,6.186630225,0.99423523962,-141.77411999999921,-155.2125027496195,7714.191068082908,7558.978565333288,1.6223392005132398,1.0,7558.978565333288,0.0,0.0,2022-04-05 00:00:00+00:00,2022-04-04 00:00:00+00:00,2022-04-05 00:01:00+00:00,68.69,0.03595398924272178,3518.96,2022-04-05 15:15:00+00:00,2022-04-05 19:10:00+00:00,2022-04-05 19:11:00+00:00,stop,-1.1143096817515963,4.769923959943814,"simulated minute opens; intrabar exits only known within minute, not actual exchange fills"
166,826.0,1189565.0,1190103.0,1.0,4.0520000000000005,3344.89,3310.92,3311.5870492713802,3533.759112879757,6.77674714,6.707923920000002,-1.9605167919019386,-137.64643999999922,-149.17059426809737,7558.978565333288,7409.807971065191,1.7930325060264811,1.0,7409.807971065191,0.0,0.0,2022-04-06 00:00:00+00:00,2022-04-05 00:00:00+00:00,2022-04-06 00:01:00+00:00,70.89,0.03710552187242025,3405.04,2022-04-06 02:05:00+00:00,2022-04-06 11:03:00+00:00,2022-04-06 11:04:00+00:00,stop,-1.105429546251032,5.671242600057309,"simulated minute opens; intrabar exits only known within minute, not actual exchange fills"
167,827.0,1191345.0,1191610.0,-1.0,3.355,3223.76,3264.6800000000003,3264.0172859190034,3041.6213734690555,5.407857400000001,5.476500700000001,1.0752759879431137,-137.28660000000025,-149.24623408794287,7409.807971065191,7260.561736977248,1.4596484608284925,1.0,7257.885587677249,0.0,0.0,2022-04-07 00:00:00+00:00,2022-04-06 00:00:00+00:00,2022-04-07 00:01:00+00:00,77.04,0.04032457899635007,3166.78,2022-04-07 07:45:00+00:00,2022-04-07 12:10:00+00:00,2022-04-07 12:11:00+00:00,stop,-1.1050103983367057,4.524364282714041,"simulated minute opens; intrabar exits only known within minute, not actual exchange fills"
168,828.0,1192810.0,1193759.0,-1.0,3.967,3285.87,3193.23,3318.4947740653597,3104.761839223392,6.517523145,6.333771705,-1.301163577835375,367.5028799999995,355.95274872783466,7260.561736977248,7616.514485705083,1.7953220098128129,3.0,7152.568353832248,0.0,0.0,2022-04-08 00:00:00+00:00,2022-04-07 00:00:00+00:00,2022-04-08 00:01:00+00:00,72.68,0.03804245069385674,3225.15,2022-04-08 08:10:00+00:00,2022-04-08 23:59:00+00:00,2022-04-08 23:59:00+00:00,scheduled_23_59_exit,2.7503162685162095,5.551246436642881,"simulated minute opens; intrabar exits only known within minute, not actual exchange fills"
169,832.0,1198780.0,1198830.0,-1.0,3.898,3030.75,3066.77,3066.1531038612447,2865.941148931642,5.906931750000001,5.9771347299999995,0.0,-140.40595999999994,-152.29002648000005,7616.514485705083,7464.224459225083,1.5510852795163244,1.0,7456.094156844163,0.0,0.0,2022-04-12 00:00:00+00:00,2022-04-11 00:00:00+00:00,2022-04-12 00:01:00+00:00,73.72,0.03858681157335055,2978.69,2022-04-12 11:40:00+00:00,2022-04-12 12:30:00+00:00,2022-04-12 12:31:00+00:00,stop,-1.1035405300371983,4.655209094498962,"simulated minute opens; intrabar exits only known within minute, not actual exchange fills"
170,833.0,1200365.0,1200453.0,-1.0,3.5420000000000003,3072.05,3111.1,3110.4686277857422,2917.6073728108086,5.440600550000001,5.5097581,0.0,-138.31509999999903,-149.26545864999935,7464.224459225083,7314.959000575083,1.4577805315797887,1.0,7314.7764430614825,0.0,0.0,2022-04-13 00:00:00+00:00,2022-04-12 00:00:00+00:00,2022-04-13 00:01:00+00:00,69.88,0.03657686371060413,3026.3,2022-04-13 14:05:00+00:00,2022-04-13 15:33:00+00:00,2022-04-13 15:34:00+00:00,stop,-1.0969047420178664,4.019993323304184,"simulated minute opens; intrabar exits only known within minute, not actual exchange fills"
171,834.0,1201790.0,1201805.0,1.0,4.421,3062.29,3032.26,3032.8695074162874,3231.4845354285426,6.7691920450000005,6.702810730000001,0.0,-132.7626299999989,-146.23463277499832,7314.959000575083,7168.724367800085,1.850780583860504,1.0,7168.724367800085,0.0,0.0,2022-04-14 00:00:00+00:00,2022-04-13 00:00:00+00:00,2022-04-14 00:01:00+00:00,69.25,0.0362471066393723,3116.45,2022-04-14 13:50:00+00:00,2022-04-14 14:05:00+00:00,2022-04-14 14:06:00+00:00,stop,-1.1242937182605677,5.750907635115884,"simulated minute opens; intrabar exits only known within minute, not actual exchange fills"
172,838.0,1207460.0,1207554.0,1.0,4.468,2937.19,2908.03,2908.6179146901495,3092.4604636545696,6.56168246,6.49653902,0.0,-130.28687999999934,-143.34510147999936,7168.724367800085,7025.379266320086,1.8306415823359736,1.0,7025.379266320086,0.0,0.0,2022-04-18 00:00:00+00:00,2022-04-17 00:00:00+00:00,2022-04-18 00:01:00+00:00,66.91,0.0350222946605112,2986.03,2022-04-18 12:20:00+00:00,2022-04-18 13:54:00+00:00,2022-04-18 13:55:00+00:00,stop,-1.1228655399869967,5.434341314984048,"simulated minute opens; intrabar exits only known within minute, not actual exchange fills"
173,839.0,1209045.0,1209599.0,-1.0,4.311,3108.42,3101.88,3137.24722008038,2946.474736255814,6.70019931,6.686102340000001,-0.30178771613170696,28.19393999999984,15.109426066131164,7025.379266320086,7040.488692386217,1.9074270743277848,3.0,6932.588397010086,0.0,0.0,2022-04-19 00:00:00+00:00,2022-04-18 00:00:00+00:00,2022-04-19 00:01:00+00:00,68.49,0.03584930445820374,3054.02,2022-04-19 14:45:00+00:00,2022-04-19 23:59:00+00:00,2022-04-19 23:59:00+00:00,scheduled_23_59_exit,0.1215814115875579,5.6177898282466545,"simulated minute opens; intrabar exits only known within minute, not actual exchange fills"
174,840.0,1210330.0,1211039.0,-1.0,3.047,3140.37,3076.9500000000003,3182.774413021897,2993.9193146942316,4.784353695,4.687733325000001,0.0098115426255,193.24073999999885,183.75884143737312,7040.488692386217,7224.24753382359,1.3590970468211774,3.0,6976.135488691216,0.0,0.0,2022-04-20 00:00:00+00:00,2022-04-19 00:00:00+00:00,2022-04-20 00:01:00+00:00,66.78,0.034954249550574475,3100.42,2022-04-20 12:10:00+00:00,2022-04-20 23:59:00+00:00,2022-04-20 23:59:00+00:00,scheduled_23_59_exit,1.4222132942238124,3.4536661368273784,"simulated minute opens; intrabar exits only known within minute, not actual exchange fills"
175,841.0,1211695.0,1211738.0,-1.0,4.277,3126.36,3156.9900000000002,3156.3567126293674,2967.5465419009274,6.685720860000001,6.751223115000001,0.0,-131.00451000000047,-144.4414539750005,7224.24753382359,7079.806079848589,1.850911345077191,1.0,7079.806079848589,0.0,0.0,2022-04-21 00:00:00+00:00,2022-04-20 00:00:00+00:00,2022-04-21 00:01:00+00:00,67.34,0.035247366947224995,3074.01,2022-04-21 10:55:00+00:00,2022-04-21 11:38:00+00:00,2022-04-21 11:39:00+00:00,stop,-1.125845869088238,5.294362087650623,"simulated minute opens; intrabar exits only known within minute, not actual exchange fills"
176,842.0,1212950.0,1213919.0,-1.0,2.73,3013.87,2963.11,3062.0628619440104,2876.9425066605745,4.1139325499999995,4.04464515,1.627094253603,138.57479999999936,128.7891280463964,7079.806079848589,7208.595207894986,1.1621596703642993,3.0,7036.726617216928,0.0,0.0,2022-04-22 00:00:00+00:00,2022-04-21 00:00:00+00:00,2022-04-22 00:01:00+00:00,68.08,0.03563470064994175,2981.31,2022-04-22 07:50:00+00:00,2022-04-22 23:59:00+00:00,2022-04-22 23:59:00+00:00,scheduled_23_59_exit,0.9788898786236718,2.8412401300944747,"simulated minute opens; intrabar exits only known within minute, not actual exchange fills"
177,845.0,1216830.0,1216860.0,1.0,3.865,2877.6,2843.17,2843.742938383578,3022.3773975292643,5.560962000000001,5.494426025000001,0.0,-133.07194999999936,-144.1273380249986,7208.595207894986,7064.467869869987,1.5428698212682361,1.0,7064.467869869987,0.0,0.0,2022-04-25 00:00:00+00:00,2022-04-24 00:00:00+00:00,2022-04-25 00:01:00+00:00,66.51,0.034812925091475114,2918.97,2022-04-25 00:30:00+00:00,2022-04-25 01:00:00+00:00,2022-04-25 01:01:00+00:00,stop,-1.101406419212479,4.276135926073443,"simulated minute opens; intrabar exits only known within minute, not actual exchange fills"
178,847.0,1220470.0,1220491.0,-1.0,4.082,2857.64,2889.37,2888.7849075197764,2703.520452944619,5.83244324,5.89720417,0.0,-129.52186000000006,-141.25150741000016,7064.467869869987,6923.216362459987,1.6512052563436284,1.0,6896.445222661986,0.0,0.0,2022-04-27 00:00:00+00:00,2022-04-26 00:00:00+00:00,2022-04-27 00:01:00+00:00,72.36,0.03787495503862787,2807.88,2022-04-27 13:10:00+00:00,2022-04-27 13:31:00+00:00,2022-04-27 13:32:00+00:00,stop,-1.1110485711998768,4.948466999220246,"simulated minute opens; intrabar exits only known within minute, not actual exchange fills"
179,848.0,1221650.0,1222199.0,-1.0,3.341,2932.07,2970.55,2969.9548084772646,2781.2675017745805,4.898022935000001,4.9623037750000005,-0.9657943398200501,-128.56168000000008,-137.45621237018076,6923.216362459987,6785.760150089806,1.4149559044720117,1.0,6785.760150089806,0.0,0.0,2022-04-28 00:00:00+00:00,2022-04-27 00:00:00+00:00,2022-04-28 00:01:00+00:00,71.66,0.037508558292814714,2887.57,2022-04-28 08:50:00+00:00,2022-04-28 17:59:00+00:00,2022-04-28 18:00:00+00:00,stop,-1.085982435192742,3.9805532688892926,"simulated minute opens; intrabar exits only known within minute, not actual exchange fills"
180,849.0,1223120.0,1223208.0,1.0,3.1430000000000002,2894.12,2853.83,2854.4009786957495,3046.961140204871,4.54810958,4.4847938450000004,0.0,-126.6314699999999,-135.6643734249992,6785.760150089806,6650.095776664807,1.3404863948631631,1.0,6650.095776664807,0.0,0.0,2022-04-29 00:00:00+00:00,2022-04-28 00:00:00+00:00,2022-04-29 00:01:00+00:00,71.27,0.037304422963004534,2935.39,2022-04-29 09:20:00+00:00,2022-04-29 10:48:00+00:00,2022-04-29 10:49:00+00:00,stop,-1.086733096199948,3.8480590705923334,"simulated minute opens; intrabar exits only known within minute, not actual exchange fills"
181,851.0,1225585.0,1226370.0,-1.0,3.48,2772.88,2801.28,2800.7156158097964,2627.445309255561,4.8248112,4.8742272,1.5601565710587548,-98.83200000000032,-110.09119497105894,6650.095776664807,6540.004581693748,1.4510501388356745,1.0,6540.004581693748,0.0,0.0,2022-05-01 00:00:00+00:00,2022-04-30 00:00:00+00:00,2022-05-01 00:01:00+00:00,69.72,0.0364931158829897,2725.1,2022-05-01 02:25:00+00:00,2022-05-01 15:30:00+00:00,2022-05-01 15:31:00+00:00,stop,-1.136508028775817,5.224770011851354,"simulated minute opens; intrabar exits only known within minute, not actual exchange fills"
182,852.0,1227250.0,1228319.0,-1.0,3.547,2866.46,2855.8,2899.855111731246,2724.5412031809283,5.08366681,5.0647613,0.8009236715645511,37.81101999999949,26.861668218433806,6540.004581693748,6566.866249912182,1.554637079071715,3.0,6481.127811212183,0.0,0.0,2022-05-02 00:00:00+00:00,2022-05-01 00:00:00+00:00,2022-05-02 00:01:00+00:00,68.08,0.03563470064994175,2823.38,2022-05-02 06:10:00+00:00,2022-05-02 23:59:00+00:00,2022-05-02 23:59:00+00:00,scheduled_23_59_exit,0.2267717185544103,4.249687737570488,"simulated minute opens; intrabar exits only known within minute, not actual exchange fills"
183,853.0,1229295.0,1229440.0,1.0,4.127,2806.58,2777.56,2778.1180815175344,2961.21620049851,5.791377829999999,5.731495059999999,0.0,-119.76553999999992,-131.28841288999956,6566.866249912182,6435.577837022182,1.7638178119060814,1.0,6417.185905763622,0.0,0.0,2022-05-03 00:00:00+00:00,2022-05-02 00:00:00+00:00,2022-05-03 00:01:00+00:00,69.68,0.0364721789260861,2855.16,2022-05-03 16:15:00+00:00,2022-05-03 18:40:00+00:00,2022-05-03 18:41:00+00:00,stop,-1.1177064546649687,5.433091258193865,"simulated minute opens; intrabar exits only known within minute, not actual exchange fills"
184,854.0,1230260.0,1230401.0,-1.0,3.815,2831.02,2861.91,2861.329841227474,2677.1884740516866,5.40017065,5.4590933249999996,0.0,-117.84534999999951,-128.70461397500003,6435.577837022182,6306.873223047182,1.6782240186527595,1.0,6305.419703736233,0.0,0.0,2022-05-04 00:00:00+00:00,2022-05-03 00:00:00+00:00,2022-05-04 00:01:00+00:00,72.62,0.038011045258501325,2780.91,2022-05-04 08:20:00+00:00,2022-05-04 10:41:00+00:00,2022-05-04 10:42:00+00:00,stop,-1.1130531746045584,5.075299629378289,"simulated minute opens; intrabar exits only known within minute, not actual exchange fills"
185,856.0,1233110.0,1233297.0,1.0,2.927,2710.79,2670.4,2670.942135500059,2850.2643169782964,3.967241165,3.9081304,-0.3707783338769753,-118.22152999999963,-125.72612323112298,6306.873223047182,6181.147099816059,1.258069101659607,1.0,6181.147099816059,0.0,0.0,2022-05-06 00:00:00+00:00,2022-05-05 00:00:00+00:00,2022-05-06 00:01:00+00:00,70.94,0.03713169306854976,2746.37,2022-05-06 07:50:00+00:00,2022-05-06 10:57:00+00:00,2022-05-06 10:58:00+00:00,stop,-1.0779478481724627,3.5001704289198057,"simulated minute opens; intrabar exits only known within minute, not actual exchange fills"
186,857.0,1235375.0,1235399.0,1.0,3.29,2654.54,2619.62,2620.1443613356364,2789.8904741284637,4.3667183,4.309274899999999,0.0,-114.88680000000024,-123.56279319999976,6181.147099816059,6057.58430661606,1.412915185315666,1.0,6052.6536550419605,0.0,0.0,2022-05-07 00:00:00+00:00,2022-05-06 00:00:00+00:00,2022-05-07 00:01:00+00:00,68.53,0.03587024141510735,2691.59,2022-05-07 21:35:00+00:00,2022-05-07 21:59:00+00:00,2022-05-07 22:00:00+00:00,stop,-1.0919140175440862,3.935105710617226,"simulated minute opens; intrabar exits only known within minute, not actual exchange fills"
187,859.0,1237215.0,1237290.0,1.0,4.183,2474.2000000000003,2447.71,2448.2005152985244,2616.3520524259184,5.1747893000000005,5.119385465000001,0.0,-110.80767000000098,-121.10184476500126,6057.58430661606,5936.482461851058,1.7085323251211293,1.0,5936.482461851058,0.0,0.0,2022-05-09 00:00:00+00:00,2022-05-08 00:00:00+00:00,2022-05-09 00:01:00+00:00,72.52,0.0379587028662423,2518.9,2022-05-09 04:15:00+00:00,2022-05-09 05:30:00+00:00,2022-05-09 05:31:00+00:00,stop,-1.1135203382841212,5.467494993000708,"simulated minute opens; intrabar exits only known within minute, not actual exchange fills"
188,860.0,1238450.0,1238463.0,-1.0,2.864,2268.06,2307.2200000000003,2306.752875224027,2126.0042917664446,3.24786192,3.3039390400000004,0.0,-112.15424000000088,-118.70604096000079,5936.482461851058,5817.776420891058,1.0942041658074004,1.0,5817.776420891058,0.0,0.0,2022-05-10 00:00:00+00:00,2022-05-09 00:00:00+00:00,2022-05-10 00:01:00+00:00,89.08,0.046626603024336244,2227.48,2022-05-10 00:50:00+00:00,2022-05-10 01:03:00+00:00,2022-05-10 01:04:00+00:00,stop,-1.071195659666634,3.6713660437760325,"simulated minute opens; intrabar exits only known within minute, not actual exchange fills"
189,861.0,1240165.0,1240416.0,-1.0,2.91,2385.79,2423.35,2422.864498897718,2235.8218329467386,3.47132445,3.5259742500000004,-0.6735253200000001,-109.29959999999984,-115.62337337999907,5817.776420891058,5702.1530475110585,1.1933509295870561,1.0,5700.695456010559,0.0,0.0,2022-05-11 00:00:00+00:00,2022-05-10 00:00:00+00:00,2022-05-11 00:01:00+00:00,87.71,0.04590951225038765,2340.86,2022-05-11 05:25:00+00:00,2022-05-11 09:36:00+00:00,2022-05-11 09:37:00+00:00,stop,-1.0717101830456637,4.045049063697309,"simulated minute opens; intrabar exits only known within minute, not actual exchange fills"
190,862.0,1241355.0,1241520.0,-1.0,2.806,2138.2200000000003,1967.41,2176.250245673867,1967.0096843754584,2.9999226600000006,2.76027623,0.0,479.2928600000005,473.53266110999994,5702.1530475110585,6175.685708621058,1.0522069944472787,2.0,5666.603524851059,0.0,0.0,2022-05-12 00:00:00+00:00,2022-05-11 00:00:00+00:00,2022-05-12 00:01:00+00:00,110.36,0.057765064097055986,2083.98,2022-05-12 01:15:00+00:00,2022-05-12 04:00:00+00:00,2022-05-12 04:01:00+00:00,target,4.437446616758632,4.501951344011226,"simulated minute opens; intrabar exits only known within minute, not actual exchange fills"
191,863.0,1242795.0,1242866.0,-1.0,3.041,2026.02,2064.57,2064.156880263605,1828.774458971297,3.08056341,3.1391786850000005,0.0,-117.23055000000055,-123.4502920949999,6175.685708621058,6052.2354165260585,0.997642547029112,1.0,6047.924145211059,0.0,0.0,2022-05-13 00:00:00+00:00,2022-05-12 00:00:00+00:00,2022-05-13 00:01:00+00:00,132.18,0.06918617408797445,1959.78,2022-05-13 01:15:00+00:00,2022-05-13 02:26:00+00:00,2022-05-13 02:27:00+00:00,stop,-1.0644629219643025,5.172041857260627,"simulated minute opens; intrabar exits only known within minute, not actual exchange fills"
192,864.0,1244275.0,1245599.0,-1.0,3.108,2059.7,2054.32,2096.133774320267,1897.3054078802063,3.2007738,3.1924132800000002,-0.9960786233196857,16.721039999998926,11.323931543318395,6052.2354165260585,6063.559348069377,1.057716225399977,3.0,6030.450321349377,0.0,0.0,2022-05-14 00:00:00+00:00,2022-05-13 00:00:00+00:00,2022-05-14 00:01:00+00:00,108.8,0.05694852277781526,2008.49,2022-05-14 01:55:00+00:00,2022-05-14 23:59:00+00:00,2022-05-14 23:59:00+00:00,scheduled_23_59_exit,0.10000277724491824,4.457254159074513,"simulated minute opens; intrabar exits only known within minute, not actual exchange fills"
193,865.0,1245815.0,1246923.0,1.0,3.387,2006.51,2169.07,1973.0998010516669,2169.512670073799,3.3980246849999998,3.6733200450000005,0.9926841462047999,550.5907200000006,542.5266911237959,6063.559348069377,6606.086039193173,1.120801987724231,2.0,6045.457508211837,0.0,0.0,2022-05-15 00:00:00+00:00,2022-05-14 00:00:00+00:00,2022-05-15 00:01:00+00:00,103.6,0.054226718380346144,2055.0,2022-05-15 03:35:00+00:00,2022-05-15 22:03:00+00:00,2022-05-15 22:04:00+00:00,target,4.7943181570785525,4.87882967491074,"simulated minute opens; intrabar exits only known within minute, not actual exchange fills"
194,866.0,1247195.0,1247401.0,1.0,3.95,2088.9900000000002,2057.62,2058.038210857929,2264.3992127895267,4.125755250000001,4.0637995,0.0,-123.91150000000137,-132.10105475000182,6606.086039193173,6473.984984443171,1.2490770557701958,1.0,6458.329095255673,0.0,0.0,2022-05-16 00:00:00+00:00,2022-05-15 00:00:00+00:00,2022-05-16 00:01:00+00:00,104.32,0.054603583604611095,2144.07,2022-05-16 02:35:00+00:00,2022-05-16 06:01:00+00:00,2022-05-16 06:02:00+00:00,stop,-1.0804966668160194,5.667175231272825,"simulated minute opens; intrabar exits only known within minute, not actual exchange fills"
195,867.0,1248765.0,1249295.0,-1.0,3.517,2074.0,2108.71,2108.288252157585,1914.382162924796,3.647129,3.7081665349999997,0.7481530997946,-122.07507000000012,-130.17851863479518,6473.984984443171,6343.806465808376,1.1267029530540964,1.0,6343.806465808376,0.0,0.0,2022-05-17 00:00:00+00:00,2022-05-16 00:00:00+00:00,2022-05-17 00:01:00+00:00,105.33,0.055132241766427205,2022.89,2022-05-17 04:45:00+00:00,2022-05-17 13:35:00+00:00,2022-05-17 13:36:00+00:00,stop,-1.0794974215567417,4.655175666045011,"simulated minute opens; intrabar exits only known within minute, not actual exchange fills"
196,868.0,1250160.0,1250688.0,1.0,4.308,2038.69,2011.27,2011.6818850303066,2199.1875119587967,4.3913382599999995,4.332275579999999,-0.13489542846273672,-118.12536000000031,-126.71407841153723,6343.806465808376,6217.092387396839,1.3844490003496417,1.0,6217.092387396839,0.0,0.0,2022-05-18 00:00:00+00:00,2022-05-17 00:00:00+00:00,2022-05-18 00:01:00+00:00,97.29,0.0509239134288019,2090.0,2022-05-18 04:00:00+00:00,2022-05-18 12:48:00+00:00,2022-05-18 12:49:00+00:00,stop,-1.0890677583183317,5.9425662301458395,"simulated minute opens; intrabar exits only known within minute, not actual exchange fills"
197,869.0,1252165.0,1252279.0,-1.0,3.9130000000000003,1967.64,1997.43,1997.0235792805663,1809.0870749078963,3.8496876600000007,3.9079717950000004,0.0,-116.56826999999987,-124.32592945499982,6217.092387396839,6092.766457941839,1.2384206056850653,1.0,6092.766457941839,0.0,0.0,2022-05-19 00:00:00+00:00,2022-05-18 00:00:00+00:00,2022-05-19 00:01:00+00:00,107.9,0.05647744124748406,1914.2,2022-05-19 13:25:00+00:00,2022-05-19 15:19:00+00:00,2022-05-19 15:20:00+00:00,stop,-1.0813024069199684,5.395970435670101,"simulated minute opens; intrabar exits only known within minute, not actual exchange fills"
198,870.0,1253710.0,1253768.0,1.0,3.896,1971.39,1942.08,1942.4731815461996,2126.876244743119,3.8402677200000004,3.78317184,0.5075729655288,-114.19176000000067,-122.32277252553013,6092.766457941839,5970.443685416309,1.2605990223026728,1.0,5965.648983603109,0.0,0.0,2022-05-20 00:00:00+00:00,2022-05-19 00:00:00+00:00,2022-05-20 00:01:00+00:00,99.01,0.05182420257565706,2019.46,2022-05-20 15:10:00+00:00,2022-05-20 16:08:00+00:00,2022-05-20 16:09:00+00:00,stop,-1.085770054041816,5.377017703089797,"simulated minute opens; intrabar exits only known within minute, not actual exchange fills"
199,872.0,1256375.0,1257022.0,-1.0,3.52,2014.5800000000002,2046.47,2046.052353260916,1881.7281792694414,3.5456608000000003,3.6017872000000004,-0.7052564186272,-112.25279999999955,-118.69499158137296,5970.443685416309,5851.748693834936,1.1877377919704026,1.0,5851.557973441336,0.0,0.0,2022-05-22 00:00:00+00:00,2022-05-21 00:00:00+00:00,2022-05-22 00:01:00+00:00,91.4,0.047840946524745534,1973.94,2022-05-22 11:35:00+00:00,2022-05-22 22:22:00+00:00,2022-05-22 22:23:00+00:00,stop,-1.0714218852126813,4.22122297716902,"simulated minute opens; intrabar exits only known within minute, not actual exchange fills"
200,873.0,1258295.0,1258464.0,1.0,4.235,1995.25,1969.6100000000001,1970.0040086813835,2143.646492444664,4.224941875000001,4.170649175,0.0,-108.58539999999947,-116.98099104999892,5851.748693834936,5734.767702784937,1.4439929313612374,1.0,5734.767702784937,0.0,0.0,2022-05-23 00:00:00+00:00,2022-05-22 00:00:00+00:00,2022-05-23 00:01:00+00:00,92.22,0.04827015414126951,2042.63,2022-05-23 19:35:00+00:00,2022-05-23 22:24:00+00:00,2022-05-23 22:25:00+00:00,stop,-1.0941313276785805,5.878022002456926,"simulated minute opens; intrabar exits only known within minute, not actual exchange fills"
201,874.0,1259430.0,1259999.0,1.0,4.13,1927.82,1976.76,1902.356608103322,2069.941627945007,3.9809482999999997,4.0820094,-0.3272927598415852,202.12220000000022,194.38653505984257,5734.767702784937,5929.154237844779,1.3883555555586875,3.0,5721.477263251937,0.0,0.0,2022-05-24 00:00:00+00:00,2022-05-23 00:00:00+00:00,2022-05-24 00:01:00+00:00,92.17,0.04824398294514,1972.45,2022-05-24 14:30:00+00:00,2022-05-24 23:59:00+00:00,2022-05-24 23:59:00+00:00,scheduled_23_59_exit,1.848416653703902,5.581409912775571,"simulated minute opens; intrabar exits only known within minute, not actual exchange fills"
202,877.0,1263025.0,1263219.0,1.0,2.7840000000000003,1765.33,1724.49,1724.8396655399185,1883.2271575477257,2.45733936,2.40049008,0.0,-113.69855999999979,-118.5563894400002,5929.154237844779,5810.597848404779,0.8289004675625479,1.0,5810.597848404779,0.0,0.0,2022-05-27 00:00:00+00:00,2022-05-26 00:00:00+00:00,2022-05-27 00:01:00+00:00,95.91,0.0502015884156274,1791.02,2022-05-27 02:25:00+00:00,2022-05-27 05:39:00+00:00,2022-05-27 05:40:00+00:00,stop,-1.0517302602670198,2.911735828311279,"simulated minute opens; intrabar exits only known within minute, not actual exchange fills"
203,878.0,1264680.0,1265117.0,-1.0,4.371,1770.33,1795.1200000000001,1794.760619833167,1639.6179487096308,3.869056215,3.9232347600000006,-0.4918102089624001,-108.35709000000085,-115.65757076603768,5810.597848404779,5694.9402776387415,1.331723969182344,1.0,5694.9402776387415,0.0,0.0,2022-05-28 00:00:00+00:00,2022-05-27 00:00:00+00:00,2022-05-28 00:01:00+00:00,98.7,0.05166194115965409,1726.55,2022-05-28 06:00:00+00:00,2022-05-28 13:17:00+00:00,2022-05-28 13:18:00+00:00,stop,-1.0830756053793396,5.350337084485824,"simulated minute opens; intrabar exits only known within minute, not actual exchange fills"
204,881.0,1269500.0,1269775.0,1.0,4.208,1953.14,1928.02,1928.4094399430455,2094.3914742453744,4.10940656,4.056554080000001,0.8365083200000001,-105.7049600000005,-114.70742896000047,5694.9402776387415,5580.232848678741,1.443178105356307,1.0,5580.232848678741,0.0,0.0,2022-05-31 00:00:00+00:00,2022-05-30 00:00:00+00:00,2022-05-31 00:01:00+00:00,90.14,0.04718143238228187,1997.87,2022-05-31 14:20:00+00:00,2022-05-31 18:55:00+00:00,2022-05-31 18:56:00+00:00,stop,-1.1022544551041982,5.711616474518637,"simulated minute opens; intrabar exits only known within minute, not actual exchange fills"
205,882.0,1270975.0,1271040.0,1.0,2.449,1918.39,1874.73,1875.1149990942195,2034.123528261446,2.3490685549999997,2.2956068849999998,0.46058342999999996,-106.9233400000002,-112.02859886999977,5580.232848678741,5468.204249808741,0.8419249227408854,1.0,5468.204249808741,0.0,0.0,2022-06-01 00:00:00+00:00,2022-05-31 00:00:00+00:00,2022-06-01 00:01:00+00:00,88.86,0.04651144976136639,1941.68,2022-06-01 14:55:00+00:00,2022-06-01 16:00:00+00:00,2022-06-01 16:01:00+00:00,stop,-1.0570682621034764,2.674373791774692,"simulated minute opens; intrabar exits only known within minute, not actual exchange fills"
206,884.0,1273550.0,1273593.0,1.0,4.332,1794.28,1770.83,1771.1854732108754,1919.6920185463441,3.88641048,3.8356177799999998,0.0,-101.58540000000019,-109.30742826000096,5468.204249808741,5358.89682154874,1.4214576860898833,1.0,5358.89682154874,0.0,0.0,2022-06-03 00:00:00+00:00,2022-06-02 00:00:00+00:00,2022-06-03 00:01:00+00:00,87.9,0.046008962795679786,1833.37,2022-06-03 09:50:00+00:00,2022-06-03 10:33:00+00:00,2022-06-03 10:34:00+00:00,stop,-1.0925772686488868,5.43037836156929,"simulated minute opens; intrabar exits only known within minute, not actual exchange fills"
207,887.0,1277350.0,1277393.0,-1.0,3.603,1840.03,1867.91,1867.536004211755,1725.733639898324,3.3148140450000003,3.3650398650000004,0.0,-100.4516400000004,-107.13149391000024,5358.89682154874,5251.76532763874,1.237125533625037,1.0,5251.76532763874,0.0,0.0,2022-06-06 00:00:00+00:00,2022-06-05 00:00:00+00:00,2022-06-06 00:01:00+00:00,86.21,0.04512437636650232,1805.39,2022-06-06 01:10:00+00:00,2022-06-06 01:53:00+00:00,2022-06-06 01:54:00+00:00,stop,-1.0809992527847037,4.155324023866398,"simulated minute opens; intrabar exits only known within minute, not actual exchange fills"
208,888.0,1279895.0,1280087.0,1.0,3.595,1827.3700000000001,1799.98,1800.344381353936,1940.4587688994936,3.2846975750000005,3.23546405,0.0,-98.46705000000037,-104.98721162499987,5251.76532763874,5146.77811601374,1.2508927456120138,1.0,5145.31763058294,0.0,0.0,2022-06-07 00:00:00+00:00,2022-06-06 00:00:00+00:00,2022-06-07 00:01:00+00:00,81.82,0.042826545346331284,1859.11,2022-06-07 19:35:00+00:00,2022-06-07 22:47:00+00:00,2022-06-07 22:48:00+00:00,stop,-1.080592284767288,4.184502504106885,"simulated minute opens; intrabar exits only known within minute, not actual exchange fills"
209,889.0,1280390.0,1281599.0,1.0,2.395,1792.3600000000001,1791.8500000000001,1751.5146213301923,1897.398316974145,2.1463511000000004,2.1457403750000004,0.7390696776005,-1.2214499999999782,-6.252611152600366,5146.77811601374,5140.52550486114,0.8340562004496835,3.0,5094.34580457324,0.0,0.0,2022-06-08 00:00:00+00:00,2022-06-07 00:00:00+00:00,2022-06-08 00:01:00+00:00,87.34,0.04571584539902927,1812.61,2022-06-08 03:50:00+00:00,2022-06-08 23:59:00+00:00,2022-06-08 23:59:00+00:00,scheduled_23_59_exit,-0.06391649868164212,2.571608353132673,"simulated minute opens; intrabar exits only known within minute, not actual exchange fills"
210,891.0,1283800.0,1283814.0,1.0,4.245,1749.89,1727.42,1727.7698913112235,1871.6587434908754,3.7141415250000005,3.6664489500000004,0.0,-95.38515000000012,-102.7657404749998,5140.52550486114,5037.75976438614,1.445043516071546,1.0,5016.15899367504,0.0,0.0,2022-06-10 00:00:00+00:00,2022-06-09 00:00:00+00:00,2022-06-10 00:01:00+00:00,87.33,0.04571061115980336,1788.03,2022-06-10 12:40:00+00:00,2022-06-10 12:54:00+00:00,2022-06-10 12:55:00+00:00,stop,-1.094418447061388,5.504889022207161,"simulated minute opens; intrabar exits only known within minute, not actual exchange fills"
211,892.0,1285010.0,1285019.0,1.0,4.251,1624.46,1602.38,1602.7081302219358,1744.3594094025484,3.4527897300000006,3.4058586900000005,0.0,-93.8620799999997,-100.72072842000034,5037.75976438614,4937.03903596614,1.370763947264456,1.0,4859.958784720349,0.0,0.0,2022-06-11 00:00:00+00:00,2022-06-10 00:00:00+00:00,2022-06-11 00:01:00+00:00,92.46,0.04839577588269116,1661.95,2022-06-11 08:50:00+00:00,2022-06-11 08:59:00+00:00,2022-06-11 09:00:00+00:00,stop,-1.0892590035590317,5.512142662947595,"simulated minute opens; intrabar exits only known within minute, not actual exchange fills"
212,893.0,1286815.0,1287180.0,1.0,2.119,1519.23,1474.15,1474.4504017858703,1612.7085833561941,1.6096241850000002,1.561861925,-0.22065830650539867,-95.52451999999985,-98.47534780349451,4937.03903596614,4838.563688162645,0.6520605461184122,1.0,4838.009180593055,0.0,0.0,2022-06-12 00:00:00+00:00,2022-06-11 00:00:00+00:00,2022-06-12 00:01:00+00:00,97.85,0.05121703082545241,1532.19,2022-06-12 14:55:00+00:00,2022-06-12 21:00:00+00:00,2022-06-12 21:01:00+00:00,stop,-1.0378064705155736,2.087526174513509,"simulated minute opens; intrabar exits only known within minute, not actual exchange fills"
213,894.0,1287425.0,1287433.0,1.0,4.5280000000000005,1395.69,1375.71,1375.9909617363644,1516.0302944549967,3.1598421600000006,3.1146074400000003,0.0,-90.46944000000009,-96.74388960000033,4838.563688162645,4741.819798562645,1.306107499517028,1.0,4719.243866366645,0.0,0.0,2022-06-13 00:00:00+00:00,2022-06-12 00:00:00+00:00,2022-06-13 00:01:00+00:00,105.81,0.05538348524927052,1434.35,2022-06-13 01:05:00+00:00,2022-06-13 01:13:00+00:00,2022-06-13 01:14:00+00:00,stop,-1.084606248998514,6.108942621688508,"simulated minute opens; intrabar exits only known within minute, not actual exchange fills"
214,895.0,1288875.0,1288896.0,1.0,2.968,1177.3500000000001,1146.57,1146.804248796743,1297.3062311336666,1.7471874000000003,1.70150988,0.0,-91.3550400000006,-94.80373728000086,4741.819798562645,4647.016061282644,0.7369269496616523,1.0,4629.297019811044,0.0,0.0,2022-06-14 00:00:00+00:00,2022-06-13 00:00:00+00:00,2022-06-14 00:01:00+00:00,134.62,0.07046332845909457,1209.04,2022-06-14 01:15:00+00:00,2022-06-14 01:36:00+00:00,2022-06-14 01:37:00+00:00,stop,-1.0457087726359218,3.9271003792133055,"simulated minute opens; intrabar exits only known within minute, not actual exchange fills"
215,896.0,1291365.0,1291372.0,1.0,2.5140000000000002,1183.65,1147.8500000000001,1148.089194752735,1293.5714139957263,1.4878480500000004,1.4428474500000001,0.0,-90.0011999999999,-92.93189549999988,4647.016061282644,4554.084165782644,0.6403455595500277,1.0,4554.084165782644,0.0,0.0,2022-06-15 00:00:00+00:00,2022-06-14 00:00:00+00:00,2022-06-15 00:01:00+00:00,130.25,0.06817596591737533,1208.32,2022-06-15 18:45:00+00:00,2022-06-15 18:52:00+00:00,2022-06-15 18:53:00+00:00,stop,-1.0395082378749823,3.091083377651581,"simulated minute opens; intrabar exits only known within minute, not actual exchange fills"
216,897.0,1292000.0,1292064.0,1.0,4.437,1199.26,1179.93,1180.170922421489,1315.7848233097322,2.6605583100000003,2.617674705,0.0,-85.76720999999968,-91.04544301499936,4554.084165782644,4463.038722767645,1.1684273777767429,1.0,4456.322377077394,0.0,0.0,2022-06-16 00:00:00+00:00,2022-06-15 00:00:00+00:00,2022-06-16 00:01:00+00:00,118.75,0.06215659080758788,1236.49,2022-06-16 05:20:00+00:00,2022-06-16 06:24:00+00:00,2022-06-16 06:25:00+00:00,stop,-1.0749390543155002,6.104266842149916,"simulated minute opens; intrabar exits only known within minute, not actual exchange fills"
217,898.0,1293230.0,1294559.0,-1.0,2.778,1095.47,1086.03,1126.2470824245584,994.4961264919768,1.5216078300000002,1.50849567,0.6232062258432,26.22432000000015,22.571010274156833,4463.038722767645,4485.6097330418015,0.6818707721435193,3.0,4400.317774937645,0.0,0.0,2022-06-17 00:00:00+00:00,2022-06-16 00:00:00+00:00,2022-06-17 00:01:00+00:00,135.82,0.07109143716620282,1067.77,2022-06-17 01:50:00+00:00,2022-06-17 23:59:00+00:00,2022-06-17 23:59:00+00:00,scheduled_23_59_exit,0.2639923301864637,3.280813694915145,"simulated minute opens; intrabar exits only known within minute, not actual exchange fills"
218,900.0,1296120.0,1296151.0,1.0,4.203,962.01,941.63,941.8201404915604,1068.3232511344968,2.0216640150000003,1.9788354450000003,0.0,-85.65713999999998,-89.6576394599997,4485.6097330418015,4395.952093581802,0.9013998699476962,1.0,4395.952093581802,0.0,0.0,2022-06-19 00:00:00+00:00,2022-06-18 00:00:00+00:00,2022-06-19 00:01:00+00:00,137.59,0.07201789750918751,994.09,2022-06-19 02:00:00+00:00,2022-06-19 02:31:00+00:00,2022-06-19 02:32:00+00:00,stop,-1.0565610915263193,5.265675627413694,"simulated minute opens; intrabar exits only known within minute, not actual exchange fills"
219,901.0,1297505.0,1297541.0,1.0,4.2540000000000004,1091.1,1071.52,1071.743009096667,1207.329680887278,2.3207697,2.2791230400000004,0.0,-83.2933199999997,-87.8932127399994,4395.952093581802,4308.058880841802,1.055866693082657,1.0,4308.058880841802,0.0,0.0,2022-06-20 00:00:00+00:00,2022-06-19 00:00:00+00:00,2022-06-20 00:01:00+00:00,130.05,0.0680712811328573,1127.88,2022-06-20 01:05:00+00:00,2022-06-20 01:41:00+00:00,2022-06-20 01:42:00+00:00,stop,-1.0673823273038996,6.004532495144471,"simulated minute opens; intrabar exits only known within minute, not actual exchange fills"
220,902.0,1299270.0,1299717.0,-1.0,3.238,1156.63,1182.06,1181.822957648795,1059.6568982579533,1.8725839700000002,1.9137551400000001,-0.174627577458,-82.34233999999947,-85.9540515325416,4308.058880841802,4222.104829309261,0.8693400075507296,1.0,4215.45458929126,0.0,0.0,2022-06-21 00:00:00+00:00,2022-06-20 00:00:00+00:00,2022-06-21 00:01:00+00:00,119.12,0.062350257658946265,1127.83,2022-06-21 06:30:00+00:00,2022-06-21 13:57:00+00:00,2022-06-21 13:58:00+00:00,stop,-1.0536839175081822,3.8492146533134695,"simulated minute opens; intrabar exits only known within minute, not actual exchange fills"
221,903.0,1300570.0,1300700.0,1.0,4.081,1093.75,1074.15,1074.3678680501694,1197.407036418697,2.231796875,2.191803075,0.0,-79.98759999999963,-84.41119995000008,4222.104829309261,4137.693629359261,1.0571963346372542,1.0,4137.693629359261,0.0,0.0,2022-06-22 00:00:00+00:00,2022-06-21 00:00:00+00:00,2022-06-22 00:01:00+00:00,118.37,0.0619576897170036,1125.47,2022-06-22 04:10:00+00:00,2022-06-22 06:20:00+00:00,2022-06-22 06:21:00+00:00,stop,-1.0671658852358992,5.3480719606597695,"simulated minute opens; intrabar exits only known within minute, not actual exchange fills"
222,904.0,1301820.0,1302152.0,-1.0,3.559,1077.48,1099.63,1099.4094857312198,986.2412580297504,1.9173756600000003,1.9567915850000004,0.0,-78.83185000000033,-82.70601724500057,4137.693629359261,4054.98761211426,0.9267847413327767,1.0,4050.4722116179705,0.0,0.0,2022-06-23 00:00:00+00:00,2022-06-22 00:00:00+00:00,2022-06-23 00:01:00+00:00,118.59,0.062072842979973446,1049.4,2022-06-23 01:00:00+00:00,2022-06-23 06:32:00+00:00,2022-06-23 06:33:00+00:00,stop,-1.0596944809752997,4.160550917085951,"simulated minute opens; intrabar exits only known within minute, not actual exchange fills"
223,905.0,1303885.0,1303893.0,-1.0,3.358,1172.2,1195.16,1194.916334068925,1078.8319814909942,1.9681238,2.0066736400000003,0.0,-77.09968000000012,-81.07447744000001,4054.98761211426,3973.91313467426,0.970717540108008,1.0,3964.432068655161,0.0,0.0,2022-06-24 00:00:00+00:00,2022-06-23 00:00:00+00:00,2022-06-24 00:01:00+00:00,111.57,0.058398407043390145,1143.71,2022-06-24 11:25:00+00:00,2022-06-24 11:33:00+00:00,2022-06-24 11:34:00+00:00,stop,-1.0628334627737175,4.110171043695379,"simulated minute opens; intrabar exits only known within minute, not actual exchange fills"
224,906.0,1305400.0,1306079.0,1.0,3.19,1193.8700000000001,1240.99,1170.3815427017819,1300.372218107374,1.9042226500000001,1.9793790500000001,0.02423836761790046,150.31279999999964,146.4049599323821,3973.91313467426,4120.318094606642,0.9583614867596185,3.0,3927.1438734524418,0.0,0.0,2022-06-25 00:00:00+00:00,2022-06-24 00:00:00+00:00,2022-06-25 00:01:00+00:00,114.98,0.060183282619422775,1224.42,2022-06-25 12:40:00+00:00,2022-06-25 23:59:00+00:00,2022-06-25 23:59:00+00:00,scheduled_23_59_exit,1.9539372544964233,4.534236401956157,"simulated minute opens; intrabar exits only known within minute, not actual exchange fills"
225,907.0,1306815.0,1307519.0,-1.0,2.945,1270.58,1198.1000000000001,1297.0057663917503,1171.389787008558,1.8709290499999998,1.76420225,0.306909739952,213.45359999999937,209.5115589600473,4120.318094606642,4329.82965356669,0.9081478696749083,3.0,4109.818315556642,0.0,0.0,2022-06-26 00:00:00+00:00,2022-06-25 00:00:00+00:00,2022-06-26 00:01:00+00:00,111.21,0.05820997443125766,1241.6,2022-06-26 12:15:00+00:00,2022-06-26 23:59:00+00:00,2022-06-26 23:59:00+00:00,scheduled_23_59_exit,2.692124236313874,3.753541582143379,"simulated minute opens; intrabar exits only known within minute, not actual exchange fills"
226,908.0,1307975.0,1308959.0,-1.0,3.731,1228.95,1192.14,1250.6545238153847,1129.4863122040874,2.292606225,2.22393717,0.35761259614077034,137.3381099999998,132.46395400885922,4329.82965356669,4462.293607575549,1.0589821810248214,3.0,4294.252483805147,0.0,0.0,2022-06-27 00:00:00+00:00,2022-06-26 00:00:00+00:00,2022-06-27 00:01:00+00:00,111.25,0.05823091138816128,1197.21,2022-06-27 07:35:00+00:00,2022-06-27 23:59:00+00:00,2022-06-27 23:59:00+00:00,scheduled_23_59_exit,1.6357698656793909,4.582624739521385,"simulated minute opens; intrabar exits only known within minute, not actual exchange fills"
227,909.0,1309500.0,1310399.0,-1.0,3.956,1224.26,1144.13,1245.322566531259,1124.2177433960273,2.42158628,2.26308914,-0.3099742678032,316.99427999999955,312.6195788478026,4462.293607575549,4774.913186423351,1.0853549734553192,3.0,4412.382651923708,0.0,0.0,2022-06-28 00:00:00+00:00,2022-06-27 00:00:00+00:00,2022-06-28 00:01:00+00:00,111.69,0.05846121791410097,1191.9,2022-06-28 09:00:00+00:00,2022-06-28 23:59:00+00:00,2022-06-28 23:59:00+00:00,scheduled_23_59_exit,3.751877073476279,4.749765725629837,"simulated minute opens; intrabar exits only known within minute, not actual exchange fills"
228,910.0,1311095.0,1311222.0,1.0,3.813,1118.27,1094.34,1094.561486806324,1212.1718014050589,2.1319817550000004,2.08635921,0.0,-91.24509000000025,-95.46343096500004,4774.913186423351,4679.449755458351,0.8929928866819717,1.0,4679.449755458351,0.0,0.0,2022-06-29 00:00:00+00:00,2022-06-28 00:00:00+00:00,2022-06-29 00:01:00+00:00,111.42,0.05831989345500162,1143.5,2022-06-29 11:35:00+00:00,2022-06-29 13:42:00+00:00,2022-06-29 13:43:00+00:00,stop,-1.056004853424472,3.9606786236644367,"simulated minute opens; intrabar exits only known within minute, not actual exchange fills"
229,912.0,1313940.0,1314719.0,1.0,4.952,1039.21,1057.03,1021.557956046221,1140.2921862589928,2.57308396,2.61720628,-0.4728145820496,88.24463999999968,83.52716434204922,4679.449755458351,4762.9769198004005,1.0997378300722738,3.0,4649.334353108831,0.0,0.0,2022-07-01 00:00:00+00:00,2022-06-30 00:00:00+00:00,2022-07-01 00:01:00+00:00,120.04,0.06283180766772926,1070.85,2022-07-01 11:00:00+00:00,2022-07-01 23:59:00+00:00,2022-07-01 23:59:00+00:00,scheduled_23_59_exit,0.955547106270877,5.726372907504144,"simulated minute opens; intrabar exits only known within minute, not actual exchange fills"
230,915.0,1318330.0,1318505.0,-1.0,4.905,1105.19,1123.49,1123.2588346521816,1011.4455502331873,2.7104784750000004,2.7553592250000003,0.0,-89.76149999999978,-95.22733770000013,4762.9769198004005,4667.7495821004,1.1381447026258473,1.0,4654.395861845401,0.0,0.0,2022-07-04 00:00:00+00:00,2022-07-03 00:00:00+00:00,2022-07-04 00:01:00+00:00,114.47,0.05991633641890177,1073.9,2022-07-04 12:10:00+00:00,2022-07-04 15:05:00+00:00,2022-07-04 15:06:00+00:00,stop,-1.0744655299425223,5.188184604672035,"simulated minute opens; intrabar exits only known within minute, not actual exchange fills"
231,916.0,1320170.0,1320479.0,1.0,4.847,1120.68,1133.45,1102.7639981849204,1216.7111993572503,2.7159679800000003,2.7469160750000006,0.0,61.89618999999992,56.43330594500003,4667.7495821004,4724.1828880454,1.1637162329423274,3.0,4664.3368719267,0.0,0.0,2022-07-05 00:00:00+00:00,2022-07-04 00:00:00+00:00,2022-07-05 00:01:00+00:00,107.35,0.05618955809005944,1150.23,2022-07-05 18:50:00+00:00,2022-07-05 23:59:00+00:00,2022-07-05 23:59:00+00:00,scheduled_23_59_exit,0.6498623476472472,5.360079796175398,"simulated minute opens; intrabar exits only known within minute, not actual exchange fills"
232,917.0,1321615.0,1321806.0,-1.0,4.202,1160.1200000000001,1181.42,1181.1833230414857,1069.152199173451,2.4374121200000003,2.4821634200000005,0.0,-89.5025999999998,-94.42217553999944,4724.1828880454,4629.760712505401,1.0318872819965967,1.0,4612.575902441441,0.0,0.0,2022-07-06 00:00:00+00:00,2022-07-05 00:00:00+00:00,2022-07-06 00:01:00+00:00,108.79,0.056943288538589355,1131.8,2022-07-06 18:55:00+00:00,2022-07-06 22:06:00+00:00,2022-07-06 22:07:00+00:00,stop,-1.0668197964652713,4.318777272103851,"simulated minute opens; intrabar exits only known within minute, not actual exchange fills"
233,918.0,1322835.0,1322922.0,-1.0,4.722,1218.3,1236.68,1236.4246304622861,1122.768363426836,2.8764063,2.9198014800000007,-0.39693942386286396,-86.79036000000052,-92.18962835613729,4629.760712505401,4537.571084149264,1.2425723395295862,1.0,4537.571084149264,0.0,0.0,2022-07-07 00:00:00+00:00,2022-07-06 00:00:00+00:00,2022-07-07 00:01:00+00:00,105.27,0.055100836331071795,1186.37,2022-07-07 15:15:00+00:00,2022-07-07 16:42:00+00:00,2022-07-07 16:43:00+00:00,stop,-1.0771766257210915,5.27081844630966,"simulated minute opens; intrabar exits only known within minute, not actual exchange fills"
234,919.0,1323455.0,1324799.0,-1.0,3.758,1266.19,1213.26,1288.7886267616834,1170.994443440871,2.37917101,2.27971554,-0.721838416515582,198.91094000000024,194.97389186651617,4537.571084149264,4732.54497601578,1.048653989492735,3.0,4532.974693139264,0.0,0.0,2022-07-08 00:00:00+00:00,2022-07-07 00:00:00+00:00,2022-07-08 00:01:00+00:00,104.64,0.05477107925983996,1236.92,2022-07-08 01:35:00+00:00,2022-07-08 23:59:00+00:00,2022-07-08 23:59:00+00:00,scheduled_23_59_exit,2.2958189459855687,4.212448728103069,"simulated minute opens; intrabar exits only known within minute, not actual exchange fills"
235,921.0,1326460.0,1327052.0,1.0,5.1770000000000005,1188.0,1170.9,1171.143350297404,1279.6706076084756,3.0751380000000004,3.030874650000001,0.6154800728751381,-88.52669999999954,-95.2481927228755,4732.54497601578,4637.296783292904,1.2995705336492704,1.0,4637.296783292904,0.0,0.0,2022-07-10 00:00:00+00:00,2022-07-09 00:00:00+00:00,2022-07-10 00:01:00+00:00,96.75,0.05064126451060318,1216.48,2022-07-10 03:40:00+00:00,2022-07-10 13:32:00+00:00,2022-07-10 13:33:00+00:00,stop,-1.0914587254999162,5.438245987537931,"simulated minute opens; intrabar exits only known within minute, not actual exchange fills"
236,922.0,1328060.0,1328989.0,1.0,4.84,1140.63,1122.6100000000001,1122.8360845909078,1230.589753860845,2.7603246000000006,2.7167162000000005,0.55794529708578,-87.2167999999999,-93.25178609708564,4637.296783292904,4544.044997195819,1.1904886527620162,1.0,4528.465984045018,0.0,0.0,2022-07-11 00:00:00+00:00,2022-07-10 00:00:00+00:00,2022-07-11 00:01:00+00:00,100.04,0.05236332921592498,1167.81,2022-07-11 06:20:00+00:00,2022-07-11 21:49:00+00:00,2022-07-11 21:50:00+00:00,stop,-1.0827801251712355,5.0556469328204985,"simulated minute opens; intrabar exits only known within minute, not actual exchange fills"
237,923.0,1329580.0,1330272.0,1.0,5.204,1067.1100000000001,1050.71,1050.9260803847174,1158.9966192686882,2.7766202200000003,2.7339474200000002,-0.7173066977345106,-85.34560000000047,-90.13886094226564,4544.044997195819,4453.906136253553,1.2220918682422748,1.0,4453.906136253553,1.0,0.0,2022-07-12 00:00:00+00:00,2022-07-11 00:00:00+00:00,2022-07-12 00:01:00+00:00,106.86,0.05593308036799024,1095.95,2022-07-12 07:40:00+00:00,2022-07-12 19:12:00+00:00,2022-07-12 19:13:00+00:00,stop,-1.070264363944492,5.677649262538218,"simulated minute opens; intrabar exits only known within minute, not actual exchange fills"
238,924.0,1331035.0,1331267.0,-1.0,5.0440000000000005,1067.63,1084.21,1083.9863315385487,979.4409536141716,2.6925628600000007,2.73437762,1.0644879784887975,-83.62951999999964,-90.12094845848878,4453.906136253553,4363.785187795064,1.2090793014622783,1.0,4363.785187795064,0.0,0.0,2022-07-13 00:00:00+00:00,2022-07-12 00:00:00+00:00,2022-07-13 00:01:00+00:00,110.72,0.057953496709188465,1037.88,2022-07-13 07:55:00+00:00,2022-07-13 11:47:00+00:00,2022-07-13 11:48:00+00:00,stop,-1.0923574395467848,5.391737516324158,"simulated minute opens; intrabar exits only known within minute, not actual exchange fills"
239,925.0,1332555.0,1333048.0,1.0,5.352,1084.8700000000001,1175.92,1069.8647436058275,1176.1600666957459,2.9031121200000007,3.1467619200000003,-0.3062569533072,487.29959999999977,481.55598291330807,4363.785187795064,4845.341170708372,1.3305476759578474,2.0,4293.630603947864,0.0,0.0,2022-07-14 00:00:00+00:00,2022-07-13 00:00:00+00:00,2022-07-14 00:01:00+00:00,103.41,0.054127267835054005,1114.19,2022-07-14 09:15:00+00:00,2022-07-14 17:28:00+00:00,2022-07-14 17:29:00+00:00,target,5.996353913255559,6.083872497586819,"simulated minute opens; intrabar exits only known within minute, not actual exchange fills"
240,926.0,1334005.0,1334562.0,-1.0,4.998,1223.15,1241.3,1241.0479672270328,1131.8393080154997,3.05665185,3.1020087,0.027668044982563818,-90.71369999999932,-96.90002859498145,4845.341170708372,4748.441142113391,1.2616869451746482,1.0,4735.205745890391,0.0,0.0,2022-07-15 00:00:00+00:00,2022-07-14 00:00:00+00:00,2022-07-15 00:01:00+00:00,100.56,0.052635509655671896,1193.01,2022-07-15 09:25:00+00:00,2022-07-15 18:42:00+00:00,2022-07-15 18:43:00+00:00,stop,-1.083238145281814,5.101735343809693,"simulated minute opens; intrabar exits only known within minute, not actual exchange fills"
241,927.0,1335310.0,1335846.0,1.0,4.986,1200.29,1297.21,1182.682551417249,1297.4742165841906,2.9923229699999996,3.23394453,0.6520977984417728,483.2431200000003,476.3647547015589,4748.441142113391,5224.80589681495,1.2603390798977894,2.0,4704.639825566272,0.0,0.0,2022-07-16 00:00:00+00:00,2022-07-15 00:00:00+00:00,2022-07-16 00:01:00+00:00,101.13,0.052933861291548305,1230.58,2022-07-16 07:10:00+00:00,2022-07-16 16:06:00+00:00,2022-07-16 16:07:00+00:00,target,5.426139045141379,5.51949455524161,"simulated minute opens; intrabar exits only known within minute, not actual exchange fills"
242,930.0,1339310.0,1339442.0,1.0,3.719,1535.98,1509.41,1509.7191731167861,1679.120779581103,2.85615481,2.806747895,0.0,-98.81382999999975,-104.47673270499945,5224.80589681495,5120.32916410995,1.0933056141821906,1.0,5112.2825590946395,0.0,0.0,2022-07-19 00:00:00+00:00,2022-07-18 00:00:00+00:00,2022-07-19 00:01:00+00:00,116.1,0.060769517412723816,1580.12,2022-07-19 01:50:00+00:00,2022-07-19 04:02:00+00:00,2022-07-19 04:03:00+00:00,stop,-1.0697566807371515,5.450733909395658,"simulated minute opens; intrabar exits only known within minute, not actual exchange fills"
243,931.0,1341275.0,1341310.0,-1.0,3.313,1582.0900000000001,1611.39,1611.0652535213194,1453.1543458306987,2.6207320850000007,2.6692675350000004,0.0,-97.07089999999985,-102.36089962000005,5120.32916410995,5017.96826448995,1.0236576598901346,1.0,5017.722922196492,0.0,0.0,2022-07-20 00:00:00+00:00,2022-07-19 00:00:00+00:00,2022-07-20 00:01:00+00:00,112.62,0.058948002162109873,1541.39,2022-07-20 10:35:00+00:00,2022-07-20 11:10:00+00:00,2022-07-20 11:11:00+00:00,stop,-1.066314742587739,4.4498542204103195,"simulated minute opens; intrabar exits only known within minute, not actual exchange fills"
244,932.0,1342340.0,1343519.0,1.0,3.648,1481.1200000000001,1573.97,1455.3794821882718,1613.9608620962144,2.7015628800000004,2.87092128,1.0937815373450879,338.7167999999997,332.05053430265434,5017.96826448995,5350.018798792605,1.0767556658808801,3.0,4979.22446160995,0.0,0.0,2022-07-21 00:00:00+00:00,2022-07-20 00:00:00+00:00,2022-07-21 00:01:00+00:00,112.91,0.05909979509966103,1521.34,2022-07-21 04:20:00+00:00,2022-07-21 23:59:00+00:00,2022-07-21 23:59:00+00:00,scheduled_23_59_exit,3.5361613624278254,5.1607688340942115,"simulated minute opens; intrabar exits only known within minute, not actual exchange fills"
245,933.0,1344325.0,1344959.0,-1.0,3.416,1615.06,1535.15,1644.4123016864667,1487.8457458414723,2.75852248,2.6220362,-0.5010205175446552,272.9725599999995,268.09302183754517,5350.018798792605,5618.11182063015,1.031219733516654,3.0,5303.3988363126045,0.0,0.0,2022-07-22 00:00:00+00:00,2022-07-21 00:00:00+00:00,2022-07-22 00:01:00+00:00,109.23,0.05717359506452905,1575.39,2022-07-22 13:25:00+00:00,2022-07-22 23:59:00+00:00,2022-07-22 23:59:00+00:00,scheduled_23_59_exit,2.6737788609592474,4.334046969038258,"simulated minute opens; intrabar exits only known within minute, not actual exchange fills"
246,934.0,1345305.0,1346399.0,-1.0,3.923,1577.66,1548.57,1604.3737579621359,1446.111660308195,3.0945800900000004,3.037520055,-1.002494249849492,114.12007000000057,108.9904641048497,5618.11182063015,5727.102284735,1.101644178258061,3.0,5558.83988054015,0.0,0.0,2022-07-23 00:00:00+00:00,2022-07-22 00:00:00+00:00,2022-07-23 00:01:00+00:00,113.38,0.05934580434327843,1534.53,2022-07-23 05:45:00+00:00,2022-07-23 23:59:00+00:00,2022-07-23 23:59:00+00:00,scheduled_23_59_exit,1.0400044726010846,4.924366683199807,"simulated minute opens; intrabar exits only known within minute, not actual exchange fills"
247,935.0,1346735.0,1346775.0,-1.0,3.8770000000000002,1590.8500000000001,1618.78,1618.4482362290385,1458.837861481919,3.0838627250000004,3.1380050300000004,0.0,-108.28460999999938,-114.50647775499874,5727.102284735,5612.595806980001,1.076936493074244,1.0,5612.595806980001,0.0,0.0,2022-07-24 00:00:00+00:00,2022-07-23 00:00:00+00:00,2022-07-24 00:01:00+00:00,113.35,0.05933010162560073,1548.01,2022-07-24 05:35:00+00:00,2022-07-24 06:15:00+00:00,2022-07-24 06:16:00+00:00,stop,-1.0701703817189492,4.783354176060738,"simulated minute opens; intrabar exits only known within minute, not actual exchange fills"
248,936.0,1347935.0,1347982.0,1.0,4.195,1552.0,1526.79,1527.0982674545965,1697.1125040701245,3.25532,3.2024420250000003,0.0,-105.75595000000015,-112.21371202499995,5612.595806980001,5500.382094955001,1.1600051427012015,1.0,5483.229360856951,0.0,0.0,2022-07-25 00:00:00+00:00,2022-07-24 00:00:00+00:00,2022-07-25 00:01:00+00:00,115.24,0.060319372839296226,1597.77,2022-07-25 01:35:00+00:00,2022-07-25 02:22:00+00:00,2022-07-25 02:23:00+00:00,stop,-1.0741981487122465,5.827405936737116,"simulated minute opens; intrabar exits only known within minute, not actual exchange fills"
249,937.0,1350035.0,1350071.0,1.0,4.43,1400.48,1377.05,1377.3268471351612,1529.0132388369932,3.1020632,3.0501657499999997,0.0,-103.79490000000027,-109.94712895000066,5500.382094955001,5390.434966005,1.1279446214637487,1.0,5390.434966005,0.0,0.0,2022-07-26 00:00:00+00:00,2022-07-25 00:00:00+00:00,2022-07-26 00:01:00+00:00,114.06,0.05970173261063978,1440.4,2022-07-26 12:35:00+00:00,2022-07-26 13:11:00+00:00,2022-07-26 13:12:00+00:00,stop,-1.0719388907802174,5.551435676485691,"simulated minute opens; intrabar exits only known within minute, not actual exchange fills"
250,938.0,1351560.0,1351698.0,-1.0,4.263,1490.19,1513.97,1513.664654536524,1365.4506891987526,3.1763399850000003,3.227027055,-0.21106083071290907,-101.37413999999988,-107.56644620928637,5390.434966005,5282.868519795714,1.178509713977339,1.0,5282.868519795714,0.0,0.0,2022-07-27 00:00:00+00:00,2022-07-26 00:00:00+00:00,2022-07-27 00:01:00+00:00,112.5,0.05888519129139905,1448.27,2022-07-27 14:00:00+00:00,2022-07-27 16:18:00+00:00,2022-07-27 16:19:00+00:00,stop,-1.0748856828093665,5.313786859234363,"simulated minute opens; intrabar exits only known within minute, not actual exchange fills"
251,940.0,1354310.0,1355039.0,1.0,3.835,1676.13,1726.3,1650.5831830499328,1826.5486636931557,3.2139792750000002,3.31018025,0.660127490125155,192.4019499999994,185.21766298487364,5282.868519795714,5468.0861827805875,1.2167553528757076,3.0,5207.057990520713,0.0,0.0,2022-07-29 00:00:00+00:00,2022-07-28 00:00:00+00:00,2022-07-29 00:01:00+00:00,110.59,0.05788545159925174,1723.82,2022-07-29 11:50:00+00:00,2022-07-29 23:59:00+00:00,2022-07-29 23:59:00+00:00,scheduled_23_59_exit,1.8905154706046252,5.887961071125121,"simulated minute opens; intrabar exits only known within minute, not actual exchange fills"
252,942.0,1357580.0,1357919.0,-1.0,3.354,1740.46,1680.33,1770.9398851933724,1602.4879366880234,2.91875142,2.81791341,0.0,201.67602000000036,195.93935517000045,5468.0861827805875,5664.025537950588,1.0675586749862747,3.0,5428.151823973908,0.0,0.0,2022-07-31 00:00:00+00:00,2022-07-30 00:00:00+00:00,2022-07-31 00:01:00+00:00,109.12,0.05711601843304412,1696.68,2022-07-31 18:20:00+00:00,2022-07-31 23:59:00+00:00,2022-07-31 23:59:00+00:00,scheduled_23_59_exit,1.916660926685609,4.526659547325902,"simulated minute opens; intrabar exits only known within minute, not actual exchange fills"
253,943.0,1358990.0,1359359.0,1.0,3.9610000000000003,1631.01,1631.46,1604.364101671646,1780.5486627879218,3.230215305,3.2311065300000004,0.0,1.7824500000001802,-4.678871834998972,5664.025537950588,5659.346666115589,1.140607606147478,3.0,5563.752034473929,0.0,0.0,2022-08-01 00:00:00+00:00,2022-07-31 00:00:00+00:00,2022-08-01 00:01:00+00:00,113.75,0.05953947119463681,1677.63,2022-08-01 17:50:00+00:00,2022-08-01 23:59:00+00:00,2022-08-01 23:59:00+00:00,scheduled_23_59_exit,-0.0443308379189748,5.612070606334087,"simulated minute opens; intrabar exits only known within minute, not actual exchange fills"
254,944.0,1359540.0,1359955.0,1.0,3.58,1588.48,1558.45,1558.765456879129,1728.7070084304771,2.8433792,2.7896255,0.09218697019428942,-107.5073999999999,-113.23259167019387,5659.346666115589,5546.114074445395,1.0048436216230638,1.0,5546.114074445395,0.0,0.0,2022-08-02 00:00:00+00:00,2022-08-01 00:00:00+00:00,2022-08-02 00:01:00+00:00,112.97,0.05913120053501644,1629.45,2022-08-02 03:00:00+00:00,2022-08-02 09:55:00+00:00,2022-08-02 09:56:00+00:00,stop,-1.0644355331890554,4.719137287760755,"simulated minute opens; intrabar exits only known within minute, not actual exchange fills"
255,945.0,1361550.0,1362239.0,-1.0,3.0540000000000003,1666.88,1619.28,1701.1632106234802,1539.6586631781759,2.5453257600000003,2.4726405600000003,0.15404480660580003,145.37040000000042,140.19838887339392,5546.114074445395,5686.312463318789,0.9178771752020012,3.0,5531.901123878789,0.0,0.0,2022-08-03 00:00:00+00:00,2022-08-02 00:00:00+00:00,2022-08-03 00:01:00+00:00,108.9,0.05700086517007427,1629.97,2022-08-03 12:30:00+00:00,2022-08-03 23:59:00+00:00,2022-08-03 23:59:00+00:00,scheduled_23_59_exit,1.3390367711319098,3.7108933063198086,"simulated minute opens; intrabar exits only known within minute, not actual exchange fills"
256,947.0,1363810.0,1364044.0,-1.0,4.269,1652.52,1677.49,1677.14846255538,1518.4522666047073,3.5273039400000004,3.580602405,0.0,-106.59693000000011,-113.70483634500033,5686.312463318789,5572.607626973789,1.2406296568308195,1.0,5572.607626973789,0.0,0.0,2022-08-05 00:00:00+00:00,2022-08-04 00:00:00+00:00,2022-08-05 00:01:00+00:00,108.52,0.056801964079489994,1607.2,2022-08-05 02:10:00+00:00,2022-08-05 06:04:00+00:00,2022-08-05 06:05:00+00:00,stop,-1.081472501180616,5.443609526734563,"simulated minute opens; intrabar exits only known within minute, not actual exchange fills"
257,948.0,1366150.0,1366559.0,1.0,3.536,1694.79,1687.99,1665.2943039564198,1837.7541798931106,2.99638872,2.9843663200000003,0.0,-24.04479999999984,-30.025555039999745,5572.607626973789,5542.582071933789,1.0753991382763808,3.0,5541.9937875077085,0.0,0.0,2022-08-06 00:00:00+00:00,2022-08-05 00:00:00+00:00,2022-08-06 00:01:00+00:00,107.58,0.056309945592255196,1737.13,2022-08-06 17:10:00+00:00,2022-08-06 23:59:00+00:00,2022-08-06 23:59:00+00:00,scheduled_23_59_exit,-0.2878857304283922,4.846950540915514,"simulated minute opens; intrabar exits only known within minute, not actual exchange fills"
258,953.0,1372445.0,1373062.0,-1.0,2.801,1894.48,1932.13,1931.7417145237355,1753.5109206156746,2.6532192400000003,2.7059480650000007,-0.23103547040520997,-105.45765000000026,-110.58578183459485,5542.582071933789,5431.996290099194,0.9573946603101181,1.0,5431.996290099194,0.0,0.0,2022-08-11 00:00:00+00:00,2022-08-10 00:00:00+00:00,2022-08-11 00:01:00+00:00,105.68,0.05531544013933379,1853.24,2022-08-11 02:05:00+00:00,2022-08-11 12:22:00+00:00,2022-08-11 12:23:00+00:00,stop,-1.059554620470787,3.7832150556177173,"simulated minute opens; intrabar exits only known within minute, not actual exchange fills"
259,954.0,1374950.0,1375161.0,-1.0,2.868,1921.1100000000001,1957.03,1956.6366362226267,1781.0289738587312,2.75487174,2.80638102,0.0,-103.01855999999955,-108.5798127600001,5431.996290099194,5323.416477339194,1.0143128208762797,1.0,5323.416477339194,0.0,0.0,2022-08-12 00:00:00+00:00,2022-08-11 00:00:00+00:00,2022-08-12 00:01:00+00:00,102.66,0.05373469989311134,1879.35,2022-08-12 19:50:00+00:00,2022-08-12 23:21:00+00:00,2022-08-12 23:22:00+00:00,stop,-1.065653099346566,3.942985912413866,"simulated minute opens; intrabar exits only known within minute, not actual exchange fills"
260,955.0,1375585.0,1376639.0,-1.0,3.273,2006.45,1983.14,2036.536806652419,1856.647018621235,3.283555425,3.2454086100000006,-0.4447709980605751,76.29362999999982,70.2094369630604,5323.416477339194,5393.625914302254,1.2336271035630941,3.0,5289.399451914195,0.0,0.0,2022-08-13 00:00:00+00:00,2022-08-12 00:00:00+00:00,2022-08-13 00:01:00+00:00,100.96,0.05284487922470797,1957.4,2022-08-13 06:25:00+00:00,2022-08-13 23:59:00+00:00,2022-08-13 23:59:00+00:00,scheduled_23_59_exit,0.7129735027375828,4.979025627723797,"simulated minute opens; intrabar exits only known within minute, not actual exchange fills"
261,956.0,1377675.0,1378079.0,1.0,3.02,1936.63,1933.6000000000001,1903.2317718573818,2094.089400128513,2.9243113000000003,2.9197360000000003,0.0,-9.150599999999917,-14.994647299999997,5393.625914302254,5378.631267002254,1.0843582207826525,3.0,5302.045796707254,0.0,0.0,2022-08-14 00:00:00+00:00,2022-08-13 00:00:00+00:00,2022-08-14 00:01:00+00:00,104.33,0.05460881784383699,1982.8,2022-08-14 17:15:00+00:00,2022-08-14 23:59:00+00:00,2022-08-14 23:59:00+00:00,scheduled_23_59_exit,-0.14866402429487527,4.714603405190354,"simulated minute opens; intrabar exits only known within minute, not actual exchange fills"
262,957.0,1378305.0,1379519.0,-1.0,2.809,1980.5900000000001,1898.47,2016.472190703434,1830.4740991511035,2.7817386550000007,2.666401115,0.04840987610029951,230.67508000000035,225.1785303539,5378.631267002254,5603.809797356154,1.0343667438464823,3.0,5346.006271109535,0.0,0.0,2022-08-15 00:00:00+00:00,2022-08-14 00:00:00+00:00,2022-08-15 00:01:00+00:00,105.65,0.05529973742165608,1934.55,2022-08-15 03:45:00+00:00,2022-08-15 23:59:00+00:00,2022-08-15 23:59:00+00:00,scheduled_23_59_exit,2.2340675020539407,4.18357680804953,"simulated minute opens; intrabar exits only known within minute, not actual exchange fills"
263,959.0,1381410.0,1382399.0,-1.0,2.551,1912.23,1833.96,1953.8170139472868,1776.5574361627587,2.4390493650000002,2.3392159800000005,-0.5077600121015671,199.66676999999996,195.3962646671016,5603.809797356154,5799.206062023256,0.8704968416846446,3.0,5598.167288261895,0.0,0.0,2022-08-17 00:00:00+00:00,2022-08-16 00:00:00+00:00,2022-08-17 00:01:00+00:00,103.83,0.05434710588254189,1875.78,2022-08-17 07:30:00+00:00,2022-08-17 23:59:00+00:00,2022-08-17 23:59:00+00:00,scheduled_23_59_exit,1.8418237148303176,3.2623781070026285,"simulated minute opens; intrabar exits only known within minute, not actual exchange fills"
264,962.0,1386465.0,1386534.0,1.0,3.859,1564.08,1535.5900000000001,1535.8983156815777,1710.1474542508367,3.01789236,2.9629209050000003,0.0,-109.94290999999916,-115.92372326499844,5799.206062023256,5683.2823387582575,1.0407950080487751,1.0,5660.885306923296,0.0,0.0,2022-08-20 00:00:00+00:00,2022-08-19 00:00:00+00:00,2022-08-20 00:01:00+00:00,117.32,0.06140809459828388,1608.29,2022-08-20 19:45:00+00:00,2022-08-20 20:54:00+00:00,2022-08-20 20:55:00+00:00,stop,-1.0659346922129402,5.183063318729799,"simulated minute opens; intrabar exits only known within minute, not actual exchange fills"
265,963.0,1387365.0,1388003.0,-1.0,4.122,1619.95,1645.89,1645.5527872967966,1485.4584389871593,3.3387169500000002,3.39217929,0.3913129649142,-106.92468000000022,-114.0468892049148,5683.2823387582575,5569.235449553343,1.1749255979175857,1.0,5569.235449553343,0.0,0.0,2022-08-21 00:00:00+00:00,2022-08-20 00:00:00+00:00,2022-08-21 00:01:00+00:00,111.74,0.05848738911023048,1574.93,2022-08-21 10:45:00+00:00,2022-08-21 21:23:00+00:00,2022-08-21 21:24:00+00:00,stop,-1.0806578389440413,5.253004661319369,"simulated minute opens; intrabar exits only known within minute, not actual exchange fills"
266,964.0,1388615.0,1388643.0,1.0,3.979,1572.39,1545.96,1546.2774152805391,1716.7749226408123,3.1282699050000002,3.0756874200000004,0.42643046851899996,-105.16497000000025,-111.79535779351954,5569.235449553343,5457.440091759823,1.1234109002343904,1.0,5455.331484453403,0.0,0.0,2022-08-22 00:00:00+00:00,2022-08-21 00:00:00+00:00,2022-08-22 00:01:00+00:00,114.19,0.059769777720576504,1617.17,2022-08-22 07:35:00+00:00,2022-08-22 08:03:00+00:00,2022-08-22 08:04:00+00:00,stop,-1.0759695205530808,5.5293232819348646,"simulated minute opens; intrabar exits only known within minute, not actual exchange fills"
267,965.0,1389945.0,1391039.0,1.0,4.102,1577.55,1661.82,1552.8271288509561,1724.0468286371452,3.23555505,3.40839282,-0.7447837008290805,345.67553999999996,339.77637583083015,5457.440091759823,5797.216467590653,1.185740931864871,3.0,5397.233935798544,0.0,0.0,2022-08-23 00:00:00+00:00,2022-08-22 00:00:00+00:00,2022-08-23 00:01:00+00:00,114.19,0.059769777720576504,1624.02,2022-08-23 05:45:00+00:00,2022-08-23 23:59:00+00:00,2022-08-23 23:59:00+00:00,scheduled_23_59_exit,3.350415107252008,5.925558878415745,"simulated minute opens; intrabar exits only known within minute, not actual exchange fills"
268,966.0,1391155.0,1392479.0,1.0,4.174,1618.83,1655.15,1592.992465560305,1764.094407372343,3.37849821,3.4542980500000002,-0.11920144303340001,151.5996800000007,144.88608518303408,5797.216467590653,5942.102552773687,1.1655587569957062,3.0,5737.375515803174,0.0,0.0,2022-08-24 00:00:00+00:00,2022-08-23 00:00:00+00:00,2022-08-24 00:01:00+00:00,111.38,0.058298956498098,1664.19,2022-08-24 01:55:00+00:00,2022-08-24 23:59:00+00:00,2022-08-24 23:59:00+00:00,scheduled_23_59_exit,1.343455125918351,5.622224044302348,"simulated minute opens; intrabar exits only known within minute, not actual exchange fills"
269,967.0,1392880.0,1393919.0,-1.0,3.8930000000000002,1700.82,1694.44,1729.276120945416,1562.4669566597577,3.3106461300000003,3.2982274600000006,-0.05382569675030004,24.837339999999543,18.282292106749082,5942.102552773687,5960.3848448804365,1.1143012429008443,3.0,5858.07642995534,0.0,0.0,2022-08-25 00:00:00+00:00,2022-08-24 00:00:00+00:00,2022-08-25 00:01:00+00:00,110.74,0.057963965187640264,1655.71,2022-08-25 06:40:00+00:00,2022-08-25 23:59:00+00:00,2022-08-25 23:59:00+00:00,scheduled_23_59_exit,0.16503290403171314,4.861978328164535,"simulated minute opens; intrabar exits only known within minute, not actual exchange fills"
270,968.0,1394355.0,1394588.0,1.0,4.258,1647.44,1621.08,1621.4129279480476,1796.2584045075778,3.50739976,3.45127932,0.17596306353,-112.24088000000054,-119.37552214353036,5960.3848448804365,5841.009322736906,1.1769037910404785,1.0,5841.009322736906,0.0,0.0,2022-08-26 00:00:00+00:00,2022-08-25 00:00:00+00:00,2022-08-26 00:01:00+00:00,111.8,0.05851879454558589,1694.16,2022-08-26 07:15:00+00:00,2022-08-26 11:08:00+00:00,2022-08-26 11:09:00+00:00,stop,-1.0771701568673737,5.717831195553701,"simulated minute opens; intrabar exits only known within minute, not actual exchange fills"
271,969.0,1396310.0,1396799.0,1.0,4.729,1465.31,1489.1100000000001,1442.362458594783,1598.2805799314099,3.464725495,3.5210005950000003,-1.889697836798651,112.55020000000086,107.45417174680006,5841.009322736906,5948.463494483706,1.186344791991033,3.0,5756.187871145946,0.0,0.0,2022-08-27 00:00:00+00:00,2022-08-26 00:00:00+00:00,2022-08-27 00:01:00+00:00,112.06,0.05865488476545935,1507.23,2022-08-27 15:50:00+00:00,2022-08-27 23:59:00+00:00,2022-08-27 23:59:00+00:00,scheduled_23_59_exit,0.9901883328175336,5.7945458113948565,"simulated minute opens; intrabar exits only known within minute, not actual exchange fills"
272,972.0,1400140.0,1401119.0,-1.0,3.858,1592.06,1522.69,1620.9492621490872,1461.6812298261077,3.07108374,2.93726901,0.749545417619929,267.6294599999996,260.8715618323786,5948.463494483706,6209.335056316085,1.0325637008104571,3.0,5898.262622179098,0.0,0.0,2022-08-30 00:00:00+00:00,2022-08-29 00:00:00+00:00,2022-08-30 00:01:00+00:00,112.91,0.05909979509966103,1550.67,2022-08-30 07:40:00+00:00,2022-08-30 23:59:00+00:00,2022-08-30 23:59:00+00:00,scheduled_23_59_exit,2.340604659107746,4.513052964144726,"simulated minute opens; intrabar exits only known within minute, not actual exchange fills"
273,973.0,1401630.0,1401760.0,-1.0,4.7170000000000005,1569.0,1593.74,1593.4149565656255,1434.9846246451139,3.7004865000000007,3.7588357900000005,0.0,-116.69858000000005,-124.15790228999958,6209.335056316085,6085.177154026085,1.1919107171502674,1.0,6085.177154026085,0.0,0.0,2022-08-31 00:00:00+00:00,2022-08-30 00:00:00+00:00,2022-08-31 00:01:00+00:00,114.33,0.059843057069739136,1523.48,2022-08-31 08:30:00+00:00,2022-08-31 10:40:00+00:00,2022-08-31 10:41:00+00:00,stop,-1.0780838347694823,5.489068759744183,"simulated minute opens; intrabar exits only known within minute, not actual exchange fills"
274,975.0,1404765.0,1405439.0,-1.0,2.997,1619.96,1576.1200000000001,1658.5745035878015,1492.8311172140363,2.42751006,2.3618158200000003,0.09019246956015953,131.38847999999976,126.50896165044014,6085.177154026085,6211.686115676525,0.7978436776960246,3.0,6000.571903966085,0.0,0.0,2022-09-02 00:00:00+00:00,2022-09-01 00:00:00+00:00,2022-09-02 00:01:00+00:00,114.94,0.060162345662519164,1585.4,2022-09-02 12:45:00+00:00,2022-09-02 23:59:00+00:00,2022-09-02 23:59:00+00:00,scheduled_23_59_exit,1.0931609065813361,3.292257337891157,"simulated minute opens; intrabar exits only known within minute, not actual exchange fills"
275,979.0,1409820.0,1411199.0,-1.0,4.307,1661.29,1557.14,1688.1064157018866,1526.652346712896,3.5775880150000003,3.3533009900000006,1.1183452040193036,448.57404999999943,440.52481579098,6211.686115676525,6652.210931467505,1.1518895025848739,3.0,6103.446686021348,0.0,0.0,2022-09-06 00:00:00+00:00,2022-09-05 00:00:00+00:00,2022-09-06 00:01:00+00:00,109.75,0.05744577550427595,1616.92,2022-09-06 01:00:00+00:00,2022-09-06 23:59:00+00:00,2022-09-06 23:59:00+00:00,scheduled_23_59_exit,3.814123727623606,5.020717712010701,"simulated minute opens; intrabar exits only known within minute, not actual exchange fills"
276,980.0,1411510.0,1412449.0,1.0,5.1610000000000005,1515.13,1652.03,1491.1675416865035,1652.361449856041,3.9097929650000007,4.263063415,-3.6152780920569745,706.5408999999994,701.9833217120567,6652.210931467505,7354.194253179562,1.1754867683179384,2.0,6570.212708689732,0.0,0.0,2022-09-07 00:00:00+00:00,2022-09-06 00:00:00+00:00,2022-09-07 00:01:00+00:00,112.06,0.05865488476545935,1558.23,2022-09-07 05:10:00+00:00,2022-09-07 20:49:00+00:00,2022-09-07 20:50:00+00:00,target,5.676250648157595,5.726935361166445,"simulated minute opens; intrabar exits only known within minute, not actual exchange fills"
277,983.0,1416835.0,1416959.0,-1.0,3.612,1756.89,1774.93,1795.4603655705332,1618.7489864427812,3.1729433400000002,3.20552358,0.0,-65.16047999999986,-71.53894691999903,7354.194253179562,7282.655306259563,0.8628935355163316,3.0,7236.701509839563,0.0,0.0,2022-09-10 00:00:00+00:00,2022-09-09 00:00:00+00:00,2022-09-10 00:01:00+00:00,113.11,0.059204479884179075,1717.48,2022-09-10 21:55:00+00:00,2022-09-10 23:59:00+00:00,2022-09-10 23:59:00+00:00,scheduled_23_59_exit,-0.5135007072665912,3.5815323892795954,"simulated minute opens; intrabar exits only known within minute, not actual exchange fills"
278,985.0,1419390.0,1419839.0,1.0,4.921,1714.3500000000001,1714.75,1686.8019302131618,1874.9568539944075,4.218158175000001,4.2191423750000006,0.0,1.9683999999993287,-6.468900550000399,7282.655306259563,7276.186405709563,1.1584121443656474,3.0,7213.730330434542,0.0,0.0,2022-09-12 00:00:00+00:00,2022-09-11 00:00:00+00:00,2022-09-12 00:01:00+00:00,115.45,0.06042929186304018,1765.01,2022-09-12 16:30:00+00:00,2022-09-12 23:59:00+00:00,2022-09-12 23:59:00+00:00,scheduled_23_59_exit,-0.047718406776656744,5.830058339373762,"simulated minute opens; intrabar exits only known within minute, not actual exchange fills"
279,988.0,1422910.0,1423588.0,1.0,4.542,1592.72,1562.26,1562.5818747104418,1737.7717989528321,3.6170671199999997,3.54789246,-16.165317452183956,-138.34932000000015,-129.34896212781587,7276.186405709563,7146.837443581747,0.9942205760868681,1.0,7145.809948481047,0.0,0.0,2022-09-15 00:00:00+00:00,2022-09-14 00:00:00+00:00,2022-09-15 00:01:00+00:00,116.01,0.060722409259690704,1635.39,2022-09-15 03:10:00+00:00,2022-09-15 14:28:00+00:00,2022-09-15 14:29:00+00:00,stop,-0.9449298849914404,4.812900522484956,"simulated minute opens; intrabar exits only known within minute, not actual exchange fills"
280,989.0,1425010.0,1425148.0,1.0,5.244,1439.0,1413.17,1413.461732367515,1553.6670645810418,3.7730580000000002,3.70533174,0.7612662360000001,-135.45251999999962,-143.6921759759989,7146.837443581747,7003.145267605748,1.0558678659715182,1.0,7003.145267605748,0.0,0.0,2022-09-16 00:00:00+00:00,2022-09-15 00:00:00+00:00,2022-09-16 00:01:00+00:00,103.25,0.05404352000743957,1471.93,2022-09-16 14:10:00+00:00,2022-09-16 16:28:00+00:00,2022-09-16 16:29:00+00:00,stop,-1.072948815257344,4.490009511654726,"simulated minute opens; intrabar exits only known within minute, not actual exchange fills"
281,990.0,1426635.0,1427039.0,-1.0,5.261,1466.7,1469.3500000000001,1491.5331430118122,1359.7966510243014,3.8581543500000004,3.8651251750000006,0.0,-13.941650000000479,-21.664929525000844,7003.145267605748,6981.480338080747,1.1018347335579504,3.0,6956.673013255748,0.0,0.0,2022-09-17 00:00:00+00:00,2022-09-16 00:00:00+00:00,2022-09-17 00:01:00+00:00,100.95,0.05283964498548208,1433.58,2022-09-17 17:15:00+00:00,2022-09-17 23:59:00+00:00,2022-09-17 23:59:00+00:00,scheduled_23_59_exit,-0.1658277809635849,4.304865836952216,"simulated minute opens; intrabar exits only known within minute, not actual exchange fills"
282,991.0,1427665.0,1427927.0,1.0,4.578,1442.71,1413.65,1413.933578310491,1543.219988182268,3.3023631900000003,3.2358448500000003,0.0,-133.03667999999976,-139.57488803999968,6981.480338080747,6841.905450040747,0.9460352332404738,1.0,6841.905450040747,0.0,0.0,2022-09-18 00:00:00+00:00,2022-09-17 00:00:00+00:00,2022-09-18 00:01:00+00:00,95.52,0.04999745308581721,1467.96,2022-09-18 10:25:00+00:00,2022-09-18 14:47:00+00:00,2022-09-18 14:48:00+00:00,stop,-1.0594847520987944,3.492789661853978,"simulated minute opens; intrabar exits only known within minute, not actual exchange fills"
283,992.0,1428650.0,1428838.0,1.0,5.767,1302.82,1280.39,1280.653500789233,1407.7883607918434,3.75668147,3.692004565000001,0.0,-129.35380999999907,-136.80249603499942,6841.905450040747,6705.102954005748,1.0981389606831315,1.0,6705.102954005748,0.0,0.0,2022-09-19 00:00:00+00:00,2022-09-18 00:00:00+00:00,2022-09-19 00:01:00+00:00,103.33,0.054085393921246776,1333.67,2022-09-19 02:50:00+00:00,2022-09-19 05:58:00+00:00,2022-09-19 05:59:00+00:00,stop,-1.0701556783706119,4.735450546059039,"simulated minute opens; intrabar exits only known within minute, not actual exchange fills"
284,993.0,1430750.0,1431232.0,1.0,6.285,1344.6000000000001,1324.6000000000001,1324.874629440364,1444.9187698156243,4.225405500000001,4.162555500000001,0.023973605789549008,-125.7,-134.11193460578943,6705.102954005748,6570.9910193999585,1.260355144129642,1.0,6570.9910193999585,0.0,0.0,2022-09-20 00:00:00+00:00,2022-09-19 00:00:00+00:00,2022-09-20 00:01:00+00:00,94.69,0.04956301123006734,1375.05,2022-09-20 13:50:00+00:00,2022-09-20 21:52:00+00:00,2022-09-20 21:53:00+00:00,stop,-1.081775085121103,5.085773649337971,"simulated minute opens; intrabar exits only known within minute, not actual exchange fills"
285,994.0,1432120.0,1432414.0,-1.0,6.236,1355.57,1375.27,1374.9912197301214,1254.6853181951578,4.226667259999999,4.28809186,0.6408422706048,-122.84920000000028,-132.00480139060437,6570.9910193999585,6438.986218009354,1.2864626500086025,1.0,6438.986218009354,0.0,0.0,2022-09-21 00:00:00+00:00,2022-09-20 00:00:00+00:00,2022-09-21 00:01:00+00:00,99.96,0.052321455302117764,1322.08,2022-09-21 12:40:00+00:00,2022-09-21 17:34:00+00:00,2022-09-21 17:35:00+00:00,stop,-1.0899513651024177,5.194559518235315,"simulated minute opens; intrabar exits only known within minute, not actual exchange fills"
286,995.0,1433275.0,1433321.0,-1.0,6.574,1277.65,1295.95,1295.6817236629875,1178.7034044670968,4.19963555,4.259787650000001,1.968470427818168,-120.3041999999997,-130.73209362781745,6438.986218009354,6308.254124381537,1.3044399872308903,1.0,6308.254124381537,0.0,0.0,2022-09-22 00:00:00+00:00,2022-09-21 00:00:00+00:00,2022-09-22 00:01:00+00:00,103.3,0.054069691203569074,1244.19,2022-09-22 07:55:00+00:00,2022-09-22 08:41:00+00:00,2022-09-22 08:42:00+00:00,stop,-1.1028470184035535,5.487362017198891,"simulated minute opens; intrabar exits only known within minute, not actual exchange fills"
287,996.0,1434900.0,1435077.0,1.0,5.985,1294.21,1274.42,1274.67937944885,1396.9919893772715,3.8729234250000006,3.8137018500000006,0.0,-118.44314999999979,-126.12977527500061,6308.254124381537,6182.124349106536,1.2278907439797229,1.0,6176.130602208586,0.0,0.0,2022-09-23 00:00:00+00:00,2022-09-22 00:00:00+00:00,2022-09-23 00:01:00+00:00,100.03,0.05235809497669908,1325.73,2022-09-23 11:00:00+00:00,2022-09-23 13:57:00+00:00,2022-09-23 13:58:00+00:00,stop,-1.0790397030553793,5.2626074582776035,"simulated minute opens; intrabar exits only known within minute, not actual exchange fills"
288,998.0,1438150.0,1438559.0,1.0,5.279,1289.26,1292.56,1267.3810542641672,1384.2050256855052,3.40300177,3.41171212,0.0,17.42069999999976,10.60598611000023,6182.124349106536,6192.730335216536,1.100916635716593,3.0,6078.945145712876,0.0,0.0,2022-09-25 00:00:00+00:00,2022-09-24 00:00:00+00:00,2022-09-25 00:01:00+00:00,96.26,0.050384786788533975,1316.19,2022-09-25 17:10:00+00:00,2022-09-25 23:59:00+00:00,2022-09-25 23:59:00+00:00,scheduled_23_59_exit,0.09182755075394741,4.339561276483574,"simulated minute opens; intrabar exits only known within minute, not actual exchange fills"
289,999.0,1439405.0,1439999.0,-1.0,5.347,1323.51,1336.91,1345.0587160397956,1228.9017315185768,3.5384039850000004,3.5742288850000006,0.09766163949406412,-71.6498000000005,-78.86009450949405,6192.730335216536,6113.870240707042,1.142760557448454,3.0,6101.994051302922,0.0,0.0,2022-09-26 00:00:00+00:00,2022-09-25 00:00:00+00:00,2022-09-26 00:01:00+00:00,98.6,0.05160959876739507,1293.99,2022-09-26 14:05:00+00:00,2022-09-26 23:59:00+00:00,2022-09-26 23:59:00+00:00,scheduled_23_59_exit,-0.6844247576856067,4.390436456014504,"simulated minute opens; intrabar exits only known within minute, not actual exchange fills"
290,1000.0,1440105.0,1440206.0,-1.0,5.8660000000000005,1368.97,1388.43,1388.1487007504843,1267.8407727880121,4.01518901,4.07226519,0.0,-114.15236000000023,-122.23981420000018,6113.870240707042,5991.630426507042,1.313468834607017,1.0,5991.630426507042,0.0,0.0,2022-09-27 00:00:00+00:00,2022-09-26 00:00:00+00:00,2022-09-27 00:01:00+00:00,98.97,0.05180326561875345,1335.25,2022-09-27 01:45:00+00:00,2022-09-27 03:26:00+00:00,2022-09-27 03:27:00+00:00,stop,-1.0865543120523347,5.2729967753125475,"simulated minute opens; intrabar exits only known within minute, not actual exchange fills"
291,1001.0,1442065.0,1442879.0,1.0,4.976,1299.3,1337.06,1276.7746557973687,1397.5206400013708,3.2326584,3.32660528,-0.501658239,187.89375999999996,181.83615455899962,5991.630426507042,6173.466581066042,1.079058009218553,3.0,5931.182947881602,0.0,0.0,2022-09-28 00:00:00+00:00,2022-09-27 00:00:00+00:00,2022-09-28 00:01:00+00:00,98.65,0.051635769963524585,1327.19,2022-09-28 10:25:00+00:00,2022-09-28 23:59:00+00:00,2022-09-28 23:59:00+00:00,scheduled_23_59_exit,1.622289774299267,4.360450127545553,"simulated minute opens; intrabar exits only known within minute, not actual exchange fills"
292,1002.0,1443765.0,1444319.0,1.0,4.2010000000000005,1312.56,1334.64,1284.740372017638,1408.5988900658208,2.7570322800000002,2.803411320000001,0.1197640325026939,92.75808000000066,87.07787236749755,6173.466581066042,6260.544453433539,0.8931877232334228,3.0,6157.564575633532,0.0,0.0,2022-09-29 00:00:00+00:00,2022-09-28 00:00:00+00:00,2022-09-29 00:01:00+00:00,100.48,0.05259363574186468,1336.43,2022-09-29 14:45:00+00:00,2022-09-29 23:59:00+00:00,2022-09-29 23:59:00+00:00,scheduled_23_59_exit,0.7450815501571775,3.452198934029997,"simulated minute opens; intrabar exits only known within minute, not actual exchange fills"
293,1003.0,1445240.0,1445759.0,-1.0,4.805,1363.78,1327.94,1388.171242809696,1266.816576267082,3.27648145,3.19037585,-0.6489681049999999,172.2111999999996,166.3933108049996,6260.544453433539,6426.937764238539,1.046708149545378,3.0,6236.174021983539,0.0,0.0,2022-09-30 00:00:00+00:00,2022-09-29 00:00:00+00:00,2022-09-30 00:01:00+00:00,99.87,0.052274347149084646,1334.8,2022-09-30 15:20:00+00:00,2022-09-30 23:59:00+00:00,2022-09-30 23:59:00+00:00,scheduled_23_59_exit,1.4197390953048992,3.9753375623145035,"simulated minute opens; intrabar exits only known within minute, not actual exchange fills"
294,1006.0,1449435.0,1449550.0,-1.0,6.775,1308.09,1325.74,1325.4687226145784,1212.812956156085,4.431154875,4.490944250000001,0.0,-119.57875000000062,-128.50084912500097,6426.937764238539,6298.436915113538,1.378931938521736,1.0,6296.538858213538,0.0,0.0,2022-10-03 00:00:00+00:00,2022-10-02 00:00:00+00:00,2022-10-03 00:01:00+00:00,96.97,0.05075641777357302,1275.96,2022-10-03 13:15:00+00:00,2022-10-03 15:10:00+00:00,2022-10-03 15:11:00+00:00,stop,-1.0913871761834435,5.482396258744013,"simulated minute opens; intrabar exits only known within minute, not actual exchange fills"
295,1007.0,1450580.0,1451329.0,-1.0,6.774,1352.57,1369.8,1369.519324119915,1262.5095197821017,4.581154590000001,4.6395126,-0.32775597640500004,-116.71602000000013,-125.6089312135955,6298.436915113538,6172.827983899942,1.4546957131561327,1.0,6172.827983899942,0.0,0.0,2022-10-04 00:00:00+00:00,2022-10-03 00:00:00+00:00,2022-10-04 00:01:00+00:00,88.82,0.04649051280446278,1322.59,2022-10-04 08:20:00+00:00,2022-10-04 20:49:00+00:00,2022-10-04 20:50:00+00:00,stop,-1.0940141601701268,5.313514543749837,"simulated minute opens; intrabar exits only known within minute, not actual exchange fills"
296,1008.0,1452460.0,1452959.0,1.0,6.945,1330.04,1351.56,1313.8594211476973,1425.8353357453814,4.6185639,4.6932921,-0.2786401442895,149.4563999999999,140.42318414428973,6172.827983899942,6313.251168044232,1.4964174968251842,3.0,6138.811686841643,0.0,0.0,2022-10-05 00:00:00+00:00,2022-10-04 00:00:00+00:00,2022-10-05 00:01:00+00:00,89.29,0.04673652204808019,1360.73,2022-10-05 15:40:00+00:00,2022-10-05 23:59:00+00:00,2022-10-05 23:59:00+00:00,scheduled_23_59_exit,1.2496043037559552,5.920389908161327,"simulated minute opens; intrabar exits only known within minute, not actual exchange fills"
297,1010.0,1455395.0,1455839.0,1.0,6.817,1324.22,1330.56,1307.2854412403433,1412.7876307469703,4.51360387,4.5352137599999995,0.0,43.219779999999446,34.17096236999896,6313.251168044232,6347.422130414231,1.4298825596695717,3.0,6263.3359596954315,0.0,0.0,2022-10-07 00:00:00+00:00,2022-10-06 00:00:00+00:00,2022-10-07 00:01:00+00:00,84.73,0.04434970896106881,1351.5,2022-10-07 16:35:00+00:00,2022-10-07 23:59:00+00:00,2022-10-07 23:59:00+00:00,scheduled_23_59_exit,0.2959988548353209,5.229993411931421,"simulated minute opens; intrabar exits only known within minute, not actual exchange fills"
298,1013.0,1460065.0,1460159.0,1.0,7.481,1295.92,1289.05,1280.506282586173,1380.909613923196,4.84738876,4.821691525,0.0,-51.39447000000089,-61.06355028500093,6347.422130414231,6286.35858012923,1.527356668709116,3.0,6282.4374887144195,0.0,0.0,2022-10-10 00:00:00+00:00,2022-10-09 00:00:00+00:00,2022-10-10 00:01:00+00:00,82.41,0.04313536546065951,1322.61,2022-10-10 22:25:00+00:00,2022-10-10 23:59:00+00:00,2022-10-10 23:59:00+00:00,scheduled_23_59_exit,-0.5295597928036412,5.513894646008958,"simulated minute opens; intrabar exits only known within minute, not actual exchange fills"
299,1016.0,1464045.0,1464479.0,1.0,6.518,1269.29,1287.03,1251.5237673100896,1352.9347079287072,4.13661611,4.19443077,0.0,115.62932000000005,107.29827311999998,6286.35858012923,6393.65685324923,1.3160611369117803,3.0,6247.110950620709,0.0,0.0,2022-10-13 00:00:00+00:00,2022-10-12 00:00:00+00:00,2022-10-13 00:01:00+00:00,85.06,0.04452243885552358,1294.02,2022-10-13 16:45:00+00:00,2022-10-13 23:59:00+00:00,2022-10-13 23:59:00+00:00,scheduled_23_59_exit,0.9265802315731729,4.708072295834001,"simulated minute opens; intrabar exits only known within minute, not actual exchange fills"
300,1017.0,1465345.0,1465919.0,-1.0,7.577,1314.02,1296.1000000000001,1329.2976924874313,1231.3040759948883,4.97816477,4.91027485,-0.992458191,135.77983999999884,126.88385857099911,6393.65685324923,6520.540711820229,1.5572198772194406,3.0,6315.99774242525,0.0,0.0,2022-10-14 00:00:00+00:00,2022-10-13 00:00:00+00:00,2022-10-14 00:01:00+00:00,83.6,0.043758239928541866,1286.38,2022-10-14 14:25:00+00:00,2022-10-14 23:59:00+00:00,2022-10-14 23:59:00+00:00,scheduled_23_59_exit,1.0961028973306326,5.4141634329373165,"simulated minute opens; intrabar exits only known within minute, not actual exchange fills"
301,1019.0,1468675.0,1468729.0,-1.0,5.575,1292.78,1314.8600000000001,1314.5937777624454,1222.1090693643446,3.6036242499999998,3.665172250000001,0.0,-123.09600000000087,-130.36479650000092,6520.540711820229,6390.175915320228,1.1053145465275491,1.0,6390.175915320228,0.0,0.0,2022-10-16 00:00:00+00:00,2022-10-15 00:00:00+00:00,2022-10-16 00:01:00+00:00,79.64,0.04168548119508462,1274.13,2022-10-16 21:55:00+00:00,2022-10-16 22:49:00+00:00,2022-10-16 22:50:00+00:00,stop,-1.071974797518005,3.2397382702469115,"simulated minute opens; intrabar exits only known within minute, not actual exchange fills"
302,1020.0,1469635.0,1470239.0,-1.0,7.945,1332.59,1330.88,1347.0549497860382,1252.1030029308913,5.2937137750000005,5.286920800000001,-0.59218519899,13.585949999998483,3.597500623988708,6390.175915320228,6393.773415944217,1.6568288088309127,3.0,6345.229979747368,0.0,0.0,2022-10-17 00:00:00+00:00,2022-10-16 00:00:00+00:00,2022-10-17 00:01:00+00:00,79.8,0.04176922902269905,1305.51,2022-10-17 13:55:00+00:00,2022-10-17 23:59:00+00:00,2022-10-17 23:59:00+00:00,scheduled_23_59_exit,0.0313032944253209,5.564277668408899,"simulated minute opens; intrabar exits only known within minute, not actual exchange fills"
303,1021.0,1471145.0,1471364.0,1.0,6.575,1310.4,1292.26,1292.5215124477597,1383.1705573944848,4.30794,4.24830475,0.704582786,-119.27050000000067,-128.5313275360004,6393.773415944217,6265.242088408217,1.3475422789482177,1.0,6265.242088408217,0.0,0.0,2022-10-18 00:00:00+00:00,2022-10-17 00:00:00+00:00,2022-10-18 00:01:00+00:00,74.0,0.03873337027167582,1330.62,2022-10-18 15:05:00+00:00,2022-10-18 18:44:00+00:00,2022-10-18 18:45:00+00:00,stop,-1.0934085348595626,4.070285989340627,"simulated minute opens; intrabar exits only known within minute, not actual exchange fills"
304,1022.0,1473050.0,1473119.0,1.0,7.684,1285.78,1284.58,1271.0160644783261,1363.674816133583,4.939966760000001,4.93535636,0.0,-9.22080000000035,-19.09612312000081,6265.242088408217,6246.145965288216,1.5769436169560933,3.0,6218.012584036376,0.0,0.0,2022-10-19 00:00:00+00:00,2022-10-18 00:00:00+00:00,2022-10-19 00:01:00+00:00,76.82,0.04020942573338021,1309.93,2022-10-19 22:50:00+00:00,2022-10-19 23:59:00+00:00,2022-10-19 23:59:00+00:00,scheduled_23_59_exit,-0.1683277467821367,5.276019799682231,"simulated minute opens; intrabar exits only known within minute, not actual exchange fills"
305,1027.0,1479305.0,1479737.0,1.0,6.247,1343.34,1324.68,1324.9530333074767,1416.5005928905625,4.19592249,4.137637980000001,0.834749128,-116.56901999999909,-125.73732959799963,6246.145965288216,6120.408635690216,1.343523674700544,1.0,6120.408635690216,0.0,0.0,2022-10-24 00:00:00+00:00,2022-10-23 00:00:00+00:00,2022-10-24 00:01:00+00:00,72.94,0.038178540913730186,1363.44,2022-10-24 07:05:00+00:00,2022-10-24 14:17:00+00:00,2022-10-24 14:18:00+00:00,stop,-1.0946685408520693,3.9789375873679282,"simulated minute opens; intrabar exits only known within minute, not actual exchange fills"
306,1028.0,1481140.0,1481150.0,-1.0,7.0120000000000005,1367.7,1383.77,1383.492479697493,1290.2196877355925,4.7951562,4.85149762,0.0,-112.68283999999956,-122.3294938199997,6120.408635690216,5998.0791418702165,1.5669398843854276,1.0,5998.0791418702165,0.0,0.0,2022-10-25 00:00:00+00:00,2022-10-24 00:00:00+00:00,2022-10-25 00:01:00+00:00,76.2,0.03988490290137429,1342.72,2022-10-25 13:40:00+00:00,2022-10-25 13:50:00+00:00,2022-10-25 13:51:00+00:00,stop,-1.1046862389045442,4.906152405990244,"simulated minute opens; intrabar exits only known within minute, not actual exchange fills"
307,1029.0,1481905.0,1482189.0,-1.0,5.551,1485.67,1505.78,1505.470303013017,1399.7108366160583,4.123477085,4.17929239,0.0,-111.63060999999945,-119.93337947499913,5998.0791418702165,5878.145762395217,1.3749325367235117,1.0,5878.145762395217,0.0,0.0,2022-10-26 00:00:00+00:00,2022-10-25 00:00:00+00:00,2022-10-26 00:01:00+00:00,79.52,0.04162267032437379,1459.2,2022-10-26 02:25:00+00:00,2022-10-26 07:09:00+00:00,2022-10-26 07:10:00+00:00,stop,-1.0911815332217916,4.341305450094954,"simulated minute opens; intrabar exits only known within minute, not actual exchange fills"
308,1030.0,1484435.0,1484561.0,1.0,4.936,1534.07,1511.78,1512.0916191618483,1639.5348801032853,3.7860847599999996,3.73107304,0.0,-110.02343999999982,-117.54059779999989,5878.145762395217,5760.6051645952175,1.2881901582710165,1.0,5756.789712658977,0.0,0.0,2022-10-27 00:00:00+00:00,2022-10-26 00:00:00+00:00,2022-10-27 00:01:00+00:00,88.34,0.04623926932161949,1565.45,2022-10-27 20:35:00+00:00,2022-10-27 22:41:00+00:00,2022-10-27 22:42:00+00:00,stop,-1.0834703964481207,4.7985736929360945,"simulated minute opens; intrabar exits only known within minute, not actual exchange fills"
309,1031.0,1485395.0,1486079.0,1.0,2.71,1506.41,1553.53,1465.6972714278522,1580.1580198350985,2.0411855500000002,2.1050331499999997,0.07788507018739843,127.6951999999997,123.47109622981316,5760.6051645952175,5884.076260825031,0.7086705273762427,3.0,5742.341732895317,0.0,0.0,2022-10-28 00:00:00+00:00,2022-10-27 00:00:00+00:00,2022-10-28 00:01:00+00:00,82.09,0.04296786980543065,1513.7,2022-10-28 12:35:00+00:00,2022-10-28 23:59:00+00:00,2022-10-28 23:59:00+00:00,scheduled_23_59_exit,1.1190920314014863,1.811424152139742,"simulated minute opens; intrabar exits only known within minute, not actual exchange fills"
310,1032.0,1486290.0,1486406.0,-1.0,6.224,1585.48,1602.79,1602.4619588073792,1491.1858711432403,4.93401376,4.987882480000001,0.0,-107.73743999999967,-117.6593362399999,5884.076260825031,5766.416924585031,1.6770733557107846,1.0,5766.416924585031,0.0,0.0,2022-10-29 00:00:00+00:00,2022-10-28 00:00:00+00:00,2022-10-29 00:01:00+00:00,78.57,0.04112541759791309,1553.79,2022-10-29 03:30:00+00:00,2022-10-29 05:26:00+00:00,2022-10-29 05:27:00+00:00,stop,-1.1131893095739651,5.552606146694092,"simulated minute opens; intrabar exits only known within minute, not actual exchange fills"
311,1033.0,1488335.0,1488959.0,1.0,4.133,1592.54,1589.3700000000001,1566.542493547194,1691.247119259332,3.29098391,3.284433105,0.6558171203950051,-13.101609999999361,-20.332844135395135,5766.416924585031,5746.084080449636,1.1414311358476146,3.0,5696.577889051755,0.0,0.0,2022-10-30 00:00:00+00:00,2022-10-29 00:00:00+00:00,2022-10-30 00:01:00+00:00,83.62,0.04376870840699368,1618.82,2022-10-30 13:35:00+00:00,2022-10-30 23:59:00+00:00,2022-10-30 23:59:00+00:00,scheduled_23_59_exit,-0.189234811342995,3.796791797648672,"simulated minute opens; intrabar exits only known within minute, not actual exchange fills"
312,1034.0,1489570.0,1490399.0,-1.0,5.221,1624.49,1572.81,1644.5275744918554,1519.853174443489,4.240731145,4.105820505,0.023582914502400004,269.82128000000034,261.4511454354988,5746.084080449636,6007.535225885134,1.4760421482270267,3.0,5687.830107794236,0.0,0.0,2022-10-31 00:00:00+00:00,2022-10-30 00:00:00+00:00,2022-10-31 00:01:00+00:00,86.07,0.04505109701733969,1589.89,2022-10-31 10:10:00+00:00,2022-10-31 23:59:00+00:00,2022-10-31 23:59:00+00:00,scheduled_23_59_exit,2.4991464453921237,5.222030520662194,"simulated minute opens; intrabar exits only known within minute, not actual exchange fills"
313,1035.0,1491045.0,1491839.0,-1.0,5.344,1606.3400000000001,1580.17,1626.8695423481756,1501.730744994108,4.292140480000001,4.2222142400000005,-0.11107933069760001,139.85248000000038,131.44920461069887,6007.535225885134,6138.984430495833,1.4289189554831476,3.0,5992.394765405136,0.0,0.0,2022-11-01 00:00:00+00:00,2022-10-31 00:00:00+00:00,2022-11-01 00:01:00+00:00,87.38,0.04573678235593287,1572.01,2022-11-01 10:45:00+00:00,2022-11-01 23:59:00+00:00,2022-11-01 23:59:00+00:00,scheduled_23_59_exit,1.1981529050055169,5.095547344979619,"simulated minute opens; intrabar exits only known within minute, not actual exchange fills"
314,1036.0,1492450.0,1492920.0,1.0,5.62,1545.3500000000001,1525.04,1525.354915705221,1650.7376572172564,4.3424335,4.2853624,0.5089424897328051,-114.14220000000097,-123.27893838973341,6138.984430495833,6015.7054921061,1.4147074484921836,1.0,6015.7054921061,0.0,0.0,2022-11-02 00:00:00+00:00,2022-11-01 00:00:00+00:00,2022-11-02 00:01:00+00:00,86.24,0.04514007908418003,1577.88,2022-11-02 10:10:00+00:00,2022-11-02 18:00:00+00:00,2022-11-02 18:01:00+00:00,stop,-1.0970573486205208,5.2706783159085475,"simulated minute opens; intrabar exits only known within minute, not actual exchange fills"
315,1037.0,1493500.0,1494719.0,-1.0,5.796,1546.69,1530.9,1565.5680056763526,1455.1600733265773,4.48230762,4.4365482,0.6688930015116611,91.5188399999998,81.9310911784878,6015.7054921061,6097.636583284588,1.4902018145275737,3.0,5948.062501962981,0.0,0.0,2022-11-03 00:00:00+00:00,2022-11-02 00:00:00+00:00,2022-11-03 00:01:00+00:00,79.84,0.04179016597960267,1517.26,2022-11-03 03:40:00+00:00,2022-11-03 23:59:00+00:00,2022-11-03 23:59:00+00:00,scheduled_23_59_exit,0.7487972655825601,4.8484955584093905,"simulated minute opens; intrabar exits only known within minute, not actual exchange fills"
316,1040.0,1498945.0,1498993.0,1.0,5.441,1597.6200000000001,1576.8,1577.122155203387,1693.8022460764794,4.34632521,4.2896844000000005,0.0,-113.28162000000088,-121.91762961000131,6097.636583284588,5975.718953674586,1.4255769922118853,1.0,5955.071886616207,0.0,0.0,2022-11-06 00:00:00+00:00,2022-11-05 00:00:00+00:00,2022-11-06 00:01:00+00:00,77.92,0.04078519204822945,1626.11,2022-11-06 22:25:00+00:00,2022-11-06 23:13:00+00:00,2022-11-06 23:14:00+00:00,stop,-1.093149559006443,4.692310193136556,"simulated minute opens; intrabar exits only known within minute, not actual exchange fills"
317,1041.0,1500225.0,1500479.0,-1.0,5.915,1599.5900000000001,1566.82,1617.8521098774524,1502.6141346514821,4.730787425000001,4.63387015,0.0,193.83455000000123,184.4698924250015,5975.718953674586,6160.188846099588,1.5833366534384776,3.0,5930.0126203291875,0.0,0.0,2022-11-07 00:00:00+00:00,2022-11-06 00:00:00+00:00,2022-11-07 00:01:00+00:00,80.67,0.04222460783535254,1567.42,2022-11-07 19:45:00+00:00,2022-11-07 23:59:00+00:00,2022-11-07 23:59:00+00:00,scheduled_23_59_exit,1.7077323052636806,5.310222422232346,"simulated minute opens; intrabar exits only known within minute, not actual exchange fills"
318,1042.0,1500665.0,1500715.0,1.0,4.564,1538.68,1513.22,1513.526504036391,1642.5193870110897,3.5112677600000004,3.45316804,0.0,-116.19944000000017,-123.16387579999991,6160.188846099588,6037.024970299588,1.1399870516057993,1.0,6037.024970299588,0.0,0.0,2022-11-08 00:00:00+00:00,2022-11-07 00:00:00+00:00,2022-11-08 00:01:00+00:00,89.29,0.04673652204808019,1567.52,2022-11-08 03:05:00+00:00,2022-11-08 03:55:00+00:00,2022-11-08 03:56:00+00:00,stop,-1.072850868882883,4.128228822002324,"simulated minute opens; intrabar exits only known within minute, not actual exchange fills"
319,1043.0,1502120.0,1502376.0,1.0,5.322,1300.76,1279.3700000000001,1279.6304463916151,1408.6236170056534,3.46132236,3.4044035700000004,0.0,-113.83757999999932,-120.70330592999926,6037.024970299588,5916.321664369589,1.1466980431681837,1.0,5916.321664369589,0.0,0.0,2022-11-09 00:00:00+00:00,2022-11-08 00:00:00+00:00,2022-11-09 00:01:00+00:00,104.85,0.05488099828358391,1333.4,2022-11-09 03:20:00+00:00,2022-11-09 07:36:00+00:00,2022-11-09 07:37:00+00:00,stop,-1.0733811712425247,5.104869653415193,"simulated minute opens; intrabar exits only known within minute, not actual exchange fills"
320,1044.0,1503440.0,1503548.0,-1.0,4.1,1142.65,1170.34,1170.1030150593297,1016.2233567189311,2.3424325,2.3991969999999996,0.0,-113.52899999999929,-118.2706294999989,5916.321664369589,5798.05103486959,0.7918543422366798,1.0,5787.88952398059,0.0,0.0,2022-11-10 00:00:00+00:00,2022-11-09 00:00:00+00:00,2022-11-10 00:01:00+00:00,153.93,0.08057064440431161,1101.49,2022-11-10 01:20:00+00:00,2022-11-10 03:08:00+00:00,2022-11-10 03:09:00+00:00,stop,-1.0507587213156249,4.60520066768056,"simulated minute opens; intrabar exits only known within minute, not actual exchange fills"
321,1045.0,1504925.0,1504987.0,1.0,3.321,1269.45,1235.8,1236.048163485405,1385.982325671255,2.107921725,2.0520459,0.0,-111.75165000000031,-115.91161762499996,5798.05103486959,5682.13941724459,0.7271138913137944,1.0,5660.76625197469,0.0,0.0,2022-11-11 00:00:00+00:00,2022-11-10 00:00:00+00:00,2022-11-11 00:01:00+00:00,124.99,0.06542275608455081,1298.21,2022-11-11 02:05:00+00:00,2022-11-11 03:07:00+00:00,2022-11-11 03:08:00+00:00,stop,-1.0449313164187588,3.4887999532701057,"simulated minute opens; intrabar exits only known within minute, not actual exchange fills"
322,1046.0,1506560.0,1507679.0,1.0,4.8100000000000005,1249.24,1255.63,1227.1098095702043,1375.5060807837845,3.0044222000000005,3.019790150000001,0.9080082608220001,30.735900000000484,23.803679389178797,5682.13941724459,5705.943096633769,1.0574968262418731,3.0,5629.2094628633895,0.0,0.0,2022-11-12 00:00:00+00:00,2022-11-11 00:00:00+00:00,2022-11-12 00:01:00+00:00,124.63,0.06523432347241834,1288.64,2022-11-12 05:20:00+00:00,2022-11-12 23:59:00+00:00,2022-11-12 23:59:00+00:00,scheduled_23_59_exit,0.22362165881488333,5.705602994440669,"simulated minute opens; intrabar exits only known within minute, not actual exchange fills"
323,1047.0,1508235.0,1509119.0,1.0,4.668,1219.39,1220.6100000000001,1196.4004747030597,1342.1521712957,2.8460562600000006,2.8489037400000004,-0.1004542315882722,5.694960000000128,0.10045423158862832,5705.943096633769,5706.043550865357,0.9975761103117331,3.0,5619.317997633476,0.0,0.0,2022-11-13 00:00:00+00:00,2022-11-12 00:00:00+00:00,2022-11-13 00:01:00+00:00,125.5,0.06568970228507182,1256.82,2022-11-13 09:15:00+00:00,2022-11-13 23:59:00+00:00,2022-11-13 23:59:00+00:00,scheduled_23_59_exit,0.0009360679695936938,5.339917623790077,"simulated minute opens; intrabar exits only known within minute, not actual exchange fills"
324,1048.0,1509260.0,1510559.0,1.0,4.397,1181.7,1241.41,1157.1583315863568,1311.0831351626468,2.59796745,2.7292398850000006,0.4113667078489004,262.5448700000002,256.80629595715163,5706.043550865357,5962.849846822509,0.9106020403948729,3.0,5675.648156621527,0.0,0.0,2022-11-14 00:00:00+00:00,2022-11-13 00:00:00+00:00,2022-11-14 00:01:00+00:00,136.34,0.07136361760594974,1220.78,2022-11-14 02:20:00+00:00,2022-11-14 23:59:00+00:00,2022-11-14 23:59:00+00:00,scheduled_23_59_exit,2.379825519343924,5.271977967509324,"simulated minute opens; intrabar exits only known within minute, not actual exchange fills"
325,1050.0,1512735.0,1512947.0,1.0,5.993,1218.07,1199.39,1199.6312242485023,1327.3999944513364,3.649946755,3.5939721350000005,0.0,-111.94923999999902,-119.19315888999881,5962.849846822509,5843.65668793251,1.2242289672764401,1.0,5808.768263137259,0.0,0.0,2022-11-16 00:00:00+00:00,2022-11-15 00:00:00+00:00,2022-11-16 00:01:00+00:00,110.49,0.057833109206992715,1252.81,2022-11-16 12:15:00+00:00,2022-11-16 15:47:00+00:00,2022-11-16 15:48:00+00:00,stop,-1.078636145264929,5.929352139469278,"simulated minute opens; intrabar exits only known within minute, not actual exchange fills"
326,1054.0,1518445.0,1518452.0,1.0,6.788,1188.99,1172.96,1173.2003753977579,1277.7331100067158,4.03543206,3.9810262400000003,0.0,-108.81163999999981,-116.82809829999951,5843.65668793251,5726.828589632511,1.381132491350288,1.0,5723.3459022403495,0.0,0.0,2022-11-20 00:00:00+00:00,2022-11-19 00:00:00+00:00,2022-11-20 00:01:00+00:00,93.18,0.048772641106956116,1216.91,2022-11-20 11:25:00+00:00,2022-11-20 11:32:00+00:00,2022-11-20 11:33:00+00:00,stop,-1.09001799811985,5.62034324705314,"simulated minute opens; intrabar exits only known within minute, not actual exchange fills"
327,1055.0,1519775.0,1520285.0,1.0,6.063,1111.38,1093.6000000000001,1093.8213743699228,1208.4928052187383,3.3691484700000003,3.3152484000000007,0.3196451783640716,-107.80013999999983,-114.80418204836405,5726.828589632511,5612.0244075841465,1.17661928142892,1.0,5612.0244075841465,0.0,0.0,2022-11-21 00:00:00+00:00,2022-11-20 00:00:00+00:00,2022-11-21 00:01:00+00:00,108.84,0.05696945973471886,1141.57,2022-11-21 09:35:00+00:00,2022-11-21 18:05:00+00:00,2022-11-21 18:06:00+00:00,stop,-1.0783993593066818,5.530774860441647,"simulated minute opens; intrabar exits only known within minute, not actual exchange fills"
328,1056.0,1521245.0,1522079.0,1.0,4.877,1083.71,1136.3700000000001,1061.9910120563025,1169.8698698716453,2.642626835,2.771038245,0.3524442628224,256.8228200000004,251.05671065717888,5612.0244075841465,5863.081118241325,0.9417731082668591,3.0,5583.7525790905165,0.0,0.0,2022-11-22 00:00:00+00:00,2022-11-21 00:00:00+00:00,2022-11-22 00:01:00+00:00,105.62,0.05528403470397838,1106.95,2022-11-22 10:05:00+00:00,2022-11-22 23:59:00+00:00,2022-11-22 23:59:00+00:00,scheduled_23_59_exit,2.370169987765846,3.9670296836573877,"simulated minute opens; intrabar exits only known within minute, not actual exchange fills"
329,1057.0,1522325.0,1523223.0,-1.0,5.532,1166.21,1186.23,1185.9828436455782,1079.4818423630568,3.22573686,3.28111218,0.8675193467568001,-110.7506399999999,-118.12500838675714,5863.081118241325,5744.956109854568,1.1003555280734658,1.0,5744.956109854568,0.0,0.0,2022-11-23 00:00:00+00:00,2022-11-22 00:00:00+00:00,2022-11-23 00:01:00+00:00,102.72,0.05376610532846675,1139.11,2022-11-23 04:05:00+00:00,2022-11-23 19:03:00+00:00,2022-11-23 19:04:00+00:00,stop,-1.0799174248856849,4.386225835368823,"simulated minute opens; intrabar exits only known within minute, not actual exchange fills"
330,1058.0,1523950.0,1524959.0,-1.0,6.117,1210.8500000000001,1203.96,1228.1574119728218,1127.2054639555204,3.7033847250000003,3.6823116600000003,0.17517924961027048,42.14613000000061,34.58525436538912,5744.956109854568,5779.541364219957,1.2892647582276309,3.0,5728.223515129568,0.0,0.0,2022-11-24 00:00:00+00:00,2022-11-23 00:00:00+00:00,2022-11-24 00:01:00+00:00,93.64,0.049013416111347616,1183.83,2022-11-24 07:10:00+00:00,2022-11-24 23:59:00+00:00,2022-11-24 23:59:00+00:00,scheduled_23_59_exit,0.3266783566601966,4.832873694566763,"simulated minute opens; intrabar exits only known within minute, not actual exchange fills"
331,1059.0,1525250.0,1526399.0,1.0,6.655,1176.59,1197.02,1160.6328779468913,1261.7091362518747,3.9151032249999997,3.98308405,0.19016605173681794,135.96165000000042,127.87329667326321,5779.541364219957,5907.414660893221,1.3548145011082229,3.0,5741.615118369607,0.0,0.0,2022-11-25 00:00:00+00:00,2022-11-24 00:00:00+00:00,2022-11-25 00:01:00+00:00,91.16,0.04771532478332388,1202.92,2022-11-25 04:50:00+00:00,2022-11-25 23:59:00+00:00,2022-11-25 23:59:00+00:00,scheduled_23_59_exit,1.204140697939766,5.334241097397181,"simulated minute opens; intrabar exits only known within minute, not actual exchange fills"
332,1060.0,1527285.0,1527839.0,-1.0,6.16,1221.81,1205.09,1239.5004769790612,1146.0461334444358,3.7631748,3.7116771999999996,0.4886436113655614,102.99520000000017,95.03170438863435,5907.414660893221,6002.446365281855,1.2740513459845717,3.0,5885.41788609322,0.0,0.0,2022-11-26 00:00:00+00:00,2022-11-25 00:00:00+00:00,2022-11-26 00:01:00+00:00,85.58,0.04479461929527049,1198.55,2022-11-26 14:45:00+00:00,2022-11-26 23:59:00+00:00,2022-11-26 23:59:00+00:00,scheduled_23_59_exit,0.872063809058093,4.282748658797585,"simulated minute opens; intrabar exits only known within minute, not actual exchange fills"
333,1062.0,1529390.0,1530203.0,1.0,8.077,1166.99,1153.29,1153.5292393331085,1248.3711291992497,4.712889115,4.657561665,-0.2423689954319625,-110.65490000000037,-119.78298178456771,6002.446365281855,5882.663383497287,1.5703227744805341,1.0,5882.663383497287,0.0,0.0,2022-11-28 00:00:00+00:00,2022-11-27 00:00:00+00:00,2022-11-28 00:01:00+00:00,86.26,0.045150547562631836,1193.26,2022-11-28 01:50:00+00:00,2022-11-28 15:23:00+00:00,2022-11-28 15:24:00+00:00,stop,-1.1017306571945717,6.045804632677066,"simulated minute opens; intrabar exits only known within minute, not actual exchange fills"
334,1063.0,1531000.0,1531031.0,-1.0,6.8100000000000005,1193.3500000000001,1209.42,1209.1717528316515,1113.5174015476373,4.0633567500000005,4.118075100000001,0.0,-109.43669999999958,-117.61813184999937,5882.663383497287,5765.045251647288,1.3814683877370881,1.0,5758.399229569188,0.0,0.0,2022-11-29 00:00:00+00:00,2022-11-28 00:00:00+00:00,2022-11-29 00:01:00+00:00,89.97,0.04709245031544153,1167.21,2022-11-29 04:40:00+00:00,2022-11-29 05:11:00+00:00,2022-11-29 05:12:00+00:00,stop,-1.0916227287692541,5.045749311205149,"simulated minute opens; intrabar exits only known within minute, not actual exchange fills"
335,1065.0,1534530.0,1535039.0,1.0,7.287,1267.04,1275.02,1252.7378868768951,1351.1866869150424,4.616460239999999,4.645535369999999,0.9262942920000001,58.15026000000013,47.961970097999256,5765.045251647288,5813.007221745287,1.6015347802104085,3.0,5737.848459647358,0.0,0.0,2022-12-01 00:00:00+00:00,2022-11-30 00:00:00+00:00,2022-12-01 00:01:00+00:00,82.59,0.043229581766725755,1294.02,2022-12-01 15:30:00+00:00,2022-12-01 23:59:00+00:00,2022-12-01 23:59:00+00:00,scheduled_23_59_exit,0.4602015061233863,5.883514288465859,"simulated minute opens; intrabar exits only known within minute, not actual exchange fills"
336,1067.0,1537025.0,1537745.0,1.0,7.312,1271.14,1256.51,1256.766381683473,1347.7935897060042,4.647287840000001,4.593800560000001,-0.2091139130288,-106.9745600000008,-116.00653448697176,5813.007221745287,5697.000687258315,1.598927254938007,1.0,5682.247768216395,0.0,0.0,2022-12-03 00:00:00+00:00,2022-12-02 00:00:00+00:00,2022-12-03 00:01:00+00:00,76.34,0.03995818225053692,1295.0,2022-12-03 09:05:00+00:00,2022-12-03 21:05:00+00:00,2022-12-03 21:06:00+00:00,stop,-1.103774006010566,5.33293621814527,"simulated minute opens; intrabar exits only known within minute, not actual exchange fills"
337,1068.0,1538230.0,1539064.0,-1.0,6.253,1263.32,1280.26,1280.001264642277,1188.066039162126,3.94976998,4.00273289,-0.2712546827094384,-105.92582000000034,-113.60706818729159,5697.000687258315,5583.393619071024,1.3866138330767268,1.0,5578.578317772813,0.0,0.0,2022-12-04 00:00:00+00:00,2022-12-03 00:00:00+00:00,2022-12-04 00:01:00+00:00,81.37,0.042591004581165694,1239.76,2022-12-04 05:10:00+00:00,2022-12-04 19:04:00+00:00,2022-12-04 19:05:00+00:00,stop,-1.0891506407185398,4.511286311419715,"simulated minute opens; intrabar exits only known within minute, not actual exchange fills"
338,1069.0,1540390.0,1540799.0,1.0,5.059,1259.66,1258.84,1239.0973445245272,1333.7714322108293,3.1863099700000004,3.18423578,0.0,-4.148380000000828,-10.518925750001472,5583.393619071024,5572.874693321022,1.1413524416822847,3.0,5514.763824006033,0.0,0.0,2022-12-05 00:00:00+00:00,2022-12-04 00:00:00+00:00,2022-12-05 00:01:00+00:00,80.38,0.042072814897801375,1278.82,2022-12-05 17:10:00+00:00,2022-12-05 23:59:00+00:00,2022-12-05 23:59:00+00:00,scheduled_23_59_exit,-0.10111777647008773,3.604176138594031,"simulated minute opens; intrabar exits only known within minute, not actual exchange fills"
339,1073.0,1546390.0,1546559.0,1.0,5.535,1262.27,1262.04,1243.6450424266693,1329.4772038971878,3.493332225,3.4926957,0.0,-1.2730500000001008,-8.259077925000383,5572.874693321022,5564.615615396022,1.25369128761739,3.0,5532.872872494522,0.0,0.0,2022-12-09 00:00:00+00:00,2022-12-08 00:00:00+00:00,2022-12-09 00:01:00+00:00,72.86,0.03813666699992298,1279.73,2022-12-09 21:10:00+00:00,2022-12-09 23:59:00+00:00,2022-12-09 23:59:00+00:00,scheduled_23_59_exit,-0.08011588719733277,3.6084486975381194,"simulated minute opens; intrabar exits only known within minute, not actual exchange fills"
340,1077.0,1551685.0,1551690.0,-1.0,4.955,1294.52,1315.67,1315.3985788711566,1222.790045065541,3.2071733,3.2595724250000004,0.0,-104.79825000000045,-111.26499572500052,5564.615615396022,5453.350619671021,1.1527025482681978,1.0,5352.452025973472,0.0,0.0,2022-12-13 00:00:00+00:00,2022-12-12 00:00:00+00:00,2022-12-13 00:01:00+00:00,79.7,0.041716886630440035,1274.88,2022-12-13 13:25:00+00:00,2022-12-13 13:30:00+00:00,2022-12-13 13:31:00+00:00,stop,-1.0755087852756793,3.435576500542025,"simulated minute opens; intrabar exits only known within minute, not actual exchange fills"
341,1078.0,1553445.0,1553759.0,-1.0,5.852,1345.78,1308.1100000000001,1362.7787661635332,1267.4148439626208,3.93775228,3.8275298600000007,0.0,220.44483999999912,212.67955785999948,5453.350619671021,5666.030177531021,1.444158850082355,3.0,5444.002521459262,0.0,0.0,2022-12-14 00:00:00+00:00,2022-12-13 00:00:00+00:00,2022-12-14 00:01:00+00:00,79.2,0.04145517466914493,1321.06,2022-12-14 18:45:00+00:00,2022-12-14 23:59:00+00:00,2022-12-14 23:59:00+00:00,scheduled_23_59_exit,2.137981936475203,4.610049652044325,"simulated minute opens; intrabar exits only known within minute, not actual exchange fills"
342,1079.0,1553890.0,1554553.0,1.0,6.511,1286.58,1270.46,1270.7200423521867,1358.8315103271186,4.18846119,4.135982530000001,0.8380177879999999,-104.95731999999929,-114.1197815079995,5666.030177531021,5551.910396023021,1.4784464814923124,1.0,5551.910396023021,0.0,0.0,2022-12-15 00:00:00+00:00,2022-12-14 00:00:00+00:00,2022-12-15 00:01:00+00:00,73.19,0.03830939689437774,1307.76,2022-12-15 02:10:00+00:00,2022-12-15 13:13:00+00:00,2022-12-15 13:14:00+00:00,stop,-1.10512451478183,4.555592891957118,"simulated minute opens; intrabar exits only known within minute, not actual exchange fills"
343,1083.0,1560880.0,1560959.0,1.0,8.071,1159.89,1167.01,1147.5257966788179,1230.6745604188661,4.680736095,4.709468855,0.0,57.46551999999912,48.07531504999952,5551.910396023021,5599.985711073021,1.6861713396357887,3.0,5529.104856712341,0.0,0.0,2022-12-19 00:00:00+00:00,2022-12-18 00:00:00+00:00,2022-12-19 00:01:00+00:00,76.37,0.03997388496821463,1182.45,2022-12-19 22:40:00+00:00,2022-12-19 23:59:00+00:00,2022-12-19 23:59:00+00:00,scheduled_23_59_exit,0.4817576875167718,5.72495926992713,"simulated minute opens; intrabar exits only known within minute, not actual exchange fills"
344,1084.0,1561060.0,1561240.0,-1.0,5.088,1182.65,1203.46,1203.2149733339006,1120.8737424264818,3.0086616000000004,3.06160224,0.0,-105.88127999999972,-111.95154383999943,5599.985711073021,5488.034167233021,1.074524741750995,1.0,5437.731380226622,0.0,0.0,2022-12-20 00:00:00+00:00,2022-12-19 00:00:00+00:00,2022-12-20 00:01:00+00:00,77.39,0.04050777736925664,1167.21,2022-12-20 01:40:00+00:00,2022-12-20 04:40:00+00:00,2022-12-20 04:41:00+00:00,stop,-1.0699286910199268,3.003955150852668,"simulated minute opens; intrabar exits only known within minute, not actual exchange fills"
345,1086.0,1564760.0,1565279.0,1.0,8.376,1191.02,1216.74,1179.3479077419227,1259.8766741575616,4.98799176,5.09570712,0.7835952307391999,215.4307200000002,204.56342588926054,5488.034167233021,5692.597593122282,1.8177699365581264,3.0,5415.505860242281,0.0,0.0,2022-12-22 00:00:00+00:00,2022-12-21 00:00:00+00:00,2022-12-22 00:01:00+00:00,72.11,0.03774409905798031,1213.21,2022-12-22 15:20:00+00:00,2022-12-22 23:59:00+00:00,2022-12-22 23:59:00+00:00,scheduled_23_59_exit,2.0923898664268226,5.899257188436925,"simulated minute opens; intrabar exits only known within minute, not actual exchange fills"
346,1089.0,1569040.0,1569599.0,1.0,7.432,1201.56,1217.53,1187.6845802975051,1264.362351629333,4.464996960000001,4.52434148,0.12080416936319999,118.6890400000002,109.5788973906374,5692.597593122282,5802.176490512919,1.568702823960207,3.0,5655.831231992919,0.0,0.0,2022-12-25 00:00:00+00:00,2022-12-24 00:00:00+00:00,2022-12-25 00:01:00+00:00,68.3,0.03574985391291159,1219.96,2022-12-25 14:40:00+00:00,2022-12-25 23:59:00+00:00,2022-12-25 23:59:00+00:00,scheduled_23_59_exit,1.0626129312505814,4.526158701926773,"simulated minute opens; intrabar exits only known within minute, not actual exchange fills"
347,1091.0,1572115.0,1572479.0,1.0,8.332,1207.33,1210.76,1194.8540039010802,1272.5889969367756,5.02973678,5.0440261600000005,0.0,28.578760000000532,18.504997060000278,5802.176490512919,5820.68148757292,1.7337413945349895,3.0,5775.728420131359,0.0,0.0,2022-12-27 00:00:00+00:00,2022-12-26 00:00:00+00:00,2022-12-27 00:01:00+00:00,68.81,0.03601680011343261,1227.57,2022-12-27 17:55:00+00:00,2022-12-27 23:59:00+00:00,2022-12-27 23:59:00+00:00,scheduled_23_59_exit,0.17801825059823018,5.230764455146502,"simulated minute opens; intrabar exits only known within minute, not actual exchange fills"
348,1092.0,1572680.0,1573765.0,1.0,6.821,1194.48,1178.6100000000001,1178.8458994368993,1255.9420216824715,4.07377404,4.019649405,0.3185845071904,-108.24926999999926,-116.66127795218927,5820.68148757292,5704.02020962073,1.39975844708131,1.0,5704.02020962073,0.0,0.0,2022-12-28 00:00:00+00:00,2022-12-27 00:00:00+00:00,2022-12-28 00:01:00+00:00,69.16,0.03619999848633918,1211.29,2022-12-28 03:20:00+00:00,2022-12-28 21:25:00+00:00,2022-12-28 21:26:00+00:00,stop,-1.0939709229430585,3.931279668721911,"simulated minute opens; intrabar exits only known within minute, not actual exchange fills"
349,1097.0,1580300.0,1581119.0,-1.0,8.662,1217.66,1213.57,1229.350659458347,1161.8625596653483,5.27368546,5.25597167,-0.7877988520800001,35.427580000001264,25.685721722082235,5704.02020962073,5729.705931342813,1.8491117724671093,3.0,5661.161663012813,0.0,0.0,2023-01-02 00:00:00+00:00,2023-01-01 00:00:00+00:00,2023-01-02 00:01:00+00:00,61.64,0.03226385058846078,1199.96,2023-01-02 10:20:00+00:00,2023-01-02 23:59:00+00:00,2023-01-02 23:59:00+00:00,scheduled_23_59_exit,0.25364983477326786,4.7728223145541255,"simulated minute opens; intrabar exits only known within minute, not actual exchange fills"
350,1101.0,1586665.0,1586879.0,-1.0,9.079,1269.24,1268.95,1280.319686293028,1213.1298591764476,5.761714980000001,5.760398525,0.0,2.63290999999967,-8.889203505000296,5729.705931342813,5720.816727837812,2.0111730162213357,3.0,5706.4200244396725,0.0,0.0,2023-01-06 00:00:00+00:00,2023-01-05 00:00:00+00:00,2023-01-06 00:01:00+00:00,58.85,0.03080349784443408,1251.08,2023-01-06 20:25:00+00:00,2023-01-06 23:59:00+00:00,2023-01-06 23:59:00+00:00,scheduled_23_59_exit,-0.08836847669740701,5.064235515301535,"simulated minute opens; intrabar exits only known within minute, not actual exchange fills"
351,1104.0,1589930.0,1590293.0,-1.0,7.4270000000000005,1305.6100000000001,1319.7,1319.428501654304,1250.988154521463,4.848382735000001,4.900705950000001,-0.7418937096529603,-104.6464299999994,-113.65362497534716,5720.816727837812,5607.163102862465,1.6949966991277665,1.0,5607.163102862465,0.0,0.0,2023-01-09 00:00:00+00:00,2023-01-08 00:00:00+00:00,2023-01-09 00:01:00+00:00,58.15,0.03043710109862093,1289.65,2023-01-09 02:50:00+00:00,2023-01-09 08:53:00+00:00,2023-01-09 08:54:00+00:00,stop,-1.1074112045486557,3.9528052204939854,"simulated minute opens; intrabar exits only known within minute, not actual exchange fills"
352,1105.0,1592345.0,1592639.0,-1.0,6.926,1338.27,1334.97,1352.833885657279,1278.1804599783995,4.63442901,4.623001110000001,0.0,22.855799999999686,13.598369880000064,5607.163102862465,5620.761472742465,1.6530387737906596,3.0,5547.664531907585,0.0,0.0,2023-01-10 00:00:00+00:00,2023-01-09 00:00:00+00:00,2023-01-10 00:01:00+00:00,61.97,0.03243658048291555,1320.32,2023-01-10 19:05:00+00:00,2023-01-10 23:59:00+00:00,2023-01-10 23:59:00+00:00,scheduled_23_59_exit,0.1348115500356665,4.125927752774366,"simulated minute opens; intrabar exits only known within minute, not actual exchange fills"
353,1107.0,1594145.0,1595137.0,-1.0,7.054,1410.03,1424.54,1424.254133725004,1343.9349724086712,4.97317581,5.0243525799999995,-1.9642888958448999,-102.35353999999994,-110.38677949415523,5620.761472742465,5510.37469324831,1.7695736900123258,1.0,5493.66469611903,0.0,0.0,2023-01-12 00:00:00+00:00,2023-01-11 00:00:00+00:00,2023-01-12 00:01:00+00:00,63.37,0.03316937397454184,1389.26,2023-01-12 01:05:00+00:00,2023-01-12 17:37:00+00:00,2023-01-12 17:38:00+00:00,stop,-1.1001598240138533,4.646682101641288,"simulated minute opens; intrabar exits only known within minute, not actual exchange fills"
354,1111.0,1600335.0,1601279.0,1.0,3.025,1540.73,1577.05,1506.1441756025165,1618.8923450588575,2.330354125,2.385288125,0.4689935468823,109.86799999999981,104.68336420311789,5510.37469324831,5615.058057451428,0.8458060493981688,3.0,5450.83675919656,0.0,0.0,2023-01-16 00:00:00+00:00,2023-01-15 00:00:00+00:00,2023-01-16 00:01:00+00:00,78.81,0.041251039339334744,1553.47,2023-01-16 08:15:00+00:00,2023-01-16 23:59:00+00:00,2023-01-16 23:59:00+00:00,scheduled_23_59_exit,1.000585396295079,2.25995321553025,"simulated minute opens; intrabar exits only known within minute, not actual exchange fills"
355,1113.0,1603560.0,1603581.0,-1.0,5.306,1593.82,1613.3700000000001,1613.045668800037,1505.0410404468796,4.22840446,4.2802706100000005,0.0,-103.73230000000096,-112.24097507000079,5615.058057451428,5502.817082381427,1.5060946536033486,1.0,5502.817082381427,0.0,0.0,2023-01-18 00:00:00+00:00,2023-01-17 00:00:00+00:00,2023-01-18 00:01:00+00:00,75.66,0.039602253983175566,1565.84,2023-01-18 14:00:00+00:00,2023-01-18 14:21:00+00:00,2023-01-18 14:22:00+00:00,stop,-1.1002787585709048,4.617730622351573,"simulated minute opens; intrabar exits only known within minute, not actual exchange fills"
356,1114.0,1605085.0,1605363.0,-1.0,5.909,1540.29,1557.3600000000001,1557.0427967875503,1453.200538866792,4.5507868049999995,4.60122012,-0.905957889228252,-100.86663000000097,-109.11267903577209,5502.817082381427,5393.704403345655,1.6539843999432298,1.0,5393.704403345655,0.0,0.0,2023-01-19 00:00:00+00:00,2023-01-18 00:00:00+00:00,2023-01-19 00:01:00+00:00,75.35,0.0394399925671726,1511.66,2023-01-19 15:25:00+00:00,2023-01-19 20:03:00+00:00,2023-01-19 20:04:00+00:00,stop,-1.1022342672057313,5.19850280747915,"simulated minute opens; intrabar exits only known within minute, not actual exchange fills"
357,1117.0,1609545.0,1609919.0,-1.0,5.856,1657.33,1628.63,1673.7390968064128,1568.12105546908,4.85266224,4.76862864,0.0,168.06719999999893,158.44590911999876,5393.704403345655,5552.150312465654,1.7993801206421127,3.0,5367.4187811056545,0.0,0.0,2023-01-22 00:00:00+00:00,2023-01-21 00:00:00+00:00,2023-01-22 00:01:00+00:00,71.16,0.03724684633151961,1627.63,2023-01-22 17:45:00+00:00,2023-01-22 23:59:00+00:00,2023-01-22 23:59:00+00:00,scheduled_23_59_exit,1.6489036733225653,5.436554222536854,"simulated minute opens; intrabar exits only known within minute, not actual exchange fills"
358,1118.0,1610825.0,1611359.0,1.0,3.446,1613.89,1626.18,1583.5978968879106,1689.4843995111644,2.7807324700000002,2.8019081400000005,0.5585724780000001,42.35133999999988,36.210126911999396,5552.150312465654,5588.360439377653,1.0016776612681817,3.0,5527.359646008013,0.0,0.0,2023-01-23 00:00:00+00:00,2023-01-22 00:00:00+00:00,2023-01-23 00:01:00+00:00,70.66,0.0369851343702245,1628.14,2023-01-23 15:05:00+00:00,2023-01-23 23:59:00+00:00,2023-01-23 23:59:00+00:00,scheduled_23_59_exit,0.3468848617449129,2.495515059863726,"simulated minute opens; intrabar exits only known within minute, not actual exchange fills"
359,1119.0,1612680.0,1612706.0,1.0,5.942,1598.99,1581.78,1582.0998850600042,1688.613042617047,4.75059929,4.699468380000001,0.0,-102.26182000000021,-111.71188766999967,5588.360439377653,5476.6485517076535,1.7001764082808695,1.0,5427.655573485914,0.0,0.0,2023-01-24 00:00:00+00:00,2023-01-23 00:00:00+00:00,2023-01-24 00:01:00+00:00,71.13,0.0372311436138419,1626.9,2023-01-24 22:00:00+00:00,2023-01-24 22:26:00+00:00,2023-01-24 22:27:00+00:00,stop,-1.1130998851571248,5.306242316019991,"simulated minute opens; intrabar exits only known within minute, not actual exchange fills"
360,1120.0,1612895.0,1614115.0,1.0,5.726,1531.38,1613.3400000000001,1514.0873138414436,1613.669694372596,4.38434094,4.6189924200000005,1.7731603827457239,469.3029600000002,458.52646625725447,5476.6485517076535,5935.175017964908,1.6011036306621993,2.0,5436.094210155335,0.0,0.0,2023-01-25 00:00:00+00:00,2023-01-24 00:00:00+00:00,2023-01-25 00:01:00+00:00,69.54,0.036398899576923466,1555.99,2023-01-25 01:35:00+00:00,2023-01-25 21:55:00+00:00,2023-01-25 21:56:00+00:00,target,4.630742211978613,4.758641521512749,"simulated minute opens; intrabar exits only known within minute, not actual exchange fills"
361,1121.0,1615215.0,1615679.0,1.0,6.596,1585.77,1601.81,1569.6777301758239,1668.7840160549092,5.22986946,5.2827693799999995,0.0,105.79983999999976,95.28720115999931,5935.175017964908,6030.462219124907,1.7623303252793554,3.0,5926.579306138428,0.0,0.0,2023-01-26 00:00:00+00:00,2023-01-25 00:00:00+00:00,2023-01-26 00:01:00+00:00,66.84,0.034985654985929884,1611.41,2023-01-26 16:15:00+00:00,2023-01-26 23:59:00+00:00,2023-01-26 23:59:00+00:00,scheduled_23_59_exit,0.8977111468946858,5.158626903595266,"simulated minute opens; intrabar exits only known within minute, not actual exchange fills"
362,1122.0,1616025.0,1616489.0,1.0,6.615,1576.6100000000001,1559.95,1560.2701586142098,1656.2166171080717,5.214637575000001,5.159534625,1.04851211199525,-110.20590000000054,-121.62858431199584,6030.462219124907,5908.833634812911,1.7294321348908832,1.0,5908.833634812911,0.0,0.0,2023-01-27 00:00:00+00:00,2023-01-26 00:00:00+00:00,2023-01-27 00:01:00+00:00,65.15,0.03410106855675243,1600.69,2023-01-27 05:45:00+00:00,2023-01-27 13:29:00+00:00,2023-01-27 13:30:00+00:00,stop,-1.1252731772745252,4.8719332843279615,"simulated minute opens; intrabar exits only known within minute, not actual exchange fills"
363,1123.0,1617945.0,1618379.0,1.0,7.606,1571.77,1557.8,1558.1208513123404,1650.5450403883794,5.977441310000001,5.9243134,1.200212771546842,-106.2558200000002,-119.35778748154735,5908.833634812911,5789.475847331364,2.0232220703534027,1.0,5789.475847331364,0.0,0.0,2023-01-28 00:00:00+00:00,2023-01-27 00:00:00+00:00,2023-01-28 00:01:00+00:00,62.91,0.032928598970150345,1597.08,2023-01-28 13:45:00+00:00,2023-01-28 20:59:00+00:00,2023-01-28 21:00:00+00:00,stop,-1.1497114959114614,5.771425177571786,"simulated minute opens; intrabar exits only known within minute, not actual exchange fills"
364,1124.0,1618690.0,1619166.0,-1.0,4.7,1587.73,1610.76,1610.434812373333,1521.0923974343186,3.7311655000000004,3.785286,-0.7482553173141,-108.24099999999987,-115.00919618268654,5789.475847331364,5674.466651148678,1.2889476002287379,1.0,5673.739281874678,0.0,0.0,2023-01-29 00:00:00+00:00,2023-01-28 00:00:00+00:00,2023-01-29 00:01:00+00:00,62.31,0.032614544616596214,1571.52,2023-01-29 02:10:00+00:00,2023-01-29 10:06:00+00:00,2023-01-29 10:07:00+00:00,stop,-1.0777469260101635,2.9349549985248027,"simulated minute opens; intrabar exits only known within minute, not actual exchange fills"
365,1125.0,1620515.0,1620549.0,1.0,5.2940000000000005,1622.0,1602.18,1602.5093532523993,1705.0311761282098,4.293434,4.240970460000001,0.0,-104.92707999999968,-113.46148446000007,5674.466651148678,5561.0051666886775,1.5132467116115254,1.0,5561.0051666886775,0.0,0.0,2023-01-30 00:00:00+00:00,2023-01-29 00:00:00+00:00,2023-01-30 00:01:00+00:00,67.7,0.035435799559357474,1645.67,2023-01-30 08:35:00+00:00,2023-01-30 09:09:00+00:00,2023-01-30 09:10:00+00:00,stop,-1.0996089702686878,4.260052383250483,"simulated minute opens; intrabar exits only known within minute, not actual exchange fills"
366,1126.0,1622445.0,1622879.0,-1.0,6.768,1593.26,1585.3600000000001,1607.7606326049308,1511.8213648164162,5.39159184,5.36485824,0.0,53.467199999999075,42.710749919999216,5561.0051666886775,5603.715916608677,1.9390709695061998,3.0,5507.332046092518,0.0,0.0,2023-01-31 00:00:00+00:00,2023-01-30 00:00:00+00:00,2023-01-31 00:01:00+00:00,67.17,0.035158384880384655,1565.92,2023-01-31 16:45:00+00:00,2023-01-31 23:59:00+00:00,2023-01-31 23:59:00+00:00,scheduled_23_59_exit,0.4352010130822828,5.616212575159728,"simulated minute opens; intrabar exits only known within minute, not actual exchange fills"
367,1128.0,1624465.0,1625185.0,-1.0,6.402,1670.99,1686.81,1686.469004577765,1584.0763185039991,5.34883899,5.39947881,-1.066233894,-101.27963999999959,-110.96172390599986,5603.715916608677,5492.754192702677,1.9090328880330087,1.0,5489.347940549417,0.0,0.0,2023-02-02 00:00:00+00:00,2023-02-01 00:00:00+00:00,2023-02-02 00:01:00+00:00,68.38,0.035791727826718814,1641.8,2023-02-02 02:25:00+00:00,2023-02-02 14:25:00+00:00,2023-02-02 14:26:00+00:00,stop,-1.1197330495590974,5.614939969773595,"simulated minute opens; intrabar exits only known within minute, not actual exchange fills"
368,1129.0,1626690.0,1627199.0,-1.0,4.224,1665.55,1664.33,1689.5282804217957,1584.7709002743068,3.5176416,3.51506496,-0.7026655128218882,5.153280000000115,-1.1767610471779335,5492.754192702677,5491.577431655499,1.2808297901527486,3.0,5448.694644793418,0.0,0.0,2023-02-03 00:00:00+00:00,2023-02-02 00:00:00+00:00,2023-02-03 00:01:00+00:00,69.88,0.03657686371060413,1643.81,2023-02-03 15:30:00+00:00,2023-02-03 23:59:00+00:00,2023-02-03 23:59:00+00:00,scheduled_23_59_exit,-0.011618400409135527,3.368844567030203,"simulated minute opens; intrabar exits only known within minute, not actual exchange fills"
369,1130.0,1628005.0,1628639.0,-1.0,5.8580000000000005,1692.0,1666.3500000000001,1708.6960947238688,1605.4979460697862,4.955868000000001,4.880739150000001,-0.9842834153855522,150.2576999999992,141.4053762653839,5491.577431655499,5632.982807920883,1.8048977954612933,3.0,5483.112045989838,0.0,0.0,2023-02-04 00:00:00+00:00,2023-02-03 00:00:00+00:00,2023-02-04 00:01:00+00:00,68.01,0.03559806097536044,1663.68,2023-02-04 13:25:00+00:00,2023-02-04 23:59:00+00:00,2023-02-04 23:59:00+00:00,scheduled_23_59_exit,1.445778141437755,5.180975273609958,"simulated minute opens; intrabar exits only known within minute, not actual exchange fills"
370,1131.0,1629420.0,1629699.0,1.0,3.958,1648.68,1621.8600000000001,1622.1932345363405,1727.3187045037441,3.26273772,3.2096609400000005,0.650924764,-106.15355999999976,-113.2768834239987,5632.982807920883,5519.705924496884,1.1584405034618832,1.0,5518.546457567343,0.0,0.0,2023-02-05 00:00:00+00:00,2023-02-04 00:00:00+00:00,2023-02-05 00:01:00+00:00,68.55,0.035880709893559154,1666.44,2023-02-05 13:00:00+00:00,2023-02-05 17:39:00+00:00,2023-02-05 17:40:00+00:00,stop,-1.0805293700080725,2.968981041178397,"simulated minute opens; intrabar exits only known within minute, not actual exchange fills"
371,1133.0,1632120.0,1632587.0,-1.0,5.75,1640.91,1658.45,1658.1158255410367,1556.7742204456533,4.71761625,4.76804375,-0.9374972500000001,-100.85499999999979,-109.40316274999986,5519.705924496884,5410.302761746884,1.7093723160369296,1.0,5407.318238621885,0.0,0.0,2023-02-07 00:00:00+00:00,2023-02-06 00:00:00+00:00,2023-02-07 00:01:00+00:00,68.85,0.03603773707033621,1613.9,2023-02-07 10:00:00+00:00,2023-02-07 17:47:00+00:00,2023-02-07 17:48:00+00:00,stop,-1.1058252889186104,4.889958889428444,"simulated minute opens; intrabar exits only known within minute, not actual exchange fills"
372,1134.0,1633960.0,1634399.0,1.0,5.602,1644.27,1649.74,1626.9277881530093,1730.4410807355214,4.60560027,4.620921740000001,0.0,30.642940000000156,21.41641799000081,5410.302761746884,5431.719179736885,1.7025295894948913,3.0,5374.961512914504,0.0,0.0,2023-02-08 00:00:00+00:00,2023-02-07 00:00:00+00:00,2023-02-08 00:01:00+00:00,67.34,0.035247366947224995,1670.51,2023-02-08 16:40:00+00:00,2023-02-08 23:59:00+00:00,2023-02-08 23:59:00+00:00,scheduled_23_59_exit,0.22044448734280242,4.968863343142362,"simulated minute opens; intrabar exits only known within minute, not actual exchange fills"
373,1135.0,1634600.0,1635564.0,1.0,6.0,1624.17,1607.69,1608.0138968057722,1708.3196653995324,4.87251,4.8230699999999995,1.9572462865740001,-98.88000000000011,-110.53282628657416,5431.719179736885,5321.186353450311,1.7940949591712976,1.0,5234.684852770311,0.0,0.0,2023-02-09 00:00:00+00:00,2023-02-08 00:00:00+00:00,2023-02-09 00:01:00+00:00,66.06,0.034577384326309524,1650.26,2023-02-09 03:20:00+00:00,2023-02-09 19:24:00+00:00,2023-02-09 19:25:00+00:00,stop,-1.1402587302741893,5.208537256038123,"simulated minute opens; intrabar exits only known within minute, not actual exchange fills"
374,1136.0,1636795.0,1637139.0,1.0,6.755,1519.54,1505.3,1505.609478408461,1598.3557016490668,5.13224635,5.08415075,1.027820535,-96.19120000000007,-107.4354176349998,5321.186353450311,5213.750935815311,1.9289857596031001,1.0,5213.750935815311,0.0,0.0,2023-02-10 00:00:00+00:00,2023-02-09 00:00:00+00:00,2023-02-10 00:01:00+00:00,65.26,0.03415864518823735,1544.68,2023-02-10 15:55:00+00:00,2023-02-10 21:39:00+00:00,2023-02-10 21:40:00+00:00,stop,-1.1417072142984197,5.657771041174599,"simulated minute opens; intrabar exits only known within minute, not actual exchange fills"
375,1137.0,1638650.0,1638719.0,-1.0,5.998,1535.8500000000001,1537.64,1551.3691127333614,1461.64385251551,4.606014150000001,4.61138236,0.0,-10.736419999999782,-19.95381651000025,5213.750935815311,5193.797119305311,1.7668715697021402,3.0,5168.178581665311,0.0,0.0,2023-02-11 00:00:00+00:00,2023-02-10 00:00:00+00:00,2023-02-11 00:01:00+00:00,65.04,0.034043491925267504,1512.26,2023-02-11 22:50:00+00:00,2023-02-11 23:59:00+00:00,2023-02-11 23:59:00+00:00,scheduled_23_59_exit,-0.2143643813378959,4.781597296150202,"simulated minute opens; intrabar exits only known within minute, not actual exchange fills"
376,1138.0,1640095.0,1640159.0,1.0,6.886,1513.02,1514.08,1499.7519576174882,1589.6745912168233,5.20932786,5.2129774399999995,0.0,7.299159999999624,-3.123145300000033,5193.797119305311,5190.673974005311,2.005980495709762,3.0,5159.555150005091,0.0,0.0,2023-02-12 00:00:00+00:00,2023-02-11 00:00:00+00:00,2023-02-12 00:01:00+00:00,63.57,0.03327405875905989,1537.65,2023-02-12 22:55:00+00:00,2023-02-12 23:59:00+00:00,2023-02-12 23:59:00+00:00,scheduled_23_59_exit,-0.034183641182652186,5.777385164058519,"simulated minute opens; intrabar exits only known within minute, not actual exchange fills"
377,1139.0,1640750.0,1640781.0,1.0,6.396,1491.55,1476.81,1477.1105869685107,1565.8047601089943,4.7699769,4.722838380000001,0.0,-94.27704000000006,-103.76985528000023,5190.673974005311,5086.904118725311,1.8379027170220494,1.0,5064.498611820751,0.0,0.0,2023-02-13 00:00:00+00:00,2023-02-12 00:00:00+00:00,2023-02-13 00:01:00+00:00,63.66,0.033321166912093005,1514.49,2023-02-13 09:50:00+00:00,2023-02-13 10:21:00+00:00,2023-02-13 10:22:00+00:00,stop,-1.1236038448805763,5.142505443057873,"simulated minute opens; intrabar exits only known within minute, not actual exchange fills"
378,1141.0,1643835.0,1644165.0,-1.0,6.1690000000000005,1579.0,1593.9,1593.5756174050687,1504.8789996084747,4.8704255000000005,4.916384550000001,-0.5565775686477702,-91.91810000000056,-101.14833248135255,5086.904118725311,4985.755786243958,1.9148878714153723,1.0,4985.755786243958,0.0,0.0,2023-02-15 00:00:00+00:00,2023-02-14 00:00:00+00:00,2023-02-15 00:01:00+00:00,62.52,0.03272446364034016,1554.94,2023-02-15 13:15:00+00:00,2023-02-15 18:45:00+00:00,2023-02-15 18:46:00+00:00,stop,-1.1249079788750405,5.085273462635601,"simulated minute opens; intrabar exits only known within minute, not actual exchange fills"
379,1142.0,1644510.0,1645425.0,-1.0,4.5520000000000005,1697.82,1718.01,1717.6635965795463,1619.7590353288153,3.8642383200000006,3.9101907600000003,-0.7661541841941761,-91.90488000000026,-98.91315489580666,4985.755786243958,4886.842631348151,1.5501113514872504,1.0,4881.797704599752,0.0,0.0,2023-02-16 00:00:00+00:00,2023-02-15 00:00:00+00:00,2023-02-16 00:01:00+00:00,64.07,0.03353577072035499,1675.0,2023-02-16 00:30:00+00:00,2023-02-16 15:45:00+00:00,2023-02-16 15:46:00+00:00,stop,-1.0950436006399082,3.9338113107805,"simulated minute opens; intrabar exits only known within minute, not actual exchange fills"
380,1143.0,1646135.0,1646888.0,-1.0,4.4750000000000005,1663.88,1684.04,1683.6985752887267,1581.2423319264522,3.7229315000000005,3.7680395000000004,-1.4888459250000001,-90.21599999999935,-96.21812507499908,4886.842631348151,4790.624506273152,1.523655161767688,1.0,4790.624506273152,0.0,0.0,2023-02-17 00:00:00+00:00,2023-02-16 00:00:00+00:00,2023-02-17 00:01:00+00:00,68.54,0.03587547565433325,1639.0,2023-02-17 03:35:00+00:00,2023-02-17 16:08:00+00:00,2023-02-17 16:09:00+00:00,stop,-1.0849042722173043,4.169707805411962,"simulated minute opens; intrabar exits only known within minute, not actual exchange fills"
381,1145.0,1649725.0,1650239.0,-1.0,3.109,1707.68,1682.5900000000001,1736.4103919346421,1633.781669435671,2.65458856,2.6155861550000004,-0.532135613562511,78.00480999999975,73.26677089856275,4790.624506273152,4863.891277171715,1.1082432181958368,3.0,4732.882137902496,0.0,0.0,2023-02-19 00:00:00+00:00,2023-02-18 00:00:00+00:00,2023-02-19 00:01:00+00:00,66.51,0.034812925091475114,1691.66,2023-02-19 15:25:00+00:00,2023-02-19 23:59:00+00:00,2023-02-19 23:59:00+00:00,scheduled_23_59_exit,0.8202472415896293,2.5721309591751607,"simulated minute opens; intrabar exits only known within minute, not actual exchange fills"
382,1146.0,1650320.0,1651679.0,1.0,4.516,1655.33,1703.6200000000001,1635.7720192528093,1741.5860120246648,3.73773514,3.8467739600000006,1.5368347851607602,218.07764000000086,208.95629611484037,4863.891277171715,5072.847573286555,1.536932027055276,3.0,4856.863973738195,0.0,0.0,2023-02-20 00:00:00+00:00,2023-02-19 00:00:00+00:00,2023-02-20 00:01:00+00:00,68.43,0.03581789902284833,1680.31,2023-02-20 01:20:00+00:00,2023-02-20 23:59:00+00:00,2023-02-20 23:59:00+00:00,scheduled_23_59_exit,2.365797202890519,4.410271854728915,"simulated minute opens; intrabar exits only known within minute, not actual exchange fills"
383,1147.0,1652215.0,1652597.0,1.0,4.551,1679.5,1658.88,1659.2193206149855,1764.8679905748847,3.8217022500000004,3.7747814400000004,0.0,-93.84161999999951,-101.43810368999948,5072.847573286555,4971.409469596556,1.5067285956412158,1.0,4971.409469596556,0.0,0.0,2023-02-21 00:00:00+00:00,2023-02-20 00:00:00+00:00,2023-02-21 00:01:00+00:00,67.39,0.03527353814335451,1703.7,2023-02-21 08:55:00+00:00,2023-02-21 15:17:00+00:00,2023-02-21 15:18:00+00:00,stop,-1.0990356672404893,4.209325977410966,"simulated minute opens; intrabar exits only known within minute, not actual exchange fills"
384,1148.0,1653280.0,1654024.0,1.0,4.021,1638.3400000000001,1615.25,1615.576683128466,1719.2021898722114,3.29388257,3.247460125,0.6610111779143,-92.84489000000059,-100.04724387291571,4971.409469596556,4871.36222572364,1.3251302634169493,1.0,4871.36222572364,0.0,0.0,2023-02-22 00:00:00+00:00,2023-02-21 00:00:00+00:00,2023-02-22 00:01:00+00:00,67.87,0.03552478162619781,1659.2,2023-02-22 02:40:00+00:00,2023-02-22 15:04:00+00:00,2023-02-22 15:05:00+00:00,stop,-1.093038632670203,3.5523026072413137,"simulated minute opens; intrabar exits only known within minute, not actual exchange fills"
385,1149.0,1654730.0,1655999.0,-1.0,5.492,1667.39,1649.52,1683.1063508529096,1588.771532822037,4.5786529400000004,4.52958192,-1.2968949742474702,98.14204000000065,90.33070011424752,4871.36222572364,4961.692925837888,1.8798244629898535,3.0,4805.4379327836405,0.0,0.0,2023-02-23 00:00:00+00:00,2023-02-22 00:00:00+00:00,2023-02-23 00:01:00+00:00,62.97,0.03296000440550576,1642.01,2023-02-23 02:50:00+00:00,2023-02-23 23:59:00+00:00,2023-02-23 23:59:00+00:00,scheduled_23_59_exit,1.0465334937008233,5.002335969320055,"simulated minute opens; intrabar exits only known within minute, not actual exchange fills"
386,1150.0,1656925.0,1656940.0,1.0,6.47,1623.82,1610.1100000000001,1610.4334208033454,1703.5246856062267,5.253057699999999,5.20870585,0.0,-88.70369999999876,-99.1654635499981,4961.692925837888,4862.52746228789,2.117445709969207,1.0,4851.8043640506885,0.0,0.0,2023-02-24 00:00:00+00:00,2023-02-23 00:00:00+00:00,2023-02-24 00:01:00+00:00,61.35,0.03211205765090962,1649.69,2023-02-24 15:25:00+00:00,2023-02-24 15:40:00+00:00,2023-02-24 15:41:00+00:00,stop,-1.1449500858165513,5.954074183951772,"simulated minute opens; intrabar exits only known within minute, not actual exchange fills"
387,1151.0,1658580.0,1658684.0,1.0,6.497,1585.6100000000001,1572.23,1572.545263012864,1654.4050248361511,5.150854085,5.107389155,0.0,-86.9298600000007,-97.1881032400006,4862.52746228789,4765.339359047889,2.1185912573032333,1.0,4727.136016636519,0.0,0.0,2023-02-25 00:00:00+00:00,2023-02-24 00:00:00+00:00,2023-02-25 00:01:00+00:00,55.4,0.028997685311497837,1607.12,2023-02-25 19:00:00+00:00,2023-02-25 20:44:00+00:00,2023-02-25 20:45:00+00:00,stop,-1.1449843969097226,5.265703006795228,"simulated minute opens; intrabar exits only known within minute, not actual exchange fills"
388,1153.0,1661435.0,1661759.0,1.0,4.94,1621.1100000000001,1632.52,1603.761261345827,1690.7734205664747,4.004141700000001,4.0323244,0.0,56.36539999999928,48.328933899999356,4765.339359047889,4813.668292947888,1.6805274077269599,3.0,4694.704764997088,0.0,0.0,2023-02-27 00:00:00+00:00,2023-02-26 00:00:00+00:00,2023-02-27 00:01:00+00:00,57.68,0.030191091855003526,1640.49,2023-02-27 18:35:00+00:00,2023-02-27 23:59:00+00:00,2023-02-27 23:59:00+00:00,scheduled_23_59_exit,0.5639133308199681,4.015474666783205,"simulated minute opens; intrabar exits only known within minute, not actual exchange fills"
389,1154.0,1663095.0,1663199.0,1.0,6.04,1610.23,1602.69,1596.2233553029153,1682.394992824082,4.862894600000001,4.840123800000001,0.0,-45.54159999999978,-55.244618400000036,4813.668292947888,4758.423674547888,2.0204527209007024,3.0,4758.423674547888,0.0,0.0,2023-02-28 00:00:00+00:00,2023-02-27 00:00:00+00:00,2023-02-28 00:01:00+00:00,57.4,0.030044533156678266,1632.6,2023-02-28 22:15:00+00:00,2023-02-28 23:59:00+00:00,2023-02-28 23:59:00+00:00,scheduled_23_59_exit,-0.6530086396711182,5.152197002548501,"simulated minute opens; intrabar exits only known within minute, not actual exchange fills"
390,1156.0,1665160.0,1665474.0,1.0,5.793,1640.07,1625.28,1625.611185327613,1717.7064294073798,4.750462755,4.70762352,0.0,-85.67846999999979,-95.13655627499975,4758.423674547888,4663.287118272889,1.9966539677454656,1.0,4663.287118272889,0.0,0.0,2023-03-02 00:00:00+00:00,2023-03-01 00:00:00+00:00,2023-03-02 00:01:00+00:00,60.16,0.03148918318302726,1664.46,2023-03-02 08:40:00+00:00,2023-03-02 13:54:00+00:00,2023-03-02 13:55:00+00:00,stop,-1.1358244345826956,5.369487829154314,"simulated minute opens; intrabar exits only known within minute, not actual exchange fills"
391,1161.0,1672760.0,1673279.0,1.0,5.04,1546.82,1560.97,1530.1696401230506,1613.0856482641357,3.8979863999999997,3.9336444000000004,0.079492940352,71.31600000000046,63.40487625964852,4663.287118272889,4726.691994532537,1.6717762818960509,3.0,4637.605151646937,0.0,0.0,2023-03-07 00:00:00+00:00,2023-03-06 00:00:00+00:00,2023-03-07 00:01:00+00:00,57.61,0.03015445218042221,1565.17,2023-03-07 15:20:00+00:00,2023-03-07 23:59:00+00:00,2023-03-07 23:59:00+00:00,scheduled_23_59_exit,0.7555592001717784,3.9798327936367053,"simulated minute opens; intrabar exits only known within minute, not actual exchange fills"
392,1164.0,1676245.0,1676586.0,1.0,5.281,1418.75,1402.27,1402.552270809651,1482.8525227316713,3.746209375,3.7026939349999997,0.0,-87.0308800000001,-94.47978331000013,4726.691994532537,4632.212211222537,1.585129464468308,1.0,4632.212211222537,0.0,0.0,2023-03-10 00:00:00+00:00,2023-03-09 00:00:00+00:00,2023-03-10 00:01:00+00:00,60.78,0.031813706015033194,1436.42,2023-03-10 01:25:00+00:00,2023-03-10 07:06:00+00:00,2023-03-10 07:07:00+00:00,stop,-1.1045072917171368,3.9575005840858877,"simulated minute opens; intrabar exits only known within minute, not actual exchange fills"
393,1165.0,1678060.0,1678832.0,-1.0,5.063,1445.3,1462.14,1461.8420124334366,1379.0999142975993,3.6587769499999996,3.7014074100000003,0.07543475524822107,-85.26092000000074,-92.69653911524892,4632.212211222537,4539.515672107288,1.579710420492317,1.0,4539.515672107288,0.0,0.0,2023-03-11 00:00:00+00:00,2023-03-10 00:00:00+00:00,2023-03-11 00:01:00+00:00,63.61,0.0332949957159635,1425.79,2023-03-11 07:40:00+00:00,2023-03-11 20:32:00+00:00,2023-03-11 20:33:00+00:00,stop,-1.106795155337893,4.001936642762361,"simulated minute opens; intrabar exits only known within minute, not actual exchange fills"
394,1167.0,1680535.0,1681328.0,-1.0,5.3740000000000006,1605.66,1620.93,1620.6043423547364,1525.770282890363,4.31440842,4.355438910000001,-0.863219809975136,-82.06097999999992,-89.86760752002556,4539.515672107288,4449.6480645872625,1.9008232294513523,1.0,4436.225657965123,0.0,0.0,2023-03-13 00:00:00+00:00,2023-03-12 00:00:00+00:00,2023-03-13 00:01:00+00:00,65.83,0.03445699682411377,1579.26,2023-03-13 00:55:00+00:00,2023-03-13 14:08:00+00:00,2023-03-13 14:09:00+00:00,stop,-1.1189964525830174,5.345816845819072,"simulated minute opens; intrabar exits only known within minute, not actual exchange fills"
395,1168.0,1682680.0,1682686.0,-1.0,3.435,1695.88,1720.07,1719.7258825810254,1614.6927118206136,2.9126739,2.9542202250000003,0.0,-83.09264999999941,-88.95954412499941,4449.6480645872625,4360.688520462263,1.3091704592013265,1.0,4360.688520462263,0.0,0.0,2023-03-14 00:00:00+00:00,2023-03-13 00:00:00+00:00,2023-03-14 00:01:00+00:00,68.8,0.0360115658742067,1673.9,2023-03-14 12:40:00+00:00,2023-03-14 12:46:00+00:00,2023-03-14 12:47:00+00:00,stop,-1.086056467484555,3.4046669442207627,"simulated minute opens; intrabar exits only known within minute, not actual exchange fills"
396,1169.0,1684065.0,1684125.0,1.0,4.829,1671.92,1655.53,1655.8662378042322,1760.5110463836684,4.0368508400000005,3.997277185,0.0,-79.14731000000047,-87.1814380249998,4360.688520462263,4273.507082437263,1.8514740601431747,1.0,4273.507082437263,0.0,0.0,2023-03-15 00:00:00+00:00,2023-03-14 00:00:00+00:00,2023-03-15 00:01:00+00:00,66.9,0.0350170604212853,1699.93,2023-03-15 11:45:00+00:00,2023-03-15 12:45:00+00:00,2023-03-15 12:46:00+00:00,stop,-1.1245790724842908,5.5183978249673515,"simulated minute opens; intrabar exits only known within minute, not actual exchange fills"
397,1170.0,1685975.0,1686239.0,-1.0,4.582,1675.8700000000001,1673.27,1692.489632225927,1594.5732879261068,3.8394181700000005,3.83346157,0.0,11.913200000000625,4.240320260000772,4273.507082437263,4277.747402697264,1.796846522510175,3.0,4247.004224161544,0.0,0.0,2023-03-16 00:00:00+00:00,2023-03-15 00:00:00+00:00,2023-03-16 00:01:00+00:00,65.06,0.03405396040371931,1649.81,2023-03-16 19:35:00+00:00,2023-03-16 23:59:00+00:00,2023-03-16 23:59:00+00:00,scheduled_23_59_exit,0.05568294095921615,4.891607164872733,"simulated minute opens; intrabar exits only known within minute, not actual exchange fills"
398,1171.0,1686470.0,1686634.0,-1.0,5.07,1699.48,1714.64,1714.2930882650753,1618.4919699484763,4.308181800000001,4.346612400000001,0.0,-76.86120000000042,-85.51599420000002,4277.747402697264,4192.231408497264,2.0142291699054256,1.0,4190.112324274164,0.0,0.0,2023-03-17 00:00:00+00:00,2023-03-16 00:00:00+00:00,2023-03-17 00:01:00+00:00,62.78,0.032860553860213616,1672.56,2023-03-17 03:50:00+00:00,2023-03-17 06:34:00+00:00,2023-03-17 06:35:00+00:00,stop,-1.1386592517488296,5.467329202545065,"simulated minute opens; intrabar exits only known within minute, not actual exchange fills"
399,1172.0,1687775.0,1688447.0,-1.0,4.162,1818.64,1836.95,1836.5769832659425,1727.9488778443726,3.78458984,3.82269295,-0.755008012511182,-76.20621999999977,-83.0584947774887,4192.231408497264,4109.172913719775,1.8055252543211178,1.0,4100.163414381555,0.0,0.0,2023-03-18 00:00:00+00:00,2023-03-17 00:00:00+00:00,2023-03-18 00:01:00+00:00,66.56,0.03483909628760463,1789.21,2023-03-18 01:35:00+00:00,2023-03-18 12:47:00+00:00,2023-03-18 12:48:00+00:00,stop,-1.1125834042104976,5.05609671431348,"simulated minute opens; intrabar exits only known within minute, not actual exchange fills"
400,1173.0,1689860.0,1690025.0,-1.0,3.107,1782.9,1807.55,1807.1803179432727,1695.6715903583095,2.7697351500000007,2.8080289250000003,0.0,-76.58754999999958,-82.16531407499951,4109.172913719775,4027.007599644776,1.3480742758487296,1.0,4018.2934065318254,0.0,0.0,2023-03-19 00:00:00+00:00,2023-03-18 00:00:00+00:00,2023-03-19 00:01:00+00:00,69.53,0.03639366533769756,1758.52,2023-03-19 12:20:00+00:00,2023-03-19 15:05:00+00:00,2023-03-19 15:06:00+00:00,stop,-1.0891630439842348,3.592556318475192,"simulated minute opens; intrabar exits only known within minute, not actual exchange fills"
401,1174.0,1690780.0,1691956.0,1.0,3.22,1751.14,1727.8700000000001,1728.2243401579583,1851.4308208086427,2.8193354000000004,2.7818707000000003,1.0417066522850196,-74.92939999999994,-81.57231275228514,4027.007599644776,3945.4352868924907,1.4002135979324675,1.0,3940.8824302638905,0.0,0.0,2023-03-20 00:00:00+00:00,2023-03-19 00:00:00+00:00,2023-03-20 00:01:00+00:00,75.18,0.03935101050033227,1779.99,2023-03-20 03:40:00+00:00,2023-03-20 23:16:00+00:00,2023-03-20 23:17:00+00:00,stop,-1.105489283630423,4.376519004905363,"simulated minute opens; intrabar exits only known within minute, not actual exchange fills"
402,1175.0,1692630.0,1692761.0,-1.0,3.398,1757.28,1778.73,1778.3643914392283,1671.4024954163935,2.98561872,3.0220622700000006,0.0,-72.88710000000016,-78.89478099000007,3945.4352868924907,3866.5405059024906,1.513454664897843,1.0,3866.5405059024906,0.0,0.0,2023-03-21 00:00:00+00:00,2023-03-20 00:00:00+00:00,2023-03-21 00:01:00+00:00,67.72,0.03544626803780927,1731.71,2023-03-21 10:30:00+00:00,2023-03-21 12:41:00+00:00,2023-03-21 12:42:00+00:00,stop,-1.1011939835646416,4.0730369112683125,"simulated minute opens; intrabar exits only known within minute, not actual exchange fills"
403,1176.0,1694525.0,1694556.0,1.0,1.682,1794.95,1750.78,1751.1329661015407,1867.6227690552296,1.50955295,1.47240598,0.0,-74.29394000000012,-77.27589893000004,3866.5405059024906,3789.2646069724906,0.7808287267109101,1.0,3789.2646069724906,0.0,0.0,2023-03-22 00:00:00+00:00,2023-03-21 00:00:00+00:00,2023-03-22 00:01:00+00:00,70.31,0.03680193599731793,1800.14,2023-03-22 18:05:00+00:00,2023-03-22 18:36:00+00:00,2023-03-22 18:37:00+00:00,stop,-1.0485160886623908,1.65855062722045,"simulated minute opens; intrabar exits only known within minute, not actual exchange fills"
404,1178.0,1696935.0,1697027.0,1.0,3.665,1782.83,1763.94,1764.2933309882912,1880.6936352592838,3.2670359749999998,3.2324200500000004,0.0,-69.23184999999954,-75.73130602499941,3789.2646069724906,3713.533300947491,1.7243641254234099,1.0,3606.481579099241,0.0,0.0,2023-03-24 00:00:00+00:00,2023-03-23 00:00:00+00:00,2023-03-24 00:01:00+00:00,69.75,0.03650881860066741,1813.27,2023-03-24 10:15:00+00:00,2023-03-24 11:47:00+00:00,2023-03-24 11:48:00+00:00,stop,-1.1147302132302097,5.279461762923445,"simulated minute opens; intrabar exits only known within minute, not actual exchange fills"
405,1179.0,1698935.0,1699199.0,1.0,2.773,1728.15,1740.89,1703.4335725604542,1811.1010555906007,2.396079975,2.413743985,0.0,35.32802000000002,30.51819604000002,3713.533300947491,3744.051496987491,1.2904583213990035,3.0,3669.049846565621,0.0,0.0,2023-03-25 00:00:00+00:00,2023-03-24 00:00:00+00:00,2023-03-25 00:01:00+00:00,66.91,0.0350222946605112,1748.77,2023-03-25 19:35:00+00:00,2023-03-25 23:59:00+00:00,2023-03-25 23:59:00+00:00,scheduled_23_59_exit,0.445269852486505,3.3561102547482338,"simulated minute opens; intrabar exits only known within minute, not actual exchange fills"
406,1180.0,1699820.0,1700018.0,-1.0,3.916,1768.51,1785.8500000000001,1785.4843321435403,1683.4519131332813,3.46274258,3.4966943,0.0,-67.90344000000057,-74.86287688000039,3744.051496987491,3669.188620107491,1.8497302095263188,1.0,3624.9416919741716,0.0,0.0,2023-03-26 00:00:00+00:00,2023-03-25 00:00:00+00:00,2023-03-26 00:01:00+00:00,64.24,0.03362475278719533,1741.02,2023-03-26 10:20:00+00:00,2023-03-26 13:38:00+00:00,2023-03-26 13:39:00+00:00,stop,-1.1262404811181481,5.010982826743378,"simulated minute opens; intrabar exits only known within minute, not actual exchange fills"
407,1182.0,1702815.0,1703205.0,-1.0,4.144,1743.1000000000001,1759.05,1758.6923406895899,1656.9611196481912,3.6117032000000004,3.6447516,-0.4752401766112,-66.09679999999925,-72.87801462338803,3669.188620107491,3596.310605484103,1.9686658680927631,1.0,3567.497766625382,0.0,0.0,2023-03-28 00:00:00+00:00,2023-03-27 00:00:00+00:00,2023-03-28 00:01:00+00:00,65.05,0.0340487261644934,1714.35,2023-03-28 12:15:00+00:00,2023-03-28 18:45:00+00:00,2023-03-28 18:46:00+00:00,stop,-1.1278866874645337,5.524435494750305,"simulated minute opens; intrabar exits only known within minute, not actual exchange fills"
408,1183.0,1703950.0,1704016.0,-1.0,3.973,1802.16,1818.44,1818.0756832731543,1712.5799835267214,3.5799908400000002,3.6123310600000003,-0.5436487796064,-64.68043999999989,-71.32911312039323,3596.310605484103,3524.9814923637095,1.9909241624128815,1.0,3524.9814923637095,0.0,0.0,2023-03-29 00:00:00+00:00,2023-03-28 00:00:00+00:00,2023-03-29 00:01:00+00:00,65.26,0.03415864518823735,1772.09,2023-03-29 07:10:00+00:00,2023-03-29 08:16:00+00:00,2023-03-29 08:17:00+00:00,stop,-1.1280360293097167,5.628411607334384,"simulated minute opens; intrabar exits only known within minute, not actual exchange fills"
409,1184.0,1705125.0,1706399.0,-1.0,3.781,1823.03,1791.96,1839.4651294846876,1730.3650224813593,3.446438215,3.3877003800000005,-0.35936137850849936,117.47566999999977,111.00089278350833,3524.9814923637095,3635.982385147218,1.9554362043977476,3.0,3511.78007414871,0.0,0.0,2023-03-30 00:00:00+00:00,2023-03-29 00:00:00+00:00,2023-03-30 00:01:00+00:00,66.75,0.034938546832896766,1791.89,2023-03-30 02:45:00+00:00,2023-03-30 23:59:00+00:00,2023-03-30 23:59:00+00:00,scheduled_23_59_exit,1.7862681904142668,5.638226191340635,"simulated minute opens; intrabar exits only known within minute, not actual exchange fills"
410,1185.0,1707395.0,1707839.0,-1.0,3.85,1822.82,1821.41,1839.4945129925704,1732.3116074435407,3.5089285,3.5062142500000006,0.0,5.42849999999944,-1.5866427500004647,3635.982385147218,3634.3957423972174,1.930113035934263,3.0,3599.825456647218,0.0,0.0,2023-03-31 00:00:00+00:00,2023-03-30 00:00:00+00:00,2023-03-31 00:01:00+00:00,65.54,0.034305203886562614,1792.77,2023-03-31 16:35:00+00:00,2023-03-31 23:59:00+00:00,2023-03-31 23:59:00+00:00,scheduled_23_59_exit,-0.024715264558775586,5.427948186359999,"simulated minute opens; intrabar exits only known within minute, not actual exchange fills"
411,1187.0,1710275.0,1710461.0,1.0,3.609,1793.82,1775.47,1775.831626678328,1880.1707706972281,3.23694819,3.203835615,0.0,-66.22514999999967,-72.6659338049999,3634.3957423972174,3561.7298085922175,1.7812854842631616,1.0,3561.7298085922175,0.0,0.0,2023-04-02 00:00:00+00:00,2023-04-01 00:00:00+00:00,2023-04-02 00:01:00+00:00,62.33,0.03262501309504802,1819.82,2023-04-02 16:35:00+00:00,2023-04-02 19:41:00+00:00,2023-04-02 19:42:00+00:00,stop,-1.1193143837937887,4.800365722518915,"simulated minute opens; intrabar exits only known within minute, not actual exchange fills"
412,1188.0,1711915.0,1712159.0,-1.0,2.77,1815.04,1809.2,1838.5431812609297,1735.2897842162567,2.5138304,2.505742,0.0,16.176799999999773,11.157227599999715,3561.7298085922175,3572.8870361922172,1.4115783819062893,3.0,3548.2467781922173,0.0,0.0,2023-04-03 00:00:00+00:00,2023-04-02 00:00:00+00:00,2023-04-03 00:01:00+00:00,63.1,0.033028049515442484,1793.56,2023-04-03 19:55:00+00:00,2023-04-03 23:59:00+00:00,2023-04-03 23:59:00+00:00,scheduled_23_59_exit,0.17137594929311112,3.3931668610459593,"simulated minute opens; intrabar exits only known within minute, not actual exchange fills"
413,1190.0,1713640.0,1713657.0,-1.0,3.216,1897.82,1918.1200000000001,1917.7338001607234,1806.1906039802213,3.05169456,3.084336960000001,0.0,-65.28480000000059,-71.42083152000077,3572.8870361922172,3501.4662046722165,1.7082513547656546,1.0,3501.4662046722165,0.0,0.0,2023-04-05 00:00:00+00:00,2023-04-04 00:00:00+00:00,2023-04-05 00:01:00+00:00,65.42,0.03424239301585178,1869.11,2023-04-05 00:40:00+00:00,2023-04-05 00:57:00+00:00,2023-04-05 00:58:00+00:00,stop,-1.1152050246944656,4.601301372929406,"simulated minute opens; intrabar exits only known within minute, not actual exchange fills"
414,1191.0,1715525.0,1715646.0,1.0,3.2640000000000002,1879.18,1859.6000000000001,1859.9775813283466,1972.7090531614576,3.0668217600000003,3.0348672000000008,0.0,-63.90911999999977,-70.01080895999985,3501.4662046722165,3431.4553957122166,1.7517357476749345,1.0,3431.4553957122166,0.0,0.0,2023-04-06 00:00:00+00:00,2023-04-05 00:00:00+00:00,2023-04-06 00:01:00+00:00,64.24,0.03362475278719533,1907.48,2023-04-06 08:05:00+00:00,2023-04-06 10:06:00+00:00,2023-04-06 10:07:00+00:00,stop,-1.117015016012718,4.870691279089993,"simulated minute opens; intrabar exits only known within minute, not actual exchange fills"
415,1195.0,1721965.0,1722123.0,-1.0,3.422,1884.6200000000001,1902.77,1902.3879704089302,1800.0611825227616,3.2245848200000005,3.25563947,0.0,-62.109299999999536,-68.58952428999964,3431.4553957122166,3362.865871422217,1.8794269184027794,1.0,3327.518383025837,0.0,0.0,2023-04-10 00:00:00+00:00,2023-04-09 00:00:00+00:00,2023-04-10 00:01:00+00:00,60.36,0.031593867967545305,1857.84,2023-04-10 19:25:00+00:00,2023-04-10 22:03:00+00:00,2023-04-10 22:04:00+00:00,stop,-1.128080165527857,4.759058886924971,"simulated minute opens; intrabar exits only known within minute, not actual exchange fills"
416,1197.0,1723825.0,1725119.0,1.0,2.65,1866.17,1915.5900000000001,1843.0294834853155,1951.8173769981672,2.4726752500000004,2.53815675,0.24746360274,130.9630000000002,125.70470439726023,3362.865871422217,3488.570575819477,1.4705761957459582,3.0,3334.9745660372164,0.0,0.0,2023-04-12 00:00:00+00:00,2023-04-11 00:00:00+00:00,2023-04-12 00:01:00+00:00,62.61,0.03277157179337328,1888.89,2023-04-12 02:25:00+00:00,2023-04-12 23:59:00+00:00,2023-04-12 23:59:00+00:00,scheduled_23_59_exit,2.0498996847498274,3.7011869179245322,"simulated minute opens; intrabar exits only known within minute, not actual exchange fills"
417,1201.0,1730640.0,1730879.0,-1.0,2.307,2114.68,2118.3,2142.352547306128,2024.891435885964,2.43928338,2.44345905,0.0,-8.351340000000796,-13.234082430000399,3488.570575819477,3475.336493389477,1.3984429020341684,3.0,3445.448874765757,0.0,0.0,2023-04-16 00:00:00+00:00,2023-04-15 00:00:00+00:00,2023-04-16 00:01:00+00:00,61.56,0.03222197667465356,2091.2,2023-04-16 20:00:00+00:00,2023-04-16 23:59:00+00:00,2023-04-16 23:59:00+00:00,scheduled_23_59_exit,-0.2072989499860673,3.2446801200029536,"simulated minute opens; intrabar exits only known within minute, not actual exchange fills"
418,1202.0,1730925.0,1731677.0,1.0,2.821,2087.4,2064.84,2065.261634307195,2190.635828577272,2.9442777,2.9124568200000005,0.58965431921123,-63.64175999999985,-70.08814883921104,3475.336493389477,3405.2483445502658,1.6943842448639914,1.0,3396.9576700463354,0.0,0.0,2023-04-17 00:00:00+00:00,2023-04-16 00:00:00+00:00,2023-04-17 00:01:00+00:00,64.34,0.03367709517945436,2118.09,2023-04-17 00:45:00+00:00,2023-04-17 13:17:00+00:00,2023-04-17 13:18:00+00:00,stop,-1.1222663632620595,4.663209109912903,"simulated minute opens; intrabar exits only known within minute, not actual exchange fills"
419,1203.0,1732745.0,1733019.0,-1.0,2.698,2102.51,2125.63,2125.200434676059,2008.7533396564604,2.8362859900000004,2.86747487,-0.566632613498348,-62.377759999999704,-67.51488824650141,3405.2483445502658,3337.7334563037643,1.6658320938848243,1.0,3337.7334563037643,0.0,0.0,2023-04-18 00:00:00+00:00,2023-04-17 00:00:00+00:00,2023-04-18 00:01:00+00:00,61.52,0.03220103971774995,2074.49,2023-04-18 07:05:00+00:00,2023-04-18 11:39:00+00:00,2023-04-18 11:40:00+00:00,stop,-1.1028457963159812,4.131990492119759,"simulated minute opens; intrabar exits only known within minute, not actual exchange fills"
420,1204.0,1734185.0,1734250.0,1.0,3.096,2072.42,2052.93,2053.3441896865575,2171.779327156373,3.2081061600000003,3.17793564,0.6419121204416399,-60.34104000000073,-67.36899392044279,3337.7334563037643,3270.3644623833216,1.9223261545591992,1.0,3150.0683700222826,0.0,0.0,2023-04-19 00:00:00+00:00,2023-04-18 00:00:00+00:00,2023-04-19 00:01:00+00:00,61.22,0.03204401254097288,2103.29,2023-04-19 07:05:00+00:00,2023-04-19 08:10:00+00:00,2023-04-19 08:11:00+00:00,stop,-1.1407122737470927,5.208655649419766,"simulated minute opens; intrabar exits only known within minute, not actual exchange fills"
421,1205.0,1736120.0,1736639.0,-1.0,3.422,1962.18,1942.05,1978.9119590507855,1873.0523002568223,3.3572899800000005,3.32284755,-0.15102232274783176,68.88486000000037,62.35574479274828,3270.3644623833216,3332.72020717607,2.053159529230776,3.0,3252.600552403321,0.0,0.0,2023-04-20 00:00:00+00:00,2023-04-19 00:00:00+00:00,2023-04-20 00:01:00+00:00,60.02,0.03141590383386463,1932.83,2023-04-20 15:20:00+00:00,2023-04-20 23:59:00+00:00,2023-04-20 23:59:00+00:00,scheduled_23_59_exit,1.089054647454025,5.326794039637206,"simulated minute opens; intrabar exits only known within minute, not actual exchange fills"
422,1206.0,1737070.0,1737366.0,1.0,2.996,1917.6000000000001,1897.27,1897.652181273279,2003.0114800498773,2.8725648,2.84211046,0.39857377767479996,-60.908680000000466,-67.02192903767536,3332.72020717607,3265.6982781383945,1.7238559623545624,1.0,3250.1792489635145,0.0,0.0,2023-04-21 00:00:00+00:00,2023-04-20 00:00:00+00:00,2023-04-21 00:01:00+00:00,58.99,0.030876777193596706,1942.11,2023-04-21 07:10:00+00:00,2023-04-21 12:06:00+00:00,2023-04-21 12:07:00+00:00,stop,-1.1214494483215733,4.281745348701407,"simulated minute opens; intrabar exits only known within minute, not actual exchange fills"
423,1207.0,1739065.0,1739519.0,-1.0,3.204,1874.3,1873.3700000000001,1892.408597671031,1790.405374012703,3.0026286,3.0011387400000005,0.0,2.9797199999994755,-3.024047340000834,3265.6982781383945,3262.6742307983936,1.838889171176979,3.0,3225.208849538394,0.0,0.0,2023-04-22 00:00:00+00:00,2023-04-21 00:00:00+00:00,2023-04-22 00:01:00+00:00,60.49,0.03166191307748203,1848.0,2023-04-22 16:25:00+00:00,2023-04-22 23:59:00+00:00,2023-04-22 23:59:00+00:00,scheduled_23_59_exit,-0.05212082222745206,4.63286155622675,"simulated minute opens; intrabar exits only known within minute, not actual exchange fills"
424,1208.0,1740660.0,1740959.0,1.0,3.594,1846.2,1860.82,1830.2609785134573,1932.4804117732556,3.3176214,3.34389354,0.0,52.5442799999996,45.882765059999656,3262.6742307983936,3308.5569958583933,2.0336822896278925,3.0,3227.3347298318336,0.0,0.0,2023-04-23 00:00:00+00:00,2023-04-22 00:00:00+00:00,2023-04-23 00:01:00+00:00,59.33,0.03105474132727738,1873.39,2023-04-23 19:00:00+00:00,2023-04-23 23:59:00+00:00,2023-04-23 23:59:00+00:00,scheduled_23_59_exit,0.8009582025332361,5.413156124176241,"simulated minute opens; intrabar exits only known within minute, not actual exchange fills"
425,1209.0,1741410.0,1741970.0,1.0,2.872,1840.79,1819.5900000000001,1819.9561923910226,1917.88973487836,2.64337444,2.61293124,0.33481500690079996,-60.886399999999476,-66.47752068690033,3308.5569958583933,3242.079475171493,1.5979017096026698,1.0,3242.079475171493,0.0,0.0,2023-04-24 00:00:00+00:00,2023-04-23 00:00:00+00:00,2023-04-24 00:01:00+00:00,57.22,0.029950316850612033,1861.3,2023-04-24 07:30:00+00:00,2023-04-24 16:50:00+00:00,2023-04-24 16:51:00+00:00,stop,-1.1110196213689607,3.7007030268023318,"simulated minute opens; intrabar exits only known within minute, not actual exchange fills"
426,1210.0,1742890.0,1743275.0,1.0,3.121,1817.06,1798.1000000000001,1798.4633630299822,1899.7419981711948,2.8355221299999998,2.80593505,0.0,-59.174159999999404,-64.81561717999921,3242.079475171493,3177.2638579914938,1.749199642831095,1.0,3177.2638579914938,0.0,0.0,2023-04-25 00:00:00+00:00,2023-04-24 00:00:00+00:00,2023-04-25 00:01:00+00:00,59.81,0.03130598481012069,1841.19,2023-04-25 08:10:00+00:00,2023-04-25 14:35:00+00:00,2023-04-25 14:36:00+00:00,stop,-1.1167384744608466,4.4460726046595616,"simulated minute opens; intrabar exits only known within minute, not actual exchange fills"
427,1211.0,1744420.0,1744470.0,-1.0,3.245,1889.98,1907.65,1907.266945533526,1811.0035130284728,3.06649255,3.0951621250000003,0.0,-57.33915000000024,-63.50080467500038,3177.2638579914938,3113.7630533164934,1.9302725156345575,1.0,3113.7630533164934,0.0,0.0,2023-04-26 00:00:00+00:00,2023-04-25 00:00:00+00:00,2023-04-26 00:01:00+00:00,56.54,0.029594388583250687,1865.4,2023-04-26 09:40:00+00:00,2023-04-26 10:30:00+00:00,2023-04-26 10:31:00+00:00,stop,-1.131999575173571,4.568562260947808,"simulated minute opens; intrabar exits only known within minute, not actual exchange fills"
428,1212.0,1745365.0,1745372.0,-1.0,3.259,1890.83,1908.03,1907.6421206452933,1809.6681680741985,3.081107485,3.109134885,0.0,-56.05480000000015,-62.24504237000019,3113.7630533164934,3051.518010946493,1.9790250139414354,1.0,3051.518010946493,0.0,0.0,2023-04-27 00:00:00+00:00,2023-04-26 00:00:00+00:00,2023-04-27 00:01:00+00:00,57.56,0.030128280984292703,1865.02,2023-04-27 01:25:00+00:00,2023-04-27 01:32:00+00:00,2023-04-27 01:33:00+00:00,stop,-1.1360512098958224,4.827578485675633,"simulated minute opens; intrabar exits only known within minute, not actual exchange fills"
429,1213.0,1747650.0,1748159.0,1.0,3.688,1880.67,1889.8700000000001,1866.380259721046,1964.1473872433128,3.46795548,3.4849202800000003,0.5886742028961002,33.92960000000017,26.38805003710422,3051.518010946493,3077.9060609835974,2.27293790668097,3.0,3041.9164544126534,0.0,0.0,2023-04-28 00:00:00+00:00,2023-04-27 00:00:00+00:00,2023-04-28 00:01:00+00:00,55.74,0.029175649445178514,1907.67,2023-04-28 15:30:00+00:00,2023-04-28 23:59:00+00:00,2023-04-28 23:59:00+00:00,scheduled_23_59_exit,0.5007166709646549,5.841770781954556,"simulated minute opens; intrabar exits only known within minute, not actual exchange fills"
430,1214.0,1749045.0,1749599.0,-1.0,3.0340000000000003,1911.96,1907.39,1929.9288098206669,1838.3386717258618,2.9004433200000004,2.89351063,-0.2915115542518626,13.865379999999808,8.362937604251783,3077.9060609835974,3086.268998587849,1.8846860576850186,3.0,3071.186939674458,0.0,0.0,2023-04-29 00:00:00+00:00,2023-04-28 00:00:00+00:00,2023-04-29 00:01:00+00:00,53.08,0.027783341811088543,1890.13,2023-04-29 14:45:00+00:00,2023-04-29 23:59:00+00:00,2023-04-29 23:59:00+00:00,scheduled_23_59_exit,0.15339950841868838,4.097173324716405,"simulated minute opens; intrabar exits only known within minute, not actual exchange fills"
431,1215.0,1750525.0,1751039.0,-1.0,2.748,1927.29,1875.52,1947.408858704273,1854.4455063722967,2.64809646,2.57696448,-0.43727027182082423,142.26395999999997,137.47616933182098,3086.268998587849,3223.74516791967,1.7160503256272615,3.0,3052.564007031889,0.0,0.0,2023-04-30 00:00:00+00:00,2023-04-29 00:00:00+00:00,2023-04-30 00:01:00+00:00,53.4,0.027950837466317414,1907.01,2023-04-30 15:25:00+00:00,2023-04-30 23:59:00+00:00,2023-04-30 23:59:00+00:00,scheduled_23_59_exit,2.4866081537137674,3.6207070539360258,"simulated minute opens; intrabar exits only known within minute, not actual exchange fills"
432,1216.0,1751175.0,1751880.0,1.0,3.674,1844.8700000000001,1829.16,1829.5350487201717,1921.5312363032422,3.38902619,3.36016692,0.15879034801831537,-57.71854000000013,-64.62652345801826,3223.74516791967,3159.118644461652,2.1025397563834045,1.0,3159.118644461652,0.0,0.0,2023-05-01 00:00:00+00:00,2023-04-30 00:00:00+00:00,2023-05-01 00:01:00+00:00,53.56,0.028034585293931852,1868.41,2023-05-01 02:15:00+00:00,2023-05-01 14:00:00+00:00,2023-05-01 14:01:00+00:00,stop,-1.1470682037087159,4.999118347645642,"simulated minute opens; intrabar exits only known within minute, not actual exchange fills"
433,1217.0,1753355.0,1753422.0,-1.0,2.778,1848.53,1869.41,1869.0302781936937,1779.15648337625,2.56760817,2.59661049,0.0,-58.0046400000003,-63.168858660000296,3159.118644461652,3095.9497858016516,1.6255218362889616,1.0,3095.9497858016516,0.0,0.0,2023-05-02 00:00:00+00:00,2023-05-01 00:00:00+00:00,2023-05-02 00:01:00+00:00,53.8,0.028160207035353494,1829.97,2023-05-02 14:35:00+00:00,2023-05-02 15:42:00+00:00,2023-05-02 15:43:00+00:00,stop,-1.1092029964254373,3.3840280589504723,"simulated minute opens; intrabar exits only known within minute, not actual exchange fills"
434,1218.0,1755210.0,1755257.0,-1.0,2.458,1886.54,1909.82,1909.4349158228786,1816.869170952202,2.31855766,2.34716878,0.0,-57.222239999999935,-61.88796643999967,3095.9497858016516,3034.061819361652,1.4978005590614853,1.0,3034.061819361652,0.0,0.0,2023-05-03 00:00:00+00:00,2023-05-02 00:00:00+00:00,2023-05-03 00:01:00+00:00,54.25,0.028395747800519094,1869.2,2023-05-03 21:30:00+00:00,2023-05-03 22:17:00+00:00,2023-05-03 22:18:00+00:00,stop,-1.0997280005213919,3.0430698931933513,"simulated minute opens; intrabar exits only known within minute, not actual exchange fills"
435,1219.0,1756190.0,1756799.0,1.0,2.69,1884.82,1875.73,1864.5234972550786,1959.714581111009,2.5350829,2.52285685,0.5019810640897041,-24.452099999999778,-30.012020814089283,3034.061819361652,3004.0497985475627,1.671081903356449,3.0,2980.5164809864623,0.0,0.0,2023-05-04 00:00:00+00:00,2023-05-03 00:00:00+00:00,2023-05-04 00:01:00+00:00,54.36,0.028453324432004018,1904.74,2023-05-04 13:50:00+00:00,2023-05-04 23:59:00+00:00,2023-05-04 23:59:00+00:00,scheduled_23_59_exit,-0.5496949499731649,3.6900239441373466,"simulated minute opens; intrabar exits only known within minute, not actual exchange fills"
436,1220.0,1756930.0,1757514.0,-1.0,3.204,1898.8,1915.64,1915.2505340705038,1825.2094525103003,3.0418776000000003,3.06885528,-0.34473289334400004,-53.95536000000047,-59.72135998665681,3004.0497985475627,2944.328438560906,2.0251845368680153,1.0,2944.328438560906,0.0,0.0,2023-05-05 00:00:00+00:00,2023-05-04 00:00:00+00:00,2023-05-05 00:01:00+00:00,52.57,0.02751639561056754,1876.13,2023-05-05 02:10:00+00:00,2023-05-05 11:54:00+00:00,2023-05-05 11:55:00+00:00,stop,-1.1330711443236041,4.473444276903388,"simulated minute opens; intrabar exits only known within minute, not actual exchange fills"
437,1221.0,1758530.0,1758721.0,1.0,3.141,1967.5,1950.72,1951.1172486723553,2049.1895242804744,3.08995875,3.06360576,0.6150771686583361,-52.70597999999991,-59.47462167865797,2944.328438560906,2884.853816882248,2.0989225994843657,1.0,2807.6648726422477,0.0,0.0,2023-05-06 00:00:00+00:00,2023-05-05 00:00:00+00:00,2023-05-06 00:01:00+00:00,53.54,0.028024116815480043,1992.56,2023-05-06 04:50:00+00:00,2023-05-06 08:01:00+00:00,2023-05-06 08:02:00+00:00,stop,-1.155784624096968,4.986312899874731,"simulated minute opens; intrabar exits only known within minute, not actual exchange fills"
438,1222.0,1760560.0,1761119.0,-1.0,2.834,1916.15,1870.64,1934.179733833258,1844.6506452070673,2.7151845500000005,2.6506968800000004,-0.25653556860710536,128.97534,123.86599413860722,2884.853816882248,3008.719811020855,1.8823723643192332,3.0,2834.4424123322483,0.0,0.0,2023-05-07 00:00:00+00:00,2023-05-06 00:00:00+00:00,2023-05-07 00:01:00+00:00,51.74,0.02708195375481766,1895.29,2023-05-07 14:40:00+00:00,2023-05-07 23:59:00+00:00,2023-05-07 23:59:00+00:00,scheduled_23_59_exit,2.424169212403318,3.965635624694788,"simulated minute opens; intrabar exits only known within minute, not actual exchange fills"
439,1223.0,1761230.0,1762199.0,1.0,2.972,1848.03,1829.63,1829.998815148622,1923.4977564573107,2.74617258,2.71883018,0.27287377967160004,-54.68479999999959,-60.4226765396711,3008.719811020855,2948.297134481184,1.8254757853761243,1.0,2948.297134481184,0.0,0.0,2023-05-08 00:00:00+00:00,2023-05-07 00:00:00+00:00,2023-05-08 00:01:00+00:00,54.4,0.02847426138890763,1869.5,2023-05-08 01:50:00+00:00,2023-05-08 17:59:00+00:00,2023-05-08 18:00:00+00:00,stop,-1.1275268393549955,4.185401962175746,"simulated minute opens; intrabar exits only known within minute, not actual exchange fills"
440,1225.0,1764800.0,1765041.0,-1.0,2.967,1868.13,1794.23,1885.73849313556,1793.8613609359604,2.7713708550000002,2.661740205,-0.240705582773319,219.2613000000003,214.06889452277392,2948.297134481184,3162.366029003958,1.8799806997659902,2.0,2905.0558836261844,0.0,0.0,2023-05-10 00:00:00+00:00,2023-05-09 00:00:00+00:00,2023-05-10 00:01:00+00:00,54.53,0.028542306498844355,1845.8,2023-05-10 13:20:00+00:00,2023-05-10 17:21:00+00:00,2023-05-10 17:22:00+00:00,target,4.097451556040825,4.217773689791549,"simulated minute opens; intrabar exits only known within minute, not actual exchange fills"
441,1226.0,1765965.0,1766278.0,1.0,3.87,1817.16,1802.64,1803.0011902351364,1890.1798532222533,3.5162046000000005,3.4881084,0.0,-56.19239999999993,-63.19671299999982,3162.366029003958,3099.169316003958,2.2237809081875892,1.0,3096.4833212576573,0.0,0.0,2023-05-11 00:00:00+00:00,2023-05-10 00:00:00+00:00,2023-05-11 00:01:00+00:00,51.55,0.026982503209525516,1839.86,2023-05-11 08:45:00+00:00,2023-05-11 13:58:00+00:00,2023-05-11 13:59:00+00:00,stop,-1.1533384706194734,5.157202789987214,"simulated minute opens; intrabar exits only known within minute, not actual exchange fills"
442,1227.0,1767065.0,1767121.0,1.0,3.75,1770.73,1755.97,1756.328920408041,1843.664263662503,3.3201187500000002,3.29244375,0.0,-55.349999999999966,-61.962562499999876,3099.169316003958,3037.206753503958,2.1425862297068248,1.0,3035.0353185914587,0.0,0.0,2023-05-12 00:00:00+00:00,2023-05-11 00:00:00+00:00,2023-05-12 00:01:00+00:00,52.98,0.02773099941882952,1793.24,2023-05-12 03:05:00+00:00,2023-05-12 04:01:00+00:00,2023-05-12 04:02:00+00:00,stop,-1.1473688409600928,5.064499727036218,"simulated minute opens; intrabar exits only known within minute, not actual exchange fills"
443,1229.0,1770715.0,1771199.0,-1.0,4.0200000000000005,1818.05,1799.0900000000001,1830.9584672339806,1746.8791968382286,3.6542805000000005,3.6161709000000006,-0.27752132511000005,76.21919999999925,69.22626992510914,3037.206753503958,3106.4330234290674,2.406342930578656,3.0,3022.3729943290678,0.0,0.0,2023-05-14 00:00:00+00:00,2023-05-13 00:00:00+00:00,2023-05-14 00:01:00+00:00,51.32,0.026862115707329767,1794.44,2023-05-14 15:55:00+00:00,2023-05-14 23:59:00+00:00,2023-05-14 23:59:00+00:00,scheduled_23_59_exit,1.3340441466333093,5.5134976036828744,"simulated minute opens; intrabar exits only known within minute, not actual exchange fills"
444,1230.0,1771330.0,1771410.0,-1.0,4.167,1821.92,1834.99,1834.622724212573,1750.8722905176553,3.79597032,3.823201665,0.0,-54.46268999999973,-62.081861984999705,3106.4330234290674,3044.3511614440677,2.443941518371949,1.0,3044.3511614440677,0.0,0.0,2023-05-15 00:00:00+00:00,2023-05-14 00:00:00+00:00,2023-05-15 00:01:00+00:00,51.01,0.0266998542913268,1798.25,2023-05-15 02:10:00+00:00,2023-05-15 03:30:00+00:00,2023-05-15 03:31:00+00:00,stop,-1.1728551097136801,5.593108084014184,"simulated minute opens; intrabar exits only known within minute, not actual exchange fills"
445,1232.0,1775080.0,1775519.0,1.0,3.678,1801.65,1820.63,1787.2579176710008,1873.0404495682199,3.31323435,3.34813857,0.0,69.80844000000006,63.14706707999994,3044.3511614440677,3107.4982285240676,2.176644003465349,3.0,3032.432957628527,0.0,0.0,2023-05-17 00:00:00+00:00,2023-05-16 00:00:00+00:00,2023-05-17 00:01:00+00:00,51.18,0.02678883635816714,1823.53,2023-05-17 16:40:00+00:00,2023-05-17 23:59:00+00:00,2023-05-17 23:59:00+00:00,scheduled_23_59_exit,1.1929378673303999,4.960397525267876,"simulated minute opens; intrabar exits only known within minute, not actual exchange fills"
446,1233.0,1776760.0,1776959.0,1.0,4.0680000000000005,1799.73,1800.16,1786.614248931832,1869.4354095229191,3.6606508200000003,3.661525440000001,0.0,1.7492400000002593,-5.572936259999551,3107.4982285240676,3101.925292264068,2.356011524897092,3.0,3087.580222504068,0.0,0.0,2023-05-18 00:00:00+00:00,2023-05-17 00:00:00+00:00,2023-05-18 00:01:00+00:00,49.47,0.025893781450537872,1821.65,2023-05-18 20:40:00+00:00,2023-05-18 23:59:00+00:00,2023-05-18 23:59:00+00:00,scheduled_23_59_exit,-0.10445036604306632,5.314633463278693,"simulated minute opens; intrabar exits only known within minute, not actual exchange fills"
447,1234.0,1777890.0,1778399.0,-1.0,2.44,1810.0900000000001,1811.5900000000001,1833.3117051513277,1755.81825407267,2.2083098,2.2101398,-0.44281502162316005,-3.66,-7.635634578376539,3101.925292264068,3094.2896576856915,1.4238317121997313,3.0,3071.2457974856916,0.0,0.0,2023-05-19 00:00:00+00:00,2023-05-18 00:00:00+00:00,2023-05-19 00:01:00+00:00,47.15,0.024679437950128575,1799.69,2023-05-19 15:30:00+00:00,2023-05-19 23:59:00+00:00,2023-05-19 23:59:00+00:00,scheduled_23_59_exit,-0.13476006233685098,2.3371128680542848,"simulated minute opens; intrabar exits only known within minute, not actual exchange fills"
448,1238.0,1782820.0,1782918.0,-1.0,3.473,1835.69,1851.66,1851.2846833390213,1771.521767167555,3.1876756850000003,3.21540759,0.0,-55.463810000000095,-61.866893275000166,3094.2896576856915,3032.4227644106913,2.060360236206299,1.0,3027.1023576981515,0.0,0.0,2023-05-23 00:00:00+00:00,2023-05-22 00:00:00+00:00,2023-05-23 00:01:00+00:00,48.08,0.025166222198137477,1816.67,2023-05-23 01:40:00+00:00,2023-05-23 03:18:00+00:00,2023-05-23 03:19:00+00:00,stop,-1.1422915498018755,4.114750613235114,"simulated minute opens; intrabar exits only known within minute, not actual exchange fills"
449,1240.0,1785695.0,1787039.0,1.0,3.873,1777.0900000000001,1804.66,1763.5643501412117,1846.9742315591693,3.4413347850000005,3.49472409,0.46825670671983716,106.77860999999976,99.37429441827999,3032.4227644106913,3131.7970588289713,2.2696932798344664,3.0,3011.1629979609206,0.0,0.0,2023-05-25 00:00:00+00:00,2023-05-24 00:00:00+00:00,2023-05-25 00:01:00+00:00,50.45,0.026406736894676285,1798.84,2023-05-25 01:35:00+00:00,2023-05-25 23:59:00+00:00,2023-05-25 23:59:00+00:00,scheduled_23_59_exit,1.8970047595471013,5.166792892672798,"simulated minute opens; intrabar exits only known within minute, not actual exchange fills"
450,1241.0,1787865.0,1788479.0,-1.0,3.529,1822.55,1827.2,1838.0901485320067,1761.0075737108098,3.215889475,3.2240944,-0.244999092261,-16.409850000000322,-22.604834782739545,3131.7970588289713,3109.192224046232,2.0537023405995996,3.0,3075.189733469861,0.0,0.0,2023-05-26 00:00:00+00:00,2023-05-25 00:00:00+00:00,2023-05-26 00:01:00+00:00,46.77,0.024480536859544298,1804.65,2023-05-26 13:45:00+00:00,2023-05-26 23:59:00+00:00,2023-05-26 23:59:00+00:00,scheduled_23_59_exit,-0.4121872115834288,3.9602212399988708,"simulated minute opens; intrabar exits only known within minute, not actual exchange fills"
451,1243.0,1790000.0,1791225.0,-1.0,4.612,1849.74,1861.3600000000001,1860.9843973316256,1786.8656197838545,4.26550044,4.292296160000001,-0.11839558177920002,-53.591440000000546,-62.030841018221054,3109.192224046232,3047.1613830280107,2.7437997606008255,1.0,3020.5071591880114,0.0,0.0,2023-05-28 00:00:00+00:00,2023-05-27 00:00:00+00:00,2023-05-28 00:01:00+00:00,44.37,0.023224319445327782,1828.85,2023-05-28 01:20:00+00:00,2023-05-28 21:45:00+00:00,2023-05-28 21:46:00+00:00,stop,-1.1961404779401934,5.591618506694647,"simulated minute opens; intrabar exits only known within minute, not actual exchange fills"
452,1244.0,1792330.0,1792387.0,1.0,3.074,1890.28,1872.3400000000001,1872.7222517732205,1956.934173150813,2.9053603599999995,2.87778658,0.0,-55.147559999999466,-60.93070693999971,3047.1613830280107,2986.230676088011,1.906929102070005,1.0,2986.230676088011,0.0,0.0,2023-05-29 00:00:00+00:00,2023-05-28 00:00:00+00:00,2023-05-29 00:01:00+00:00,48.02,0.025134816762782064,1908.36,2023-05-29 16:10:00+00:00,2023-05-29 17:07:00+00:00,2023-05-29 17:08:00+00:00,stop,-1.1289209609332462,3.7962825465939,"simulated minute opens; intrabar exits only known within minute, not actual exchange fills"
453,1245.0,1793440.0,1794239.0,-1.0,3.855,1912.57,1900.3700000000001,1925.7479653811245,1846.7816169309947,3.686478675,3.6629631750000002,-0.321215372334,47.030999999999295,40.00277352233297,2986.230676088011,3026.233449610344,2.46898453258763,3.0,2972.9452474130107,0.0,0.0,2023-05-30 00:00:00+00:00,2023-05-29 00:00:00+00:00,2023-05-30 00:01:00+00:00,45.71,0.02392570750159867,1891.5,2023-05-30 10:40:00+00:00,2023-05-30 23:59:00+00:00,2023-05-30 23:59:00+00:00,scheduled_23_59_exit,0.7874397944361757,4.992302010691069,"simulated minute opens; intrabar exits only known within minute, not actual exchange fills"
454,1247.0,1795875.0,1797119.0,1.0,4.187,1854.24,1860.16,1842.0115768993132,1914.748646271987,3.8818514400000006,3.8942449600000004,1.488148869924605,24.787040000000307,15.52279473007593,3026.233449610344,3041.75624434042,2.5654672745090603,3.0,3006.5381222508036,0.0,0.0,2023-06-01 00:00:00+00:00,2023-05-31 00:00:00+00:00,2023-06-01 00:01:00+00:00,42.28,0.022130363447114238,1872.84,2023-06-01 03:15:00+00:00,2023-06-01 23:59:00+00:00,2023-06-01 23:59:00+00:00,scheduled_23_59_exit,0.3031771714557458,4.948196981227173,"simulated minute opens; intrabar exits only known within minute, not actual exchange fills"
455,1248.0,1797960.0,1798078.0,-1.0,3.7720000000000002,1877.89,1892.13,1891.7442095119723,1819.847688231819,3.5417005400000003,3.5685571800000004,0.0,-53.71328000000004,-60.82353771999988,3041.75624434042,2980.93270662042,2.3287208148843557,1.0,2980.93270662042,0.0,0.0,2023-06-02 00:00:00+00:00,2023-06-01 00:00:00+00:00,2023-06-02 00:01:00+00:00,42.3,0.02214083192556604,1860.59,2023-06-02 14:00:00+00:00,2023-06-02 15:58:00+00:00,2023-06-02 15:59:00+00:00,stop,-1.16390689674972,4.189507291485939,"simulated minute opens; intrabar exits only known within minute, not actual exchange fills"
456,1249.0,1799765.0,1799999.0,1.0,3.665,1887.8500000000001,1890.74,1873.8521650132363,1948.7210105348652,3.459485125,3.46478105,0.0,10.591849999999534,3.667583824999838,2980.93270662042,2984.60029044542,2.3210756266431325,3.0,2953.3247691862694,0.0,0.0,2023-06-03 00:00:00+00:00,2023-06-02 00:00:00+00:00,2023-06-03 00:01:00+00:00,42.77,0.022386841169183443,1905.58,2023-06-03 20:05:00+00:00,2023-06-03 23:59:00+00:00,2023-06-03 23:59:00+00:00,scheduled_23_59_exit,0.07148998405440642,4.348601808238491,"simulated minute opens; intrabar exits only known within minute, not actual exchange fills"
457,1250.0,1800840.0,1801439.0,-1.0,3.205,1906.05,1889.76,1922.3605799741365,1849.774836070493,3.0544451250000004,3.0283404000000003,-0.4921188196600753,52.20944999999988,46.618783294659806,2984.60029044542,3031.2190737400797,2.046803476350367,3.0,2962.1030735547797,0.0,0.0,2023-06-04 00:00:00+00:00,2023-06-03 00:00:00+00:00,2023-06-04 00:01:00+00:00,42.02,0.021994273227240783,1890.91,2023-06-04 14:00:00+00:00,2023-06-04 23:59:00+00:00,2023-06-04 23:59:00+00:00,scheduled_23_59_exit,0.8917918453351887,3.4502245793062998,"simulated minute opens; intrabar exits only known within minute, not actual exchange fills"
458,1251.0,1801640.0,1802224.0,1.0,3.719,1872.01,1857.58,1857.9563424930457,1930.1027594117322,3.481002595,3.45417001,0.16071780718481643,-53.66517000000024,-60.76106041218509,3031.2190737400797,2970.4580133278946,2.2967674129240376,1.0,2970.4580133278946,0.0,0.0,2023-06-05 00:00:00+00:00,2023-06-04 00:00:00+00:00,2023-06-05 00:01:00+00:00,41.59,0.021769200940526992,1888.54,2023-06-05 03:20:00+00:00,2023-06-05 13:04:00+00:00,2023-06-05 13:05:00+00:00,stop,-1.1625450755824958,4.133639900003652,"simulated minute opens; intrabar exits only known within minute, not actual exchange fills"
459,1252.0,1803735.0,1803756.0,-1.0,4.569,1828.14,1839.3,1838.9293663985818,1772.2027501347602,4.17638583,4.201880849999999,0.0,-50.99003999999933,-59.36830667999948,2970.4580133278946,2911.089706647895,2.811947390780365,1.0,2911.089706647895,0.0,0.0,2023-06-06 00:00:00+00:00,2023-06-05 00:00:00+00:00,2023-06-06 00:01:00+00:00,40.35,0.021120155276515125,1810.03,2023-06-06 14:15:00+00:00,2023-06-06 14:36:00+00:00,2023-06-06 14:37:00+00:00,stop,-1.2043079750918413,5.184479588402245,"simulated minute opens; intrabar exits only known within minute, not actual exchange fills"
460,1253.0,1805005.0,1805175.0,1.0,3.782,1865.23,1851.7,1852.0782799239025,1925.653782027466,3.52714993,3.5015647,0.0,-51.1704599999999,-58.199174630000016,2911.089706647895,2852.890532017895,2.423250593717701,1.0,2852.890532017895,0.0,0.0,2023-06-07 00:00:00+00:00,2023-06-06 00:00:00+00:00,2023-06-07 00:01:00+00:00,42.53,0.02226121942776179,1883.26,2023-06-07 11:25:00+00:00,2023-06-07 14:15:00+00:00,2023-06-07 14:16:00+00:00,stop,-1.1700724248205123,4.594363450396327,"simulated minute opens; intrabar exits only known within minute, not actual exchange fills"
461,1254.0,1806630.0,1807199.0,-1.0,4.261,1850.3400000000001,1845.3500000000001,1861.4915721215234,1791.827745222965,3.9421493700000005,3.931518175000001,-0.49552907061900003,21.26239000000004,13.884251525618765,2852.890532017895,2866.774783543514,2.7636176893276416,3.0,2807.5314626478958,0.0,0.0,2023-06-08 00:00:00+00:00,2023-06-07 00:00:00+00:00,2023-06-08 00:01:00+00:00,41.64,0.0217953721366565,1831.31,2023-06-08 14:30:00+00:00,2023-06-08 23:59:00+00:00,2023-06-08 23:59:00+00:00,scheduled_23_59_exit,0.29219638661628045,5.24699604140144,"simulated minute opens; intrabar exits only known within minute, not actual exchange fills"
462,1257.0,1811300.0,1811519.0,-1.0,3.204,1766.48,1752.28,1782.232569293979,1709.385999560184,2.8299009600000002,2.80715256,0.0,45.49680000000015,39.85974648000001,2866.774783543514,2906.634530023514,1.9742750468190353,3.0,2851.064802583514,0.0,0.0,2023-06-11 00:00:00+00:00,2023-06-10 00:00:00+00:00,2023-06-11 00:01:00+00:00,45.56,0.02384719391321014,1750.64,2023-06-11 20:20:00+00:00,2023-06-11 23:59:00+00:00,2023-06-11 23:59:00+00:00,scheduled_23_59_exit,0.7897518028855877,3.624424649357927,"simulated minute opens; intrabar exits only known within minute, not actual exchange fills"
463,1258.0,1811695.0,1812563.0,1.0,4.496,1732.0,1720.8,1721.1522444104874,1793.5142625360072,3.8935360000000006,3.8683584,0.9559435808998253,-50.35520000000021,-59.07303798090015,2906.634530023514,2847.5614920426137,2.679068152382063,1.0,2847.5614920426137,0.0,0.0,2023-06-12 00:00:00+00:00,2023-06-11 00:00:00+00:00,2023-06-12 00:01:00+00:00,44.96,0.02353313955965601,1751.8,2023-06-12 02:55:00+00:00,2023-06-12 17:23:00+00:00,2023-06-12 17:24:00+00:00,stop,-1.211220219224668,5.670690312701897,"simulated minute opens; intrabar exits only known within minute, not actual exchange fills"
464,1261.0,1816415.0,1817279.0,1.0,3.373,1634.33,1665.38,1619.40814525524,1692.120624908151,2.756297545,2.80866337,0.16838782480520004,104.73165000000063,98.9983012601956,2847.5614920426137,2946.5597933028093,1.9359002800833998,3.0,2833.5731044976137,0.0,0.0,2023-06-15 00:00:00+00:00,2023-06-14 00:00:00+00:00,2023-06-15 00:01:00+00:00,47.95,0.02509817708820075,1650.18,2023-06-15 09:35:00+00:00,2023-06-15 23:59:00+00:00,2023-06-15 23:59:00+00:00,scheduled_23_59_exit,1.9669285909586485,3.8728848321248663,"simulated minute opens; intrabar exits only known within minute, not actual exchange fills"
465,1263.0,1819420.0,1820159.0,-1.0,4.081,1736.8700000000001,1727.33,1749.2072725708326,1675.6832618004075,3.5440832350000004,3.5246168650000005,0.010219615448735,38.932740000000784,31.853820284552057,2946.5597933028093,2978.4136135873614,2.4055736069264864,3.0,2923.75339006781,0.0,0.0,2023-06-17 00:00:00+00:00,2023-06-16 00:00:00+00:00,2023-06-17 00:01:00+00:00,46.88,0.02453811349102922,1717.31,2023-06-17 11:40:00+00:00,2023-06-17 23:59:00+00:00,2023-06-17 23:59:00+00:00,scheduled_23_59_exit,0.6326678576039996,4.959502827573805,"simulated minute opens; intrabar exits only known within minute, not actual exchange fills"
466,1265.0,1822710.0,1823039.0,-1.0,4.0040000000000004,1738.52,1737.3,1751.2906810270874,1679.1242569036267,3.48051704,3.4780746000000002,0.0,4.88488000000011,-2.073711640000056,2978.4136135873614,2976.3399019473613,2.3371616515060705,3.0,2970.368536547361,0.0,0.0,2023-06-19 00:00:00+00:00,2023-06-18 00:00:00+00:00,2023-06-19 00:01:00+00:00,45.94,0.024046095003794416,1719.99,2023-06-19 18:30:00+00:00,2023-06-19 23:59:00+00:00,2023-06-19 23:59:00+00:00,scheduled_23_59_exit,-0.04055461090144629,4.650945628537039,"simulated minute opens; intrabar exits only known within minute, not actual exchange fills"
467,1266.0,1823915.0,1824108.0,1.0,4.363,1717.1200000000001,1777.6000000000001,1705.540368338125,1777.962459096197,3.7458972800000008,3.8778344000000007,0.17823822887920002,263.8742400000001,256.0722700911206,2976.3399019473613,3232.412172038482,2.5171165951503944,2.0,2970.800760358481,0.0,0.0,2023-06-20 00:00:00+00:00,2023-06-19 00:00:00+00:00,2023-06-20 00:01:00+00:00,45.4,0.0237634460855957,1736.21,2023-06-20 14:35:00+00:00,2023-06-20 17:48:00+00:00,2023-06-20 17:49:00+00:00,target,5.068536676761284,5.2542654958979025,"simulated minute opens; intrabar exits only known within minute, not actual exchange fills"
468,1267.0,1824565.0,1825183.0,-1.0,3.293,1808.0,1825.81,1825.438123280816,1746.9328204820515,2.976872,3.006196165,-0.060745985462555684,-58.648329999999824,-64.57065217953732,3232.412172038482,3167.8415198589446,1.841888869093493,1.0,3166.458176562154,0.0,0.0,2023-06-21 00:00:00+00:00,2023-06-20 00:00:00+00:00,2023-06-21 00:01:00+00:00,47.99,0.025119114045104356,1791.37,2023-06-21 01:25:00+00:00,2023-06-21 11:43:00+00:00,2023-06-21 11:44:00+00:00,stop,-1.1244591909256507,3.5019353020132513,"simulated minute opens; intrabar exits only known within minute, not actual exchange fills"
469,1268.0,1825975.0,1826074.0,-1.0,3.25,1909.48,1927.05,1926.6556065735447,1838.3670597921698,3.1029050000000002,3.13145625,0.0,-57.10249999999979,-63.336861249999856,3167.8415198589446,3104.5046586089447,1.9590026714077313,1.0,3101.989085776445,0.0,0.0,2023-06-22 00:00:00+00:00,2023-06-21 00:00:00+00:00,2023-06-22 00:01:00+00:00,51.21,0.026804539075844847,1888.31,2023-06-22 00:55:00+00:00,2023-06-22 02:34:00+00:00,2023-06-22 02:35:00+00:00,stop,-1.1346478458593396,4.140345198484254,"simulated minute opens; intrabar exits only known within minute, not actual exchange fills"
470,1269.0,1828290.0,1828302.0,-1.0,2.819,1887.27,1907.39,1907.0017695644653,1824.871704281317,2.660107065,2.688466205,0.0,-56.718280000000334,-62.06685327000014,3104.5046586089447,3042.4378053389446,1.7137078906442558,1.0,3042.4378053389446,0.0,0.0,2023-06-23 00:00:00+00:00,2023-06-22 00:00:00+00:00,2023-06-23 00:01:00+00:00,48.06,0.025155753719685675,1871.36,2023-06-23 15:30:00+00:00,2023-06-23 15:42:00+00:00,2023-06-23 15:43:00+00:00,stop,-1.1158314984405004,3.1623263952491625,"simulated minute opens; intrabar exits only known within minute, not actual exchange fills"
471,1270.0,1830080.0,1830239.0,1.0,3.924,1868.48,1874.0,1855.2173465872474,1942.6595340842803,3.66595776,3.676788,0.0,21.66047999999993,14.317734239999936,3042.4378053389446,3056.7555395789445,2.4098818083096964,3.0,3037.8354427009845,0.0,0.0,2023-06-24 00:00:00+00:00,2023-06-23 00:00:00+00:00,2023-06-24 00:01:00+00:00,50.28,0.026317754827835948,1892.2,2023-06-24 21:20:00+00:00,2023-06-24 23:59:00+00:00,2023-06-24 23:59:00+00:00,scheduled_23_59_exit,0.27511538501726623,5.59311412096117,"simulated minute opens; intrabar exits only known within minute, not actual exchange fills"
472,1271.0,1830490.0,1830508.0,-1.0,3.862,1897.46,1911.38,1910.9912305060316,1826.881173360094,3.66399526,3.69087478,0.0,-53.75904000000028,-61.113910040000064,3056.7555395789445,2995.6416295389445,2.3973099664389257,1.0,2995.6416295389445,0.0,0.0,2023-06-25 00:00:00+00:00,2023-06-24 00:00:00+00:00,2023-06-25 00:01:00+00:00,49.14,0.0257210515560831,1874.48,2023-06-25 04:10:00+00:00,2023-06-25 04:28:00+00:00,2023-06-25 04:29:00+00:00,stop,-1.169473832623448,5.215994702658094,"simulated minute opens; intrabar exits only known within minute, not actual exchange fills"
473,1272.0,1831765.0,1832685.0,1.0,3.462,1877.52,1862.0900000000001,1862.4696948011638,1947.0764775811783,3.24998712,3.2232777900000005,0.9285906571290095,-53.418659999999434,-60.82051556712804,2995.6416295389445,2934.8211139718164,2.1698103591251012,1.0,2892.351044966256,0.0,0.0,2023-06-26 00:00:00+00:00,2023-06-25 00:00:00+00:00,2023-06-26 00:01:00+00:00,48.5,0.025386060245625366,1898.27,2023-06-26 01:25:00+00:00,2023-06-26 16:45:00+00:00,2023-06-26 16:46:00+00:00,stop,-1.167287209654778,4.621599141162725,"simulated minute opens; intrabar exits only known within minute, not actual exchange fills"
474,1273.0,1833750.0,1833965.0,-1.0,3.021,1875.49,1893.03,1892.645615499769,1813.1091030360667,2.832927645,2.8594218149999997,0.0,-52.98833999999989,-58.68068945999994,2934.8211139718164,2876.1404245118165,1.9305623988550906,1.0,2876.1404245118165,0.0,0.0,2023-06-27 00:00:00+00:00,2023-06-26 00:00:00+00:00,2023-06-27 00:01:00+00:00,46.87,0.024532879251803315,1858.14,2023-06-27 10:30:00+00:00,2023-06-27 14:05:00+00:00,2023-06-27 14:06:00+00:00,stop,-1.1322391784929817,3.636179475156287,"simulated minute opens; intrabar exits only known within minute, not actual exchange fills"
475,1274.0,1834590.0,1834731.0,1.0,3.047,1870.48,1853.47,1853.8456317796852,1937.0312772742657,2.84967628,2.8237615450000004,0.0,-51.82946999999997,-57.502907824999966,2876.1404245118165,2818.6375166868165,1.9815974600639965,1.0,2818.6375166868165,0.0,0.0,2023-06-28 00:00:00+00:00,2023-06-27 00:00:00+00:00,2023-06-28 00:01:00+00:00,47.92,0.025082474370523043,1889.05,2023-06-28 00:30:00+00:00,2023-06-28 02:51:00+00:00,2023-06-28 02:52:00+00:00,stop,-1.1345170883588136,4.0008298717945525,"simulated minute opens; intrabar exits only known within minute, not actual exchange fills"
476,1275.0,1836515.0,1836613.0,-1.0,3.371,1846.6200000000001,1861.48,1861.1044993753233,1783.0894550083658,3.1124780100000002,3.13752454,0.0,-50.09305999999966,-56.34306254999956,2818.6375166868165,2762.294454136817,2.2084982489402045,1.0,2761.5890386768174,0.0,0.0,2023-06-29 00:00:00+00:00,2023-06-28 00:00:00+00:00,2023-06-29 00:01:00+00:00,46.75,0.024470068381092492,1827.26,2023-06-29 08:35:00+00:00,2023-06-29 10:13:00+00:00,2023-06-29 10:14:00+00:00,stop,-1.1539266609707723,4.386105680660917,"simulated minute opens; intrabar exits only known within minute, not actual exchange fills"
477,1276.0,1837670.0,1837713.0,-1.0,3.275,1868.3,1883.29,1882.9036695286932,1809.7344510922596,3.05934125,3.0838873749999998,0.0,-49.09225000000003,-55.23547862500027,2762.294454136817,2707.0589755118167,2.2150725064218446,1.0,2706.9873817193165,0.0,0.0,2023-06-30 00:00:00+00:00,2023-06-29 00:00:00+00:00,2023-06-30 00:01:00+00:00,43.27,0.02264855313047855,1851.19,2023-06-30 03:50:00+00:00,2023-06-30 04:33:00+00:00,2023-06-30 04:34:00+00:00,stop,-1.1549011682893982,4.010331019383246,"simulated minute opens; intrabar exits only known within minute, not actual exchange fills"
478,1278.0,1841250.0,1841759.0,1.0,2.112,1914.26,1937.0,1890.9229116945953,1969.1956161936089,2.02145856,2.045472,0.40508401320499204,48.02688000000002,43.554865426795004,2707.0589755118167,2750.6138409386117,1.493472124756948,3.0,2677.7688011440514,0.0,0.0,2023-07-02 00:00:00+00:00,2023-07-01 00:00:00+00:00,2023-07-02 00:01:00+00:00,44.28,0.023177211292294664,1924.08,2023-07-02 15:30:00+00:00,2023-07-02 23:59:00+00:00,2023-07-02 23:59:00+00:00,scheduled_23_59_exit,0.88368217095052,2.354004727354366,"simulated minute opens; intrabar exits only known within minute, not actual exchange fills"
479,1279.0,1842275.0,1842693.0,-1.0,3.569,1960.48,1973.92,1973.5179030479667,1890.929198143976,3.4984765600000003,3.52246024,0.0,-47.96736000000019,-54.98829680000017,2750.6138409386117,2695.6255441386115,2.5437787797986138,1.0,2695.6255441386115,0.0,0.0,2023-07-03 00:00:00+00:00,2023-07-02 00:00:00+00:00,2023-07-03 00:01:00+00:00,46.67,0.024428194467285277,1937.69,2023-07-03 08:35:00+00:00,2023-07-03 15:33:00+00:00,2023-07-03 15:34:00+00:00,stop,-1.181723774391994,5.334508287118369,"simulated minute opens; intrabar exits only known within minute, not actual exchange fills"
480,1280.0,1844385.0,1844639.0,1.0,2.734,1935.8500000000001,1935.1100000000001,1918.4536146136045,2004.8137855264793,2.64630695,2.6452953700000004,0.0,-2.0231600000000247,-7.314762320000227,2695.6255441386115,2688.3107818186113,1.9634084235135327,3.0,2681.179223498951,0.0,0.0,2023-07-04 00:00:00+00:00,2023-07-03 00:00:00+00:00,2023-07-04 00:01:00+00:00,48.07,0.025160987958911574,1955.0,2023-07-04 19:45:00+00:00,2023-07-04 23:59:00+00:00,2023-07-04 23:59:00+00:00,scheduled_23_59_exit,-0.1537951672473505,3.96425947084446,"simulated minute opens; intrabar exits only known within minute, not actual exchange fills"
481,1281.0,1845295.0,1845419.0,1.0,3.661,1912.78,1900.01,1900.3917753317128,1983.8480153132346,3.50134379,3.477968305,0.0,-46.75096999999993,-53.73028209500035,2688.3107818186113,2634.580499723611,2.604865340480747,1.0,2630.773484985371,0.0,0.0,2023-07-05 00:00:00+00:00,2023-07-04 00:00:00+00:00,2023-07-05 00:01:00+00:00,46.92,0.02455905044793283,1935.72,2023-07-05 10:55:00+00:00,2023-07-05 12:59:00+00:00,2023-07-05 13:00:00+00:00,stop,-1.184705265926475,5.736739300116398,"simulated minute opens; intrabar exits only known within minute, not actual exchange fills"
482,1282.0,1846790.0,1846957.0,-1.0,3.242,1929.33,1866.66,1943.2474374962374,1866.2796353964989,3.12744393,3.02585586,0.0,203.1761399999995,197.02284020999923,2634.580499723611,2831.60333993361,2.3741494559214225,2.0,2621.824315793611,0.0,0.0,2023-07-06 00:00:00+00:00,2023-07-05 00:00:00+00:00,2023-07-06 00:01:00+00:00,44.12,0.02309346346468023,1909.88,2023-07-06 11:50:00+00:00,2023-07-06 14:37:00+00:00,2023-07-06 14:38:00+00:00,target,4.3666087968010965,4.5303141918579986,"simulated minute opens; intrabar exits only known within minute, not actual exchange fills"
483,1283.0,1848280.0,1848959.0,-1.0,3.5460000000000003,1864.8,1870.3600000000001,1878.5103465231582,1800.8375620466604,3.3062904000000004,3.3161482800000006,-0.17152919704800001,-19.715760000000614,-26.16666948295233,2831.60333993361,2805.436670450658,2.335277934851934,3.0,2783.22738953361,0.0,0.0,2023-07-07 00:00:00+00:00,2023-07-06 00:00:00+00:00,2023-07-07 00:01:00+00:00,46.1,0.024129842831408854,1844.82,2023-07-07 12:40:00+00:00,2023-07-07 23:59:00+00:00,2023-07-07 23:59:00+00:00,scheduled_23_59_exit,-0.5382218020190677,4.665267784829515,"simulated minute opens; intrabar exits only known within minute, not actual exchange fills"
484,1284.0,1850130.0,1850399.0,1.0,4.197,1849.03,1864.22,1837.8830768771697,1913.6972971619155,3.8801894550000005,3.91206567,0.0,63.75243000000023,55.96017487500012,2805.436670450658,2861.396845325658,2.7661928682045045,3.0,2770.926807900138,0.0,0.0,2023-07-08 00:00:00+00:00,2023-07-07 00:00:00+00:00,2023-07-08 00:01:00+00:00,44.13,0.023098697703906133,1870.0,2023-07-08 19:30:00+00:00,2023-07-08 23:59:00+00:00,2023-07-08 23:59:00+00:00,scheduled_23_59_exit,1.196148466538868,5.801358495912575,"simulated minute opens; intrabar exits only known within minute, not actual exchange fills"
485,1286.0,1853160.0,1853279.0,-1.0,2.72,1874.6200000000001,1879.58,1893.385967595415,1820.526330728037,2.5494832,2.5562288,0.0,-13.491199999999482,-18.59691199999952,2861.396845325658,2842.7999333256585,1.7819850498296341,3.0,2841.520962125658,0.0,0.0,2023-07-10 00:00:00+00:00,2023-07-09 00:00:00+00:00,2023-07-10 00:01:00+00:00,42.84,0.02242348084376476,1861.81,2023-07-10 22:00:00+00:00,2023-07-10 23:59:00+00:00,2023-07-10 23:59:00+00:00,scheduled_23_59_exit,-0.36433506373901836,2.8825409079987963,"simulated minute opens; intrabar exits only known within minute, not actual exchange fills"
486,1288.0,1855640.0,1856159.0,-1.0,3.6270000000000002,1895.19,1871.53,1908.567997696788,1837.2265409748345,3.4369270650000003,3.394019655,-0.49985884262435853,85.8148200000003,79.48373212262459,2842.7999333256585,2922.283665448283,2.417987298162977,3.0,2835.4821162606586,0.0,0.0,2023-07-12 00:00:00+00:00,2023-07-11 00:00:00+00:00,2023-07-12 00:01:00+00:00,41.59,0.021769200940526992,1877.66,2023-07-12 15:20:00+00:00,2023-07-12 23:59:00+00:00,2023-07-12 23:59:00+00:00,scheduled_23_59_exit,1.6380968628311836,4.332745477978527,"simulated minute opens; intrabar exits only known within minute, not actual exchange fills"
487,1293.0,1862550.0,1863033.0,1.0,3.217,1904.55,1888.28,1888.6670802207268,1964.901624605818,3.063468675,3.03729838,0.24322451976679133,-52.34058999999994,-58.68458157476698,2922.283665448283,2863.599083873516,2.0966264919597113,1.0,2851.525943225326,0.0,0.0,2023-07-17 00:00:00+00:00,2023-07-16 00:00:00+00:00,2023-07-17 00:01:00+00:00,43.2,0.022611913455897237,1920.97,2023-07-17 10:30:00+00:00,2023-07-17 18:33:00+00:00,2023-07-17 18:34:00+00:00,stop,-1.1485307021022837,3.79978149134616,"simulated minute opens; intrabar exits only known within minute, not actual exchange fills"
488,1294.0,1864100.0,1864368.0,1.0,3.493,1892.5,1878.0,1878.3780548960306,1953.875112331382,3.30525125,3.279927,0.4743862745079243,-50.6485,-57.70806452450779,2863.599083873516,2805.8910193490083,2.308459496731695,1.0,2805.5032963490085,0.0,0.0,2023-07-18 00:00:00+00:00,2023-07-17 00:00:00+00:00,2023-07-18 00:01:00+00:00,43.02,0.022517697149830995,1910.37,2023-07-18 12:20:00+00:00,2023-07-18 16:48:00+00:00,2023-07-18 16:49:00+00:00,stop,-1.1698856237617892,4.346080648205506,"simulated minute opens; intrabar exits only known within minute, not actual exchange fills"
489,1295.0,1865630.0,1866239.0,-1.0,3.0,1911.89,1887.79,1928.2753836262284,1854.8545524465692,2.867835,2.831685,-0.5237105928938334,72.30000000000041,67.12419059289414,2805.8910193490083,2873.0152099419024,2.0441528058102296,3.0,2788.4568949419017,0.0,0.0,2023-07-19 00:00:00+00:00,2023-07-18 00:00:00+00:00,2023-07-19 00:01:00+00:00,42.38,0.02218270583937326,1896.46,2023-07-19 13:50:00+00:00,2023-07-19 23:59:00+00:00,2023-07-19 23:59:00+00:00,scheduled_23_59_exit,1.3655298348838076,3.48087349399214,"simulated minute opens; intrabar exits only known within minute, not actual exchange fills"
490,1296.0,1866600.0,1866814.0,-1.0,3.719,1905.45,1918.98,1918.5906688011175,1846.9422390362458,3.543184275,3.56834331,-0.6552895378886999,-50.3180699999999,-56.77430804711139,2873.0152099419024,2816.240901894791,2.4665266391483183,1.0,2816.240901894791,0.0,0.0,2023-07-20 00:00:00+00:00,2023-07-19 00:00:00+00:00,2023-07-20 00:01:00+00:00,41.55,0.02174826398362338,1887.55,2023-07-20 06:00:00+00:00,2023-07-20 09:34:00+00:00,2023-07-20 09:35:00+00:00,stop,-1.1617380183420942,4.452418811345328,"simulated minute opens; intrabar exits only known within minute, not actual exchange fills"
491,1299.0,1871600.0,1871638.0,-1.0,4.155,1882.69,1894.3500000000001,1893.9659728880827,1828.4384591789087,3.9112884750000005,3.9355121250000007,0.0,-48.44730000000034,-56.29410060000055,2816.240901894791,2759.9468012947905,2.7776661239231712,1.0,2759.9468012947905,0.0,0.0,2023-07-23 00:00:00+00:00,2023-07-22 00:00:00+00:00,2023-07-23 00:01:00+00:00,38.44,0.020120415584367814,1865.6,2023-07-23 17:20:00+00:00,2023-07-23 17:58:00+00:00,2023-07-23 17:59:00+00:00,stop,-1.2015388946455647,4.811251442297181,"simulated minute opens; intrabar exits only known within minute, not actual exchange fills"
492,1300.0,1872195.0,1872590.0,1.0,4.607,1870.26,1860.15,1860.527432500382,1924.9290523832115,4.30814391,4.284855525000001,-0.006907477808,-46.57676999999954,-55.16286195719158,2759.9468012947905,2704.783939337599,3.1219035874016807,1.0,2636.8792321909186,0.0,0.0,2023-07-24 00:00:00+00:00,2023-07-23 00:00:00+00:00,2023-07-24 00:01:00+00:00,37.15,0.01944519872422644,1887.86,2023-07-24 03:15:00+00:00,2023-07-24 09:50:00+00:00,2023-07-24 09:51:00+00:00,stop,-1.230272038336226,5.617125428141892,"simulated minute opens; intrabar exits only known within minute, not actual exchange fills"
493,1301.0,1874270.0,1874879.0,-1.0,3.257,1861.75,1857.38,1876.1006959397357,1813.565262457016,3.0318598750000003,3.02474333,-0.4529973275578411,14.233089999999645,8.629484122557642,2704.783939337599,2713.4134234601565,2.24184995400594,3.0,2686.6721694625985,0.0,0.0,2023-07-25 00:00:00+00:00,2023-07-24 00:00:00+00:00,2023-07-25 00:01:00+00:00,37.01,0.019371919375063808,1849.04,2023-07-25 13:50:00+00:00,2023-07-25 23:59:00+00:00,2023-07-25 23:59:00+00:00,scheduled_23_59_exit,0.18462653227366224,3.357658593376305,"simulated minute opens; intrabar exits only known within minute, not actual exchange fills"
494,1302.0,1876005.0,1876099.0,-1.0,3.814,1872.56,1884.9,1884.5223066221774,1820.7219102760607,3.57097192,3.5945043,0.0,-47.064760000000554,-54.23023622000028,2713.4134234601565,2659.1831872401563,2.6320883423995753,1.0,2659.1831872401563,0.0,0.0,2023-07-26 00:00:00+00:00,2023-07-25 00:00:00+00:00,2023-07-26 00:01:00+00:00,37.6,0.019680739489392036,1856.91,2023-07-26 18:45:00+00:00,2023-07-26 20:19:00+00:00,2023-07-26 20:20:00+00:00,stop,-1.1886277830096152,4.333452682765555,"simulated minute opens; intrabar exits only known within minute, not actual exchange fills"
495,1304.0,1878635.0,1879199.0,-1.0,4.556,1877.05,1873.71,1886.4533034046383,1825.9462697400659,4.2759199,4.26831138,-0.8035669565951999,15.217039999999628,7.476375676594671,2659.1831872401563,2666.659562916751,3.2159649026946355,3.0,2638.824587340156,0.0,0.0,2023-07-28 00:00:00+00:00,2023-07-27 00:00:00+00:00,2023-07-28 00:01:00+00:00,35.59,0.018628657404985708,1860.28,2023-07-28 14:35:00+00:00,2023-07-28 23:59:00+00:00,2023-07-28 23:59:00+00:00,scheduled_23_59_exit,0.17451266523958328,5.434657168961103,"simulated minute opens; intrabar exits only known within minute, not actual exchange fills"
496,1306.0,1881900.0,1882004.0,1.0,4.2090000000000005,1865.3700000000001,1854.56,1854.9403287596203,1913.5840148858713,3.9256711650000007,3.9029215200000005,0.0,-45.499290000000734,-53.327882685000986,2666.659562916751,2613.33168023175,2.944261216985765,1.0,2613.33168023175,0.0,0.0,2023-07-30 00:00:00+00:00,2023-07-29 00:00:00+00:00,2023-07-30 00:01:00+00:00,33.98,0.017785944889615463,1879.85,2023-07-30 21:00:00+00:00,2023-07-30 22:44:00+00:00,2023-07-30 22:45:00+00:00,stop,-1.214800036164791,4.622774177119273,"simulated minute opens; intrabar exits only known within minute, not actual exchange fills"
497,1308.0,1884490.0,1884519.0,1.0,4.151,1840.04,1829.29,1829.6620448514027,1890.2575799543981,3.81900302,3.796691395,0.0,-44.62325,-52.23894441499988,2613.33168023175,2561.09273581675,2.9227082416582735,1.0,2561.09273581675,0.0,0.0,2023-08-01 00:00:00+00:00,2023-07-31 00:00:00+00:00,2023-08-01 00:01:00+00:00,35.57,0.018618188926533902,1855.39,2023-08-01 16:10:00+00:00,2023-08-01 16:39:00+00:00,2023-08-01 16:40:00+00:00,stop,-1.2126343600262115,4.838870397429479,"simulated minute opens; intrabar exits only known within minute, not actual exchange fills"
498,1309.0,1885445.0,1885809.0,1.0,3.781,1857.31,1845.6200000000001,1845.9970726858007,1909.7382844434578,3.511244555,3.4891446100000003,0.0,-44.19988999999935,-51.2002791649993,2561.09273581675,2509.8924566517508,2.7419893906186417,1.0,2502.3554231240905,0.0,0.0,2023-08-02 00:00:00+00:00,2023-08-01 00:00:00+00:00,2023-08-02 00:01:00+00:00,37.06,0.01939809057119332,1873.05,2023-08-02 08:05:00+00:00,2023-08-02 14:09:00+00:00,2023-08-02 14:10:00+00:00,stop,-1.196990365438262,4.634369424229701,"simulated minute opens; intrabar exits only known within minute, not actual exchange fills"
499,1310.0,1887440.0,1887839.0,-1.0,3.439,1854.08,1835.38,1866.4316792618554,1803.2107052548427,3.18809056,3.15593591,0.0,64.30929999999938,57.965273529999195,2509.8924566517508,2567.85773018175,2.5404200499116043,3.0,2500.1014860917503,0.0,0.0,2023-08-03 00:00:00+00:00,2023-08-02 00:00:00+00:00,2023-08-03 00:01:00+00:00,37.62,0.01969120796784384,1839.07,2023-08-03 17:20:00+00:00,2023-08-03 23:59:00+00:00,2023-08-03 23:59:00+00:00,scheduled_23_59_exit,1.3646136401916085,4.1184112432592235,"simulated minute opens; intrabar exits only known within minute, not actual exchange fills"
500,1314.0,1893115.0,1893120.0,1.0,3.285,1817.96,1804.14,1804.508521587185,1863.0760346716759,2.9859993000000005,2.96329995,0.59710131,-45.39869999999979,-51.9451005599999,2567.85773018175,2515.91262962175,2.3256734708496913,1.0,2515.91262962175,0.0,0.0,2023-08-07 00:00:00+00:00,2023-08-06 00:00:00+00:00,2023-08-07 00:01:00+00:00,34.87,0.01825179218072075,1829.38,2023-08-07 15:55:00+00:00,2023-08-07 16:00:00+00:00,2023-08-07 16:01:00+00:00,stop,-1.1755448371336865,3.353983353137925,"simulated minute opens; intrabar exits only known within minute, not actual exchange fills"
501,1315.0,1894390.0,1894597.0,-1.0,3.499,1840.98,1853.51,1853.1303820145474,1795.4345978136528,3.22079451,3.242715745,-0.3186082331868471,-43.842469999999906,-49.98737202181292,2515.91262962175,2465.925257599937,2.5603389180364537,1.0,2465.925257599937,0.0,0.0,2023-08-08 00:00:00+00:00,2023-08-07 00:00:00+00:00,2023-08-08 00:01:00+00:00,34.53,0.01807382804704008,1828.18,2023-08-08 13:10:00+00:00,2023-08-08 16:37:00+00:00,2023-08-08 16:38:00+00:00,stop,-1.1757809789732634,3.7484749147653686,"simulated minute opens; intrabar exits only known within minute, not actual exchange fills"
502,1320.0,1902165.0,1902239.0,1.0,3.592,1838.5,1839.82,1826.9810490827053,1879.1039010005709,3.301946,3.3043167199999997,0.0,4.741439999999772,-1.8648227200001202,2465.925257599937,2464.060434879937,2.6780584608746447,3.0,2456.6628282664974,0.0,0.0,2023-08-13 00:00:00+00:00,2023-08-12 00:00:00+00:00,2023-08-13 00:01:00+00:00,30.71,0.01607434866274546,1849.14,2023-08-13 22:45:00+00:00,2023-08-13 23:59:00+00:00,2023-08-13 23:59:00+00:00,scheduled_23_59_exit,-0.045070076583151486,3.5249651892871436,"simulated minute opens; intrabar exits only known within minute, not actual exchange fills"
503,1322.0,1904900.0,1905119.0,1.0,4.6930000000000005,1829.93,1827.83,1821.629950961373,1876.17621180479,4.293930745000001,4.289003095,0.0,-9.855300000000641,-18.438233840000976,2464.060434879937,2445.622201039936,3.485247913742201,3.0,2445.622201039936,0.0,0.0,2023-08-15 00:00:00+00:00,2023-08-14 00:00:00+00:00,2023-08-15 00:01:00+00:00,32.21,0.016859484546630783,1844.81,2023-08-15 20:20:00+00:00,2023-08-15 23:59:00+00:00,2023-08-15 23:59:00+00:00,scheduled_23_59_exit,-0.4733562394289276,5.571799827876618,"simulated minute opens; intrabar exits only known within minute, not actual exchange fills"
504,1323.0,1906450.0,1906537.0,1.0,4.765,1813.93,1805.48,1805.846347360756,1858.6256495875537,4.321688225,4.3015561,0.0,-40.26425000000022,-48.88749432500026,2445.622201039936,2396.734706714936,3.5342239068342742,1.0,2396.734706714936,0.0,0.0,2023-08-16 00:00:00+00:00,2023-08-15 00:00:00+00:00,2023-08-16 00:01:00+00:00,31.45,0.01646168236546222,1828.28,2023-08-16 22:10:00+00:00,2023-08-16 23:37:00+00:00,2023-08-16 23:38:00+00:00,stop,-1.2691917203606464,5.52914030107722,"simulated minute opens; intrabar exits only known within minute, not actual exchange fills"
505,1324.0,1906615.0,1907109.0,1.0,4.325,1792.3600000000001,1783.07,1783.4321597945698,1839.3601621149094,3.875978500000001,3.855888875,0.577922004902048,-40.17925000000083,-48.48903937990326,2396.734706714936,2348.2456673350325,3.234382586558842,1.0,2348.2456673350325,0.0,0.0,2023-08-17 00:00:00+00:00,2023-08-16 00:00:00+00:00,2023-08-17 00:01:00+00:00,33.71,0.017644620430516105,1807.19,2023-08-17 00:55:00+00:00,2023-08-17 09:09:00+00:00,2023-08-17 09:10:00+00:00,stop,-1.2557727655261388,5.264449299430942,"simulated minute opens; intrabar exits only known within minute, not actual exchange fills"
506,1325.0,1908900.0,1909027.0,1.0,3.2880000000000003,1663.3500000000001,1650.73,1651.0658015625545,1721.7581816390114,2.7345474000000003,2.7138001200000006,0.16107996381929165,-41.49456000000039,-47.10398748381931,2348.2456673350325,2301.141679851213,2.329013048369315,1.0,2280.997449037773,0.0,0.0,2023-08-18 00:00:00+00:00,2023-08-17 00:00:00+00:00,2023-08-18 00:01:00+00:00,45.77,0.023957112936954086,1681.0,2023-08-18 15:00:00+00:00,2023-08-18 17:07:00+00:00,2023-08-18 17:08:00+00:00,stop,-1.1662161214333966,4.754740973653348,"simulated minute opens; intrabar exits only known within minute, not actual exchange fills"
507,1326.0,1910425.0,1910445.0,-1.0,3.779,1678.64,1689.13,1688.7869671314872,1624.112913112132,3.17179028,3.191611135,0.0,-39.64171000000003,-46.0051114150001,2301.141679851213,2255.136568436213,2.7567101215645975,1.0,2255.136568436213,0.0,0.0,2023-08-19 00:00:00+00:00,2023-08-18 00:00:00+00:00,2023-08-19 00:01:00+00:00,42.63,0.02231356182002081,1660.76,2023-08-19 16:25:00+00:00,2023-08-19 16:45:00+00:00,2023-08-19 16:46:00+00:00,stop,-1.1997560297818584,5.373732483932526,"simulated minute opens; intrabar exits only known within minute, not actual exchange fills"
508,1327.0,1912100.0,1912319.0,-1.0,3.6310000000000002,1685.8600000000001,1684.1100000000001,1696.2380654904648,1632.653941370607,3.0606788300000005,3.057501705000001,0.0,6.35425,0.23606946499967307,2255.136568436213,2255.372637901213,2.7144066331400736,3.0,2223.088520915653,0.0,0.0,2023-08-20 00:00:00+00:00,2023-08-19 00:00:00+00:00,2023-08-20 00:01:00+00:00,41.71,0.021832011811237815,1668.69,2023-08-20 20:20:00+00:00,2023-08-20 23:59:00+00:00,2023-08-20 23:59:00+00:00,scheduled_23_59_exit,0.006264655012983437,5.126780003294309,"simulated minute opens; intrabar exits only known within minute, not actual exchange fills"
509,1328.0,1912940.0,1913241.0,1.0,3.761,1668.5,1658.18,1658.513040716973,1718.973936576252,3.13761425,3.11820749,0.0,-38.81351999999976,-45.0693417399998,2255.372637901213,2210.303296161213,2.7823466484188413,1.0,2208.0407884576325,0.0,0.0,2023-08-21 00:00:00+00:00,2023-08-20 00:00:00+00:00,2023-08-21 00:01:00+00:00,39.09,0.020460641134051456,1684.16,2023-08-21 10:20:00+00:00,2023-08-21 15:21:00+00:00,2023-08-21 15:22:00+00:00,stop,-1.1998987540047068,5.053984415660219,"simulated minute opens; intrabar exits only known within minute, not actual exchange fills"
510,1330.0,1915615.0,1916177.0,-1.0,2.573,1647.38,1662.9,1662.5601829191214,1597.821734754094,2.11935437,2.1393208500000003,-0.007465764310799998,-39.93295999999995,-44.18416945568924,2210.303296161213,2166.1191267055237,1.917704573558597,1.0,2166.1191267055237,0.0,0.0,2023-08-23 00:00:00+00:00,2023-08-22 00:00:00+00:00,2023-08-23 00:01:00+00:00,43.36,0.022695661283511668,1634.5,2023-08-23 06:55:00+00:00,2023-08-23 16:17:00+00:00,2023-08-23 16:18:00+00:00,stop,-1.1312273713625327,3.2646685161798272,"simulated minute opens; intrabar exits only known within minute, not actual exchange fills"
511,1331.0,1917475.0,1917510.0,1.0,3.242,1663.93,1652.23,1652.5663226053514,1714.4271821550174,2.69723053,2.6782648300000003,0.0,-37.931400000000146,-43.30689536,2166.1191267055237,2122.8122313455237,2.4903806044150953,1.0,2122.8122313455237,0.0,0.0,2023-08-24 00:00:00+00:00,2023-08-23 00:00:00+00:00,2023-08-24 00:01:00+00:00,40.12,0.020999767774319375,1678.8,2023-08-24 13:55:00+00:00,2023-08-24 14:30:00+00:00,2023-08-24 14:31:00+00:00,stop,-1.1755067955634255,4.443735984514764,"simulated minute opens; intrabar exits only known within minute, not actual exchange fills"
512,1332.0,1918990.0,1919519.0,1.0,2.624,1647.64,1652.78,1633.4428407404503,1696.606946216605,2.16170368,2.16844736,0.02150261310223461,13.487359999999667,9.135706346897678,2122.8122313455237,2131.9479376924214,2.0366414401426596,3.0,2088.4506763676213,0.0,0.0,2023-08-25 00:00:00+00:00,2023-08-24 00:00:00+00:00,2023-08-25 00:01:00+00:00,41.42,0.021680218873686652,1660.22,2023-08-25 15:10:00+00:00,2023-08-25 23:59:00+00:00,2023-08-25 23:59:00+00:00,scheduled_23_59_exit,0.24523183426643458,3.44906648727398,"simulated minute opens; intrabar exits only known within minute, not actual exchange fills"
513,1335.0,1922740.0,1922958.0,1.0,3.79,1641.56,1631.95,1632.2835782039306,1691.9432556514041,3.1107562,3.09254525,-0.3016220335,-36.421899999999624,-42.3235794164998,2131.9479376924214,2089.6243582759216,2.9182290477196373,1.0,2064.436659240721,0.0,0.0,2023-08-28 00:00:00+00:00,2023-08-27 00:00:00+00:00,2023-08-28 00:01:00+00:00,39.19,0.020512983526310476,1657.59,2023-08-28 05:40:00+00:00,2023-08-28 09:18:00+00:00,2023-08-28 09:19:00+00:00,stop,-1.2038231546059848,5.431324357496625,"simulated minute opens; intrabar exits only known within minute, not actual exchange fills"
514,1337.0,1925855.0,1926098.0,1.0,3.371,1713.18,1702.5,1702.8426496913967,1763.3359681320437,2.88756489,2.8695637499999997,0.0,-36.00228000000021,-41.75940863999995,2089.6243582759216,2047.8649496359217,2.763716721202879,1.0,2047.8649496359217,0.0,0.0,2023-08-30 00:00:00+00:00,2023-08-29 00:00:00+00:00,2023-08-30 00:01:00+00:00,38.11,0.019947685689913047,1728.51,2023-08-30 09:35:00+00:00,2023-08-30 13:38:00+00:00,2023-08-30 13:39:00+00:00,stop,-1.1983573769082825,4.851917235531886,"simulated minute opens; intrabar exits only known within minute, not actual exchange fills"
515,1338.0,1927430.0,1927710.0,-1.0,2.935,1717.15,1672.43,1729.0214864786246,1672.0929932500474,2.519917625,2.454291025,-0.11768018243750002,131.25320000000008,126.39667153243727,2047.8649496359217,2174.261621168359,2.4610193415810957,2.0,2042.0871820109219,0.0,0.0,2023-08-31 00:00:00+00:00,2023-08-30 00:00:00+00:00,2023-08-31 00:01:00+00:00,36.55,0.01913114437067231,1704.39,2023-08-31 11:50:00+00:00,2023-08-31 16:30:00+00:00,2023-08-31 16:31:00+00:00,target,3.6276253643587144,3.795397217617277,"simulated minute opens; intrabar exits only known within minute, not actual exchange fills"
516,1339.0,1929060.0,1929182.0,1.0,4.1370000000000005,1630.14,1621.26,1621.5897097415414,1677.3825121570976,3.3719445900000005,3.3535763100000002,0.16607940534691434,-36.73656000000046,-43.62816030534759,2174.261621168359,2130.6334608630114,3.101691679760282,1.0,2130.6334608630114,0.0,0.0,2023-09-01 00:00:00+00:00,2023-08-31 00:00:00+00:00,2023-09-01 00:01:00+00:00,36.93,0.019330045461256593,1645.27,2023-09-01 15:00:00+00:00,2023-09-01 17:02:00+00:00,2023-09-01 17:03:00+00:00,stop,-1.2333902791732012,5.525252445127323,"simulated minute opens; intrabar exits only known within minute, not actual exchange fills"
517,1342.0,1933805.0,1933919.0,1.0,3.224,1621.3,1629.18,1610.03287223933,1668.94043861499,2.6135356,2.62623816,0.0,25.405120000000352,20.165346240000417,2130.6334608630114,2150.7988071030118,2.453294429105032,3.0,2120.174811343252,0.0,0.0,2023-09-04 00:00:00+00:00,2023-09-03 00:00:00+00:00,2023-09-04 00:01:00+00:00,39.23,0.020533920483214084,1635.02,2023-09-04 22:05:00+00:00,2023-09-04 23:59:00+00:00,2023-09-04 23:59:00+00:00,scheduled_23_59_exit,0.5551334939001484,4.22826825318228,"simulated minute opens; intrabar exits only known within minute, not actual exchange fills"
518,1343.0,1934135.0,1935359.0,1.0,4.015,1614.24,1633.18,1605.468106034623,1663.5075806212878,3.2405867999999995,3.2786088500000004,0.08308909121699998,76.04410000000021,69.44181525878321,2150.7988071030118,2220.240622361795,3.0133797631819057,3.0,2144.6608309653116,0.0,0.0,2023-09-05 00:00:00+00:00,2023-09-04 00:00:00+00:00,2023-09-05 00:01:00+00:00,38.77,0.020293145478822588,1630.09,2023-09-05 03:35:00+00:00,2023-09-05 23:59:00+00:00,2023-09-05 23:59:00+00:00,scheduled_23_59_exit,1.9717059281001599,5.616527150892187,"simulated minute opens; intrabar exits only known within minute, not actual exchange fills"
519,1344.0,1936405.0,1936436.0,1.0,3.507,1620.64,1665.44,1609.9276307313528,1665.7768734047897,2.84179224,2.92034904,0.0,157.11359999999985,151.35145871999975,2220.240622361795,2371.5920810817947,2.5598957260560575,2.0,2213.050150121795,0.0,0.0,2023-09-06 00:00:00+00:00,2023-09-05 00:00:00+00:00,2023-09-06 00:01:00+00:00,37.23,0.019487072638033655,1633.63,2023-09-06 17:25:00+00:00,2023-09-06 17:56:00+00:00,2023-09-06 17:57:00+00:00,target,4.028703540524003,4.213528517626358,"simulated minute opens; intrabar exits only known within minute, not actual exchange fills"
520,1345.0,1938090.0,1938239.0,-1.0,3.339,1645.63,1647.52,1657.83888169289,1598.9276679757118,2.747379285,2.7505346399999997,0.0,-6.310709999999575,-11.808623924999665,2371.5920810817947,2359.783457156795,2.3169071164605937,3.0,2341.097611796795,0.0,0.0,2023-09-07 00:00:00+00:00,2023-09-06 00:00:00+00:00,2023-09-07 00:01:00+00:00,39.5,0.020675244942313445,1632.33,2023-09-07 21:30:00+00:00,2023-09-07 23:59:00+00:00,2023-09-07 23:59:00+00:00,scheduled_23_59_exit,-0.2896723130718429,3.825275172539871,"simulated minute opens; intrabar exits only known within minute, not actual exchange fills"
521,1346.0,1939055.0,1939679.0,1.0,3.74,1633.89,1635.45,1623.2359038120337,1679.86992336266,3.0553743000000004,3.0582915,0.152025065742,5.834399999999796,-0.43129086574208486,2359.783457156795,2359.352166291053,2.5895378584281574,3.0,2320.754502799853,0.0,0.0,2023-09-08 00:00:00+00:00,2023-09-07 00:00:00+00:00,2023-09-08 00:01:00+00:00,37.44,0.0195969916617776,1647.27,2023-09-08 13:35:00+00:00,2023-09-08 23:59:00+00:00,2023-09-08 23:59:00+00:00,scheduled_23_59_exit,-0.010823856971581763,4.315703796122422,"simulated minute opens; intrabar exits only known within minute, not actual exchange fills"
522,1348.0,1941395.0,1942021.0,1.0,3.6270000000000002,1622.81,1611.42,1611.7512008175822,1666.0452695725767,2.942965935,2.9223101700000003,0.08995324361198898,-41.31152999999954,-47.26675934861123,2359.352166291053,2312.0854069424418,2.494723744125405,1.0,2312.0854069424418,0.0,0.0,2023-09-10 00:00:00+00:00,2023-09-09 00:00:00+00:00,2023-09-10 00:01:00+00:00,36.17,0.01893224328008803,1634.8,2023-09-10 04:35:00+00:00,2023-09-10 15:01:00+00:00,2023-09-10 15:02:00+00:00,stop,-1.178420530983075,3.909580855877742,"simulated minute opens; intrabar exits only known within minute, not actual exchange fills"
523,1351.0,1946330.0,1946368.0,-1.0,3.338,1605.31,1617.55,1617.2176054446718,1559.6498594836594,2.67926239,2.6996909500000004,0.0,-40.85712000000003,-46.236073340000075,2312.0854069424418,2265.8493336024417,2.3176154150318538,1.0,2265.8493336024417,0.0,0.0,2023-09-13 00:00:00+00:00,2023-09-12 00:00:00+00:00,2023-09-13 00:01:00+00:00,39.57,0.020711884616894757,1592.29,2023-09-13 14:50:00+00:00,2023-09-13 15:28:00+00:00,2023-09-13 15:29:00+00:00,stop,-1.1632422710309032,3.8345358962806046,"simulated minute opens; intrabar exits only known within minute, not actual exchange fills"
524,1352.0,1946960.0,1947681.0,-1.0,3.891,1621.8700000000001,1631.88,1631.5510416757252,1574.1073662473082,3.155348085,3.17482254,-0.2000284097136,-38.94890999999996,-45.07905221528608,2265.8493336024417,2220.7702813871556,2.7851349498012357,1.0,2220.368610344356,0.0,0.0,2023-09-14 00:00:00+00:00,2023-09-13 00:00:00+00:00,2023-09-14 00:01:00+00:00,39.13,0.020481578090955067,1606.68,2023-09-14 01:20:00+00:00,2023-09-14 13:21:00+00:00,2023-09-14 13:22:00+00:00,stop,-1.196716987537628,4.933625466405691,"simulated minute opens; intrabar exits only known within minute, not actual exchange fills"
525,1355.0,1952285.0,1952639.0,1.0,3.5060000000000002,1621.13,1621.18,1610.4130618199838,1665.226331380396,2.8418408900000003,2.8419285400000005,0.0,0.17529999999984058,-5.508469430000332,2220.7702813871556,2215.2618119571553,2.5593289984274343,3.0,2182.469519578055,0.0,0.0,2023-09-17 00:00:00+00:00,2023-09-16 00:00:00+00:00,2023-09-17 00:01:00+00:00,36.54,0.01912591013144641,1633.68,2023-09-17 18:05:00+00:00,2023-09-17 23:59:00+00:00,2023-09-17 23:59:00+00:00,scheduled_23_59_exit,-0.1466048393308641,4.114638961212033,"simulated minute opens; intrabar exits only known within minute, not actual exchange fills"
526,1356.0,1953095.0,1953271.0,-1.0,3.698,1634.5,1644.83,1644.5000210139724,1591.607719612153,3.0221905000000002,3.04129067,-0.08244284175313367,-38.20033999999973,-44.18137832824641,2215.2618119571553,2171.080433628909,2.7285176710827996,1.0,2171.080433628909,0.0,0.0,2023-09-18 00:00:00+00:00,2023-09-17 00:00:00+00:00,2023-09-18 00:01:00+00:00,35.69,0.01868099979724473,1621.62,2023-09-18 07:35:00+00:00,2023-09-18 10:31:00+00:00,2023-09-18 10:32:00+00:00,stop,-1.194734599400082,4.289219025431677,"simulated minute opens; intrabar exits only known within minute, not actual exchange fills"
527,1357.0,1954670.0,1955519.0,-1.0,3.87,1650.6000000000001,1642.57,1659.8215428159037,1603.9221871699365,3.1939110000000004,3.17837295,-0.073907266563,31.076100000000775,24.77772331656388,2171.080433628909,2195.8581569454727,2.9422318496615576,3.0,2135.800729895472,0.0,0.0,2023-09-19 00:00:00+00:00,2023-09-18 00:00:00+00:00,2023-09-19 00:01:00+00:00,37.4,0.019576054704873995,1635.63,2023-09-19 09:50:00+00:00,2023-09-19 23:59:00+00:00,2023-09-19 23:59:00+00:00,scheduled_23_59_exit,0.6942994911717336,5.061822491303998,"simulated minute opens; intrabar exits only known within minute, not actual exchange fills"
528,1358.0,1956120.0,1956678.0,1.0,4.144,1626.95,1617.98,1618.3096300314733,1675.2934414749236,3.3710404000000005,3.3524545600000004,0.19630313195360002,-37.171680000000116,-44.09147809195383,2195.8581569454727,2151.766678853519,3.070362618220526,1.0,2134.899943935759,0.0,0.0,2023-09-20 00:00:00+00:00,2023-09-19 00:00:00+00:00,2023-09-20 00:01:00+00:00,37.78,0.019774955795458276,1642.49,2023-09-20 10:00:00+00:00,2023-09-20 19:18:00+00:00,2023-09-20 19:19:00+00:00,stop,-1.2314097064890137,5.5950661431186735,"simulated minute opens; intrabar exits only known within minute, not actual exchange fills"
529,1359.0,1957585.0,1957612.0,1.0,3.9050000000000002,1608.03,1598.6200000000001,1598.9444313417,1652.3075557645577,3.1396785750000005,3.1213055500000007,0.0,-36.746049999999435,-43.007034124999336,2151.766678853519,2108.7596447285196,2.918233287888676,1.0,2090.0015836826187,0.0,0.0,2023-09-21 00:00:00+00:00,2023-09-20 00:00:00+00:00,2023-09-21 00:01:00+00:00,35.84,0.018759513385633263,1621.6,2023-09-21 10:25:00+00:00,2023-09-21 10:52:00+00:00,2023-09-21 10:53:00+00:00,stop,-1.2121778409476658,4.873393997645789,"simulated minute opens; intrabar exits only known within minute, not actual exchange fills"
530,1360.0,1958905.0,1959839.0,-1.0,3.865,1596.3,1592.51,1605.2784002379328,1553.7756765708655,3.08484975,3.077525575,-0.21686151496750003,14.64834999999986,8.702836189967456,2108.7596447285196,2117.462480918487,2.925748088656298,3.0,2091.412944978519,0.0,0.0,2023-09-22 00:00:00+00:00,2023-09-21 00:00:00+00:00,2023-09-22 00:01:00+00:00,35.6,0.01863389164421161,1583.0,2023-09-22 08:25:00+00:00,2023-09-22 23:59:00+00:00,2023-09-22 23:59:00+00:00,scheduled_23_59_exit,0.250791232271731,4.736291800567469,"simulated minute opens; intrabar exits only known within minute, not actual exchange fills"
531,1363.0,1963420.0,1964159.0,1.0,4.094,1566.68,1587.51,1558.2215935637562,1609.4883272603229,3.20699396,3.2496329700000004,0.33263316036,85.27801999999971,78.48875990963961,2117.462480918487,2195.9512408281266,3.029091649934604,3.0,2101.221820534247,0.0,0.0,2023-09-25 00:00:00+00:00,2023-09-24 00:00:00+00:00,2023-09-25 00:01:00+00:00,35.34,0.018497801424338156,1579.99,2023-09-25 11:40:00+00:00,2023-09-25 23:59:00+00:00,2023-09-25 23:59:00+00:00,scheduled_23_59_exit,2.2665801418397504,5.061039284763041,"simulated minute opens; intrabar exits only known within minute, not actual exchange fills"
532,1365.0,1966465.0,1967039.0,-1.0,4.345,1607.06,1598.1000000000001,1615.2223531608333,1564.5323326699572,3.49133785,3.47187225,-0.346560778542,38.931199999999166,32.31455067854131,2195.9512408281266,2228.265791506668,3.1797954208522072,3.0,2190.0267029781267,0.0,0.0,2023-09-27 00:00:00+00:00,2023-09-26 00:00:00+00:00,2023-09-27 00:01:00+00:00,34.81,0.01822038674536534,1593.3,2023-09-27 14:25:00+00:00,2023-09-27 23:59:00+00:00,2023-09-27 23:59:00+00:00,scheduled_23_59_exit,0.9111564615075406,5.210221426599064,"simulated minute opens; intrabar exits only known within minute, not actual exchange fills"
533,1366.0,1967175.0,1967455.0,-1.0,3.761,1608.5,1618.73,1618.4008650221417,1570.9459686012888,3.02478425,3.044021765,0.0,-38.47503000000007,-44.54383601499967,2228.265791506668,2183.7219554916683,2.7149223055251026,1.0,2183.7219554916683,0.0,0.0,2023-09-28 00:00:00+00:00,2023-09-27 00:00:00+00:00,2023-09-28 00:01:00+00:00,32.49,0.017006043244956047,1597.89,2023-09-28 02:15:00+00:00,2023-09-28 06:55:00+00:00,2023-09-28 06:56:00+00:00,stop,-1.1962202265674307,3.7930050874067662,"simulated minute opens; intrabar exits only known within minute, not actual exchange fills"
534,1367.0,1969175.0,1969357.0,-1.0,3.88,1668.1000000000001,1677.68,1677.3358145931334,1619.1104666924507,3.236114,3.2546992,0.0,-37.17039999999972,-43.661213199999565,2183.7219554916683,2140.0607422916687,2.963851686211017,1.0,2122.2082414916695,0.0,0.0,2023-09-29 00:00:00+00:00,2023-09-28 00:00:00+00:00,2023-09-29 00:01:00+00:00,38.57,0.020188460694304543,1652.13,2023-09-29 11:35:00+00:00,2023-09-29 14:37:00+00:00,2023-09-29 14:38:00+00:00,stop,-1.2183971307053245,5.3043002123464955,"simulated minute opens; intrabar exits only known within minute, not actual exchange fills"
535,1368.0,1970765.0,1970865.0,-1.0,3.145,1677.92,1689.8400000000001,1689.4946042843267,1636.5786539753085,2.6385292,2.6572734000000002,0.0,-37.488400000000226,-42.7842026000003,2140.0607422916687,2097.2765396916684,2.4658451490255833,1.0,2097.2765396916684,0.0,0.0,2023-09-30 00:00:00+00:00,2023-09-29 00:00:00+00:00,2023-09-30 00:01:00+00:00,34.74,0.018183747070784028,1666.61,2023-09-30 14:05:00+00:00,2023-09-30 15:45:00+00:00,2023-09-30 15:46:00+00:00,stop,-1.1753213903322277,3.5717286750504913,"simulated minute opens; intrabar exits only known within minute, not actual exchange fills"
536,1369.0,1971955.0,1972697.0,-1.0,4.04,1685.05,1693.74,1693.3928058833383,1639.7238113380038,3.403801,3.4213548,-0.24473436157860445,-35.10760000000022,-41.6880214384214,2097.2765396916684,2055.588518253247,3.2459248321162364,1.0,1820.7313984352468,0.0,0.0,2023-10-01 00:00:00+00:00,2023-09-30 00:00:00+00:00,2023-10-01 00:01:00+00:00,35.16,0.018403585118271913,1670.18,2023-10-01 09:55:00+00:00,2023-10-01 22:17:00+00:00,2023-10-01 22:18:00+00:00,stop,-1.2368521252946936,5.432966953302674,"simulated minute opens; intrabar exits only known within minute, not actual exchange fills"
537,1370.0,1973160.0,1973649.0,1.0,3.773,1717.68,1708.5,1708.8505662889493,1766.6582815054965,3.2404033200000004,3.22308525,0.4116153127548,-34.63614000000024,-41.511243882755025,2055.588518253247,2014.077274370492,3.152774294296564,1.0,2014.077274370492,0.0,0.0,2023-10-02 00:00:00+00:00,2023-10-01 00:00:00+00:00,2023-10-02 00:01:00+00:00,36.32,0.019010756868476565,1733.39,2023-10-02 06:00:00+00:00,2023-10-02 14:09:00+00:00,2023-10-02 14:10:00+00:00,stop,-1.2460804766935252,5.547160000102369,"simulated minute opens; intrabar exits only known within minute, not actual exchange fills"
538,1371.0,1975115.0,1975679.0,1.0,2.596,1651.43,1655.78,1637.8977175967727,1693.4758345384864,2.1435561400000003,2.1492024400000003,0.3031545689035186,11.292599999999764,6.696686851096274,2014.077274370492,2020.7739612215883,2.12857388073154,3.0,1990.4525613874118,0.0,0.0,2023-10-03 00:00:00+00:00,2023-10-02 00:00:00+00:00,2023-10-03 00:01:00+00:00,36.43,0.01906833349996149,1661.49,2023-10-03 14:35:00+00:00,2023-10-03 23:59:00+00:00,2023-10-03 23:59:00+00:00,scheduled_23_59_exit,0.19062692857116517,3.107076344228436,"simulated minute opens; intrabar exits only known within minute, not actual exchange fills"
539,1372.0,1975810.0,1976506.0,1.0,3.451,1642.0900000000001,1632.02,1632.3554988061403,1688.4877784239322,2.833426295,2.81605051,0.0418766384988,-34.75157000000056,-40.44292344349924,2020.7739612215883,1980.331037778089,2.804298104956926,1.0,1980.331037778089,0.0,0.0,2023-10-04 00:00:00+00:00,2023-10-03 00:00:00+00:00,2023-10-04 00:01:00+00:00,36.91,0.019319576982804787,1656.18,2023-10-04 02:10:00+00:00,2023-10-04 13:46:00+00:00,2023-10-04 13:47:00+00:00,stop,-1.2038818841783236,4.766323153075175,"simulated minute opens; intrabar exits only known within minute, not actual exchange fills"
540,1374.0,1979010.0,1979050.0,-1.0,3.975,1625.48,1633.81,1633.4760018139957,1582.0392269825784,3.2306415000000004,3.247197375,-0.549101365095,-33.11174999999971,-39.04048750990455,1980.331037778089,1941.2905502681845,3.2627287442050563,1.0,1941.2905502681845,0.0,0.0,2023-10-06 00:00:00+00:00,2023-10-05 00:00:00+00:00,2023-10-06 00:01:00+00:00,34.93,0.018283197616076167,1611.23,2023-10-06 07:30:00+00:00,2023-10-06 08:10:00+00:00,2023-10-06 08:11:00+00:00,stop,-1.228302159037652,5.432811801191151,"simulated minute opens; intrabar exits only known within minute, not actual exchange fills"
541,1375.0,1981205.0,1981439.0,1.0,3.708,1630.82,1632.58,1622.3118880258253,1674.1530304343776,3.02354028,3.02680332,0.0,6.526079999999967,0.47573639999995976,1941.2905502681845,1941.7662866681844,3.114979650606454,3.0,1934.9668899881851,0.0,0.0,2023-10-07 00:00:00+00:00,2023-10-06 00:00:00+00:00,2023-10-07 00:01:00+00:00,34.34,0.01797437750174794,1644.33,2023-10-07 20:05:00+00:00,2023-10-07 23:59:00+00:00,2023-10-07 23:59:00+00:00,scheduled_23_59_exit,0.015079726311716194,5.093142940044726,"simulated minute opens; intrabar exits only known within minute, not actual exchange fills"
542,1376.0,1982095.0,1982879.0,1.0,3.927,1619.63,1631.8500000000001,1611.6907643133786,1662.2786762846804,3.1801435050000006,3.2041374750000005,0.6269651194191,47.98794000000011,40.97669390058104,1941.7662866681844,1982.7429805687655,3.275516241922923,3.0,1926.472872781664,0.0,0.0,2023-10-08 00:00:00+00:00,2023-10-07 00:00:00+00:00,2023-10-08 00:01:00+00:00,33.74,0.017660323148193813,1633.18,2023-10-08 10:55:00+00:00,2023-10-08 23:59:00+00:00,2023-10-08 23:59:00+00:00,scheduled_23_59_exit,1.3143085088509878,5.3718869130624425,"simulated minute opens; intrabar exits only known within minute, not actual exchange fills"
543,1377.0,1983340.0,1983459.0,1.0,3.015,1620.48,1608.95,1609.275708768667,1662.8465394386155,2.4428736000000004,2.4254921250000003,0.32099421454200006,-34.76294999999992,-39.95230993954192,1982.7429805687655,1942.7906706292235,2.464135416380839,1.0,1942.7906706292235,0.0,0.0,2023-10-09 00:00:00+00:00,2023-10-08 00:00:00+00:00,2023-10-09 00:01:00+00:00,35.75,0.01871240523260014,1632.02,2023-10-09 07:40:00+00:00,2023-10-09 09:39:00+00:00,2023-10-09 09:40:00+00:00,stop,-1.1826879959834382,3.7812779553727545,"simulated minute opens; intrabar exits only known within minute, not actual exchange fills"
544,1378.0,1985310.0,1985565.0,1.0,2.783,1568.53,1556.14,1556.4539038551811,1610.5218741631,2.182609495,2.16536881,0.0,-34.48136999999964,-38.829348304999485,1942.7906706292235,1903.961322324224,2.2468807658965178,1.0,1892.5291292702937,0.0,0.0,2023-10-10 00:00:00+00:00,2023-10-09 00:00:00+00:00,2023-10-10 00:01:00+00:00,37.28,0.01951324383416317,1579.4,2023-10-10 16:30:00+00:00,2023-10-10 20:45:00+00:00,2023-10-10 20:46:00+00:00,stop,-1.1553679958059915,3.477272262453478,"simulated minute opens; intrabar exits only known within minute, not actual exchange fills"
545,1379.0,1985920.0,1987199.0,1.0,3.093,1555.01,1565.65,1544.5682242729124,1597.154977552517,2.4048229649999997,2.421277725,0.4873529192140825,32.909520000000306,27.59606639078629,1903.961322324224,1931.5573887150103,2.526125858548806,3.0,1880.61888949645,0.0,0.0,2023-10-11 00:00:00+00:00,2023-10-10 00:00:00+00:00,2023-10-11 00:01:00+00:00,36.55,0.01913114437067231,1566.89,2023-10-11 02:40:00+00:00,2023-10-11 23:59:00+00:00,2023-10-11 23:59:00+00:00,scheduled_23_59_exit,0.8544622886914315,4.036188733989606,"simulated minute opens; intrabar exits only known within minute, not actual exchange fills"
546,1380.0,1987915.0,1987965.0,1.0,3.339,1553.32,1543.31,1543.6205251632427,1596.5113274344778,2.59326774,2.576556045,0.0,-33.42338999999997,-38.59321378499999,1931.5573887150103,1892.9641749300104,2.6851573296770637,1.0,1892.9641749300104,0.0,0.0,2023-10-12 00:00:00+00:00,2023-10-11 00:00:00+00:00,2023-10-12 00:01:00+00:00,36.78,0.01925153187286806,1566.07,2023-10-12 11:55:00+00:00,2023-10-12 12:45:00+00:00,2023-10-12 12:46:00+00:00,stop,-1.1916433821961716,4.452955253907127,"simulated minute opens; intrabar exits only known within minute, not actual exchange fills"
547,1381.0,1990000.0,1990079.0,-1.0,3.754,1552.82,1551.72,1561.0240465663683,1509.6822270706032,2.91464314,2.9125784400000003,0.0,4.1293999999996585,-1.697821580000209,1892.9641749300104,1891.2663533500101,3.0794488121865955,3.0,1886.4081517900104,0.0,0.0,2023-10-13 00:00:00+00:00,2023-10-12 00:00:00+00:00,2023-10-13 00:01:00+00:00,36.51,0.019110207413768704,1538.81,2023-10-13 22:40:00+00:00,2023-10-13 23:59:00+00:00,2023-10-13 23:59:00+00:00,scheduled_23_59_exit,-0.05512767344033506,5.258109224566781,"simulated minute opens; intrabar exits only known within minute, not actual exchange fills"
548,1384.0,1993790.0,1993792.0,-1.0,2.846,1568.93,1580.64,1580.3194975841288,1527.0136801113035,2.2325873900000004,2.24925072,0.0,-33.3266600000001,-37.80849811000007,1891.2663533500101,1853.45785524001,2.3609444392064676,1.0,1853.45785524001,0.0,0.0,2023-10-16 00:00:00+00:00,2023-10-15 00:00:00+00:00,2023-10-16 00:01:00+00:00,37.46,0.019607460140229405,1557.25,2023-10-16 13:50:00+00:00,2023-10-16 13:52:00+00:00,2023-10-16 13:53:00+00:00,stop,-1.1664065865830926,3.6802606593557536,"simulated minute opens; intrabar exits only known within minute, not actual exchange fills"
549,1385.0,1994820.0,1995175.0,1.0,3.154,1585.46,1575.29,1575.613655488222,1629.7947369647513,2.50027042,2.4842323299999998,0.12820254995480002,-32.07618000000023,-37.18888529995502,1853.45785524001,1816.268969940055,2.6979522765315123,1.0,1816.268969940055,0.0,0.0,2023-10-17 00:00:00+00:00,2023-10-16 00:00:00+00:00,2023-10-17 00:01:00+00:00,36.91,0.019319576982804787,1598.61,2023-10-17 07:00:00+00:00,2023-10-17 12:55:00+00:00,2023-10-17 12:56:00+00:00,stop,-1.1975025444311798,4.502659531333607,"simulated minute opens; intrabar exits only known within minute, not actual exchange fills"
550,1386.0,1996440.0,1997279.0,-1.0,1.864,1568.29,1562.8700000000001,1585.8701190450658,1535.2853747060612,1.4616462799999999,1.4565948400000002,-0.19001192126400004,10.102879999999713,7.37465080126367,1816.268969940055,1823.6436207413187,1.6095042135177156,3.0,1784.964683660055,0.0,0.0,2023-10-18 00:00:00+00:00,2023-10-17 00:00:00+00:00,2023-10-18 00:01:00+00:00,35.39,0.018523972620467663,1563.99,2023-10-18 10:00:00+00:00,2023-10-18 23:59:00+00:00,2023-10-18 23:59:00+00:00,scheduled_23_59_exit,0.22504726594045626,1.8773834926448887,"simulated minute opens; intrabar exits only known within minute, not actual exchange fills"
551,1387.0,1997390.0,1997827.0,1.0,3.9610000000000003,1548.82,1541.16,1541.4774845439495,1591.3330788508213,3.0674380100000005,3.0522673800000004,0.18358546041108997,-30.341259999999426,-36.64455085041027,1823.6436207413187,1786.9990698909085,3.364076155135041,1.0,1786.9990698909085,0.0,0.0,2023-10-19 00:00:00+00:00,2023-10-18 00:00:00+00:00,2023-10-19 00:01:00+00:00,34.75,0.018188981310009927,1562.65,2023-10-19 01:50:00+00:00,2023-10-19 09:07:00+00:00,2023-10-19 09:08:00+00:00,stop,-1.2599685102494995,5.789988336461605,"simulated minute opens; intrabar exits only known within minute, not actual exchange fills"
552,1388.0,1999045.0,1999181.0,-1.0,3.5260000000000002,1579.1000000000001,1587.65,1587.3230488402405,1537.762106598696,2.7839533000000007,2.7990269500000005,0.0,-30.14729999999984,-35.73028024999962,1786.9990698909085,1751.2687896409088,3.115785953005508,1.0,1751.105976590909,0.0,0.0,2023-10-20 00:00:00+00:00,2023-10-19 00:00:00+00:00,2023-10-20 00:01:00+00:00,34.63,0.018126170439299105,1565.89,2023-10-20 05:25:00+00:00,2023-10-20 07:41:00+00:00,2023-10-20 07:42:00+00:00,stop,-1.2323136098147836,5.0270762346701305,"simulated minute opens; intrabar exits only known within minute, not actual exchange fills"
553,1389.0,2001070.0,2001117.0,-1.0,2.533,1615.64,1627.8400000000001,1627.5089463377935,1571.2147160776367,2.04620806,2.06165936,0.0,-30.902600000000113,-35.01046742000017,1751.2687896409088,1716.2583222209087,2.3368292430079425,1.0,1716.2583222209087,0.0,0.0,2023-10-21 00:00:00+00:00,2023-10-20 00:00:00+00:00,2023-10-21 00:01:00+00:00,38.43,0.02011518134514191,1603.14,2023-10-21 15:10:00+00:00,2023-10-21 15:57:00+00:00,2023-10-21 15:58:00+00:00,stop,-1.164529656351086,3.7429846473315975,"simulated minute opens; intrabar exits only known within minute, not actual exchange fills"
554,1390.0,2001975.0,2002963.0,-1.0,2.4010000000000002,1642.8,1655.44,1655.1061346306076,1593.2097865006886,1.9721814000000002,1.9873557200000003,-0.1271704799787305,-30.348640000000245,-34.18100664002145,1716.2583222209087,1682.0773155808872,2.298233750089458,1.0,1675.5000080414973,0.0,0.0,2023-10-22 00:00:00+00:00,2023-10-21 00:00:00+00:00,2023-10-22 00:01:00+00:00,41.61,0.02177966941897879,1628.29,2023-10-22 06:15:00+00:00,2023-10-22 22:43:00+00:00,2023-10-22 22:44:00+00:00,stop,-1.1568339528493292,4.029714852620853,"simulated minute opens; intrabar exits only known within minute, not actual exchange fills"
555,1391.0,2003135.0,2003248.0,-1.0,1.818,1676.3400000000001,1693.15,1692.8113420114382,1623.6792452254963,1.5237930600000003,1.5390733500000002,0.0,-30.560579999999902,-33.623446409999815,1682.0773155808872,1648.4538691708874,1.8117990723556898,1.0,1648.4538691708874,0.0,0.0,2023-10-23 00:00:00+00:00,2023-10-22 00:00:00+00:00,2023-10-23 00:01:00+00:00,45.52,0.02382625695630653,1662.83,2023-10-23 01:35:00+00:00,2023-10-23 03:28:00+00:00,2023-10-23 03:29:00+00:00,stop,-1.1228438452165412,3.1971137954597144,"simulated minute opens; intrabar exits only known within minute, not actual exchange fills"
556,1392.0,2005410.0,2005919.0,-1.0,2.259,1787.8600000000001,1783.93,1800.2885621624976,1722.091738149839,2.01938787,2.014948935,-0.40157565300000003,8.877870000000144,5.2451088480002,1648.4538691708874,1653.6989780188876,2.4500386789903668,3.0,1620.8540273793376,0.0,0.0,2023-10-24 00:00:00+00:00,2023-10-23 00:00:00+00:00,2023-10-24 00:01:00+00:00,48.48,0.02537559176717356,1766.35,2023-10-24 15:30:00+00:00,2023-10-24 23:59:00+00:00,2023-10-24 23:59:00+00:00,scheduled_23_59_exit,0.1868174266373485,5.291703174532409,"simulated minute opens; intrabar exits only known within minute, not actual exchange fills"
557,1393.0,2006420.0,2007359.0,1.0,1.588,1767.88,1786.14,1749.17507999473,1832.2568195974536,1.4036967200000001,1.4181951600000002,0.28682538202343605,28.996879999999987,25.8881627379767,1653.6989780188876,1679.5871407568643,1.697644781375644,3.0,1650.4746828894877,0.0,0.0,2023-10-25 00:00:00+00:00,2023-10-24 00:00:00+00:00,2023-10-25 00:01:00+00:00,50.66,0.026516655918420225,1784.31,2023-10-25 08:20:00+00:00,2023-10-25 23:59:00+00:00,2023-10-25 23:59:00+00:00,scheduled_23_59_exit,0.8715551564914374,3.4417051545430315,"simulated minute opens; intrabar exits only known within minute, not actual exchange fills"
558,1394.0,2007615.0,2007793.0,-1.0,2.219,1808.89,1822.2,1821.833449947286,1740.9298160369024,2.006963455,2.0217309,0.0,-29.534889999999876,-33.563584354999875,1679.5871407568643,1646.0235564018644,2.389829507858237,1.0,1641.9901649564245,0.0,0.0,2023-10-26 00:00:00+00:00,2023-10-25 00:00:00+00:00,2023-10-26 00:01:00+00:00,49.59,0.0259565923212487,1786.71,2023-10-26 04:15:00+00:00,2023-10-26 07:13:00+00:00,2023-10-26 07:14:00+00:00,stop,-1.1685868189393824,5.25054635664182,"simulated minute opens; intrabar exits only known within minute, not actual exchange fills"
559,1395.0,2008930.0,2009826.0,1.0,2.023,1781.76,1767.27,1767.6315393758243,1851.980048377603,1.80225024,1.787593605,0.7202042153362701,-29.31327000000002,-33.62331806033626,1646.0235564018644,1612.4002383415282,2.1898231443778853,1.0,1612.4002383415282,0.0,0.0,2023-10-27 00:00:00+00:00,2023-10-26 00:00:00+00:00,2023-10-27 00:01:00+00:00,50.89,0.02663704342061598,1803.3,2023-10-27 02:10:00+00:00,2023-10-27 17:06:00+00:00,2023-10-27 17:07:00+00:00,stop,-1.1763859812901405,4.970113181152039,"simulated minute opens; intrabar exits only known within minute, not actual exchange fills"
560,1396.0,2010930.0,2011679.0,-1.0,1.871,1795.8600000000001,1777.0900000000001,1810.9195931485647,1739.6391304601302,1.6800270300000002,1.6624676950000001,-0.33514954107176903,35.118669999999966,32.11132481607183,1612.4002383415282,1644.5115631576,2.083883380875745,3.0,1605.1288452167785,0.0,0.0,2023-10-28 00:00:00+00:00,2023-10-27 00:00:00+00:00,2023-10-28 00:01:00+00:00,43.84,0.02294690476635497,1780.02,2023-10-28 11:30:00+00:00,2023-10-28 23:59:00+00:00,2023-10-28 23:59:00+00:00,scheduled_23_59_exit,1.139649218509927,3.7332263219361135,"simulated minute opens; intrabar exits only known within minute, not actual exchange fills"
561,1397.0,2012465.0,2012738.0,-1.0,2.251,1796.74,1809.54,1809.1719143198131,1734.4455755392776,2.02223087,2.03663727,-0.403518762,-28.812799999999896,-32.46814937799991,1644.5115631576,1612.0434137796,2.4593695967903653,1.0,1612.0434137796,0.0,0.0,2023-10-29 00:00:00+00:00,2023-10-28 00:00:00+00:00,2023-10-29 00:01:00+00:00,46.05,0.02410367163527934,1776.76,2023-10-29 13:05:00+00:00,2023-10-29 17:38:00+00:00,2023-10-29 17:39:00+00:00,stop,-1.1602298430429312,5.010847312665424,"simulated minute opens; intrabar exits only known within minute, not actual exchange fills"
562,1398.0,2013650.0,2013964.0,-1.0,1.843,1815.74,1831.4,1831.0304256832776,1749.1735316166546,1.67320441,1.6876351,0.0,-28.86138000000015,-32.22221951000006,1612.0434137796,1579.8211942696,2.0758800857316886,1.0,1579.8211942696,0.0,0.0,2023-10-30 00:00:00+00:00,2023-10-29 00:00:00+00:00,2023-10-30 00:01:00+00:00,49.93,0.02613455645492937,1795.49,2023-10-30 08:50:00+00:00,2023-10-30 14:04:00+00:00,2023-10-30 14:05:00+00:00,stop,-1.1434325219029697,4.35347385103516,"simulated minute opens; intrabar exits only known within minute, not actual exchange fills"
563,1399.0,2015050.0,2015999.0,1.0,1.704,1790.81,1816.76,1774.4167444156835,1858.1016066644609,1.52577012,1.54787952,0.305401104,44.21880000000008,40.839749256000005,1579.8211942696,1620.6609435256,1.931573174906557,3.0,1562.91779854792,0.0,0.0,2023-10-31 00:00:00+00:00,2023-10-30 00:00:00+00:00,2023-10-31 00:01:00+00:00,50.31,0.026333457545513653,1809.81,2023-10-31 08:10:00+00:00,2023-10-31 23:59:00+00:00,2023-10-31 23:59:00+00:00,scheduled_23_59_exit,1.4620030095138299,4.104834840056994,"simulated minute opens; intrabar exits only known within minute, not actual exchange fills"
564,1400.0,2016905.0,2017439.0,1.0,2.172,1791.97,1847.3500000000001,1779.2049982975275,1865.455191685354,1.9460794200000002,2.0062221,0.38943107085356404,120.28536000000024,115.94362740914676,1620.6609435256,1736.6045709347468,2.401587361964165,3.0,1609.2232241056,0.0,0.0,2023-11-01 00:00:00+00:00,2023-10-31 00:00:00+00:00,2023-11-01 00:01:00+00:00,51.68,0.02705054831946225,1815.67,2023-11-01 15:05:00+00:00,2023-11-01 23:59:00+00:00,2023-11-01 23:59:00+00:00,scheduled_23_59_exit,4.1818281870282386,5.75677100545315,"simulated minute opens; intrabar exits only known within minute, not actual exchange fills"
565,1401.0,2017645.0,2018421.0,-1.0,1.461,1867.68,1795.3,1889.1839500830129,1794.9344405749741,1.3643402400000002,1.31146665,-0.8149802874894001,105.74718000000017,103.88635339748953,1736.6045709347468,1840.4909243322363,1.571273348964674,2.0,1732.365655894327,0.0,0.0,2023-11-02 00:00:00+00:00,2023-11-01 00:00:00+00:00,2023-11-02 00:01:00+00:00,55.87,0.02924369455511524,1848.2,2023-11-02 03:25:00+00:00,2023-11-02 16:21:00+00:00,2023-11-02 16:22:00+00:00,target,3.3066638143645553,3.3828928705750587,"simulated minute opens; intrabar exits only known within minute, not actual exchange fills"
566,1402.0,2020115.0,2020319.0,-1.0,2.036,1825.17,1831.73,1841.0365535853814,1748.2440018843927,1.8580230600000003,1.8647011400000002,0.0,-13.356159999999889,-17.078884199999948,1840.4909243322363,1823.4120401322364,2.0190515861132265,3.0,1820.0035012722365,0.0,0.0,2023-11-03 00:00:00+00:00,2023-11-02 00:00:00+00:00,2023-11-03 00:01:00+00:00,56.46,0.029552514669443468,1800.68,2023-11-03 20:35:00+00:00,2023-11-03 23:59:00+00:00,2023-11-03 23:59:00+00:00,scheduled_23_59_exit,-0.5286875914709471,4.848311745941053,"simulated minute opens; intrabar exits only known within minute, not actual exchange fills"
567,1404.0,2022015.0,2022504.0,-1.0,1.8800000000000001,1882.3,1899.8,1899.4147381921196,1799.8343708506375,1.769362,1.7858120000000002,-0.35453033622664004,-32.9,-36.100643663773326,1823.4120401322364,1787.311396468463,1.9407154949702794,1.0,1787.311396468463,0.0,0.0,2023-11-05 00:00:00+00:00,2023-11-04 00:00:00+00:00,2023-11-05 00:01:00+00:00,58.79,0.030772092409078664,1856.08,2023-11-05 04:15:00+00:00,2023-11-05 12:24:00+00:00,2023-11-05 12:25:00+00:00,stop,-1.1219844451236574,4.8183985184963785,"simulated minute opens; intrabar exits only known within minute, not actual exchange fills"
568,1406.0,2025255.0,2025575.0,1.0,1.85,1875.89,1858.45,1858.8263315005884,1960.4311260363584,1.7351982500000003,1.71906625,0.0,-32.2640000000001,-35.71826450000003,1787.311396468463,1751.593131968463,1.9416854314570668,1.0,1751.593131968463,0.0,0.0,2023-11-07 00:00:00+00:00,2023-11-06 00:00:00+00:00,2023-11-07 00:01:00+00:00,58.1,0.030410929902491415,1901.71,2023-11-07 10:15:00+00:00,2023-11-07 15:35:00+00:00,2023-11-07 15:36:00+00:00,stop,-1.1314782633444636,4.954451971407719,"simulated minute opens; intrabar exits only known within minute, not actual exchange fills"
569,1408.0,2027690.0,2027801.0,-1.0,1.872,1914.1100000000001,1930.89,1930.5004404415126,1833.7361206208973,1.7916069600000004,1.8073130400000004,0.0,-31.41215999999995,-35.01107999999999,1751.593131968463,1716.582051968463,2.0456884961481543,1.0,1716.582051968463,0.0,0.0,2023-11-09 00:00:00+00:00,2023-11-08 00:00:00+00:00,2023-11-09 00:01:00+00:00,56.14,0.0293850190142146,1888.42,2023-11-09 02:50:00+00:00,2023-11-09 04:41:00+00:00,2023-11-09 04:42:00+00:00,stop,-1.1410614660867606,4.903704672605244,"simulated minute opens; intrabar exits only known within minute, not actual exchange fills"
570,1409.0,2029460.0,2029810.0,1.0,1.313,2093.4,2069.36,2069.776150957543,2195.907095266196,1.3743171,1.3585348400000001,0.0,-31.564519999999952,-34.29737193999995,1716.582051968463,1682.284680028463,1.6012250604904366,1.0,1682.284680028463,0.0,0.0,2023-11-10 00:00:00+00:00,2023-11-09 00:00:00+00:00,2023-11-10 00:01:00+00:00,64.58,0.033802716920876,2122.92,2023-11-10 08:20:00+00:00,2023-11-10 14:10:00+00:00,2023-11-10 14:11:00+00:00,stop,-1.1057207465665002,4.339136060426425,"simulated minute opens; intrabar exits only known within minute, not actual exchange fills"
571,1410.0,2030490.0,2030541.0,1.0,1.196,2057.95,2031.8700000000001,2032.2800005624608,2143.208839662978,1.2306540999999998,1.21505826,0.0,-31.19167999999964,-33.637392359999694,1682.284680028463,1648.6472876684634,1.4630747276129008,1.0,1648.6472876684634,0.0,0.0,2023-11-11 00:00:00+00:00,2023-11-10 00:00:00+00:00,2023-11-11 00:01:00+00:00,58.02,0.030369055988684203,2079.1,2023-11-11 01:30:00+00:00,2023-11-11 02:21:00+00:00,2023-11-11 02:22:00+00:00,stop,-1.0956334482372747,3.321341703587973,"simulated minute opens; intrabar exits only known within minute, not actual exchange fills"
572,1412.0,2034315.0,2034403.0,-1.0,1.603,2076.4700000000003,2094.94,2094.5166626183072,1983.2356977706822,1.6642907050000002,1.67909441,0.0,-29.60740999999968,-32.950795114999664,1648.6472876684634,1615.6964925534637,2.0189772760353852,1.0,1615.6964925534637,0.0,0.0,2023-11-13 00:00:00+00:00,2023-11-12 00:00:00+00:00,2023-11-13 00:01:00+00:00,59.6,0.031196065786376737,2046.08,2023-11-13 17:15:00+00:00,2023-11-13 18:43:00+00:00,2023-11-13 18:44:00+00:00,stop,-1.1390308244111338,5.1662905325630035,"simulated minute opens; intrabar exits only known within minute, not actual exchange fills"
573,1413.0,2035485.0,2035839.0,1.0,1.041,2034.0,2004.99,2005.3923271784834,2123.491627111657,1.058697,1.043597295,0.212285783344884,-30.19940999999999,-32.51399007834493,1615.6964925534637,1583.1825024751188,1.3105146973820856,1.0,1583.1825024751188,0.0,0.0,2023-11-14 00:00:00+00:00,2023-11-13 00:00:00+00:00,2023-11-14 00:01:00+00:00,62.47,0.03269829244421065,2055.18,2023-11-14 12:45:00+00:00,2023-11-14 18:39:00+00:00,2023-11-14 18:40:00+00:00,stop,-1.091784713100903,3.1282386257000248,"simulated minute opens; intrabar exits only known within minute, not actual exchange fills"
574,1414.0,2036870.0,2037251.0,-1.0,1.5210000000000001,2009.94,2028.72,2028.3142645548123,1917.614978132388,1.5285593700000002,1.54284156,-0.30756901500000006,-28.56437999999996,-31.32821191500011,1583.1825024751188,1551.8542905601187,1.9309957855272886,1.0,1551.8542905601187,0.0,0.0,2023-11-15 00:00:00+00:00,2023-11-14 00:00:00+00:00,2023-11-15 00:01:00+00:00,61.27,0.032070183737102395,1980.11,2023-11-15 11:50:00+00:00,2023-11-15 18:11:00+00:00,2023-11-15 18:12:00+00:00,stop,-1.1209762947821293,5.024692095414069,"simulated minute opens; intrabar exits only known within minute, not actual exchange fills"
575,1415.0,2038455.0,2038470.0,1.0,1.233,2031.29,2008.15,2008.5588927950853,2128.930240899012,1.2522902850000002,1.2380244750000002,0.0,-28.531619999999844,-31.021934760000022,1551.8542905601187,1520.8323558001186,1.6139276639793347,1.0,1520.8323558001186,0.0,0.0,2023-11-16 00:00:00+00:00,2023-11-15 00:00:00+00:00,2023-11-16 00:01:00+00:00,63.54,0.03325835604138218,2059.29,2023-11-16 14:15:00+00:00,2023-11-16 14:30:00+00:00,2023-11-16 14:31:00+00:00,stop,-1.1068409370996346,4.29544588474341,"simulated minute opens; intrabar exits only known within minute, not actual exchange fills"
576,1416.0,2039930.0,2039976.0,1.0,1.405,1936.99,1917.28,1917.6655285788922,2023.0238361825322,1.360735475,1.3468892000000001,0.0,-27.69255000000005,-30.400174675000017,1520.8323558001186,1490.4321811251186,1.7894615008820076,1.0,1490.4321811251186,0.0,0.0,2023-11-17 00:00:00+00:00,2023-11-16 00:00:00+00:00,2023-11-17 00:01:00+00:00,58.39,0.030562722840042578,1962.13,2023-11-17 14:50:00+00:00,2023-11-17 15:36:00+00:00,2023-11-17 15:37:00+00:00,stop,-1.119675386120324,4.452066724503472,"simulated minute opens; intrabar exits only known within minute, not actual exchange fills"
577,1417.0,2040805.0,2040905.0,1.0,1.631,1933.6000000000001,1917.26,1917.646958619888,2020.8373324777244,1.5768508,1.56352553,0.0,-26.650540000000237,-29.7909163300003,1490.4321811251186,1460.6412647951183,2.115964510118997,1.0,1460.6412647951183,0.0,0.0,2023-11-18 00:00:00+00:00,2023-11-17 00:00:00+00:00,2023-11-18 00:01:00+00:00,57.22,0.029950316850612033,1961.21,2023-11-18 05:25:00+00:00,2023-11-18 07:05:00+00:00,2023-11-18 07:06:00+00:00,stop,-1.1449497036201992,5.4683825108407635,"simulated minute opens; intrabar exits only known within minute, not actual exchange fills"
578,1419.0,2044010.0,2044431.0,-1.0,1.181,2035.9,2058.58,2058.160742670845,1953.1002970739335,1.2021989500000003,1.21559149,-0.24129207434194702,-26.78507999999981,-28.961578365657715,1460.6412647951183,1431.6796864294606,1.6461248616971405,1.0,1431.6796864294606,0.0,0.0,2023-11-20 00:00:00+00:00,2023-11-19 00:00:00+00:00,2023-11-20 00:01:00+00:00,57.2,0.029939848372160228,2012.46,2023-11-20 10:50:00+00:00,2023-11-20 17:51:00+00:00,2023-11-20 17:52:00+00:00,stop,-1.1016222009892984,3.719539107493912,"simulated minute opens; intrabar exits only known within minute, not actual exchange fills"
579,1420.0,2045690.0,2045703.0,1.0,1.57,1993.14,1976.9,1977.3012612998202,2084.159816165766,1.5646149,1.5518665,0.0,-25.496800000000015,-28.613281400000005,1431.6796864294606,1403.0664050294606,2.1857052451475,1.0,1385.9094733836605,0.0,0.0,2023-11-21 00:00:00+00:00,2023-11-20 00:00:00+00:00,2023-11-21 00:01:00+00:00,57.46,0.030075938592033682,2022.41,2023-11-21 14:50:00+00:00,2023-11-21 15:03:00+00:00,2023-11-21 15:04:00+00:00,stop,-1.150661068724685,5.74665810761386,"simulated minute opens; intrabar exits only known within minute, not actual exchange fills"
580,1423.0,2050245.0,2050559.0,-1.0,1.385,2089.17,2081.2200000000003,2106.897642797687,2005.1633196152768,1.446750225,1.4412448500000004,0.0,11.010749999999748,8.122754924999754,1403.0664050294606,1411.1891599544604,2.0622690698229955,3.0,1392.0326416755606,0.0,0.0,2023-11-24 00:00:00+00:00,2023-11-23 00:00:00+00:00,2023-11-24 00:01:00+00:00,54.03,0.028280594537549247,2062.68,2023-11-24 18:45:00+00:00,2023-11-24 23:59:00+00:00,2023-11-24 23:59:00+00:00,scheduled_23_59_exit,0.3308282475527498,4.738739455856214,"simulated minute opens; intrabar exits only known within minute, not actual exchange fills"
581,1425.0,2053095.0,2053439.0,1.0,1.59,2054.18,2061.79,2038.9004810994672,2142.9745499838236,1.6330730999999998,1.6391230500000002,0.0,12.099900000000202,8.827703850000262,1411.1891599544604,1420.0168638044606,2.3144637818117872,3.0,1393.4143748159606,0.0,0.0,2023-11-26 00:00:00+00:00,2023-11-25 00:00:00+00:00,2023-11-26 00:01:00+00:00,54.35,0.028448090192778115,2082.87,2023-11-26 18:15:00+00:00,2023-11-26 23:59:00+00:00,2023-11-26 23:59:00+00:00,scheduled_23_59_exit,0.36336320771242603,5.811344621637839,"simulated minute opens; intrabar exits only known within minute, not actual exchange fills"
582,1426.0,2053895.0,2054088.0,1.0,1.344,2037.74,2018.64,2019.0519027919681,2120.6165890313346,1.3693612800000001,1.35652608,0.27487205784595203,-25.67039999999988,-28.67115941784573,1420.0168638044606,1391.345704386615,1.9286549546056153,1.0,1391.345704386615,0.0,0.0,2023-11-27 00:00:00+00:00,2023-11-26 00:00:00+00:00,2023-11-27 00:01:00+00:00,53.58,0.02804505377238365,2061.97,2023-11-27 07:35:00+00:00,2023-11-27 10:48:00+00:00,2023-11-27 10:49:00+00:00,stop,-1.1415131065892754,4.434725917185158,"simulated minute opens; intrabar exits only known within minute, not actual exchange fills"
583,1427.0,2055255.0,2056319.0,1.0,1.494,2004.18,2048.2400000000002,1987.964980439747,2081.606775666773,1.4971224600000002,1.5300352800000003,0.605187885629736,65.82564000000026,62.19329437437068,1391.345704386615,1453.5389987609856,2.1520495665166375,3.0,1387.0697419266148,0.0,0.0,2023-11-28 00:00:00+00:00,2023-11-27 00:00:00+00:00,2023-11-28 00:01:00+00:00,50.25,0.026302052110158236,2027.57,2023-11-28 06:15:00+00:00,2023-11-28 23:59:00+00:00,2023-11-28 23:59:00+00:00,scheduled_23_59_exit,2.5672933010823114,4.775003531698775,"simulated minute opens; intrabar exits only known within minute, not actual exchange fills"
584,1428.0,2056915.0,2057759.0,-1.0,1.104,2064.15,2029.6000000000001,2087.972004522921,1996.3466211265186,1.1394108,1.1203392,-0.22425662400000002,38.14319999999995,36.107706624,1453.5389987609856,1489.6467053849856,1.5677746534097095,3.0,1447.2883732832258,0.0,0.0,2023-11-29 00:00:00+00:00,2023-11-28 00:00:00+00:00,2023-11-29 00:01:00+00:00,48.99,0.02564253796769457,2048.2,2023-11-29 09:55:00+00:00,2023-11-29 23:59:00+00:00,2023-11-29 23:59:00+00:00,scheduled_23_59_exit,1.3729430690238893,2.846249937037955,"simulated minute opens; intrabar exits only known within minute, not actual exchange fills"
585,1430.0,2060035.0,2060184.0,-1.0,1.665,2077.4700000000003,2093.26,2092.841354536965,1998.236523426121,1.7294937750000001,1.7426389500000004,-0.34624970231305496,-26.29034999999994,-29.41623302268681,1489.6467053849856,1460.2304723622988,2.3220187293376093,1.0,1460.2304723622988,0.0,0.0,2023-12-01 00:00:00+00:00,2023-11-30 00:00:00+00:00,2023-12-01 00:01:00+00:00,50.5,0.026432908090805795,2051.76,2023-12-01 13:55:00+00:00,2023-12-01 16:24:00+00:00,2023-12-01 16:25:00+00:00,stop,-1.1493721765604186,5.154619027447487,"simulated minute opens; intrabar exits only known within minute, not actual exchange fills"
586,1433.0,2063610.0,2063829.0,-1.0,1.115,2218.17,2242.13,2241.6728223861833,2130.2867509498274,1.2366297750000002,1.2499874750000002,0.0,-26.71540000000004,-29.202017249999926,1460.2304723622988,1431.0284551122988,1.6937460194203906,1.0,1431.0284551122988,0.0,0.0,2023-12-04 00:00:00+00:00,2023-12-03 00:00:00+00:00,2023-12-04 00:01:00+00:00,55.64,0.029123307052919493,2193.24,2023-12-04 01:30:00+00:00,2023-12-04 05:09:00+00:00,2023-12-04 05:10:00+00:00,stop,-1.114340634059191,3.739263634219411,"simulated minute opens; intrabar exits only known within minute, not actual exchange fills"
587,1434.0,2065735.0,2066055.0,1.0,1.458,2211.43,2310.51,2194.460485140409,2310.9794619685113,1.61213247,1.68436179,0.32496566727339,144.45864000000054,140.83718007272728,1431.0284551122988,1571.8656351850261,2.253110291749564,2.0,1412.025790163259,0.0,0.0,2023-12-05 00:00:00+00:00,2023-12-04 00:00:00+00:00,2023-12-05 00:01:00+00:00,56.48,0.02956298314789527,2243.66,2023-12-05 12:55:00+00:00,2023-12-05 18:15:00+00:00,2023-12-05 18:16:00+00:00,target,5.692333944358608,5.8663705351746875,"simulated minute opens; intrabar exits only known within minute, not actual exchange fills"
588,1435.0,2067130.0,2067695.0,1.0,1.53,2260.62,2242.34,2242.7954608849227,2364.02367396003,1.7293743,1.7153901,0.34468452000000005,-27.968399999999612,-31.757848919999788,1571.8656351850261,1540.1077862650263,2.200409833117108,1.0,1539.963131022726,0.0,0.0,2023-12-06 00:00:00+00:00,2023-12-05 00:00:00+00:00,2023-12-06 00:01:00+00:00,57.47,0.030081172831259582,2293.97,2023-12-06 12:10:00+00:00,2023-12-06 21:35:00+00:00,2023-12-06 21:36:00+00:00,stop,-1.164504948262163,5.801197623817627,"simulated minute opens; intrabar exits only known within minute, not actual exchange fills"
589,1436.0,2068130.0,2068752.0,-1.0,1.5210000000000001,2264.53,2282.5,2282.0338193136486,2169.9139639412665,1.7221750650000005,1.7358412500000002,-0.34404411600000007,-27.3323699999997,-30.446342198999673,1540.1077862650263,1509.6614440660267,2.2364344630404243,1.0,1509.6614440660267,0.0,0.0,2023-12-07 00:00:00+00:00,2023-12-06 00:00:00+00:00,2023-12-07 00:01:00+00:00,55.0,0.028788315742461757,2233.29,2023-12-07 04:50:00+00:00,2023-12-07 15:12:00+00:00,2023-12-07 15:13:00+00:00,stop,-1.1435972139172823,5.405450911216739,"simulated minute opens; intrabar exits only known within minute, not actual exchange fills"
590,1437.0,2069540.0,2070719.0,-1.0,1.1420000000000001,2386.6,2360.91,2410.1399714135714,2288.0554009549633,1.3627486000000002,1.34807961,-0.6126272259762001,29.337980000000066,27.239779015976183,1509.6614440660267,1536.9012230820028,1.805369813684397,3.0,1505.5000990173264,0.0,0.0,2023-12-08 00:00:00+00:00,2023-12-07 00:00:00+00:00,2023-12-08 00:01:00+00:00,56.75,0.02970430760699463,2357.04,2023-12-08 04:20:00+00:00,2023-12-08 23:59:00+00:00,2023-12-08 23:59:00+00:00,scheduled_23_59_exit,1.0132848397321415,4.186266725380251,"simulated minute opens; intrabar exits only known within minute, not actual exchange fills"
591,1438.0,2071235.0,2072159.0,-1.0,1.047,2388.3,2342.9,2414.7538964855853,2290.777326396468,1.25027505,1.22650815,-0.8288975197209287,47.53380000000009,45.885914319720996,1536.9012230820028,1582.7871374017238,1.6270076843231067,3.0,1534.8411569906727,0.0,0.0,2023-12-09 00:00:00+00:00,2023-12-08 00:00:00+00:00,2023-12-09 00:01:00+00:00,57.54,0.030117812505840898,2360.82,2023-12-09 08:35:00+00:00,2023-12-09 23:59:00+00:00,2023-12-09 23:59:00+00:00,scheduled_23_59_exit,1.656696895270412,3.6865145237365184,"simulated minute opens; intrabar exits only known within minute, not actual exchange fills"
592,1439.0,2073425.0,2073599.0,-1.0,1.2790000000000001,2373.08,2354.39,2394.9445044721347,2274.1295388952585,1.5175846600000003,1.505632405,0.0,23.904510000000073,20.881292935000147,1582.7871374017238,1603.668430336724,1.9176105543683417,3.0,1575.760845806294,0.0,0.0,2023-12-10 00:00:00+00:00,2023-12-09 00:00:00+00:00,2023-12-10 00:01:00+00:00,56.51,0.029578685865572975,2342.4,2023-12-10 21:05:00+00:00,2023-12-10 23:59:00+00:00,2023-12-10 23:59:00+00:00,scheduled_23_59_exit,0.746701807068491,4.525621023373707,"simulated minute opens; intrabar exits only known within minute, not actual exchange fills"
593,1441.0,2075975.0,2076085.0,1.0,1.056,2200.92,2172.77,2173.2054626696827,2297.333255252267,1.16208576,1.1472225600000001,0.23176314029299203,-29.726400000000098,-32.26747146029311,1603.668430336724,1571.4009588764309,1.449284325882746,1.0,1571.4009588764309,0.0,0.0,2023-12-12 00:00:00+00:00,2023-12-11 00:00:00+00:00,2023-12-12 00:01:00+00:00,60.64,0.03174042666587056,2225.56,2023-12-12 15:35:00+00:00,2023-12-12 17:25:00+00:00,2023-12-12 17:26:00+00:00,stop,-1.102537534960255,3.478797214009373,"simulated minute opens; intrabar exits only known within minute, not actual exchange fills"
594,1442.0,2076635.0,2076733.0,1.0,1.578,2173.11,2155.37,2155.804644314409,2271.623226995309,1.7145837900000003,1.70058693,0.0,-27.993720000000373,-31.408890720000272,1571.4009588764309,1539.9920681564306,2.182235896337936,1.0,1538.5682150864304,0.0,0.0,2023-12-13 00:00:00+00:00,2023-12-12 00:00:00+00:00,2023-12-13 00:01:00+00:00,57.13,0.029903208697578912,2204.7,2023-12-13 02:35:00+00:00,2023-12-13 04:13:00+00:00,2023-12-13 04:14:00+00:00,stop,-1.1501780351485578,5.692643871939199,"simulated minute opens; intrabar exits only known within minute, not actual exchange fills"
595,1443.0,2078625.0,2078640.0,-1.0,1.42,2294.14,2313.52,2313.0490374472733,2194.4147262478273,1.6288394,1.6425991999999998,0.0,-27.519600000000153,-30.79103860000032,1539.9920681564306,1509.2010295564303,2.115386739556303,1.0,1509.2010295564303,0.0,0.0,2023-12-14 00:00:00+00:00,2023-12-13 00:00:00+00:00,2023-12-14 00:01:00+00:00,57.48,0.030086407070485485,2261.44,2023-12-14 11:45:00+00:00,2023-12-14 12:00:00+00:00,2023-12-14 12:01:00+00:00,stop,-1.1467442518141953,5.2739476575817,"simulated minute opens; intrabar exits only known within minute, not actual exchange fills"
596,1444.0,2079595.0,2079698.0,1.0,1.415,2284.19,2265.15,2265.608940268542,2386.233520216524,1.616064425,1.6025936250000001,0.0,-26.941599999999948,-30.16025805000004,1509.2010295564303,1479.0407715064302,2.1416158528264164,1.0,1479.0407715064302,0.0,0.0,2023-12-15 00:00:00+00:00,2023-12-14 00:00:00+00:00,2023-12-15 00:01:00+00:00,56.63,0.029641496736283805,2316.54,2023-12-15 03:55:00+00:00,2023-12-15 05:38:00+00:00,2023-12-15 05:39:00+00:00,stop,-1.1471181034908335,5.491803034450331,"simulated minute opens; intrabar exits only known within minute, not actual exchange fills"
597,1445.0,2081050.0,2082239.0,-1.0,1.495,2253.41,2230.94,2270.4595391484563,2158.3349349274636,1.684423975,1.6676276500000002,-0.67274241558095,33.5926499999997,30.913340790580378,1479.0407715064302,1509.9541122970106,2.277724870673285,3.0,1461.4471500250604,0.0,0.0,2023-12-16 00:00:00+00:00,2023-12-15 00:00:00+00:00,2023-12-16 00:01:00+00:00,55.29,0.028940108680012913,2221.71,2023-12-16 04:10:00+00:00,2023-12-16 23:59:00+00:00,2023-12-16 23:59:00+00:00,scheduled_23_59_exit,1.2128081437721225,5.576400877741243,"simulated minute opens; intrabar exits only known within minute, not actual exchange fills"
598,1447.0,2084180.0,2084242.0,1.0,1.135,2173.12,2148.69,2149.1257296356835,2264.7307024768534,1.2332456,1.219381575,0.0,-27.728049999999815,-30.1806771749998,1509.9541122970106,1479.7734351220108,1.6334875211855688,1.0,1479.7734351220108,0.0,0.0,2023-12-18 00:00:00+00:00,2023-12-17 00:00:00+00:00,2023-12-18 00:01:00+00:00,57.2,0.029939848372160228,2197.93,2023-12-18 08:20:00+00:00,2023-12-18 09:22:00+00:00,2023-12-18 09:23:00+00:00,stop,-1.10821894545062,3.818024098498706,"simulated minute opens; intrabar exits only known within minute, not actual exchange fills"
599,1448.0,2085245.0,2086165.0,-1.0,1.073,2246.87,2154.38,2271.7249607310127,2153.9470372674923,1.205445755,1.15582487,-0.47656543900000004,99.24176999999976,97.35706481399984,1479.7734351220108,1577.1304999360107,1.6292301596840169,2.0,1469.5063509280108,0.0,0.0,2023-12-19 00:00:00+00:00,2023-12-18 00:00:00+00:00,2023-12-19 00:01:00+00:00,58.12,0.03042139838094322,2220.48,2023-12-19 02:05:00+00:00,2023-12-19 17:25:00+00:00,2023-12-19 17:26:00+00:00,target,3.650519466996656,3.738608309952495,"simulated minute opens; intrabar exits only known within minute, not actual exchange fills"
600,1449.0,2086865.0,2087348.0,-1.0,1.487,2211.67,2230.64,2230.1922150557043,2112.6121717650367,1.6443766450000001,1.65848084,-0.32977050300000005,-28.208389999999703,-31.181476981999594,1577.1304999360107,1545.949022954011,2.0852765767534365,1.0,1545.949022954011,0.0,0.0,2023-12-20 00:00:00+00:00,2023-12-19 00:00:00+00:00,2023-12-20 00:01:00+00:00,59.13,0.03095005654275934,2179.02,2023-12-20 05:05:00+00:00,2023-12-20 13:08:00+00:00,2023-12-20 13:09:00+00:00,stop,-1.1321208579500777,5.348055183305779,"simulated minute opens; intrabar exits only known within minute, not actual exchange fills"
601,1450.0,2088870.0,2089297.0,-1.0,1.464,2235.01,2253.87,2253.415345024453,2139.681136774473,1.6360273200000002,1.6498328399999997,-1.37637012792,-27.61103999999952,-29.520530032079705,1545.949022954011,1516.4284929219314,2.11653462786744,1.0,1516.4284929219314,0.0,0.0,2023-12-21 00:00:00+00:00,2023-12-20 00:00:00+00:00,2023-12-21 00:01:00+00:00,56.54,0.029594388583250687,2203.95,2023-12-21 14:30:00+00:00,2023-12-21 21:37:00+00:00,2023-12-21 21:38:00+00:00,stop,-1.095567425832556,5.179411909903129,"simulated minute opens; intrabar exits only known within minute, not actual exchange fills"
602,1451.0,2089850.0,2089894.0,-1.0,1.365,2273.93,2293.85,2293.382689859353,2173.804808970477,1.551957225,1.565552625,0.0,-27.1908000000001,-30.308309850000114,1516.4284929219314,1486.1201830719313,2.0468584338053555,1.0,1485.776767690531,0.0,0.0,2023-12-22 00:00:00+00:00,2023-12-21 00:00:00+00:00,2023-12-22 00:01:00+00:00,58.46,0.030599362514623894,2241.35,2023-12-22 06:50:00+00:00,2023-12-22 07:34:00+00:00,2023-12-22 07:35:00+00:00,stop,-1.1414303194333912,5.147112905898788,"simulated minute opens; intrabar exits only known within minute, not actual exchange fills"
603,1452.0,2091005.0,2091060.0,1.0,1.022,2298.27,2271.5,2271.9607594844683,2401.333234494801,1.17441597,1.1607365,0.0,-27.358939999999983,-29.694092469999987,1486.1201830719313,1456.4260906019313,1.5805127786803712,1.0,1454.034376860311,0.0,0.0,2023-12-23 00:00:00+00:00,2023-12-22 00:00:00+00:00,2023-12-23 00:01:00+00:00,60.46,0.031646210359804326,2326.53,2023-12-23 02:05:00+00:00,2023-12-23 03:00:00+00:00,2023-12-23 03:01:00+00:00,stop,-1.1043604615970362,3.9173777910448564,"simulated minute opens; intrabar exits only known within minute, not actual exchange fills"
604,1453.0,2093575.0,2093655.0,1.0,1.082,2278.4500000000003,2253.81,2254.2653892799435,2386.1247471506854,1.2326414500000002,1.21931121,0.0,-26.660480000000355,-29.112432660000422,1456.4260906019313,1427.3136579419308,1.6926934472734663,1.0,1427.3136579419308,0.0,0.0,2023-12-24 00:00:00+00:00,2023-12-23 00:00:00+00:00,2023-12-24 00:01:00+00:00,62.06,0.032483688635948665,2309.86,2023-12-24 20:55:00+00:00,2023-12-24 22:15:00+00:00,2023-12-24 22:16:00+00:00,stop,-1.1125310351878697,4.452200963540356,"simulated minute opens; intrabar exits only known within minute, not actual exchange fills"
605,1454.0,2094545.0,2095199.0,-1.0,1.185,2300.16,2273.01,2321.4457593922407,2192.8392162131577,1.3628448000000002,1.3467584250000002,-1.1899415525205168,32.17274999999957,30.65308832752021,1427.3136579419308,1457.966746269451,1.9096640635599471,3.0,1423.7294049608308,0.0,0.0,2023-12-25 00:00:00+00:00,2023-12-24 00:00:00+00:00,2023-12-25 00:01:00+00:00,62.22,0.032567436463563096,2265.43,2023-12-25 13:05:00+00:00,2023-12-25 23:59:00+00:00,2023-12-25 23:59:00+00:00,scheduled_23_59_exit,1.2152530999643025,5.041905332537168,"simulated minute opens; intrabar exits only known within minute, not actual exchange fills"
606,1455.0,2095550.0,2095562.0,1.0,1.324,2239.81,2220.04,2220.486775300974,2345.1230525711203,1.4827542200000001,1.46966648,0.0,-26.17547999999998,-29.127900700000055,1457.966746269451,1428.838845569451,2.034002797106276,1.0,1428.838845569451,0.0,0.0,2023-12-26 00:00:00+00:00,2023-12-25 00:00:00+00:00,2023-12-26 00:01:00+00:00,59.62,0.03120653426482854,2273.07,2023-12-26 05:50:00+00:00,2023-12-26 06:02:00+00:00,2023-12-26 06:03:00+00:00,stop,-1.1385224434671584,5.450076486272431,"simulated minute opens; intrabar exits only known within minute, not actual exchange fills"
607,1457.0,2098190.0,2099519.0,-1.0,1.118,2421.08,2346.4900000000002,2443.7092775502447,2298.328835196847,1.35338372,1.3116879100000003,-2.838323470056584,83.39161999999966,83.56487184005618,1428.838845569451,1512.4037174095072,1.8943825949253514,3.0,1420.6617530866706,0.0,0.0,2023-12-28 00:00:00+00:00,2023-12-27 00:00:00+00:00,2023-12-28 00:01:00+00:00,66.96,0.03504846585664071,2380.31,2023-12-28 01:50:00+00:00,2023-12-28 23:59:00+00:00,2023-12-28 23:59:00+00:00,scheduled_23_59_exit,3.3030204212976555,5.424440286730457,"simulated minute opens; intrabar exits only known within minute, not actual exchange fills"
608,1458.0,2100560.0,2100834.0,1.0,1.1300000000000001,2309.52,2285.06,2285.518372152707,2429.0425233705296,1.3048788000000002,1.2910589000000001,0.0,-27.639800000000044,-30.235737700000072,1512.4037174095072,1482.167979709507,1.7255694163923874,1.0,1482.167979709507,0.0,0.0,2023-12-29 00:00:00+00:00,2023-12-28 00:00:00+00:00,2023-12-29 00:01:00+00:00,66.49,0.03480245661302331,2345.96,2023-12-29 17:20:00+00:00,2023-12-29 21:54:00+00:00,2023-12-29 21:55:00+00:00,stop,-1.1148114690486608,4.979767377903468,"simulated minute opens; intrabar exits only known within minute, not actual exchange fills"
609,1461.0,2105000.0,2105048.0,-1.0,1.162,2324.93,2348.09,2347.6181395213925,2201.5120664502724,1.3507843299999998,1.36424029,0.0,-26.911920000000357,-29.62694462000036,1482.167979709507,1452.5410350895067,1.822714224692322,1.0,1452.5410350895067,0.0,0.0,2024-01-01 00:00:00+00:00,2023-12-31 00:00:00+00:00,2024-01-01 00:01:00+00:00,70.15,0.03671818816970349,2283.85,2024-01-01 19:20:00+00:00,2024-01-01 20:08:00+00:00,2024-01-01 20:09:00+00:00,stop,-1.123781435492301,5.439755579489288,"simulated minute opens; intrabar exits only known within minute, not actual exchange fills"
610,1462.0,2105980.0,2106719.0,-1.0,0.865,2389.77,2356.4700000000003,2420.4211424687705,2269.659367883946,1.033575525,1.0191732750000002,-1.3019831681348222,28.804499999999763,28.053734368134428,1452.5410350895067,1480.5947694576412,1.4231274711441253,3.0,1436.2402095645066,0.0,0.0,2024-01-02 00:00:00+00:00,2024-01-01 00:00:00+00:00,2024-01-02 00:01:00+00:00,70.21,0.0367495936050589,2354.62,2024-01-02 11:40:00+00:00,2024-01-02 23:59:00+00:00,2024-01-02 23:59:00+00:00,scheduled_23_59_exit,1.0581029038763747,3.9186347536125585,"simulated minute opens; intrabar exits only known within minute, not actual exchange fills"
611,1464.0,2109050.0,2109055.0,-1.0,1.227,2249.57,2271.42,2270.9656209242175,2132.128475411583,1.3801111950000002,1.39351617,0.0,-26.80994999999989,-29.583577364999883,1480.5947694576412,1451.0111920926413,1.8642659334877303,1.0,1451.0111920926413,0.0,0.0,2024-01-04 00:00:00+00:00,2024-01-03 00:00:00+00:00,2024-01-04 00:01:00+00:00,68.87,0.03604820554878802,2210.39,2024-01-04 14:50:00+00:00,2024-01-04 14:55:00+00:00,2024-01-04 14:56:00+00:00,stop,-1.1268892398775674,5.489044931408683,"simulated minute opens; intrabar exits only known within minute, not actual exchange fills"
612,1465.0,2109715.0,2110625.0,1.0,0.858,2237.9500000000003,2206.38,2206.828960224744,2351.844091598879,0.9600805500000001,0.94653702,0.384192577924584,-27.08706000000014,-29.37787014792457,1451.0111920926413,1421.6333219447167,1.3233261813995751,1.0,1421.6333219447167,0.0,0.0,2024-01-05 00:00:00+00:00,2024-01-04 00:00:00+00:00,2024-01-05 00:01:00+00:00,69.48,0.036367494141568056,2267.85,2024-01-05 01:55:00+00:00,2024-01-05 17:05:00+00:00,2024-01-05 17:06:00+00:00,stop,-1.100218442076979,3.6597135706704194,"simulated minute opens; intrabar exits only known within minute, not actual exchange fills"
613,1466.0,2111415.0,2112479.0,1.0,0.9520000000000001,2234.06,2239.4700000000003,2206.8747078263123,2354.393178563173,1.06341256,1.0659877200000003,0.4264350720000001,5.150320000000295,2.594484648000389,1421.6333219447167,1424.2278065927171,1.4960433799417556,3.0,1404.0241493847166,0.0,0.0,2024-01-06 00:00:00+00:00,2024-01-05 00:00:00+00:00,2024-01-06 00:01:00+00:00,70.64,0.0369746658917727,2268.93,2024-01-06 06:15:00+00:00,2024-01-06 23:59:00+00:00,2024-01-06 23:59:00+00:00,scheduled_23_59_exit,0.10024902372166491,4.426407404208152,"simulated minute opens; intrabar exits only known within minute, not actual exchange fills"
614,1468.0,2114100.0,2115000.0,1.0,0.96,2183.83,2308.83,2156.782155748372,2309.2925019109034,1.0482384,1.1082384,0.43134845251776,120.0,117.41217474748237,1424.2278065927171,1541.6399813401995,1.4720094568407232,2.0,1406.4369027335174,0.0,0.0,2024-01-08 00:00:00+00:00,2024-01-07 00:00:00+00:00,2024-01-08 00:01:00+00:00,74.59,0.039042190386004046,2220.87,2024-01-08 03:00:00+00:00,2024-01-08 18:00:00+00:00,2024-01-08 18:01:00+00:00,target,4.5217780595558414,4.638539794288889,"simulated minute opens; intrabar exits only known within minute, not actual exchange fills"
615,1469.0,2115930.0,2116136.0,1.0,1.097,2293.41,2267.61,2268.0662675205,2417.902613501464,1.2579353850000001,1.243784085,0.0,-28.3025999999997,-30.804319469999882,1541.6399813401995,1510.8356618701996,1.6319444231154856,1.0,1475.7907075660996,0.0,0.0,2024-01-09 00:00:00+00:00,2024-01-08 00:00:00+00:00,2024-01-09 00:01:00+00:00,69.84,0.03655592675370053,2331.11,2024-01-09 09:30:00+00:00,2024-01-09 12:56:00+00:00,2024-01-09 12:57:00+00:00,stop,-1.1079863639940817,4.912165704170207,"simulated minute opens; intrabar exits only known within minute, not actual exchange fills"
616,1470.0,2116840.0,2117358.0,-1.0,1.014,2382.21,2409.6,2409.114800046032,2260.8996766807427,1.2077804699999999,1.2216672,-0.24025008738954598,-27.773459999999872,-29.96265758261029,1510.8356618701996,1480.8730042875893,1.5988244128483697,1.0,1480.8730042875893,0.0,0.0,2024-01-10 00:00:00+00:00,2024-01-09 00:00:00+00:00,2024-01-10 00:01:00+00:00,69.32,0.03628374631395361,2344.44,2024-01-10 00:40:00+00:00,2024-01-10 09:18:00+00:00,2024-01-10 09:19:00+00:00,stop,-1.0982788173264553,4.50887288185397,"simulated minute opens; intrabar exits only known within minute, not actual exchange fills"
617,1471.0,2118905.0,2118944.0,-1.0,0.937,2629.01,2657.9500000000003,2657.414410865548,2493.3521998241476,1.231691185,1.2452495750000003,0.0,-27.116780000000052,-29.593720759999997,1480.8730042875893,1451.2792835275893,1.6634663221408856,1.0,1451.2792835275893,0.0,0.0,2024-01-11 00:00:00+00:00,2024-01-10 00:00:00+00:00,2024-01-11 00:01:00+00:00,69.57,0.03641460229460117,2585.82,2024-01-11 11:05:00+00:00,2024-01-11 11:44:00+00:00,2024-01-11 11:45:00+00:00,stop,-1.1119216712327031,4.775941342983297,"simulated minute opens; intrabar exits only known within minute, not actual exchange fills"
618,1472.0,2120375.0,2120485.0,-1.0,0.773,2651.42,2686.29,2685.7514619613885,2531.646616816476,1.0247738300000002,1.0382510850000002,0.0,-26.954509999999917,-29.017534914999942,1451.2792835275893,1422.2617486125894,1.4122351798602226,1.0,1422.2617486125894,0.0,0.0,2024-01-12 00:00:00+00:00,2024-01-11 00:00:00+00:00,2024-01-12 00:01:00+00:00,64.51,0.03376607724629469,2618.59,2024-01-12 11:35:00+00:00,2024-01-12 13:25:00+00:00,2024-01-12 13:26:00+00:00,stop,-1.0934243069001481,3.488735298200512,"simulated minute opens; intrabar exits only known within minute, not actual exchange fills"
619,1473.0,2122085.0,2122512.0,-1.0,0.884,2558.43,2588.01,2587.4892170503686,2440.1845503831223,1.13082606,1.1439004200000003,0.0,-26.14872000000034,-28.423446480000166,1422.2617486125894,1393.8383021325892,1.5901799526045275,1.0,1393.8383021325892,0.0,0.0,2024-01-13 00:00:00+00:00,2024-01-12 00:00:00+00:00,2024-01-13 00:01:00+00:00,63.99,0.033493896806547775,2523.3,2024-01-13 16:05:00+00:00,2024-01-13 23:12:00+00:00,2024-01-13 23:13:00+00:00,stop,-1.1064723438442472,4.069120286755186,"simulated minute opens; intrabar exits only known within minute, not actual exchange fills"
620,1474.0,2123290.0,2123714.0,1.0,0.969,2540.58,2514.36,2514.8694282426745,2665.8521622028334,1.23091101,1.21820742,0.245948673,-25.407179999999805,-28.102247102999627,1393.8383021325892,1365.7360550295896,1.7662178003240283,1.0,1365.7360550295896,0.0,0.0,2024-01-14 00:00:00+00:00,2024-01-13 00:00:00+00:00,2024-01-14 00:01:00+00:00,63.65,0.0333159326728671,2578.5,2024-01-14 12:10:00+00:00,2024-01-14 19:14:00+00:00,2024-01-14 19:15:00+00:00,stop,-1.1279907453530913,4.872398925439734,"simulated minute opens; intrabar exits only known within minute, not actual exchange fills"
621,1475.0,2124325.0,2124640.0,-1.0,0.991,2513.88,2538.9,2538.390194427892,2391.491782108874,1.24562754,1.25802495,-0.24916240210449703,-24.79481999999998,-27.049310087895492,1365.7360550295896,1338.686744941694,1.8241116728415179,1.0,1338.686744941694,0.0,0.0,2024-01-15 00:00:00+00:00,2024-01-14 00:00:00+00:00,2024-01-15 00:01:00+00:00,65.08,0.03406442888217111,2474.36,2024-01-15 05:25:00+00:00,2024-01-15 10:40:00+00:00,2024-01-15 10:41:00+00:00,stop,-1.113616819774072,4.993359732465146,"simulated minute opens; intrabar exits only known within minute, not actual exchange fills"
622,1476.0,2126420.0,2126446.0,-1.0,0.9390000000000001,2548.73,2574.67,2574.1458206693787,2431.9408048103974,1.196628735,1.208807565,0.0,-24.357660000000052,-26.763096300000143,1338.686744941694,1311.923648641694,1.7877651205878171,1.0,1311.923648641694,0.0,0.0,2024-01-16 00:00:00+00:00,2024-01-15 00:00:00+00:00,2024-01-16 00:01:00+00:00,62.04,0.03247322015749686,2512.21,2024-01-16 16:20:00+00:00,2024-01-16 16:46:00+00:00,2024-01-16 16:47:00+00:00,stop,-1.1214156871329886,4.595137678568517,"simulated minute opens; intrabar exits only known within minute, not actual exchange fills"
623,1477.0,2127400.0,2127886.0,1.0,1.088,2546.66,2525.09,2525.601309208721,2672.156850951079,1.38538304,1.3736489600000001,0.276295407654976,-23.468159999999685,-26.503487407654802,1311.923648641694,1285.4201612340391,2.1119872965692212,1.0,1285.4201612340391,0.0,0.0,2024-01-17 00:00:00+00:00,2024-01-16 00:00:00+00:00,2024-01-17 00:01:00+00:00,61.58,0.03223244515310536,2587.4,2024-01-17 08:40:00+00:00,2024-01-17 16:46:00+00:00,2024-01-17 16:47:00+00:00,stop,-1.1567586620847803,5.959385234102568,"simulated minute opens; intrabar exits only known within minute, not actual exchange fills"
624,1479.0,2130810.0,2131199.0,1.0,1.153,2445.17,2491.36,2425.815829091302,2533.251023290751,1.409640505,1.4362690400000002,0.0,53.25707000000006,50.41116045500007,1285.4201612340391,1335.8313216890392,2.193275860317464,3.0,1276.1816507290391,0.0,0.0,2024-01-19 00:00:00+00:00,2024-01-18 00:00:00+00:00,2024-01-19 00:01:00+00:00,47.31,0.024763185777743012,2471.29,2024-01-19 17:30:00+00:00,2024-01-19 23:59:00+00:00,2024-01-19 23:59:00+00:00,scheduled_23_59_exit,2.2590342519064386,4.551009893746787,"simulated minute opens; intrabar exits only known within minute, not actual exchange fills"
625,1480.0,2132110.0,2132639.0,1.0,1.314,2463.9900000000002,2471.0,2446.6154894136967,2554.9250584121096,1.6188414300000002,1.623447,0.32379651460287,9.21113999999969,5.645055055396824,1335.8313216890392,1341.476376744436,2.4237213242658813,3.0,1321.407127147156,0.0,0.0,2024-01-20 00:00:00+00:00,2024-01-19 00:00:00+00:00,2024-01-20 00:01:00+00:00,47.29,0.024752717299291207,2492.46,2024-01-20 15:10:00+00:00,2024-01-20 23:59:00+00:00,2024-01-20 23:59:00+00:00,scheduled_23_59_exit,0.24726362769788704,5.233819851236208,"simulated minute opens; intrabar exits only known within minute, not actual exchange fills"
626,1482.0,2134285.0,2134380.0,1.0,1.2790000000000001,2431.06,2412.52,2413.0111452483347,2516.949546628862,1.5546628700000003,1.5428065400000002,0.0,-23.712659999999957,-26.810129409999945,1341.476376744436,1314.666247334436,2.3178386096860475,1.0,1304.8466116685163,0.0,0.0,2024-01-22 00:00:00+00:00,2024-01-21 00:00:00+00:00,2024-01-22 00:01:00+00:00,46.04,0.02409843739605344,2457.02,2024-01-22 03:25:00+00:00,2024-01-22 05:00:00+00:00,2024-01-22 05:01:00+00:00,stop,-1.1613916942883038,4.758725570714564,"simulated minute opens; intrabar exits only known within minute, not actual exchange fills"
627,1483.0,2135955.0,2136085.0,-1.0,1.37,2341.68,2257.77,2358.038234808891,2257.3100130536873,1.6040508,1.5465724500000002,-0.318317530625,114.95669999999981,112.12439428062476,1314.666247334436,1426.7906416150608,2.4402403321030084,2.0,1311.8007556495359,0.0,0.0,2024-01-23 00:00:00+00:00,2024-01-22 00:00:00+00:00,2024-01-23 00:01:00+00:00,47.66,0.024946384150649585,2314.33,2024-01-23 07:15:00+00:00,2024-01-23 09:25:00+00:00,2024-01-23 09:26:00+00:00,target,5.003145175420504,5.157646159991226,"simulated minute opens; intrabar exits only known within minute, not actual exchange fills"
628,1484.0,2137180.0,2138207.0,1.0,1.36,2215.2000000000003,2196.44,2196.8822714384255,2302.8105326821383,1.5063360000000003,1.4935792,0.60762368918808,-25.5136000000003,-29.121138889188387,1426.7906416150608,1397.6695027258725,2.1115024952713424,1.0,1397.6695027258725,0.0,0.0,2024-01-24 00:00:00+00:00,2024-01-23 00:00:00+00:00,2024-01-24 00:01:00+00:00,51.41,0.026909223860362888,2241.67,2024-01-24 03:40:00+00:00,2024-01-24 20:47:00+00:00,2024-01-24 20:48:00+00:00,stop,-1.1689550946464287,4.782827324230541,"simulated minute opens; intrabar exits only known within minute, not actual exchange fills"
629,1485.0,2138580.0,2139326.0,1.0,1.558,2209.59,2193.87,2194.3103718468055,2289.5203890366447,1.7212706100000004,1.7090247299999999,0.346982446000456,-24.491760000000397,-28.26903778600081,1397.6695027258725,1369.4004649398717,2.46305812159886,1.0,1363.9891404894918,0.0,0.0,2024-01-25 00:00:00+00:00,2024-01-24 00:00:00+00:00,2024-01-25 00:01:00+00:00,46.37,0.02427116729050821,2234.62,2024-01-25 03:00:00+00:00,2024-01-25 15:26:00+00:00,2024-01-25 15:27:00+00:00,stop,-1.18749226020521,5.231173706274586,"simulated minute opens; intrabar exits only known within minute, not actual exchange fills"
630,1486.0,2140615.0,2140802.0,-1.0,1.5270000000000001,2243.93,2259.6,2259.146496872461,2164.3469288189935,1.713240555,1.7252046,-0.3446008311512941,-23.928090000000115,-27.02193432384911,1369.4004649398717,1342.3785306160225,2.5021760965667936,1.0,1342.3785306160225,0.0,0.0,2024-01-26 00:00:00+00:00,2024-01-25 00:00:00+00:00,2024-01-26 00:01:00+00:00,46.8,0.024496239577222002,2218.02,2024-01-26 12:55:00+00:00,2024-01-26 16:02:00+00:00,2024-01-26 16:03:00+00:00,stop,-1.1629544798122933,5.230052084132237,"simulated minute opens; intrabar exits only known within minute, not actual exchange fills"
631,1488.0,2143060.0,2144159.0,-1.0,1.43,2290.26,2257.36,2306.261482969434,2215.6662842315404,1.6375359,1.6140124,-0.4684102989279999,47.047000000000125,44.26386199892795,1342.3785306160225,1386.6423926149505,2.439752815844766,3.0,1325.6656334350423,0.0,0.0,2024-01-28 00:00:00+00:00,2024-01-27 00:00:00+00:00,2024-01-28 00:01:00+00:00,43.75,0.02289979661332185,2266.99,2024-01-28 05:40:00+00:00,2024-01-28 23:59:00+00:00,2024-01-28 23:59:00+00:00,scheduled_23_59_exit,1.9344300593093975,4.661675165417474,"simulated minute opens; intrabar exits only known within minute, not actual exchange fills"
632,1490.0,2146555.0,2146583.0,-1.0,1.058,2335.26,2359.12,2358.639401717124,2261.52847601325,1.23535254,1.24797448,-0.247617494,-25.243879999999656,-27.479589525999472,1386.6423926149505,1359.162803088951,1.781789661962309,1.0,1359.162803088951,0.0,0.0,2024-01-30 00:00:00+00:00,2024-01-29 00:00:00+00:00,2024-01-30 00:01:00+00:00,45.9,0.02402515804689081,2316.52,2024-01-30 15:55:00+00:00,2024-01-30 16:23:00+00:00,2024-01-30 16:24:00+00:00,stop,-1.1109414737921097,3.1536959276740797,"simulated minute opens; intrabar exits only known within minute, not actual exchange fills"
633,1491.0,2147645.0,2147685.0,1.0,1.5150000000000001,2313.02,2297.39,2297.854303371462,2402.0633616264463,1.7521126500000002,1.740272925,0.0,-23.679450000000166,-27.17183557500016,1359.162803088951,1331.9909675139509,2.578223368117487,1.0,1331.9909675139509,0.0,0.0,2024-01-31 00:00:00+00:00,2024-01-30 00:00:00+00:00,2024-01-31 00:01:00+00:00,48.42,0.02534418633181815,2341.95,2024-01-31 10:05:00+00:00,2024-01-31 10:45:00+00:00,2024-01-31 10:46:00+00:00,stop,-1.182616627465064,5.871366400597006,"simulated minute opens; intrabar exits only known within minute, not actual exchange fills"
634,1492.0,2148575.0,2149919.0,1.0,1.544,2255.23,2303.23,2240.6861578336657,2338.272481130178,1.74103756,1.77809356,0.6292906191348185,74.112,69.96357826086523,1331.9909675139509,1401.954545774816,2.614188237701792,3.0,1310.472588318991,0.0,0.0,2024-02-01 00:00:00+00:00,2024-01-31 00:00:00+00:00,2024-02-01 00:01:00+00:00,46.54,0.024360149357348548,2282.0,2024-02-01 01:35:00+00:00,2024-02-01 23:59:00+00:00,2024-02-01 23:59:00+00:00,scheduled_23_59_exit,3.1156277575929914,5.70980351549761,"simulated minute opens; intrabar exits only known within minute, not actual exchange fills"
635,1495.0,2153955.0,2154239.0,1.0,1.319,2276.07,2288.7000000000003,2257.555813529962,2346.8952980561385,1.5010681650000002,1.5093976500000001,0.0,16.658970000000142,13.648504185000093,1401.954545774816,1415.6030499598162,2.1413934845803535,3.0,1396.6938030039457,0.0,0.0,2024-02-04 00:00:00+00:00,2024-02-03 00:00:00+00:00,2024-02-04 00:01:00+00:00,42.37,0.022177471600147353,2295.42,2024-02-04 19:15:00+00:00,2024-02-04 23:59:00+00:00,2024-02-04 23:59:00+00:00,scheduled_23_59_exit,0.5589019542795374,3.825460987484184,"simulated minute opens; intrabar exits only known within minute, not actual exchange fills"
636,1496.0,2154745.0,2154842.0,-1.0,1.651,2313.96,2328.78,2328.3068763482966,2236.8456843962067,1.9101739800000002,1.9224078900000001,0.0,-24.46782000000027,-28.300401870000314,1415.6030499598162,1387.3026480898159,2.6987423911727557,1.0,1387.3026480898159,0.0,0.0,2024-02-05 00:00:00+00:00,2024-02-04 00:00:00+00:00,2024-02-05 00:01:00+00:00,43.75,0.02289979661332185,2288.66,2024-02-05 08:25:00+00:00,2024-02-05 10:02:00+00:00,2024-02-05 10:03:00+00:00,stop,-1.1947806326521715,5.374989909420215,"simulated minute opens; intrabar exits only known within minute, not actual exchange fills"
637,1497.0,2155850.0,2156312.0,-1.0,1.6440000000000001,2325.28,2339.82,2339.3465206004867,2250.4593022480562,1.9113801600000004,1.9233320400000002,-0.3824354003637361,-23.90375999999994,-27.356036799636286,1387.3026480898159,1359.9466112901796,2.75553450810721,1.0,1356.1959437568196,0.0,0.0,2024-02-06 00:00:00+00:00,2024-02-05 00:00:00+00:00,2024-02-06 00:01:00+00:00,42.29,0.022135597686340137,2300.83,2024-02-06 02:50:00+00:00,2024-02-06 10:32:00+00:00,2024-02-06 10:33:00+00:00,stop,-1.18294534470952,5.319062181543065,"simulated minute opens; intrabar exits only known within minute, not actual exchange fills"
638,1499.0,2159515.0,2159999.0,-1.0,1.339,2450.9,2418.93,2468.2394855584034,2366.7461292455982,1.64087755,1.6194736349999999,-0.32190131314946313,42.80783000000034,39.86938012814994,1359.9466112901796,1399.8159914183295,2.4131499521783453,3.0,1353.7268950533294,0.0,0.0,2024-02-08 00:00:00+00:00,2024-02-07 00:00:00+00:00,2024-02-08 00:01:00+00:00,45.84,0.0239937526115354,2424.22,2024-02-08 15:55:00+00:00,2024-02-08 23:59:00+00:00,2024-02-08 23:59:00+00:00,scheduled_23_59_exit,1.7172071897080352,4.853308390895014,"simulated minute opens; intrabar exits only known within minute, not actual exchange fills"
639,1500.0,2160210.0,2160459.0,-1.0,1.304,2444.2400000000002,2463.2400000000002,2462.738348599327,2361.3414158486908,1.5936444800000003,1.6060324800000003,0.0,-24.776,-27.975676959999873,1399.8159914183295,1371.8403144583297,2.27693423959999,1.0,1371.8403144583297,0.0,0.0,2024-02-09 00:00:00+00:00,2024-02-08 00:00:00+00:00,2024-02-09 00:01:00+00:00,45.9,0.02402515804689081,2418.76,2024-02-09 03:30:00+00:00,2024-02-09 07:39:00+00:00,2024-02-09 07:40:00+00:00,stop,-1.1597651479430369,4.481404580856865,"simulated minute opens; intrabar exits only known within minute, not actual exchange fills"
640,1502.0,2163130.0,2164319.0,-1.0,1.31,2530.48,2506.58,2548.349707829418,2435.1384661428424,1.6574644,1.6418099,-0.48845560497546014,31.309000000000122,28.498181304975787,1371.8403144583297,1400.3384957633054,2.4164101062366705,3.0,1359.36577788833,0.0,0.0,2024-02-11 00:00:00+00:00,2024-02-10 00:00:00+00:00,2024-02-11 00:01:00+00:00,49.61,0.025967060799700504,2499.2,2024-02-11 04:10:00+00:00,2024-02-11 23:59:00+00:00,2024-02-11 23:59:00+00:00,scheduled_23_59_exit,1.2173862651640088,5.33537172332506,"simulated minute opens; intrabar exits only known within minute, not actual exchange fills"
641,1504.0,2166630.0,2166779.0,1.0,1.096,2624.65,2601.73,2602.2544404705877,2741.1791646216075,1.4383082000000003,1.4257480400000002,0.28851966103626403,-25.12032000000008,-28.272895901036236,1400.3384957633054,1372.0655998622692,2.0542293229123834,1.0,1372.0655998622692,0.0,0.0,2024-02-13 00:00:00+00:00,2024-02-12 00:00:00+00:00,2024-02-13 00:01:00+00:00,56.78,0.029720010324672336,2660.91,2024-02-13 14:30:00+00:00,2024-02-13 16:59:00+00:00,2024-02-13 17:00:00+00:00,stop,-1.1518550287627416,5.203226312277136,"simulated minute opens; intrabar exits only known within minute, not actual exchange fills"
642,1506.0,2168705.0,2169511.0,-1.0,0.853,2811.54,2840.86,2840.286712522919,2692.858949106002,1.1991218099999998,1.21162679,-0.28714057468336096,-25.009960000000138,-27.133568025316663,1372.0655998622692,1344.9320318369525,1.7479074034366435,1.0,1344.9320318369525,0.0,0.0,2024-02-15 00:00:00+00:00,2024-02-14 00:00:00+00:00,2024-02-15 00:01:00+00:00,58.19,0.030458038055524536,2776.14,2024-02-15 01:05:00+00:00,2024-02-15 14:31:00+00:00,2024-02-15 14:32:00+00:00,stop,-1.1065465527507992,4.128508635530976,"simulated minute opens; intrabar exits only known within minute, not actual exchange fills"
643,1507.0,2171045.0,2171275.0,1.0,1.029,2782.55,2759.2000000000003,2759.7520215642444,2913.296061976997,1.431621975,1.4196084000000002,0.0,-24.027149999999903,-26.878380375000006,1344.9320318369525,1318.0536514619525,2.128913493189159,1.0,1318.0536514619525,0.0,0.0,2024-02-16 00:00:00+00:00,2024-02-15 00:00:00+00:00,2024-02-16 00:01:00+00:00,59.11,0.030939588064307532,2824.54,2024-02-16 16:05:00+00:00,2024-02-16 19:55:00+00:00,2024-02-16 19:56:00+00:00,stop,-1.1457540006719484,5.734984895500113,"simulated minute opens; intrabar exits only known within minute, not actual exchange fills"
644,1508.0,2172550.0,2172959.0,1.0,0.985,2763.94,2786.68,2740.509664388211,2890.202010932381,1.36124045,1.3724398999999998,0.0,22.398899999999784,19.665219649999926,1318.0536514619525,1337.7188711119525,2.0655311693725755,3.0,1313.6586110119526,0.0,0.0,2024-02-17 00:00:00+00:00,2024-02-16 00:00:00+00:00,2024-02-17 00:01:00+00:00,58.06,0.03038999294558781,2803.69,2024-02-17 17:10:00+00:00,2024-02-17 23:59:00+00:00,2024-02-17 23:59:00+00:00,scheduled_23_59_exit,0.8520872398411037,5.388826392604158,"simulated minute opens; intrabar exits only known within minute, not actual exchange fills"
645,1509.0,2174110.0,2174285.0,-1.0,0.9440000000000001,2827.88,2853.38,2852.800551184619,2702.5934302914243,1.3347593600000003,1.34679536,0.0,-24.072000000000003,-26.75355472000001,1337.7188711119525,1310.9653163919525,1.995575286891943,1.0,1310.9653163919525,0.0,0.0,2024-02-18 00:00:00+00:00,2024-02-17 00:00:00+00:00,2024-02-18 00:01:00+00:00,59.05,0.030908182628952122,2787.43,2024-02-18 19:10:00+00:00,2024-02-18 22:05:00+00:00,2024-02-18 22:06:00+00:00,stop,-1.137239292584024,5.027439753656138,"simulated minute opens; intrabar exits only known within minute, not actual exchange fills"
646,1510.0,2174850.0,2175501.0,-1.0,0.839,2928.65,2956.9500000000003,2956.353893689854,2789.327124981012,1.228568675,1.240440525,-0.489828650942981,-23.743700000000153,-25.72288054905721,1310.9653163919525,1285.2424358428952,1.8742962298671255,1.0,1285.2424358428952,0.0,0.0,2024-02-19 00:00:00+00:00,2024-02-18 00:00:00+00:00,2024-02-19 00:01:00+00:00,63.49,0.03323218484525267,2883.58,2024-02-19 07:30:00+00:00,2024-02-19 18:21:00+00:00,2024-02-19 18:22:00+00:00,stop,-1.106666664543605,5.028999770888273,"simulated minute opens; intrabar exits only known within minute, not actual exchange fills"
647,1511.0,2176405.0,2176429.0,1.0,0.861,2902.65,2875.69,2876.27482018861,3042.9283702135995,1.249590825,1.237984545,0.0,-23.212560000000032,-25.700135369999998,1285.2424358428952,1259.5423004728952,1.9445215784218735,1.0,1259.5423004728952,0.0,0.0,2024-02-20 00:00:00+00:00,2024-02-19 00:00:00+00:00,2024-02-20 00:01:00+00:00,61.49,0.03218533700007224,2946.55,2024-02-20 09:25:00+00:00,2024-02-20 09:49:00+00:00,2024-02-20 09:50:00+00:00,stop,-1.1317143698527465,5.318574933582873,"simulated minute opens; intrabar exits only known within minute, not actual exchange fills"
648,1513.0,2178820.0,2180159.0,1.0,0.889,2925.03,2973.7000000000003,2900.2239454242813,3064.8101503998464,1.3001758350000001,1.3218096500000003,0.531970488,43.26763000000007,40.113674027000116,1259.5423004728952,1299.6559744998954,2.0645211113780757,3.0,1242.506824637895,0.0,0.0,2024-02-22 00:00:00+00:00,2024-02-21 00:00:00+00:00,2024-02-22 00:01:00+00:00,60.26,0.03154152557528628,2969.65,2024-02-22 01:40:00+00:00,2024-02-22 23:59:00+00:00,2024-02-22 23:59:00+00:00,scheduled_23_59_exit,1.8190011983674117,5.634920699427477,"simulated minute opens; intrabar exits only known within minute, not actual exchange fills"
649,1514.0,2180635.0,2181599.0,1.0,0.778,2932.8,2922.12,2902.912816419301,3068.60714314873,1.1408592000000002,1.13670468,0.45526971393553206,-8.309040000000227,-11.041873593935634,1299.6559744998954,1288.6141009059597,1.7556326018337278,3.0,1278.0730255859598,0.0,0.0,2024-02-23 00:00:00+00:00,2024-02-22 00:00:00+00:00,2024-02-23 00:01:00+00:00,60.6,0.03171948970896695,2972.8,2024-02-23 07:55:00+00:00,2024-02-23 23:59:00+00:00,2024-02-23 23:59:00+00:00,scheduled_23_59_exit,-0.47487377131312125,4.543992671040213,"simulated minute opens; intrabar exits only known within minute, not actual exchange fills"
650,1515.0,2182220.0,2182657.0,-1.0,0.8230000000000001,2963.2400000000002,2991.54,2990.9334356950153,2835.608288987216,1.2193732600000002,1.23101871,-0.24332077300000007,-23.290899999999777,-25.497971196999742,1288.6141009059597,1263.11612970896,1.892534404431428,1.0,1263.11612970896,0.0,0.0,2024-02-24 00:00:00+00:00,2024-02-23 00:00:00+00:00,2024-02-24 00:01:00+00:00,58.22,0.03047374077320224,2923.35,2024-02-24 10:20:00+00:00,2024-02-24 17:37:00+00:00,2024-02-24 17:38:00+00:00,stop,-1.1187394493481544,4.608735168087452,"simulated minute opens; intrabar exits only known within minute, not actual exchange fills"
651,1516.0,2183195.0,2183917.0,-1.0,0.853,3040.15,3066.7000000000003,3066.0822540545287,2901.401157943565,1.296623975,1.3079475500000002,-0.668770441990737,-22.647150000000156,-24.582951083009448,1263.11612970896,1238.5331786259505,2.0530558426148207,1.0,1235.4611930924307,0.0,0.0,2024-02-25 00:00:00+00:00,2024-02-24 00:00:00+00:00,2024-02-25 00:01:00+00:00,60.27,0.03154675981451218,2994.39,2024-02-25 02:35:00+00:00,2024-02-25 14:37:00+00:00,2024-02-25 14:38:00+00:00,stop,-1.1113342989486168,5.350435090011203,"simulated minute opens; intrabar exits only known within minute, not actual exchange fills"
652,1517.0,2185105.0,2185919.0,1.0,0.724,3069.48,3178.46,3038.948612988753,3219.9494181093373,1.11115176,1.1506025199999999,0.45959698046834874,78.90152,76.18016873953161,1238.5331786259505,1314.7133473654822,1.7943027755344114,3.0,1215.7671868659506,0.0,0.0,2024-02-26 00:00:00+00:00,2024-02-25 00:00:00+00:00,2024-02-26 00:01:00+00:00,63.16,0.033059454950797894,3115.24,2024-02-26 10:25:00+00:00,2024-02-26 23:59:00+00:00,2024-02-26 23:59:00+00:00,scheduled_23_59_exit,3.4463297557372456,4.928351864719054,"simulated minute opens; intrabar exits only known within minute, not actual exchange fills"
653,1518.0,2186040.0,2186047.0,-1.0,0.772,3226.0,3256.8,3256.146757008523,3078.069514388835,1.2452360000000002,1.2571248000000002,0.0,-23.77760000000014,-26.279960800000026,1314.7133473654822,1288.4333865654821,1.89430799116065,1.0,1288.4333865654821,0.0,0.0,2024-02-27 00:00:00+00:00,2024-02-26 00:00:00+00:00,2024-02-27 00:01:00+00:00,61.4,0.032138228847039124,3178.6,2024-02-27 02:00:00+00:00,2024-02-27 02:07:00+00:00,2024-02-27 02:08:00+00:00,stop,-1.1291894511365226,4.907011575717517,"simulated minute opens; intrabar exits only known within minute, not actual exchange fills"
654,1519.0,2187855.0,2187893.0,-1.0,0.803,3297.52,3326.29,3325.6211218248022,3140.4920420364656,1.3239542800000001,1.335505435,0.0,-23.102309999999985,-25.7617697149999,1288.4333865654821,1262.6716168504822,2.0551381139372746,1.0,1262.6716168504822,0.0,0.0,2024-02-28 00:00:00+00:00,2024-02-27 00:00:00+00:00,2024-02-28 00:01:00+00:00,62.53,0.03272969787956606,3244.98,2024-02-28 08:15:00+00:00,2024-02-28 08:53:00+00:00,2024-02-28 08:54:00+00:00,stop,-1.1416592262763032,5.587960471561687,"simulated minute opens; intrabar exits only known within minute, not actual exchange fills"
655,1520.0,2188865.0,2189169.0,-1.0,0.664,3445.2000000000003,3479.75,3479.0455986716765,3268.2071362104084,1.1438064000000001,1.155277,0.0,-22.94119999999982,-25.240283399999726,1262.6716168504822,1237.4313334504825,1.8117242594761558,1.0,1237.4313334504825,0.0,0.0,2024-02-29 00:00:00+00:00,2024-02-28 00:00:00+00:00,2024-02-29 00:01:00+00:00,68.25,0.035723682716782085,3387.07,2024-02-29 01:05:00+00:00,2024-02-29 06:09:00+00:00,2024-02-29 06:10:00+00:00,stop,-1.1231142745839613,5.2294203895323195,"simulated minute opens; intrabar exits only known within minute, not actual exchange fills"
656,1521.0,2191190.0,2191350.0,-1.0,0.55,3391.89,3433.42,3432.7333980879284,3227.3315196810277,0.9327697500000001,0.9441905,-0.9789027543900002,-22.841500000000114,-23.739557495610143,1237.4313334504825,1213.6917759548724,1.5075903200204945,1.0,1213.6917759548724,0.0,0.0,2024-03-01 00:00:00+00:00,2024-02-29 00:00:00+00:00,2024-03-01 00:01:00+00:00,67.36,0.035257835425676794,3343.15,2024-03-01 15:50:00+00:00,2024-03-01 18:30:00+00:00,2024-03-01 18:31:00+00:00,stop,-1.056788461069727,4.029010513882981,"simulated minute opens; intrabar exits only known within minute, not actual exchange fills"
657,1523.0,2194140.0,2194559.0,-1.0,0.652,3484.44,3493.84,3517.447722939902,3304.221466786489,1.1359274400000001,1.13899184,0.0,-6.1288000000000595,-8.403719279999905,1213.6917759548724,1205.2880566748725,1.8718548852426868,3.0,1205.2880566748725,0.0,0.0,2024-03-03 00:00:00+00:00,2024-03-02 00:00:00+00:00,2024-03-03 00:01:00+00:00,68.27,0.03573415119523389,3424.43,2024-03-03 17:00:00+00:00,2024-03-03 23:59:00+00:00,2024-03-03 23:59:00+00:00,scheduled_23_59_exit,-0.3904886145423418,5.459889903391358,"simulated minute opens; intrabar exits only known within minute, not actual exchange fills"
658,1524.0,2195485.0,2195697.0,-1.0,0.578,3558.83,3596.9300000000003,3596.2040060269874,3357.2270050188004,1.02850187,1.03951277,-1.0308590756112,-22.02180000000021,-23.058955564388953,1205.2880566748725,1182.2291011104835,1.7066490691651135,1.0,1182.2291011104835,0.0,0.0,2024-03-04 00:00:00+00:00,2024-03-03 00:00:00+00:00,2024-03-04 00:01:00+00:00,75.07,0.039293433868847344,3491.77,2024-03-04 15:25:00+00:00,2024-03-04 18:57:00+00:00,2024-03-04 18:58:00+00:00,stop,-1.0674367302448893,5.39420352304818,"simulated minute opens; intrabar exits only known within minute, not actual exchange fills"
659,1525.0,2196290.0,2196345.0,-1.0,0.41300000000000003,3686.25,3739.77,3739.01373596376,3488.948371139351,0.761210625,0.772262505,0.0,-22.103759999999994,-23.63723313000014,1182.2291011104835,1158.5918679804834,1.2877548425850536,1.0,1158.5918679804834,0.0,0.0,2024-03-05 00:00:00+00:00,2024-03-04 00:00:00+00:00,2024-03-05 00:01:00+00:00,75.57,0.03955514583014245,3629.72,2024-03-05 04:50:00+00:00,2024-03-05 05:45:00+00:00,2024-03-05 05:46:00+00:00,stop,-1.0847035175695259,3.7393415241893075,"simulated minute opens; intrabar exits only known within minute, not actual exchange fills"
660,1527.0,2199255.0,2200319.0,1.0,0.389,3760.77,3872.94,3705.7097056608295,3983.625568891363,0.731469765,0.7532868300000001,1.238360800532,43.63413000000003,40.91101260446817,1158.5918679804834,1199.5028805849515,1.2626875523906607,3.0,1156.7245182154834,0.0,0.0,2024-03-07 00:00:00+00:00,2024-03-06 00:00:00+00:00,2024-03-07 00:01:00+00:00,78.95,0.041324318688497376,3822.36,2024-03-07 06:15:00+00:00,2024-03-07 23:59:00+00:00,2024-03-07 23:59:00+00:00,scheduled_23_59_exit,1.910082382853911,4.047482338517416,"simulated minute opens; intrabar exits only known within minute, not actual exchange fills"
661,1528.0,2200785.0,2201147.0,-1.0,0.405,3932.54,3987.6800000000003,3986.8764437111818,3723.2681058470625,0.7963393500000001,0.8075052,-0.9190294873076751,-22.331700000000133,-23.016515062692406,1199.5028805849515,1176.4863655222591,1.3277823053024365,1.0,1176.4863655222591,0.0,0.0,2024-03-08 00:00:00+00:00,2024-03-07 00:00:00+00:00,2024-03-08 00:01:00+00:00,74.68,0.039089298539037164,3871.69,2024-03-08 07:45:00+00:00,2024-03-08 13:47:00+00:00,2024-03-08 13:48:00+00:00,stop,-1.0459076359770825,3.8514094751083556,"simulated minute opens; intrabar exits only known within minute, not actual exchange fills"
662,1530.0,2204570.0,2204576.0,1.0,0.41600000000000004,3843.58,3790.9300000000003,3791.6937941421415,4069.0077095566094,0.7994646400000001,0.7885134400000002,0.0,-21.90239999999985,-23.4903780799998,1176.4863655222591,1152.9959874422593,1.3590716619059267,1.0,1152.9959874422593,0.0,0.0,2024-03-10 00:00:00+00:00,2024-03-09 00:00:00+00:00,2024-03-10 00:01:00+00:00,77.06,0.04033504747480187,3908.15,2024-03-10 22:50:00+00:00,2024-03-10 22:56:00+00:00,2024-03-10 22:57:00+00:00,stop,-1.088290308886544,4.344655883572714,"simulated minute opens; intrabar exits only known within minute, not actual exchange fills"
663,1531.0,2204750.0,2205237.0,1.0,0.352,3821.4700000000003,4047.2000000000003,3760.64693712813,4048.0188408649647,0.67257872,0.7123072,0.949802113544539,79.45696,77.1222719664554,1152.9959874422593,1230.1182594087147,1.1666627244592764,2.0,1147.7685287222594,0.0,0.0,2024-03-11 00:00:00+00:00,2024-03-10 00:00:00+00:00,2024-03-11 00:01:00+00:00,80.39,0.042078049137027285,3881.22,2024-03-11 01:50:00+00:00,2024-03-11 09:57:00+00:00,2024-03-11 09:58:00+00:00,target,3.6022086556643282,3.724719377289696,"simulated minute opens; intrabar exits only known within minute, not actual exchange fills"
664,1532.0,2206595.0,2207062.0,1.0,0.427,3989.48,3935.86,3936.6567328366236,4256.111734694409,0.85175398,0.84030611,0.8233759415068735,-22.895739999999954,-25.411176031506784,1230.1182594087147,1204.707083377208,1.3848326752086675,1.0,1204.707083377208,0.0,0.0,2024-03-12 00:00:00+00:00,2024-03-11 00:00:00+00:00,2024-03-12 00:01:00+00:00,85.18,0.04458524972623441,4070.52,2024-03-12 08:35:00+00:00,2024-03-12 16:22:00+00:00,2024-03-12 16:23:00+00:00,stop,-1.1266048862407143,5.04761914611884,"simulated minute opens; intrabar exits only known within minute, not actual exchange fills"
665,1533.0,2207970.0,2208959.0,-1.0,0.505,4059.54,4007.96,4102.310499076576,3831.947182979201,1.02503385,1.0120099,-2.1135974486558506,26.047899999999963,26.12445369865577,1204.707083377208,1230.8315370758637,1.701714656024895,3.0,1189.6449668764067,0.0,0.0,2024-03-13 00:00:00+00:00,2024-03-12 00:00:00+00:00,2024-03-13 00:01:00+00:00,74.43,0.038958442558389615,3984.18,2024-03-13 07:30:00+00:00,2024-03-13 23:59:00+00:00,2024-03-13 23:59:00+00:00,scheduled_23_59_exit,1.2095157316230232,5.32125698634749,"simulated minute opens; intrabar exits only known within minute, not actual exchange fills"
666,1534.0,2209710.0,2209776.0,1.0,0.461,3943.4900000000002,3894.13,3894.9132436716295,4165.748820291439,0.9089744450000001,0.8975969650000001,0.0,-22.75496000000006,-24.561531410000043,1230.8315370758637,1206.2700056658637,1.477008701222407,1.0,1206.2700056658637,0.0,0.0,2024-03-14 00:00:00+00:00,2024-03-13 00:00:00+00:00,2024-03-14 00:01:00+00:00,73.39,0.03841408167889578,4008.76,2024-03-14 12:30:00+00:00,2024-03-14 13:36:00+00:00,2024-03-14 13:37:00+00:00,stop,-1.096796369849075,4.5754150151361825,"simulated minute opens; intrabar exits only known within minute, not actual exchange fills"
667,1536.0,2212535.0,2212906.0,1.0,0.455,3684.1800000000003,3634.84,3635.5740977960095,3896.041587300052,0.8381509500000001,0.8269261,0.484332038463,-22.449700000000067,-24.599109088463138,1206.2700056658637,1181.6708965774005,1.389657284129085,1.0,1181.6708965774005,0.0,0.0,2024-03-16 00:00:00+00:00,2024-03-15 00:00:00+00:00,2024-03-16 00:01:00+00:00,75.54,0.039539443112464746,3745.0,2024-03-16 11:35:00+00:00,2024-03-16 17:46:00+00:00,2024-03-16 17:47:00+00:00,stop,-1.112292408269738,4.35876257189722,"simulated minute opens; intrabar exits only known within minute, not actual exchange fills"
668,1537.0,2213705.0,2213722.0,1.0,0.507,3460.63,3417.51,3418.2014932694915,3674.016701322648,0.877269705,0.8663387850000001,0.0,-21.861839999999944,-23.605448489999844,1181.6708965774005,1158.0654480874007,1.4847953140606744,1.0,1157.6592168724005,0.0,0.0,2024-03-17 00:00:00+00:00,2024-03-16 00:00:00+00:00,2024-03-17 00:01:00+00:00,78.79,0.041240570860882945,3525.58,2024-03-17 07:05:00+00:00,2024-03-17 07:22:00+00:00,2024-03-17 07:23:00+00:00,stop,-1.097353491503413,5.029323861855595,"simulated minute opens; intrabar exits only known within minute, not actual exchange fills"
669,1538.0,2214795.0,2215546.0,1.0,0.397,3595.16,3540.41,3541.1228689887676,3793.085867996369,0.71363926,0.702771385,0.3802333066154726,-21.73575,-23.53239395161563,1158.0654480874007,1134.533054135785,1.2324679251567494,1.0,1134.533054135785,0.0,0.0,2024-03-18 00:00:00+00:00,2024-03-17 00:00:00+00:00,2024-03-18 00:01:00+00:00,75.04,0.03927773115116964,3646.99,2024-03-18 01:15:00+00:00,2024-03-18 13:46:00+00:00,2024-03-18 13:47:00+00:00,stop,-1.0969411292965099,3.662775286038552,"simulated minute opens; intrabar exits only known within minute, not actual exchange fills"
670,1540.0,2217665.0,2217809.0,-1.0,0.485,3222.11,3265.64,3264.9866047715927,3027.4846638464624,0.781361675,0.7919177,0.0,-21.112049999999876,-22.68532937499981,1134.533054135785,1111.8477247607852,1.3774154435635928,1.0,1111.8477247607852,0.0,0.0,2024-03-20 00:00:00+00:00,2024-03-19 00:00:00+00:00,2024-03-20 00:01:00+00:00,82.45,0.043156302417563124,3161.0,2024-03-20 01:05:00+00:00,2024-03-20 03:29:00+00:00,2024-03-20 03:30:00+00:00,stop,-1.090895028866397,4.5391965429707835,"simulated minute opens; intrabar exits only known within minute, not actual exchange fills"
671,1541.0,2220150.0,2220479.0,1.0,0.516,3450.44,3494.73,3411.488676981084,3664.71966353381,0.89021352,0.90164034,0.0,22.85363999999998,21.061786139999867,1111.8477247607852,1132.909510900785,1.6013227354339912,3.0,1092.257671240785,0.0,0.0,2024-03-21 00:00:00+00:00,2024-03-20 00:00:00+00:00,2024-03-21 00:01:00+00:00,78.17,0.04091604802887701,3517.8,2024-03-21 18:30:00+00:00,2024-03-21 23:59:00+00:00,2024-03-21 23:59:00+00:00,scheduled_23_59_exit,1.0479083080227496,5.501216567913483,"simulated minute opens; intrabar exits only known within minute, not actual exchange fills"
672,1543.0,2222800.0,2223359.0,-1.0,0.5760000000000001,3405.7000000000003,3338.4300000000003,3440.8769375240977,3207.8406800598364,0.9808416000000002,0.9614678400000003,-0.2729398602645338,38.747519999999994,37.07815042026459,1132.909510900785,1169.9876613210497,1.731544471226348,3.0,1114.59692624969,0.0,0.0,2024-03-23 00:00:00+00:00,2024-03-22 00:00:00+00:00,2024-03-23 00:01:00+00:00,76.56,0.040073335513506766,3339.0,2024-03-23 14:40:00+00:00,2024-03-23 23:59:00+00:00,2024-03-23 23:59:00+00:00,scheduled_23_59_exit,1.8299429528216768,5.624688613231993,"simulated minute opens; intrabar exits only known within minute, not actual exchange fills"
673,1544.0,2224120.0,2224686.0,-1.0,0.55,3395.94,3435.02,3434.3303754084627,3197.9564561626203,0.9338835000000002,0.9446305000000002,-0.3210509941645703,-21.49399999999996,-23.051463005835558,1169.9876613210497,1146.9361983152141,1.5963988867122565,1.0,1145.7768246492142,0.0,0.0,2024-03-24 00:00:00+00:00,2024-03-23 00:00:00+00:00,2024-03-24 00:01:00+00:00,77.85,0.04074855237364814,3330.96,2024-03-24 12:40:00+00:00,2024-03-24 22:06:00+00:00,2024-03-24 22:07:00+00:00,stop,-1.091725477382597,5.157114035246889,"simulated minute opens; intrabar exits only known within minute, not actual exchange fills"
674,1546.0,2226670.0,2227679.0,-1.0,0.42,3653.85,3589.94,3703.9896669250143,3450.0354898282344,0.7673085,0.7538874,-0.6713161541023889,26.842199999999938,25.992320254102424,1146.9361983152141,1172.9285185693166,1.3380142698907467,3.0,1134.9961627700143,0.0,0.0,2024-03-26 00:00:00+00:00,2024-03-25 00:00:00+00:00,2024-03-26 00:01:00+00:00,77.54,0.040586290957645176,3592.94,2024-03-26 07:10:00+00:00,2024-03-26 23:59:00+00:00,2024-03-26 23:59:00+00:00,scheduled_23_59_exit,1.2342817691237433,4.064935462706151,"simulated minute opens; intrabar exits only known within minute, not actual exchange fills"
675,1547.0,2228480.0,2229119.0,-1.0,0.385,3645.9700000000003,3506.31,3702.4185665765617,3444.594235125045,0.701849225,0.6749646750000001,-0.47843241886355226,53.76910000000012,52.87071851886367,1172.9285185693166,1225.7992370881802,1.196746798954267,3.0,1163.1031945531167,0.0,0.0,2024-03-27 00:00:00+00:00,2024-03-26 00:00:00+00:00,2024-03-27 00:01:00+00:00,78.8,0.04124580510010884,3589.64,2024-03-27 13:20:00+00:00,2024-03-27 23:59:00+00:00,2024-03-27 23:59:00+00:00,scheduled_23_59_exit,2.4327728751301674,3.5674203454188382,"simulated minute opens; intrabar exits only known within minute, not actual exchange fills"
676,1548.0,2229545.0,2230559.0,-1.0,0.5630000000000001,3576.7200000000003,3563.09,3615.8896814232803,3362.3965516895328,1.0068466800000002,1.0030098350000003,-1.4617522528243032,7.673690000000062,7.125585737824167,1225.7992370881802,1232.9248228260044,1.642759514831662,3.0,1204.1548876570218,0.0,0.0,2024-03-28 00:00:00+00:00,2024-03-27 00:00:00+00:00,2024-03-28 00:01:00+00:00,79.35,0.04153368825753346,3504.99,2024-03-28 07:05:00+00:00,2024-03-28 23:59:00+00:00,2024-03-28 23:59:00+00:00,scheduled_23_59_exit,0.32311873198249674,5.471666874040155,"simulated minute opens; intrabar exits only known within minute, not actual exchange fills"
677,1549.0,2231525.0,2231999.0,1.0,0.524,3496.11,3512.06,3453.24481653387,3717.1945159553925,0.9159808200000001,0.92015972,0.0,8.357799999999905,6.52165945999991,1232.9248228260044,1239.4464822860043,1.4858664584276395,3.0,1221.2092020060045,0.0,0.0,2024-03-29 00:00:00+00:00,2024-03-28 00:00:00+00:00,2024-03-29 00:01:00+00:00,80.41,0.04208851761547908,3563.99,2024-03-29 16:05:00+00:00,2024-03-29 23:59:00+00:00,2024-03-29 23:59:00+00:00,scheduled_23_59_exit,0.29035020950823603,5.157671053247272,"simulated minute opens; intrabar exits only known within minute, not actual exchange fills"
678,1554.0,2238290.0,2239199.0,-1.0,0.634,3347.33,3313.02,3382.3733307886187,3150.008225449278,1.06110361,1.05022734,-0.211170818,21.752539999999964,19.85237986800007,1239.4464822860043,1259.2988621540044,1.7122217460215414,3.0,1224.4182585991043,0.0,0.0,2024-04-03 00:00:00+00:00,2024-04-02 00:00:00+00:00,2024-04-03 00:01:00+00:00,77.7,0.040670038785259606,3280.76,2024-04-03 08:50:00+00:00,2024-04-03 23:59:00+00:00,2024-04-03 23:59:00+00:00,scheduled_23_59_exit,0.8935481101633701,5.630793937396138,"simulated minute opens; intrabar exits only known within minute, not actual exchange fills"
679,1555.0,2240005.0,2240273.0,-1.0,0.556,3372.34,3414.23,3413.5381610936124,3184.1904312449524,0.9375105200000001,0.9491559400000001,-0.18714000141838402,-23.290839999999932,-24.990366458581548,1259.2988621540044,1234.3084956954228,1.4889404702493068,1.0,1234.3084956954228,0.0,0.0,2024-04-04 00:00:00+00:00,2024-04-03 00:00:00+00:00,2024-04-04 00:01:00+00:00,75.93,0.039743578442274934,3313.29,2024-04-04 13:25:00+00:00,2024-04-04 17:53:00+00:00,2024-04-04 17:54:00+00:00,stop,-1.090988070110848,4.566940944949607,"simulated minute opens; intrabar exits only known within minute, not actual exchange fills"
680,1556.0,2240810.0,2241363.0,1.0,0.633,3268.9900000000002,3233.28,3233.934137421432,3461.6923597775162,1.0346353350000002,1.0233331200000002,0.208205094,-22.604430000000022,-24.87060354900018,1234.3084956954228,1209.4378921464227,1.6764614982530366,1.0,1204.3288555383826,0.0,0.0,2024-04-05 00:00:00+00:00,2024-04-04 00:00:00+00:00,2024-04-05 00:01:00+00:00,74.3,0.03889039744845288,3329.65,2024-04-05 02:50:00+00:00,2024-04-05 12:03:00+00:00,2024-04-05 12:04:00+00:00,stop,-1.1207840888793443,5.497008078053276,"simulated minute opens; intrabar exits only known within minute, not actual exchange fills"
681,1558.0,2244440.0,2244936.0,-1.0,0.615,3414.51,3450.37,3449.67125833417,3228.642877498408,1.049961825,1.060988775,-0.208532962545585,-22.0538999999998,-23.956317637454276,1209.4378921464227,1185.4815745089684,1.7362806834778493,1.0,1185.4815745089684,0.0,0.0,2024-04-07 00:00:00+00:00,2024-04-06 00:00:00+00:00,2024-04-07 00:01:00+00:00,72.29,0.037838315364046554,3353.15,2024-04-07 15:20:00+00:00,2024-04-07 23:36:00+00:00,2024-04-07 23:37:00+00:00,stop,-1.1078489183154683,5.286133981188214,"simulated minute opens; intrabar exits only known within minute, not actual exchange fills"
682,1560.0,2246920.0,2247267.0,1.0,0.543,3623.17,3583.16,3583.884719931188,3854.8527227048753,0.9836906550000001,0.9728279400000001,0.0,-21.72543000000012,-23.681948594999994,1185.4815745089684,1161.7996259139684,1.659562959310353,1.0,1161.7996259139684,0.0,0.0,2024-04-09 00:00:00+00:00,2024-04-08 00:00:00+00:00,2024-04-09 00:01:00+00:00,79.57,0.041648841520503306,3697.6,2024-04-09 08:40:00+00:00,2024-04-09 14:27:00+00:00,2024-04-09 14:28:00+00:00,stop,-1.1101655613402095,5.897443579352381,"simulated minute opens; intrabar exits only known within minute, not actual exchange fills"
683,1561.0,2248605.0,2249279.0,1.0,0.512,3445.55,3544.1800000000003,3404.305075280754,3652.282683297811,0.8820608000000001,0.9073100800000001,0.23620993658880002,50.498560000000055,48.472979183411326,1161.7996259139684,1210.2726050973797,1.518438774338729,3.0,1146.6225251139683,0.0,0.0,2024-04-10 00:00:00+00:00,2024-04-09 00:00:00+00:00,2024-04-10 00:01:00+00:00,76.76,0.04017802029802481,3508.45,2024-04-10 12:45:00+00:00,2024-04-10 23:59:00+00:00,2024-04-10 23:59:00+00:00,scheduled_23_59_exit,2.2954045403657233,5.012318114411367,"simulated minute opens; intrabar exits only known within minute, not actual exchange fills"
684,1562.0,2249815.0,2250719.0,-1.0,0.581,3615.06,3505.87,3652.2822632252464,3412.7658157991336,1.0501749299999998,1.018455235,-0.203927514,63.439390000000024,61.574687349000214,1210.2726050973797,1271.84729244638,1.7354353483288203,3.0,1209.0356826839397,0.0,0.0,2024-04-11 00:00:00+00:00,2024-04-10 00:00:00+00:00,2024-04-11 00:01:00+00:00,74.05,0.038759541467805324,3547.64,2024-04-11 08:55:00+00:00,2024-04-11 23:59:00+00:00,2024-04-11 23:59:00+00:00,scheduled_23_59_exit,2.847234956097933,5.434763140991858,"simulated minute opens; intrabar exits only known within minute, not actual exchange fills"
685,1563.0,2251685.0,2251761.0,1.0,0.53,3451.08,3406.56,3407.2459138707068,3638.3343190328633,0.9145362,0.9027384,0.0,-23.59559999999999,-25.412874599999896,1271.84729244638,1246.43441784638,1.438122651094225,1.0,1240.81087387678,0.0,0.0,2024-04-12 00:00:00+00:00,2024-04-11 00:00:00+00:00,2024-04-12 00:01:00+00:00,71.64,0.037498089814362916,3504.43,2024-04-12 16:05:00+00:00,2024-04-12 17:21:00+00:00,2024-04-12 17:22:00+00:00,stop,-1.093870643466133,4.271888285306951,"simulated minute opens; intrabar exits only known within minute, not actual exchange fills"
686,1564.0,2252295.0,2253351.0,1.0,0.615,3187.71,3150.37,3151.0062501211028,3358.4650525519196,0.980220825,0.9687387749999999,0.40169832,-22.96410000000009,-25.314757920000147,1246.43441784638,1221.1196599263799,1.5728397915931263,1.0,1221.1196599263799,0.0,0.0,2024-04-13 00:00:00+00:00,2024-04-12 00:00:00+00:00,2024-04-13 00:01:00+00:00,69.61,0.03643553925150478,3238.3,2024-04-13 02:15:00+00:00,2024-04-13 19:51:00+00:00,2024-04-13 19:52:00+00:00,stop,-1.121471460976426,4.652250876690252,"simulated minute opens; intrabar exits only known within minute, not actual exchange fills"
687,1565.0,2253630.0,2253794.0,1.0,0.424,2966.26,2911.7000000000003,2912.2874397611836,3134.343372362846,0.62884712,0.6172804,0.0,-23.133439999999975,-24.37956751999991,1221.1196599263799,1196.74009240638,1.0299516757234302,1.0,1196.74009240638,0.0,0.0,2024-04-14 00:00:00+00:00,2024-04-13 00:00:00+00:00,2024-04-14 00:01:00+00:00,80.22,0.041989067070186945,3005.46,2024-04-14 00:30:00+00:00,2024-04-14 03:14:00+00:00,2024-04-14 03:15:00+00:00,stop,-1.0653372703755302,3.114237524014313,"simulated minute opens; intrabar exits only known within minute, not actual exchange fills"
688,1566.0,2255860.0,2256184.0,-1.0,0.501,3204.8,3030.82,3248.6397247812083,3030.2045961384565,0.8028024,0.7592204100000001,-0.1405430108217,87.16398000000001,85.7425002008215,1196.74009240638,1282.4825926072015,1.341648709012066,2.0,1186.4032600063802,0.0,0.0,2024-04-15 00:00:00+00:00,2024-04-14 00:00:00+00:00,2024-04-15 00:01:00+00:00,75.99,0.039774983877630336,3153.16,2024-04-15 13:40:00+00:00,2024-04-15 19:04:00+00:00,2024-04-15 19:05:00+00:00,target,3.903827312462048,3.982584396523946,"simulated minute opens; intrabar exits only known within minute, not actual exchange fills"
689,1567.0,2256805.0,2257107.0,1.0,0.733,3043.26,3011.31,3011.9216208107327,3223.2762941980463,1.11535479,1.103645115,0.19433143301439998,-23.4193500000002,-25.83268133801471,1282.4825926072015,1256.6499112691868,1.7393683102279904,1.0,1256.6499112691868,0.0,0.0,2024-04-16 00:00:00+00:00,2024-04-15 00:00:00+00:00,2024-04-16 00:01:00+00:00,74.04,0.03875430722857943,3100.75,2024-04-16 05:25:00+00:00,2024-04-16 10:27:00+00:00,2024-04-16 10:28:00+00:00,stop,-1.1245764404072935,5.744275832226088,"simulated minute opens; intrabar exits only known within minute, not actual exchange fills"
690,1568.0,2258690.0,2258778.0,1.0,0.655,3024.53,2989.19,2989.788917943197,3211.452842590234,0.9905335750000002,0.9789597250000001,0.0,-23.147700000000096,-25.117193300000054,1256.6499112691868,1231.5327179691867,1.576467027319621,1.0,1213.2506732599866,0.0,0.0,2024-04-17 00:00:00+00:00,2024-04-16 00:00:00+00:00,2024-04-17 00:01:00+00:00,78.08,0.040868939875843883,3082.85,2024-04-17 12:50:00+00:00,2024-04-17 14:18:00+00:00,2024-04-17 14:19:00+00:00,stop,-1.1037900298356005,5.380455401032289,"simulated minute opens; intrabar exits only known within minute, not actual exchange fills"
691,1569.0,2260070.0,2260215.0,-1.0,0.684,3042.98,3075.89,3075.274431506206,2864.82003417877,1.0406991600000002,1.0519543800000002,0.0,-22.510439999999903,-24.603093539999918,1231.5327179691867,1206.9296244291868,1.690087717224641,1.0,1206.7995820345468,0.0,0.0,2024-04-18 00:00:00+00:00,2024-04-17 00:00:00+00:00,2024-04-18 00:01:00+00:00,77.39,0.04050777736925664,2983.25,2024-04-18 11:50:00+00:00,2024-04-18 14:15:00+00:00,2024-04-18 14:16:00+00:00,stop,-1.1137968164291034,5.516739496931336,"simulated minute opens; intrabar exits only known within minute, not actual exchange fills"
692,1570.0,2260890.0,2260895.0,1.0,0.617,3010.11,2974.04,2974.640220672726,3184.5453508617734,0.9286189350000001,0.91749134,0.0,-22.255190000000102,-24.101300275000085,1206.9296244291868,1182.8283241541867,1.538812066924262,1.0,1182.2657119576168,0.0,0.0,2024-04-19 00:00:00+00:00,2024-04-18 00:00:00+00:00,2024-04-19 00:01:00+00:00,74.44,0.03896367679761551,3062.85,2024-04-19 01:30:00+00:00,2024-04-19 01:35:00+00:00,2024-04-19 01:36:00+00:00,stop,-1.1012776436972063,4.917858361967418,"simulated minute opens; intrabar exits only known within minute, not actual exchange fills"
693,1573.0,2265455.0,2266559.0,-1.0,0.648,3206.4300000000003,3199.58,3239.051410245793,3025.4704443068104,1.03888332,1.03666392,-0.0611507676528,4.438800000000236,2.424403527653112,1182.8283241541867,1185.2527276818398,1.7566087973804343,3.0,1163.4380808341868,0.0,0.0,2024-04-22 00:00:00+00:00,2024-04-21 00:00:00+00:00,2024-04-22 00:01:00+00:00,74.47,0.03897937951529322,3145.73,2024-04-22 05:35:00+00:00,2024-04-22 23:59:00+00:00,2024-04-22 23:59:00+00:00,scheduled_23_59_exit,0.11469042694385173,5.547263417789549,"simulated minute opens; intrabar exits only known within minute, not actual exchange fills"
694,1575.0,2268710.0,2269439.0,-1.0,0.615,3273.32,3140.37,3307.8789851869324,3102.038650816189,1.0065459,0.965663775,-0.0937940251435489,81.76425000000016,79.8858343501438,1185.2527276818398,1265.1385620319836,1.6984494133477153,3.0,1173.00398178184,0.0,0.0,2024-04-24 00:00:00+00:00,2024-04-23 00:00:00+00:00,2024-04-24 00:01:00+00:00,70.14,0.03671295393047759,3218.04,2024-04-24 11:50:00+00:00,2024-04-24 23:59:00+00:00,2024-04-24 23:59:00+00:00,scheduled_23_59_exit,3.758665507895394,4.956203090378292,"simulated minute opens; intrabar exits only known within minute, not actual exchange fills"
695,1576.0,2270075.0,2270879.0,1.0,0.722,3085.2200000000003,3153.91,3053.891660217721,3255.7914752564297,1.11376442,1.13856151,0.22810723600000002,49.59417999999971,47.11374683399981,1265.1385620319836,1312.2523088659834,1.7606995050583925,3.0,1260.9011575983634,0.0,0.0,2024-04-25 00:00:00+00:00,2024-04-24 00:00:00+00:00,2024-04-25 00:01:00+00:00,69.89,0.036582097949830035,3138.84,2024-04-25 10:35:00+00:00,2024-04-25 23:59:00+00:00,2024-04-25 23:59:00+00:00,scheduled_23_59_exit,2.082922282300789,5.444638191549251,"simulated minute opens; intrabar exits only known within minute, not actual exchange fills"
696,1579.0,2273940.0,2274887.0,-1.0,0.705,3308.37,3342.2200000000003,3341.544116897854,3140.7642466831066,1.166200425,1.1781325500000002,-0.3876330727936902,-23.864250000000254,-25.820949902206394,1312.2523088659834,1286.431358963777,1.777402740495541,1.0,1279.4289854855272,0.0,0.0,2024-04-28 00:00:00+00:00,2024-04-27 00:00:00+00:00,2024-04-28 00:01:00+00:00,67.65,0.03540962836322797,3253.97,2024-04-28 03:00:00+00:00,2024-04-28 18:47:00+00:00,2024-04-28 18:48:00+00:00,stop,-1.1040372519023254,5.052304898815088,"simulated minute opens; intrabar exits only known within minute, not actual exchange fills"
697,1580.0,2275405.0,2275438.0,1.0,0.774,3208.91,3178.89,3179.5280239167823,3375.975883376047,1.24184817,1.23023043,0.0,-23.235479999999985,-25.707558599999857,1286.431358963777,1260.7238003637772,1.9306870302047225,1.0,1260.3967662459772,0.0,0.0,2024-04-29 00:00:00+00:00,2024-04-28 00:00:00+00:00,2024-04-29 00:01:00+00:00,65.45,0.034258095733529496,3262.28,2024-04-29 03:25:00+00:00,2024-04-29 03:58:00+00:00,2024-04-29 03:59:00+00:00,stop,-1.1304175017340314,5.685998889348777,"simulated minute opens; intrabar exits only known within minute, not actual exchange fills"
698,1581.0,2276770.0,2277134.0,1.0,0.62,3174.08,3136.64,3137.2677727115597,3322.2980795133285,0.9839648,0.9723584,0.14457114349170172,-23.212800000000033,-25.31369434349176,1260.7238003637772,1235.4101060202854,1.5609522081142286,1.0,1235.4101060202854,0.0,0.0,2024-04-30 00:00:00+00:00,2024-04-29 00:00:00+00:00,2024-04-30 00:01:00+00:00,62.56,0.032745400597243776,3215.27,2024-04-30 02:10:00+00:00,2024-04-30 08:14:00+00:00,2024-04-30 08:15:00+00:00,stop,-1.1091026615636854,4.026327403445975,"simulated minute opens; intrabar exits only known within minute, not actual exchange fills"
699,1582.0,2279165.0,2279254.0,1.0,0.656,2963.01,2928.35,2928.943804273646,3127.8216950870637,0.9718672800000002,0.9604988,0.0,-22.736960000000202,-24.669326080000246,1235.4101060202854,1210.7407799402852,1.5733516753084456,1.0,1201.2844203055652,0.0,0.0,2024-05-01 00:00:00+00:00,2024-04-30 00:00:00+00:00,2024-05-01 00:01:00+00:00,71.72,0.037539963728170124,3012.58,2024-05-01 18:05:00+00:00,2024-05-01 19:34:00+00:00,2024-05-01 19:35:00+00:00,stop,-1.103900191911009,4.837983566200274,"simulated minute opens; intrabar exits only known within minute, not actual exchange fills"
700,1583.0,2279630.0,2280959.0,1.0,0.757,2915.13,2984.8,2886.631440500836,3086.3940534598933,1.103376705,1.1297468000000002,0.38723584167803177,52.740190000000055,50.11983065332197,1210.7407799402852,1260.8606105936071,1.8226472970612582,3.0,1196.352053235285,0.0,0.0,2024-05-02 00:00:00+00:00,2024-05-01 00:00:00+00:00,2024-05-02 00:01:00+00:00,73.05,0.03823611754521511,2970.61,2024-05-02 01:50:00+00:00,2024-05-02 23:59:00+00:00,2024-05-02 23:59:00+00:00,scheduled_23_59_exit,2.3232225095610635,6.009568780657743,"simulated minute opens; intrabar exits only known within minute, not actual exchange fills"
701,1584.0,2281730.0,2281776.0,-1.0,0.599,3022.38,3061.37,3060.75316150134,2886.4528988264483,0.90520281,0.9168803149999999,0.0,-23.35500999999987,-25.17709312499983,1260.8606105936071,1235.6835174686073,1.4358491373187316,1.0,1235.6835174686073,0.0,0.0,2024-05-03 00:00:00+00:00,2024-05-02 00:00:00+00:00,2024-05-03 00:01:00+00:00,64.01,0.03350436528499958,2984.8,2024-05-03 12:50:00+00:00,2024-05-03 13:36:00+00:00,2024-05-03 13:37:00+00:00,stop,-1.0953456362601797,3.5422440021994483,"simulated minute opens; intrabar exits only known within minute, not actual exchange fills"
702,1585.0,2283075.0,2283839.0,-1.0,0.634,3147.29,3116.4500000000003,3182.4456196182286,2995.255756442371,0.99769093,0.9879146500000001,-0.1387287299179515,19.552559999999804,17.70568314991783,1235.6835174686073,1253.3892006185251,1.614800093868447,3.0,1228.0858865386074,0.0,0.0,2024-05-04 00:00:00+00:00,2024-05-03 00:00:00+00:00,2024-05-04 00:01:00+00:00,66.18,0.03464019519702035,3100.83,2024-05-04 11:15:00+00:00,2024-05-04 23:59:00+00:00,2024-05-04 23:59:00+00:00,scheduled_23_59_exit,0.7943806803773592,4.324607138450125,"simulated minute opens; intrabar exits only known within minute, not actual exchange fills"
703,1587.0,2285905.0,2286719.0,-1.0,0.643,3186.71,3061.53,3221.8060583070087,3023.425845635822,1.024527265,0.9842818950000001,-0.17922209883893317,80.4907399999999,78.66115293883877,1253.3892006185251,1332.050353557364,1.6348110618703497,3.0,1250.1720433535252,0.0,0.0,2024-05-06 00:00:00+00:00,2024-05-05 00:00:00+00:00,2024-05-06 00:01:00+00:00,69.38,0.03631515174930903,3135.24,2024-05-06 10:25:00+00:00,2024-05-06 23:59:00+00:00,2024-05-06 23:59:00+00:00,scheduled_23_59_exit,3.4857079083306357,4.6524926798281,"simulated minute opens; intrabar exits only known within minute, not actual exchange fills"
704,1588.0,2287235.0,2288159.0,-1.0,0.687,3107.6800000000003,3005.73,3142.6478835734447,2956.5528788226943,1.0674880800000002,1.032468255,-0.14718188797200002,70.0396500000002,68.08687555297229,1332.050353557364,1400.1372291103362,1.602774365322113,3.0,1316.748225477364,0.0,0.0,2024-05-07 00:00:00+00:00,2024-05-06 00:00:00+00:00,2024-05-07 00:01:00+00:00,66.64,0.03488097020141184,3061.5,2024-05-07 08:35:00+00:00,2024-05-07 23:59:00+00:00,2024-05-07 23:59:00+00:00,scheduled_23_59_exit,2.8342445532295666,4.321883560950661,"simulated minute opens; intrabar exits only known within minute, not actual exchange fills"
705,1589.0,2289390.0,2289599.0,1.0,0.9530000000000001,2955.33,2973.61,2929.485477029712,3107.636527175951,1.408214745,1.416925165,0.0,17.420840000000194,14.595700090000264,1400.1372291103362,1414.7329292003365,2.0115381774325027,3.0,1380.6839016040067,0.0,0.0,2024-05-08 00:00:00+00:00,2024-05-07 00:00:00+00:00,2024-05-08 00:01:00+00:00,64.45,0.03373467181093928,3004.55,2024-05-08 20:30:00+00:00,2024-05-08 23:59:00+00:00,2024-05-08 23:59:00+00:00,scheduled_23_59_exit,0.5926025416529346,5.89318391951168,"simulated minute opens; intrabar exits only known within minute, not actual exchange fills"
706,1590.0,2290590.0,2290965.0,-1.0,0.801,3015.79,3048.06,3047.4443852899567,2876.4039512947793,1.207823895,1.22074803,0.0,-25.848269999999985,-28.2768419250001,1414.7329292003365,1386.4560872753364,1.7074938598944047,1.0,1386.4560872753364,0.0,0.0,2024-05-09 00:00:00+00:00,2024-05-08 00:00:00+00:00,2024-05-09 00:01:00+00:00,63.06,0.03300711255853888,2972.93,2024-05-09 16:30:00+00:00,2024-05-09 22:45:00+00:00,2024-05-09 22:46:00+00:00,stop,-1.1152301545783192,4.403372468883322,"simulated minute opens; intrabar exits only known within minute, not actual exchange fills"
707,1594.0,2295530.0,2296799.0,1.0,0.8180000000000001,2887.54,2948.21,2857.129656041206,3024.5849584129846,1.1810038600000001,1.20581789,0.48373984200000003,49.62806000000006,46.75749840799995,1386.4560872753364,1433.2135856833363,1.7036296653591227,3.0,1366.4160686299365,0.0,0.0,2024-05-13 00:00:00+00:00,2024-05-12 00:00:00+00:00,2024-05-13 00:01:00+00:00,62.18,0.03254649950665949,2927.73,2024-05-13 02:50:00+00:00,2024-05-13 23:59:00+00:00,2024-05-13 23:59:00+00:00,scheduled_23_59_exit,1.879648453744981,4.506524444402243,"simulated minute opens; intrabar exits only known within minute, not actual exchange fills"
708,1595.0,2297195.0,2297652.0,1.0,0.933,2903.9500000000003,2876.15,2876.7269563424115,3049.909064248732,1.3546926750000003,1.341723975,0.22167532709970397,-25.93740000000017,-28.855491977099973,1433.2135856833363,1404.3580937062363,1.8904267843011013,1.0,1404.3580937062363,0.0,0.0,2024-05-14 00:00:00+00:00,2024-05-13 00:00:00+00:00,2024-05-14 00:01:00+00:00,63.82,0.03340491473970744,2949.71,2024-05-14 06:35:00+00:00,2024-05-14 14:12:00+00:00,2024-05-14 14:13:00+00:00,stop,-1.1360832581063043,5.3615997566107625,"simulated minute opens; intrabar exits only known within minute, not actual exchange fills"
709,1597.0,2300445.0,2300540.0,1.0,0.887,2985.51,2956.83,2957.4266319920407,3131.133132499702,1.3240736850000001,1.311354105,0.0,-25.439160000000257,-28.07458779000035,1404.3580937062363,1376.283505916236,1.8856639071387298,1.0,1376.283505916236,0.0,0.0,2024-05-16 00:00:00+00:00,2024-05-15 00:00:00+00:00,2024-05-16 00:01:00+00:00,62.31,0.032614544616596214,3030.66,2024-05-16 12:45:00+00:00,2024-05-16 14:20:00+00:00,2024-05-16 14:21:00+00:00,stop,-1.1270432375144495,5.1853870397036586,"simulated minute opens; intrabar exits only known within minute, not actual exchange fills"
710,1599.0,2303195.0,2303999.0,-1.0,0.767,3133.1,3122.33,3165.1810325527567,2993.613862386123,1.20154385,1.197413555,-0.18638210403543415,8.260589999999986,6.0480146990353205,1376.283505916236,1382.3315206152713,1.746070260720147,3.0,1365.4867920662357,0.0,0.0,2024-05-18 00:00:00+00:00,2024-05-17 00:00:00+00:00,2024-05-18 00:01:00+00:00,60.84,0.031845111450388604,3090.48,2024-05-18 10:35:00+00:00,2024-05-18 23:59:00+00:00,2024-05-18 23:59:00+00:00,scheduled_23_59_exit,0.24579278819822858,4.347931675344112,"simulated minute opens; intrabar exits only known within minute, not actual exchange fills"
711,1600.0,2304815.0,2305439.0,1.0,0.9390000000000001,3073.09,3070.27,3047.355443749617,3223.390023539935,1.442815755,1.441491765,0.25492650172288256,-2.647980000000154,-5.787214021723003,1382.3315206152713,1376.5443065935483,2.087510461105318,3.0,1360.9558951778683,0.0,0.0,2024-05-19 00:00:00+00:00,2024-05-18 00:00:00+00:00,2024-05-19 00:01:00+00:00,61.31,0.032091120694006006,3121.59,2024-05-19 13:35:00+00:00,2024-05-19 23:59:00+00:00,2024-05-19 23:59:00+00:00,scheduled_23_59_exit,-0.23948993572369898,5.840396938559849,"simulated minute opens; intrabar exits only known within minute, not actual exchange fills"
712,1601.0,2305805.0,2306478.0,-1.0,0.846,3118.96,3148.34,3147.705262110693,2969.3235837307716,1.31932008,1.3317478200000001,-0.17253714165048,-24.855480000000092,-27.33401075834945,1376.5443065935483,1349.2102958351988,1.9168581406069556,1.0,1348.9684836551992,0.0,0.0,2024-05-20 00:00:00+00:00,2024-05-19 00:00:00+00:00,2024-05-20 00:01:00+00:00,63.69,0.03333686962977071,3069.98,2024-05-20 06:05:00+00:00,2024-05-20 17:18:00+00:00,2024-05-20 17:19:00+00:00,stop,-1.1240010706355956,5.205602777007352,"simulated minute opens; intrabar exits only known within minute, not actual exchange fills"
713,1602.0,2307915.0,2308216.0,-1.0,0.559,3736.32,3780.83,3780.066061851503,3515.642899496079,1.0443014400000001,1.0567419850000002,0.0,-24.88108999999987,-26.9821334249998,1349.2102958351988,1322.228162410199,1.5480187828740937,1.0,1321.730884395199,0.0,0.0,2024-05-21 00:00:00+00:00,2024-05-20 00:00:00+00:00,2024-05-21 00:01:00+00:00,79.17,0.04143947195146722,3664.39,2024-05-21 17:15:00+00:00,2024-05-21 22:16:00+00:00,2024-05-21 22:17:00+00:00,stop,-1.1033810349340372,5.044502091480038,"simulated minute opens; intrabar exits only known within minute, not actual exchange fills"
714,1603.0,2309055.0,2309080.0,1.0,0.553,3719.36,3675.28,3676.0236147394617,3953.125069845418,1.0284030400000002,1.0162149200000001,0.0,-24.37623999999996,-26.42085795999992,1322.228162410199,1295.8073044501991,1.5555606350501485,1.0,1295.8073044501991,0.0,0.0,2024-05-22 00:00:00+00:00,2024-05-21 00:00:00+00:00,2024-05-22 00:01:00+00:00,79.34,0.041528454018307556,3792.32,2024-05-22 12:15:00+00:00,2024-05-22 12:40:00+00:00,2024-05-22 12:41:00+00:00,stop,-1.102475892088426,5.394198626397228,"simulated minute opens; intrabar exits only known within minute, not actual exchange fills"
715,1604.0,2310235.0,2310439.0,-1.0,0.531,3812.05,3856.98,3856.200849651782,3591.054082333879,1.0120992750000002,1.0240281900000001,-0.20261318566374903,-23.857829999999915,-25.691344279336363,1295.8073044501991,1270.1159601708628,1.5621138598681166,1.0,1265.702717314443,0.0,0.0,2024-05-23 00:00:00+00:00,2024-05-22 00:00:00+00:00,2024-05-23 00:01:00+00:00,77.77,0.04070667845984092,3740.25,2024-05-23 07:55:00+00:00,2024-05-23 11:19:00+00:00,2024-05-23 11:20:00+00:00,stop,-1.09585537523554,5.005473720418037,"simulated minute opens; intrabar exits only known within minute, not actual exchange fills"
716,1605.0,2311935.0,2312033.0,1.0,0.609,3723.05,3685.11,3685.8551480772044,3920.8704849256806,1.133668725,1.1221159950000001,0.0,-23.105460000000033,-25.36124472000006,1270.1159601708628,1244.7547154508627,1.7851420823772546,1.0,1244.7547154508627,0.0,0.0,2024-05-24 00:00:00+00:00,2024-05-23 00:00:00+00:00,2024-05-24 00:01:00+00:00,67.48,0.03532064629638763,3784.8,2024-05-24 12:15:00+00:00,2024-05-24 13:53:00+00:00,2024-05-24 13:54:00+00:00,stop,-1.1196194593391422,5.318490992686036,"simulated minute opens; intrabar exits only known within minute, not actual exchange fills"
717,1607.0,2314640.0,2314967.0,-1.0,0.586,3810.56,3849.1800000000003,3848.401585333559,3625.2933888381503,1.11649408,1.12780974,0.0,-22.6313200000002,-24.8756238200001,1244.7547154508627,1219.8790916308626,1.7939182172057,1.0,1219.8790916308626,0.0,0.0,2024-05-26 00:00:00+00:00,2024-05-25 00:00:00+00:00,2024-05-26 00:01:00+00:00,65.2,0.034127239752881934,3751.15,2024-05-26 09:20:00+00:00,2024-05-26 14:47:00+00:00,2024-05-26 14:48:00+00:00,stop,-1.1217783194287656,4.895846977043778,"simulated minute opens; intrabar exits only known within minute, not actual exchange fills"
718,1608.0,2315850.0,2316017.0,-1.0,0.523,3891.03,3933.69,3932.9018465523113,3691.4126603332693,1.017504345,1.028659935,-0.20477646600000002,-22.311179999999926,-24.152567813999667,1219.8790916308626,1195.726523816863,1.6682052376841598,1.0,1195.726523816863,0.0,0.0,2024-05-27 00:00:00+00:00,2024-05-26 00:00:00+00:00,2024-05-27 00:01:00+00:00,69.18,0.036210466964790994,3827.53,2024-05-27 05:30:00+00:00,2024-05-27 08:17:00+00:00,2024-05-27 08:18:00+00:00,stop,-1.102908560345075,4.767340256115669,"simulated minute opens; intrabar exits only known within minute, not actual exchange fills"
719,1609.0,2317240.0,2318076.0,1.0,0.47600000000000003,3840.6800000000003,3794.32,3795.0848354655327,4034.9575482630557,0.9140818400000001,0.9030481600000001,0.40744267006696405,-22.06736000000006,-24.291932670067126,1195.726523816863,1171.4345911467958,1.5289145499293124,1.0,1171.4345911467958,0.0,0.0,2024-05-28 00:00:00+00:00,2024-05-27 00:00:00+00:00,2024-05-28 00:01:00+00:00,66.91,0.0350222946605112,3896.09,2024-05-28 04:40:00+00:00,2024-05-28 18:36:00+00:00,2024-05-28 18:37:00+00:00,stop,-1.1192737764409355,4.260924381930713,"simulated minute opens; intrabar exits only known within minute, not actual exchange fills"
720,1610.0,2319275.0,2319366.0,1.0,0.556,3785.3,3746.9500000000003,3747.7088246229005,3983.4922776565622,1.0523134000000003,1.0416521000000003,0.37022960537417454,-21.32259999999995,-23.78679510537404,1171.4345911467958,1147.6477960414218,1.7966234016870206,1.0,1147.6477960414218,0.0,0.0,2024-05-29 00:00:00+00:00,2024-05-28 00:00:00+00:00,2024-05-29 00:01:00+00:00,66.61,0.03486526748373414,3847.0,2024-05-29 14:35:00+00:00,2024-05-29 16:06:00+00:00,2024-05-29 16:07:00+00:00,stop,-1.1380864034187024,5.2723086114859665,"simulated minute opens; intrabar exits only known within minute, not actual exchange fills"
721,1612.0,2322000.0,2322030.0,-1.0,0.484,3804.7000000000003,3848.28,3847.5010473785323,3624.7106656024853,0.9207374000000002,0.93128376,0.0,-21.092719999999964,-22.94474115999992,1147.6477960414218,1124.7030548814218,1.6045644023818055,1.0,1124.7030548814218,0.0,0.0,2024-05-31 00:00:00+00:00,2024-05-30 00:00:00+00:00,2024-05-31 00:01:00+00:00,65.12,0.03408536583907472,3750.39,2024-05-31 12:00:00+00:00,2024-05-31 12:30:00+00:00,2024-05-31 12:31:00+00:00,stop,-1.1076011664092533,4.205255371572825,"simulated minute opens; intrabar exits only known within minute, not actual exchange fills"
722,1613.0,2324075.0,2324159.0,-1.0,0.548,3827.9300000000003,3818.25,3864.3399480260664,3635.043049738174,1.04885282,1.0462005,0.0,5.30464000000016,3.2095866800000294,1124.7030548814218,1127.9126415614219,1.86511953612606,3.0,1122.371882061422,0.0,0.0,2024-06-01 00:00:00+00:00,2024-05-31 00:00:00+00:00,2024-06-01 00:01:00+00:00,66.78,0.034954249550574475,3764.35,2024-06-01 22:35:00+00:00,2024-06-01 23:59:00+00:00,2024-06-01 23:59:00+00:00,scheduled_23_59_exit,0.1608601582129987,5.297644207669216,"simulated minute opens; intrabar exits only known within minute, not actual exchange fills"
723,1615.0,2326435.0,2327039.0,-1.0,0.417,3836.16,3770.42,3885.482695659021,3652.7557789950947,0.79983936,0.78613257,-0.20295327071562783,27.413579999999907,26.030561340715394,1127.9126415614219,1153.9432029021373,1.4182647317308992,3.0,1126.3455222014218,0.0,0.0,2024-06-03 00:00:00+00:00,2024-06-02 00:00:00+00:00,2024-06-03 00:01:00+00:00,67.43,0.03529447510025812,3783.98,2024-06-03 13:55:00+00:00,2024-06-03 23:59:00+00:00,2024-06-03 23:59:00+00:00,scheduled_23_59_exit,1.2656122634186773,3.7184549334614627,"simulated minute opens; intrabar exits only known within minute, not actual exchange fills"
724,1616.0,2328080.0,2328479.0,-1.0,0.517,3826.65,3814.77,3866.595017954507,3643.0326792220553,0.989189025,0.9861180450000001,0.0,6.141960000000057,4.166652930000055,1153.9432029021373,1158.1098558321373,1.7144501090040052,3.0,1151.9873727110974,0.0,0.0,2024-06-04 00:00:00+00:00,2024-06-03 00:00:00+00:00,2024-06-04 00:01:00+00:00,65.02,0.0340330234468157,3769.15,2024-06-04 17:20:00+00:00,2024-06-04 23:59:00+00:00,2024-06-04 23:59:00+00:00,scheduled_23_59_exit,0.2017595788585891,4.5967514894364285,"simulated minute opens; intrabar exits only known within minute, not actual exchange fills"
725,1617.0,2329685.0,2329919.0,-1.0,0.592,3876.98,3866.78,3911.4100333890883,3685.89797113893,1.14758608,1.1445668800000002,0.0,6.038399999999892,3.7462470399998438,1158.1098558321373,1161.8561028721372,1.9818259454763458,3.0,1149.7753897521372,0.0,0.0,2024-06-05 00:00:00+00:00,2024-06-04 00:00:00+00:00,2024-06-05 00:01:00+00:00,64.83,0.03393357290152355,3813.12,2024-06-05 20:05:00+00:00,2024-06-05 23:59:00+00:00,2024-06-05 23:59:00+00:00,scheduled_23_59_exit,0.18379651069421474,5.549864756205213,"simulated minute opens; intrabar exits only known within minute, not actual exchange fills"
726,1618.0,2331105.0,2331121.0,1.0,0.526,3806.44,3766.08,3766.8382174153926,4008.5957300524196,1.00109372,0.9904790400000001,0.0,-21.229360000000067,-23.220932760000096,1161.8561028721372,1138.635170112137,1.723266276306113,1.0,1138.635170112137,0.0,0.0,2024-06-06 00:00:00+00:00,2024-06-05 00:00:00+00:00,2024-06-06 00:01:00+00:00,67.91,0.03554571858310141,3868.61,2024-06-06 19:45:00+00:00,2024-06-06 20:01:00+00:00,2024-06-06 20:02:00+00:00,stop,-1.1147543650512106,5.104712890651394,"simulated minute opens; intrabar exits only known within minute, not actual exchange fills"
727,1623.0,2337330.0,2337367.0,1.0,0.654,3611.11,3579.94,3580.662415769123,3791.7738611502064,1.1808329700000002,1.17064038,0.0,-20.385180000000048,-22.736653350000097,1138.635170112137,1115.898516762137,2.0741199657194977,1.0,1115.898516762137,0.0,0.0,2024-06-11 00:00:00+00:00,2024-06-10 00:00:00+00:00,2024-06-11 00:01:00+00:00,62.54,0.032734932118791964,3669.66,2024-06-11 03:30:00+00:00,2024-06-11 04:07:00+00:00,2024-06-11 04:08:00+00:00,stop,-1.1418155455743595,5.933602475003388,"simulated minute opens; intrabar exits only known within minute, not actual exchange fills"
728,1624.0,2339175.0,2339310.0,-1.0,0.613,3556.29,3589.1,3588.373632479337,3381.3932893935557,1.0900028849999999,1.10005915,0.0,-20.112529999999968,-22.30259203500009,1115.898516762137,1093.595924727137,1.9535878372931703,1.0,1089.576220927907,0.0,0.0,2024-06-12 00:00:00+00:00,2024-06-11 00:00:00+00:00,2024-06-12 00:01:00+00:00,64.86,0.03394927561920126,3498.16,2024-06-12 10:15:00+00:00,2024-06-12 12:30:00+00:00,2024-06-12 12:31:00+00:00,stop,-1.1339955045125159,5.451275217015492,"simulated minute opens; intrabar exits only known within minute, not actual exchange fills"
729,1625.0,2340240.0,2340571.0,1.0,0.637,3504.06,3473.25,3473.950989113166,3679.1415485600696,1.1160431100000001,1.1062301250000002,0.223426476,-19.625969999999967,-22.071669710999913,1093.595924727137,1071.524255016137,2.0410520645977424,1.0,1071.524255016137,0.0,0.0,2024-06-13 00:00:00+00:00,2024-06-12 00:00:00+00:00,2024-06-13 00:01:00+00:00,62.65,0.03279250875027689,3560.45,2024-06-13 04:00:00+00:00,2024-06-13 09:31:00+00:00,2024-06-13 09:32:00+00:00,stop,-1.150798448020471,5.8149219586828,"simulated minute opens; intrabar exits only known within minute, not actual exchange fills"
730,1626.0,2341790.0,2342530.0,-1.0,0.593,3520.54,3361.91,3552.407109799585,3361.2357332299084,1.0438401099999999,0.9968063149999999,-0.41378659574679,94.06759000000007,92.44073017074697,1071.524255016137,1163.964985186884,1.9483275438954573,2.0,1063.710367512557,0.0,0.0,2024-06-14 00:00:00+00:00,2024-06-13 00:00:00+00:00,2024-06-14 00:01:00+00:00,60.39,0.03160957068522301,3469.18,2024-06-14 05:50:00+00:00,2024-06-14 18:10:00+00:00,2024-06-14 18:11:00+00:00,target,4.89176963751696,4.99901835378133,"simulated minute opens; intrabar exits only known within minute, not actual exchange fills"
731,1627.0,2343335.0,2343658.0,-1.0,0.613,3531.29,3565.66,3564.9464521115565,3371.0307902059812,1.082340385,1.0928747899999998,-0.216349042616871,-21.06880999999993,-23.02767613238302,1163.964985186884,1140.937309054501,1.8597473270662372,1.0,1140.937309054501,0.0,0.0,2024-06-15 00:00:00+00:00,2024-06-14 00:00:00+00:00,2024-06-15 00:01:00+00:00,61.06,0.03196026471335845,3480.51,2024-06-15 07:35:00+00:00,2024-06-15 12:58:00+00:00,2024-06-15 12:59:00+00:00,stop,-1.1161467661184066,4.761619236122365,"simulated minute opens; intrabar exits only known within minute, not actual exchange fills"
732,1628.0,2345685.0,2345759.0,-1.0,0.56,3620.84,3622.84,3657.1812779335096,3452.1718006856354,1.0138352000000002,1.0143952000000003,0.0,-1.12,-3.148230399999875,1140.937309054501,1137.789078654501,1.7771970325699475,3.0,1132.273873854501,0.0,0.0,2024-06-16 00:00:00+00:00,2024-06-15 00:00:00+00:00,2024-06-16 00:01:00+00:00,62.98,0.03296523864473166,3567.87,2024-06-16 22:45:00+00:00,2024-06-16 23:59:00+00:00,2024-06-16 23:59:00+00:00,scheduled_23_59_exit,-0.15469571571714072,4.641229172594389,"simulated minute opens; intrabar exits only known within minute, not actual exchange fills"
733,1629.0,2346145.0,2346273.0,1.0,0.62,3566.53,3533.4300000000003,3534.1375686151973,3744.872106441989,1.1056243,1.0953633,0.22019734000000005,-20.521999999999945,-22.94318493999981,1137.789078654501,1114.8458937145012,1.9434609115908588,1.0,1114.8458937145012,0.0,0.0,2024-06-17 00:00:00+00:00,2024-06-16 00:00:00+00:00,2024-06-17 00:01:00+00:00,63.23,0.03309609462537921,3622.96,2024-06-17 06:25:00+00:00,2024-06-17 08:33:00+00:00,2024-06-17 08:34:00+00:00,stop,-1.1424007219588,5.505672122088971,"simulated minute opens; intrabar exits only known within minute, not actual exchange fills"
734,1630.0,2347255.0,2347301.0,1.0,0.52,3464.29,3424.9,3425.5880731193774,3624.7332350919396,0.9007154,0.8904740000000001,0.0,-20.482799999999934,-22.27398940000012,1114.8458937145012,1092.5719043145011,1.6158563350831385,1.0,1090.9363601341013,0.0,0.0,2024-06-18 00:00:00+00:00,2024-06-17 00:00:00+00:00,2024-06-18 00:01:00+00:00,61.69,0.032290021784590284,3509.56,2024-06-18 00:55:00+00:00,2024-06-18 01:41:00+00:00,2024-06-18 01:42:00+00:00,stop,-1.106781973210922,4.145613617296951,"simulated minute opens; intrabar exits only known within minute, not actual exchange fills"
735,1631.0,2348725.0,2348877.0,-1.0,0.455,3527.58,3572.02,3571.304365541882,3367.158657337001,0.8025244500000001,0.81263455,0.0,-20.220200000000027,-21.835358999999926,1092.5719043145011,1070.7365453145012,1.4690556233981102,1.0,1070.7365453145012,0.0,0.0,2024-06-19 00:00:00+00:00,2024-06-18 00:00:00+00:00,2024-06-19 00:01:00+00:00,64.26,0.033635221265647136,3482.34,2024-06-19 01:25:00+00:00,2024-06-19 03:57:00+00:00,2024-06-19 03:58:00+00:00,stop,-1.0975528039173525,3.668923280529645,"simulated minute opens; intrabar exits only known within minute, not actual exchange fills"
736,1632.0,2350755.0,2351519.0,-1.0,0.528,3616.06,3511.78,3652.1911945373085,3438.0953862746173,0.95463984,0.9271099200000001,-0.058264262756670224,55.059839999999866,53.23635450275651,1070.7365453145012,1123.9728998172577,1.7831460860796513,3.0,1069.379729474341,0.0,0.0,2024-06-20 00:00:00+00:00,2024-06-19 00:00:00+00:00,2024-06-20 00:01:00+00:00,65.95,0.03451980769482459,3558.85,2024-06-20 11:15:00+00:00,2024-06-20 23:59:00+00:00,2024-06-20 23:59:00+00:00,scheduled_23_59_exit,2.7905645045413965,4.925511486801763,"simulated minute opens; intrabar exits only known within minute, not actual exchange fills"
737,1635.0,2355640.0,2355680.0,1.0,0.642,3439.9900000000002,3408.44,3409.128130611119,3611.0852386042043,1.10423679,1.09410924,0.0,-20.255100000000116,-22.453446030000123,1123.9728998172577,1101.5194537872576,1.9648815201497005,1.0,1101.3837196177776,0.0,0.0,2024-06-23 00:00:00+00:00,2024-06-22 00:00:00+00:00,2024-06-23 00:01:00+00:00,62.83,0.03288672505634313,3494.26,2024-06-23 20:40:00+00:00,2024-06-23 21:20:00+00:00,2024-06-23 21:21:00+00:00,stop,-1.133250049091344,5.543903917429123,"simulated minute opens; intrabar exits only known within minute, not actual exchange fills"
738,1636.0,2356170.0,2356410.0,1.0,0.524,3369.84,3331.17,3331.8450174273885,3539.681079026246,0.88289808,0.8727665400000001,0.176466432,-20.263080000000038,-22.195211052000104,1101.5194537872576,1079.3242427352575,1.6030549019618476,1.0,1078.0518088506974,0.0,0.0,2024-06-24 00:00:00+00:00,2024-06-23 00:00:00+00:00,2024-06-24 00:01:00+00:00,66.06,0.034577384326309524,3419.38,2024-06-24 05:30:00+00:00,2024-06-24 09:30:00+00:00,2024-06-24 09:31:00+00:00,stop,-1.1148122760433388,4.470092299731029,"simulated minute opens; intrabar exits only known within minute, not actual exchange fills"
739,1637.0,2358155.0,2358719.0,-1.0,0.532,3400.9,3394.32,3437.297171452858,3241.5539121101096,0.9046394000000001,0.9028891200000001,-0.181881925272824,3.5005599999999615,1.874913405272764,1079.3242427352575,1081.1991561405302,1.6763070154107433,3.0,1064.2456715754504,0.0,0.0,2024-06-25 00:00:00+00:00,2024-06-24 00:00:00+00:00,2024-06-25 00:01:00+00:00,64.01,0.03350436528499958,3352.0,2024-06-25 14:35:00+00:00,2024-06-25 23:59:00+00:00,2024-06-25 23:59:00+00:00,scheduled_23_59_exit,0.09682821981775613,4.377979978369401,"simulated minute opens; intrabar exits only known within minute, not actual exchange fills"
740,1638.0,2359765.0,2360159.0,1.0,0.637,3341.69,3370.08,3311.7845166792804,3504.5384572364724,1.064328265,1.0733704800000001,0.0,18.08442999999992,15.946731254999804,1081.1991561405302,1097.14588739553,1.9687922598816063,3.0,1079.31637456531,0.0,0.0,2024-06-26 00:00:00+00:00,2024-06-25 00:00:00+00:00,2024-06-26 00:01:00+00:00,61.76,0.032326661459171596,3393.06,2024-06-26 17:25:00+00:00,2024-06-26 23:59:00+00:00,2024-06-26 23:59:00+00:00,scheduled_23_59_exit,0.837107855155616,5.445438065321106,"simulated minute opens; intrabar exits only known within minute, not actual exchange fills"
741,1639.0,2360915.0,2360945.0,-1.0,0.622,3419.77,3451.56,3450.8672566528435,3266.8355182666705,1.06354847,1.07343516,0.0,-19.773379999999978,-21.910363629999893,1097.14588739553,1075.2355237655302,1.938754877028641,1.0,1075.2355237655302,0.0,0.0,2024-06-27 00:00:00+00:00,2024-06-26 00:00:00+00:00,2024-06-27 00:01:00+00:00,59.83,0.031316453288572486,3370.76,2024-06-27 12:35:00+00:00,2024-06-27 13:05:00+00:00,2024-06-27 13:06:00+00:00,stop,-1.1327579597533028,4.917941265386356,"simulated minute opens; intrabar exits only known within minute, not actual exchange fills"
742,1640.0,2362620.0,2362757.0,1.0,0.651,3397.1800000000003,3367.56,3368.234546572153,3562.9356810883187,1.1057820900000002,1.09614078,0.0,-19.282620000000225,-21.48454287000027,1075.2355237655302,1053.75098089553,2.056818372457588,1.0,1053.75098089553,0.0,0.0,2024-06-28 00:00:00+00:00,2024-06-27 00:00:00+00:00,2024-06-28 00:01:00+00:00,61.35,0.03211205765090962,3450.34,2024-06-28 17:00:00+00:00,2024-06-28 19:17:00+00:00,2024-06-28 19:18:00+00:00,stop,-1.140157299047521,5.726484178301043,"simulated minute opens; intrabar exits only known within minute, not actual exchange fills"
743,1642.0,2365670.0,2365828.0,-1.0,0.672,3427.0,3454.91,3454.2135348765896,3278.130679021432,1.151472,1.16084976,0.0,-18.755519999999905,-21.067841759999965,1053.75098089553,1032.68313913553,2.185472698723226,1.0,1032.68313913553,0.0,0.0,2024-06-30 00:00:00+00:00,2024-06-29 00:00:00+00:00,2024-06-30 00:01:00+00:00,57.12,0.029897974458353006,3377.62,2024-06-30 19:50:00+00:00,2024-06-30 22:28:00+00:00,2024-06-30 22:29:00+00:00,stop,-1.152035380268424,5.470414690839461,"simulated minute opens; intrabar exits only known within minute, not actual exchange fills"
744,1643.0,2366195.0,2367359.0,-1.0,0.65,3488.76,3443.09,3516.306238556468,3333.4226166916105,1.1338470000000003,1.1190042500000001,-0.4526028000000001,29.685500000000047,27.88525155000002,1032.68313913553,1060.56839068553,2.195924300553906,3.0,1025.6513949355299,0.0,0.0,2024-07-01 00:00:00+00:00,2024-06-30 00:00:00+00:00,2024-07-01 00:01:00+00:00,58.31,0.030520848926235366,3436.73,2024-07-01 04:35:00+00:00,2024-07-01 23:59:00+00:00,2024-07-01 23:59:00+00:00,scheduled_23_59_exit,1.5573954647948478,5.639150441173987,"simulated minute opens; intrabar exits only known within minute, not actual exchange fills"
745,1647.0,2371745.0,2371858.0,-1.0,0.646,3102.2400000000002,2966.4900000000002,3131.3024960045486,2965.888151912527,1.00202352,0.9581762700000002,0.0,87.6945,85.73430021000013,1060.56839068553,1146.30269089553,1.8895971797769917,2.0,1057.35058716553,0.0,0.0,2024-07-05 00:00:00+00:00,2024-07-04 00:00:00+00:00,2024-07-05 00:01:00+00:00,59.25,0.031012867413470164,3059.31,2024-07-05 01:05:00+00:00,2024-07-05 02:58:00+00:00,2024-07-05 02:59:00+00:00,target,4.56656011167209,4.691677138334353,"simulated minute opens; intrabar exits only known within minute, not actual exchange fills"
746,1649.0,2375105.0,2375355.0,1.0,0.77,3017.76,2991.03,2991.6361406978194,3166.829775077585,1.1618376000000001,1.15154655,0.0,-20.582100000000015,-22.895484149999902,1146.30269089553,1123.4072067455302,2.0271043751844178,1.0,1123.4072067455302,0.0,0.0,2024-07-07 00:00:00+00:00,2024-07-06 00:00:00+00:00,2024-07-07 00:01:00+00:00,62.13,0.032520328310529985,3065.5,2024-07-07 09:05:00+00:00,2024-07-07 13:15:00+00:00,2024-07-07 13:16:00+00:00,stop,-1.138208357963315,5.706269251922539,"simulated minute opens; intrabar exits only known within minute, not actual exchange fills"
747,1650.0,2376150.0,2376526.0,1.0,0.744,2885.71,3027.42,2858.9730005274673,3028.033743574706,1.07348412,1.1262002400000002,0.0745060969296,105.43224000000002,103.15804954307032,1123.4072067455302,1226.5652562886005,1.9111220108865858,2.0,1107.1740462625703,0.0,0.0,2024-07-08 00:00:00+00:00,2024-07-07 00:00:00+00:00,2024-07-08 00:01:00+00:00,62.72,0.03282914842485821,2930.24,2024-07-08 02:30:00+00:00,2024-07-08 08:46:00+00:00,2024-07-08 08:47:00+00:00,target,5.18582096465388,5.323100810953641,"simulated minute opens; intrabar exits only known within minute, not actual exchange fills"
748,1651.0,2377520.0,2377963.0,-1.0,0.458,3045.9900000000002,3096.4,3095.7778362595627,2916.2222991442336,0.6975317100000001,0.7090756,-0.015112941012400002,-23.087779999999935,-24.47927436898749,1226.5652562886005,1202.085981919613,1.1373739903747555,1.0,1197.7013730552128,0.0,0.0,2024-07-09 00:00:00+00:00,2024-07-08 00:00:00+00:00,2024-07-09 00:01:00+00:00,65.23,0.03414294247055964,3017.51,2024-07-09 01:20:00+00:00,2024-07-09 08:43:00+00:00,2024-07-09 08:44:00+00:00,stop,-1.0735191831505684,2.606413746908771,"simulated minute opens; intrabar exits only known within minute, not actual exchange fills"
749,1652.0,2379155.0,2379845.0,-1.0,0.7010000000000001,3111.37,3142.53,3141.8958925536604,2965.527122464273,1.090535185,1.1014567650000002,-0.25596836208831736,-21.843160000000218,-23.779183587911803,1202.085981919613,1178.3067983317012,1.8144046289576101,1.0,1178.3067983317012,0.0,0.0,2024-07-10 00:00:00+00:00,2024-07-09 00:00:00+00:00,2024-07-10 00:01:00+00:00,63.07,0.03301234679776478,3065.06,2024-07-10 04:35:00+00:00,2024-07-10 16:05:00+00:00,2024-07-10 16:06:00+00:00,stop,-1.1112468698789426,4.777677746174155,"simulated minute opens; intrabar exits only known within minute, not actual exchange fills"
750,1653.0,2380930.0,2381070.0,-1.0,0.632,3141.4700000000003,3175.55,3174.914672089065,3000.867632802756,0.9927045200000001,1.0034738,0.0,-21.538559999999954,-23.53473831999986,1178.3067983317012,1154.7720600117013,1.684967822311668,1.0,1146.0009055869014,0.0,0.0,2024-07-11 00:00:00+00:00,2024-07-10 00:00:00+00:00,2024-07-11 00:01:00+00:00,61.55,0.03221674243542765,3099.12,2024-07-11 10:10:00+00:00,2024-07-11 12:30:00+00:00,2024-07-11 12:31:00+00:00,stop,-1.1134362418274575,4.204028875595315,"simulated minute opens; intrabar exits only known within minute, not actual exchange fills"
751,1654.0,2382390.0,2383199.0,1.0,0.668,3056.16,3131.4500000000003,3025.2711097601,3198.3010167401226,1.02075744,1.0459043000000001,0.1495872955696,50.293720000000285,48.07747096443086,1154.7720600117013,1202.8495309761322,1.7678942457088138,3.0,1153.0436099716214,0.0,0.0,2024-07-12 00:00:00+00:00,2024-07-11 00:00:00+00:00,2024-07-12 00:01:00+00:00,60.72,0.03178230057967778,3098.25,2024-07-12 10:30:00+00:00,2024-07-12 23:59:00+00:00,2024-07-12 23:59:00+00:00,scheduled_23_59_exit,2.3300371545829286,4.601687391038608,"simulated minute opens; intrabar exits only known within minute, not actual exchange fills"
752,1657.0,2386165.0,2386232.0,-1.0,0.722,3291.77,3321.76,3321.0875517056197,3142.9978526959867,1.1883289700000002,1.19915536,0.0,-21.65278000000017,-24.040264330000127,1202.8495309761322,1178.809266646132,1.9758563966611045,1.0,1178.809266646132,0.0,0.0,2024-07-15 00:00:00+00:00,2024-07-14 00:00:00+00:00,2024-07-15 00:01:00+00:00,60.17,0.03149441742225316,3243.56,2024-07-15 01:25:00+00:00,2024-07-15 02:32:00+00:00,2024-07-15 02:33:00+00:00,stop,-1.1357280217098649,5.074507885168866,"simulated minute opens; intrabar exits only known within minute, not actual exchange fills"
753,1658.0,2387885.0,2387933.0,1.0,0.6890000000000001,3424.52,3393.7400000000002,3394.4233300402957,3601.376459862608,1.1797471400000001,1.16914343,0.0,-21.207419999999825,-23.556310569999823,1178.809266646132,1155.2529560761323,2.001591221549414,1.0,1154.7397389787523,0.0,0.0,2024-07-16 00:00:00+00:00,2024-07-15 00:00:00+00:00,2024-07-16 00:01:00+00:00,64.61,0.03381841963855371,3481.62,2024-07-16 06:05:00+00:00,2024-07-16 06:53:00+00:00,2024-07-16 06:54:00+00:00,stop,-1.1359771710881885,5.876280003714595,"simulated minute opens; intrabar exits only known within minute, not actual exchange fills"
754,1659.0,2389050.0,2390399.0,-1.0,0.53,3492.04,3386.29,3531.3810536325127,3328.2063127138335,0.9253906000000001,0.89736685,-0.2602655869741091,56.0475,54.48500813697433,1155.2529560761323,1209.7379642131066,1.6020570994998882,3.0,1143.4519654761323,0.0,0.0,2024-07-17 00:00:00+00:00,2024-07-16 00:00:00+00:00,2024-07-17 00:01:00+00:00,64.69,0.03386029355236093,3442.83,2024-07-17 01:30:00+00:00,2024-07-17 23:59:00+00:00,2024-07-17 23:59:00+00:00,scheduled_23_59_exit,2.6130947865685963,4.164445843686527,"simulated minute opens; intrabar exits only known within minute, not actual exchange fills"
755,1660.0,2390820.0,2391185.0,-1.0,0.679,3444.89,3477.01,3476.3085323810983,3269.2274713384713,1.1695401550000002,1.1804448950000002,-0.15674837518760001,-21.809480000000235,-24.002716674812746,1209.7379642131066,1185.7352475382938,1.933542948304092,1.0,1185.7352475382938,0.0,0.0,2024-07-18 00:00:00+00:00,2024-07-17 00:00:00+00:00,2024-07-18 00:01:00+00:00,67.05,0.03509557400967383,3386.0,2024-07-18 07:00:00+00:00,2024-07-18 13:05:00+00:00,2024-07-18 13:06:00+00:00,stop,-1.125135247146914,5.591048191901164,"simulated minute opens; intrabar exits only known within minute, not actual exchange fills"
756,1661.0,2392810.0,2392884.0,-1.0,0.598,3477.9,3514.0,3513.289075844157,3310.700322688839,1.0398921,1.050686,0.0,-21.587799999999945,-23.678378100000145,1185.7352475382938,1162.0568694382937,1.7540038590552505,1.0,1162.0568694382937,0.0,0.0,2024-07-19 00:00:00+00:00,2024-07-18 00:00:00+00:00,2024-07-19 00:01:00+00:00,64.84,0.03393880714074946,3424.99,2024-07-19 16:10:00+00:00,2024-07-19 17:24:00+00:00,2024-07-19 17:25:00+00:00,stop,-1.118874936841215,4.724612703859752,"simulated minute opens; intrabar exits only known within minute, not actual exchange fills"
757,1663.0,2395825.0,2396159.0,1.0,0.5670000000000001,3460.29,3533.1800000000003,3423.506683824002,3643.2957552797693,0.9809922150000001,1.0016565300000002,0.0,41.32863000000019,39.3459812550002,1162.0568694382937,1201.4028506932939,1.688372128421193,3.0,1157.7898845614538,0.0,0.0,2024-07-21 00:00:00+00:00,2024-07-20 00:00:00+00:00,2024-07-21 00:01:00+00:00,67.93,0.03555618706155322,3516.03,2024-07-21 18:25:00+00:00,2024-07-21 23:59:00+00:00,2024-07-21 23:59:00+00:00,scheduled_23_59_exit,1.886541840544568,4.975238078158496,"simulated minute opens; intrabar exits only known within minute, not actual exchange fills"
758,1664.0,2396575.0,2397069.0,1.0,0.588,3473.86,3436.4900000000002,3437.1817733426988,3668.0486816942785,1.02131484,1.01032806,0.1584273565224,-21.973559999999935,-24.163630256522538,1201.4028506932939,1177.2392204367713,1.7002037899454452,1.0,1177.2392204367713,0.0,0.0,2024-07-22 00:00:00+00:00,2024-07-21 00:00:00+00:00,2024-07-22 00:01:00+00:00,70.97,0.03714739578622747,3534.29,2024-07-22 06:55:00+00:00,2024-07-22 15:09:00+00:00,2024-07-22 15:10:00+00:00,stop,-1.1204088372036853,5.294385781206302,"simulated minute opens; intrabar exits only known within minute, not actual exchange fills"
759,1665.0,2398265.0,2399039.0,-1.0,0.491,3488.3,3480.07,3531.939885121191,3316.8019834611855,0.85637765,0.8543571850000001,-0.15283322528531856,4.040930000000009,2.483028390285426,1177.2392204367713,1179.7222488270568,1.4548914700315074,3.0,1160.6708427867713,0.0,0.0,2024-07-23 00:00:00+00:00,2024-07-22 00:00:00+00:00,2024-07-23 00:01:00+00:00,68.61,0.035912115328914564,3438.08,2024-07-23 11:05:00+00:00,2024-07-23 23:59:00+00:00,2024-07-23 23:59:00+00:00,scheduled_23_59_exit,0.11588216338997734,3.92984573773634,"simulated minute opens; intrabar exits only known within minute, not actual exchange fills"
760,1666.0,2399975.0,2400153.0,1.0,0.675,3423.69,3392.17,3392.8561616804027,3602.1215836400024,1.1554953750000003,1.1448573750000002,0.154513331595,-21.27599999999999,-23.730866081594968,1179.7222488270568,1155.9913827454618,1.9589278343251655,1.0,1155.9913827454618,0.0,0.0,2024-07-24 00:00:00+00:00,2024-07-23 00:00:00+00:00,2024-07-24 00:01:00+00:00,65.34,0.034200519102044566,3481.01,2024-07-24 15:35:00+00:00,2024-07-24 18:33:00+00:00,2024-07-24 18:34:00+00:00,stop,-1.1402031195400988,5.786875503157675,"simulated minute opens; intrabar exits only known within minute, not actual exchange fills"
761,1668.0,2402075.0,2402106.0,-1.0,0.551,3217.59,3256.26,3255.6048604331636,3067.622193376021,0.8864460450000001,0.8970996300000001,0.0,-21.307170000000042,-23.090715674999956,1155.9913827454618,1132.9006670704619,1.5336551089069614,1.0,1132.839026700462,0.0,0.0,2024-07-26 00:00:00+00:00,2024-07-25 00:00:00+00:00,2024-07-26 00:01:00+00:00,64.93,0.03398591529378258,3173.67,2024-07-26 02:35:00+00:00,2024-07-26 03:06:00+00:00,2024-07-26 03:07:00+00:00,stop,-1.1023827135622233,3.944978487758694,"simulated minute opens; intrabar exits only known within minute, not actual exchange fills"
762,1669.0,2404590.0,2404799.0,1.0,0.5760000000000001,3228.46,3245.04,3193.0204757135925,3382.330249368286,0.9297964800000001,0.9345715200000001,0.0,9.550079999999959,7.685711999999967,1132.9006670704619,1140.5863790704618,1.64144396243377,3.0,1123.8431920451817,0.0,0.0,2024-07-27 00:00:00+00:00,2024-07-26 00:00:00+00:00,2024-07-27 00:01:00+00:00,62.88,0.032912896252472644,3272.82,2024-07-27 20:30:00+00:00,2024-07-27 23:59:00+00:00,2024-07-27 23:59:00+00:00,scheduled_23_59_exit,0.3765075933910777,4.341769605166549,"simulated minute opens; intrabar exits only known within minute, not actual exchange fills"
763,1671.0,2407135.0,2407556.0,-1.0,0.734,3318.0,3345.7400000000002,3345.0654644858687,3168.0686612017466,1.217706,1.22788658,-0.242738470353186,-20.361160000000172,-22.564014109646678,1140.5863790704618,1118.0223649608151,2.135228023663386,1.0,1117.7308715408153,0.0,0.0,2024-07-29 00:00:00+00:00,2024-07-28 00:00:00+00:00,2024-07-29 00:01:00+00:00,59.35,0.031065209805729188,3268.03,2024-07-29 14:55:00+00:00,2024-07-29 21:56:00+00:00,2024-07-29 21:57:00+00:00,stop,-1.1358077247545952,5.539581220803911,"simulated minute opens; intrabar exits only known within minute, not actual exchange fills"
764,1672.0,2408840.0,2408889.0,1.0,0.636,3273.57,3241.69,3242.3416783890816,3418.9127050780075,1.04099526,1.03085742,0.0,-20.27568000000007,-22.347532680000086,1118.0223649608151,1095.674832280815,1.8622082931882769,1.0,1091.768431336215,0.0,0.0,2024-07-30 00:00:00+00:00,2024-07-29 00:00:00+00:00,2024-07-30 00:01:00+00:00,57.89,0.03030101087874747,3316.87,2024-07-30 19:20:00+00:00,2024-07-30 20:09:00+00:00,2024-07-30 20:10:00+00:00,stop,-1.1251847101419226,4.654195217049074,"simulated minute opens; intrabar exits only known within minute, not actual exchange fills"
765,1673.0,2409565.0,2410559.0,-1.0,0.6910000000000001,3323.67,3230.4700000000003,3351.3372163273098,3183.0925133311816,1.148327985,1.1161273850000002,-0.45728429861873,64.40119999999987,62.594028928618854,1095.674832280815,1158.268861209434,2.096110910222478,3.0,1077.5625434680037,0.0,0.0,2024-07-31 00:00:00+00:00,2024-07-30 00:00:00+00:00,2024-07-31 00:01:00+00:00,56.23,0.029432127167247718,3278.17,2024-07-31 07:25:00+00:00,2024-07-31 23:59:00+00:00,2024-07-31 23:59:00+00:00,scheduled_23_59_exit,3.2740808004098354,5.081013030214303,"simulated minute opens; intrabar exits only known within minute, not actual exchange fills"
766,1674.0,2410710.0,2410827.0,1.0,0.843,3186.25,3161.98,3162.6175826624376,3325.6345807716402,1.343004375,1.33277457,0.0,-20.459609999999984,-23.13538894499993,1158.268861209434,1135.133472264434,2.318985548135465,1.0,1134.634931514464,0.0,0.0,2024-08-01 00:00:00+00:00,2024-07-31 00:00:00+00:00,2024-08-01 00:01:00+00:00,54.87,0.028720270632525025,3231.48,2024-08-01 02:30:00+00:00,2024-08-01 04:27:00+00:00,2024-08-01 04:28:00+00:00,stop,-1.161291060833588,5.898024682819741,"simulated minute opens; intrabar exits only known within minute, not actual exchange fills"
767,1675.0,2412165.0,2412377.0,1.0,0.8170000000000001,3157.36,3132.75,3133.381326017966,3295.0422505746674,1.2897815600000002,1.2797283750000001,0.0,-20.106370000000105,-22.67587993500001,1135.133472264434,1112.457592329434,2.272475601352966,1.0,1112.457592329434,0.0,0.0,2024-08-02 00:00:00+00:00,2024-08-01 00:00:00+00:00,2024-08-02 00:01:00+00:00,54.92,0.02874644182865454,3201.67,2024-08-02 02:45:00+00:00,2024-08-02 06:17:00+00:00,2024-08-02 06:18:00+00:00,stop,-1.1574891514349448,5.741862568289811,"simulated minute opens; intrabar exits only known within minute, not actual exchange fills"
768,1676.0,2413500.0,2413510.0,1.0,0.517,2961.71,2921.68,2922.2647767594835,3078.2172742845046,0.765602035,0.7552542800000001,0.0,-20.695510000000105,-22.216366315000187,1112.457592329434,1090.2412260144338,1.37641567692817,1.0,1089.921598126514,0.0,0.0,2024-08-03 00:00:00+00:00,2024-08-02 00:00:00+00:00,2024-08-03 00:01:00+00:00,56.76,0.02970954184622053,2988.11,2024-08-03 01:00:00+00:00,2024-08-03 01:10:00+00:00,2024-08-03 01:11:00+00:00,stop,-1.0894017442360833,2.953647228058608,"simulated minute opens; intrabar exits only known within minute, not actual exchange fills"
769,1677.0,2415765.0,2415807.0,1.0,0.633,2865.7200000000003,2834.16,2834.731144801348,2994.0370264100407,0.90700038,0.89701164,0.0,-19.977480000000252,-21.781492020000314,1090.2412260144338,1068.4597339944335,1.6638526563808222,1.0,1068.4597339944335,0.0,0.0,2024-08-04 00:00:00+00:00,2024-08-03 00:00:00+00:00,2024-08-04 00:01:00+00:00,59.69,0.031243173939409858,2901.94,2024-08-04 14:45:00+00:00,2024-08-04 15:27:00+00:00,2024-08-04 15:28:00+00:00,stop,-1.1103972631262908,4.140747555450861,"simulated minute opens; intrabar exits only known within minute, not actual exchange fills"
770,1679.0,2418275.0,2418605.0,-1.0,0.587,2458.7000000000003,2492.57,2492.061772408526,2324.0084826144284,0.7216284500000001,0.731569295,0.0,-19.881689999999935,-21.33488774500006,1068.4597339944335,1047.1248462494334,1.3507826772323825,1.0,1047.1248462494334,0.0,0.0,2024-08-06 00:00:00+00:00,2024-08-05 00:00:00+00:00,2024-08-06 00:01:00+00:00,76.22,0.03989537137982609,2418.6,2024-08-06 08:35:00+00:00,2024-08-06 14:05:00+00:00,2024-08-06 14:06:00+00:00,stop,-1.0894395703842132,4.037301008358631,"simulated minute opens; intrabar exits only known within minute, not actual exchange fills"
771,1680.0,2419360.0,2419457.0,-1.0,0.594,2499.2000000000003,2531.93,2531.423177915171,2367.6019790279943,0.7422624000000001,0.7519832099999999,0.0,-19.44161999999974,-20.935865609999837,1047.1248462494334,1026.1889806394336,1.417715189661706,1.0,1026.1889806394336,0.0,0.0,2024-08-07 00:00:00+00:00,2024-08-06 00:00:00+00:00,2024-08-07 00:01:00+00:00,73.04,0.03823088330598921,2459.87,2024-08-07 02:40:00+00:00,2024-08-07 04:17:00+00:00,2024-08-07 04:18:00+00:00,stop,-1.0937954379541837,4.083955385109595,"simulated minute opens; intrabar exits only known within minute, not actual exchange fills"
772,1681.0,2420720.0,2420744.0,-1.0,0.717,2386.62,2412.83,2412.3378196356302,2250.0729218629485,0.8556032699999999,0.864999555,0.0,-18.792570000000026,-20.513172825000083,1026.1889806394336,1005.6758078144335,1.6675354854558289,1.0,987.9046811266433,0.0,0.0,2024-08-08 00:00:00+00:00,2024-08-07 00:00:00+00:00,2024-08-08 00:01:00+00:00,76.02,0.039790686595308045,2341.41,2024-08-08 01:20:00+00:00,2024-08-08 01:44:00+00:00,2024-08-08 01:45:00+00:00,stop,-1.1124475326968708,5.309434472737119,"simulated minute opens; intrabar exits only known within minute, not actual exchange fills"
773,1682.0,2422710.0,2422836.0,1.0,0.5750000000000001,2639.9500000000003,2607.64,2608.1665346270947,2782.713252904957,0.7589856250000001,0.7496965,0.0,-18.57825000000023,-20.086932125000317,1005.6758078144335,985.5888756894332,1.5094041620618313,1.0,985.5888756894332,0.0,0.0,2024-08-09 00:00:00+00:00,2024-08-08 00:00:00+00:00,2024-08-09 00:01:00+00:00,70.72,0.03701653980557991,2681.59,2024-08-09 10:30:00+00:00,2024-08-09 12:36:00+00:00,2024-08-09 12:37:00+00:00,stop,-1.099118506749757,4.491745982697593,"simulated minute opens; intrabar exits only known within minute, not actual exchange fills"
774,1684.0,2425175.0,2425442.0,-1.0,0.668,2656.9500000000003,2683.75,2683.2111907034823,2512.6952602405686,0.8874213000000001,0.8963725000000001,-0.01739303664,-17.90239999999982,-19.668800763359854,985.5888756894332,965.9200749260733,1.800794067159568,1.0,965.9200749260733,0.0,0.0,2024-08-11 00:00:00+00:00,2024-08-10 00:00:00+00:00,2024-08-11 00:01:00+00:00,71.68,0.03751902677126653,2608.76,2024-08-11 03:35:00+00:00,2024-08-11 08:02:00+00:00,2024-08-11 08:03:00+00:00,stop,-1.1212101100996794,5.49307689008574,"simulated minute opens; intrabar exits only known within minute, not actual exchange fills"
775,1686.0,2428040.0,2428084.0,1.0,0.466,2682.03,2643.3,2643.8292007558985,2827.7733609303095,0.62491299,0.6158889000000001,0.0,-18.04818000000001,-19.288981889999945,965.9200749260733,946.6310930360734,1.2939227710902017,1.0,946.6310930360734,0.0,0.0,2024-08-13 00:00:00+00:00,2024-08-12 00:00:00+00:00,2024-08-13 00:01:00+00:00,73.43,0.0384350186357994,2721.15,2024-08-13 03:20:00+00:00,2024-08-13 04:04:00+00:00,2024-08-13 04:05:00+00:00,stop,-1.0835549469921355,3.8151914047403683,"simulated minute opens; intrabar exits only known within minute, not actual exchange fills"
776,1687.0,2429930.0,2430029.0,-1.0,0.597,2750.14,2779.04,2778.475638931163,2601.071698919788,0.8209167899999998,0.8295434399999999,0.0,-17.253300000000053,-18.90376022999999,946.6310930360734,927.7273328060734,1.7343964212439347,1.0,927.7273328060734,0.0,0.0,2024-08-14 00:00:00+00:00,2024-08-13 00:00:00+00:00,2024-08-14 00:01:00+00:00,72.03,0.037702225144173096,2701.01,2024-08-14 10:50:00+00:00,2024-08-14 12:29:00+00:00,2024-08-14 12:30:00+00:00,stop,-1.1174828306121551,5.260806062723696,"simulated minute opens; intrabar exits only known within minute, not actual exchange fills"
777,1688.0,2431185.0,2431801.0,1.0,0.634,2614.73,2588.12,2588.638356907583,2757.782857448498,0.82886941,0.82043404,0.14003973184520002,-16.87074000000008,-18.660083181845266,927.7273328060734,909.0672496242281,1.7868815128965527,1.0,909.0672496242281,0.0,0.0,2024-08-15 00:00:00+00:00,2024-08-14 00:00:00+00:00,2024-08-15 00:01:00+00:00,69.1,0.036168593050983765,2659.82,2024-08-15 07:45:00+00:00,2024-08-15 18:01:00+00:00,2024-08-15 18:02:00+00:00,stop,-1.128035814132144,5.482707890101121,"simulated minute opens; intrabar exits only known within minute, not actual exchange fills"
778,1689.0,2432610.0,2433599.0,-1.0,0.662,2612.62,2591.52,2636.909723161296,2480.558000301109,0.8647772200000001,0.8577931200000001,-0.09363377375648917,13.96819999999994,12.3392634337564,909.0672496242281,921.4065130579845,1.9025593988947775,3.0,896.8650996316046,0.0,0.0,2024-08-16 00:00:00+00:00,2024-08-15 00:00:00+00:00,2024-08-16 00:01:00+00:00,66.73,0.03492807835444496,2568.73,2024-08-16 07:30:00+00:00,2024-08-16 23:59:00+00:00,2024-08-16 23:59:00+00:00,scheduled_23_59_exit,0.767376829372684,5.436949561834543,"simulated minute opens; intrabar exits only known within minute, not actual exchange fills"
779,1691.0,2435665.0,2435806.0,-1.0,0.6910000000000001,2656.94,2680.9,2680.360535454895,2526.2178913975117,0.9179727700000001,0.9262509500000001,0.0,-16.556360000000026,-18.400583719999986,921.4065130579845,903.0059293379845,1.9925467358666948,1.0,900.7812202879845,0.0,0.0,2024-08-18 00:00:00+00:00,2024-08-17 00:00:00+00:00,2024-08-18 00:01:00+00:00,64.66,0.03384459083468322,2613.18,2024-08-18 10:25:00+00:00,2024-08-18 12:46:00+00:00,2024-08-18 12:47:00+00:00,stop,-1.1369902302739427,5.581516650387574,"simulated minute opens; intrabar exits only known within minute, not actual exchange fills"
780,1692.0,2437325.0,2437919.0,1.0,0.522,2574.58,2634.04,2543.1188111490933,2703.537614281585,0.67196538,0.6874844400000001,-0.020632834743961805,31.03812000000002,29.699303014744032,903.0059293379845,932.7052323527286,1.488285642803329,3.0,898.0309162780646,0.0,0.0,2024-08-19 00:00:00+00:00,2024-08-18 00:00:00+00:00,2024-08-19 00:01:00+00:00,66.78,0.034954249550574475,2610.67,2024-08-19 14:05:00+00:00,2024-08-19 23:59:00+00:00,2024-08-19 23:59:00+00:00,scheduled_23_59_exit,1.8084255103316438,4.098942824211447,"simulated minute opens; intrabar exits only known within minute, not actual exchange fills"
781,1693.0,2438265.0,2439359.0,-1.0,0.6880000000000001,2678.76,2571.61,2702.6194836773025,2547.8034753568545,0.9214934400000002,0.8846338400000001,0.011902539120330298,73.71920000000007,71.90117018087983,932.7052323527286,1004.6064025336084,1.9759585516113234,3.0,927.8780827898488,0.0,0.0,2024-08-20 00:00:00+00:00,2024-08-19 00:00:00+00:00,2024-08-20 00:01:00+00:00,64.4,0.03370850061480977,2635.15,2024-08-20 05:45:00+00:00,2024-08-20 23:59:00+00:00,2024-08-20 23:59:00+00:00,scheduled_23_59_exit,4.3801247424817245,5.488657106512572,"simulated minute opens; intrabar exits only known within minute, not actual exchange fills"
782,1694.0,2440245.0,2440469.0,-1.0,0.631,2609.2400000000002,2638.41,2637.878142574368,2485.6093187657843,0.82321522,0.8324183549999999,-0.06792091427946392,-18.406269999999758,-19.993982660720235,1004.6064025336084,984.6124198728882,1.6388810939764242,1.0,984.5677482278879,0.0,0.0,2024-08-21 00:00:00+00:00,2024-08-20 00:00:00+00:00,2024-08-21 00:01:00+00:00,64.91,0.033975446815330775,2571.51,2024-08-21 14:45:00+00:00,2024-08-21 18:29:00+00:00,2024-08-21 18:30:00+00:00,stop,-1.1064329608667631,4.316993705620741,"simulated minute opens; intrabar exits only known within minute, not actual exchange fills"
783,1696.0,2442585.0,2442650.0,-1.0,0.754,2663.96,2687.4,2686.8535206149463,2537.9571363522814,1.00431292,1.0131498,0.0,-17.67376000000004,-19.69122272000004,984.6124198728882,964.9211971528881,2.0400167613763296,1.0,964.9211971528881,0.0,0.0,2024-08-23 00:00:00+00:00,2024-08-22 00:00:00+00:00,2024-08-23 00:01:00+00:00,62.24,0.03257790494201491,2622.0,2024-08-23 05:45:00+00:00,2024-08-23 06:50:00+00:00,2024-08-23 06:51:00+00:00,stop,-1.1407454728893969,5.503865734196265,"simulated minute opens; intrabar exits only known within minute, not actual exchange fills"
784,1697.0,2444685.0,2445119.0,-1.0,0.5650000000000001,2799.64,2767.2200000000003,2830.3525700289647,2672.4756076579156,0.7908983,0.7817396500000001,0.0,18.317299999999786,16.74466204999976,964.9211971528881,981.6658592028879,1.6393013280952624,3.0,955.836098852888,0.0,0.0,2024-08-24 00:00:00+00:00,2024-08-23 00:00:00+00:00,2024-08-24 00:01:00+00:00,62.66,0.03279774298950279,2761.58,2024-08-24 16:45:00+00:00,2024-08-24 23:59:00+00:00,2024-08-24 23:59:00+00:00,scheduled_23_59_exit,0.9649654839060854,4.140467314267624,"simulated minute opens; intrabar exits only known within minute, not actual exchange fills"
785,1699.0,2447680.0,2447756.0,1.0,0.721,2702.07,2677.57,2678.1101204086062,2835.5146626828955,0.974096235,0.9652639850000001,0.0,-17.6645,-19.60386022,981.6658592028879,962.0619989828879,1.9845780025210729,1.0,962.0619989828879,0.0,0.0,2024-08-26 00:00:00+00:00,2024-08-25 00:00:00+00:00,2024-08-26 00:01:00+00:00,62.35,0.03263548157349983,2744.47,2024-08-26 18:40:00+00:00,2024-08-26 19:56:00+00:00,2024-08-26 19:57:00+00:00,stop,-1.134806203690866,5.569504728680978,"simulated minute opens; intrabar exits only known within minute, not actual exchange fills"
786,1700.0,2448640.0,2448726.0,1.0,0.657,2641.93,2615.28,2615.8119787222186,2766.2336472584275,0.867874005,0.85911948,0.0,-17.50904999999976,-19.236043484999755,962.0619989828879,942.8259554978881,1.804195583896952,1.0,942.5938228650481,0.0,0.0,2024-08-27 00:00:00+00:00,2024-08-26 00:00:00+00:00,2024-08-27 00:01:00+00:00,61.04,0.031949796234906645,2679.25,2024-08-27 10:40:00+00:00,2024-08-27 12:06:00+00:00,2024-08-27 12:07:00+00:00,stop,-1.1210116068366582,4.759305689216714,"simulated minute opens; intrabar exits only known within minute, not actual exchange fills"
787,1701.0,2450280.0,2450291.0,-1.0,0.47600000000000003,2482.16,2519.26,2518.7533076344976,2374.7090932835245,0.5907540800000001,0.5995838800000002,0.0,-17.659600000000175,-18.849937960000148,942.8259554978881,923.976017537888,1.2531561664274171,1.0,921.8938965243279,0.0,0.0,2024-08-28 00:00:00+00:00,2024-08-27 00:00:00+00:00,2024-08-28 00:01:00+00:00,64.29,0.033650923983324844,2455.98,2024-08-28 14:00:00+00:00,2024-08-28 14:11:00+00:00,2024-08-28 14:12:00+00:00,stop,-1.0821844910971488,2.9363540401900683,"simulated minute opens; intrabar exits only known within minute, not actual exchange fills"
788,1702.0,2451595.0,2451813.0,-1.0,0.52,2557.87,2590.79,2590.268801248007,2445.7388967299894,0.6650462,0.6736054,0.0,-17.118400000000037,-18.4570516,923.976017537888,905.518965937888,1.4395313024945033,1.0,905.2513713378879,0.0,0.0,2024-08-29 00:00:00+00:00,2024-08-28 00:00:00+00:00,2024-08-29 00:01:00+00:00,62.68,0.032808211467954596,2527.31,2024-08-29 11:55:00+00:00,2024-08-29 15:33:00+00:00,2024-08-29 15:34:00+00:00,stop,-1.0955445458706037,3.460964571240348,"simulated minute opens; intrabar exits only known within minute, not actual exchange fills"
789,1703.0,2453210.0,2453218.0,1.0,0.6990000000000001,2487.61,2464.2000000000003,2464.702336314236,2610.783303907838,0.8694196950000002,0.8612379000000002,0.0,-16.3635899999999,-18.094247594999956,905.518965937888,887.424718342888,1.9202683272337688,1.0,887.424718342888,0.0,0.0,2024-08-30 00:00:00+00:00,2024-08-29 00:00:00+00:00,2024-08-30 00:01:00+00:00,62.86,0.03290242777402084,2526.28,2024-08-30 14:50:00+00:00,2024-08-30 14:58:00+00:00,2024-08-30 14:59:00+00:00,stop,-1.1300106966423995,5.376947452934037,"simulated minute opens; intrabar exits only known within minute, not actual exchange fills"
790,1705.0,2455575.0,2456030.0,1.0,0.751,2472.26,2451.1,2451.596729625457,2594.6421180462507,0.9283336300000001,0.92038805,0.09841245668639999,-15.891160000000232,-17.838294136686727,887.424718342888,869.5864242062013,2.0921969172404897,1.0,869.5864242062013,0.0,0.0,2024-09-01 00:00:00+00:00,2024-08-31 00:00:00+00:00,2024-09-01 00:01:00+00:00,61.91,0.03240517504756013,2511.91,2024-09-01 06:15:00+00:00,2024-09-01 13:50:00+00:00,2024-09-01 13:51:00+00:00,stop,-1.1495141599494088,5.922688704544258,"simulated minute opens; intrabar exits only known within minute, not actual exchange fills"
791,1706.0,2457195.0,2457226.0,-1.0,0.667,2464.75,2488.32,2487.818565814139,2342.68770555315,0.821994125,0.8298547200000002,0.0,-15.72119000000011,-17.37303884500011,869.5864242062013,852.2133853612012,1.8905403813090902,1.0,849.0020237361612,0.0,0.0,2024-09-02 00:00:00+00:00,2024-09-01 00:00:00+00:00,2024-09-02 00:01:00+00:00,65.62,0.03434707780036982,2424.55,2024-09-02 09:15:00+00:00,2024-09-02 09:46:00+00:00,2024-09-02 09:47:00+00:00,stop,-1.1290920818335262,5.29128232029212,"simulated minute opens; intrabar exits only known within minute, not actual exchange fills"
792,1707.0,2458610.0,2458907.0,1.0,0.549,2501.35,2472.82,2473.324224138595,2623.8308356573343,0.6866205750000001,0.6787890900000001,0.0,-15.662969999999861,-17.028379664999875,852.2133853612012,835.1850056962013,1.6113818130396615,1.0,834.8849361035512,0.0,0.0,2024-09-03 00:00:00+00:00,2024-09-02 00:00:00+00:00,2024-09-03 00:01:00+00:00,64.49,0.03375560876784288,2536.74,2024-09-03 08:50:00+00:00,2024-09-03 13:47:00+00:00,2024-09-03 13:48:00+00:00,stop,-1.1067342132966396,4.370292414491432,"simulated minute opens; intrabar exits only known within minute, not actual exchange fills"
793,1708.0,2459955.0,2460959.0,1.0,0.589,2387.07,2448.44,2361.5964509270275,2509.8980923700033,0.702992115,0.72106558,0.06863995219693851,36.146929999999934,34.65423235280298,835.1850056962013,869.8392380490043,1.6834404597912849,3.0,830.1076222909413,0.0,0.0,2024-09-04 00:00:00+00:00,2024-09-03 00:00:00+00:00,2024-09-04 00:01:00+00:00,66.49,0.03480245661302331,2424.05,2024-09-04 07:15:00+00:00,2024-09-04 23:59:00+00:00,2024-09-04 23:59:00+00:00,scheduled_23_59_exit,2.309678498668146,4.821789536202601,"simulated minute opens; intrabar exits only known within minute, not actual exchange fills"
794,1709.0,2461210.0,2461343.0,1.0,0.5690000000000001,2413.4,2385.27,2385.750788256667,2537.567443651216,0.6866123000000002,0.6786093150000001,0.0,-16.005970000000065,-17.371191615000043,869.8392380490043,852.4680464340042,1.5787108007222785,1.0,852.4680464340042,0.0,0.0,2024-09-05 00:00:00+00:00,2024-09-04 00:00:00+00:00,2024-09-05 00:01:00+00:00,67.35,0.03525260118645089,2449.67,2024-09-05 04:10:00+00:00,2024-09-05 06:23:00+00:00,2024-09-05 06:24:00+00:00,stop,-1.10416655937258,4.49081314881085,"simulated minute opens; intrabar exits only known within minute, not actual exchange fills"
795,1710.0,2462850.0,2463317.0,1.0,0.511,2336.09,2305.07,2305.5348848240847,2452.4042629670653,0.596870995,0.5889453850000002,0.05832725032080577,-15.85121999999999,-17.095363630320776,852.4680464340042,835.3726828036835,1.400336346908947,1.0,826.5207816320033,0.0,0.0,2024-09-06 00:00:00+00:00,2024-09-05 00:00:00+00:00,2024-09-06 00:01:00+00:00,67.42,0.03528924086103221,2367.37,2024-09-06 07:30:00+00:00,2024-09-06 15:17:00+00:00,2024-09-06 15:18:00+00:00,stop,-1.0948976351225626,3.8067034700215343,"simulated minute opens; intrabar exits only known within minute, not actual exchange fills"
796,1711.0,2464160.0,2464290.0,-1.0,0.511,2258.48,2288.86,2288.3924024100183,2140.279349487102,0.57704164,0.5848037300000001,0.0,-15.524180000000056,-16.68602537000004,835.3726828036835,818.6866574336834,1.3815190558142958,1.0,818.0910511636835,0.0,0.0,2024-09-07 00:00:00+00:00,2024-09-06 00:00:00+00:00,2024-09-07 00:01:00+00:00,73.05,0.03823611754521511,2223.7,2024-09-07 05:20:00+00:00,2024-09-07 07:30:00+00:00,2024-09-07 07:31:00+00:00,stop,-1.091643177047646,3.9515599212890336,"simulated minute opens; intrabar exits only known within minute, not actual exchange fills"
797,1712.0,2466635.0,2466719.0,-1.0,0.591,2312.2400000000002,2297.32,2337.1206400882743,2188.4581608109206,0.68326692,0.67885806,0.0,8.817720000000042,7.4555950200000325,818.6866574336834,826.1422524536835,1.669178100793336,3.0,817.0852013300835,0.0,0.0,2024-09-08 00:00:00+00:00,2024-09-07 00:00:00+00:00,2024-09-08 00:01:00+00:00,71.75,0.03755566644584784,2272.21,2024-09-08 22:35:00+00:00,2024-09-08 23:59:00+00:00,2024-09-08 23:59:00+00:00,scheduled_23_59_exit,0.5070295601416404,4.975026315637938,"simulated minute opens; intrabar exits only known within minute, not actual exchange fills"
798,1713.0,2467735.0,2467995.0,-1.0,0.542,2333.69,2361.82,2361.338059056939,2211.438956184937,0.6324299900000001,0.6400532200000001,0.0,-15.24646000000006,-16.51894321000009,826.1422524536835,809.6233092436834,1.5310438078228092,1.0,801.7308576595035,0.0,0.0,2024-09-09 00:00:00+00:00,2024-09-08 00:00:00+00:00,2024-09-09 00:01:00+00:00,71.6,0.037477152857459305,2295.89,2024-09-09 16:55:00+00:00,2024-09-09 21:15:00+00:00,2024-09-09 21:16:00+00:00,stop,-1.1023470015466041,4.421686294987164,"simulated minute opens; intrabar exits only known within minute, not actual exchange fills"
799,1715.0,2469700.0,2469858.0,1.0,0.545,2353.69,2326.33,2326.7997500886327,2471.217961243615,0.6413805250000001,0.6339249250000001,0.0,-14.91120000000007,-16.18650545000014,809.6233092436834,793.4368037936832,1.5843924394893008,1.0,793.4368037936832,0.0,0.0,2024-09-11 00:00:00+00:00,2024-09-10 00:00:00+00:00,2024-09-11 00:01:00+00:00,65.74,0.03440988867108065,2387.63,2024-09-11 01:40:00+00:00,2024-09-11 04:18:00+00:00,2024-09-11 04:19:00+00:00,stop,-1.1044899209897296,4.3706533643605825,"simulated minute opens; intrabar exits only known within minute, not actual exchange fills"
800,1716.0,2471175.0,2472479.0,-1.0,0.481,2367.26,2361.07,2397.370868041496,2263.8737034967976,0.56932603,0.5678373350000001,-0.04098088350590899,2.977390000000026,1.881207518505903,793.4368037936832,795.3180113121891,1.4350885345319613,3.0,787.4610377636834,0.0,0.0,2024-09-12 00:00:00+00:00,2024-09-11 00:00:00+00:00,2024-09-12 00:01:00+00:00,62.55,0.032740166358017866,2339.22,2024-09-12 02:15:00+00:00,2024-09-12 23:59:00+00:00,2024-09-12 23:59:00+00:00,scheduled_23_59_exit,0.12988779787478405,3.433520958636117,"simulated minute opens; intrabar exits only known within minute, not actual exchange fills"
801,1717.0,2473420.0,2473546.0,-1.0,0.47100000000000003,2388.79,2420.09,2419.600556836432,2284.593472906447,0.5625600450000001,0.5699311950000001,-0.05750781760154185,-14.742300000000087,-15.817283422398646,795.3180113121891,779.5007278897905,1.414679504294984,1.0,777.7768890847906,0.0,0.0,2024-09-13 00:00:00+00:00,2024-09-12 00:00:00+00:00,2024-09-13 00:01:00+00:00,62.68,0.032808211467954596,2360.79,2024-09-13 15:40:00+00:00,2024-09-13 17:46:00+00:00,2024-09-13 17:47:00+00:00,stop,-1.0899622133088183,3.3818449840654945,"simulated minute opens; intrabar exits only known within minute, not actual exchange fills"
802,1718.0,2475015.0,2475359.0,1.0,0.679,2399.9,2415.84,2379.83198351031,2518.13641053147,0.8147660500000001,0.8201776800000001,0.0,10.823260000000039,9.188316270000087,779.5007278897905,788.6890441597906,2.0904818195761723,3.0,775.0152415455703,0.0,0.0,2024-09-14 00:00:00+00:00,2024-09-13 00:00:00+00:00,2024-09-14 00:01:00+00:00,61.67,0.032279553306138485,2438.15,2024-09-14 18:15:00+00:00,2024-09-14 23:59:00+00:00,2024-09-14 23:59:00+00:00,scheduled_23_59_exit,0.6743132788909202,5.891783604633398,"simulated minute opens; intrabar exits only known within minute, not actual exchange fills"
803,1719.0,2476405.0,2476589.0,1.0,0.59,2382.88,2358.56,2359.040710759893,2495.6567422309695,0.7029496000000001,0.6957751999999999,0.0,-14.348800000000097,-15.747524800000065,788.6890441597906,772.9415193597905,1.7825773166378118,1.0,771.5901733474906,0.0,0.0,2024-09-15 00:00:00+00:00,2024-09-14 00:00:00+00:00,2024-09-15 00:01:00+00:00,61.46,0.03216963428239454,2416.65,2024-09-15 17:25:00+00:00,2024-09-15 20:29:00+00:00,2024-09-15 20:30:00+00:00,stop,-1.119610561001786,4.7307090867975425,"simulated minute opens; intrabar exits only known within minute, not actual exchange fills"
804,1720.0,2476880.0,2476974.0,1.0,0.47100000000000003,2287.32,2256.8,2257.255918298704,2393.934479124158,0.5386638600000001,0.5314764000000002,0.0,-14.374919999999992,-15.445060259999991,772.9415193597905,757.4964590997905,1.3938023679881058,1.0,757.4964590997905,0.0,0.0,2024-09-16 00:00:00+00:00,2024-09-15 00:00:00+00:00,2024-09-16 00:01:00+00:00,64.18,0.03359334735183992,2314.85,2024-09-16 01:20:00+00:00,2024-09-16 02:54:00+00:00,2024-09-16 02:55:00+00:00,stop,-1.0907387867624776,3.5462409989246586,"simulated minute opens; intrabar exits only known within minute, not actual exchange fills"
805,1721.0,2479430.0,2479434.0,-1.0,0.641,2330.56,2351.84,2351.365734911618,2221.0609552422993,0.74694448,0.75376472,0.0,-13.640480000000128,-15.141189200000099,757.4964590997905,742.3552698997904,1.9721398589444747,1.0,742.3552698997904,0.0,0.0,2024-09-17 00:00:00+00:00,2024-09-16 00:00:00+00:00,2024-09-17 00:01:00+00:00,62.24,0.03257790494201491,2294.61,2024-09-17 19:50:00+00:00,2024-09-17 19:54:00+00:00,2024-09-17 19:55:00+00:00,stop,-1.1353215880305216,5.2629260741256605,"simulated minute opens; intrabar exits only known within minute, not actual exchange fills"
806,1722.0,2480340.0,2481119.0,1.0,0.671,2304.26,2368.05,2284.9194409906027,2416.933019942497,0.7730792300000002,0.7944807750000001,0.035867009079155306,42.803089999999976,41.19966298592078,742.3552698997904,783.5549328857112,2.0827742762689816,3.0,730.2154506697904,0.0,0.0,2024-09-18 00:00:00+00:00,2024-09-17 00:00:00+00:00,2024-09-18 00:01:00+00:00,61.32,0.0320963549332319,2340.59,2024-09-18 11:00:00+00:00,2024-09-18 23:59:00+00:00,2024-09-18 23:59:00+00:00,scheduled_23_59_exit,3.1746958245360504,5.825737502610404,"simulated minute opens; intrabar exits only known within minute, not actual exchange fills"
807,1723.0,2481345.0,2481577.0,-1.0,0.5710000000000001,2406.37,2431.34,2430.8529661288762,2300.1007853347214,0.687018635,0.69414757,0.0,-14.257870000000146,-15.639036205000139,783.5549328857112,767.9158966807111,1.7535940523526972,1.0,767.9158966807111,0.0,0.0,2024-09-19 00:00:00+00:00,2024-09-18 00:00:00+00:00,2024-09-19 00:01:00+00:00,60.36,0.031593867967545305,2373.93,2024-09-19 03:45:00+00:00,2024-09-19 07:37:00+00:00,2024-09-19 07:38:00+00:00,stop,-1.1186902295999404,4.340536767721932,"simulated minute opens; intrabar exits only known within minute, not actual exchange fills"
808,1726.0,2486085.0,2486758.0,1.0,0.481,2577.81,2548.4700000000003,2548.9880554530264,2696.9994982076005,0.619963305,0.6129070350000001,0.123604688950743,-14.11253999999985,-15.469015028950707,767.9158966807111,752.4468816517603,1.6146645945988856,1.0,750.9863361570403,0.0,0.0,2024-09-22 00:00:00+00:00,2024-09-21 00:00:00+00:00,2024-09-22 00:01:00+00:00,61.62,0.03225338211000897,2611.4,2024-09-22 10:45:00+00:00,2024-09-22 21:58:00+00:00,2024-09-22 21:59:00+00:00,stop,-1.1158204247076,4.135373240113878,"simulated minute opens; intrabar exits only known within minute, not actual exchange fills"
809,1727.0,2487020.0,2487062.0,-1.0,0.456,2613.4900000000002,2643.83,2643.296577199791,2497.820482009579,0.5958757200000001,0.60279324,0.0,-13.835039999999859,-15.033708959999785,752.4468816517603,737.4131726917606,1.583834645422259,1.0,737.4131726917606,0.0,0.0,2024-09-23 00:00:00+00:00,2024-09-22 00:00:00+00:00,2024-09-23 00:01:00+00:00,61.8,0.03234759841607521,2579.94,2024-09-23 02:20:00+00:00,2024-09-23 03:02:00+00:00,2024-09-23 03:03:00+00:00,stop,-1.1060867465262303,3.880670941017446,"simulated minute opens; intrabar exits only known within minute, not actual exchange fills"
810,1728.0,2489210.0,2489759.0,1.0,0.527,2608.8,2651.05,2583.9537160455047,2730.6667865333434,0.6874188,0.698551675,0.0652252307651,22.26575,20.81455429423488,737.4131726917606,758.2277269859954,1.8644060764218047,3.0,734.7397863332303,0.0,0.0,2024-09-24 00:00:00+00:00,2024-09-23 00:00:00+00:00,2024-09-24 00:01:00+00:00,60.29,0.031557228292963986,2645.84,2024-09-24 14:50:00+00:00,2024-09-24 23:59:00+00:00,2024-09-24 23:59:00+00:00,scheduled_23_59_exit,1.589626361472613,4.904829501125209,"simulated minute opens; intrabar exits only known within minute, not actual exchange fills"
811,1729.0,2490590.0,2490797.0,1.0,0.55,2614.17,2589.25,2589.7764602294856,2737.2964909176367,0.7188967500000001,0.7120437500000001,0.05059164869,-13.70600000000004,-15.187532148690025,758.2277269859954,743.0401948373054,1.8962555032316253,1.0,743.0401948373054,0.0,0.0,2024-09-25 00:00:00+00:00,2024-09-24 00:00:00+00:00,2024-09-25 00:01:00+00:00,60.48,0.031656678838256125,2652.0,2024-09-25 13:50:00+00:00,2024-09-25 17:17:00+00:00,2024-09-25 17:18:00+00:00,stop,-1.1320085184675768,5.047504055416539,"simulated minute opens; intrabar exits only known within minute, not actual exchange fills"
812,1730.0,2491585.0,2491833.0,-1.0,0.523,2612.12,2637.86,2637.3293726495867,2503.002842700527,0.6830693800000001,0.6898003900000002,-0.11162816775944312,-13.462020000000123,-14.723261602240655,743.0401948373054,728.3169332350648,1.8385798904178086,1.0,728.3169332350648,0.0,0.0,2024-09-26 00:00:00+00:00,2024-09-25 00:00:00+00:00,2024-09-26 00:01:00+00:00,57.07,0.0298718032622235,2578.9,2024-09-26 06:25:00+00:00,2024-09-26 10:33:00+00:00,2024-09-26 10:34:00+00:00,stop,-1.1167097337977272,4.328436047029573,"simulated minute opens; intrabar exits only known within minute, not actual exchange fills"
813,1731.0,2493150.0,2493505.0,-1.0,0.588,2671.48,2693.53,2692.9836923055486,2550.817458925287,0.78541512,0.7918978200000001,0.0,-12.965400000000106,-14.542712940000115,728.3169332350648,713.7742202950647,2.1567948901347505,1.0,713.1883628435846,0.0,0.0,2024-09-27 00:00:00+00:00,2024-09-26 00:00:00+00:00,2024-09-27 00:01:00+00:00,59.21,0.030991930456566553,2631.11,2024-09-27 08:30:00+00:00,2024-09-27 14:25:00+00:00,2024-09-27 14:26:00+00:00,stop,-1.150151548328212,5.611247564381221,"simulated minute opens; intrabar exits only known within minute, not actual exchange fills"
814,1732.0,2494870.0,2495519.0,1.0,0.5690000000000001,2653.91,2673.29,2632.015697701883,2777.7912536813305,0.7550373950000001,0.7605510050000001,0.10875881303256459,11.027220000000064,9.402872786967464,713.7742202950647,723.1770930820321,2.1156196834564236,3.0,711.5281485741348,0.0,0.0,2024-09-28 00:00:00+00:00,2024-09-27 00:00:00+00:00,2024-09-28 00:01:00+00:00,58.85,0.03080349784443408,2693.53,2024-09-28 13:10:00+00:00,2024-09-28 23:59:00+00:00,2024-09-28 23:59:00+00:00,scheduled_23_59_exit,0.7547744388489247,5.65815032580347,"simulated minute opens; intrabar exits only known within minute, not actual exchange fills"
815,1734.0,2497075.0,2497574.0,1.0,0.481,2619.77,2592.31,2592.83531151617,2743.3425637150453,0.630054685,0.623450555,0.10932338273999997,-13.208260000000017,-14.571088622739921,723.1770930820321,708.6060044592922,1.7424630592621135,1.0,708.6060044592922,0.0,0.0,2024-09-30 00:00:00+00:00,2024-09-29 00:00:00+00:00,2024-09-30 00:01:00+00:00,61.6,0.032242913631557166,2656.3,2024-09-30 01:55:00+00:00,2024-09-30 10:14:00+00:00,2024-09-30 10:15:00+00:00,stop,-1.1246955225855337,4.587859398828045,"simulated minute opens; intrabar exits only known within minute, not actual exchange fills"
816,1735.0,2498685.0,2499304.0,-1.0,0.547,2643.27,2518.48,2665.940872904859,2517.972742415335,0.722934345,0.68880428,-0.14467001300000001,68.26012999999999,66.993061388,708.6060044592922,775.5990658472922,2.040440923307279,2.0,699.6526205016922,0.0,0.0,2024-10-01 00:00:00+00:00,2024-09-30 00:00:00+00:00,2024-10-01 00:01:00+00:00,62.34,0.03263024733427393,2601.49,2024-10-01 04:45:00+00:00,2024-10-01 15:04:00+00:00,2024-10-01 15:05:00+00:00,target,5.402244744345492,5.526794583979591,"simulated minute opens; intrabar exits only known within minute, not actual exchange fills"
817,1736.0,2500045.0,2501043.0,-1.0,0.5650000000000001,2485.03,2366.26,2509.468760285108,2365.782147751295,0.7020209750000002,0.6684684500000001,-0.2351226530634704,67.10504999999999,65.96968322806345,775.5990658472922,841.5687490753556,1.810267716692225,2.0,769.4730448722922,0.0,0.0,2024-10-02 00:00:00+00:00,2024-10-01 00:00:00+00:00,2024-10-02 00:01:00+00:00,64.37,0.03369279789713206,2446.85,2024-10-02 03:25:00+00:00,2024-10-02 20:03:00+00:00,2024-10-02 20:04:00+00:00,target,4.777676933136305,4.8794558667270245,"simulated minute opens; intrabar exits only known within minute, not actual exchange fills"
818,1737.0,2501830.0,2502719.0,1.0,0.677,2327.63,2347.98,2305.5923232384703,2441.7732250831905,0.7879027550000001,0.7947912300000001,0.07319056708180001,13.776949999999939,12.121065447918113,841.5687490753556,853.6898145232738,1.8724620082807988,3.0,828.3270723072554,0.0,0.0,2024-10-03 00:00:00+00:00,2024-10-02 00:00:00+00:00,2024-10-03 00:01:00+00:00,62.65,0.03279250875027689,2363.0,2024-10-03 09:10:00+00:00,2024-10-03 23:59:00+00:00,2024-10-03 23:59:00+00:00,scheduled_23_59_exit,0.8124306863350592,5.179458176029017,"simulated minute opens; intrabar exits only known within minute, not actual exchange fills"
819,1738.0,2503230.0,2503676.0,-1.0,0.7020000000000001,2387.64,2409.52,2409.0371049833107,2270.6849622707155,0.83806164,0.84574152,0.0,-15.359760000000078,-17.043563160000076,853.6898145232738,836.6462513632737,1.9633867611926448,1.0,836.6462513632737,0.0,0.0,2024-10-04 00:00:00+00:00,2024-10-03 00:00:00+00:00,2024-10-04 00:01:00+00:00,64.57,0.033797482681650094,2348.74,2024-10-04 08:30:00+00:00,2024-10-04 15:56:00+00:00,2024-10-04 15:57:00+00:00,stop,-1.1346665831165852,5.465928116000107,"simulated minute opens; intrabar exits only known within minute, not actual exchange fills"
820,1740.0,2506505.0,2507039.0,-1.0,0.524,2444.9900000000002,2439.57,2473.93979884641,2335.023635666404,0.64058738,0.6391673400000001,-0.042405863437200014,2.840080000000038,1.6027311434372677,836.6462513632737,838.248982506711,1.5313219391258721,3.0,832.411509846711,0.0,0.0,2024-10-06 00:00:00+00:00,2024-10-05 00:00:00+00:00,2024-10-06 00:01:00+00:00,63.09,0.03302281527621659,2413.42,2024-10-06 15:05:00+00:00,2024-10-06 23:59:00+00:00,2024-10-06 23:59:00+00:00,scheduled_23_59_exit,0.10565348783690867,3.7985191163852576,"simulated minute opens; intrabar exits only known within minute, not actual exchange fills"
821,1741.0,2507505.0,2507899.0,-1.0,0.622,2477.35,2501.78,2501.270351418322,2357.8587734200255,0.7704558499999999,0.77805358,-0.1427848675056,-15.195460000000182,-16.601184562494495,838.248982506711,821.6477979442164,1.8382506059142918,1.0,821.6477979442164,0.0,0.0,2024-10-07 00:00:00+00:00,2024-10-06 00:00:00+00:00,2024-10-07 00:01:00+00:00,64.46,0.03373990605016518,2438.77,2024-10-07 07:45:00+00:00,2024-10-07 14:19:00+00:00,2024-10-07 14:20:00+00:00,stop,-1.1157865897721042,4.995379227098126,"simulated minute opens; intrabar exits only known within minute, not actual exchange fills"
822,1744.0,2512330.0,2512799.0,-1.0,0.584,2402.82,2384.9900000000002,2428.0199253478645,2293.8874262417226,0.70162344,0.69641708,0.0,10.412719999999958,9.014679479999927,821.6477979442164,830.6624774242164,1.7078447523512619,3.0,815.0244145042165,0.0,0.0,2024-10-10 00:00:00+00:00,2024-10-09 00:00:00+00:00,2024-10-10 00:01:00+00:00,62.04,0.03247322015749686,2369.6,2024-10-10 16:10:00+00:00,2024-10-10 23:59:00+00:00,2024-10-10 23:59:00+00:00,scheduled_23_59_exit,0.6125452669766764,4.3227339864921275,"simulated minute opens; intrabar exits only known within minute, not actual exchange fills"
823,1745.0,2513560.0,2513710.0,-1.0,0.597,2418.5,2443.87,2443.3739871628386,2309.873878050639,0.72192225,0.7294951949999999,0.0,-15.145889999999934,-16.597307444999956,830.6624774242164,814.0651699792164,1.7381843278598386,1.0,813.8514051742164,0.0,0.0,2024-10-11 00:00:00+00:00,2024-10-10 00:00:00+00:00,2024-10-11 00:01:00+00:00,61.34,0.032106823411683715,2385.24,2024-10-11 12:40:00+00:00,2024-10-11 15:10:00+00:00,2024-10-11 15:11:00+00:00,stop,-1.1176810865905134,4.367057088123241,"simulated minute opens; intrabar exits only known within minute, not actual exchange fills"
824,1746.0,2515160.0,2515679.0,-1.0,0.66,2477.4900000000002,2475.7000000000003,2499.1563694654924,2359.8183653357055,0.8175717000000001,0.8169810000000002,-0.1199067034199265,1.181399999999976,-0.33324599658010357,814.0651699792164,813.7319239826363,2.008614863158617,3.0,805.6983049826364,0.0,0.0,2024-10-12 00:00:00+00:00,2024-10-11 00:00:00+00:00,2024-10-12 00:01:00+00:00,62.63,0.03278204027182509,2438.46,2024-10-12 15:20:00+00:00,2024-10-12 23:59:00+00:00,2024-10-12 23:59:00+00:00,scheduled_23_59_exit,-0.023304235508431605,5.431073020872711,"simulated minute opens; intrabar exits only known within minute, not actual exchange fills"
825,1749.0,2519280.0,2519441.0,1.0,0.606,2586.34,2562.08,2562.5974047472446,2719.931309526982,0.78366102,0.7763102399999999,0.0,-14.701560000000132,-16.261531260000083,813.7319239826363,797.4703927226362,1.9260913745758905,1.0,797.4703927226362,0.0,0.0,2024-10-15 00:00:00+00:00,2024-10-14 00:00:00+00:00,2024-10-15 00:01:00+00:00,65.05,0.0340487261644934,2628.88,2024-10-15 12:00:00+00:00,2024-10-15 14:41:00+00:00,2024-10-15 14:42:00+00:00,stop,-1.1302138504376755,5.6266515140747915,"simulated minute opens; intrabar exits only known within minute, not actual exchange fills"
826,1752.0,2523000.0,2523996.0,-1.0,0.562,2642.9,2668.6,2668.0603640209824,2523.2544799549396,0.7426549000000001,0.7498766000000001,-0.29762732539369,-14.4433999999999,-15.638304174606333,797.4703927226362,781.8320885480299,1.862526575976091,1.0,781.8320885480299,0.0,0.0,2024-10-18 00:00:00+00:00,2024-10-17 00:00:00+00:00,2024-10-18 00:01:00+00:00,60.92,0.03188698536419582,2605.01,2024-10-18 02:00:00+00:00,2024-10-18 18:36:00+00:00,2024-10-18 18:37:00+00:00,stop,-1.1059523617603293,4.755317528207573,"simulated minute opens; intrabar exits only known within minute, not actual exchange fills"
827,1754.0,2526685.0,2526995.0,-1.0,0.59,2689.29,2713.08,2712.5283365391615,2563.1011414111645,0.7933405499999999,0.8003585999999999,-0.15964838784861,-14.036099999999978,-15.470150762151434,781.8320885480299,766.3619377858785,2.0294397265616015,1.0,766.3619377858785,0.0,0.0,2024-10-20 00:00:00+00:00,2024-10-19 00:00:00+00:00,2024-10-20 00:01:00+00:00,61.86,0.032379003851430624,2647.45,2024-10-20 15:25:00+00:00,2024-10-20 20:35:00+00:00,2024-10-20 20:36:00+00:00,stop,-1.1283335391900275,5.430201872504103,"simulated minute opens; intrabar exits only known within minute, not actual exchange fills"
828,1756.0,2528680.0,2530079.0,1.0,0.536,2627.1,2620.58,2601.661967607313,2755.7846954202405,0.7040628000000001,0.70231544,0.28250326341832804,-3.4947199999999903,-5.183601503418345,766.3619377858785,761.1783362824601,1.8374158874177156,3.0,754.2969114034856,0.0,0.0,2024-10-22 00:00:00+00:00,2024-10-21 00:00:00+00:00,2024-10-22 00:01:00+00:00,62.83,0.03288672505634313,2666.63,2024-10-22 00:40:00+00:00,2024-10-22 23:59:00+00:00,2024-10-22 23:59:00+00:00,scheduled_23_59_exit,-0.3801747783784258,5.05875192836199,"simulated minute opens; intrabar exits only known within minute, not actual exchange fills"
829,1757.0,2530670.0,2530830.0,1.0,0.5720000000000001,2581.68,2557.67,2558.1858415632696,2709.038142069074,0.7383604800000001,0.7314936200000001,0.0,-13.733719999999867,-15.203574099999855,761.1783362824601,745.9747621824603,1.9400459650654251,1.0,745.9747621824603,0.0,0.0,2024-10-23 00:00:00+00:00,2024-10-22 00:00:00+00:00,2024-10-23 00:01:00+00:00,62.55,0.032740166358017866,2621.78,2024-10-23 09:50:00+00:00,2024-10-23 12:30:00+00:00,2024-10-23 12:31:00+00:00,stop,-1.1313312231029176,5.42084290493102,"simulated minute opens; intrabar exits only known within minute, not actual exchange fills"
830,1759.0,2533240.0,2533394.0,1.0,0.509,2500.81,2474.02,2474.5226673845314,2618.881746037368,0.636456145,0.62963809,0.0,-13.63610999999998,-14.902204235,745.9747621824603,731.0725579474603,1.706374470733977,1.0,731.0725579474603,0.0,0.0,2024-10-25 00:00:00+00:00,2024-10-24 00:00:00+00:00,2024-10-25 00:01:00+00:00,61.9,0.03239994080833423,2535.39,2024-10-25 04:40:00+00:00,2024-10-25 07:14:00+00:00,2024-10-25 07:15:00+00:00,stop,-1.113746131198261,4.4915833707635135,"simulated minute opens; intrabar exits only known within minute, not actual exchange fills"
831,1760.0,2535485.0,2535620.0,-1.0,0.507,2477.87,2504.18,2503.6760544132235,2357.8360882628,0.628140045,0.63480963,0.0,-13.339169999999973,-14.602119674999926,731.0725579474603,716.4704382724603,1.718406848052262,1.0,716.4523583279803,0.0,0.0,2024-10-26 00:00:00+00:00,2024-10-25 00:00:00+00:00,2024-10-26 00:01:00+00:00,65.52,0.0342947354081108,2440.1,2024-10-26 18:05:00+00:00,2024-10-26 20:20:00+00:00,2024-10-26 20:21:00+00:00,stop,-1.1160568965258622,4.6513856715613215,"simulated minute opens; intrabar exits only known within minute, not actual exchange fills"
832,1761.0,2537180.0,2537279.0,-1.0,0.527,2521.0,2507.41,2545.1196718029537,2400.3590043591826,0.6642835,0.660702535,0.0,7.161930000000077,5.836943965000046,716.4704382724603,722.3073822374604,1.854322145102616,3.0,713.8165501128902,0.0,0.0,2024-10-27 00:00:00+00:00,2024-10-26 00:00:00+00:00,2024-10-27 00:01:00+00:00,63.93,0.033462491371192365,2482.04,2024-10-27 22:20:00+00:00,2024-10-27 23:59:00+00:00,2024-10-27 23:59:00+00:00,scheduled_23_59_exit,0.45920172921439784,5.001767711700114,"simulated minute opens; intrabar exits only known within minute, not actual exchange fills"
833,1762.0,2538585.0,2538607.0,-1.0,0.375,2536.06,2571.98,2571.4644807312684,2424.0504914664643,0.47551125000000005,0.48224625000000004,0.0,-13.470000000000027,-14.427757499999984,722.3073822374604,707.8796247374604,1.3166451338958474,1.0,703.9138681462105,0.0,0.0,2024-10-28 00:00:00+00:00,2024-10-27 00:00:00+00:00,2024-10-28 00:01:00+00:00,64.45,0.03373467181093928,2507.22,2024-10-28 21:45:00+00:00,2024-10-28 22:07:00+00:00,2024-10-28 22:08:00+00:00,stop,-1.0866991749442765,3.163709966083793,"simulated minute opens; intrabar exits only known within minute, not actual exchange fills"
834,1763.0,2538860.0,2538871.0,-1.0,0.518,2606.37,2631.06,2630.5280935221654,2483.524331535529,0.6750498300000001,0.68144454,0.0,-12.789420000000028,-14.145914370000014,707.8796247374604,693.7337103674604,1.9072446964421774,1.0,693.7337103674604,0.0,0.0,2024-10-29 00:00:00+00:00,2024-10-28 00:00:00+00:00,2024-10-29 00:01:00+00:00,62.78,0.032860553860213616,2566.49,2024-10-29 02:20:00+00:00,2024-10-29 02:31:00+00:00,2024-10-29 02:32:00+00:00,stop,-1.1304168093787617,5.085072973649914,"simulated minute opens; intrabar exits only known within minute, not actual exchange fills"
835,1764.0,2540540.0,2541000.0,-1.0,0.449,2678.25,2706.4500000000003,2705.899033591418,2552.9989669155507,0.601267125,0.6075980250000002,-0.119857407,-12.661800000000122,-13.75080774300011,693.7337103674604,679.9829026244603,1.7334234044400632,1.0,679.9829026244603,0.0,0.0,2024-10-30 00:00:00+00:00,2024-10-29 00:00:00+00:00,2024-10-30 00:01:00+00:00,63.5,0.033237419084478574,2639.28,2024-10-30 06:20:00+00:00,2024-10-30 14:00:00+00:00,2024-10-30 14:01:00+00:00,stop,-1.1076483703758055,4.530032945647882,"simulated minute opens; intrabar exits only known within minute, not actual exchange fills"
836,1765.0,2542420.0,2542441.0,1.0,0.484,2619.06,2593.6,2594.1209681991772,2748.9046518734094,0.63381252,0.6276512,0.0,-12.322640000000018,-13.58410372000003,679.9829026244603,666.3987989044603,1.86420134257417,1.0,665.3027574401402,0.0,0.0,2024-10-31 00:00:00+00:00,2024-10-30 00:00:00+00:00,2024-10-31 00:01:00+00:00,63.27,0.033117031582282824,2659.36,2024-10-31 13:40:00+00:00,2024-10-31 14:01:00+00:00,2024-10-31 14:02:00+00:00,stop,-1.1253977389400576,5.206483271300295,"simulated minute opens; intrabar exits only known within minute, not actual exchange fills"
837,1766.0,2543175.0,2544479.0,1.0,0.447,2484.16,2512.7400000000002,2457.332397909832,2602.1183466374655,0.55520976,0.5615973900000001,0.223689675984267,12.775260000000172,11.43476317401587,666.3987989044603,677.8335620784761,1.6662988015967264,3.0,665.148945672706,0.0,0.0,2024-11-01 00:00:00+00:00,2024-10-31 00:00:00+00:00,2024-11-01 00:01:00+00:00,62.5,0.03271399516188836,2518.37,2024-11-01 02:15:00+00:00,2024-11-01 23:59:00+00:00,2024-11-01 23:59:00+00:00,scheduled_23_59_exit,0.9535375387990578,4.396902348596251,"simulated minute opens; intrabar exits only known within minute, not actual exchange fills"
838,1768.0,2546175.0,2546754.0,1.0,0.548,2453.4,2431.15,2431.644687767653,2578.693649161956,0.6722316,0.6661351000000001,0.13424403974057203,-12.193000000000001,-13.6656107397406,677.8335620784761,664.1679513387355,1.9834709805123887,1.0,664.1679513387355,0.0,0.0,2024-11-03 00:00:00+00:00,2024-11-02 00:00:00+00:00,2024-11-03 00:01:00+00:00,64.1,0.0335514734380327,2493.61,2024-11-03 04:15:00+00:00,2024-11-03 13:54:00+00:00,2024-11-03 13:55:00+00:00,stop,-1.1462600770381473,5.759220912291117,"simulated minute opens; intrabar exits only known within minute, not actual exchange fills"
839,1769.0,2548405.0,2548644.0,1.0,0.428,2421.4700000000003,2392.85,2393.3316770523074,2545.2343691752612,0.5181945800000001,0.5120699,0.0,-12.249360000000147,-13.279624480000166,664.1679513387355,650.8883268587354,1.5604323543630703,1.0,648.7676974239754,0.0,0.0,2024-11-04 00:00:00+00:00,2024-11-03 00:00:00+00:00,2024-11-04 00:01:00+00:00,67.18,0.035163619119610565,2457.29,2024-11-04 17:25:00+00:00,2024-11-04 21:24:00+00:00,2024-11-04 21:25:00+00:00,stop,-1.1026655731287796,4.398427347832007,"simulated minute opens; intrabar exits only known within minute, not actual exchange fills"
840,1770.0,2549295.0,2549664.0,-1.0,0.462,2436.83,2462.53,2462.0354083881903,2313.783726157676,0.56290773,0.5688444300000001,0.0,-11.873400000000126,-13.00515216000008,650.8883268587354,637.8831746987353,1.7296599332689213,1.0,637.8831746987353,0.0,0.0,2024-11-05 00:00:00+00:00,2024-11-04 00:00:00+00:00,2024-11-05 00:01:00+00:00,67.8,0.03548814195161649,2397.37,2024-11-05 08:15:00+00:00,2024-11-05 14:24:00+00:00,2024-11-05 14:25:00+00:00,stop,-1.1168111052384033,4.88174093223483,"simulated minute opens; intrabar exits only known within minute, not actual exchange fills"
841,1771.0,2550280.0,2550289.0,-1.0,0.437,2460.44,2487.12,2486.616977856195,2337.14199647071,0.53760614,0.54343572,0.0,-11.659159999999929,-12.740201859999956,637.8831746987353,625.1429728387353,1.6855943574743293,1.0,623.2154555417253,0.0,0.0,2024-11-06 00:00:00+00:00,2024-11-05 00:00:00+00:00,2024-11-06 00:01:00+00:00,67.68,0.03542533108090567,2421.42,2024-11-06 00:40:00+00:00,2024-11-06 00:49:00+00:00,2024-11-06 00:50:00+00:00,stop,-1.113718327614381,4.7101695316639285,"simulated minute opens; intrabar exits only known within minute, not actual exchange fills"
842,1773.0,2553140.0,2554250.0,-1.0,0.41400000000000003,2941.15,2968.37,2967.7692439534894,2802.4582076394045,0.6088180500000001,0.61445259,-0.24220025604973802,-11.269079999999919,-12.2501503839502,625.1429728387353,612.8928224547851,1.9477721943682587,1.0,612.8928224547851,0.0,0.0,2024-11-08 00:00:00+00:00,2024-11-07 00:00:00+00:00,2024-11-08 00:01:00+00:00,62.57,0.03275063483646967,2895.76,2024-11-08 00:20:00+00:00,2024-11-08 18:50:00+00:00,2024-11-08 18:51:00+00:00,stop,-1.1115918723549671,5.210207795643102,"simulated minute opens; intrabar exits only known within minute, not actual exchange fills"
843,1774.0,2555595.0,2555637.0,-1.0,0.357,3002.2000000000003,3033.4500000000003,3032.8372317381472,2870.3886836475203,0.5358927,0.541470825,0.0,-11.15625,-12.23361352500001,612.8928224547851,600.6592089297851,1.7487321775236953,1.0,600.3735134608453,0.0,0.0,2024-11-09 00:00:00+00:00,2024-11-08 00:00:00+00:00,2024-11-09 00:01:00+00:00,60.1,0.03145777774767185,2962.12,2024-11-09 17:15:00+00:00,2024-11-09 17:57:00+00:00,2024-11-09 17:58:00+00:00,stop,-1.118502653662816,4.302324618590109,"simulated minute opens; intrabar exits only known within minute, not actual exchange fills"
844,1775.0,2556365.0,2556439.0,-1.0,0.313,3170.37,3205.44,3204.790265394881,3026.276655881236,0.496162905,0.50165136,0.0,-10.976910000000052,-11.974724265000077,600.6592089297851,588.684484664785,1.6520612607739096,1.0,588.684484664785,0.0,0.0,2024-11-10 00:00:00+00:00,2024-11-09 00:00:00+00:00,2024-11-10 00:01:00+00:00,62.57,0.03275063483646967,3127.03,2024-11-10 06:05:00+00:00,2024-11-10 07:19:00+00:00,2024-11-10 07:20:00+00:00,stop,-1.1114936088113374,4.186293814579179,"simulated minute opens; intrabar exits only known within minute, not actual exchange fills"
845,1776.0,2557800.0,2558423.0,1.0,0.37,3132.7200000000003,3295.12,3104.686010320884,3295.785120398182,0.5795532000000001,0.6095972,0.4259742624357551,60.087999999999866,58.47287533756412,588.684484664785,647.1573600023492,1.9689773217991822,2.0,583.283831464785,0.0,0.0,2024-11-11 00:00:00+00:00,2024-11-10 00:00:00+00:00,2024-11-11 00:01:00+00:00,65.21,0.03413247399210783,3185.19,2024-11-11 06:00:00+00:00,2024-11-11 16:23:00+00:00,2024-11-11 16:24:00+00:00,target,5.637256773600114,5.816693316387176,"simulated minute opens; intrabar exits only known within minute, not actual exchange fills"
846,1777.0,2558930.0,2559055.0,1.0,0.293,3325.9900000000002,3285.21,3285.8719229460316,3497.657740655889,0.487257535,0.48128326499999996,0.0,-11.948540000000058,-12.917080800000122,647.1573600023492,634.240279202349,1.5058394298358324,1.0,634.240279202349,0.0,0.0,2024-11-12 00:00:00+00:00,2024-11-11 00:00:00+00:00,2024-11-12 00:01:00+00:00,68.19,0.035692277281426675,3375.02,2024-11-12 00:50:00+00:00,2024-11-12 02:55:00+00:00,2024-11-12 02:56:00+00:00,stop,-1.0988961395306795,4.279062040410208,"simulated minute opens; intrabar exits only known within minute, not actual exchange fills"
847,1778.0,2560620.0,2560631.0,1.0,0.4,3193.04,3164.57,3165.206731430925,3356.893152543479,0.6386080000000001,0.6329140000000001,0.0,-11.38799999999992,-12.659521999999924,634.240279202349,621.5807572023491,2.013773079196875,1.0,621.5807572023491,0.0,0.0,2024-11-13 00:00:00+00:00,2024-11-12 00:00:00+00:00,2024-11-13 00:01:00+00:00,64.19,0.033598581591065824,3245.98,2024-11-13 05:00:00+00:00,2024-11-13 05:11:00+00:00,2024-11-13 05:12:00+00:00,stop,-1.1370854602094567,5.8869533104543255,"simulated minute opens; intrabar exits only known within minute, not actual exchange fills"
848,1779.0,2562060.0,2562681.0,-1.0,0.364,3237.6,3087.31,3267.775435503052,3086.686312781766,0.5892432,0.56189042,-0.11719084109933202,54.705559999999984,53.67161722109927,621.5807572023491,675.2523744234484,1.8959505846098066,2.0,619.828457060029,0.0,0.0,2024-11-14 00:00:00+00:00,2024-11-13 00:00:00+00:00,2024-11-14 00:01:00+00:00,62.24,0.03257790494201491,3188.9,2024-11-14 05:00:00+00:00,2024-11-14 15:21:00+00:00,2024-11-14 15:22:00+00:00,target,4.886408278854802,5.001209914699319,"simulated minute opens; intrabar exits only known within minute, not actual exchange fills"
849,1780.0,2563770.0,2564639.0,-1.0,0.363,3104.77,3092.11,3138.1713829170094,2961.116472699515,0.5635157550000001,0.5612179650000001,-0.10980750000000002,4.595579999999947,3.5806537799999205,675.2523744234484,678.8330282034483,1.6690522724370942,3.0,664.5502686684484,0.0,0.0,2024-11-15 00:00:00+00:00,2024-11-14 00:00:00+00:00,2024-11-15 00:01:00+00:00,63.4,0.03318507669221955,3061.03,2024-11-15 09:30:00+00:00,2024-11-15 23:59:00+00:00,2024-11-15 23:59:00+00:00,scheduled_23_59_exit,0.29531891013340583,4.300825736988592,"simulated minute opens; intrabar exits only known within minute, not actual exchange fills"
850,1781.0,2564900.0,2565337.0,-1.0,0.433,3141.94,3170.11,3169.466478107584,2991.0842430830444,0.68023001,0.6863288150000001,-0.134601947,-12.197610000000031,-13.42956687800006,678.8330282034483,665.4034613254482,2.004115833315444,1.0,665.4034613254482,0.0,0.0,2024-11-16 00:00:00+00:00,2024-11-15 00:00:00+00:00,2024-11-16 00:01:00+00:00,63.24,0.03310132886460512,3091.75,2024-11-16 04:20:00+00:00,2024-11-16 11:37:00+00:00,2024-11-16 11:38:00+00:00,stop,-1.1267393481571135,5.480387150414022,"simulated minute opens; intrabar exits only known within minute, not actual exchange fills"
851,1782.0,2566200.0,2566206.0,1.0,0.382,3087.05,3055.31,3055.9234590449346,3242.9515822298868,0.5896265500000001,0.58356421,0.0,-12.12468000000009,-13.297870760000137,665.4034613254482,652.1055905654481,1.7722377001931893,1.0,652.1055905654481,0.0,0.0,2024-11-17 00:00:00+00:00,2024-11-16 00:00:00+00:00,2024-11-17 00:01:00+00:00,64.85,0.03394404137997536,3134.72,2024-11-17 02:00:00+00:00,2024-11-17 02:06:00+00:00,2024-11-17 02:07:00+00:00,stop,-1.118376116711906,5.008638205412762,"simulated minute opens; intrabar exits only known within minute, not actual exchange fills"
852,1783.0,2568005.0,2568474.0,-1.0,0.393,3128.36,3158.38,3157.7432037240133,2975.002400455675,0.61472274,0.62062167,0.0,-11.797859999999993,-13.033204410000053,652.1055905654481,639.072386155448,1.8853472471136676,1.0,639.072386155448,0.0,0.0,2024-11-18 00:00:00+00:00,2024-11-17 00:00:00+00:00,2024-11-18 00:01:00+00:00,65.08,0.03406442888217111,3078.09,2024-11-18 08:05:00+00:00,2024-11-18 15:54:00+00:00,2024-11-18 15:55:00+00:00,stop,-1.1286505825400415,5.219226636576572,"simulated minute opens; intrabar exits only known within minute, not actual exchange fills"
853,1784.0,2569040.0,2569252.0,1.0,0.34800000000000003,3160.28,3126.77,3127.3964266463117,3324.7016556669914,0.54988872,0.54405798,0.0,-11.661480000000077,-12.755426700000044,639.072386155448,626.316959455448,1.720896511608139,1.0,626.248537435448,0.0,0.0,2024-11-19 00:00:00+00:00,2024-11-18 00:00:00+00:00,2024-11-19 00:01:00+00:00,66.79,0.03495948378980038,3210.48,2024-11-19 01:20:00+00:00,2024-11-19 04:52:00+00:00,2024-11-19 04:53:00+00:00,stop,-1.1146454372754107,5.000115221618653,"simulated minute opens; intrabar exits only known within minute, not actual exchange fills"
854,1785.0,2571485.0,2571562.0,1.0,0.28,3072.52,3030.92,3031.526532284887,3216.2070596461817,0.4301528,0.42432880000000006,0.0,-11.647999999999975,-12.502481599999896,626.316959455448,613.8144778554481,1.3735946105435077,1.0,613.8144778554481,0.0,0.0,2024-11-20 00:00:00+00:00,2024-11-19 00:00:00+00:00,2024-11-20 00:01:00+00:00,64.56,0.033792248442424205,3109.34,2024-11-20 18:05:00+00:00,2024-11-20 19:22:00+00:00,2024-11-20 19:23:00+00:00,stop,-1.0892398835421708,3.505120880349632,"simulated minute opens; intrabar exits only known within minute, not actual exchange fills"
855,1786.0,2572180.0,2572322.0,-1.0,0.327,3116.87,3151.1800000000003,3150.545762252899,2968.16710310976,0.509608245,0.51521793,-0.10264628100000003,-11.219370000000131,-12.141549894000036,613.8144778554481,601.6729279614481,1.6604634246506371,1.0,601.6729279614481,0.0,0.0,2024-11-21 00:00:00+00:00,2024-11-20 00:00:00+00:00,2024-11-21 00:01:00+00:00,65.1,0.034074897360622906,3071.05,2024-11-21 05:40:00+00:00,2024-11-21 08:02:00+00:00,2024-11-21 08:03:00+00:00,stop,-1.1025770321443515,4.415724751039275,"simulated minute opens; intrabar exits only known within minute, not actual exchange fills"
856,1787.0,2573555.0,2574719.0,-1.0,0.269,3414.31,3330.17,3454.875946015814,3233.988023200453,0.459224695,0.447907865,-0.46172311747017103,22.633659999999967,22.18825055747004,601.6729279614481,623.8611785189181,1.526492795864748,3.0,599.196203266448,0.0,0.0,2024-11-22 00:00:00+00:00,2024-11-21 00:00:00+00:00,2024-11-22 00:01:00+00:00,72.13,0.03775456753643212,3358.42,2024-11-22 04:35:00+00:00,2024-11-22 23:59:00+00:00,2024-11-22 23:59:00+00:00,scheduled_23_59_exit,2.0333361086591837,4.445156455349303,"simulated minute opens; intrabar exits only known within minute, not actual exchange fills"
857,1788.0,2575235.0,2575487.0,-1.0,0.291,3384.77,3424.1800000000003,3423.486352392351,3209.422988398765,0.492484035,0.49821819,0.0,-11.46831000000009,-12.459012225000038,623.8611785189181,611.4021662939181,1.5788257130189927,1.0,611.4021662939181,0.0,0.0,2024-11-23 00:00:00+00:00,2024-11-22 00:00:00+00:00,2024-11-23 00:01:00+00:00,70.49,0.036896152303384167,3330.05,2024-11-23 08:35:00+00:00,2024-11-23 12:47:00+00:00,2024-11-23 12:48:00+00:00,stop,-1.105849914943404,4.529016830518304,"simulated minute opens; intrabar exits only known within minute, not actual exchange fills"
858,1789.0,2576950.0,2577014.0,1.0,0.306,3329.32,3292.7200000000003,3293.379313374771,3538.6210120798914,0.50938596,0.5037861600000001,0.0,-11.199599999999972,-12.212772119999954,611.4021662939181,599.1893941739181,1.6662877172572004,1.0,599.1893941739181,0.0,0.0,2024-11-24 00:00:00+00:00,2024-11-23 00:00:00+00:00,2024-11-24 00:01:00+00:00,78.41,0.04104166977029866,3396.33,2024-11-24 13:10:00+00:00,2024-11-24 14:14:00+00:00,2024-11-24 14:15:00+00:00,stop,-1.110469046297615,5.823511783800147,"simulated minute opens; intrabar exits only known within minute, not actual exchange fills"
859,1790.0,2578500.0,2578530.0,-1.0,0.201,3409.92,3465.96,3465.2620968177052,3231.2846153474898,0.34269696000000005,0.34832898,0.0,-11.264039999999993,-11.955065940000054,599.1893941739181,587.2343282339181,1.1438685775553974,1.0,586.4687411007081,0.0,0.0,2024-11-25 00:00:00+00:00,2024-11-24 00:00:00+00:00,2024-11-25 00:01:00+00:00,76.32,0.03994771377208511,3362.98,2024-11-25 15:00:00+00:00,2024-11-25 15:30:00+00:00,2024-11-25 15:31:00+00:00,stop,-1.0747323180745827,3.227839112076449,"simulated minute opens; intrabar exits only known within minute, not actual exchange fills"
860,1791.0,2579635.0,2579692.0,1.0,0.266,3357.88,3317.21,3317.8747573235773,3553.5948148419934,0.44659804000000003,0.44118893000000003,0.0,-10.81822000000002,-11.70600697000009,587.2343282339181,575.528321263918,1.5210215701903,1.0,575.528321263918,0.0,0.0,2024-11-26 00:00:00+00:00,2024-11-25 00:00:00+00:00,2024-11-26 00:01:00+00:00,74.93,0.03922015451968472,3416.92,2024-11-26 09:55:00+00:00,2024-11-26 10:52:00+00:00,2024-11-26 10:53:00+00:00,stop,-1.1000444455730383,4.892229161687814,"simulated minute opens; intrabar exits only known within minute, not actual exchange fills"
861,1792.0,2580795.0,2580859.0,-1.0,0.305,3390.9900000000002,3425.29,3424.596614217047,3201.5656828073247,0.517125975,0.522356725,0.0,-10.461499999999917,-11.500982699999895,575.528321263918,564.0273385639181,1.7970478806823598,1.0,564.0273385639181,0.0,0.0,2024-11-27 00:00:00+00:00,2024-11-26 00:00:00+00:00,2024-11-27 00:01:00+00:00,73.52,0.03848212678883251,3327.17,2024-11-27 05:15:00+00:00,2024-11-27 06:19:00+00:00,2024-11-27 06:20:00+00:00,stop,-1.1220451949269132,5.636518929556191,"simulated minute opens; intrabar exits only known within minute, not actual exchange fills"
862,1793.0,2582145.0,2582837.0,1.0,0.23600000000000002,3593.2000000000003,3549.12,3549.838416630307,3802.212583160428,0.42399760000000003,0.41879616,0.1397143308620337,-10.40288000000009,-11.38538809086208,564.0273385639181,552.641950473056,1.5034647117621969,1.0,552.208786633056,0.0,0.0,2024-11-28 00:00:00+00:00,2024-11-27 00:00:00+00:00,2024-11-28 00:01:00+00:00,74.98,0.039246325715814226,3655.88,2024-11-28 03:45:00+00:00,2024-11-28 15:17:00+00:00,2024-11-28 15:18:00+00:00,stop,-1.1125786036275842,4.820224883819944,"simulated minute opens; intrabar exits only known within minute, not actual exchange fills"
863,1795.0,2585045.0,2585156.0,-1.0,0.292,3657.4,3691.5,3690.760643626473,3470.0465226513056,0.5339804,0.538959,0.0,-9.957199999999974,-11.030139399999939,552.641950473056,541.6118110730561,1.9324642276718882,1.0,541.6118110730561,0.0,0.0,2024-11-30 00:00:00+00:00,2024-11-29 00:00:00+00:00,2024-11-30 00:01:00+00:00,67.32,0.03523689846877318,3594.5,2024-11-30 04:05:00+00:00,2024-11-30 05:56:00+00:00,2024-11-30 05:57:00+00:00,stop,-1.1323057919069681,5.616003079749377,"simulated minute opens; intrabar exits only known within minute, not actual exchange fills"
864,1797.0,2588525.0,2588733.0,1.0,0.256,3641.7200000000003,3603.06,3603.790714809372,3859.5056253841535,0.46614016,0.46119168000000005,0.26699384017919997,-9.89696000000008,-11.09128568017934,541.6118110730561,530.5205253928767,1.7213072184540086,1.0,530.5205253928767,0.0,0.0,2024-12-02 00:00:00+00:00,2024-12-01 00:00:00+00:00,2024-12-02 00:01:00+00:00,74.84,0.0391730463666516,3711.24,2024-12-02 14:05:00+00:00,2024-12-02 17:33:00+00:00,2024-12-02 17:34:00+00:00,stop,-1.1422660477373132,5.74188583543261,"simulated minute opens; intrabar exits only known within minute, not actual exchange fills"
865,1798.0,2589940.0,2589955.0,1.0,0.264,3582.35,3545.82,3546.534697923149,3783.602698746879,0.4728702,0.46804824,0.0,-9.643919999999934,-10.584838439999885,530.5205253928767,519.9356869528768,1.7826650520253338,1.0,519.9356869528768,0.0,0.0,2024-12-03 00:00:00+00:00,2024-12-02 00:00:00+00:00,2024-12-03 00:01:00+00:00,70.64,0.0369746658917727,3646.26,2024-12-03 13:40:00+00:00,2024-12-03 13:55:00+00:00,2024-12-03 13:56:00+00:00,stop,-1.119468011576935,5.619181943936696,"simulated minute opens; intrabar exits only known within minute, not actual exchange fills"
866,1799.0,2590655.0,2591022.0,-1.0,0.264,3683.26,3718.9300000000003,3718.185927796836,3485.9510612457466,0.48619032000000006,0.49089876000000005,0.0,-9.41688000000002,-10.393969080000034,519.9356869528768,509.5417178728768,1.8701940728452624,1.0,509.5417178728768,0.0,0.0,2024-12-04 00:00:00+00:00,2024-12-03 00:00:00+00:00,2024-12-04 00:01:00+00:00,70.41,0.036854278389576944,3616.82,2024-12-04 01:35:00+00:00,2024-12-04 07:42:00+00:00,2024-12-04 07:43:00+00:00,stop,-1.1272741336757566,5.649354253436016,"simulated minute opens; intrabar exits only known within minute, not actual exchange fills"
867,1800.0,2592525.0,2592890.0,-1.0,0.191,3905.2200000000003,3954.37,3953.57228336338,3695.312578212355,0.37294851000000007,0.377642335,0.0,-9.387649999999931,-10.138240844999928,509.5417178728768,499.4034770278769,1.4638585886820175,1.0,499.4034770278769,0.0,0.0,2024-12-05 00:00:00+00:00,2024-12-04 00:00:00+00:00,2024-12-05 00:01:00+00:00,73.75,0.03860251429102827,3840.75,2024-12-05 08:45:00+00:00,2024-12-05 14:50:00+00:00,2024-12-05 14:51:00+00:00,stop,-1.0977722520587392,4.34121011845785,"simulated minute opens; intrabar exits only known within minute, not actual exchange fills"
868,1801.0,2593505.0,2593670.0,-1.0,0.214,3853.36,3896.09,3895.3039824908456,3647.961006782668,0.41230952000000004,0.41688163000000006,0.0,-9.144220000000004,-9.973411150000004,499.4034770278769,489.43006587787687,1.651208047063656,1.0,489.26841460923686,0.0,0.0,2024-12-06 00:00:00+00:00,2024-12-05 00:00:00+00:00,2024-12-06 00:01:00+00:00,71.62,0.03748762133591111,3787.31,2024-12-06 01:05:00+00:00,2024-12-06 03:50:00+00:00,2024-12-06 03:51:00+00:00,stop,-1.1111182637502728,4.896983572367311,"simulated minute opens; intrabar exits only known within minute, not actual exchange fills"
869,1804.0,2597985.0,2598188.0,1.0,0.218,3934.56,3893.7400000000002,3894.51891062726,4162.771529459089,0.42886704,0.42441766000000003,0.0,-8.898759999999937,-9.752044699999942,489.43006587787687,479.67802117787693,1.7525161198699688,1.0,479.67802117787693,0.0,0.0,2024-12-09 00:00:00+00:00,2024-12-08 00:00:00+00:00,2024-12-09 00:01:00+00:00,72.72,0.03806338765076034,4007.3,2024-12-09 03:45:00+00:00,2024-12-09 07:08:00+00:00,2024-12-09 07:09:00+00:00,stop,-1.117206117535227,5.699433582705078,"simulated minute opens; intrabar exits only known within minute, not actual exchange fills"
870,1805.0,2599410.0,2600129.0,1.0,0.20500000000000002,3646.98,3604.01,3604.737298488711,3861.332788673731,0.37381545000000005,0.36941102500000006,0.07655745500000002,-8.808849999999959,-9.628633929999978,479.67802117787693,470.04938724787695,1.5586098736901672,1.0,470.04938724787695,0.0,0.0,2024-12-10 00:00:00+00:00,2024-12-09 00:00:00+00:00,2024-12-10 00:01:00+00:00,75.07,0.039293433868847344,3712.55,2024-12-10 03:30:00+00:00,2024-12-10 15:29:00+00:00,2024-12-10 15:30:00+00:00,stop,-1.1118831021602136,5.074315349278678,"simulated minute opens; intrabar exits only known within minute, not actual exchange fills"
871,1806.0,2601170.0,2601396.0,-1.0,0.188,3687.32,3733.58,3732.8297442530957,3493.690748991932,0.34660808000000004,0.35095652,0.0,-8.696879999999956,-9.394444599999986,470.04938724787695,460.65494264787696,1.4747730319546992,1.0,460.65494264787696,0.0,0.0,2024-12-11 00:00:00+00:00,2024-12-10 00:00:00+00:00,2024-12-11 00:01:00+00:00,72.28,0.03783308112482065,3628.4,2024-12-11 08:50:00+00:00,2024-12-11 12:36:00+00:00,2024-12-11 12:37:00+00:00,stop,-1.098016497787746,4.2546767551851845,"simulated minute opens; intrabar exits only known within minute, not actual exchange fills"
872,1807.0,2602370.0,2602419.0,-1.0,0.20400000000000001,3900.9,3942.08,3941.2880709421916,3687.476919936065,0.3978918000000001,0.40209216000000003,0.0,-8.400719999999968,-9.200703959999998,460.65494264787696,451.45423868787697,1.7275047466673863,1.0,451.4299708478769,0.0,0.0,2024-12-12 00:00:00+00:00,2024-12-11 00:00:00+00:00,2024-12-12 00:01:00+00:00,72.67,0.03803721645463083,3830.44,2024-12-12 04:50:00+00:00,2024-12-12 05:39:00+00:00,2024-12-12 05:40:00+00:00,stop,-1.1167032479603933,5.284309824289787,"simulated minute opens; intrabar exits only known within minute, not actual exchange fills"
873,1808.0,2604430.0,2604959.0,-1.0,0.176,3945.92,3909.48,3992.221735201501,3736.4308960201965,0.34724096,0.34403423999999994,-0.06837952,6.413440000000009,5.790544319999981,451.45423868787697,457.24478300787695,1.538321850778204,3.0,447.33179772787696,0.0,0.0,2024-12-13 00:00:00+00:00,2024-12-12 00:00:00+00:00,2024-12-13 00:01:00+00:00,72.29,0.037838315364046554,3880.52,2024-12-13 15:10:00+00:00,2024-12-13 23:59:00+00:00,2024-12-13 23:59:00+00:00,scheduled_23_59_exit,0.7105742334886284,4.524433113967036,"simulated minute opens; intrabar exits only known within minute, not actual exchange fills"
874,1809.0,2606105.0,2606399.0,1.0,0.181,3840.88,3868.75,3795.1149646362887,4057.9329136753263,0.34759964000000004,0.35012187499999997,0.0,5.04446999999998,4.346748484999978,457.24478300787695,461.5915314928769,1.5204094302110909,3.0,453.92848718671695,0.0,0.0,2024-12-14 00:00:00+00:00,2024-12-13 00:00:00+00:00,2024-12-14 00:01:00+00:00,73.1,0.03826228874134462,3905.6,2024-12-14 19:05:00+00:00,2024-12-14 23:59:00+00:00,2024-12-14 23:59:00+00:00,scheduled_23_59_exit,0.5247496218268481,4.742767310247392,"simulated minute opens; intrabar exits only known within minute, not actual exchange fills"
875,1811.0,2608630.0,2609279.0,1.0,0.149,3903.04,3984.7200000000003,3845.793741838053,4113.92967844711,0.29077648,0.29686164000000004,0.058717706433383005,12.170320000000043,11.523964173566696,461.5915314928769,473.1154956664436,1.259886545403345,3.0,459.519762527577,0.0,0.0,2024-12-16 00:00:00+00:00,2024-12-15 00:00:00+00:00,2024-12-16 00:01:00+00:00,73.58,0.03851353222418793,3958.5,2024-12-16 13:10:00+00:00,2024-12-16 23:59:00+00:00,2024-12-16 23:59:00+00:00,scheduled_23_59_exit,1.3510409923131828,3.683903284132785,"simulated minute opens; intrabar exits only known within minute, not actual exchange fills"
876,1812.0,2610635.0,2610643.0,1.0,0.221,3912.77,3873.98,3874.757439707896,4136.303210087326,0.43236108500000003,0.42807479000000004,0.0,-8.572589999999993,-9.433025874999998,473.1154956664436,463.6824697914436,1.8277189775446445,1.0,462.9526448722436,0.0,0.0,2024-12-17 00:00:00+00:00,2024-12-16 00:00:00+00:00,2024-12-17 00:01:00+00:00,71.31,0.037325359919908145,3984.76,2024-12-17 22:35:00+00:00,2024-12-17 22:43:00+00:00,2024-12-17 22:44:00+00:00,stop,-1.1228755619722444,5.88050918879461,"simulated minute opens; intrabar exits only known within minute, not actual exchange fills"
877,1813.0,2610990.0,2611917.0,1.0,0.176,3830.77,3782.0,3782.762406195269,4039.6893456765038,0.33710776,0.332816,0.13574593960012798,-8.583519999999996,-9.389189699600081,463.6824697914436,454.29328009184354,1.454045740187785,1.0,454.29328009184354,0.0,0.0,2024-12-18 00:00:00+00:00,2024-12-17 00:00:00+00:00,2024-12-18 00:01:00+00:00,71.74,0.03755043220662193,3890.81,2024-12-18 04:30:00+00:00,2024-12-18 19:57:00+00:00,2024-12-18 19:58:00+00:00,stop,-1.1112339636249438,4.351797895272031,"simulated minute opens; intrabar exits only known within minute, not actual exchange fills"
878,1814.0,2612300.0,2613211.0,1.0,0.105,3603.61,3521.41,3522.12244476427,3767.8294623467955,0.189189525,0.184874025,0.0568106949765484,-8.631000000000029,-9.061874244976593,454.29328009184354,445.23140584686695,0.8328959871990708,1.0,444.97018100781696,0.0,0.0,2024-12-19 00:00:00+00:00,2024-12-18 00:00:00+00:00,2024-12-19 00:01:00+00:00,73.62,0.03853446918109154,3625.4,2024-12-19 02:20:00+00:00,2024-12-19 17:31:00+00:00,2024-12-19 17:32:00+00:00,stop,-1.0591011595354667,2.015270452914376,"simulated minute opens; intrabar exits only known within minute, not actual exchange fills"
879,1815.0,2614020.0,2614111.0,1.0,0.194,3360.17,3317.62,3318.2863488553453,3552.473367057071,0.32593649,0.32180914,0.06576891000000001,-8.254700000000035,-8.96821454000002,445.23140584686695,436.26319130686693,1.4641217385823977,1.0,435.837918001507,0.0,0.0,2024-12-20 00:00:00+00:00,2024-12-19 00:00:00+00:00,2024-12-20 00:01:00+00:00,74.45,0.038968911036841414,3416.7,2024-12-20 07:00:00+00:00,2024-12-20 08:31:00+00:00,2024-12-20 08:32:00+00:00,stop,-1.1037220666446064,4.591370661380668,"simulated minute opens; intrabar exits only known within minute, not actual exchange fills"
880,1816.0,2615470.0,2616185.0,-1.0,0.20400000000000001,3531.25,3344.0,3569.724953549223,3343.331118790313,0.3601875,0.341088,-0.140979912,38.199000000000005,37.63870441200004,436.26319130686693,473.90189571886697,1.6512394681798612,2.0,431.3558438068669,0.0,0.0,2024-12-21 00:00:00+00:00,2024-12-20 00:00:00+00:00,2024-12-21 00:01:00+00:00,71.53,0.03744051318287799,3470.88,2024-12-21 07:10:00+00:00,2024-12-21 19:05:00+00:00,2024-12-21 19:06:00+00:00,target,4.795417173511493,4.884187344612988,"simulated minute opens; intrabar exits only known within minute, not actual exchange fills"
881,1817.0,2617730.0,2617807.0,1.0,0.249,3277.13,3242.48,3243.1321199993467,3467.851408415009,0.408002685,0.40368876000000004,0.0,-8.627850000000022,-9.439541445000032,473.90189571886697,464.46235427386694,1.7218866971658606,1.0,463.71525180538697,0.0,0.0,2024-12-22 00:00:00+00:00,2024-12-21 00:00:00+00:00,2024-12-22 00:01:00+00:00,73.14,0.038283225698248234,3337.6,2024-12-22 20:50:00+00:00,2024-12-22 22:07:00+00:00,2024-12-22 22:08:00+00:00,stop,-1.1150637921915008,5.609802976283916,"simulated minute opens; intrabar exits only known within minute, not actual exchange fills"
882,1818.0,2618135.0,2618935.0,-1.0,0.195,3340.06,3384.19,3383.503563527446,3148.6948973862627,0.32565584999999997,0.329958525,-0.09019024704300001,-8.605350000000021,-9.170774127956975,464.46235427386694,455.29158014590996,1.4022916906112883,1.0,455.29158014590996,0.0,0.0,2024-12-23 00:00:00+00:00,2024-12-22 00:00:00+00:00,2024-12-23 00:01:00+00:00,78.52,0.041099246401783585,3280.8,2024-12-23 03:35:00+00:00,2024-12-23 16:55:00+00:00,2024-12-23 16:56:00+00:00,stop,-1.0825449639481821,4.404912651625341,"simulated minute opens; intrabar exits only known within minute, not actual exchange fills"
883,1819.0,2620360.0,2620452.0,-1.0,0.199,3481.08,3523.16,3522.4549416442983,3289.6742257835617,0.34636746,0.35055442,0.0,-8.373919999999986,-9.070841879999989,455.29158014590996,446.22073826591,1.5215192861198865,1.0,446.06997832555,0.0,0.0,2024-12-24 00:00:00+00:00,2024-12-23 00:00:00+00:00,2024-12-24 00:01:00+00:00,74.64,0.03906836158213355,3420.74,2024-12-24 16:40:00+00:00,2024-12-24 18:12:00+00:00,2024-12-24 18:13:00+00:00,stop,-1.1016842124363782,4.6261279559487845,"simulated minute opens; intrabar exits only known within minute, not actual exchange fills"
884,1821.0,2622700.0,2622726.0,1.0,0.232,3430.01,3395.04,3395.7233957080425,3633.644334843468,0.39788116,0.39382464,0.07936325600000001,-8.11304000000006,-8.98410905600008,446.22073826591,437.2366292099099,1.7833378230973047,1.0,437.2366292099099,0.0,0.0,2024-12-26 00:00:00+00:00,2024-12-25 00:00:00+00:00,2024-12-26 00:01:00+00:00,73.93,0.038696730597094504,3495.72,2024-12-26 07:40:00+00:00,2024-12-26 08:06:00+00:00,2024-12-26 08:07:00+00:00,stop,-1.1294384147888223,5.939180593956708,"simulated minute opens; intrabar exits only known within minute, not actual exchange fills"
885,1822.0,2624310.0,2625119.0,-1.0,0.22,3397.32,3333.2400000000002,3432.8803303757177,3204.668542753419,0.37370520000000007,0.36665640000000005,-0.039127934999999996,14.097599999999984,13.396366334999982,437.2366292099099,450.6329955449099,1.7093956683148361,3.0,431.4465240099099,0.0,0.0,2024-12-27 00:00:00+00:00,2024-12-26 00:00:00+00:00,2024-12-27 00:01:00+00:00,75.1,0.039309136586525045,3333.15,2024-12-27 10:30:00+00:00,2024-12-27 23:59:00+00:00,2024-12-27 23:59:00+00:00,scheduled_23_59_exit,1.7123736930065365,5.4175946964242465,"simulated minute opens; intrabar exits only known within minute, not actual exchange fills"
886,1823.0,2626175.0,2626559.0,-1.0,0.224,3394.34,3403.17,3430.401268389038,3205.3770405089385,0.38016608,0.38115504000000006,0.0,-1.9779199999999837,-2.739241119999974,450.6329955449099,447.8937544249099,1.6872536354791305,3.0,443.17640031322986,0.0,0.0,2024-12-28 00:00:00+00:00,2024-12-27 00:00:00+00:00,2024-12-28 00:01:00+00:00,74.07,0.03877000994625713,3332.09,2024-12-28 17:35:00+00:00,2024-12-28 23:59:00+00:00,2024-12-28 23:59:00+00:00,scheduled_23_59_exit,-0.33911050682059013,5.240053052279905,"simulated minute opens; intrabar exits only known within minute, not actual exchange fills"
887,1824.0,2627800.0,2627999.0,1.0,0.201,3343.36,3353.9900000000002,3303.0038039956994,3539.9364067931506,0.33600768000000003,0.337075995,0.0,2.136630000000022,1.4635463249999816,447.8937544249099,449.3573007499099,1.5003901111835318,3.0,443.97251583520983,0.0,0.0,2024-12-29 00:00:00+00:00,2024-12-28 00:00:00+00:00,2024-12-29 00:01:00+00:00,75.63,0.039586551265497864,3402.54,2024-12-29 20:40:00+00:00,2024-12-29 23:59:00+00:00,2024-12-29 23:59:00+00:00,scheduled_23_59_exit,0.18042644552583556,4.871034097767824,"simulated minute opens; intrabar exits only known within minute, not actual exchange fills"
888,1825.0,2628105.0,2629439.0,-1.0,0.209,3417.01,3361.69,3455.749331174725,3226.2536621008244,0.357077545,0.351296605,-0.141077494383232,11.561880000000034,10.994583344383273,449.3573007499099,460.35188409429315,1.589281155125737,3.0,445.5460099672932,0.0,0.0,2024-12-30 00:00:00+00:00,2024-12-29 00:00:00+00:00,2024-12-30 00:01:00+00:00,75.02,0.03926726267271783,3355.46,2024-12-30 01:45:00+00:00,2024-12-30 23:59:00+00:00,2024-12-30 23:59:00+00:00,scheduled_23_59_exit,1.357939343288679,4.924099929315103,"simulated minute opens; intrabar exits only known within minute, not actual exchange fills"
889,1826.0,2630255.0,2630879.0,-1.0,0.215,3421.12,3338.01,3459.6689837484846,3231.8070537867357,0.3677704,0.358836075,-0.07337745505674,17.868649999999928,17.215420980056706,460.35188409429315,477.56730507434986,1.5977794930656575,3.0,453.73902437639316,0.0,0.0,2024-12-31 00:00:00+00:00,2024-12-30 00:00:00+00:00,2024-12-31 00:01:00+00:00,74.38,0.038932271362260094,3360.11,2024-12-31 13:35:00+00:00,2024-12-31 23:59:00+00:00,2024-12-31 23:59:00+00:00,scheduled_23_59_exit,2.077142318746167,4.910971128277947,"simulated minute opens; intrabar exits only known within minute, not actual exchange fills"
890,1828.0,2632615.0,2632916.0,-1.0,0.225,3416.3,3455.16,3454.4594342055693,3236.620741512365,0.38433375000000003,0.3887055,-0.076943359772775,-8.743499999999926,-9.439595890227167,477.56730507434986,468.1277091841227,1.6095479984341272,1.0,465.8681646841227,0.0,0.0,2025-01-02 00:00:00+00:00,2025-01-01 00:00:00+00:00,2025-01-02 00:01:00+00:00,71.11,0.0372206751353901,3359.36,2025-01-02 04:55:00+00:00,2025-01-02 09:56:00+00:00,2025-01-02 09:57:00+00:00,stop,-1.0994334791787306,4.708645770785882,"simulated minute opens; intrabar exits only known within minute, not actual exchange fills"
891,1832.0,2639090.0,2639519.0,-1.0,0.217,3699.61,3687.07,3738.081449320111,3501.876326290579,0.401407685,0.400047095,0.0,2.721179999999992,1.919725220000032,468.1277091841227,470.0474344041227,1.714949476926261,3.0,464.2803414991228,0.0,0.0,2025-01-06 00:00:00+00:00,2025-01-05 00:00:00+00:00,2025-01-06 00:01:00+00:00,71.26,0.03729918872377863,3634.96,2025-01-06 16:50:00+00:00,2025-01-06 23:59:00+00:00,2025-01-06 23:59:00+00:00,scheduled_23_59_exit,0.229953904943622,5.139751093444149,"simulated minute opens; intrabar exits only known within minute, not actual exchange fills"
892,1833.0,2640405.0,2640419.0,1.0,0.218,3626.05,3586.63,3587.350961461855,3821.087376950737,0.39523945000000005,0.39094267000000005,0.0,-8.593560000000016,-9.37974212000006,470.0474344041227,460.66769228412267,1.6817002756372599,1.0,450.4944744900627,0.0,0.0,2025-01-07 00:00:00+00:00,2025-01-06 00:00:00+00:00,2025-01-07 00:01:00+00:00,68.91,0.036069142505691626,3685.72,2025-01-07 14:45:00+00:00,2025-01-07 14:59:00+00:00,2025-01-07 15:00:00+00:00,stop,-1.11181935327902,5.039850712531051,"simulated minute opens; intrabar exits only known within minute, not actual exchange fills"
893,1834.0,2641365.0,2641983.0,1.0,0.203,3328.27,3286.38,3287.0441985205725,3506.54172037105,0.337819405,0.33356757000000004,0.135999888754527,-8.503669999999975,-9.311056863754516,460.66769228412267,451.35663542036815,1.466651170282832,1.0,451.35663542036815,0.0,0.0,2025-01-08 00:00:00+00:00,2025-01-07 00:00:00+00:00,2025-01-08 00:01:00+00:00,70.57,0.036938026217191375,3379.38,2025-01-08 06:45:00+00:00,2025-01-08 17:03:00+00:00,2025-01-08 17:04:00+00:00,stop,-1.1125866216038927,4.324275428823653,"simulated minute opens; intrabar exits only known within minute, not actual exchange fills"
894,1835.0,2643320.0,2643471.0,1.0,0.232,3271.16,3235.62,3236.2724120970943,3448.018280291297,0.37945456,0.37533192000000004,0.076995928,-8.245279999999992,-9.07706240799996,451.35663542036815,442.2795730123682,1.6813957311011831,1.0,442.2795730123682,0.0,0.0,2025-01-09 00:00:00+00:00,2025-01-08 00:00:00+00:00,2025-01-09 00:01:00+00:00,69.19,0.03621570120401688,3325.38,2025-01-09 15:20:00+00:00,2025-01-09 17:51:00+00:00,2025-01-09 17:52:00+00:00,stop,-1.1214667264726925,5.06937541177983,"simulated minute opens; intrabar exits only known within minute, not actual exchange fills"
895,1836.0,2644265.0,2644302.0,-1.0,0.212,3270.28,3308.56,3307.889777189341,3102.4750182594858,0.34664968,0.35070736,0.0,-8.115359999999946,-8.812717039999939,442.2795730123682,433.46685597236825,1.567559078702041,1.0,433.46685597236825,0.0,0.0,2025-01-10 00:00:00+00:00,2025-01-09 00:00:00+00:00,2025-01-10 00:01:00+00:00,69.99,0.036634440342089056,3218.24,2025-01-10 07:05:00+00:00,2025-01-10 07:42:00+00:00,2025-01-10 07:43:00+00:00,stop,-1.1052822724985703,4.461738257467585,"simulated minute opens; intrabar exits only known within minute, not actual exchange fills"
896,1838.0,2647300.0,2648159.0,1.0,0.192,3235.19,3264.9,3194.0119651832006,3402.712248531396,0.31057824,0.31343040000000005,0.05129443854180872,5.704320000000007,5.029016921458208,433.46685597236825,438.49587289382646,1.4329964827566797,3.0,432.1759926405282,0.0,0.0,2025-01-12 00:00:00+00:00,2025-01-11 00:00:00+00:00,2025-01-12 00:01:00+00:00,69.1,0.036168593050983765,3281.84,2025-01-12 09:40:00+00:00,2025-01-12 23:59:00+00:00,2025-01-12 23:59:00+00:00,scheduled_23_59_exit,0.6360866073978412,4.068242918262135,"simulated minute opens; intrabar exits only known within minute, not actual exchange fills"
897,1839.0,2648205.0,2648733.0,-1.0,0.20400000000000001,3317.46,3149.32,3356.302917761067,3148.6892439439616,0.33838092000000003,0.32123064000000007,-0.061066687264799996,34.300559999999976,33.70201512726476,438.49587289382646,472.1978880210912,1.5433710596493235,2.0,437.51693197382644,0.0,0.0,2025-01-13 00:00:00+00:00,2025-01-12 00:00:00+00:00,2025-01-13 00:01:00+00:00,69.71,0.0364878816437638,3265.7,2025-01-13 00:45:00+00:00,2025-01-13 09:33:00+00:00,2025-01-13 09:34:00+00:00,target,4.253180915049311,4.344955677485198,"simulated minute opens; intrabar exits only known within minute, not actual exchange fills"
898,1840.0,2650345.0,2650410.0,-1.0,0.187,3178.88,3225.9900000000002,3225.338152118959,3021.0345511161677,0.29722528,0.301630065,0.0,-8.809570000000024,-9.408425345000069,472.1978880210912,462.78946267609115,1.2589013527596469,1.0,462.78946267609115,0.0,0.0,2025-01-14 00:00:00+00:00,2025-01-13 00:00:00+00:00,2025-01-14 00:01:00+00:00,71.44,0.03739340502984487,3136.14,2025-01-14 12:25:00+00:00,2025-01-14 13:30:00+00:00,2025-01-14 13:31:00+00:00,stop,-1.0829624663325474,3.397583452730959,"simulated minute opens; intrabar exits only known within minute, not actual exchange fills"
899,1841.0,2651875.0,2651936.0,-1.0,0.22,3277.87,3316.5,3315.8299660988623,3105.4813925955277,0.3605657,0.364815,0.0,-8.498600000000025,-9.223980700000027,462.78946267609115,453.5654819760911,1.5582277864107803,1.0,453.5654819760911,0.0,0.0,2025-01-15 00:00:00+00:00,2025-01-14 00:00:00+00:00,2025-01-15 00:01:00+00:00,71.55,0.03745098166132979,3223.99,2025-01-15 13:55:00+00:00,2025-01-15 14:56:00+00:00,2025-01-15 14:57:00+00:00,stop,-1.104510601795732,4.54132669548507,"simulated minute opens; intrabar exits only known within minute, not actual exchange fills"
900,1843.0,2654030.0,2654436.0,-1.0,0.246,3368.16,3401.57,3400.8892408063894,3185.699089816739,0.41428368,0.41839311000000007,-0.082942414034478,-8.218860000000076,-8.968594375965552,453.5654819760911,444.59688760012557,1.82678663374052,1.0,444.59688760012557,0.0,0.0,2025-01-17 00:00:00+00:00,2025-01-16 00:00:00+00:00,2025-01-17 00:01:00+00:00,71.36,0.03735153111603765,3306.94,2025-01-17 01:50:00+00:00,2025-01-17 08:36:00+00:00,2025-01-17 08:37:00+00:00,stop,-1.113918313320294,5.57485922947654,"simulated minute opens; intrabar exits only known within minute, not actual exchange fills"
901,1845.0,2656970.0,2657347.0,-1.0,0.17400000000000002,3355.4,3183.96,3402.3649869251126,3183.317733199262,0.2919198,0.27700452000000003,-0.05698534800000001,29.830560000000013,29.318621027999995,444.59688760012557,473.91550862812556,1.3131886800906052,2.0,442.5061275077255,0.0,0.0,2025-01-19 00:00:00+00:00,2025-01-18 00:00:00+00:00,2025-01-19 00:01:00+00:00,72.65,0.038026747976179026,3306.7,2025-01-19 02:50:00+00:00,2025-01-19 09:07:00+00:00,2025-01-19 09:08:00+00:00,target,3.587732756503825,3.6640543959935514,"simulated minute opens; intrabar exits only known within minute, not actual exchange fills"
902,1846.0,2658295.0,2658643.0,1.0,0.156,3175.9500000000003,3344.42,3119.3165668829183,3345.0945126901197,0.24772410000000003,0.26086476,0.0,26.28131999999997,25.772731139999962,473.91550862812556,499.6882397681255,1.0454357179283003,2.0,471.72328574800554,0.0,0.0,2025-01-20 00:00:00+00:00,2025-01-19 00:00:00+00:00,2025-01-20 00:01:00+00:00,76.29,0.039932011054407406,3214.15,2025-01-20 00:55:00+00:00,2025-01-20 06:43:00+00:00,2025-01-20 06:44:00+00:00,target,2.9171781738615574,2.9866547616923746,"simulated minute opens; intrabar exits only known within minute, not actual exchange fills"
903,1847.0,2659780.0,2661119.0,1.0,0.232,3229.4700000000003,3327.33,3190.259340967429,3411.3462786069717,0.37461852000000007,0.38597028,0.15192769965848002,22.703519999999926,21.79100350034139,499.6882397681255,521.4792432684669,1.4994089921901599,3.0,495.54943162316545,0.0,0.0,2025-01-21 00:00:00+00:00,2025-01-20 00:00:00+00:00,2025-01-21 00:01:00+00:00,73.15,0.03828845993747414,3283.2,2025-01-21 01:40:00+00:00,2025-01-21 23:59:00+00:00,2025-01-21 23:59:00+00:00,scheduled_23_59_exit,2.3954389327551797,4.638439727725368,"simulated minute opens; intrabar exits only known within minute, not actual exchange fills"
904,1848.0,2662100.0,2662499.0,1.0,0.251,3272.77,3234.51,3235.162564922044,3452.8398599269185,0.410732635,0.405931005,0.0,-9.60325999999994,-10.419923639999979,521.4792432684669,511.05931962846694,1.575259764609835,1.0,511.05931962846694,0.0,0.0,2025-01-22 00:00:00+00:00,2025-01-21 00:00:00+00:00,2025-01-22 00:01:00+00:00,71.09,0.0372102066569383,3326.72,2025-01-22 16:20:00+00:00,2025-01-22 22:59:00+00:00,2025-01-22 23:00:00+00:00,stop,-1.1038678897921896,4.788145204629204,"simulated minute opens; intrabar exits only known within minute, not actual exchange fills"
905,1850.0,2664210.0,2665439.0,1.0,0.195,3297.81,3308.79,3249.432293026397,3459.566545889096,0.321536475,0.32260702500000005,0.13188913245241501,2.141100000000004,1.3650673675475673,511.05931962846694,512.4243869960145,1.2583137129120454,3.0,509.48301232056696,0.0,0.0,2025-01-24 00:00:00+00:00,2025-01-23 00:00:00+00:00,2025-01-24 00:01:00+00:00,68.41,0.035807430544396515,3337.88,2025-01-24 03:30:00+00:00,2025-01-24 23:59:00+00:00,2025-01-24 23:59:00+00:00,scheduled_23_59_exit,0.14470188672693013,3.3436174636668405,"simulated minute opens; intrabar exits only known within minute, not actual exchange fills"
906,1853.0,2668480.0,2668652.0,1.0,0.314,3175.14,3145.75,3146.3795185842127,3346.1694567350078,0.49849698000000003,0.49388275,0.0,-9.22845999999996,-10.220839729999966,512.4243869960145,502.20354726601454,1.9456411234537017,1.0,502.20354726601454,0.0,0.0,2025-01-27 00:00:00+00:00,2025-01-26 00:00:00+00:00,2025-01-27 00:01:00+00:00,67.21,0.03517932183728826,3230.5,2025-01-27 02:40:00+00:00,2025-01-27 05:32:00+00:00,2025-01-27 05:33:00+00:00,stop,-1.1317767783307129,5.9466826810877675,"simulated minute opens; intrabar exits only known within minute, not actual exchange fills"
907,1854.0,2670915.0,2671015.0,1.0,0.304,3126.7200000000003,3096.83,3097.453394718544,3295.887162586138,0.47526144000000003,0.47071815999999994,0.0,-9.0865600000001,-10.03253960000012,502.20354726601454,492.1710076660144,1.892704432644147,1.0,492.1710076660144,0.0,0.0,2025-01-28 00:00:00+00:00,2025-01-27 00:00:00+00:00,2025-01-28 00:01:00+00:00,67.79,0.03548290771239059,3180.99,2025-01-28 19:15:00+00:00,2025-01-28 20:55:00+00:00,2025-01-28 20:56:00+00:00,stop,-1.1276256567040575,5.780211300875583,"simulated minute opens; intrabar exits only known within minute, not actual exchange fills"
908,1855.0,2671445.0,2671675.0,-1.0,0.304,3128.4500000000003,3157.66,3157.020173025923,2971.108093085521,0.4755244,0.47996432,0.0,-8.879839999999872,-9.835328719999836,492.1710076660144,482.3356789460146,1.93235437517965,1.0,482.3356789460146,0.0,0.0,2025-01-29 00:00:00+00:00,2025-01-28 00:00:00+00:00,2025-01-29 00:01:00+00:00,66.26,0.034682069110827565,3075.96,2025-01-29 04:05:00+00:00,2025-01-29 07:55:00+00:00,2025-01-29 07:56:00+00:00,stop,-1.1324066875844312,5.507208751298645,"simulated minute opens; intrabar exits only known within minute, not actual exchange fills"
909,1856.0,2672840.0,2672873.0,-1.0,0.301,3165.13,3193.94,3193.2955089599186,3008.0563798376766,0.476352065,0.48068797,0.0,-8.671809999999983,-9.62885003499997,482.3356789460146,472.7068289110146,1.9751890054698429,1.0,471.8362786043046,0.0,0.0,2025-01-30 00:00:00+00:00,2025-01-29 00:00:00+00:00,2025-01-30 00:01:00+00:00,65.24,0.034148176709785545,3112.55,2025-01-30 03:20:00+00:00,2025-01-30 03:53:00+00:00,2025-01-30 03:54:00+00:00,stop,-1.1357698185224796,5.5768074486369255,"simulated minute opens; intrabar exits only known within minute, not actual exchange fills"
910,1857.0,2675305.0,2675330.0,-1.0,0.226,3292.9900000000002,3331.35,3330.6783022577415,3136.1193261749727,0.37210787000000006,0.37644255,0.0,-8.669359999999926,-9.417910419999885,472.7068289110146,463.2889184910147,1.574370612995938,1.0,463.2889184910147,0.0,0.0,2025-01-31 00:00:00+00:00,2025-01-30 00:00:00+00:00,2025-01-31 00:01:00+00:00,65.71,0.03439418595340294,3245.86,2025-01-31 20:25:00+00:00,2025-01-31 20:50:00+00:00,2025-01-31 20:51:00+00:00,stop,-1.105705683291688,4.162317335289518,"simulated minute opens; intrabar exits only known within minute, not actual exchange fills"
911,1858.0,2676130.0,2676678.0,1.0,0.276,3246.96,3216.7000000000003,3217.344413319761,3412.313340939645,0.44808048000000006,0.4439046000000001,0.032043893112,-8.351759999999935,-9.275788973111958,463.2889184910147,454.01312951790277,1.9343457704943587,1.0,454.01312951790277,0.0,0.0,2025-02-01 00:00:00+00:00,2025-01-31 00:00:00+00:00,2025-02-01 00:01:00+00:00,64.23,0.033619518547969435,3299.5,2025-02-01 10:10:00+00:00,2025-02-01 19:18:00+00:00,2025-02-01 19:19:00+00:00,stop,-1.1348055138959827,5.5833214693658615,"simulated minute opens; intrabar exits only known within minute, not actual exchange fills"
912,1859.0,2677675.0,2677956.0,1.0,0.292,3064.05,3036.11,3036.7199868472053,3225.466934561885,0.4473513,0.44327206,0.023379605997045996,-8.158480000000015,-9.07248296599704,454.01312951790277,444.94064655190573,1.9706535820892375,1.0,444.5521890560257,0.0,0.0,2025-02-02 00:00:00+00:00,2025-02-01 00:00:00+00:00,2025-02-02 00:01:00+00:00,65.83,0.03445699682411377,3116.22,2025-02-02 11:55:00+00:00,2025-02-02 16:36:00+00:00,2025-02-02 16:37:00+00:00,stop,-1.1368507936721612,5.906215033979138,"simulated minute opens; intrabar exits only known within minute, not actual exchange fills"
913,1860.0,2678430.0,2678443.0,1.0,0.18,2838.55,2792.11,2792.6767574246487,2971.721561579427,0.2554695,0.2512899,0.0,-8.35920000000001,-8.865959400000008,444.94064655190573,436.0746871519057,1.1483306907551658,1.0,435.9280341949057,0.0,0.0,2025-02-03 00:00:00+00:00,2025-02-02 00:00:00+00:00,2025-02-03 00:01:00+00:00,67.84,0.0355090789085201,2868.05,2025-02-03 00:30:00+00:00,2025-02-03 00:43:00+00:00,2025-02-03 00:44:00+00:00,stop,-1.0737268009579475,2.9030335355230026,"simulated minute opens; intrabar exits only known within minute, not actual exchange fills"
914,1861.0,2680095.0,2680126.0,1.0,0.23500000000000001,2833.33,2799.1,2799.660995436675,2987.5430282246148,0.332916275,0.32889425,0.0,-8.044050000000004,-8.705860524999991,436.0746871519057,427.36882662690573,1.5268773208293527,1.0,427.36882662690573,0.0,0.0,2025-02-04 00:00:00+00:00,2025-02-03 00:00:00+00:00,2025-02-04 00:01:00+00:00,70.91,0.037115990350872055,2878.69,2025-02-04 04:15:00+00:00,2025-02-04 04:46:00+00:00,2025-02-04 04:47:00+00:00,stop,-1.100306215775495,4.580266931698845,"simulated minute opens; intrabar exits only known within minute, not actual exchange fills"
915,1862.0,2681645.0,2681957.0,-1.0,0.195,2766.82,2807.85,2807.28079848133,2630.325560338884,0.26976495,0.27376537500000003,-0.030947607054,-8.00084999999995,-8.513432717945989,427.36882662690573,418.85539390895974,1.2624456122790895,1.0,418.85539390895974,0.0,0.0,2025-02-05 00:00:00+00:00,2025-02-04 00:00:00+00:00,2025-02-05 00:01:00+00:00,71.08,0.03720497241771239,2730.03,2025-02-05 06:05:00+00:00,2025-02-05 11:17:00+00:00,2025-02-05 11:18:00+00:00,stop,-1.07903528752518,3.373498417835244,"simulated minute opens; intrabar exits only known within minute, not actual exchange fills"
916,1863.0,2683065.0,2683673.0,-1.0,0.262,2835.93,2687.6,2864.3894294053202,2687.056781712524,0.37150683,0.3520756,0.003967371680000001,38.862459999999984,38.13491019831997,418.85539390895974,456.9903041072797,1.7739145079781342,2.0,413.12834003807967,0.0,0.0,2025-02-06 00:00:00+00:00,2025-02-05 00:00:00+00:00,2025-02-06 00:01:00+00:00,69.77,0.03651928707911921,2787.0,2025-02-06 05:45:00+00:00,2025-02-06 15:53:00+00:00,2025-02-06 15:54:00+00:00,target,5.114406557033401,5.231068275024677,"simulated minute opens; intrabar exits only known within minute, not actual exchange fills"
917,1864.0,2684280.0,2684872.0,-1.0,0.191,2715.4500000000003,2760.39,2759.8357032912877,2588.928485478386,0.259325475,0.263617245,-0.015046306656372268,-8.583539999999923,-9.091436413343615,456.9903041072797,447.8988676939361,1.1349276895779508,1.0,447.79767493893604,0.0,0.0,2025-02-07 00:00:00+00:00,2025-02-06 00:00:00+00:00,2025-02-07 00:01:00+00:00,69.79,0.03652975555757102,2685.25,2025-02-07 02:00:00+00:00,2025-02-07 11:52:00+00:00,2025-02-07 11:53:00+00:00,stop,-1.072398092083461,2.850501516024182,"simulated minute opens; intrabar exits only known within minute, not actual exchange fills"
918,1866.0,2687280.0,2688349.0,-1.0,0.291,2676.58,2537.14,2704.0579582187597,2536.6281012324584,0.38944238999999997,0.36915387,-0.08117200243637254,40.57704000000001,39.89961574243637,447.8988676939361,487.79848343637246,1.7389746574046652,2.0,447.1747753039361,0.0,0.0,2025-02-09 00:00:00+00:00,2025-02-08 00:00:00+00:00,2025-02-09 00:01:00+00:00,69.78,0.03652452131834511,2630.99,2025-02-09 04:00:00+00:00,2025-02-09 21:49:00+00:00,2025-02-09 21:50:00+00:00,target,4.989893371899774,5.093242287266937,"simulated minute opens; intrabar exits only known within minute, not actual exchange fills"
919,1867.0,2688620.0,2689919.0,1.0,0.323,2580.81,2659.46,2553.7656618302467,2725.6701961347635,0.416800815,0.42950279,0.10654833187323312,25.40395000000003,24.451098063126835,487.79848343637246,512.2495814994993,1.7089057434692363,3.0,483.3172300672526,0.0,0.0,2025-02-10 00:00:00+00:00,2025-02-09 00:00:00+00:00,2025-02-10 00:01:00+00:00,71.12,0.037225909374616006,2626.07,2025-02-10 02:20:00+00:00,2025-02-10 23:59:00+00:00,2025-02-10 23:59:00+00:00,scheduled_23_59_exit,2.799106915774058,5.356396419298482,"simulated minute opens; intrabar exits only known within minute, not actual exchange fills"
920,1868.0,2689965.0,2691297.0,-1.0,0.331,2705.6,2565.86,2733.2624062413197,2565.3398358742534,0.4477768,0.42464983000000006,-0.02734231179172352,46.25393999999993,45.40885568179169,512.2495814994993,557.658437181291,1.7482759036687965,2.0,505.7147146994994,0.0,0.0,2025-02-11 00:00:00+00:00,2025-02-10 00:00:00+00:00,2025-02-11 00:01:00+00:00,69.22,0.0362314039216946,2659.99,2025-02-11 00:45:00+00:00,2025-02-11 22:57:00+00:00,2025-02-11 22:58:00+00:00,target,4.95932544605096,5.070425287740791,"simulated minute opens; intrabar exits only known within minute, not actual exchange fills"
921,1869.0,2692235.0,2692699.0,1.0,0.221,2577.5,2697.92,2530.269191355114,2698.4655191920738,0.28481375000000003,0.29812016,0.0484179130253,26.612820000000017,25.98146817697466,557.658437181291,583.6399053582657,1.0214630713366541,2.0,555.439873431291,0.0,0.0,2025-02-12 00:00:00+00:00,2025-02-11 00:00:00+00:00,2025-02-12 00:01:00+00:00,70.26,0.03677576480118842,2601.03,2025-02-12 14:35:00+00:00,2025-02-12 22:19:00+00:00,2025-02-12 22:20:00+00:00,target,2.489121143460009,2.561157063847376,"simulated minute opens; intrabar exits only known within minute, not actual exchange fills"
922,1870.0,2693215.0,2693296.0,1.0,0.41400000000000003,2688.4700000000003,2662.96,2663.5022302662696,2838.500272266715,0.5565132900000002,0.5512327200000001,0.11095738200000001,-10.56114000000009,-11.779843392000089,583.6399053582657,571.8600619662656,1.9070433152043846,1.0,571.8600619662656,0.0,0.0,2025-02-13 00:00:00+00:00,2025-02-12 00:00:00+00:00,2025-02-13 00:01:00+00:00,69.47,0.036362259902342146,2737.14,2025-02-13 06:55:00+00:00,2025-02-13 08:16:00+00:00,2025-02-13 08:17:00+00:00,stop,-1.139618328086396,6.008957702939277,"simulated minute opens; intrabar exits only known within minute, not actual exchange fills"
923,1871.0,2695140.0,2695297.0,-1.0,0.352,2718.96,2748.7000000000003,2748.149497624078,2579.4068206688216,0.47853695999999996,0.4837712,-0.07537426068479999,-10.468480000000083,-11.355413899315295,571.8600619662656,560.5046480669503,1.6736155987344652,1.0,560.5046480669503,0.0,0.0,2025-02-14 00:00:00+00:00,2025-02-13 00:00:00+00:00,2025-02-14 00:01:00+00:00,69.18,0.036210466964790994,2674.52,2025-02-14 15:00:00+00:00,2025-02-14 17:37:00+00:00,2025-02-14 17:38:00+00:00,stop,-1.1051816990159464,4.780938032179895,"simulated minute opens; intrabar exits only known within minute, not actual exchange fills"
924,1872.0,2696935.0,2697119.0,1.0,0.369,2681.28,2691.64,2654.185147504731,2821.7391972673504,0.49469616000000005,0.49660758,0.0,3.822839999999879,2.8315362599998934,560.5046480669503,563.3361843269502,1.7651812940573879,3.0,559.7996219069502,0.0,0.0,2025-02-15 00:00:00+00:00,2025-02-14 00:00:00+00:00,2025-02-15 00:01:00+00:00,66.83,0.03498042074670398,2724.74,2025-02-15 20:55:00+00:00,2025-02-15 23:59:00+00:00,2025-02-15 23:59:00+00:00,scheduled_23_59_exit,0.28321025188601917,5.183980879463168,"simulated minute opens; intrabar exits only known within minute, not actual exchange fills"
925,1874.0,2699685.0,2699774.0,-1.0,0.341,2700.84,2731.09,2730.537912908534,2568.7758176396,0.4604932200000001,0.4656508450000001,0.0,-10.31525,-11.241394065000009,563.3361843269502,552.0947902619502,1.6348788975811221,1.0,552.0947902619502,0.0,0.0,2025-02-17 00:00:00+00:00,2025-02-16 00:00:00+00:00,2025-02-17 00:01:00+00:00,66.67,0.03489667291908955,2660.0,2025-02-17 18:45:00+00:00,2025-02-17 20:14:00+00:00,2025-02-17 20:15:00+00:00,stop,-1.1100431569562255,4.4469179624555535,"simulated minute opens; intrabar exits only known within minute, not actual exchange fills"
926,1875.0,2700280.0,2700362.0,1.0,0.317,2702.84,2670.8,2671.3430358591595,2841.541501264965,0.42840014000000004,0.4233218000000001,0.0,-10.156679999999989,-11.008401939999999,552.0947902619502,541.0863883219502,1.5519079243502325,1.0,540.34542195634,0.0,0.0,2025-02-18 00:00:00+00:00,2025-02-17 00:00:00+00:00,2025-02-18 00:01:00+00:00,67.43,0.03529447510025812,2743.0,2025-02-18 04:40:00+00:00,2025-02-18 06:02:00+00:00,2025-02-18 06:03:00+00:00,stop,-1.1025449895652435,4.403646670350592,"simulated minute opens; intrabar exits only known within minute, not actual exchange fills"
927,1876.0,2701970.0,2702879.0,-1.0,0.314,2711.27,2715.01,2742.400005230747,2577.7147261858427,0.42566939000000004,0.42625657,-0.026958606770564286,-1.1743600000000742,-1.9993273532295461,541.0863883219502,539.0870609687206,1.5733879069481371,3.0,533.0462189319501,0.0,0.0,2025-02-19 00:00:00+00:00,2025-02-18 00:00:00+00:00,2025-02-19 00:01:00+00:00,67.61,0.03538869140632435,2670.57,2025-02-19 08:50:00+00:00,2025-02-19 23:59:00+00:00,2025-02-19 23:59:00+00:00,scheduled_23_59_exit,-0.20453849966386664,4.290242575425119,"simulated minute opens; intrabar exits only known within minute, not actual exchange fills"
928,1877.0,2703735.0,2704319.0,-1.0,0.364,2757.9,2737.09,2784.1181473301694,2623.3837383942414,0.5019378,0.49815038000000006,-0.06320658991318144,7.57483999999998,6.637958409913267,539.0870609687206,545.7250193786339,1.8621771373923732,3.0,534.2170313278807,0.0,0.0,2025-02-20 00:00:00+00:00,2025-02-19 00:00:00+00:00,2025-02-20 00:01:00+00:00,64.92,0.03398068105455668,2714.06,2025-02-20 14:15:00+00:00,2025-02-20 23:59:00+00:00,2025-02-20 23:59:00+00:00,scheduled_23_59_exit,0.6955544664591639,5.130654729785966,"simulated minute opens; intrabar exits only known within minute, not actual exchange fills"
929,1878.0,2704900.0,2704955.0,-1.0,0.398,2780.98,2805.58,2805.016196842657,2648.576757073607,0.5534150200000001,0.5583104200000001,0.0,-9.790799999999964,-10.902525439999977,545.7250193786339,534.8224939386339,2.028182694024628,1.0,534.8156443586339,0.0,0.0,2025-02-21 00:00:00+00:00,2025-02-20 00:00:00+00:00,2025-02-21 00:01:00+00:00,62.65,0.03279250875027689,2736.87,2025-02-21 09:40:00+00:00,2025-02-21 10:35:00+00:00,2025-02-21 10:36:00+00:00,stop,-1.1396678176384911,5.508493868356823,"simulated minute opens; intrabar exits only known within minute, not actual exchange fills"
930,1879.0,2706330.0,2706367.0,-1.0,0.388,2704.17,2729.0,2728.452606765861,2573.3115176311912,0.52460898,0.5294260000000001,0.0,-9.634039999999972,-10.68807498000001,534.8224939386339,524.1344189586339,1.9618059671970123,1.0,523.0458849586339,0.0,0.0,2025-02-22 00:00:00+00:00,2025-02-21 00:00:00+00:00,2025-02-22 00:01:00+00:00,63.91,0.03345202289274056,2660.85,2025-02-22 09:30:00+00:00,2025-02-22 10:07:00+00:00,2025-02-22 10:08:00+00:00,stop,-1.1344163032252244,5.388980006577483,"simulated minute opens; intrabar exits only known within minute, not actual exchange fills"
931,1880.0,2707650.0,2708594.0,-1.0,0.352,2807.63,2834.51,2833.939944760476,2668.9353374057455,0.49414288,0.49887376,-0.039816895633280204,-9.461760000000037,-10.414959744366797,524.1344189586339,513.7194592142671,1.8855578345027522,1.0,512.8314529742672,0.0,0.0,2025-02-23 00:00:00+00:00,2025-02-22 00:00:00+00:00,2025-02-23 00:01:00+00:00,65.49,0.034279032690433094,2762.01,2025-02-23 07:30:00+00:00,2025-02-23 23:14:00+00:00,2025-02-23 23:15:00+00:00,stop,-1.1245920160072835,5.2715679890977425,"simulated minute opens; intrabar exits only known within minute, not actual exchange fills"
932,1882.0,2710100.0,2710506.0,1.0,0.157,2511.5,2448.59,2449.081345335814,2599.064844777508,0.19715275,0.192214315,0.0,-9.876869999999977,-10.266237064999984,513.7194592142671,503.4532221492671,0.767550251265719,1.0,499.4864085260971,0.0,0.0,2025-02-25 00:00:00+00:00,2025-02-24 00:00:00+00:00,2025-02-25 00:01:00+00:00,64.89,0.03396497833687897,2512.27,2025-02-25 00:20:00+00:00,2025-02-25 07:06:00+00:00,2025-02-25 07:07:00+00:00,stop,-1.04760420345168,1.4028633787224234,"simulated minute opens; intrabar exits only known within minute, not actual exchange fills"
933,1883.0,2712270.0,2712291.0,1.0,0.365,2456.15,2431.08,2431.56636679046,2580.8318151565386,0.44824737500000006,0.4436721,0.0,-9.15055000000006,-10.042469475000075,503.4532221492671,493.41075267426703,1.7806912550342193,1.0,491.4641962023171,0.0,0.0,2025-02-26 00:00:00+00:00,2025-02-25 00:00:00+00:00,2025-02-26 00:01:00+00:00,65.04,0.034043491925267504,2494.45,2025-02-26 12:30:00+00:00,2025-02-26 12:51:00+00:00,2025-02-26 12:52:00+00:00,stop,-1.1191842460992765,5.071740783545123,"simulated minute opens; intrabar exits only known within minute, not actual exchange fills"
934,1884.0,2713625.0,2714207.0,-1.0,0.335,2370.28,2256.3,2396.7784036262588,2255.8424203026298,0.3970219000000001,0.3779302500000001,-0.03911337068239646,38.18330000000001,37.44746122068233,493.41075267426703,530.8582138949494,1.6092956947053012,2.0,489.903266410517,0.0,0.0,2025-02-27 00:00:00+00:00,2025-02-26 00:00:00+00:00,2025-02-27 00:01:00+00:00,66.16,0.03462972671856854,2335.33,2025-02-27 11:05:00+00:00,2025-02-27 20:47:00+00:00,2025-02-27 20:48:00+00:00,target,4.218498136982991,4.318659392144238,"simulated minute opens; intrabar exits only known within minute, not actual exchange fills"
935,1886.0,2716130.0,2716635.0,-1.0,0.373,2268.61,2162.36,2294.278160271377,2161.922505481188,0.423095765,0.40328014,0.008817970469500001,39.63125,38.79605612453054,530.8582138949494,569.6542700194799,1.59400666289295,2.0,529.0326381299494,0.0,0.0,2025-03-01 00:00:00+00:00,2025-02-28 00:00:00+00:00,2025-03-01 00:01:00+00:00,64.87,0.03395450985842717,2236.59,2025-03-01 04:50:00+00:00,2025-03-01 13:15:00+00:00,2025-03-01 13:16:00+00:00,target,4.0521359236051016,4.156413758947146,"simulated minute opens; intrabar exits only known within minute, not actual exchange fills"
936,1887.0,2717920.0,2718218.0,-1.0,0.41100000000000003,2250.06,2275.46,2274.995764933975,2141.063974291612,0.46238733000000004,0.4676070300000001,0.0,-10.439400000000038,-11.369394360000001,569.6542700194799,558.2848756594799,1.6233963452400286,1.0,552.7637632198799,0.0,0.0,2025-03-02 00:00:00+00:00,2025-03-01 00:00:00+00:00,2025-03-02 00:01:00+00:00,66.24,0.03467160063237576,2216.6,2025-03-02 10:40:00+00:00,2025-03-02 15:38:00+00:00,2025-03-02 15:39:00+00:00,stop,-1.1093607945553545,4.371072072462518,"simulated minute opens; intrabar exits only known within minute, not actual exchange fills"
937,1888.0,2718790.0,2718798.0,1.0,0.424,2473.9900000000002,2450.16,2450.6518103629296,2608.557012374442,0.5244858800000001,0.51943392,0.0,-10.103920000000162,-11.147839800000156,558.2848756594799,547.1370358594797,1.8789184621218535,1.0,547.1370358594797,0.0,0.0,2025-03-03 00:00:00+00:00,2025-03-02 00:00:00+00:00,2025-03-03 00:01:00+00:00,68.17,0.03568180880297487,2517.12,2025-03-03 01:10:00+00:00,2025-03-03 01:18:00+00:00,2025-03-03 01:19:00+00:00,stop,-1.126568744571248,5.765957619981544,"simulated minute opens; intrabar exits only known within minute, not actual exchange fills"
938,1889.0,2720250.0,2720259.0,1.0,0.297,2120.78,2086.08,2086.507097283255,2233.3524971622073,0.31493583,0.30978288,0.0,-10.305900000000081,-10.93061871000009,547.1370358594797,536.2064171494796,1.1512137156106699,1.0,529.2248500294797,0.0,0.0,2025-03-04 00:00:00+00:00,2025-03-03 00:00:00+00:00,2025-03-04 00:01:00+00:00,74.25,0.03886422625232337,2148.22,2025-03-04 01:30:00+00:00,2025-03-04 01:39:00+00:00,2025-03-04 01:40:00+00:00,stop,-1.0738346356061268,3.2845918565049352,"simulated minute opens; intrabar exits only known within minute, not actual exchange fills"
939,1890.0,2722110.0,2722150.0,-1.0,0.423,2211.0,2234.11,2233.654986443751,2089.0847375344024,0.4676265,0.47251426500000004,0.0,-9.775530000000053,-10.71567076500014,536.2064171494796,525.4907463844795,1.744203295760403,1.0,525.3245340080995,0.0,0.0,2025-03-05 00:00:00+00:00,2025-03-04 00:00:00+00:00,2025-03-05 00:01:00+00:00,73.05,0.03823611754521511,2170.51,2025-03-05 08:30:00+00:00,2025-03-05 09:10:00+00:00,2025-03-05 09:11:00+00:00,stop,-1.1181889277619836,5.381387570824404,"simulated minute opens; intrabar exits only known within minute, not actual exchange fills"
940,1891.0,2723155.0,2723336.0,-1.0,0.269,2268.1,2304.8,2304.3357442542633,2158.015646368063,0.30505945,0.30999560000000004,0.0,-9.872300000000074,-10.487355050000133,525.4907463844795,515.0033913344794,1.1610459445723553,1.0,514.9690669344794,0.0,0.0,2025-03-06 00:00:00+00:00,2025-03-05 00:00:00+00:00,2025-03-06 00:01:00+00:00,71.62,0.03748762133591111,2240.45,2025-03-06 01:55:00+00:00,2025-03-06 04:56:00+00:00,2025-03-06 04:57:00+00:00,stop,-1.0759113908751423,3.038004486936538,"simulated minute opens; intrabar exits only known within minute, not actual exchange fills"
941,1892.0,2724560.0,2725746.0,1.0,0.35000000000000003,2166.26,2139.01,2139.444476407733,2286.661774941444,0.3790955000000001,0.37432675000000004,0.06554853666673768,-9.537500000000001,-10.356470786666648,515.0033913344794,504.6469205478127,1.4722058393350999,1.0,498.9807107713126,0.0,0.0,2025-03-07 00:00:00+00:00,2025-03-06 00:00:00+00:00,2025-03-07 00:01:00+00:00,72.65,0.038026747976179026,2201.34,2025-03-07 01:20:00+00:00,2025-03-07 21:06:00+00:00,2025-03-07 21:07:00+00:00,stop,-1.1034621953779813,4.490002760049178,"simulated minute opens; intrabar exits only known within minute, not actual exchange fills"
942,1893.0,2726785.0,2726958.0,-1.0,0.423,2178.7200000000003,2200.36,2199.913060550729,2064.2660239860916,0.4607992800000001,0.46537614000000005,-0.063058280004,-9.153719999999947,-10.016837139995971,504.6469205478127,494.63008340781676,1.826224479879063,1.0,492.26564871705676,0.0,0.0,2025-03-08 00:00:00+00:00,2025-03-07 00:00:00+00:00,2025-03-08 00:01:00+00:00,69.48,0.036367494141568056,2140.72,2025-03-08 14:25:00+00:00,2025-03-08 17:18:00+00:00,2025-03-08 17:19:00+00:00,stop,-1.1173688668192734,5.4005402258888715,"simulated minute opens; intrabar exits only known within minute, not actual exchange fills"
943,1894.0,2727975.0,2727997.0,1.0,0.419,2164.76,2143.34,2143.770152880078,2284.1393683470887,0.45351722,0.44902973,0.0,-8.97498000000003,-9.877526950000004,494.63008340781676,484.75255645781675,1.8337631907684853,1.0,484.75255645781675,0.0,0.0,2025-03-09 00:00:00+00:00,2025-03-08 00:00:00+00:00,2025-03-09 00:01:00+00:00,69.24,0.0362418724001464,2202.84,2025-03-09 10:15:00+00:00,2025-03-09 10:37:00+00:00,2025-03-09 10:38:00+00:00,stop,-1.1231168033437031,5.687481555488873,"simulated minute opens; intrabar exits only known within minute, not actual exchange fills"
944,1895.0,2728945.0,2729354.0,-1.0,0.34400000000000003,2056.33,2082.37,2081.9439829746198,1938.4729008705178,0.35368876,0.35816764,-0.018375034004878638,-8.957759999999988,-9.651241365995133,484.75255645781675,475.1013150918216,1.4592548519371369,1.0,474.61324273182163,0.0,0.0,2025-03-10 00:00:00+00:00,2025-03-09 00:00:00+00:00,2025-03-10 00:01:00+00:00,77.95,0.04080089476590716,2019.2,2025-03-10 02:25:00+00:00,2025-03-10 09:14:00+00:00,2025-03-10 09:15:00+00:00,stop,-1.095336646052824,4.601279670024899,"simulated minute opens; intrabar exits only known within minute, not actual exchange fills"
945,1896.0,2730345.0,2731047.0,1.0,0.274,1842.91,1938.72,1810.4497892278075,1939.1096161802386,0.25247867,0.26560464,0.011333023772595341,26.251939999999987,25.722523666227403,475.1013150918216,500.823838758049,1.062841385531438,2.0,472.20973366122155,0.0,0.0,2025-03-11 00:00:00+00:00,2025-03-10 00:00:00+00:00,2025-03-11 00:01:00+00:00,74.95,0.039230622998136525,1864.51,2025-03-11 01:45:00+00:00,2025-03-11 13:27:00+00:00,2025-03-11 13:28:00+00:00,target,2.892089156728201,2.9636164982221587,"simulated minute opens; intrabar exits only known within minute, not actual exchange fills"
946,1897.0,2732105.0,2732552.0,1.0,0.456,1887.75,1867.71,1868.0895154602126,1997.7871499069813,0.43040700000000004,0.42583788000000006,0.009644021593625852,-9.138239999999984,-10.00412890159356,500.823838758049,490.81970985645546,1.718795978511447,1.0,487.7706540232554,0.0,0.0,2025-03-12 00:00:00+00:00,2025-03-11 00:00:00+00:00,2025-03-12 00:01:00+00:00,73.28,0.038356505047410866,1922.61,2025-03-12 07:05:00+00:00,2025-03-12 14:32:00+00:00,2025-03-12 14:33:00+00:00,stop,-1.1158870029761017,5.596868667417458,"simulated minute opens; intrabar exits only known within minute, not actual exchange fills"
947,1898.0,2733545.0,2734127.0,1.0,0.437,1872.07,1851.49,1851.8681618435069,1983.653082998489,0.409047295,0.40455056500000003,0.0345151906352,-8.993459999999969,-9.84157305063519,490.81970985645546,480.97813680582027,1.6667924567235877,1.0,480.8473336686603,0.0,0.0,2025-03-13 00:00:00+00:00,2025-03-12 00:00:00+00:00,2025-03-13 00:01:00+00:00,75.05,0.03928296539039554,1907.24,2025-03-13 07:05:00+00:00,2025-03-13 16:47:00+00:00,2025-03-13 16:48:00+00:00,stop,-1.1147877710505063,5.523412381294877,"simulated minute opens; intrabar exits only known within minute, not actual exchange fills"
948,1899.0,2735030.0,2735440.0,-1.0,0.4,1897.22,1919.3400000000001,1918.952479215746,1792.631439364924,0.379444,0.38386800000000004,-0.05813380212000001,-8.848000000000047,-9.553178197880015,480.97813680582027,471.42495860794025,1.5778014465268244,1.0,470.6568266079403,0.0,0.0,2025-03-14 00:00:00+00:00,2025-03-13 00:00:00+00:00,2025-03-14 00:01:00+00:00,74.34,0.03891133440535649,1863.76,2025-03-14 07:50:00+00:00,2025-03-14 14:40:00+00:00,2025-03-14 14:41:00+00:00,stop,-1.0989517237129538,4.81254621696808,"simulated minute opens; intrabar exits only known within minute, not actual exchange fills"
949,1900.0,2737215.0,2737439.0,-1.0,0.404,1944.82,1936.68,1965.7462644237883,1839.897491966465,0.39285364,0.39120936000000006,0.0,3.288559999999949,2.504496999999958,471.42495860794025,473.9294556079402,1.6666645786427954,3.0,466.2689449679403,0.0,0.0,2025-03-15 00:00:00+00:00,2025-03-14 00:00:00+00:00,2025-03-15 00:01:00+00:00,72.23,0.03780690992869114,1910.79,2025-03-15 20:15:00+00:00,2025-03-15 23:59:00+00:00,2025-03-15 23:59:00+00:00,scheduled_23_59_exit,0.2962425531120013,5.013914854017727,"simulated minute opens; intrabar exits only known within minute, not actual exchange fills"
950,1901.0,2738410.0,2738594.0,1.0,0.268,1915.03,1881.6200000000001,1881.9974224552043,2011.0757992838257,0.25661402000000005,0.25213708,0.0,-8.95387999999996,-9.462631099999953,473.9294556079402,464.46682450794026,1.0829207468053426,1.0,464.4027215879403,0.0,0.0,2025-03-16 00:00:00+00:00,2025-03-15 00:00:00+00:00,2025-03-16 00:01:00+00:00,72.42,0.03790636047398328,1936.27,2025-03-16 16:10:00+00:00,2025-03-16 19:14:00+00:00,2025-03-16 19:15:00+00:00,stop,-1.068894032023931,2.9076083800477712,"simulated minute opens; intrabar exits only known within minute, not actual exchange fills"
951,1902.0,2739840.0,2739977.0,-1.0,0.375,1918.1100000000001,1940.94,1940.5475776033159,1815.5801544187666,0.359645625,0.36392625,0.0,-8.561249999999973,-9.284821874999977,464.46682450794026,455.1820026329403,1.5486385938587168,1.0,455.1820026329403,0.0,0.0,2025-03-17 00:00:00+00:00,2025-03-16 00:00:00+00:00,2025-03-17 00:01:00+00:00,72.67,0.03803721645463083,1885.97,2025-03-17 16:00:00+00:00,2025-03-17 18:17:00+00:00,2025-03-17 18:18:00+00:00,stop,-1.1034847628266735,4.569559486050852,"simulated minute opens; intrabar exits only known within minute, not actual exchange fills"
952,1903.0,2740960.0,2741145.0,1.0,0.405,1894.01,1873.43,1873.8068006736025,1996.3348439499591,0.38353702500000003,0.37936957500000007,0.0,-8.33489999999997,-9.097806599999956,455.1820026329403,446.0841960329403,1.6852029420384842,1.0,446.0841960329403,0.0,0.0,2025-03-18 00:00:00+00:00,2025-03-17 00:00:00+00:00,2025-03-18 00:01:00+00:00,69.15,0.03619476424711328,1925.37,2025-03-18 10:40:00+00:00,2025-03-18 13:45:00+00:00,2025-03-18 13:46:00+00:00,stop,-1.111889242742304,5.064784161004725,"simulated minute opens; intrabar exits only known within minute, not actual exchange fills"
953,1905.0,2743490.0,2743805.0,1.0,0.399,2020.6200000000001,2000.32,2000.7271361531148,2130.168672962427,0.40311369,0.39906384000000006,0.012433031160899999,-8.099700000000073,-8.914310561161017,446.0841960329403,437.1698854717793,1.8073435175911625,1.0,437.1698854717793,0.0,0.0,2025-03-20 00:00:00+00:00,2025-03-19 00:00:00+00:00,2025-03-20 00:01:00+00:00,68.44,0.03582313326207423,2055.21,2025-03-20 04:50:00+00:00,2025-03-20 10:05:00+00:00,2025-03-20 10:06:00+00:00,stop,-1.123097742540391,5.506933230208538,"simulated minute opens; intrabar exits only known within minute, not actual exchange fills"
954,1906.0,2745440.0,2746079.0,1.0,0.41500000000000004,1951.1000000000001,1964.39,1932.4105557815253,2051.8425689448823,0.40485325000000005,0.40761092500000007,0.021143316831,5.5153499999999855,4.681742508169009,437.1698854717793,441.8516279799483,1.8521552533889465,3.0,430.58765159597925,0.0,0.0,2025-03-21 00:00:00+00:00,2025-03-20 00:00:00+00:00,2025-03-21 00:01:00+00:00,65.47,0.03426856421198129,1982.72,2025-03-21 13:20:00+00:00,2025-03-21 23:59:00+00:00,2025-03-21 23:59:00+00:00,scheduled_23_59_exit,0.6036191936327494,5.390345896176862,"simulated minute opens; intrabar exits only known within minute, not actual exchange fills"
955,1907.0,2746650.0,2747519.0,-1.0,0.41400000000000003,1995.99,1979.89,2014.8711096799395,1899.991304029752,0.41316993,0.40983723000000005,-0.02126422385091565,6.665399999999963,5.863657063850894,441.8516279799483,447.7152850437992,1.8701749810855064,3.0,437.49717804994833,0.0,0.0,2025-03-22 00:00:00+00:00,2025-03-21 00:00:00+00:00,2025-03-22 00:01:00+00:00,64.09,0.0335462391988068,1964.81,2025-03-22 09:30:00+00:00,2025-03-22 23:59:00+00:00,2025-03-22 23:59:00+00:00,scheduled_23_59_exit,0.750137205896925,5.084377856892758,"simulated minute opens; intrabar exits only known within minute, not actual exchange fills"
956,1908.0,2748105.0,2748959.0,-1.0,0.424,2013.23,2005.18,2031.9024355642453,1911.861501239642,0.42680476,0.42509816,0.0028581982577116417,3.4131999999999807,2.5584388817422905,447.7152850437992,450.2737239255415,1.9065900774785762,3.0,444.49432028379925,0.0,0.0,2025-03-23 00:00:00+00:00,2025-03-22 00:00:00+00:00,2025-03-23 00:01:00+00:00,66.48,0.03479722237379741,1979.56,2025-03-23 09:45:00+00:00,2025-03-23 23:59:00+00:00,2025-03-23 23:59:00+00:00,scheduled_23_59_exit,0.32315302123347994,5.428777537433989,"simulated minute opens; intrabar exits only known within minute, not actual exchange fills"
957,1910.0,2750665.0,2751839.0,1.0,0.45,2047.51,2065.23,2029.9872115438131,2149.5939951349683,0.46068975,0.46467675,0.0090457324241085,7.974000000000013,7.039587767575938,450.2737239255415,457.31331169311744,2.046265307172048,3.0,446.43473417704155,0.0,0.0,2025-03-25 00:00:00+00:00,2025-03-24 00:00:00+00:00,2025-03-25 00:01:00+00:00,62.5,0.03271399516188836,2080.41,2025-03-25 04:25:00+00:00,2025-03-25 23:59:00+00:00,2025-03-25 23:59:00+00:00,scheduled_23_59_exit,0.8927533657959357,5.825784828151884,"simulated minute opens; intrabar exits only known within minute, not actual exchange fills"
958,1911.0,2752685.0,2752701.0,1.0,0.442,2033.91,2015.25,2015.6559058536245,2133.206465427796,0.44949411000000006,0.44537025,0.0,-8.247720000000037,-9.14258436,457.31331169311744,448.17072733311744,1.9658037433278805,1.0,447.42711758311737,0.0,0.0,2025-03-26 00:00:00+00:00,2025-03-25 00:00:00+00:00,2025-03-26 00:01:00+00:00,61.88,0.03238947232988243,2065.22,2025-03-26 14:05:00+00:00,2025-03-26 14:21:00+00:00,2025-03-26 14:22:00+00:00,stop,-1.1331474371795667,5.439681894459373,"simulated minute opens; intrabar exits only known within minute, not actual exchange fills"
959,1914.0,2756750.0,2756843.0,1.0,0.382,1870.04,1848.46,1848.8320038363104,1960.8161078399792,0.35717764,0.35305586,0.0,-8.243559999999972,-8.95379349999996,448.17072733311744,439.2169338331175,1.5939356063053003,1.0,435.40364505741746,0.0,0.0,2025-03-29 00:00:00+00:00,2025-03-28 00:00:00+00:00,2025-03-29 00:01:00+00:00,64.2,0.03360381583029172,1896.02,2025-03-29 09:50:00+00:00,2025-03-29 11:23:00+00:00,2025-03-29 11:24:00+00:00,stop,-1.1052081403206995,4.2802774547553835,"simulated minute opens; intrabar exits only known within minute, not actual exchange fills"
960,1915.0,2758620.0,2758927.0,1.0,0.435,1794.75,1776.39,1776.7497826758383,1896.992977038023,0.390358125,0.386364825,0.0,-7.986599999999957,-8.763322949999917,439.2169338331175,430.45361088311756,1.7775185560050304,1.0,429.1531101359675,0.0,0.0,2025-03-30 00:00:00+00:00,2025-03-29 00:00:00+00:00,2025-03-30 00:01:00+00:00,71.49,0.03741957622597438,1827.32,2025-03-30 17:00:00+00:00,2025-03-30 22:07:00+00:00,2025-03-30 22:08:00+00:00,stop,-1.1191848207831603,5.680096811985836,"simulated minute opens; intrabar exits only known within minute, not actual exchange fills"
961,1916.0,2759920.0,2760479.0,-1.0,0.33,1834.75,1823.28,1858.5522454075813,1740.4586753797541,0.30273374999999997,0.30084120000000003,-0.012207871438591752,3.7851000000000092,3.1937329214385954,430.45361088311756,433.64734380455616,1.4065801393971915,3.0,424.25460026861754,0.0,0.0,2025-03-31 00:00:00+00:00,2025-03-30 00:00:00+00:00,2025-03-31 00:01:00+00:00,71.67,0.03751379253204062,1806.99,2025-03-31 14:40:00+00:00,2025-03-31 23:59:00+00:00,2025-03-31 23:59:00+00:00,scheduled_23_59_exit,0.4065993936324758,3.9614466200828713,"simulated minute opens; intrabar exits only known within minute, not actual exchange fills"
962,1917.0,2760920.0,2760975.0,-1.0,0.44,1853.92,1871.72,1871.3416052742502,1757.305953404496,0.40786240000000007,0.41177840000000004,-0.02346219656955544,-7.83199999999998,-8.628178603430456,433.64734380455616,425.0191652011257,1.8810787421025812,1.0,423.43730887232573,0.0,0.0,2025-04-01 00:00:00+00:00,2025-03-31 00:00:00+00:00,2025-04-01 00:01:00+00:00,68.64,0.03592781804659227,1821.59,2025-04-01 07:20:00+00:00,2025-04-01 08:15:00+00:00,2025-04-01 08:16:00+00:00,stop,-1.1255849571429524,5.5456454829856305,"simulated minute opens; intrabar exits only known within minute, not actual exchange fills"
963,1918.0,2762065.0,2762235.0,1.0,0.35000000000000003,1877.1000000000001,1854.73,1855.105982533504,1971.7098026526307,0.3284925000000001,0.32457775000000005,0.0,-7.829500000000042,-8.482570250000038,425.0191652011257,416.53659495112566,1.5457773526262153,1.0,416.53659495112566,0.0,0.0,2025-04-02 00:00:00+00:00,2025-04-01 00:00:00+00:00,2025-04-02 00:01:00+00:00,66.55,0.034833862048378725,1904.21,2025-04-02 02:25:00+00:00,2025-04-02 05:15:00+00:00,2025-04-02 05:16:00+00:00,stop,-1.101932152091769,4.301615327747698,"simulated minute opens; intrabar exits only known within minute, not actual exchange fills"
964,1919.0,2763455.0,2763645.0,-1.0,0.374,1823.3,1843.73,1843.3540504734376,1730.4690293982703,0.34095709999999996,0.34477751,0.0,-7.640820000000024,-8.326554610000073,416.53659495112566,408.2100403411256,1.6371051385773496,1.0,408.2100403411256,0.0,0.0,2025-04-03 00:00:00+00:00,2025-04-02 00:00:00+00:00,2025-04-03 00:01:00+00:00,68.99,0.03611101641949884,1794.1,2025-04-03 01:35:00+00:00,2025-04-03 04:45:00+00:00,2025-04-03 04:46:00+00:00,stop,-1.1101754745002292,4.629038444113211,"simulated minute opens; intrabar exits only known within minute, not actual exchange fills"
965,1920.0,2764925.0,2765488.0,1.0,0.294,1793.13,1767.15,1767.5068287979554,1883.8947999451218,0.26359011,0.25977105,-0.0111799641954,-7.638120000000005,-8.150301195804616,408.2100403411256,400.059739145321,1.2914435410737461,1.0,400.059739145321,0.0,0.0,2025-04-04 00:00:00+00:00,2025-04-03 00:00:00+00:00,2025-04-04 00:01:00+00:00,69.62,0.03644077349073068,1816.48,2025-04-04 02:05:00+00:00,2025-04-04 11:28:00+00:00,2025-04-04 11:29:00+00:00,stop,-1.0819157664874792,3.542293778916753,"simulated minute opens; intrabar exits only known within minute, not actual exchange fills"
966,1921.0,2767075.0,2767481.0,1.0,0.34600000000000003,1786.81,1765.49,1765.852526537174,1885.0128760272203,0.30911813,0.30542977000000004,-0.0048191622297291325,-7.376719999999978,-7.986448737770218,400.059739145321,392.07329040755076,1.5453598538078004,1.0,392.07329040755076,0.0,0.0,2025-04-05 00:00:00+00:00,2025-04-04 00:00:00+00:00,2025-04-05 00:01:00+00:00,71.29,0.03731489144145634,1815.97,2025-04-05 13:55:00+00:00,2025-04-05 20:41:00+00:00,2025-04-05 20:42:00+00:00,stop,-1.1013838011726955,4.685816551380178,"simulated minute opens; intrabar exits only known within minute, not actual exchange fills"
967,1923.0,2769365.0,2769497.0,1.0,0.332,1551.94,1529.93,1530.241785750808,1648.8214664431118,0.25762204000000005,0.25396838000000005,0.0,-7.307319999999997,-7.818910420000009,392.07329040755076,384.25437998755075,1.314152462322583,1.0,382.35047484295075,0.0,0.0,2025-04-07 00:00:00+00:00,2025-04-06 00:00:00+00:00,2025-04-07 00:01:00+00:00,81.48,0.04264858121265062,1579.98,2025-04-07 04:05:00+00:00,2025-04-07 06:17:00+00:00,2025-04-07 06:18:00+00:00,stop,-1.085385863072903,4.464951139779599,"simulated minute opens; intrabar exits only known within minute, not actual exchange fills"
968,1924.0,2770670.0,2770687.0,-1.0,0.397,1581.43,1599.19,1598.8650542617247,1492.6300334902178,0.313913855,0.31743921500000005,0.0,-7.0507199999999965,-7.682073070000001,384.25437998755075,376.57230691755075,1.6338856307125,1.0,376.57230691755075,0.0,0.0,2025-04-08 00:00:00+00:00,2025-04-07 00:00:00+00:00,2025-04-08 00:01:00+00:00,75.06,0.03928819962962145,1552.44,2025-04-08 01:50:00+00:00,2025-04-08 02:07:00+00:00,2025-04-08 02:08:00+00:00,stop,-1.1098508619201684,5.0931855546171585,"simulated minute opens; intrabar exits only known within minute, not actual exchange fills"
969,1925.0,2772130.0,2772163.0,1.0,0.394,1445.42,1427.75,1428.0411482823326,1534.3522132980104,0.28474774,0.28126675,0.0,-6.961980000000029,-7.527994490000026,376.57230691755075,369.0443124275507,1.512313756318489,1.0,369.0443124275507,0.0,0.0,2025-04-09 00:00:00+00:00,2025-04-08 00:00:00+00:00,2025-04-09 00:01:00+00:00,78.39,0.041031201291846855,1472.67,2025-04-09 02:10:00+00:00,2025-04-09 02:43:00+00:00,2025-04-09 02:44:00+00:00,stop,-1.099415848089446,5.1172663615974905,"simulated minute opens; intrabar exits only known within minute, not actual exchange fills"
970,1926.0,2773490.0,2773632.0,1.0,0.368,1639.77,1621.3700000000001,1621.6947077293169,1733.4756621217196,0.30171768,0.29833208,0.0,-6.77119999999995,-7.371249759999955,369.0443124275507,361.67306266755077,1.6351298195889794,1.0,361.67306266755077,0.0,0.0,2025-04-10 00:00:00+00:00,2025-04-09 00:00:00+00:00,2025-04-10 00:01:00+00:00,72.77,0.03808955884688985,1668.69,2025-04-10 00:50:00+00:00,2025-04-10 03:12:00+00:00,2025-04-10 03:13:00+00:00,stop,-1.108174058822168,5.184185169370882,"simulated minute opens; intrabar exits only known within minute, not actual exchange fills"
971,1927.0,2775140.0,2775365.0,-1.0,0.326,1547.0900000000001,1567.65,1567.3302979356595,1462.6277677165003,0.25217567,0.25552695000000003,0.029633417701800006,-6.702559999999982,-7.239896037701783,361.67306266755077,354.433166629849,1.394495172740025,1.0,354.163557992489,0.0,0.0,2025-04-11 00:00:00+00:00,2025-04-10 00:00:00+00:00,2025-04-11 00:01:00+00:00,75.48,0.03950803767710934,1521.57,2025-04-11 04:20:00+00:00,2025-04-11 08:05:00+00:00,2025-04-11 08:06:00+00:00,stop,-1.097230392798391,4.172973765109178,"simulated minute opens; intrabar exits only known within minute, not actual exchange fills"
972,1928.0,2776820.0,2777079.0,-1.0,0.339,1594.7,1613.94,1613.6126423588091,1504.6049976654713,0.27030165000000006,0.27356283000000003,0.0,-6.5223600000000035,-7.066224480000017,354.433166629849,347.36694214984897,1.5252616033097637,1.0,347.36694214984897,0.0,0.0,2025-04-12 00:00:00+00:00,2025-04-11 00:00:00+00:00,2025-04-12 00:01:00+00:00,76.36,0.03996865072898872,1565.96,2025-04-12 08:20:00+00:00,2025-04-12 12:39:00+00:00,2025-04-12 12:40:00+00:00,stop,-1.1021368460600767,4.763744834024451,"simulated minute opens; intrabar exits only known within minute, not actual exchange fills"
973,1929.0,2777915.0,2778436.0,1.0,0.342,1613.8500000000001,1595.19,1595.518951209194,1709.9694575832239,0.27596835000000003,0.27277749000000007,0.028701227046861864,-6.381720000000029,-6.959167067046906,347.36694214984897,340.40777508280206,1.5889154465421258,1.0,340.40777508280206,0.0,0.0,2025-04-13 00:00:00+00:00,2025-04-12 00:00:00+00:00,2025-04-13 00:01:00+00:00,75.63,0.039586551265497864,1643.6,2025-04-13 02:35:00+00:00,2025-04-13 11:16:00+00:00,2025-04-13 11:17:00+00:00,stop,-1.110053328029825,5.2435329085716145,"simulated minute opens; intrabar exits only known within minute, not actual exchange fills"
974,1930.0,2779395.0,2779809.0,-1.0,0.332,1628.43,1647.28,1646.9494572020506,1532.5700880177146,0.27031938000000005,0.27344848000000005,-0.032095409916376376,-6.25819999999997,-6.76987245008354,340.40777508280206,333.6379026327185,1.5882091995944954,1.0,333.6379026327185,0.0,0.0,2025-04-14 00:00:00+00:00,2025-04-13 00:00:00+00:00,2025-04-14 00:01:00+00:00,78.58,0.041130651837138994,1596.92,2025-04-14 03:15:00+00:00,2025-04-14 10:09:00+00:00,2025-04-14 10:10:00+00:00,stop,-1.1010680203039185,5.176172872478776,"simulated minute opens; intrabar exits only known within minute, not actual exchange fills"
975,1931.0,2781475.0,2782079.0,-1.0,0.188,1636.6200000000001,1588.68,1669.9750267877935,1562.4605641083456,0.15384228000000003,0.14933592,-0.001020345278,9.01272000000001,8.710562145278004,333.6379026327185,342.3484647779965,0.9222110484812365,3.0,333.45774035271853,0.0,0.0,2025-04-15 00:00:00+00:00,2025-04-14 00:00:00+00:00,2025-04-15 00:01:00+00:00,72.65,0.038026747976179026,1623.02,2025-04-15 13:55:00+00:00,2025-04-15 23:59:00+00:00,2025-04-15 23:59:00+00:00,scheduled_23_59_exit,1.3890793031968431,2.2233361215225895,"simulated minute opens; intrabar exits only known within minute, not actual exchange fills"
976,1932.0,2782580.0,2783157.0,1.0,0.369,1561.1200000000001,1544.13,1544.440832514949,1647.995906790325,0.28802664000000006,0.284891985,-0.0147476630016,-6.2693100000000035,-6.827480961998447,342.3484647779965,335.5209838159981,1.6826518570005993,1.0,335.4704281407481,0.0,0.0,2025-04-16 00:00:00+00:00,2025-04-15 00:00:00+00:00,2025-04-16 00:01:00+00:00,70.85,0.03708458491551664,1588.0,2025-04-16 08:20:00+00:00,2025-04-16 17:57:00+00:00,2025-04-16 17:58:00+00:00,stop,-1.1093274559526678,5.208647665909514,"simulated minute opens; intrabar exits only known within minute, not actual exchange fills"
977,1933.0,2783915.0,2784959.0,-1.0,0.36,1603.66,1582.27,1620.3139545794684,1520.0987451047936,0.2886588,0.2848086,-0.019676020392,7.700400000000036,7.146608620392044,335.5209838159981,342.6675924363901,1.7206601907098744,3.0,330.96080103639014,0.0,0.0,2025-04-17 00:00:00+00:00,2025-04-16 00:00:00+00:00,2025-04-17 00:01:00+00:00,69.7,0.0364826474045379,1576.58,2025-04-17 06:35:00+00:00,2025-04-17 23:59:00+00:00,2025-04-17 23:59:00+00:00,scheduled_23_59_exit,1.1920106133034696,5.017502269294309,"simulated minute opens; intrabar exits only known within minute, not actual exchange fills"
978,1935.0,2787475.0,2787839.0,-1.0,0.379,1615.01,1612.65,1631.112801229796,1532.0810250430536,0.306044395,0.305597175,0.0,0.894439999999962,0.2827984299999571,342.6675924363901,342.9503908663901,1.7862465068494124,3.0,339.55694804139006,0.0,0.0,2025-04-19 00:00:00+00:00,2025-04-18 00:00:00+00:00,2025-04-19 00:01:00+00:00,68.38,0.035791727826718814,1587.91,2025-04-19 17:55:00+00:00,2025-04-19 23:59:00+00:00,2025-04-19 23:59:00+00:00,scheduled_23_59_exit,0.04633790042810672,5.149971969069408,"simulated minute opens; intrabar exits only known within minute, not actual exchange fills"
979,1936.0,2789030.0,2789279.0,1.0,0.394,1585.6000000000001,1586.33,1570.1262141478376,1670.6375101853484,0.31236320000000006,0.31250701,0.0,0.2876199999999176,-0.3372502100000929,342.9503908663901,342.61314065639,1.8216232336745959,3.0,338.13606009617007,0.0,0.0,2025-04-20 00:00:00+00:00,2025-04-19 00:00:00+00:00,2025-04-20 00:01:00+00:00,67.74,0.03545673651626108,1612.44,2025-04-20 19:50:00+00:00,2025-04-20 23:59:00+00:00,2025-04-20 23:59:00+00:00,scheduled_23_59_exit,-0.05531710262622053,5.495585307810354,"simulated minute opens; intrabar exits only known within minute, not actual exchange fills"
980,1937.0,2789320.0,2789400.0,-1.0,0.272,1606.93,1630.47,1630.1355808213043,1530.2657777827485,0.21854248,0.22174392000000004,0.0,-6.402879999999991,-6.843166399999973,342.61314065639,335.76997425639,1.275739042474021,1.0,334.78600560951,0.0,0.0,2025-04-21 00:00:00+00:00,2025-04-20 00:00:00+00:00,2025-04-21 00:01:00+00:00,69.02,0.03612671913717655,1586.56,2025-04-21 00:40:00+00:00,2025-04-21 02:00:00+00:00,2025-04-21 02:01:00+00:00,stop,-1.0841659251598033,3.3036976237573334,"simulated minute opens; intrabar exits only known within minute, not actual exchange fills"
981,1939.0,2792350.0,2792458.0,-1.0,0.261,1782.91,1806.75,1806.3881496890851,1690.0293667816306,0.232669755,0.235780875,0.0,-6.222239999999979,-6.690690630000006,335.76997425639,329.07928362639,1.3858877972354735,1.0,328.25018450139004,0.0,0.0,2025-04-23 00:00:00+00:00,2025-04-22 00:00:00+00:00,2025-04-23 00:01:00+00:00,72.69,0.03804768493308264,1755.57,2025-04-23 03:10:00+00:00,2025-04-23 04:58:00+00:00,2025-04-23 04:59:00+00:00,stop,-1.0918590408305302,3.956045704127589,"simulated minute opens; intrabar exits only known within minute, not actual exchange fills"
982,1940.0,2793855.0,2794104.0,1.0,0.264,1767.38,1744.3,1744.6553336077,1863.0848516259912,0.23329416000000003,0.2302476,0.0335050443816,-6.093120000000041,-6.590166804381681,329.07928362639,322.4891168220083,1.4178598994694747,1.0,322.4891168220083,0.0,0.0,2025-04-24 00:00:00+00:00,2025-04-23 00:00:00+00:00,2025-04-24 00:01:00+00:00,71.7,0.03752949524971833,1794.46,2025-04-24 04:15:00+00:00,2025-04-24 08:24:00+00:00,2025-04-24 08:25:00+00:00,stop,-1.0984871071796456,4.211496440643852,"simulated minute opens; intrabar exits only known within minute, not actual exchange fills"
983,1941.0,2796010.0,2796479.0,-1.0,0.28600000000000003,1797.48,1784.92,1817.7804574079444,1705.5395529661719,0.25703964,0.25524356000000004,0.0,3.5921599999999847,3.0798767999999654,322.4891168220083,325.5689936220083,1.5940980739630237,3.0,318.66478887456833,0.0,0.0,2025-04-25 00:00:00+00:00,2025-04-24 00:00:00+00:00,2025-04-25 00:01:00+00:00,69.58,0.03641983653382707,1768.8,2025-04-25 16:10:00+00:00,2025-04-25 23:59:00+00:00,2025-04-25 23:59:00+00:00,scheduled_23_59_exit,0.5304708058344356,4.52898401185031,"simulated minute opens; intrabar exits only known within minute, not actual exchange fills"
984,1942.0,2797005.0,2797919.0,-1.0,0.277,1811.7,1820.0,1832.9922909980885,1720.1902364339285,0.25092045,0.25207,-0.0036285577328000005,-2.2990999999999877,-2.7984618922672553,325.5689936220083,322.77053172974104,1.5414271931025678,3.0,320.32739172974107,0.0,0.0,2025-04-26 00:00:00+00:00,2025-04-25 00:00:00+00:00,2025-04-26 00:01:00+00:00,69.34,0.036294214792405424,1783.77,2025-04-26 08:45:00+00:00,2025-04-26 23:59:00+00:00,2025-04-26 23:59:00+00:00,scheduled_23_59_exit,-0.4744792617434728,4.297788508258083,"simulated minute opens; intrabar exits only known within minute, not actual exchange fills"
985,1943.0,2798920.0,2799359.0,1.0,0.273,1792.2,1789.89,1770.7164255827358,1887.8517379194939,0.24463530000000003,0.24431998500000005,0.0,-0.6306299999999851,-1.1195852850000279,322.77053172974104,321.650946444741,1.515846559405464,3.0,320.23677175463104,0.0,0.0,2025-04-27 00:00:00+00:00,2025-04-26 00:00:00+00:00,2025-04-27 00:01:00+00:00,69.93,0.036603034906733646,1820.0,2025-04-27 16:40:00+00:00,2025-04-27 23:59:00+00:00,2025-04-27 23:59:00+00:00,scheduled_23_59_exit,-0.1908921169423511,4.452319528477908,"simulated minute opens; intrabar exits only known within minute, not actual exchange fills"
986,1944.0,2799470.0,2800799.0,1.0,0.28300000000000003,1762.39,1797.53,1741.8288330595694,1856.8150605410508,0.24937818500000003,0.254350495,-0.06730191461410001,9.944619999999965,9.508193234613998,321.650946444741,331.159139679355,1.5506137181091286,3.0,316.66353017435506,0.0,0.0,2025-04-28 00:00:00+00:00,2025-04-27 00:00:00+00:00,2025-04-28 00:01:00+00:00,69.79,0.03652975555757102,1790.21,2025-04-28 01:50:00+00:00,2025-04-28 23:59:00+00:00,2025-04-28 23:59:00+00:00,scheduled_23_59_exit,1.634044217920051,4.592397932209625,"simulated minute opens; intrabar exits only known within minute, not actual exchange fills"
987,1945.0,2801345.0,2802239.0,-1.0,0.311,1828.96,1798.07,1847.9760998947584,1736.2069748668935,0.28440328,0.279599885,0.007876501567600001,9.60679000000003,9.034910333432435,331.159139679355,340.19405001278744,1.7176230151785852,3.0,326.918816399355,0.0,0.0,2025-04-29 00:00:00+00:00,2025-04-28 00:00:00+00:00,2025-04-29 00:01:00+00:00,68.11,0.03565040336761946,1799.22,2025-04-29 09:05:00+00:00,2025-04-29 23:59:00+00:00,2025-04-29 23:59:00+00:00,scheduled_23_59_exit,1.5277138208770082,4.877605063416468,"simulated minute opens; intrabar exits only known within minute, not actual exchange fills"
988,1946.0,2803040.0,2803061.0,1.0,0.364,1766.03,1749.1000000000001,1749.4585979602882,1861.36456675754,0.32141746,0.3183362,0.0,-6.16251999999994,-6.802273659999969,340.19405001278744,333.3917763527875,1.8896124725750985,1.0,333.32855327286745,0.0,0.0,2025-04-30 00:00:00+00:00,2025-04-29 00:00:00+00:00,2025-04-30 00:01:00+00:00,67.69,0.035430565320131564,1796.57,2025-04-30 13:20:00+00:00,2025-04-30 13:41:00+00:00,2025-04-30 13:42:00+00:00,stop,-1.12769969343674,5.75295720477241,"simulated minute opens; intrabar exits only known within minute, not actual exchange fills"
989,1948.0,2806090.0,2806559.0,-1.0,0.218,1857.3,1841.5900000000001,1885.5755003034537,1774.601868328486,0.20244569999999998,0.20073331000000003,0.0,3.4247799999999584,3.0216009899999676,333.3917763527875,336.41337734278744,1.2144612696491748,3.0,330.99189065278745,0.0,0.0,2025-05-02 00:00:00+00:00,2025-05-01 00:00:00+00:00,2025-05-02 00:01:00+00:00,66.22,0.034661132153923954,1837.19,2025-05-02 16:10:00+00:00,2025-05-02 23:59:00+00:00,2025-05-02 23:59:00+00:00,scheduled_23_59_exit,0.4901966314034351,2.924727441919482,"simulated minute opens; intrabar exits only known within minute, not actual exchange fills"
990,1952.0,2812055.0,2812112.0,1.0,0.379,1790.8500000000001,1774.89,1775.2489394975125,1880.053194249036,0.33936607500000004,0.336341655,0.0,-6.0488400000000135,-6.724547729999983,336.41337734278744,329.68882961278746,2.0175539848060438,1.0,329.68882961278746,0.0,0.0,2025-05-06 00:00:00+00:00,2025-05-05 00:00:00+00:00,2025-05-06 00:01:00+00:00,62.62,0.032776806032599186,1819.43,2025-05-06 19:35:00+00:00,2025-05-06 20:32:00+00:00,2025-05-06 20:33:00+00:00,stop,-1.1372861477699445,5.717764778542616,"simulated minute opens; intrabar exits only known within minute, not actual exchange fills"
991,1954.0,2813920.0,2813949.0,-1.0,0.321,1837.54,1856.17,1855.7939804109578,1751.0103119508576,0.29492516999999996,0.29791528500000003,0.0,-5.980230000000035,-6.57307045500005,329.68882961278746,323.1157591577874,1.7891122992937514,1.0,322.7652544427874,0.0,0.0,2025-05-08 00:00:00+00:00,2025-05-07 00:00:00+00:00,2025-05-08 00:01:00+00:00,63.45,0.03321124788834907,1810.14,2025-05-08 02:40:00+00:00,2025-05-08 03:09:00+00:00,2025-05-08 03:10:00+00:00,stop,-1.121774787690026,4.740318883940435,"simulated minute opens; intrabar exits only known within minute, not actual exchange fills"
992,1956.0,2817175.0,2817219.0,-1.0,0.186,2379.9900000000002,2412.23,2411.743388462132,2257.3001414397077,0.22133907000000003,0.22433739,0.0,-5.996639999999959,-6.442316459999972,323.1157591577874,316.67344269778744,1.3700295558280915,1.0,316.33928733286746,0.0,0.0,2025-05-10 00:00:00+00:00,2025-05-09 00:00:00+00:00,2025-05-10 00:01:00+00:00,72.25,0.03781737840714294,2344.3,2025-05-10 08:55:00+00:00,2025-05-10 09:39:00+00:00,2025-05-10 09:40:00+00:00,stop,-1.0907846903112748,3.8638351527935275,"simulated minute opens; intrabar exits only known within minute, not actual exchange fills"
993,1957.0,2818115.0,2818487.0,1.0,0.153,2544.78,2506.03,2506.537534659536,2685.9439718425906,0.19467567000000002,0.191711295,0.0,-5.92875,-6.315136964999965,316.67344269778744,310.35830573278747,1.2295042384453176,1.0,310.35830573278747,0.0,0.0,2025-05-11 00:00:00+00:00,2025-05-10 00:00:00+00:00,2025-05-11 00:01:00+00:00,75.47,0.039502803437883434,2581.91,2025-05-11 00:35:00+00:00,2025-05-11 06:47:00+00:00,2025-05-11 06:48:00+00:00,stop,-1.0793081626023333,3.691288482210522,"simulated minute opens; intrabar exits only known within minute, not actual exchange fills"
994,1958.0,2819950.0,2819967.0,-1.0,0.17300000000000001,2555.4700000000003,2588.76,2588.238088818503,2417.1506207848297,0.22104815500000005,0.22392774000000004,0.0,-5.759169999999994,-6.204145895000011,310.35830573278747,304.15415983778746,1.4244706902757631,1.0,303.1308649779175,0.0,0.0,2025-05-12 00:00:00+00:00,2025-05-11 00:00:00+00:00,2025-05-12 00:01:00+00:00,74.66,0.03907883006058535,2513.48,2025-05-12 07:10:00+00:00,2025-05-12 07:27:00+00:00,2025-05-12 07:28:00+00:00,stop,-1.094421929781582,4.221161019835478,"simulated minute opens; intrabar exits only known within minute, not actual exchange fills"
995,1959.0,2821070.0,2821099.0,1.0,0.194,2452.67,2423.86,2424.3547615853186,2590.3701563570653,0.23790899000000001,0.23511442000000002,0.0,-5.58913999999999,-6.062163409999982,304.15415983778746,298.0919964277875,1.5643974103585,1.0,297.8806525561875,0.0,0.0,2025-05-13 00:00:00+00:00,2025-05-12 00:00:00+00:00,2025-05-13 00:01:00+00:00,72.31,0.03784878384249836,2494.16,2025-05-13 01:50:00+00:00,2025-05-13 02:19:00+00:00,2025-05-13 02:20:00+00:00,stop,-1.103584739155776,4.863111316260977,"simulated minute opens; intrabar exits only known within minute, not actual exchange fills"
996,1960.0,2822535.0,2822938.0,1.0,0.113,2654.13,2604.09,2604.6146564920327,2780.502312438567,0.14995834500000002,0.14713108500000002,0.016345790465421967,-5.654519999999996,-5.967955220465456,298.0919964277875,292.124041207322,1.0061212430862918,1.0,292.124041207322,0.0,0.0,2025-05-14 00:00:00+00:00,2025-05-13 00:00:00+00:00,2025-05-14 00:01:00+00:00,71.34,0.037341062637585846,2678.59,2025-05-14 02:15:00+00:00,2025-05-14 08:58:00+00:00,2025-05-14 08:59:00+00:00,stop,-1.066614089115034,2.5521849084664585,"simulated minute opens; intrabar exits only known within minute, not actual exchange fills"
997,1961.0,2824250.0,2824287.0,1.0,0.196,2563.83,2536.69,2537.2016442153567,2707.271937095805,0.25125534,0.24859562000000002,0.0,-5.319439999999975,-5.819290959999989,292.124041207322,286.30475024732203,1.7201962492479879,1.0,286.30475024732203,0.0,0.0,2025-05-15 00:00:00+00:00,2025-05-14 00:00:00+00:00,2025-05-15 00:01:00+00:00,70.83,0.03707411643706483,2608.74,2025-05-15 06:50:00+00:00,2025-05-15 07:27:00+00:00,2025-05-15 07:28:00+00:00,stop,-1.1149866045098655,5.38681164754938,"simulated minute opens; intrabar exits only known within minute, not actual exchange fills"
998,1962.0,2825645.0,2825723.0,-1.0,0.186,2591.3,2619.42,2618.8865796640007,2455.8978773994268,0.2409909,0.24360606,0.0,-5.230319999999979,-5.714916959999982,286.30475024732203,280.58983328732205,1.6834572237577057,1.0,280.58983328732205,0.0,0.0,2025-05-16 00:00:00+00:00,2025-05-15 00:00:00+00:00,2025-05-16 00:01:00+00:00,70.15,0.03671818816970349,2547.75,2025-05-16 06:05:00+00:00,2025-05-16 07:23:00+00:00,2025-05-16 07:24:00+00:00,stop,-1.113779249701455,4.908260619828427,"simulated minute opens; intrabar exits only known within minute, not actual exchange fills"
999,1963.0,2826765.0,2826827.0,1.0,0.146,2503.27,2467.52,2468.0145129291786,2628.892002531083,0.18273871,0.18012895999999998,0.0,-5.2195,-5.5823676699999965,280.58983328732205,275.00746561732205,1.302532653154805,1.0,274.176283559982,0.0,0.0,2025-05-17 00:00:00+00:00,2025-05-16 00:00:00+00:00,2025-05-17 00:01:00+00:00,68.94,0.036084845223369334,2535.72,2025-05-17 00:45:00+00:00,2025-05-17 01:47:00+00:00,2025-05-17 01:48:00+00:00,stop,-1.0845232381329064,3.5631901008411315,"simulated minute opens; intrabar exits only known within minute, not actual exchange fills"
1000,1964.0,2828655.0,2828999.0,-1.0,0.197,2517.51,2542.86,2542.3513650088016,2385.917320363292,0.24797473500000003,0.25047171,0.0,-4.993949999999982,-5.492396444999997,275.00746561732205,269.51506917232206,1.803403659921447,1.0,269.4289307548721,0.0,0.0,2025-05-18 00:00:00+00:00,2025-05-17 00:00:00+00:00,2025-05-18 00:01:00+00:00,69.33,0.03628898055317952,2474.09,2025-05-18 08:15:00+00:00,2025-05-18 13:59:00+00:00,2025-05-18 14:00:00+00:00,stop,-1.1223290262077754,5.297320803026892,"simulated minute opens; intrabar exits only known within minute, not actual exchange fills"
1001,1965.0,2829640.0,2829671.0,1.0,0.163,2455.21,2424.71,2425.200505295922,2596.001558277075,0.200099615,0.197613865,0.0,-4.9715,-5.369213479999985,269.51506917232206,264.1458556923221,1.484886285687133,1.0,264.1458556923221,0.0,0.0,2025-05-19 00:00:00+00:00,2025-05-18 00:00:00+00:00,2025-05-19 00:01:00+00:00,74.3,0.03889039744845288,2496.98,2025-05-19 00:40:00+00:00,2025-05-19 01:11:00+00:00,2025-05-19 01:12:00+00:00,stop,-1.0976512708667414,4.691567107857474,"simulated minute opens; intrabar exits only known within minute, not actual exchange fills"
1002,1966.0,2831190.0,2832479.0,-1.0,0.14300000000000002,2564.75,2523.02,2598.361843636012,2434.5979853947224,0.18337962500000005,0.18039593000000004,-0.028810372336990422,5.9673900000000035,5.632424817336982,264.1458556923221,269.77828050965906,1.388472474946578,3.0,260.75355606732205,0.0,0.0,2025-05-20 00:00:00+00:00,2025-05-19 00:00:00+00:00,2025-05-20 00:01:00+00:00,71.07,0.037199738178486486,2526.87,2025-05-20 02:30:00+00:00,2025-05-20 23:59:00+00:00,2025-05-20 23:59:00+00:00,scheduled_23_59_exit,1.171836527676316,3.872206952249161,"simulated minute opens; intrabar exits only known within minute, not actual exchange fills"
1003,1967.0,2832920.0,2833474.0,-1.0,0.16,2563.82,2594.81,2594.281388185639,2431.197789039326,0.20510560000000003,0.2075848,-0.040766120575999994,-4.9583999999999655,-5.330324279424019,269.77828050965906,264.44795623023504,1.5205493905033358,1.0,264.44795623023504,0.0,0.0,2025-05-21 00:00:00+00:00,2025-05-20 00:00:00+00:00,2025-05-21 00:01:00+00:00,70.88,0.03710028763319435,2523.09,2025-05-21 07:20:00+00:00,2025-05-21 16:34:00+00:00,2025-05-21 16:35:00+00:00,stop,-1.093664101694035,4.353780929235493,"simulated minute opens; intrabar exits only known within minute, not actual exchange fills"
1004,1968.0,2833990.0,2834141.0,-1.0,0.107,2578.94,2625.34,2624.813383970265,2454.139029296237,0.13797329,0.14045569,0.0,-4.964800000000009,-5.243228980000026,264.44795623023504,259.204727250235,1.0434816132961677,1.0,259.204727250235,0.0,0.0,2025-05-22 00:00:00+00:00,2025-05-21 00:00:00+00:00,2025-05-22 00:01:00+00:00,73.4,0.03841931591812169,2550.26,2025-05-22 01:10:00+00:00,2025-05-22 03:41:00+00:00,2025-05-22 03:42:00+00:00,stop,-1.0682041689307973,2.7205529634495433,"simulated minute opens; intrabar exits only known within minute, not actual exchange fills"
1005,1969.0,2835525.0,2836071.0,-1.0,0.148,2711.55,2561.98,2743.0866430597853,2561.4583567047866,0.2006547,0.18958651999999998,-0.039289559999999994,22.136360000000025,21.78540834000006,259.204727250235,280.99013559023507,1.5482333376295943,2.0,256.3267525502351,0.0,0.0,2025-05-23 00:00:00+00:00,2025-05-22 00:00:00+00:00,2025-05-23 00:01:00+00:00,74.79,0.03914687517052209,2663.72,2025-05-23 02:45:00+00:00,2025-05-23 11:51:00+00:00,2025-05-23 11:52:00+00:00,target,4.667545138553613,4.7592777395704315,"simulated minute opens; intrabar exits only known within minute, not actual exchange fills"
1006,1970.0,2837455.0,2838239.0,-1.0,0.191,2572.23,2529.23,2598.502183153365,2431.09697875318,0.245647965,0.241541465,-0.010314454030857583,8.213000000000001,7.736125024030855,280.99013559023507,288.7262606142659,1.7484454711123796,3.0,280.3225856528851,0.0,0.0,2025-05-24 00:00:00+00:00,2025-05-23 00:00:00+00:00,2025-05-24 00:01:00+00:00,72.7,0.03805291917230854,2525.39,2025-05-24 10:55:00+00:00,2025-05-24 23:59:00+00:00,2025-05-24 23:59:00+00:00,scheduled_23_59_exit,1.5416789743237316,5.371956354862111,"simulated minute opens; intrabar exits only known within minute, not actual exchange fills"
1007,1971.0,2838305.0,2838770.0,1.0,0.165,2490.0,2457.57,2458.067154249887,2627.425789715449,0.20542500000000002,0.20274952500000004,0.015427231874999999,-5.3509499999999734,-5.774551756874928,288.7262606142659,282.951708857391,1.4229741317118696,1.0,282.951708857391,0.0,0.0,2025-05-25 00:00:00+00:00,2025-05-24 00:00:00+00:00,2025-05-25 00:01:00+00:00,72.74,0.038073856129212144,2529.27,2025-05-25 01:05:00+00:00,2025-05-25 08:50:00+00:00,2025-05-25 08:51:00+00:00,stop,-1.0959650652142672,4.30358730915685,"simulated minute opens; intrabar exits only known within minute, not actual exchange fills"
1008,1974.0,2843785.0,2843999.0,1.0,0.132,2626.14,2679.75,2586.555092310097,2760.7932591772465,0.17332524000000002,0.1768635,0.0,7.076520000000017,6.726331259999995,282.951708857391,289.678040117391,1.2251224118766977,3.0,282.26490361739104,0.0,0.0,2025-05-28 00:00:00+00:00,2025-05-27 00:00:00+00:00,2025-05-28 00:01:00+00:00,71.17,0.03725208057074551,2659.84,2025-05-28 20:25:00+00:00,2025-05-28 23:59:00+00:00,2025-05-28 23:59:00+00:00,scheduled_23_59_exit,1.287284926850988,3.4016312538122375,"simulated minute opens; intrabar exits only known within minute, not actual exchange fills"
1009,1975.0,2844285.0,2845439.0,-1.0,0.166,2723.7200000000003,2633.2000000000003,2755.229528500284,2583.77907038064,0.22606876000000004,0.21855560000000004,-0.081817791907,15.026319999999998,14.663513431907006,289.678040117391,304.341553549298,1.5608277376385622,3.0,286.3632093573911,0.0,0.0,2025-05-29 00:00:00+00:00,2025-05-28 00:00:00+00:00,2025-05-29 00:01:00+00:00,70.14,0.03671295393047759,2680.4,2025-05-29 04:45:00+00:00,2025-05-29 23:59:00+00:00,2025-05-29 23:59:00+00:00,scheduled_23_59_exit,2.8034192343977855,4.441225758681255,"simulated minute opens; intrabar exits only known within minute, not actual exchange fills"
1010,1976.0,2845505.0,2846432.0,1.0,0.214,2581.28,2555.53,2556.042277216937,2732.676913815187,0.27619696,0.27344171,0.08768994810046382,-5.5104999999999995,-6.147828618100505,304.341553549298,298.1937249311975,1.8150460019601689,1.0,295.4573889402775,0.0,0.0,2025-05-30 00:00:00+00:00,2025-05-29 00:00:00+00:00,2025-05-30 00:01:00+00:00,72.95,0.038183775152956095,2630.3,2025-05-30 01:05:00+00:00,2025-05-30 16:32:00+00:00,2025-05-30 16:33:00+00:00,stop,-1.1383028238941646,5.998834170442141,"simulated minute opens; intrabar exits only known within minute, not actual exchange fills"
1011,1977.0,2846980.0,2848319.0,1.0,0.147,2497.03,2526.32,2459.7009321356127,2625.9710443522936,0.18353170500000002,0.18568452,0.040042197951263535,4.3056299999999945,3.8963715770487397,298.1937249311975,302.09009650824623,1.2309561848918615,3.0,296.0862230398775,0.0,0.0,2025-05-31 00:00:00+00:00,2025-05-30 00:00:00+00:00,2025-05-31 00:01:00+00:00,71.41,0.03737770231216716,2529.63,2025-05-31 01:40:00+00:00,2025-05-31 23:59:00+00:00,2025-05-31 23:59:00+00:00,scheduled_23_59_exit,0.7100613707222168,3.454172625491809,"simulated minute opens; intrabar exits only known within minute, not actual exchange fills"
1012,1978.0,2848910.0,2849759.0,1.0,0.171,2488.52,2534.18,2456.189490854914,2624.793567258636,0.21276846000000002,0.21667239000000002,0.014533529400000002,7.807859999999976,7.363885620599945,302.09009650824623,309.4539821288462,1.4086424047614683,3.0,298.47758558376626,0.0,0.0,2025-06-01 00:00:00+00:00,2025-05-31 00:00:00+00:00,2025-06-01 00:01:00+00:00,72.48,0.03793776590933869,2527.08,2025-06-01 09:50:00+00:00,2025-06-01 23:59:00+00:00,2025-06-01 23:59:00+00:00,scheduled_23_59_exit,1.3319820732407137,4.215014574843093,"simulated minute opens; intrabar exits only known within minute, not actual exchange fills"
1013,1979.0,2849965.0,2851199.0,1.0,0.222,2491.82,2604.17,2466.9383433988,2635.676636483174,0.27659202000000005,0.28906287,0.07840481390279999,24.94169999999998,24.297640296097143,309.4539821288462,333.7516224249433,1.7876132541402325,3.0,305.2646930811097,0.0,0.0,2025-06-02 00:00:00+00:00,2025-06-01 00:00:00+00:00,2025-06-02 00:01:00+00:00,72.23,0.03780690992869114,2537.89,2025-06-02 03:25:00+00:00,2025-06-02 23:59:00+00:00,2025-06-02 23:59:00+00:00,scheduled_23_59_exit,4.398775849889379,5.7816341889484715,"simulated minute opens; intrabar exits only known within minute, not actual exchange fills"
1014,1981.0,2852845.0,2853578.0,-1.0,0.20600000000000002,2633.55,2663.2200000000003,2662.6857686114627,2501.022822373813,0.27125565000000007,0.27431166000000007,-0.041245185261052496,-6.112020000000015,-6.616342124738935,333.7516224249433,327.1352803002044,1.6254941206226026,1.0,327.1352803002044,0.0,0.0,2025-06-04 00:00:00+00:00,2025-06-03 00:00:00+00:00,2025-06-04 00:01:00+00:00,68.38,0.035791727826718814,2592.16,2025-06-04 03:25:00+00:00,2025-06-04 15:38:00+00:00,2025-06-04 15:39:00+00:00,stop,-1.1023620513459422,4.548607568706759,"simulated minute opens; intrabar exits only known within minute, not actual exchange fills"
1015,1982.0,2855065.0,2855237.0,1.0,0.218,2564.98,2537.54,2538.0574365174166,2700.926459385785,0.27958282,0.27659186,0.0,-5.981920000000012,-6.538094679999972,327.1352803002044,320.5971856202044,1.7092795356308461,1.0,316.3570073778244,0.0,0.0,2025-06-05 00:00:00+00:00,2025-06-04 00:00:00+00:00,2025-06-05 00:01:00+00:00,67.9,0.035540484343875516,2606.62,2025-06-05 16:25:00+00:00,2025-06-05 19:17:00+00:00,2025-06-05 19:18:00+00:00,stop,-1.113982330077952,5.049536217965676,"simulated minute opens; intrabar exits only known within minute, not actual exchange fills"
1016,1983.0,2855820.0,2856139.0,-1.0,0.226,2457.21,2483.01,2482.511851613748,2323.1111038859544,0.27766473,0.28058013000000004,-0.014659258892399999,-5.830800000000041,-6.37438560110769,320.5971856202044,314.2228000190967,1.732171974391164,1.0,314.2228000190967,0.0,0.0,2025-06-06 00:00:00+00:00,2025-06-05 00:00:00+00:00,2025-06-06 00:01:00+00:00,72.45,0.037922063191660985,2412.9,2025-06-06 05:00:00+00:00,2025-06-06 10:19:00+00:00,2025-06-06 10:20:00+00:00,stop,-1.1147502741370392,5.299963740249789,"simulated minute opens; intrabar exits only known within minute, not actual exchange fills"
1017,1984.0,2857875.0,2858312.0,-1.0,0.20400000000000001,2516.0,2544.18,2543.6669711052305,2387.173841796752,0.256632,0.25950636000000005,-0.034698960535884935,-5.748719999999967,-6.230159399464128,314.2228000190967,307.9926406196326,1.6334397121049353,1.0,307.9926406196326,0.0,0.0,2025-06-07 00:00:00+00:00,2025-06-06 00:00:00+00:00,2025-06-07 00:01:00+00:00,69.32,0.03628374631395361,2475.38,2025-06-07 15:15:00+00:00,2025-06-07 22:32:00+00:00,2025-06-07 22:33:00+00:00,stop,-1.1038431688108823,4.656315926787271,"simulated minute opens; intrabar exits only known within minute, not actual exchange fills"
1018,1987.0,2862105.0,2862407.0,-1.0,0.16,2719.4500000000003,2755.05,2754.497649306082,2581.8153603442256,0.21755600000000005,0.22040400000000002,-0.04370928,-5.6959999999999855,-6.090250720000029,307.9926406196326,301.90238989963257,1.4127350547228121,1.0,301.90238989963257,0.0,0.0,2025-06-10 00:00:00+00:00,2025-06-09 00:00:00+00:00,2025-06-10 00:01:00+00:00,70.68,0.03699560284867631,2679.12,2025-06-10 13:45:00+00:00,2025-06-10 18:47:00+00:00,2025-06-10 18:48:00+00:00,stop,-1.0860661914177177,3.927071925816452,"simulated minute opens; intrabar exits only known within minute, not actual exchange fills"
1019,1988.0,2863330.0,2864159.0,1.0,0.159,2767.34,2771.14,2732.7367400761227,2930.345915234707,0.22000353000000003,0.22030562999999997,0.045540939,0.6041999999999567,0.11834990099998777,301.90238989963257,302.02073980063255,1.4574480849465297,3.0,297.8523043199826,0.0,0.0,2025-06-11 00:00:00+00:00,2025-06-10 00:00:00+00:00,2025-06-11 00:01:00+00:00,76.22,0.03989537137982609,2815.74,2025-06-11 10:10:00+00:00,2025-06-11 23:59:00+00:00,2025-06-11 23:59:00+00:00,scheduled_23_59_exit,0.021510661181558324,4.710709788421611,"simulated minute opens; intrabar exits only known within minute, not actual exchange fills"
1020,1989.0,2864900.0,2865352.0,1.0,0.187,2722.12,2692.67,2693.2174850535753,2876.6162921713535,0.25451822,0.251764645,0.0271083189575,-5.507149999999966,-6.040541183957487,302.02073980063255,295.98019861667507,1.6854353788286889,1.0,295.90865185941504,0.0,0.0,2025-06-12 00:00:00+00:00,2025-06-11 00:00:00+00:00,2025-06-12 00:01:00+00:00,71.92,0.03764464851268817,2770.34,2025-06-12 12:20:00+00:00,2025-06-12 19:52:00+00:00,2025-06-12 19:53:00+00:00,stop,-1.1176314356165014,5.345427290937724,"simulated minute opens; intrabar exits only known within minute, not actual exchange fills"
1021,1991.0,2867540.0,2867986.0,1.0,0.20400000000000001,2529.35,2502.96,2503.4677763750124,2681.057731467397,0.2579937,0.25530192,0.0,-5.383559999999974,-5.89685561999994,295.98019861667507,290.0833429966751,1.7433172976150912,1.0,290.0833429966751,0.0,0.0,2025-06-14 00:00:00+00:00,2025-06-13 00:00:00+00:00,2025-06-14 00:01:00+00:00,74.82,0.03916257788819979,2578.09,2025-06-14 08:20:00+00:00,2025-06-14 15:46:00+00:00,2025-06-14 15:47:00+00:00,stop,-1.1168342959564246,5.86146436509935,"simulated minute opens; intrabar exits only known within minute, not actual exchange fills"
1022,1993.0,2870605.0,2870745.0,-1.0,0.157,2591.9700000000003,2626.18,2625.6496844338594,2444.2628876741833,0.203469645,0.20615513,0.0,-5.370969999999934,-5.7805947749999405,290.0833429966751,284.3027482216752,1.402835770562201,1.0,284.21129007438515,0.0,0.0,2025-06-16 00:00:00+00:00,2025-06-15 00:00:00+00:00,2025-06-16 00:01:00+00:00,78.15,0.04090557955042521,2546.32,2025-06-16 11:25:00+00:00,2025-06-16 13:45:00+00:00,2025-06-16 13:46:00+00:00,stop,-1.0932131823356497,4.385644189032921,"simulated minute opens; intrabar exits only known within minute, not actual exchange fills"
1023,1994.0,2871635.0,2872799.0,-1.0,0.186,2592.98,2509.48,2620.3433291887277,2443.6840832594585,0.24114714,0.23338164,-0.07383421787148435,15.531,15.130305437871527,284.3027482216752,299.4330536595467,1.6964108965416957,3.0,283.2450610816752,0.0,0.0,2025-06-17 00:00:00+00:00,2025-06-16 00:00:00+00:00,2025-06-17 00:01:00+00:00,76.2,0.03988490290137429,2543.12,2025-06-17 04:35:00+00:00,2025-06-17 23:59:00+00:00,2025-06-17 23:59:00+00:00,scheduled_23_59_exit,2.9728008459624857,5.456058205155972,"simulated minute opens; intrabar exits only known within minute, not actual exchange fills"
1024,1997.0,2876180.0,2876720.0,-1.0,0.169,2560.82,2426.65,2593.080270902535,2426.1577030950853,0.21638929,0.20505192500000002,-0.010909862268931536,22.674730000000014,22.264198647268927,299.4330536595467,321.69725230681564,1.4453266755649035,2.0,298.6117253053368,0.0,0.0,2025-06-20 00:00:00+00:00,2025-06-19 00:00:00+00:00,2025-06-20 00:01:00+00:00,72.64,0.03802151373695313,2520.18,2025-06-20 08:20:00+00:00,2025-06-20 17:20:00+00:00,2025-06-20 17:21:00+00:00,target,4.083686116463727,4.174245694084768,"simulated minute opens; intrabar exits only known within minute, not actual exchange fills"
1025,1999.0,2878725.0,2879361.0,1.0,0.181,2259.61,2226.5,2226.9532133233374,2388.0757563893862,0.20449470500000003,0.20149825,-0.0072342413583,-5.992910000000023,-6.391668713641764,321.69725230681564,315.3055835931739,1.2713487823325589,1.0,315.3055835931739,0.0,0.0,2025-06-22 00:00:00+00:00,2025-06-21 00:00:00+00:00,2025-06-22 00:01:00+00:00,76.26,0.039916308336729704,2294.63,2025-06-22 02:45:00+00:00,2025-06-22 13:21:00+00:00,2025-06-22 13:22:00+00:00,stop,-1.0813399115270548,3.933814972714101,"simulated minute opens; intrabar exits only known within minute, not actual exchange fills"
1026,2000.0,2880435.0,2880824.0,-1.0,0.185,2260.14,2291.9,2291.440717035693,2142.3845217591697,0.20906294999999997,0.21200075000000002,0.005851961005258638,-5.87560000000004,-6.302515661005259,315.3055835931739,309.0030679321686,1.3260973536691028,1.0,308.07889211456865,0.0,0.0,2025-06-23 00:00:00+00:00,2025-06-22 00:00:00+00:00,2025-06-23 00:01:00+00:00,73.43,0.0384350186357994,2226.33,2025-06-23 07:15:00+00:00,2025-06-23 13:44:00+00:00,2025-06-23 13:45:00+00:00,stop,-1.088398460099225,3.7620696710094483,"simulated minute opens; intrabar exits only known within minute, not actual exchange fills"
1027,2001.0,2882485.0,2882879.0,-1.0,0.177,2446.85,2447.09,2478.6155065662374,2322.334940064121,0.216546225,0.21656746500000001,0.0,-0.04248000000004185,-0.47559369000003926,309.0030679321686,308.5274742421686,1.4015797736191768,3.0,305.67486170716865,0.0,0.0,2025-06-24 00:00:00+00:00,2025-06-23 00:00:00+00:00,2025-06-24 00:01:00+00:00,71.1,0.037215440896164194,2410.39,2025-06-24 17:25:00+00:00,2025-06-24 23:59:00+00:00,2025-06-24 23:59:00+00:00,scheduled_23_59_exit,-0.08458766411917114,3.9198197477581527,"simulated minute opens; intrabar exits only known within minute, not actual exchange fills"
1028,2002.0,2883745.0,2884319.0,1.0,0.193,2410.11,2416.6,2381.0779107190256,2539.1476096361907,0.23257561500000004,0.2332019,0.005559879743874374,1.252569999999958,0.7812326052560934,308.5274742421686,309.3087068474247,1.5076492981461183,3.0,305.7728602805686,0.0,0.0,2025-06-25 00:00:00+00:00,2025-06-24 00:00:00+00:00,2025-06-25 00:01:00+00:00,70.17,0.0367286566481553,2447.58,2025-06-25 14:25:00+00:00,2025-06-25 23:59:00+00:00,2025-06-25 23:59:00+00:00,scheduled_23_59_exit,0.13942631871092287,4.444654616047634,"simulated minute opens; intrabar exits only known within minute, not actual exchange fills"
1029,2003.0,2884420.0,2884493.0,-1.0,0.214,2458.09,2484.4700000000003,2483.9641977850883,2331.1441412221366,0.26301563,0.26583829000000003,0.0,-5.645320000000023,-6.174173919999987,309.3087068474247,303.1345329274247,1.7006674831804198,1.0,301.7583395210847,0.0,0.0,2025-06-26 00:00:00+00:00,2025-06-25 00:00:00+00:00,2025-06-26 00:01:00+00:00,69.32,0.03628374631395361,2417.28,2025-06-26 01:40:00+00:00,2025-06-26 02:53:00+00:00,2025-06-26 02:54:00+00:00,stop,-1.115059884740755,4.906272257492943,"simulated minute opens; intrabar exits only known within minute, not actual exchange fills"
1030,2004.0,2886205.0,2887199.0,-1.0,0.171,2448.32,2422.68,2480.7200793584475,2329.038107598288,0.20933136000000002,0.20713914,-0.0252280214532,4.3844400000000565,3.993197521453226,303.1345329274247,307.1277304488779,1.3811119305903516,3.0,300.61026383148413,0.0,0.0,2025-06-27 00:00:00+00:00,2025-06-26 00:00:00+00:00,2025-06-27 00:01:00+00:00,68.88,0.03605343978801392,2414.54,2025-06-27 07:25:00+00:00,2025-06-27 23:59:00+00:00,2025-06-27 23:59:00+00:00,scheduled_23_59_exit,0.7207399719875014,3.6815308716400676,"simulated minute opens; intrabar exits only known within minute, not actual exchange fills"
1031,2006.0,2889995.0,2890007.0,-1.0,0.225,2472.48,2497.21,2496.708497027441,2354.636642303777,0.278154,0.28093612500000004,0.0,-5.564250000000004,-6.12334012499997,307.1277304488779,301.00439032387794,1.8113245560306013,1.0,299.99179011112795,0.0,0.0,2025-06-29 00:00:00+00:00,2025-06-28 00:00:00+00:00,2025-06-29 00:01:00+00:00,63.96,0.033478194088870074,2434.8,2025-06-29 22:35:00+00:00,2025-06-29 22:47:00+00:00,2025-06-29 22:48:00+00:00,stop,-1.123257665103068,4.863832765307525,"simulated minute opens; intrabar exits only known within minute, not actual exchange fills"
1032,2007.0,2890755.0,2890977.0,1.0,0.234,2458.98,2435.71,2436.2071062103887,2585.852176563519,0.28770066000000005,0.28497807,0.0,-5.445179999999996,-6.01785873,301.00439032387794,294.98653159387794,1.9116044100914062,1.0,294.98653159387794,0.0,0.0,2025-06-30 00:00:00+00:00,2025-06-29 00:00:00+00:00,2025-06-30 00:01:00+00:00,65.08,0.03406442888217111,2499.25,2025-06-30 11:15:00+00:00,2025-06-30 14:57:00+00:00,2025-06-30 14:58:00+00:00,stop,-1.1292963133096374,5.571192564969345,"simulated minute opens; intrabar exits only known within minute, not actual exchange fills"
1033,2008.0,2892335.0,2892343.0,1.0,0.248,2444.34,2423.03,2423.517246379884,2567.7216269745027,0.30309816,0.30045572000000004,0.0,-5.284879999999986,-5.88843387999998,294.98653159387794,289.09809771387796,2.0549966017925843,1.0,289.09809771387796,0.0,0.0,2025-07-01 00:00:00+00:00,2025-06-30 00:00:00+00:00,2025-07-01 00:01:00+00:00,63.1,0.033028049515442484,2484.3,2025-07-01 13:35:00+00:00,2025-07-01 13:43:00+00:00,2025-07-01 13:44:00+00:00,stop,-1.1402759420378465,5.925327131340967,"simulated minute opens; intrabar exits only known within minute, not actual exchange fills"
1034,2009.0,2893285.0,2893825.0,-1.0,0.219,2439.09,2463.0,2462.5033438551836,2327.3610596411163,0.267080355,0.2696985,-0.026053922152564683,-5.236289999999968,-5.747014932847378,289.09809771387796,283.3510827810306,1.8476797814445043,1.0,283.3510827810306,0.0,0.0,2025-07-02 00:00:00+00:00,2025-07-01 00:00:00+00:00,2025-07-02 00:01:00+00:00,61.62,0.03225338211000897,2403.65,2025-07-02 05:25:00+00:00,2025-07-02 14:25:00+00:00,2025-07-02 14:26:00+00:00,stop,-1.1208171494533474,4.772019795632402,"simulated minute opens; intrabar exits only known within minute, not actual exchange fills"
1035,2010.0,2895155.0,2895839.0,-1.0,0.1,2583.88,2590.19,2637.2975136269806,2481.513718984969,0.12919400000000003,0.1295095,-0.011299855398900842,-0.6309999999999946,-0.8784036446011214,283.3510827810306,282.47267913642946,0.9119005209508176,3.0,278.17656475003065,0.0,0.0,2025-07-03 00:00:00+00:00,2025-07-02 00:00:00+00:00,2025-07-03 00:01:00+00:00,66.47,0.0347919881345715,2569.37,2025-07-03 12:35:00+00:00,2025-07-03 23:59:00+00:00,2025-07-03 23:59:00+00:00,scheduled_23_59_exit,-0.16444113268451543,1.9163430505183112,"simulated minute opens; intrabar exits only known within minute, not actual exchange fills"
1036,2011.0,2896285.0,2896669.0,1.0,0.218,2547.2200000000003,2523.96,2524.466968411213,2680.441732115004,0.27764698000000004,0.27511164000000005,0.0365618415728,-5.070680000000047,-5.660000461572849,282.47267913642946,276.8126786748566,1.9658324539478829,1.0,276.8126786748566,0.0,0.0,2025-07-04 00:00:00+00:00,2025-07-03 00:00:00+00:00,2025-07-04 00:01:00+00:00,65.45,0.034258095733529496,2590.17,2025-07-04 07:25:00+00:00,2025-07-04 13:49:00+00:00,2025-07-04 13:50:00+00:00,stop,-1.1410921119801563,5.85512007906045,"simulated minute opens; intrabar exits only known within minute, not actual exchange fills"
1037,2013.0,2899575.0,2900010.0,-1.0,0.197,2553.03,2578.48,2577.95897060857,2434.004441958162,0.251473455,0.25398028,-0.041060113680999995,-5.013649999999965,-5.478043621318989,276.8126786748566,271.3346350535376,1.8169215095481954,1.0,269.17059976563763,0.0,0.0,2025-07-06 00:00:00+00:00,2025-07-05 00:00:00+00:00,2025-07-06 00:01:00+00:00,62.73,0.0328343826640841,2515.25,2025-07-06 14:15:00+00:00,2025-07-06 21:30:00+00:00,2025-07-06 21:31:00+00:00,stop,-1.1154623455426913,4.7745877642024155,"simulated minute opens; intrabar exits only known within minute, not actual exchange fills"
1038,2014.0,2901070.0,2901141.0,1.0,0.158,2537.31,2505.5,2506.0060142105017,2655.799716348312,0.20044748999999998,0.1979345,-0.012048588161800003,-5.025979999999992,-5.412313401838162,271.3346350535376,265.92232165169946,1.4774928380259988,1.0,265.92232165169946,0.0,0.0,2025-07-07 00:00:00+00:00,2025-07-06 00:00:00+00:00,2025-07-07 00:01:00+00:00,63.38,0.03317460821376775,2569.14,2025-07-07 15:10:00+00:00,2025-07-07 16:21:00+00:00,2025-07-07 16:22:00+00:00,stop,-1.094274331174516,3.785131936395858,"simulated minute opens; intrabar exits only known within minute, not actual exchange fills"
1039,2015.0,2902445.0,2902628.0,-1.0,0.20700000000000002,2583.29,2606.3,2605.7733746281688,2457.968094119541,0.26737051500000003,0.2697520500000001,-0.034312811831999995,-4.763070000000045,-5.265879753168008,265.92232165169946,260.65644189853145,2.0108918524725983,1.0,260.3467180326115,0.0,0.0,2025-07-08 00:00:00+00:00,2025-07-07 00:00:00+00:00,2025-07-08 00:01:00+00:00,63.75,0.03336827506512612,2541.37,2025-07-08 14:05:00+00:00,2025-07-08 17:08:00+00:00,2025-07-08 17:09:00+00:00,stop,-1.1314597138869078,5.573981128413281,"simulated minute opens; intrabar exits only known within minute, not actual exchange fills"
1040,2016.0,2903880.0,2904128.0,-1.0,0.17500000000000002,2653.06,2680.09,2679.550420665295,2529.0193539808106,0.23214275,0.23450787500000003,-0.029127082600000003,-4.730250000000035,-5.1677735424000275,260.65644189853145,255.48866835613143,1.7812162884535094,1.0,253.3151168798815,0.0,0.0,2025-07-09 00:00:00+00:00,2025-07-08 00:00:00+00:00,2025-07-09 00:01:00+00:00,63.12,0.03303851799389429,2613.97,2025-07-09 14:00:00+00:00,2025-07-09 18:08:00+00:00,2025-07-09 18:09:00+00:00,stop,-1.1147476629802058,4.682471735214628,"simulated minute opens; intrabar exits only known within minute, not actual exchange fills"
1041,2017.0,2904920.0,2905757.0,-1.0,0.147,2808.39,2840.2200000000003,2839.644353650476,2674.6015836379543,0.20641666499999997,0.20875617,-0.02448481370503014,-4.679010000000056,-5.069698021295011,255.48866835613143,250.41897033483642,1.615857692070093,1.0,249.23563650483644,0.0,0.0,2025-07-10 00:00:00+00:00,2025-07-09 00:00:00+00:00,2025-07-10 00:01:00+00:00,65.37,0.034216221819722274,2767.7,2025-07-10 07:20:00+00:00,2025-07-10 21:17:00+00:00,2025-07-10 21:18:00+00:00,stop,-1.1034540028293642,4.280632959434328,"simulated minute opens; intrabar exits only known within minute, not actual exchange fills"
1042,2018.0,2906330.0,2906496.0,-1.0,0.125,2993.14,3030.11,3029.4948318482125,2848.638697480681,0.18707125,0.189381875,-0.037104375,-4.621250000000032,-4.960598750000031,250.41897033483642,245.45837158483639,1.4940661224656113,1.0,244.5172320798364,0.0,0.0,2025-07-11 00:00:00+00:00,2025-07-10 00:00:00+00:00,2025-07-11 00:01:00+00:00,67.2,0.03517408759806236,2950.62,2025-07-11 06:50:00+00:00,2025-07-11 09:36:00+00:00,2025-07-11 09:37:00+00:00,stop,-1.091596026786502,3.974748201907124,"simulated minute opens; intrabar exits only known within minute, not actual exchange fills"
1043,2019.0,2908310.0,2908799.0,1.0,0.14200000000000002,2909.59,2940.4,2878.554169700358,3064.7606254417888,0.20658089000000004,0.20876840000000005,0.025326165085144736,4.375019999999993,3.934344544914836,245.45837158483639,249.39271612975122,1.6832254582818387,3.0,244.51408611001634,0.0,0.0,2025-07-12 00:00:00+00:00,2025-07-11 00:00:00+00:00,2025-07-12 00:01:00+00:00,68.43,0.03581789902284833,2956.93,2025-07-12 15:50:00+00:00,2025-07-12 23:59:00+00:00,2025-07-12 23:59:00+00:00,scheduled_23_59_exit,0.8927311258391571,4.999725283443726,"simulated minute opens; intrabar exits only known within minute, not actual exchange fills"
1044,2020.0,2909685.0,2910239.0,-1.0,0.133,2987.63,2970.29,3021.49526787049,2838.957490923188,0.19867739500000003,0.19752428500000002,-0.028664272257370674,2.3062200000000197,1.9386825922573792,249.39271612975122,251.3313987220086,1.5932894759976421,3.0,246.2807430070086,0.0,0.0,2025-07-13 00:00:00+00:00,2025-07-12 00:00:00+00:00,2025-07-13 00:01:00+00:00,68.03,0.03560852945381224,2941.87,2025-07-13 14:45:00+00:00,2025-07-13 23:59:00+00:00,2025-07-13 23:59:00+00:00,scheduled_23_59_exit,0.4304280391280314,4.390117616827285,"simulated minute opens; intrabar exits only known within minute, not actual exchange fills"
1045,2021.0,2910455.0,2910462.0,-1.0,0.121,3011.19,3049.38,3048.767262861532,2868.9672238060807,0.182176995,0.18448749,0.0,-4.620990000000006,-4.987654485000007,251.3313987220086,246.3437442370086,1.4496954692199158,1.0,246.3437442370086,0.0,0.0,2025-07-14 00:00:00+00:00,2025-07-13 00:00:00+00:00,2025-07-14 00:01:00+00:00,66.36,0.03473441150308658,2970.37,2025-07-14 03:35:00+00:00,2025-07-14 03:42:00+00:00,2025-07-14 03:43:00+00:00,stop,-1.09694751190081,3.784809359798103,"simulated minute opens; intrabar exits only known within minute, not actual exchange fills"
1046,2022.0,2911940.0,2913061.0,1.0,0.159,2960.61,3120.2400000000002,2933.292625244078,3120.8666148881443,0.23536849500000004,0.24805908000000002,0.095643906,25.38117000000002,24.802098519000026,246.3437442370086,271.1458427560086,1.9108948411009843,2.0,244.6335613808286,0.0,0.0,2025-07-15 00:00:00+00:00,2025-07-14 00:00:00+00:00,2025-07-15 00:01:00+00:00,67.67,0.03542009684167976,3012.26,2025-07-15 04:20:00+00:00,2025-07-15 23:01:00+00:00,2025-07-15 23:02:00+00:00,target,5.710213459153255,5.866472028151312,"simulated minute opens; intrabar exits only known within minute, not actual exchange fills"
1047,2023.0,2913970.0,2913990.0,-1.0,0.156,3193.13,3224.52,3223.872072681803,3026.196123835476,0.24906414000000002,0.25151256,0.0,-4.8968399999999805,-5.397416699999951,271.1458427560086,265.74842605600867,1.837123058708454,1.0,265.74842605600867,0.0,0.0,2025-07-16 00:00:00+00:00,2025-07-15 00:00:00+00:00,2025-07-16 00:01:00+00:00,69.08,0.036158124572531966,3137.62,2025-07-16 14:10:00+00:00,2025-07-16 14:30:00+00:00,2025-07-16 14:31:00+00:00,stop,-1.1254551818322882,5.430143825771966,"simulated minute opens; intrabar exits only known within minute, not actual exchange fills"
1048,2024.0,2914675.0,2915835.0,1.0,0.096,3335.11,3488.63,3284.123229443527,3489.3340338296443,0.16008528000000002,0.16745424,0.06593615017670401,14.737919999999999,14.344444329823318,265.74842605600867,280.092870385832,1.2047881703446908,2.0,263.57532403168864,0.0,0.0,2025-07-17 00:00:00+00:00,2025-07-16 00:00:00+00:00,2025-07-17 00:01:00+00:00,66.17,0.03463496095779445,3370.55,2025-07-17 01:55:00+00:00,2025-07-17 21:15:00+00:00,2025-07-17 21:16:00+00:00,target,2.9305895131527735,3.024785295213504,"simulated minute opens; intrabar exits only known within minute, not actual exchange fills"
1049,2025.0,2916065.0,2916072.0,-1.0,0.124,3534.08,3575.69,3574.9715320982787,3349.748106794985,0.21911296,0.22169278,0.0,-5.1596400000000155,-5.600445740000055,280.092870385832,274.49242464583193,1.564573633724905,1.0,274.49242464583193,0.0,0.0,2025-07-18 00:00:00+00:00,2025-07-17 00:00:00+00:00,2025-07-18 00:01:00+00:00,71.04,0.037184035460808784,3476.65,2025-07-18 01:05:00+00:00,2025-07-18 01:12:00+00:00,2025-07-18 01:13:00+00:00,stop,-1.104504592575576,4.507825550825334,"simulated minute opens; intrabar exits only known within minute, not actual exchange fills"
1050,2027.0,2919125.0,2919348.0,-1.0,0.14,3653.1800000000003,3688.56,3687.8181758676087,3466.54961662973,0.2557226000000001,0.2581992,0.0,-4.953199999999952,-5.467121799999973,274.49242464583193,269.02530284583196,1.8632397621169332,1.0,269.02530284583196,0.0,0.0,2025-07-20 00:00:00+00:00,2025-07-19 00:00:00+00:00,2025-07-20 00:01:00+00:00,67.55,0.03535728597096894,3591.31,2025-07-20 04:05:00+00:00,2025-07-20 07:48:00+00:00,2025-07-20 07:49:00+00:00,stop,-1.1273939525354124,5.387996876151789,"simulated minute opens; intrabar exits only known within minute, not actual exchange fills"
1051,2028.0,2921010.0,2921759.0,-1.0,0.114,3818.89,3759.76,3861.185047189159,3619.4549116400017,0.21767672999999998,0.21430632000000002,-0.04342146,6.740819999999961,6.3522584099999335,269.02530284583196,275.3775612558319,1.6182621314601189,3.0,264.50522281407194,0.0,0.0,2025-07-21 00:00:00+00:00,2025-07-20 00:00:00+00:00,2025-07-21 00:01:00+00:00,70.58,0.036943260456417285,3755.67,2025-07-21 11:30:00+00:00,2025-07-21 23:59:00+00:00,2025-07-21 23:59:00+00:00,scheduled_23_59_exit,1.3174489379522862,4.7153296098252575,"simulated minute opens; intrabar exits only known within minute, not actual exchange fills"
1052,2029.0,2922130.0,2922241.0,1.0,0.125,3699.02,3658.85,3659.5914489150723,3900.499215720304,0.23118875,0.228678125,0.045953626550375,-5.021250000000009,-5.527070501550384,275.3775612558319,269.8504907542815,1.6790674515794735,1.0,269.8504907542815,0.0,0.0,2025-07-22 00:00:00+00:00,2025-07-21 00:00:00+00:00,2025-07-22 00:01:00+00:00,69.6,0.036430305012278875,3760.96,2025-07-22 06:10:00+00:00,2025-07-22 08:01:00+00:00,2025-07-22 08:02:00+00:00,stop,-1.1214351731353807,5.109982745405105,"simulated minute opens; intrabar exits only known within minute, not actual exchange fills"
1053,2030.0,2923695.0,2923810.0,1.0,0.14100000000000001,3680.55,3646.0,3646.733279545826,3882.5957524649702,0.25947877500000005,0.257043,0.0,-4.871550000000026,-5.388071775000014,269.8504907542815,264.4624189792815,1.9231299100083856,1.0,264.4624189792815,0.0,0.0,2025-07-23 00:00:00+00:00,2025-07-22 00:00:00+00:00,2025-07-23 00:01:00+00:00,68.42,0.035812664783622425,3746.01,2025-07-23 08:15:00+00:00,2025-07-23 10:10:00+00:00,2025-07-23 10:11:00+00:00,stop,-1.1300112632679387,5.974729357294329,"simulated minute opens; intrabar exits only known within minute, not actual exchange fills"
1054,2031.0,2925015.0,2925044.0,1.0,0.126,3569.07,3530.98,3531.6870222599464,3759.2820390018105,0.22485141000000003,0.22245174,0.0,-4.799340000000019,-5.246643150000011,264.4624189792815,259.2157758292815,1.7004413017761537,1.0,259.2157758292815,0.0,0.0,2025-07-24 00:00:00+00:00,2025-07-23 00:00:00+00:00,2025-07-24 00:01:00+00:00,68.18,0.03568704304220078,3627.49,2025-07-24 06:15:00+00:00,2025-07-24 06:44:00+00:00,2025-07-24 06:45:00+00:00,stop,-1.1138766229257635,5.088199242031187,"simulated minute opens; intrabar exits only known within minute, not actual exchange fills"
1055,2032.0,2926170.0,2926260.0,1.0,0.095,3658.9700000000003,3608.6,3609.3241325081613,3839.4245745945036,0.17380107500000003,0.17140850000000002,0.0,-4.785150000000033,-5.130359575,259.2157758292815,254.08541625428148,1.3409760609204955,1.0,254.08541625428148,0.0,0.0,2025-07-25 00:00:00+00:00,2025-07-24 00:00:00+00:00,2025-07-25 00:01:00+00:00,67.47,0.03531541205716172,3706.2,2025-07-25 01:30:00+00:00,2025-07-25 03:00:00+00:00,2025-07-25 03:01:00+00:00,stop,-1.0877800656595913,3.634835761993025,"simulated minute opens; intrabar exits only known within minute, not actual exchange fills"
1056,2033.0,2928870.0,2928959.0,-1.0,0.06,3744.6,3738.12,3823.963249975957,3595.151646097391,0.112338,0.1121436,0.0,0.3888000000000011,0.1643184000000133,254.08541625428148,254.2497346542815,0.8842538202788884,3.0,253.2974782542815,0.0,0.0,2025-07-26 00:00:00+00:00,2025-07-25 00:00:00+00:00,2025-07-26 00:01:00+00:00,67.36,0.035257835425676794,3724.17,2025-07-26 22:30:00+00:00,2025-07-26 23:59:00+00:00,2025-07-26 23:59:00+00:00,scheduled_23_59_exit,0.034507659412006085,1.8830926650292674,"simulated minute opens; intrabar exits only known within minute, not actual exchange fills"
1057,2034.0,2929795.0,2929951.0,-1.0,0.126,3804.9,3841.23,3840.4586472925084,3610.130885913053,0.2397087,0.24199749,-0.048104851029102,-4.57757999999999,-5.011181338970886,254.2497346542815,249.2385533153106,1.8856161271982934,1.0,248.98359165255061,0.0,0.0,2025-07-27 00:00:00+00:00,2025-07-26 00:00:00+00:00,2025-07-27 00:01:00+00:00,67.52,0.035341583253291224,3740.0,2025-07-27 13:55:00+00:00,2025-07-27 16:31:00+00:00,2025-07-27 16:32:00+00:00,stop,-1.1184700064898727,5.477405045382079,"simulated minute opens; intrabar exits only known within minute, not actual exchange fills"
1058,2035.0,2931320.0,2931483.0,1.0,0.1,3814.78,3768.79,3769.548988273107,4011.664207886439,0.19073900000000005,0.1884395,0.03806411565040001,-4.599000000000024,-5.016242615650441,249.2385533153106,244.22231069966017,1.5305738013869543,1.0,244.22231069966017,0.0,0.0,2025-07-28 00:00:00+00:00,2025-07-27 00:00:00+00:00,2025-07-28 00:01:00+00:00,67.96,0.035571889779230925,3871.47,2025-07-28 15:20:00+00:00,2025-07-28 18:03:00+00:00,2025-07-28 18:04:00+00:00,stop,-1.1090272855134766,4.35285881012865,"simulated minute opens; intrabar exits only known within minute, not actual exchange fills"
1059,2036.0,2932350.0,2933279.0,-1.0,0.11900000000000001,3862.07,3793.7000000000003,3898.2076830711385,3663.879466842933,0.22979316500000002,0.22572515000000004,-0.04474583947248801,8.136029999999987,7.725257524472482,244.22231069966017,251.94756822413265,1.8818359742947086,3.0,241.3876075346602,0.0,0.0,2025-07-29 00:00:00+00:00,2025-07-28 00:00:00+00:00,2025-07-29 00:01:00+00:00,67.68,0.03542533108090567,3796.0,2025-07-29 08:30:00+00:00,2025-07-29 23:59:00+00:00,2025-07-29 23:59:00+00:00,scheduled_23_59_exit,1.7964109743825656,5.484317651658015,"simulated minute opens; intrabar exits only known within minute, not actual exchange fills"
1060,2037.0,2934465.0,2934719.0,1.0,0.092,3744.02,3807.21,3693.8059944055767,3925.910504632355,0.17222492,0.17513166000000002,0.0,5.813480000000005,5.466123420000002,251.94756822413265,257.41369164413265,1.3671488970021624,3.0,251.25426647293267,0.0,0.0,2025-07-30 00:00:00+00:00,2025-07-29 00:00:00+00:00,2025-07-30 00:01:00+00:00,66.53,0.03482339356992692,3791.55,2025-07-30 19:45:00+00:00,2025-07-30 23:59:00+00:00,2025-07-30 23:59:00+00:00,scheduled_23_59_exit,1.1832233715805882,3.622306216745143,"simulated minute opens; intrabar exits only known within minute, not actual exchange fills"
1061,2038.0,2935140.0,2936159.0,-1.0,0.128,3872.11,3693.3,3907.3821592865274,3680.9220415132277,0.24781504000000001,0.23637120000000003,-0.04371893582242074,22.887679999999992,22.44721269582243,257.41369164413265,279.8609043399551,1.9254223690835954,3.0,256.84331660413267,0.0,0.0,2025-07-31 00:00:00+00:00,2025-07-30 00:00:00+00:00,2025-07-31 00:01:00+00:00,65.18,0.034116771274430135,3808.67,2025-07-31 07:00:00+00:00,2025-07-31 23:59:00+00:00,2025-07-31 23:59:00+00:00,scheduled_23_59_exit,4.9718773313970965,5.420364456105168,"simulated minute opens; intrabar exits only known within minute, not actual exchange fills"
1062,2039.0,2936215.0,2936646.0,1.0,0.088,3659.09,3599.4700000000003,3600.1958450385623,3829.1180321604056,0.16099996,0.15837668,0.003574372808015301,-5.24655999999999,-5.56951101280805,279.8609043399551,274.29139332714703,1.1505712838291176,1.0,273.928354146907,0.0,0.0,2025-08-01 00:00:00+00:00,2025-07-31 00:00:00+00:00,2025-08-01 00:01:00+00:00,67.3,0.035226429990321384,3696.58,2025-08-01 00:55:00+00:00,2025-08-01 08:06:00+00:00,2025-08-01 08:07:00+00:00,stop,-1.0746380165274316,2.887010303004345,"simulated minute opens; intrabar exits only known within minute, not actual exchange fills"
1063,2040.0,2938685.0,2938707.0,1.0,0.151,3424.42,3391.54,3392.2246885324134,3616.094980250976,0.25854371,0.25606127,0.0,-4.964880000000016,-5.479484980000052,274.29139332714703,268.811908347147,1.8851755198285436,1.0,268.811908347147,0.0,0.0,2025-08-02 00:00:00+00:00,2025-08-01 00:00:00+00:00,2025-08-02 00:01:00+00:00,69.77,0.03651928707911921,3486.42,2025-08-02 18:05:00+00:00,2025-08-02 18:27:00+00:00,2025-08-02 18:28:00+00:00,stop,-1.1271200167308244,5.9535060079772455,"simulated minute opens; intrabar exits only known within minute, not actual exchange fills"
1064,2041.0,2939510.0,2939702.0,-1.0,0.136,3451.88,3487.9,3487.1956511927506,3270.0471569558977,0.23472784000000002,0.23717720000000003,-0.02702187351913294,-4.898719999999998,-5.343603166480875,268.811908347147,263.4683051806661,1.746409535524517,1.0,263.4683051806661,0.0,0.0,2025-08-03 00:00:00+00:00,2025-08-02 00:00:00+00:00,2025-08-03 00:01:00+00:00,70.19,0.0367391251266071,3392.42,2025-08-03 07:50:00+00:00,2025-08-03 11:02:00+00:00,2025-08-03 11:03:00+00:00,stop,-1.1125718605353503,5.148789188444266,"simulated minute opens; intrabar exits only known within minute, not actual exchange fills"
1065,2042.0,2940710.0,2941295.0,-1.0,0.14,3557.7000000000003,3591.63,3590.9071584742146,3371.096498723836,0.24903900000000004,0.25141410000000003,-0.005532342354,-4.750199999999977,-5.245120757645964,263.4683051806661,258.22318442302014,1.8904664819491546,1.0,258.22318442302014,0.0,0.0,2025-08-04 00:00:00+00:00,2025-08-03 00:00:00+00:00,2025-08-04 00:01:00+00:00,68.96,0.03609531370182114,3495.0,2025-08-04 03:50:00+00:00,2025-08-04 13:35:00+00:00,2025-08-04 13:36:00+00:00,stop,-1.1282250571963803,5.619375756617773,"simulated minute opens; intrabar exits only known within minute, not actual exchange fills"
1066,2043.0,2942130.0,2942373.0,1.0,0.138,3657.05,3623.29,3624.0191416300413,3850.5391274002886,0.25233645000000005,0.25000701000000003,0.0,-4.65888000000003,-5.161223460000002,258.22318442302014,253.06196096302014,1.9544058413176681,1.0,253.06196096302014,0.0,0.0,2025-08-05 00:00:00+00:00,2025-08-04 00:00:00+00:00,2025-08-05 00:01:00+00:00,66.19,0.034645429436246246,3719.42,2025-08-05 03:30:00+00:00,2025-08-05 07:33:00+00:00,2025-08-05 07:34:00+00:00,stop,-1.1322796877121113,5.857829222393573,"simulated minute opens; intrabar exits only known within minute, not actual exchange fills"
1067,2044.0,2944490.0,2944799.0,-1.0,0.133,3671.51,3682.71,3704.8631912601886,3487.711634671755,0.24415541500000004,0.244900215,0.0,-1.4895999999999758,-1.9786556299999631,253.06196096302014,251.08330533302018,1.9296097609524048,3.0,251.07417554802018,0.0,0.0,2025-08-06 00:00:00+00:00,2025-08-05 00:00:00+00:00,2025-08-06 00:01:00+00:00,65.94,0.03451457345559869,3610.19,2025-08-06 18:50:00+00:00,2025-08-06 23:59:00+00:00,2025-08-06 23:59:00+00:00,scheduled_23_59_exit,-0.44604757259787586,5.51066804655763,"simulated minute opens; intrabar exits only known within minute, not actual exchange fills"
1068,2046.0,2947095.0,2947293.0,-1.0,0.1,3964.78,4010.9100000000003,4010.1062178468437,3776.7929424658864,0.19823900000000003,0.20054550000000004,-0.0395300564865,-4.613000000000011,-4.972254443513492,251.08330533302018,246.11105088950669,1.5790695421750085,1.0,245.2735486375067,0.0,0.0,2025-08-08 00:00:00+00:00,2025-08-07 00:00:00+00:00,2025-08-08 00:01:00+00:00,65.44,0.03425286149430359,3908.4,2025-08-08 14:15:00+00:00,2025-08-08 17:33:00+00:00,2025-08-08 17:34:00+00:00,stop,-1.096993016340929,4.147424304611487,"simulated minute opens; intrabar exits only known within minute, not actual exchange fills"
1069,2047.0,2947965.0,2947985.0,-1.0,0.113,4078.92,4118.29,4117.462800469846,3868.9268989685143,0.23045898,0.23268338500000002,0.0,-4.4488099999999875,-4.9119523649999906,246.11105088950669,241.1990985245067,1.8728048104062276,1.0,239.03469229491665,0.0,0.0,2025-08-09 00:00:00+00:00,2025-08-08 00:00:00+00:00,2025-08-09 00:01:00+00:00,67.97,0.03557712401845683,4009.05,2025-08-09 04:45:00+00:00,2025-08-09 05:05:00+00:00,2025-08-09 05:06:00+00:00,stop,-1.1278008984844674,5.448309372220472,"simulated minute opens; intrabar exits only known within minute, not actual exchange fills"
1070,2048.0,2949590.0,2950559.0,1.0,0.092,4189.83,4249.66,4142.613508615536,4419.526378873924,0.19273218,0.19548436,0.07728678110453599,5.504359999999993,5.038856678895456,241.1990985245067,246.23795520340215,1.5981169181726251,3.0,238.2898878185067,0.0,0.0,2025-08-10 00:00:00+00:00,2025-08-09 00:00:00+00:00,2025-08-10 00:01:00+00:00,70.64,0.0369746658917727,4259.1,2025-08-10 07:50:00+00:00,2025-08-10 23:59:00+00:00,2025-08-10 23:59:00+00:00,scheduled_23_59_exit,1.1599799071551486,4.864748992118142,"simulated minute opens; intrabar exits only known within minute, not actual exchange fills"
1071,2049.0,2950690.0,2951524.0,-1.0,0.08700000000000001,4313.4400000000005,4365.25,4364.367713838392,4099.388439377657,0.18763464000000005,0.18988837500000003,-0.07243586635556268,-4.507469999999956,-4.812557148644402,246.23795520340215,241.42539805475775,1.524010706188707,1.0,241.42539805475775,0.0,0.0,2025-08-11 00:00:00+00:00,2025-08-10 00:00:00+00:00,2025-08-11 00:01:00+00:00,68.38,0.035791727826718814,4248.77,2025-08-11 02:10:00+00:00,2025-08-11 16:04:00+00:00,2025-08-11 16:05:00+00:00,stop,-1.0861816615316655,4.203046720329763,"simulated minute opens; intrabar exits only known within minute, not actual exchange fills"
1072,2050.0,2952170.0,2952750.0,-1.0,0.101,4295.28,4338.45,4337.573687831432,4071.124848136633,0.21691164000000002,0.21909172500000001,-0.043573723,-4.360170000000007,-4.752599642000007,241.42539805475775,236.67279841275774,1.7969247788155431,1.0,235.74857013775767,0.0,0.0,2025-08-12 00:00:00+00:00,2025-08-11 00:00:00+00:00,2025-08-12 00:01:00+00:00,69.21,0.03622616968246869,4221.31,2025-08-12 02:50:00+00:00,2025-08-12 12:30:00+00:00,2025-08-12 12:31:00+00:00,stop,-1.112587821320916,5.299967048434527,"simulated minute opens; intrabar exits only known within minute, not actual exchange fills"
1073,2051.0,2953720.0,2954192.0,-1.0,0.093,4671.96,4717.7300000000005,4716.783015164972,4424.688720860558,0.21724614,0.219374445,-0.043005897,-4.25661000000004,-4.650224688000037,236.67279841275774,232.0225737247577,1.8358353089747337,1.0,232.0225737247577,0.0,0.0,2025-08-13 00:00:00+00:00,2025-08-12 00:00:00+00:00,2025-08-13 00:01:00+00:00,69.79,0.03652975555757102,4589.31,2025-08-13 04:40:00+00:00,2025-08-13 12:32:00+00:00,2025-08-13 12:33:00+00:00,stop,-1.1155522629605619,5.516614137387992,"simulated minute opens; intrabar exits only known within minute, not actual exchange fills"
1074,2052.0,2955755.0,2955803.0,1.0,0.059000000000000004,4689.93,4617.14,4618.066844197977,4927.844586447264,0.13835293500000004,0.13620563000000002,0.0,-4.294609999999998,-4.569168564999984,232.0225737247577,227.45340515975772,1.1925816766787916,1.0,227.40658981674773,0.0,0.0,2025-08-14 00:00:00+00:00,2025-08-13 00:00:00+00:00,2025-08-14 00:01:00+00:00,70.88,0.03710028763319435,4748.37,2025-08-14 14:35:00+00:00,2025-08-14 15:23:00+00:00,2025-08-14 15:24:00+00:00,stop,-1.0776528547305912,3.3106615454336232,"simulated minute opens; intrabar exits only known within minute, not actual exchange fills"
1075,2053.0,2956495.0,2957291.0,-1.0,0.081,4623.7,4379.77,4674.169369109726,4378.894133039771,0.18725985,0.17738068500000004,-0.05992091821337854,19.75832999999995,19.453610383213316,227.45340515975772,246.90701554297104,1.646577679225978,2.0,223.9948023384537,0.0,0.0,2025-08-15 00:00:00+00:00,2025-08-14 00:00:00+00:00,2025-08-15 00:01:00+00:00,71.24,0.037288720245326826,4545.26,2025-08-15 02:55:00+00:00,2025-08-15 16:11:00+00:00,2025-08-15 16:12:00+00:00,target,4.758688956468487,4.850583062134023,"simulated minute opens; intrabar exits only known within minute, not actual exchange fills"
1076,2055.0,2960335.0,2960639.0,-1.0,0.055,4462.18,4469.26,4546.43969207266,4257.361085677021,0.12270995000000001,0.12290465,0.0,-0.389399999999996,-0.6350146000000052,246.90701554297104,246.27200094297103,0.9939770219177421,3.0,242.93650559297103,0.0,0.0,2025-08-17 00:00:00+00:00,2025-08-16 00:00:00+00:00,2025-08-17 00:01:00+00:00,71.72,0.037539963728170124,4420.22,2025-08-17 18:55:00+00:00,2025-08-17 23:59:00+00:00,2025-08-17 23:59:00+00:00,scheduled_23_59_exit,-0.13702542361588288,2.430805397987412,"simulated minute opens; intrabar exits only known within minute, not actual exchange fills"
1077,2057.0,2962380.0,2962951.0,1.0,0.108,4234.14,4193.06,4193.902859146415,4473.998268916861,0.22864356000000002,0.22642524000000003,0.04571208,-4.436639999999992,-4.937420879999962,246.27200094297103,241.33458006297107,1.8568376358215952,1.0,241.33458006297107,0.0,0.0,2025-08-19 00:00:00+00:00,2025-08-18 00:00:00+00:00,2025-08-19 00:01:00+00:00,70.58,0.036943260456417285,4311.73,2025-08-19 05:00:00+00:00,2025-08-19 14:31:00+00:00,2025-08-19 14:32:00+00:00,stop,-1.136185599427993,5.961116118803132,"simulated minute opens; intrabar exits only known within minute, not actual exchange fills"
1078,2058.0,2963740.0,2963940.0,-1.0,0.08700000000000001,4142.29,4193.09,4192.246066988172,3921.3756278735896,0.180189615,0.18239941500000004,0.0,-4.419600000000016,-4.782189030000012,241.33458006297107,236.55239103297106,1.493276387933991,1.0,236.55239103297106,0.0,0.0,2025-08-20 00:00:00+00:00,2025-08-19 00:00:00+00:00,2025-08-20 00:01:00+00:00,72.92,0.03816807243527839,4073.94,2025-08-20 03:40:00+00:00,2025-08-20 07:00:00+00:00,2025-08-20 07:01:00+00:00,stop,-1.1003206079656875,4.4221730301289615,"simulated minute opens; intrabar exits only known within minute, not actual exchange fills"
1079,2059.0,2965705.0,2965977.0,1.0,0.084,4266.86,4215.25,4216.10027362343,4497.554573997908,0.17920812,0.17704050000000002,0.009579175284,-4.335239999999973,-4.7010677952839615,236.55239103297106,231.8513232376871,1.5151664222664458,1.0,231.8513232376871,0.0,0.0,2025-08-21 00:00:00+00:00,2025-08-20 00:00:00+00:00,2025-08-21 00:01:00+00:00,70.55,0.03692755773873958,4334.5,2025-08-21 12:25:00+00:00,2025-08-21 16:57:00+00:00,2025-08-21 16:58:00+00:00,stop,-1.1025491427162835,4.544834861529065,"simulated minute opens; intrabar exits only known within minute, not actual exchange fills"
1080,2060.0,2966555.0,2966872.0,-1.0,0.095,4298.1900000000005,4342.2300000000005,4341.358646935785,4071.767094630168,0.20416402500000005,0.20625592500000003,0.0,-4.183799999999996,-4.594219949999996,231.8513232376871,227.2571032876871,1.7611633364774644,1.0,227.2571032876871,0.0,0.0,2025-08-22 00:00:00+00:00,2025-08-21 00:00:00+00:00,2025-08-22 00:01:00+00:00,69.99,0.036634440342089056,4223.7,2025-08-22 02:35:00+00:00,2025-08-22 07:52:00+00:00,2025-08-22 07:53:00+00:00,stop,-1.1202623531828089,5.245077653386897,"simulated minute opens; intrabar exits only known within minute, not actual exchange fills"
1081,2061.0,2968140.0,2968348.0,1.0,0.088,4746.25,4699.58,4700.528402380706,5009.088306327156,0.208835,0.20678151999999997,0.04147308,-4.106960000000006,-4.564049600000004,227.2571032876871,222.6930536876871,1.8378743456536415,1.0,222.6930536876871,0.0,0.0,2025-08-23 00:00:00+00:00,2025-08-22 00:00:00+00:00,2025-08-23 00:01:00+00:00,69.41,0.03633085446698673,4830.37,2025-08-23 05:00:00+00:00,2025-08-23 08:28:00+00:00,2025-08-23 08:29:00+00:00,stop,-1.1343479384043698,5.74866846333126,"simulated minute opens; intrabar exits only known within minute, not actual exchange fills"
1082,2062.0,2970320.0,2970340.0,-1.0,0.07200000000000001,4852.09,4909.01,4908.026416248376,4608.308310226713,0.17467524000000004,0.17672436000000002,0.0,-4.098240000000006,-4.449639600000012,222.6930536876871,218.24341408768709,1.5687533769685604,1.0,218.24341408768709,0.0,0.0,2025-08-24 00:00:00+00:00,2025-08-23 00:00:00+00:00,2025-08-24 00:01:00+00:00,68.79,0.03600633163498081,4777.26,2025-08-24 17:20:00+00:00,2025-08-24 17:40:00+00:00,2025-08-24 17:41:00+00:00,stop,-1.104835707128345,4.358192857597741,"simulated minute opens; intrabar exits only known within minute, not actual exchange fills"
1083,2063.0,2970770.0,2971125.0,1.0,0.083,4694.04,4646.57,4647.5051145853495,4958.485373499902,0.19480266000000002,0.192832655,0.0,-3.9400100000000213,-4.327645315000012,218.24341408768709,213.91576877268707,1.7851870656837423,1.0,213.2034088915771,0.0,0.0,2025-08-25 00:00:00+00:00,2025-08-24 00:00:00+00:00,2025-08-25 00:01:00+00:00,70.71,0.037011305566354014,4778.32,2025-08-25 00:50:00+00:00,2025-08-25 06:45:00+00:00,2025-08-25 06:46:00+00:00,stop,-1.1204562885543266,5.6827339563330606,"simulated minute opens; intrabar exits only known within minute, not actual exchange fills"
1084,2064.0,2972935.0,2972937.0,-1.0,0.079,4455.8,4505.150000000001,4504.246619551924,4206.738531754433,0.17600410000000002,0.17795342500000003,0.0,-3.898650000000029,-4.25260752500003,213.91576877268707,209.66316124768704,1.6455458240390586,1.0,209.66316124768704,0.0,0.0,2025-08-26 00:00:00+00:00,2025-08-25 00:00:00+00:00,2025-08-26 00:01:00+00:00,74.6,0.03904742462522994,4374.25,2025-08-26 12:55:00+00:00,2025-08-26 12:57:00+00:00,2025-08-26 12:58:00+00:00,stop,-1.1111296411983222,5.140946273426387,"simulated minute opens; intrabar exits only known within minute, not actual exchange fills"
1085,2065.0,2974945.0,2975039.0,1.0,0.082,4511.27,4503.05,4465.563062112728,4781.901277565846,0.18496207000000003,0.18462505,0.0,-0.674040000000021,-1.0436271200000249,209.66316124768704,208.61953412768702,1.7643735685306567,3.0,207.68813917768696,0.0,0.0,2025-08-27 00:00:00+00:00,2025-08-26 00:00:00+00:00,2025-08-27 00:01:00+00:00,74.72,0.03911023549594077,4598.49,2025-08-27 22:25:00+00:00,2025-08-27 23:59:00+00:00,2025-08-27 23:59:00+00:00,scheduled_23_59_exit,-0.2784513815252634,5.921010902837306,"simulated minute opens; intrabar exits only known within minute, not actual exchange fills"
1086,2066.0,2975615.0,2976479.0,-1.0,0.08,4587.41,4507.7,4633.494211683892,4338.840629516277,0.1834964,0.180308,-0.007833331580697,6.376800000000003,6.020828931580695,208.61953412768702,214.6403630592677,1.7591487850575849,3.0,206.395237727687,0.0,0.0,2025-08-28 00:00:00+00:00,2025-08-27 00:00:00+00:00,2025-08-28 00:01:00+00:00,71.73,0.037545197967396034,4504.84,2025-08-28 09:35:00+00:00,2025-08-28 23:59:00+00:00,2025-08-28 23:59:00+00:00,scheduled_23_59_exit,1.6331051111603268,5.393807584010509,"simulated minute opens; intrabar exits only known within minute, not actual exchange fills"
1087,2068.0,2978045.0,2979359.0,1.0,0.08600000000000001,4284.03,4371.12,4239.27439004009,4523.062843792558,0.18421329,0.18795816,0.011069167285000004,7.489740000000013,7.106499382715015,214.6403630592677,221.74686244198273,1.7164832128907086,3.0,214.36151502354775,0.0,0.0,2025-08-30 00:00:00+00:00,2025-08-29 00:00:00+00:00,2025-08-30 00:01:00+00:00,70.74,0.037027008284031715,4358.65,2025-08-30 02:05:00+00:00,2025-08-30 23:59:00+00:00,2025-08-30 23:59:00+00:00,scheduled_23_59_exit,1.8463319755114562,5.340846521959475,"simulated minute opens; intrabar exits only known within minute, not actual exchange fills"
1088,2069.0,2979425.0,2980139.0,-1.0,0.08700000000000001,4449.51,4495.95,4495.042504408773,4213.16648415644,0.19355368500000003,0.195573825,-0.021456925333996242,-4.0402799999999655,-4.407950584665969,221.74686244198273,217.33891185731676,1.7457174624118157,1.0,217.33891185731676,0.0,0.0,2025-08-31 00:00:00+00:00,2025-08-30 00:00:00+00:00,2025-08-31 00:01:00+00:00,70.7,0.03700607132712812,4372.0,2025-08-31 01:05:00+00:00,2025-08-31 12:59:00+00:00,2025-08-31 13:00:00+00:00,stop,-1.112745704024118,5.190654871995628,"simulated minute opens; intrabar exits only known within minute, not actual exchange fills"
1089,2070.0,2981310.0,2982101.0,-1.0,0.083,4464.92,4233.24,4511.292776185366,4232.388986436459,0.18529418,0.17567946,-0.00044153735334732903,19.229440000000025,18.868907897353353,217.33891185731676,236.2078197546701,1.7051173985967671,2.0,215.75423767731678,0.0,0.0,2025-09-01 00:00:00+00:00,2025-08-31 00:00:00+00:00,2025-09-01 00:01:00+00:00,69.67,0.03646694468686019,4389.58,2025-09-01 08:30:00+00:00,2025-09-01 21:41:00+00:00,2025-09-01 21:42:00+00:00,target,4.902364241002452,5.014386299281365,"simulated minute opens; intrabar exits only known within minute, not actual exchange fills"
1090,2071.0,2982440.0,2983679.0,-1.0,0.073,4375.36,4323.03,4434.295010794306,4156.418714392541,0.15970063999999998,0.15779059499999998,-0.0270969428905,3.8200899999999947,3.5296957078904825,236.2078197546701,239.7375154625606,1.3522045135158358,3.0,233.1741091146701,0.0,0.0,2025-09-02 00:00:00+00:00,2025-09-01 00:00:00+00:00,2025-09-02 00:01:00+00:00,70.65,0.036979900130998604,4313.0,2025-09-02 03:20:00+00:00,2025-09-02 23:59:00+00:00,2025-09-02 23:59:00+00:00,scheduled_23_59_exit,0.820429068338627,3.714961321914444,"simulated minute opens; intrabar exits only known within minute, not actual exchange fills"
1091,2073.0,2985480.0,2985969.0,1.0,0.091,4373.6900000000005,4325.78,4326.645996183913,4615.649112618064,0.19900289500000004,0.19682298999999998,-0.0079989416052,-4.35981000000007,-4.747636943394895,239.7375154625606,234.9898785191657,1.6601731657728636,1.0,234.9898785191657,0.0,0.0,2025-09-04 00:00:00+00:00,2025-09-03 00:00:00+00:00,2025-09-04 00:01:00+00:00,70.59,0.036948494695643194,4448.22,2025-09-04 06:00:00+00:00,2025-09-04 14:09:00+00:00,2025-09-04 14:10:00+00:00,stop,-1.109000729333325,5.143250850075812,"simulated minute opens; intrabar exits only known within minute, not actual exchange fills"
1092,2074.0,2987420.0,2987999.0,-1.0,0.065,4349.72,4305.86,4416.193187046481,4140.095886139719,0.14136590000000002,0.13994045,-0.007974348369,2.850900000000038,2.577567998369034,234.9898785191657,237.56744651753473,1.203165863064781,3.0,234.0607142903157,0.0,0.0,2025-09-05 00:00:00+00:00,2025-09-04 00:00:00+00:00,2025-09-05 00:01:00+00:00,70.48,0.03689091806415827,4295.68,2025-09-05 14:20:00+00:00,2025-09-05 23:59:00+00:00,2025-09-05 23:59:00+00:00,scheduled_23_59_exit,0.5965547018961491,3.1535138177398045,"simulated minute opens; intrabar exits only known within minute, not actual exchange fills"
1093,2077.0,2991815.0,2992319.0,-1.0,0.096,4374.93,4306.53,4418.715117150529,4155.3052954116,0.20999664,0.20671344,-0.0380993242176,6.566400000000052,6.18778924421764,237.56744651753473,243.75523576175237,1.7678907028577273,3.0,236.82368987753478,0.0,0.0,2025-09-08 00:00:00+00:00,2025-09-07 00:00:00+00:00,2025-09-08 00:01:00+00:00,67.1,0.035121745205803336,4303.84,2025-09-08 15:35:00+00:00,2025-09-08 23:59:00+00:00,2025-09-08 23:59:00+00:00,scheduled_23_59_exit,1.472101530275834,5.015967042713433,"simulated minute opens; intrabar exits only known within minute, not actual exchange fills"
1094,2078.0,2992765.0,2993759.0,-1.0,0.089,4366.47,4308.22,4415.44281143492,4159.727535816465,0.19430791500000003,0.19171579,-0.0641364219100411,5.18425,4.862362716910042,243.75523576175237,248.61759847866242,1.5942871084821955,3.0,243.07409784675244,0.0,0.0,2025-09-09 00:00:00+00:00,2025-09-08 00:00:00+00:00,2025-09-09 00:01:00+00:00,65.13,0.03409060007830062,4303.98,2025-09-09 07:25:00+00:00,2025-09-09 23:59:00+00:00,2025-09-09 23:59:00+00:00,scheduled_23_59_exit,1.1155840833571016,4.221576383423999,"simulated minute opens; intrabar exits only known within minute, not actual exchange fills"
1095,2079.0,2994520.0,2994587.0,-1.0,0.079,4362.95,4420.900000000001,4420.011981851405,4163.9558043088955,0.172336525,0.17462555000000005,0.0,-4.578050000000058,-4.925012075000041,248.61759847866242,243.69258640366238,1.3863582148211504,1.0,243.69258640366238,0.0,0.0,2025-09-10 00:00:00+00:00,2025-09-09 00:00:00+00:00,2025-09-10 00:01:00+00:00,65.15,0.03410106855675243,4308.4,2025-09-10 12:40:00+00:00,2025-09-10 13:47:00+00:00,2025-09-10 13:48:00+00:00,stop,-1.0925299643875828,3.487334109938634,"simulated minute opens; intrabar exits only known within minute, not actual exchange fills"
1096,2080.0,2995545.0,2995932.0,-1.0,0.094,4413.95,4461.27,4460.375891469049,4202.173841491902,0.20745565,0.20967969000000003,-0.0417266,-4.448080000000058,-4.823488740000073,243.69258640366238,238.8690976636623,1.7026012408630433,1.0,238.8690976636623,0.0,0.0,2025-09-11 00:00:00+00:00,2025-09-10 00:00:00+00:00,2025-09-11 00:01:00+00:00,65.1,0.034074897360622906,4347.83,2025-09-11 05:45:00+00:00,2025-09-11 12:12:00+00:00,2025-09-11 12:13:00+00:00,stop,-1.1052821685548104,4.561595950166812,"simulated minute opens; intrabar exits only known within minute, not actual exchange fills"
1097,2081.0,2996695.0,2997631.0,-1.0,0.082,4518.04,4571.4400000000005,4570.523344216429,4309.69371408777,0.18523964,0.18742904000000002,-0.07432946112788599,-4.378800000000045,-4.677139218872156,238.8690976636623,234.19195844479015,1.5509719910343964,1.0,234.12682748479017,0.0,0.0,2025-09-12 00:00:00+00:00,2025-09-11 00:00:00+00:00,2025-09-12 00:01:00+00:00,64.15,0.03357764463416221,4456.86,2025-09-12 00:55:00+00:00,2025-09-12 16:31:00+00:00,2025-09-12 16:32:00+00:00,stop,-1.086788275567292,3.969760102425233,"simulated minute opens; intrabar exits only known within minute, not actual exchange fills"
1098,2082.0,2999065.0,2999519.0,1.0,0.094,4638.16,4664.53,4594.3446810233945,4870.750787839016,0.21799352,0.21923290999999998,0.0,2.4787799999999898,2.0415535699999907,234.19195844479015,236.23351201479014,1.861665289001724,3.0,230.76643571575016,0.0,0.0,2025-09-13 00:00:00+00:00,2025-09-12 00:00:00+00:00,2025-09-13 00:01:00+00:00,63.78,0.03338397778280383,4710.83,2025-09-13 16:25:00+00:00,2025-09-13 23:59:00+00:00,2025-09-13 23:59:00+00:00,scheduled_23_59_exit,0.4956863377303339,5.308435343428751,"simulated minute opens; intrabar exits only known within minute, not actual exchange fills"
1099,2083.0,3000415.0,3000959.0,1.0,0.097,4595.91,4602.900000000001,4552.931903066723,4818.1001806493505,0.22290163500000001,0.22324065000000004,0.024673358488773688,0.6780300000000671,0.20721435651128672,236.23351201479014,236.44072637130142,1.8871296718142558,3.0,234.04913089573014,0.0,0.0,2025-09-14 00:00:00+00:00,2025-09-13 00:00:00+00:00,2025-09-14 00:01:00+00:00,61.8,0.03234759841607521,4664.74,2025-09-14 14:55:00+00:00,2025-09-14 23:59:00+00:00,2025-09-14 23:59:00+00:00,scheduled_23_59_exit,0.049705097059422595,5.169846887224877,"simulated minute opens; intrabar exits only known within minute, not actual exchange fills"
1100,2084.0,3001615.0,3001784.0,1.0,0.098,4534.64,4491.0,4491.907304394603,4752.998961596357,0.22219736000000004,0.220059,0.0,-4.276720000000032,-4.718976360000028,236.44072637130142,231.7217500113014,1.8795185026717105,1.0,231.7217500113014,0.0,0.0,2025-09-15 00:00:00+00:00,2025-09-14 00:00:00+00:00,2025-09-15 00:01:00+00:00,61.68,0.03228478754536438,4602.0,2025-09-15 10:55:00+00:00,2025-09-15 13:44:00+00:00,2025-09-15 13:45:00+00:00,stop,-1.1268378771293357,5.109880350463442,"simulated minute opens; intrabar exits only known within minute, not actual exchange fills"
1101,2085.0,3003240.0,3003839.0,1.0,0.069,4472.39,4497.95,4411.4667405289265,4672.58848534216,0.15429745500000003,0.15517927500000003,0.006276717486900001,1.763639999999965,1.4478865525130402,231.7217500113014,233.16963656381444,1.3317477102816175,3.0,228.1629925563014,0.0,0.0,2025-09-16 00:00:00+00:00,2025-09-15 00:00:00+00:00,2025-09-16 00:01:00+00:00,62.78,0.032860553860213616,4521.54,2025-09-16 14:00:00+00:00,2025-09-16 23:59:00+00:00,2025-09-16 23:59:00+00:00,scheduled_23_59_exit,0.344431063966008,3.286076403006861,"simulated minute opens; intrabar exits only known within minute, not actual exchange fills"
1102,2086.0,3004980.0,3005279.0,1.0,0.064,4455.1900000000005,4587.58,4388.6348593866705,4651.471848869265,0.14256608000000004,0.14680256,0.0,8.472959999999963,8.18359135999998,233.16963656381444,241.35322792381442,1.222852873135411,3.0,232.84998939581442,0.0,0.0,2025-09-17 00:00:00+00:00,2025-09-16 00:00:00+00:00,2025-09-17 00:01:00+00:00,63.5,0.033237419084478574,4499.41,2025-09-17 19:00:00+00:00,2025-09-17 23:59:00+00:00,2025-09-17 23:59:00+00:00,scheduled_23_59_exit,1.921243255166222,2.949161357942536,"simulated minute opens; intrabar exits only known within minute, not actual exchange fills"
1103,2088.0,3007415.0,3007625.0,1.0,0.106,4515.35,4474.31,4475.2124878355135,4736.331496868382,0.23931355,0.23713843000000004,0.0,-4.350239999999996,-4.8266919799999926,241.35322792381442,236.52653594381442,1.9830979851285997,1.0,236.52653594381442,0.0,0.0,2025-09-19 00:00:00+00:00,2025-09-18 00:00:00+00:00,2025-09-19 00:01:00+00:00,61.91,0.03240517504756013,4585.31,2025-09-19 11:35:00+00:00,2025-09-19 15:05:00+00:00,2025-09-19 15:06:00+00:00,stop,-1.1344706620927167,5.505610212281732,"simulated minute opens; intrabar exits only known within minute, not actual exchange fills"
1104,2092.0,3012675.0,3013919.0,1.0,0.098,4136.79,4161.9,4093.887171037551,4338.1972969522585,0.20270271,0.2039331,0.0140775342624,2.460779999999968,2.0400666557375757,236.52653594381442,238.566602599552,1.7139955074482713,3.0,236.18718964155443,0.0,0.0,2025-09-23 00:00:00+00:00,2025-09-22 00:00:00+00:00,2025-09-23 00:01:00+00:00,63.28,0.03312226582150873,4196.86,2025-09-23 03:15:00+00:00,2025-09-23 23:59:00+00:00,2025-09-23 23:59:00+00:00,scheduled_23_59_exit,0.4852129147338986,4.694499216556143,"simulated minute opens; intrabar exits only known within minute, not actual exchange fills"
1105,2093.0,3014180.0,3015359.0,1.0,0.106,4098.82,4149.93,4058.7877163959306,4304.313826840061,0.21723745999999997,0.21994629000000002,-0.012778979237400002,5.417660000000062,4.993255229237462,238.566602599552,243.55985782878946,1.8211891994341367,3.0,238.01099690353203,0.0,0.0,2025-09-24 00:00:00+00:00,2025-09-23 00:00:00+00:00,2025-09-24 00:01:00+00:00,64.12,0.033561941916484504,4162.25,2025-09-24 04:20:00+00:00,2025-09-24 23:59:00+00:00,2025-09-24 23:59:00+00:00,scheduled_23_59_exit,1.1767048283778756,5.133202713900975,"simulated minute opens; intrabar exits only known within minute, not actual exchange fills"
1106,2094.0,3015470.0,3015563.0,1.0,0.092,4095.87,4047.4,4048.2135060715777,4290.937656548198,0.18841002,0.1861804,0.0,-4.459239999999982,-4.83383041999997,243.55985782878946,238.7260274087895,1.5471352437103403,1.0,238.7260274087895,0.0,0.0,2025-09-25 00:00:00+00:00,2025-09-24 00:00:00+00:00,2025-09-25 00:01:00+00:00,63.57,0.03327405875905989,4150.51,2025-09-25 01:50:00+00:00,2025-09-25 03:23:00+00:00,2025-09-25 03:24:00+00:00,stop,-1.102507353539578,4.093202006030505,"simulated minute opens; intrabar exits only known within minute, not actual exchange fills"
1107,2095.0,3017090.0,3017632.0,-1.0,0.11800000000000001,3940.39,3976.65,3975.853737222408,3740.2140572239823,0.23248301000000002,0.23462235,-0.014873891976000001,-4.278680000000026,-4.730911468024033,238.7260274087895,233.99511594076546,1.947697220311055,1.0,233.7592110039255,0.0,0.0,2025-09-26 00:00:00+00:00,2025-09-25 00:00:00+00:00,2025-09-26 00:01:00+00:00,66.7,0.03491237563676726,3873.1,2025-09-26 04:50:00+00:00,2025-09-26 13:52:00+00:00,2025-09-26 13:53:00+00:00,stop,-1.1305201653329198,5.644524758364531,"simulated minute opens; intrabar exits only known within minute, not actual exchange fills"
1108,2099.0,3023170.0,3023471.0,1.0,0.11,4147.14,4109.01,4109.837524275686,4354.541059193356,0.2280927,0.22599555000000002,0.0,-4.194300000000012,-4.648388250000011,233.99511594076546,229.34672769076545,1.949550947531233,1.0,229.34672769076545,0.0,0.0,2025-09-30 00:00:00+00:00,2025-09-29 00:00:00+00:00,2025-09-30 00:01:00+00:00,63.14,0.033048986472346095,4212.98,2025-09-30 10:10:00+00:00,2025-09-30 15:11:00+00:00,2025-09-30 15:12:00+00:00,stop,-1.132849071796465,5.559981078096816,"simulated minute opens; intrabar exits only known within minute, not actual exchange fills"
1109,2101.0,3025845.0,3026411.0,-1.0,0.077,4400.85,4455.62,4454.7231891578695,4204.813569052564,0.169432725,0.17154137,-0.022964419657529385,-4.217289999999964,-4.535299675342429,229.34672769076545,224.81142801542302,1.4775246780800015,1.0,224.68959938542298,0.0,0.0,2025-10-02 00:00:00+00:00,2025-10-01 00:00:00+00:00,2025-10-02 00:01:00+00:00,63.03,0.03299140984086117,4345.85,2025-10-02 06:45:00+00:00,2025-10-02 16:11:00+00:00,2025-10-02 16:12:00+00:00,stop,-1.0933081316398099,3.63884956528143,"simulated minute opens; intrabar exits only known within minute, not actual exchange fills"
1110,2102.0,3027890.0,3028319.0,-1.0,0.095,4553.09,4510.75,4594.8963837235915,4335.097419210268,0.21627177500000003,0.214260625,0.0,4.022300000000014,3.5917676000000256,224.81142801542302,228.40319561542304,1.9240283014897521,3.0,224.41465624042306,0.0,0.0,2025-10-03 00:00:00+00:00,2025-10-02 00:00:00+00:00,2025-10-03 00:01:00+00:00,63.54,0.03325835604138218,4481.7,2025-10-03 16:50:00+00:00,2025-10-03 23:59:00+00:00,2025-10-03 23:59:00+00:00,scheduled_23_59_exit,0.9043614068601002,5.214337174700888,"simulated minute opens; intrabar exits only known within minute, not actual exchange fills"
1111,2104.0,3029950.0,3030230.0,-1.0,0.10300000000000001,4557.64,4597.150000000001,4596.223644116222,4340.403030762661,0.23471846000000002,0.23675322500000004,0.0,-4.0695300000000225,-4.541001685000026,228.40319561542304,223.86219393042302,2.0552992646846358,1.0,223.86219393042302,0.0,0.0,2025-10-05 00:00:00+00:00,2025-10-04 00:00:00+00:00,2025-10-05 00:01:00+00:00,62.52,0.03272446364034016,4484.79,2025-10-05 03:10:00+00:00,2025-10-05 07:50:00+00:00,2025-10-05 07:51:00+00:00,stop,-1.1426446622615516,5.630286464984413,"simulated minute opens; intrabar exits only known within minute, not actual exchange fills"
1112,2105.0,3031895.0,3032018.0,-1.0,0.078,4573.76,4626.53,4625.602031658353,4365.626230197978,0.17837664,0.18043467,0.0,-4.116059999999963,-4.474871309999969,223.86219393042302,219.38732262042305,1.5936289810099864,1.0,219.28758464598306,0.0,0.0,2025-10-06 00:00:00+00:00,2025-10-05 00:00:00+00:00,2025-10-06 00:01:00+00:00,63.15,0.033054220711572,4512.34,2025-10-06 11:35:00+00:00,2025-10-06 13:38:00+00:00,2025-10-06 13:39:00+00:00,stop,-1.1066338097642152,4.014768772444307,"simulated minute opens; intrabar exits only known within minute, not actual exchange fills"
1113,2107.0,3035205.0,3035519.0,-1.0,0.08600000000000001,4513.07,4523.67,4558.585465150803,4299.657849974063,0.19406201,0.19451781000000004,0.0,-0.9116000000000314,-1.3001798200000394,219.38732262042305,218.087142800423,1.7691269275003636,3.0,217.16538061042306,0.0,0.0,2025-10-08 00:00:00+00:00,2025-10-07 00:00:00+00:00,2025-10-08 00:01:00+00:00,63.84,0.03341538321815925,4445.76,2025-10-08 18:45:00+00:00,2025-10-08 23:59:00+00:00,2025-10-08 23:59:00+00:00,scheduled_23_59_exit,-0.33215896948234297,4.688783237056924,"simulated minute opens; intrabar exits only known within minute, not actual exchange fills"
1114,2108.0,3035785.0,3035979.0,1.0,0.092,4455.64,4412.7300000000005,4413.614192583266,4674.691766182035,0.20495944,0.20298558000000003,0.0,-3.9477199999999866,-4.3556650200000036,218.087142800423,213.731477780423,1.8796104838473995,1.0,213.731477780423,0.0,0.0,2025-10-09 00:00:00+00:00,2025-10-08 00:00:00+00:00,2025-10-09 00:01:00+00:00,62.74,0.03283961690331001,4523.67,2025-10-09 04:25:00+00:00,2025-10-09 07:39:00+00:00,2025-10-09 07:40:00+00:00,stop,-1.1265502773219354,5.212315471060089,"simulated minute opens; intrabar exits only known within minute, not actual exchange fills"
1115,2110.0,3038530.0,3039622.0,1.0,0.082,3766.9700000000003,3719.16,3719.9061329934834,3957.6363458448554,0.15444577,0.15248556,-0.04088439385302945,-3.920420000000033,-4.1864669361470135,213.731477780423,209.545010844276,1.4452318545111063,1.0,209.545010844276,0.0,0.0,2025-10-11 00:00:00+00:00,2025-10-10 00:00:00+00:00,2025-10-11 00:01:00+00:00,67.63,0.03539915988477615,3819.99,2025-10-11 02:10:00+00:00,2025-10-11 20:22:00+00:00,2025-10-11 20:23:00+00:00,stop,-1.0847913288551436,4.051225663595685,"simulated minute opens; intrabar exits only known within minute, not actual exchange fills"
1116,2111.0,3040110.0,3040441.0,-1.0,0.089,3809.81,3852.69,3851.913330664864,3607.028189999343,0.16953654499999998,0.171444705,-0.0028566825775084457,-3.8163200000000095,-4.154444567422502,209.545010844276,205.3905662768535,1.6181396475814123,1.0,204.7825448424635,0.0,0.0,2025-10-12 00:00:00+00:00,2025-10-11 00:00:00+00:00,2025-10-12 00:01:00+00:00,71.71,0.03753472948894423,3744.99,2025-10-12 04:30:00+00:00,2025-10-12 10:01:00+00:00,2025-10-12 10:02:00+00:00,stop,-1.1086807553185776,4.816289039334394,"simulated minute opens; intrabar exits only known within minute, not actual exchange fills"
1117,2112.0,3041975.0,3042719.0,1.0,0.085,4078.59,4238.27,4035.426130360014,4307.817022563542,0.173340075,0.18012647500000004,0.018276831648,13.572800000000026,13.201056618352027,205.3905662768535,218.59162289520552,1.6879068804586532,3.0,203.22544162820347,0.0,0.0,2025-10-13 00:00:00+00:00,2025-10-12 00:00:00+00:00,2025-10-13 00:01:00+00:00,71.31,0.037325359919908145,4149.99,2025-10-13 11:35:00+00:00,2025-10-13 23:59:00+00:00,2025-10-13 23:59:00+00:00,scheduled_23_59_exit,3.5980682396308645,5.310622622008659,"simulated minute opens; intrabar exits only known within minute, not actual exchange fills"
1118,2114.0,3044995.0,3045053.0,1.0,0.091,4049.51,4005.56,4006.366365072244,4283.931540584836,0.184252705,0.18225297999999998,0.0,-3.999450000000025,-4.365955685000017,218.59162289520552,214.2256672102055,1.6858167075170318,1.0,213.9947801902055,0.0,0.0,2025-10-15 00:00:00+00:00,2025-10-14 00:00:00+00:00,2025-10-15 00:01:00+00:00,73.13,0.038277991459022324,4123.05,2025-10-15 13:55:00+00:00,2025-10-15 14:53:00+00:00,2025-10-15 14:54:00+00:00,stop,-1.1120420215018634,5.433513911782679,"simulated minute opens; intrabar exits only known within minute, not actual exchange fills"
1119,2115.0,3046225.0,3046833.0,-1.0,0.085,4053.25,3836.56,4098.5654110706155,3835.7852062811157,0.17226312500000002,0.1630538,-0.002051956771559058,18.418650000000007,18.08538503177158,214.2256672102055,232.31105224197708,1.6082398271255665,2.0,211.62080423985552,0.0,0.0,2025-10-16 00:00:00+00:00,2025-10-15 00:00:00+00:00,2025-10-16 00:01:00+00:00,72.34,0.03786448656017606,3983.81,2025-10-16 10:25:00+00:00,2025-10-16 20:33:00+00:00,2025-10-16 20:34:00+00:00,target,4.695295279046247,4.798914730796695,"simulated minute opens; intrabar exits only known within minute, not actual exchange fills"
1120,2116.0,3047455.0,3047466.0,1.0,0.094,3825.84,3780.4300000000003,3781.191714038831,4044.8605267986754,0.17981448,0.17768021000000003,0.0,-4.2685399999999865,-4.626034689999983,232.31105224197708,227.6850175519771,1.5480492922282818,1.0,227.6850175519771,0.0,0.0,2025-10-17 00:00:00+00:00,2025-10-16 00:00:00+00:00,2025-10-17 00:01:00+00:00,73.59,0.03851876646341383,3892.02,2025-10-17 06:55:00+00:00,2025-10-17 07:06:00+00:00,2025-10-17 07:07:00+00:00,stop,-1.1022401854978412,4.90546326882869,"simulated minute opens; intrabar exits only known within minute, not actual exchange fills"
1121,2117.0,3048920.0,3049919.0,-1.0,0.081,3894.29,3888.66,3945.190121478689,3681.605448800708,0.15771874500000002,0.15749073,-0.023866069517593187,0.4560300000000089,0.1646865945176046,227.6850175519771,227.8497041464947,1.3854117121605964,3.0,226.47467487649467,0.0,0.0,2025-10-18 00:00:00+00:00,2025-10-17 00:00:00+00:00,2025-10-18 00:01:00+00:00,75.49,0.03951327191633523,3829.99,2025-10-18 07:20:00+00:00,2025-10-18 23:59:00+00:00,2025-10-18 23:59:00+00:00,scheduled_23_59_exit,0.03994426289143387,4.178468440165496,"simulated minute opens; intrabar exits only known within minute, not actual exchange fills"
1122,2118.0,3050765.0,3050781.0,-1.0,0.095,3958.0,4001.59,4000.782802501119,3740.3298415810427,0.188005,0.190075525,0.0,-4.141050000000014,-4.5191305250000084,227.8497041464947,223.3305736214947,1.6502545017931929,1.0,223.3305736214947,0.0,0.0,2025-10-19 00:00:00+00:00,2025-10-18 00:00:00+00:00,2025-10-19 00:01:00+00:00,73.49,0.03846642407115481,3887.01,2025-10-19 14:05:00+00:00,2025-10-19 14:21:00+00:00,2025-10-19 14:22:00+00:00,stop,-1.111890577966599,5.08779569578837,"simulated minute opens; intrabar exits only known within minute, not actual exchange fills"
1123,2119.0,3051700.0,3052799.0,-1.0,0.097,4055.1800000000003,3978.27,4096.297773069644,3831.3810949880544,0.19667623000000004,0.192946095,-0.0445767993147812,7.460270000000031,7.115224474314829,223.3305736214947,230.44579809580952,1.7613014359004067,3.0,220.5042273914947,0.0,0.0,2025-10-20 00:00:00+00:00,2025-10-19 00:00:00+00:00,2025-10-20 00:01:00+00:00,72.99,0.0382047121098597,3980.59,2025-10-20 05:40:00+00:00,2025-10-20 23:59:00+00:00,2025-10-20 23:59:00+00:00,scheduled_23_59_exit,1.7839689301234685,5.442875143867458,"simulated minute opens; intrabar exits only known within minute, not actual exchange fills"
1124,2120.0,3053545.0,3053589.0,1.0,0.085,3914.17,3864.03,3864.807449105768,4132.981692124943,0.16635222500000002,0.16422127500000003,0.0,-4.261899999999989,-4.592473499999983,230.44579809580952,225.85332459580954,1.4437427488336139,1.0,225.8381635844095,0.0,0.0,2025-10-21 00:00:00+00:00,2025-10-20 00:00:00+00:00,2025-10-21 00:01:00+00:00,73.24,0.03833556809050725,3977.54,2025-10-21 12:25:00+00:00,2025-10-21 13:09:00+00:00,2025-10-21 13:10:00+00:00,stop,-1.0945362227281643,4.432746852847706,"simulated minute opens; intrabar exits only known within minute, not actual exchange fills"
1125,2121.0,3054915.0,3055501.0,1.0,0.064,3824.4,3758.51,3759.2682109678503,4025.4253655177517,0.12238080000000001,0.12027232000000002,0.0058781505536,-4.216959999999992,-4.465491270553599,225.85332459580954,221.38783332525594,1.0837192697430025,1.0,220.79480753645592,0.0,0.0,2025-10-22 00:00:00+00:00,2025-10-21 00:00:00+00:00,2025-10-22 00:01:00+00:00,74.68,0.039089298539037164,3871.11,2025-10-22 11:15:00+00:00,2025-10-22 21:01:00+00:00,2025-10-22 21:02:00+00:00,stop,-1.0712633898012403,3.086440100985455,"simulated minute opens; intrabar exits only known within minute, not actual exchange fills"
1126,2122.0,3056075.0,3056694.0,-1.0,0.082,3869.89,3919.78,3918.992381811434,3655.7513246894628,0.15866549000000002,0.16071098,-0.02975114410654612,-4.090980000000027,-4.380605325893498,221.38783332525594,217.00722799936244,1.4333713611704555,1.0,216.4732365578625,0.0,0.0,2025-10-23 00:00:00+00:00,2025-10-22 00:00:00+00:00,2025-10-23 00:01:00+00:00,75.91,0.03973310996382312,3803.93,2025-10-23 06:35:00+00:00,2025-10-23 16:54:00+00:00,2025-10-23 16:55:00+00:00,stop,-1.087971992368667,4.361064930269279,"simulated minute opens; intrabar exits only known within minute, not actual exchange fills"
1127,2123.0,3057950.0,3058559.0,-1.0,0.093,3925.4700000000003,3933.2000000000003,3967.242079403249,3710.7396992900326,0.182534355,0.1828938,-0.011112594748022052,-0.7188900000000017,-1.0732055602519779,217.00722799936244,215.93402243911046,1.6822882507907644,3.0,214.90982364436246,0.0,0.0,2025-10-24 00:00:00+00:00,2025-10-23 00:00:00+00:00,2025-10-24 00:01:00+00:00,72.97,0.038194243631407894,3855.21,2025-10-24 13:50:00+00:00,2025-10-24 23:59:00+00:00,2025-10-24 23:59:00+00:00,scheduled_23_59_exit,-0.27625736852819227,5.140522180786306,"simulated minute opens; intrabar exits only known within minute, not actual exchange fills"
1128,2126.0,3061780.0,3062879.0,-1.0,0.09,4228.47,4118.84,4271.281042127262,4007.9497941055756,0.19028115,0.1853478,-0.067183375932,9.866700000000009,9.558254425932006,215.93402243911046,225.49227686504247,1.76240082827759,3.0,214.2155412891105,0.0,0.0,2025-10-27 00:00:00+00:00,2025-10-26 00:00:00+00:00,2025-10-27 00:01:00+00:00,69.47,0.036362259902342146,4156.37,2025-10-27 05:40:00+00:00,2025-10-27 23:59:00+00:00,2025-10-27 23:59:00+00:00,scheduled_23_59_exit,2.4807344478814257,5.151012330858474,"simulated minute opens; intrabar exits only known within minute, not actual exchange fills"
1129,2128.0,3065455.0,3065759.0,1.0,0.064,3934.83,3898.26,3869.9736383538875,4125.675347373347,0.12591456,0.12474432000000002,0.0,-2.3404799999999812,-2.5911388799999884,225.49227686504247,222.90113798504248,1.1167970961183746,3.0,221.39267498728248,0.0,0.0,2025-10-29 00:00:00+00:00,2025-10-28 00:00:00+00:00,2025-10-29 00:01:00+00:00,69.85,0.036561160992926424,3977.56,2025-10-29 18:55:00+00:00,2025-10-29 23:59:00+00:00,2025-10-29 23:59:00+00:00,scheduled_23_59_exit,-0.624249402408879,2.9425848525807123,"simulated minute opens; intrabar exits only known within minute, not actual exchange fills"
1130,2130.0,3067930.0,3068639.0,-1.0,0.097,3867.76,3846.89,3908.8104546275163,3665.9115644880153,0.18758636,0.186574165,0.004802619186100454,2.0243900000000337,1.6454268558139233,222.90113798504248,224.5465648408564,1.6831350588491636,3.0,219.1882513079564,0.0,0.0,2025-10-31 00:00:00+00:00,2025-10-30 00:00:00+00:00,2025-10-31 00:01:00+00:00,70.04,0.03666061153821857,3802.8,2025-10-31 12:10:00+00:00,2025-10-31 23:59:00+00:00,2025-10-31 23:59:00+00:00,scheduled_23_59_exit,0.41322717655430863,4.917081609534387,"simulated minute opens; intrabar exits only known within minute, not actual exchange fills"
1131,2133.0,3071625.0,3071671.0,1.0,0.10200000000000001,3841.37,3801.42,3802.180646220173,4045.9470210266027,0.19590987,0.19387242000000002,0.0,-4.074899999999982,-4.464682289999985,224.5465648408564,220.08188255085642,1.7449375824461872,1.0,220.08188255085642,0.0,0.0,2025-11-03 00:00:00+00:00,2025-11-02 00:00:00+00:00,2025-11-03 00:01:00+00:00,67.84,0.0355090789085201,3904.8,2025-11-03 01:45:00+00:00,2025-11-03 02:31:00+00:00,2025-11-03 02:32:00+00:00,stop,-1.1169205607705532,5.220219301802084,"simulated minute opens; intrabar exits only known within minute, not actual exchange fills"
1132,2134.0,3073340.0,3073360.0,1.0,0.105,3541.59,3503.42,3504.1262912860548,3737.126956246808,0.185933475,0.18392955,0.0,-4.0078500000000075,-4.37771302500002,220.08188255085642,215.7041695258564,1.689675432115904,1.0,215.7041695258564,0.0,0.0,2025-11-04 00:00:00+00:00,2025-11-03 00:00:00+00:00,2025-11-04 00:01:00+00:00,70.28,0.03678623327964022,3602.15,2025-11-04 06:20:00+00:00,2025-11-04 06:40:00+00:00,2025-11-04 06:41:00+00:00,stop,-1.1128771398033184,5.219369970544896,"simulated minute opens; intrabar exits only known within minute, not actual exchange fills"
1133,2135.0,3074475.0,3074479.0,1.0,0.115,3223.8,3189.62,3190.263466882305,3416.3852807730905,0.18536850000000002,0.18340315000000001,0.0,-3.9307000000000336,-4.299471650000044,215.7041695258564,211.40469787585636,1.7187289462921573,1.0,211.30284842945636,0.0,0.0,2025-11-05 00:00:00+00:00,2025-11-04 00:00:00+00:00,2025-11-05 00:01:00+00:00,74.76,0.03913117245284438,3285.28,2025-11-05 01:15:00+00:00,2025-11-05 01:19:00+00:00,2025-11-05 01:20:00+00:00,stop,-1.1148054531693214,5.74255186417804,"simulated minute opens; intrabar exits only known within minute, not actual exchange fills"
1134,2136.0,3076635.0,3076715.0,1.0,0.10300000000000001,3366.26,3328.76,3329.4261532128903,3552.0140761751195,0.17336239000000003,0.17143114000000004,0.0,-3.8625000000000003,-4.207293529999987,211.40469787585636,207.19740434585637,1.6400996925981655,1.0,206.75191139707636,0.0,0.0,2025-11-06 00:00:00+00:00,2025-11-05 00:00:00+00:00,2025-11-06 00:01:00+00:00,70.65,0.036979900130998604,3423.06,2025-11-06 13:15:00+00:00,2025-11-06 14:35:00+00:00,2025-11-06 14:36:00+00:00,stop,-1.1089667130367322,5.043026791329446,"simulated minute opens; intrabar exits only known within minute, not actual exchange fills"
1135,2137.0,3077995.0,3078026.0,1.0,0.109,3254.29,3219.66,3220.313104750474,3442.4420573046755,0.17735880499999998,0.17547147,0.0,-3.774670000000012,-4.127500275000017,207.19740434585637,203.06990407085635,1.7119790236749353,1.0,203.06990407085635,0.0,0.0,2025-11-07 00:00:00+00:00,2025-11-06 00:00:00+00:00,2025-11-07 00:01:00+00:00,72.82,0.03811573004301936,3313.7,2025-11-07 11:55:00+00:00,2025-11-07 12:26:00+00:00,2025-11-07 12:27:00+00:00,stop,-1.1144919134578195,5.537647154717594,"simulated minute opens; intrabar exits only known within minute, not actual exchange fills"
1136,2138.0,3079695.0,3080159.0,1.0,0.088,3380.94,3398.31,3339.171513438039,3565.5122915997886,0.14876136,0.14952564,0.0,1.5285599999999904,1.2302729999999826,203.06990407085635,204.30017707085634,1.4651246395240656,3.0,200.62532981125634,0.0,0.0,2025-11-08 00:00:00+00:00,2025-11-07 00:00:00+00:00,2025-11-08 00:01:00+00:00,71.6,0.037477152857459305,3434.36,2025-11-08 16:15:00+00:00,2025-11-08 23:59:00+00:00,2025-11-08 23:59:00+00:00,scheduled_23_59_exit,0.3347110740835842,4.418936542648862,"simulated minute opens; intrabar exits only known within minute, not actual exchange fills"
1137,2140.0,3081660.0,3083039.0,-1.0,0.07200000000000001,3633.4,3569.25,3685.4404393416858,3447.0316682316275,0.1308024,0.12849300000000002,-0.04341473599138894,4.618800000000007,4.402919335991385,204.30017707085634,208.70309640684772,1.2804922822424625,3.0,202.40433708965634,0.0,0.0,2025-11-10 00:00:00+00:00,2025-11-09 00:00:00+00:00,2025-11-10 00:01:00+00:00,73.01,0.03821518058831151,3581.31,2025-11-10 01:00:00+00:00,2025-11-10 23:59:00+00:00,2025-11-10 23:59:00+00:00,scheduled_23_59_exit,1.175079576919344,3.58122133721279,"simulated minute opens; intrabar exits only known within minute, not actual exchange fills"
1138,2141.0,3083125.0,3084274.0,-1.0,0.083,3623.44,3434.9300000000003,3668.8086887143,3434.2429494171756,0.15037276,0.142549595,-0.000645608162799999,15.646329999999981,15.354053253162789,208.70309640684772,224.0571496600105,1.4410208817109447,2.0,207.54593364684771,0.0,0.0,2025-11-11 00:00:00+00:00,2025-11-10 00:00:00+00:00,2025-11-11 00:01:00+00:00,72.13,0.03775456753643212,3566.38,2025-11-11 01:25:00+00:00,2025-11-11 20:34:00+00:00,2025-11-11 20:35:00+00:00,target,4.077450740895952,4.170212010628179,"simulated minute opens; intrabar exits only known within minute, not actual exchange fills"
1139,2142.0,3085050.0,3085110.0,-1.0,0.105,3479.79,3518.7400000000002,3518.0278075777437,3285.268811648769,0.182688975,0.18473385000000003,0.0,-4.089750000000029,-4.457172825000015,224.0571496600105,219.5999768350105,1.6307355090182702,1.0,219.0964776167605,0.0,0.0,2025-11-12 00:00:00+00:00,2025-11-11 00:00:00+00:00,2025-11-12 00:01:00+00:00,74.73,0.03911546973516668,3416.32,2025-11-12 09:30:00+00:00,2025-11-12 10:30:00+00:00,2025-11-12 10:31:00+00:00,stop,-1.1101385693647265,5.087142822080935,"simulated minute opens; intrabar exits only known within minute, not actual exchange fills"
1140,2143.0,3086185.0,3086266.0,-1.0,0.10200000000000001,3474.3,3513.4700000000003,3512.765179624276,3285.4062815578736,0.17718930000000002,0.17918697000000003,0.0,-3.9953400000000077,-4.351716270000026,219.5999768350105,215.24826056501047,1.613746071868902,1.0,214.78233548819048,0.0,0.0,2025-11-13 00:00:00+00:00,2025-11-12 00:00:00+00:00,2025-11-13 00:01:00+00:00,73.05,0.03823611754521511,3413.46,2025-11-13 04:25:00+00:00,2025-11-13 05:46:00+00:00,2025-11-13 05:47:00+00:00,stop,-1.109156005944525,4.910771775596093,"simulated minute opens; intrabar exits only known within minute, not actual exchange fills"
1141,2144.0,3087665.0,3087768.0,1.0,0.088,3181.66,3136.41,3137.043600596462,3358.5317590564023,0.13999303999999999,0.13800204,0.0,-3.9819999999999998,-4.25999508000001,215.24826056501047,210.98826548501046,1.3007588505712315,1.0,210.98826548501046,0.0,0.0,2025-11-14 00:00:00+00:00,2025-11-13 00:00:00+00:00,2025-11-14 00:01:00+00:00,74.48,0.03898461375451912,3230.12,2025-11-14 05:05:00+00:00,2025-11-14 06:48:00+00:00,2025-11-14 06:49:00+00:00,stop,-1.0850054161062936,3.9642768448584764,"simulated minute opens; intrabar exits only known within minute, not actual exchange fills"
1142,2145.0,3089020.0,3089843.0,-1.0,0.096,3168.03,3208.51,3207.863852963571,2986.8306541436086,0.15206544000000002,0.15400848000000003,-0.027706278268799997,-3.886080000000002,-4.164447641731215,210.98826548501046,206.82381784327924,1.4414587432190955,1.0,206.37340957927927,0.0,0.0,2025-11-15 00:00:00+00:00,2025-11-14 00:00:00+00:00,2025-11-15 00:01:00+00:00,77.94,0.04079566052668126,3111.2,2025-11-15 03:40:00+00:00,2025-11-15 17:23:00+00:00,2025-11-15 17:24:00+00:00,stop,-1.0890149886924614,4.5488782122609095,"simulated minute opens; intrabar exits only known within minute, not actual exchange fills"
1143,2146.0,3090910.0,3091277.0,-1.0,0.095,3222.46,3044.37,3261.8845163126543,3043.757450240906,0.15306685000000003,0.144607575,-0.0229350940755,16.918550000000014,16.64381066907555,206.82381784327924,223.4676285123548,1.4801665649164877,2.0,206.53680099327926,0.0,0.0,2025-11-16 00:00:00+00:00,2025-11-15 00:00:00+00:00,2025-11-16 00:01:00+00:00,75.56,0.03954991159091655,3166.55,2025-11-16 11:10:00+00:00,2025-11-16 17:17:00+00:00,2025-11-16 17:18:00+00:00,target,4.443884755706343,4.532777227801645,"simulated minute opens; intrabar exits only known within minute, not actual exchange fills"
1144,2147.0,3091830.0,3091946.0,-1.0,0.10200000000000001,3149.59,3189.9,3189.254394828714,2971.5169663685983,0.16062909000000003,0.16268490000000002,0.0,-4.111619999999995,-4.4349339899999904,223.4676285123548,219.0326945223548,1.4376049996084275,1.0,219.0326945223548,0.0,0.0,2025-11-17 00:00:00+00:00,2025-11-16 00:00:00+00:00,2025-11-17 00:01:00+00:00,77.2,0.0404083268239645,3094.05,2025-11-17 02:30:00+00:00,2025-11-17 04:26:00+00:00,2025-11-17 04:27:00+00:00,stop,-1.0961908075936195,4.489493269729447,"simulated minute opens; intrabar exits only known within minute, not actual exchange fills"
1145,2148.0,3093310.0,3094100.0,1.0,0.125,2970.0,3155.59,2938.7539821214023,3156.229382781317,0.185625,0.197224375,0.0608148063534079,23.198750000000018,22.75508581864662,219.0326945223548,241.78778034100142,1.694952439906681,2.0,216.85065863610484,0.0,0.0,2025-11-18 00:00:00+00:00,2025-11-17 00:00:00+00:00,2025-11-18 00:01:00+00:00,77.94,0.04079566052668126,3030.06,2025-11-18 03:10:00+00:00,2025-11-18 16:20:00+00:00,2025-11-18 16:21:00+00:00,target,5.826044370084787,5.960099731904604,"simulated minute opens; intrabar exits only known within minute, not actual exchange fills"
1146,2149.0,3094815.0,3094885.0,1.0,0.116,3068.92,3030.4900000000002,3031.1027029437723,3247.9360985735916,0.17799736000000002,0.17576842000000004,0.0,-4.457879999999982,-4.811645779999992,241.78778034100142,236.97613456100143,1.47234372017448,1.0,236.86412406664138,0.0,0.0,2025-11-19 00:00:00+00:00,2025-11-18 00:00:00+00:00,2025-11-19 00:01:00+00:00,75.43,0.03948186648097982,3122.2,2025-11-19 04:15:00+00:00,2025-11-19 05:25:00+00:00,2025-11-19 05:26:00+00:00,stop,-1.0968447834420008,4.733709506193045,"simulated minute opens; intrabar exits only known within minute, not actual exchange fills"
1147,2150.0,3096855.0,3096964.0,1.0,0.123,2969.19,2933.83,2934.426505353032,3147.9175277899676,0.182605185,0.180430545,0.024667996564799996,-4.349280000000015,-4.73698372656483,236.97613456100143,232.2391508344366,1.541127213829159,1.0,232.2391508344366,0.0,0.0,2025-11-20 00:00:00+00:00,2025-11-19 00:00:00+00:00,2025-11-20 00:01:00+00:00,76.67,0.04013091214499169,3024.09,2025-11-20 14:15:00+00:00,2025-11-20 16:04:00+00:00,2025-11-20 16:05:00+00:00,stop,-1.107830590931664,5.141241684847586,"simulated minute opens; intrabar exits only known within minute, not actual exchange fills"
1148,2151.0,3098335.0,3098343.0,1.0,0.131,2778.52,2745.86,2746.416747649627,2952.6322426710176,0.18199306,0.17985383000000002,0.0,-4.278459999999981,-4.640306889999977,232.2391508344366,227.59884394443662,1.5672900916671277,1.0,227.5671845652866,0.0,0.0,2025-11-21 00:00:00+00:00,2025-11-20 00:00:00+00:00,2025-11-21 00:01:00+00:00,79.04,0.0413714268415305,2832.97,2025-11-21 14:55:00+00:00,2025-11-21 15:03:00+00:00,2025-11-21 15:04:00+00:00,stop,-1.1033832215316985,5.423507897915325,"simulated minute opens; intrabar exits only known within minute, not actual exchange fills"
1149,2152.0,3099540.0,3100319.0,1.0,0.123,2712.26,2767.34,2678.6555724753816,2883.716291861162,0.16680399,0.17019141000000002,0.01568154986215188,6.774839999999991,6.4221630501378115,227.59884394443662,234.02100699457444,1.4657718563871232,3.0,226.3041299544366,0.0,0.0,2025-11-22 00:00:00+00:00,2025-11-21 00:00:00+00:00,2025-11-22 00:01:00+00:00,80.53,0.04215132848618991,2764.69,2025-11-22 11:00:00+00:00,2025-11-22 23:59:00+00:00,2025-11-22 23:59:00+00:00,scheduled_23_59_exit,1.5537448952655615,5.102193505172884,"simulated minute opens; intrabar exits only known within minute, not actual exchange fills"
1150,2153.0,3100485.0,3101759.0,-1.0,0.132,2825.86,2801.28,2857.8297942836925,2654.9746258474765,0.18650676000000002,0.18488448000000002,0.010880807793544816,3.2445599999999906,2.862287952206458,234.02100699457444,236.8832949467809,1.5939317789904561,3.0,229.7166563427601,0.0,0.0,2025-11-23 00:00:00+00:00,2025-11-22 00:00:00+00:00,2025-11-23 00:01:00+00:00,80.38,0.042072814897801375,2769.06,2025-11-23 02:45:00+00:00,2025-11-23 23:59:00+00:00,2025-11-23 23:59:00+00:00,scheduled_23_59_exit,0.6782652226507627,5.345213442292656,"simulated minute opens; intrabar exits only known within minute, not actual exchange fills"
1151,2154.0,3101910.0,3102804.0,-1.0,0.115,2852.13,2890.43,2889.845653412462,2686.169235693009,0.163997475,0.166199725,-0.040906750164742156,-4.4044999999999686,-4.693790449835234,236.8832949467809,232.18950449694566,1.3846267634604146,1.0,232.05734786544562,0.0,0.0,2025-11-24 00:00:00+00:00,2025-11-23 00:00:00+00:00,2025-11-24 00:01:00+00:00,79.79,0.04176399478347315,2800.73,2025-11-24 02:30:00+00:00,2025-11-24 17:24:00+00:00,2025-11-24 17:25:00+00:00,stop,-1.0821917542469461,4.400315234951084,"simulated minute opens; intrabar exits only known within minute, not actual exchange fills"
1152,2155.0,3103835.0,3104088.0,1.0,0.127,2896.94,2863.3,2863.8824716518025,3074.1835151186606,0.18395569,0.18181955000000002,0.0,-4.272279999999984,-4.63805524,232.18950449694566,227.55144925694566,1.5845306220757265,1.0,227.36242880694567,0.0,0.0,2025-11-25 00:00:00+00:00,2025-11-24 00:00:00+00:00,2025-11-25 00:01:00+00:00,77.36,0.04049207465157893,2952.19,2025-11-25 10:35:00+00:00,2025-11-25 14:48:00+00:00,2025-11-25 14:49:00+00:00,stop,-1.1047444205546963,5.361668702261717,"simulated minute opens; intrabar exits only known within minute, not actual exchange fills"
1153,2156.0,3105430.0,3106079.0,1.0,0.133,2903.59,3025.65,2872.87380369903,3076.020411304088,0.193088735,0.20120572500000003,0.007341101559427214,16.233979999999992,15.832344438440543,227.55144925694566,243.3837936953862,1.6970995845600512,3.0,226.97876391056562,0.0,0.0,2025-11-26 00:00:00+00:00,2025-11-25 00:00:00+00:00,2025-11-26 00:01:00+00:00,74.59,0.039042190386004046,2958.24,2025-11-26 13:10:00+00:00,2025-11-26 23:59:00+00:00,2025-11-26 23:59:00+00:00,scheduled_23_59_exit,3.8754858375453503,5.613664192484702,"simulated minute opens; intrabar exits only known within minute, not actual exchange fills"
1154,2158.0,3108075.0,3108959.0,-1.0,0.112,3060.38,3030.6,3099.810594513161,2902.8201043074205,0.17138128,0.1697136,0.0031070361243262655,3.3353600000000223,2.991158083875689,243.3837936953862,246.3749517792619,1.408321214801155,3.0,239.08857241538624,0.0,0.0,2025-11-28 00:00:00+00:00,2025-11-27 00:00:00+00:00,2025-11-28 00:01:00+00:00,71.68,0.03751902677126653,3013.8,2025-11-28 09:15:00+00:00,2025-11-28 23:59:00+00:00,2025-11-28 23:59:00+00:00,scheduled_23_59_exit,0.6773108276903836,3.995879282012603,"simulated minute opens; intrabar exits only known within minute, not actual exchange fills"
1155,2159.0,3110050.0,3110399.0,1.0,0.155,2975.12,2986.91,2946.958031855344,3143.88975313507,0.2305718,0.231485525,0.0,1.8274499999999942,1.3653926749999812,246.3749517792619,247.74034445426187,1.8717146230561568,3.0,244.13402997926192,0.0,0.0,2025-11-29 00:00:00+00:00,2025-11-28 00:00:00+00:00,2025-11-29 00:01:00+00:00,70.62,0.036964197413320896,3029.8,2025-11-29 18:10:00+00:00,2025-11-29 23:59:00+00:00,2025-11-29 23:59:00+00:00,scheduled_23_59_exit,0.31279720773604697,5.9928252268510604,"simulated minute opens; intrabar exits only known within minute, not actual exchange fills"
1156,2160.0,3111215.0,3111839.0,-1.0,0.151,3043.58,2990.43,3072.7023554483344,2878.5945168719754,0.22979029,0.22577746499999998,-0.0169487702516,8.025650000000013,7.587031015251597,247.74034445426187,255.32737546951347,1.85508977559708,3.0,246.35144538971184,0.0,0.0,2025-11-30 00:00:00+00:00,2025-11-29 00:00:00+00:00,2025-11-30 00:01:00+00:00,71.24,0.037288720245326826,2987.96,2025-11-30 13:35:00+00:00,2025-11-30 23:59:00+00:00,2025-11-30 23:59:00+00:00,scheduled_23_59_exit,1.7253150625381002,5.665252023337286,"simulated minute opens; intrabar exits only known within minute, not actual exchange fills"
1157,2163.0,3114990.0,3115099.0,-1.0,0.131,3043.63,3079.36,3078.7395576200556,2886.0474242213418,0.19935776500000002,0.20169808,0.0,-4.6806300000000025,-5.08168584500001,255.32737546951347,250.24568962451346,1.5615855106285201,1.0,250.24568962451346,0.0,0.0,2025-12-03 00:00:00+00:00,2025-12-02 00:00:00+00:00,2025-12-03 00:01:00+00:00,70.56,0.03693279197796548,2994.63,2025-12-03 04:30:00+00:00,2025-12-03 06:19:00+00:00,2025-12-03 06:20:00+00:00,stop,-1.1048699450955581,4.488309920733464,"simulated minute opens; intrabar exits only known within minute, not actual exchange fills"
1158,2164.0,3117410.0,3117599.0,1.0,0.127,3136.42,3131.6800000000003,3100.9868063734875,3305.5762595343253,0.19916267,0.19886168000000004,0.0,-0.6019799999999723,-1.000004349999955,250.24568962451346,249.2456852745135,1.5917370668708655,3.0,247.65765695451347,0.0,0.0,2025-12-04 00:00:00+00:00,2025-12-03 00:00:00+00:00,2025-12-04 00:01:00+00:00,69.75,0.03650881860066741,3187.07,2025-12-04 20:50:00+00:00,2025-12-04 23:59:00+00:00,2025-12-04 23:59:00+00:00,scheduled_23_59_exit,-0.22222241898364936,4.773949007174892,"simulated minute opens; intrabar exits only known within minute, not actual exchange fills"
1159,2165.0,3117795.0,3118600.0,-1.0,0.12,3181.19,3020.76,3218.613225819112,3020.15295311142,0.1908714,0.1812456,-0.05539545881070451,19.25159999999998,18.934878458810715,249.2456852745135,268.1805637333242,1.531592410835747,2.0,248.9024138745135,0.0,0.0,2025-12-05 00:00:00+00:00,2025-12-04 00:00:00+00:00,2025-12-05 00:01:00+00:00,69.48,0.036367494141568056,3132.01,2025-12-05 03:15:00+00:00,2025-12-05 16:40:00+00:00,2025-12-05 16:41:00+00:00,target,4.216383018025126,4.3031311001078665,"simulated minute opens; intrabar exits only known within minute, not actual exchange fills"
1160,2167.0,3121435.0,3121919.0,1.0,0.108,2996.43,3059.73,2950.421487655011,3155.263217348837,0.16180722,0.16522541999999998,0.004734583789391712,6.83640000000002,6.504632776210599,268.1805637333242,274.6851965095348,1.206703556346457,3.0,268.00156441992425,0.0,0.0,2025-12-07 00:00:00+00:00,2025-12-06 00:00:00+00:00,2025-12-07 00:01:00+00:00,73.28,0.038356505047410866,3036.53,2025-12-07 15:55:00+00:00,2025-12-07 23:59:00+00:00,2025-12-07 23:59:00+00:00,scheduled_23_59_exit,1.3090638708245261,3.452257185753941,"simulated minute opens; intrabar exits only known within minute, not actual exchange fills"
1161,2168.0,3122025.0,3122462.0,-1.0,0.139,3114.87,3150.9900000000002,3150.359048087391,2939.3667457665815,0.21648346500000004,0.21899380500000004,-0.03152709887056492,-5.020680000000048,-5.424630171129479,274.6851965095348,269.26056633840534,1.57622957298673,1.0,268.9978594144754,0.0,0.0,2025-12-08 00:00:00+00:00,2025-12-07 00:00:00+00:00,2025-12-08 00:01:00+00:00,75.68,0.03961272246162738,3058.14,2025-12-08 01:45:00+00:00,2025-12-08 09:02:00+00:00,2025-12-08 09:03:00+00:00,stop,-1.0996664729625902,4.9452792816884115,"simulated minute opens; intrabar exits only known within minute, not actual exchange fills"
1162,2170.0,3125850.0,3125917.0,-1.0,0.109,3366.62,3412.55,3411.862232669061,3193.4611195116963,0.18348078999999998,0.18598397500000002,0.0,-5.0063700000000315,-5.375834764999979,269.26056633840534,263.88473157340536,1.3628493209763382,1.0,263.56303253334534,0.0,0.0,2025-12-10 00:00:00+00:00,2025-12-09 00:00:00+00:00,2025-12-10 00:01:00+00:00,72.22,0.037801675689465235,3316.49,2025-12-10 17:30:00+00:00,2025-12-10 18:37:00+00:00,2025-12-10 18:38:00+00:00,stop,-1.090122703730466,3.8273725736510325,"simulated minute opens; intrabar exits only known within minute, not actual exchange fills"
1163,2171.0,3126295.0,3126371.0,1.0,0.10200000000000001,3280.73,3232.53,3233.1806044591845,3446.1443743371287,0.16731723000000004,0.16485903000000002,0.0,-4.916399999999982,-5.248576259999936,263.88473157340536,258.6361553134054,1.2681084578283532,1.0,258.62343866944536,0.0,0.0,2025-12-11 00:00:00+00:00,2025-12-10 00:00:00+00:00,2025-12-11 00:01:00+00:00,69.64,0.03645124196918249,3322.79,2025-12-11 00:55:00+00:00,2025-12-11 02:11:00+00:00,2025-12-11 02:12:00+00:00,stop,-1.0821721162749567,3.478790265485918,"simulated minute opens; intrabar exits only known within minute, not actual exchange fills"
1164,2174.0,3131270.0,3131972.0,1.0,0.108,3073.77,3029.1,3029.7120581160098,3227.647238238007,0.16598358,0.16357139999999998,0.027502440267599997,-4.8243600000000075,-5.181417420267593,258.6361553134054,253.45473789313783,1.2835295962304065,1.0,253.45473789313783,0.0,0.0,2025-12-14 00:00:00+00:00,2025-12-13 00:00:00+00:00,2025-12-14 00:01:00+00:00,69.09,0.03616335881175787,3113.01,2025-12-14 11:50:00+00:00,2025-12-14 23:32:00+00:00,2025-12-14 23:33:00+00:00,stop,-1.0889316471256567,3.492610677166538,"simulated minute opens; intrabar exits only known within minute, not actual exchange fills"
1165,2175.0,3132170.0,3132565.0,-1.0,0.146,3117.71,3149.08,3148.4425310480574,2950.4687994125075,0.22759283,0.22988284,-0.015592604506000002,-4.580019999999984,-5.021903065493973,253.45473789313783,248.43283482764386,1.7959248415861786,1.0,248.43283482764386,0.0,0.0,2025-12-15 00:00:00+00:00,2025-12-14 00:00:00+00:00,2025-12-15 00:01:00+00:00,70.9,0.03711075611164616,3062.02,2025-12-15 02:50:00+00:00,2025-12-15 09:25:00+00:00,2025-12-15 09:26:00+00:00,stop,-1.1192243256897019,5.441829712169579,"simulated minute opens; intrabar exits only known within minute, not actual exchange fills"
1166,2176.0,3133740.0,3134879.0,1.0,0.134,2917.37,2961.87,2883.891408973887,3072.468785913729,0.19546379000000003,0.19844529,0.0015113012048000004,5.963,5.567579618795207,248.43283482764386,254.00041444643907,1.5735745247652762,3.0,244.2507516299491,0.0,0.0,2025-12-16 00:00:00+00:00,2025-12-15 00:00:00+00:00,2025-12-16 00:01:00+00:00,69.15,0.03619476424711328,2963.25,2025-12-16 05:00:00+00:00,2025-12-16 23:59:00+00:00,2025-12-16 23:59:00+00:00,scheduled_23_59_exit,1.2410648226023644,4.632775190352344,"simulated minute opens; intrabar exits only known within minute, not actual exchange fills"
1167,2177.0,3135800.0,3135855.0,-1.0,0.146,3011.19,2856.3,3042.208566956191,2855.7238703918583,0.21981687,0.2085099,-0.00036454964839999996,22.61393999999998,22.18597777964837,254.00041444643907,276.18639222608743,1.7308386718900624,2.0,252.4421318249991,0.0,0.0,2025-12-17 00:00:00+00:00,2025-12-16 00:00:00+00:00,2025-12-17 00:01:00+00:00,69.06,0.03614765609408016,2960.84,2025-12-17 15:20:00+00:00,2025-12-17 16:15:00+00:00,2025-12-17 16:16:00+00:00,target,4.898961068382623,5.012034560710479,"simulated minute opens; intrabar exits only known within minute, not actual exchange fills"
1168,2178.0,3137350.0,3137759.0,-1.0,0.111,2864.36,2828.07,2910.4218992420274,2730.714616689393,0.15897198,0.15695788500000002,0.0,4.028189999999996,3.712260135000008,276.18639222608743,279.89865236108744,1.1511934293262704,3.0,274.86414024608746,0.0,0.0,2025-12-18 00:00:00+00:00,2025-12-17 00:00:00+00:00,2025-12-18 00:01:00+00:00,69.58,0.03641983653382707,2832.0,2025-12-18 17:10:00+00:00,2025-12-18 23:59:00+00:00,2025-12-18 23:59:00+00:00,scheduled_23_59_exit,0.7260617896859468,2.9014301518133636,"simulated minute opens; intrabar exits only known within minute, not actual exchange fills"
1169,2182.0,3142100.0,3143519.0,-1.0,0.092,3026.09,3006.44,3082.779219363898,2894.4703295929885,0.13920014,0.13829624000000001,-7.4384807423517624e-06,1.8078000000000083,1.53031105848072,279.89865236108744,281.42896341956816,0.994646732492465,3.0,275.17195117537705,0.0,0.0,2025-12-22 00:00:00+00:00,2025-12-21 00:00:00+00:00,2025-12-22 00:01:00+00:00,68.81,0.03601680011343261,3000.62,2025-12-22 00:20:00+00:00,2025-12-22 23:59:00+00:00,2025-12-22 23:59:00+00:00,scheduled_23_59_exit,0.29342114849520146,2.3217760252107635,"simulated minute opens; intrabar exits only known within minute, not actual exchange fills"
1170,2183.0,3143925.0,3144336.0,1.0,0.177,2957.29,2928.51,2929.1039687693806,3117.6949458389413,0.261720165,0.259173135,0.035617073331,-5.0940599999999545,-5.650570373330993,281.42896341956816,275.77839304623717,1.8599376682478461,1.0,275.77839304623717,0.0,0.0,2025-12-23 00:00:00+00:00,2025-12-22 00:00:00+00:00,2025-12-23 00:01:00+00:00,68.12,0.03565563760684536,3008.49,2025-12-23 06:45:00+00:00,2025-12-23 13:36:00+00:00,2025-12-23 13:37:00+00:00,stop,-1.1326222603599387,5.690937632421562,"simulated minute opens; intrabar exits only known within minute, not actual exchange fills"
1171,2184.0,3145855.0,3146399.0,1.0,0.17400000000000002,2914.48,2945.65,2886.433449698784,3068.9581370363603,0.25355976,0.25627155000000007,0.028643299061685727,5.423580000000013,4.8851053909383495,275.77839304623717,280.6634984371755,1.8388660344212537,3.0,273.3638028205572,0.0,0.0,2025-12-24 00:00:00+00:00,2025-12-23 00:00:00+00:00,2025-12-24 00:01:00+00:00,66.94,0.035037997378188905,2963.29,2025-12-24 14:55:00+00:00,2025-12-24 23:59:00+00:00,2025-12-24 23:59:00+00:00,scheduled_23_59_exit,1.001025724632839,5.507919347559207,"simulated minute opens; intrabar exits only known within minute, not actual exchange fills"
1172,2186.0,3148730.0,3149279.0,-1.0,0.114,2931.98,2927.37,2977.5065395894003,2805.016296063921,0.16712286,0.16686009000000002,-0.011493629351400001,0.5255400000000146,0.20305067935140642,280.6634984371755,280.8665491165269,1.1909126831995878,3.0,279.8940834857469,0.0,0.0,2025-12-26 00:00:00+00:00,2025-12-25 00:00:00+00:00,2025-12-26 00:01:00+00:00,65.15,0.03410106855675243,2902.32,2025-12-26 14:50:00+00:00,2025-12-26 23:59:00+00:00,2025-12-26 23:59:00+00:00,scheduled_23_59_exit,0.03912325263822054,2.7887844119310023,"simulated minute opens; intrabar exits only known within minute, not actual exchange fills"
1173,2189.0,3152735.0,3153599.0,-1.0,0.162,2991.3,2937.03,3022.141233490732,2855.579675974757,0.24229530000000002,0.23789943000000002,-0.008850363076863984,8.791739999999997,8.320395633076828,280.8665491165269,289.18694474960375,1.7253410971306211,3.0,280.5072559099269,0.0,0.0,2025-12-29 00:00:00+00:00,2025-12-28 00:00:00+00:00,2025-12-29 00:01:00+00:00,61.89,0.032394706569108325,2949.6,2025-12-29 09:35:00+00:00,2025-12-29 23:59:00+00:00,2025-12-29 23:59:00+00:00,scheduled_23_59_exit,1.6653181814624707,4.400612707855215,"simulated minute opens; intrabar exits only known within minute, not actual exchange fills"
1174,2190.0,3154105.0,3154493.0,-1.0,0.164,2976.51,3008.59,3007.982864060392,2843.7120201276307,0.24407382000000005,0.24670438000000003,0.0,-5.2611199999999885,-5.751898199999971,289.18694474960375,283.4350465496038,1.6880002671720502,1.0,283.4350465496038,0.0,0.0,2025-12-30 00:00:00+00:00,2025-12-29 00:00:00+00:00,2025-12-30 00:01:00+00:00,61.31,0.032091120694006006,2936.45,2025-12-30 08:25:00+00:00,2025-12-30 14:53:00+00:00,2025-12-30 14:54:00+00:00,stop,-1.1143742727926162,4.219443760108718,"simulated minute opens; intrabar exits only known within minute, not actual exchange fills"
1175,2193.0,3158520.0,3158808.0,-1.0,0.19,3046.58,3073.25,3072.6266765495457,2911.458473533194,0.2894251,0.29195875,0.0,-5.067300000000014,-5.6486838500000545,283.4350465496038,277.7863626996037,2.042267556699964,1.0,275.7494383389038,0.0,0.0,2026-01-02 00:00:00+00:00,2026-01-01 00:00:00+00:00,2026-01-02 00:01:00+00:00,58.82,0.030787795126756376,3002.49,2026-01-02 10:00:00+00:00,2026-01-02 14:48:00+00:00,2026-01-02 14:49:00+00:00,stop,-1.141409152275083,5.18766861521772,"simulated minute opens; intrabar exits only known within minute, not actual exchange fills"
1176,2194.0,3159805.0,3160799.0,1.0,0.138,3087.94,3124.83,3051.3850607053996,3223.250231527472,0.21306786000000003,0.21561327,0.0284073316296,5.090819999999983,4.633731538370341,277.7863626996037,282.42009423797407,1.5340411813549693,3.0,276.01389483960367,0.0,0.0,2026-01-03 00:00:00+00:00,2026-01-02 00:00:00+00:00,2026-01-03 00:01:00+00:00,59.82,0.031311219049346584,3123.89,2026-01-03 07:25:00+00:00,2026-01-03 23:59:00+00:00,2026-01-03 23:59:00+00:00,scheduled_23_59_exit,0.9185561628263835,3.7015580968960498,"simulated minute opens; intrabar exits only known within minute, not actual exchange fills"
1177,2196.0,3162370.0,3163318.0,-1.0,0.154,3187.37,3220.69,3220.043970378876,3043.857527765319,0.24542748999999997,0.24799313,-0.029718931562682054,-5.131280000000025,-5.594981688437315,282.42009423797407,276.82511254953675,1.7380313583012743,1.0,276.20921244625674,0.0,0.0,2026-01-05 00:00:00+00:00,2026-01-04 00:00:00+00:00,2026-01-05 00:01:00+00:00,61.43,0.032153931564716826,3143.32,2026-01-05 02:10:00+00:00,2026-01-05 17:58:00+00:00,2026-01-05 17:59:00+00:00,stop,-1.1119263898337166,4.39225691186468,"simulated minute opens; intrabar exits only known within minute, not actual exchange fills"
1178,2197.0,3164575.0,3165119.0,-1.0,0.168,3273.7000000000003,3296.36,3302.57767900766,3121.4750399391896,0.27499080000000004,0.27689424,-0.0233530836,-3.8068799999999756,-4.33541195639998,276.82511254953675,272.4897005931368,1.9867474989343066,3.0,272.0729217495368,0.0,0.0,2026-01-06 00:00:00+00:00,2026-01-05 00:00:00+00:00,2026-01-06 00:01:00+00:00,61.57,0.032227210913879464,3223.71,2026-01-06 14:55:00+00:00,2026-01-06 23:59:00+00:00,2026-01-06 23:59:00+00:00,scheduled_23_59_exit,-0.8936321905633314,5.271371013592619,"simulated minute opens; intrabar exits only known within minute, not actual exchange fills"
1179,2198.0,3165240.0,3165698.0,1.0,0.171,3244.53,3216.08,3216.72441203519,3403.4467812447324,0.27740731500000004,0.27497484000000005,0.040441623120000006,-4.864950000000047,-5.457773778120043,272.4897005931368,267.03192681501673,2.0360939470090718,1.0,267.03192681501673,0.0,0.0,2026-01-07 00:00:00+00:00,2026-01-06 00:00:00+00:00,2026-01-07 00:01:00+00:00,61.6,0.032242913631557166,3295.46,2026-01-07 02:00:00+00:00,2026-01-07 09:38:00+00:00,2026-01-07 09:39:00+00:00,stop,-1.1478558108677037,5.7152821744267,"simulated minute opens; intrabar exits only known within minute, not actual exchange fills"
1180,2199.0,3166955.0,3166981.0,1.0,0.181,3119.62,3093.37,3093.990270015796,3268.285059195455,0.28232561,0.27994998499999996,0.0,-4.75125,-5.313525594999987,267.03192681501673,261.71840122001674,2.114545727676809,1.0,261.3333543995168,0.0,0.0,2026-01-08 00:00:00+00:00,2026-01-07 00:00:00+00:00,2026-01-08 00:01:00+00:00,59.83,0.031316453288572486,3167.52,2026-01-08 06:35:00+00:00,2026-01-08 07:01:00+00:00,2026-01-08 07:02:00+00:00,stop,-1.145407892244389,5.800492603202587,"simulated minute opens; intrabar exits only known within minute, not actual exchange fills"
1181,2200.0,3168910.0,3169439.0,1.0,0.125,3072.33,3085.66,3034.337755305765,3202.865500736705,0.192020625,0.19285375,0.021631938974999997,1.666249999999991,1.25974368602499,261.71840122001674,262.97814490604173,1.4673834480486188,3.0,260.6073804385417,0.0,0.0,2026-01-09 00:00:00+00:00,2026-01-08 00:00:00+00:00,2026-01-09 00:01:00+00:00,59.01,0.03088724567204851,3105.45,2026-01-09 15:10:00+00:00,2026-01-09 23:59:00+00:00,2026-01-09 23:59:00+00:00,scheduled_23_59_exit,0.26526333385426804,3.435845967703841,"simulated minute opens; intrabar exits only known within minute, not actual exchange fills"
1182,2202.0,3171895.0,3172319.0,-1.0,0.17500000000000002,3129.12,3122.6800000000003,3155.3394181684253,2994.7114867457626,0.273798,0.27323450000000005,0.0,1.12699999999993,0.5799674999999525,262.97814490604173,263.5581124060417,2.082287104868156,3.0,262.0270969060418,0.0,0.0,2026-01-11 00:00:00+00:00,2026-01-10 00:00:00+00:00,2026-01-11 00:01:00+00:00,57.04,0.029856100544545794,3085.47,2026-01-11 16:55:00+00:00,2026-01-11 23:59:00+00:00,2026-01-11 23:59:00+00:00,scheduled_23_59_exit,0.12639868584081398,5.126296563517883,"simulated minute opens; intrabar exits only known within minute, not actual exchange fills"
1183,2203.0,3172520.0,3173759.0,-1.0,0.159,3165.08,3094.46,3194.2010023142725,3028.2642870955706,0.25162386000000003,0.24600957,-0.050449960284299995,11.228579999999983,10.781396530284326,263.5581124060417,274.339508936326,1.9094374117564206,3.0,262.4447085460417,0.0,0.0,2026-01-12 00:00:00+00:00,2026-01-11 00:00:00+00:00,2026-01-12 00:01:00+00:00,58.24,0.03048420925165405,3122.0,2026-01-12 03:20:00+00:00,2026-01-12 23:59:00+00:00,2026-01-12 23:59:00+00:00,scheduled_23_59_exit,2.3284749822799484,4.698180077317401,"simulated minute opens; intrabar exits only known within minute, not actual exchange fills"
1184,2204.0,3174090.0,3174696.0,-1.0,0.182,3138.3,3165.1800000000003,3164.54488345285,3002.0180829774904,0.28558530000000004,0.28803138,-0.0520548703584,-4.89216000000002,-5.413721809641572,274.339508936326,268.92578712668444,2.081984480523978,1.0,268.92578712668444,0.0,0.0,2026-01-13 00:00:00+00:00,2026-01-12 00:00:00+00:00,2026-01-13 00:01:00+00:00,57.56,0.030128280984292703,3093.84,2026-01-13 05:30:00+00:00,2026-01-13 15:36:00+00:00,2026-01-13 15:37:00+00:00,stop,-1.1333913630151666,5.1927042186087755,"simulated minute opens; intrabar exits only known within minute, not actual exchange fills"
1185,2205.0,3176215.0,3176370.0,-1.0,0.161,3372.7400000000002,3402.7400000000002,3402.059277314174,3224.2610583984188,0.27150557000000003,0.27392057000000003,0.0,-4.83,-5.375426140000002,268.92578712668444,263.55036098668444,2.0191858348794223,1.0,263.55036098668444,0.0,0.0,2026-01-14 00:00:00+00:00,2026-01-13 00:00:00+00:00,2026-01-14 00:01:00+00:00,58.6,0.030672641863786522,3324.69,2026-01-14 16:55:00+00:00,2026-01-14 19:30:00+00:00,2026-01-14 19:31:00+00:00,stop,-1.1387640848793905,5.064208780132628,"simulated minute opens; intrabar exits only known within minute, not actual exchange fills"
1186,2206.0,3176925.0,3177761.0,1.0,0.17400000000000002,3305.15,3278.29,3278.9533974688757,3454.9855016973115,0.28754805000000005,0.28521123,0.06014680545198865,-4.673640000000023,-5.306546085452055,263.55036098668444,258.2438149012324,2.182110841536871,1.0,257.52616971187246,0.0,0.0,2026-01-15 00:00:00+00:00,2026-01-14 00:00:00+00:00,2026-01-15 00:01:00+00:00,57.09,0.029882271740675304,3353.27,2026-01-15 04:45:00+00:00,2026-01-15 18:41:00+00:00,2026-01-15 18:42:00+00:00,stop,-1.1641735320245148,5.719653971131962,"simulated minute opens; intrabar exits only known within minute, not actual exchange fills"
1187,2207.0,3179020.0,3179519.0,1.0,0.131,3279.6,3294.86,3244.340444609193,3416.416988390515,0.21481380000000003,0.21581333000000003,0.011827805748500002,1.9990600000000287,1.556605064251528,258.2438149012324,259.8004199654839,1.6636510739446553,3.0,254.35857810951242,0.0,0.0,2026-01-16 00:00:00+00:00,2026-01-15 00:00:00+00:00,2026-01-16 00:01:00+00:00,56.42,0.02953157771253986,3317.0,2026-01-16 15:40:00+00:00,2026-01-16 23:59:00+00:00,2026-01-16 23:59:00+00:00,scheduled_23_59_exit,0.33700031877311565,3.8802811570955744,"simulated minute opens; intrabar exits only known within minute, not actual exchange fills"
1188,2209.0,3182115.0,3182399.0,-1.0,0.166,3352.87,3283.71,3380.041033489362,3216.3009648333878,0.27828821,0.27254793,0.0,11.480559999999976,10.929723859999967,259.8004199654839,270.7301438254839,2.1423230188540288,3.0,259.13548944584386,0.0,0.0,2026-01-18 00:00:00+00:00,2026-01-17 00:00:00+00:00,2026-01-18 00:01:00+00:00,54.21,0.028374810843615487,3308.87,2026-01-18 19:15:00+00:00,2026-01-18 23:59:00+00:00,2026-01-18 23:59:00+00:00,scheduled_23_59_exit,2.4232317120281204,5.026273116187582,"simulated minute opens; intrabar exits only known within minute, not actual exchange fills"
1189,2212.0,3185520.0,3186196.0,-1.0,0.193,2979.66,3004.61,3004.008816701641,2852.7826536510183,0.28753719,0.289944865,-0.003037250003822683,-4.815350000000053,-5.3897948049962565,270.7301438254839,265.3403490204876,2.1241608779652568,1.0,264.8217944434477,0.0,0.0,2026-01-21 00:00:00+00:00,2026-01-20 00:00:00+00:00,2026-01-21 00:01:00+00:00,56.39,0.02951587499486215,2938.24,2026-01-21 04:00:00+00:00,2026-01-21 15:16:00+00:00,2026-01-21 15:17:00+00:00,stop,-1.1469303948337706,5.210821860613431,"simulated minute opens; intrabar exits only known within minute, not actual exchange fills"
1190,2213.0,3186815.0,3188159.0,-1.0,0.18,3018.83,2951.71,3044.65198455488,2897.424630694371,0.2716947,0.26565390000000005,-0.025947881822940916,12.08159999999998,11.570199281822909,265.3403490204876,276.91054830231053,2.047895851520281,3.0,261.84218920448757,0.0,0.0,2026-01-22 00:00:00+00:00,2026-01-21 00:00:00+00:00,2026-01-22 00:01:00+00:00,54.11,0.028322468451356466,2980.66,2026-01-22 01:35:00+00:00,2026-01-22 23:59:00+00:00,2026-01-22 23:59:00+00:00,scheduled_23_59_exit,2.489308471330023,4.701628143553525,"simulated minute opens; intrabar exits only known within minute, not actual exchange fills"
1191,2214.0,3189055.0,3189599.0,1.0,0.214,2910.76,2955.06,2888.4108101830843,3037.0712682986177,0.31145132000000003,0.31619142,0.031862472412,9.480199999999941,8.820694787587911,276.91054830231053,285.73124308989844,2.2494724156190715,3.0,273.8797342836904,0.0,0.0,2026-01-23 00:00:00+00:00,2026-01-22 00:00:00+00:00,2026-01-23 00:01:00+00:00,54.79,0.028678396718717806,2951.21,2026-01-23 14:55:00+00:00,2026-01-23 23:59:00+00:00,2026-01-23 23:59:00+00:00,scheduled_23_59_exit,1.8442816173498113,5.651715759423801,"simulated minute opens; intrabar exits only known within minute, not actual exchange fills"
1192,2217.0,3192685.0,3192866.0,-1.0,0.228,2855.9900000000002,2878.18,2877.5960483474923,2734.762000940415,0.32558286000000003,0.32811252,0.0,-5.059319999999909,-5.713015379999888,285.73124308989844,280.01822770989855,2.2789447627718,1.0,279.9268202298985,0.0,0.0,2026-01-26 00:00:00+00:00,2026-01-25 00:00:00+00:00,2026-01-26 00:01:00+00:00,55.58,0.029091901617564076,2815.49,2026-01-26 03:25:00+00:00,2026-01-26 06:26:00+00:00,2026-01-26 06:27:00+00:00,stop,-1.1597254896871494,5.6108362394577656,"simulated minute opens; intrabar exits only known within minute, not actual exchange fills"
1193,2218.0,3194910.0,3194911.0,-1.0,0.213,2969.2200000000003,2992.51,2991.909941010968,2846.9461140280887,0.31622193000000004,0.318702315,0.0,-4.960769999999992,-5.595694244999947,280.01822770989855,274.4225334648986,2.2585810401429214,1.0,274.4225334648986,0.0,0.0,2026-01-27 00:00:00+00:00,2026-01-26 00:00:00+00:00,2026-01-27 00:01:00+00:00,54.22,0.02838004508284139,2928.9,2026-01-27 16:30:00+00:00,2026-01-27 16:31:00+00:00,2026-01-27 16:32:00+00:00,stop,-1.1578198897608922,5.388902770298423,"simulated minute opens; intrabar exits only known within minute, not actual exchange fills"
1194,2219.0,3196280.0,3196799.0,1.0,0.14400000000000002,2995.7000000000003,3006.56,2961.214863642021,3111.9971482230135,0.21569040000000003,0.21647232000000002,0.0194839215984,1.563839999999953,1.1121933584014982,274.4225334648986,275.5347268233001,1.5719583758422593,3.0,273.19892193354013,0.0,0.0,2026-01-28 00:00:00+00:00,2026-01-27 00:00:00+00:00,2026-01-28 00:01:00+00:00,54.22,0.02838004508284139,3024.92,2026-01-28 15:20:00+00:00,2026-01-28 23:59:00+00:00,2026-01-28 23:59:00+00:00,scheduled_23_59_exit,0.2239679411072479,3.3723847577625823,"simulated minute opens; intrabar exits only known within minute, not actual exchange fills"
1195,2223.0,3201550.0,3201757.0,1.0,0.225,2412.31,2390.2400000000002,2390.7274671145833,2532.2384348502333,0.271384875,0.26890200000000003,0.0076731294177828,-4.965749999999935,-5.51371000441776,275.5347268233001,270.02101681888234,1.9698778308553362,1.0,269.8658130046323,0.0,0.0,2026-02-01 00:00:00+00:00,2026-01-31 00:00:00+00:00,2026-02-01 00:01:00+00:00,62.78,0.032860553860213616,2450.38,2026-02-01 07:10:00+00:00,2026-02-01 10:37:00+00:00,2026-02-01 10:38:00+00:00,stop,-1.1354264083605587,5.556735879284548,"simulated minute opens; intrabar exits only known within minute, not actual exchange fills"
1196,2224.0,3202610.0,3202761.0,-1.0,0.17200000000000001,2300.35,2192.1,2328.862994835724,2191.6595948919144,0.1978301,0.1885206,0.0,18.619,18.23264930000005,270.02101681888234,288.2536661188824,1.4652940895537427,2.0,267.36648933928234,0.0,0.0,2026-02-02 00:00:00+00:00,2026-02-01 00:00:00+00:00,2026-02-02 00:01:00+00:00,66.29,0.034697771828505274,2269.04,2026-02-02 00:50:00+00:00,2026-02-02 03:21:00+00:00,2026-02-02 03:22:00+00:00,target,3.717735566212362,3.811960326661559,"simulated minute opens; intrabar exits only known within minute, not actual exchange fills"
1197,2225.0,3204205.0,3204554.0,1.0,0.24,2308.35,2286.68,2287.1382220965374,2425.7594940145414,0.27700199999999997,0.27440159999999997,0.005628528,-5.200800000000017,-5.757832127999961,288.2536661188824,282.49583399088243,1.9219321906959408,1.0,281.5824253588824,0.0,0.0,2026-02-03 00:00:00+00:00,2026-02-02 00:00:00+00:00,2026-02-03 00:01:00+00:00,64.24,0.03362475278719533,2345.55,2026-02-03 03:25:00+00:00,2026-02-03 09:14:00+00:00,2026-02-03 09:15:00+00:00,stop,-1.131021044496403,5.535108586790188,"simulated minute opens; intrabar exits only known within minute, not actual exchange fills"
1198,2226.0,3205520.0,3206342.0,-1.0,0.177,2267.29,2149.81,2296.458251171922,2149.3779466970227,0.200655165,0.190258185,-0.008388854985955553,20.793960000000002,20.411435504986002,282.49583399088243,302.90726949586843,1.4205884891490197,2.0,277.4522922795024,0.0,0.0,2026-02-04 00:00:00+00:00,2026-02-03 00:00:00+00:00,2026-02-04 00:01:00+00:00,72.26,0.037822612646368846,2232.23,2026-02-04 01:20:00+00:00,2026-02-04 15:02:00+00:00,2026-02-04 15:03:00+00:00,target,3.9535741783500193,4.042479359080761,"simulated minute opens; intrabar exits only known within minute, not actual exchange fills"
1199,2227.0,3207165.0,3207201.0,1.0,0.14200000000000002,2122.27,2081.83,2082.247888357971,2236.5035048160225,0.15068117,0.14780993,0.0,-5.7424800000000085,-6.040971099999979,302.90726949586843,296.86629839586845,0.9948996618719661,1.0,296.86629839586845,0.0,0.0,2026-02-05 00:00:00+00:00,2026-02-04 00:00:00+00:00,2026-02-05 00:01:00+00:00,78.02,0.040837534440488474,2147.01,2026-02-05 04:45:00+00:00,2026-02-05 05:21:00+00:00,2026-02-05 05:22:00+00:00,stop,-1.0629636532052609,2.8542598111205395,"simulated minute opens; intrabar exits only known within minute, not actual exchange fills"
1200,2228.0,3208350.0,3208416.0,1.0,0.202,1784.78,1918.38,1757.605606456501,1918.773409566647,0.18026278,0.19375638000000003,0.0,26.98720000000003,26.613180839999984,296.86629839586845,323.47947923586844,1.2144374822878767,2.0,296.48125772398845,0.0,0.0,2026-02-06 00:00:00+00:00,2026-02-05 00:00:00+00:00,2026-02-06 00:01:00+00:00,95.78,0.05013354330569067,1824.95,2026-02-06 00:30:00+00:00,2026-02-06 01:36:00+00:00,2026-02-06 01:37:00+00:00,target,4.848256127192147,4.930870282428156,"simulated minute opens; intrabar exits only known within minute, not actual exchange fills"
1201,2229.0,3210020.0,3211199.0,-1.0,0.23800000000000002,2101.18,2091.4,2125.745962673655,1981.1790902048376,0.25004042000000004,0.24887660000000003,-0.007104840759799999,2.3276399999999398,1.8358278207597323,323.47947923586844,325.31530705662817,1.5459430106085983,3.0,319.07392365662815,0.0,0.0,2026-02-07 00:00:00+00:00,2026-02-06 00:00:00+00:00,2026-02-07 00:01:00+00:00,76.89,0.04024606540796154,2062.54,2026-02-07 04:20:00+00:00,2026-02-07 23:59:00+00:00,2026-02-07 23:59:00+00:00,scheduled_23_59_exit,0.3139938936881902,4.884844587175607,"simulated minute opens; intrabar exits only known within minute, not actual exchange fills"
1202,2230.0,3211900.0,3212639.0,-1.0,0.227,2125.9900000000002,2088.51,2152.0228228036117,2000.9529339878836,0.24129986500000006,0.23704588500000004,0.025821716258000005,8.507960000000004,8.003792533742,325.31530705662817,333.3190995903702,1.4834830071982845,3.0,319.64076568425025,0.0,0.0,2026-02-08 00:00:00+00:00,2026-02-07 00:00:00+00:00,2026-02-08 00:01:00+00:00,79.46,0.04159126488901838,2085.93,2026-02-08 11:40:00+00:00,2026-02-08 23:59:00+00:00,2026-02-08 23:59:00+00:00,scheduled_23_59_exit,1.3544054831083716,4.803054473015911,"simulated minute opens; intrabar exits only known within minute, not actual exchange fills"
1203,2231.0,3213160.0,3213269.0,1.0,0.24,2049.8,2024.0800000000002,2024.494753117368,2177.2423059724038,0.245976,0.2428896,0.0,-6.172800000000007,-6.661665599999992,333.3190995903702,326.6574339903702,1.4759190235560473,1.0,326.6574339903702,0.0,0.0,2026-02-09 00:00:00+00:00,2026-02-08 00:00:00+00:00,2026-02-09 00:01:00+00:00,79.41,0.04156509369288887,2088.6,2026-02-09 08:40:00+00:00,2026-02-09 10:29:00+00:00,2026-02-09 10:30:00+00:00,stop,-1.0968847736889862,5.036200854450909,"simulated minute opens; intrabar exits only known within minute, not actual exchange fills"
1204,2232.0,3214315.0,3214461.0,1.0,0.266,2063.43,2040.99,2041.401811222069,2190.3631427643077,0.27443619,0.27145167000000003,0.0,-5.969039999999954,-6.51492786,326.6574339903702,320.1425061303702,1.6802690613683713,1.0,320.12918005705023,0.0,0.0,2026-02-10 00:00:00+00:00,2026-02-09 00:00:00+00:00,2026-02-10 00:01:00+00:00,76.89,0.04024606540796154,2103.96,2026-02-10 03:55:00+00:00,2026-02-10 06:21:00+00:00,2026-02-10 06:22:00+00:00,stop,-1.1118576405400051,5.762305019442955,"simulated minute opens; intrabar exits only known within minute, not actual exchange fills"
1205,2233.0,3216375.0,3216395.0,1.0,0.152,2003.25,1963.29,1963.6915283526923,2101.2580846280903,0.152247,0.14921004,0.0,-6.0739200000000055,-6.375377039999989,320.1425061303702,313.7671290903702,0.9511201860711438,1.0,313.7671290903702,0.0,0.0,2026-02-11 00:00:00+00:00,2026-02-10 00:00:00+00:00,2026-02-11 00:01:00+00:00,73.92,0.038691496357868595,2021.51,2026-02-11 14:15:00+00:00,2026-02-11 14:35:00+00:00,2026-02-11 14:36:00+00:00,stop,-1.0602854016695704,2.4775498280596655,"simulated minute opens; intrabar exits only known within minute, not actual exchange fills"
1206,2234.0,3217355.0,3217648.0,-1.0,0.26,1976.03,1998.15,1997.7418640874614,1865.755680779815,0.2568839,0.25975950000000003,-0.011461924138034006,-5.751200000000031,-6.256381475861986,313.7671290903702,307.5107476145082,1.6374175379347218,1.0,307.5107476145082,0.0,0.0,2026-02-12 00:00:00+00:00,2026-02-11 00:00:00+00:00,2026-02-12 00:01:00+00:00,74.62,0.039057893103681754,1940.07,2026-02-12 06:35:00+00:00,2026-02-12 11:28:00+00:00,2026-02-12 11:29:00+00:00,stop,-1.108288333947733,5.078989016142015,"simulated minute opens; intrabar exits only known within minute, not actual exchange fills"
1207,2235.0,3219280.0,3219289.0,-1.0,0.256,1980.01,2001.99,2001.5798857366365,1876.87226574423,0.25344128,0.25625472000000005,0.0,-5.626880000000005,-6.136575999999991,307.5107476145082,301.3741716145082,1.6483409569652567,1.0,301.3741716145082,0.0,0.0,2026-02-13 00:00:00+00:00,2026-02-12 00:00:00+00:00,2026-02-13 00:01:00+00:00,70.23,0.036760062083510715,1947.15,2026-02-13 14:40:00+00:00,2026-02-13 14:49:00+00:00,2026-02-13 14:50:00+00:00,stop,-1.111317894433033,4.781561456331244,"simulated minute opens; intrabar exits only known within minute, not actual exchange fills"
1208,2236.0,3220390.0,3220521.0,-1.0,0.245,2081.15,2103.6,2103.1776350415257,1975.774346327875,0.254940875,0.257691,0.0,-5.500249999999955,-6.012881874999948,301.3741716145082,295.36128973950827,1.6918561642773975,1.0,295.36128973950827,0.0,0.0,2026-02-14 00:00:00+00:00,2026-02-13 00:00:00+00:00,2026-02-14 00:01:00+00:00,68.22,0.03570797999910438,2047.6,2026-02-14 09:10:00+00:00,2026-02-14 11:21:00+00:00,2026-02-14 11:22:00+00:00,stop,-1.1141629572913059,4.783793333849732,"simulated minute opens; intrabar exits only known within minute, not actual exchange fills"
1209,2237.0,3221440.0,3222054.0,1.0,0.179,2060.19,2029.3300000000002,2029.7396008904816,2162.0679510951154,0.184387005,0.181625035,0.023216225392799997,-5.523939999999982,-5.913168265392812,295.36128973950827,289.44812147411545,1.2485522741495256,1.0,288.42059804009546,0.0,0.0,2026-02-15 00:00:00+00:00,2026-02-14 00:00:00+00:00,2026-02-15 00:01:00+00:00,68.95,0.03609007946259524,2085.43,2026-02-15 02:40:00+00:00,2026-02-15 12:54:00+00:00,2026-02-15 12:55:00+00:00,stop,-1.084861300647907,3.3457016681029126,"simulated minute opens; intrabar exits only known within minute, not actual exchange fills"
1210,2238.0,3223525.0,3224159.0,-1.0,0.23700000000000002,1999.56,1998.24,2021.4830309070028,1893.1928040410241,0.23694786000000004,0.23679144000000002,0.0162173989332,0.3128399999999849,-0.17711669893316184,289.44812147411545,289.2710047751823,1.637238886148305,3.0,288.35059870414227,0.0,0.0,2026-02-16 00:00:00+00:00,2026-02-15 00:00:00+00:00,2026-02-16 00:01:00+00:00,71.58,0.0374666843790075,1965.47,2026-02-16 13:25:00+00:00,2026-02-16 23:59:00+00:00,2026-02-16 23:59:00+00:00,scheduled_23_59_exit,-0.03408871003147294,4.8518471925795215,"simulated minute opens; intrabar exits only known within minute, not actual exchange fills"
1211,2239.0,3224810.0,3225053.0,1.0,0.255,1963.9,1943.25,1943.6454539742724,2071.2714068067853,0.25039725,0.247764375,0.0,-5.265750000000024,-5.7639116249999915,289.2710047751823,283.5070931501823,1.7312295105042106,1.0,283.5070931501823,0.0,0.0,2026-02-17 00:00:00+00:00,2026-02-16 00:00:00+00:00,2026-02-17 00:01:00+00:00,69.43,0.03634132294543854,1997.35,2026-02-17 10:50:00+00:00,2026-02-17 14:53:00+00:00,2026-02-17 14:54:00+00:00,stop,-1.1159753949206521,5.301101622835692,"simulated minute opens; intrabar exits only known within minute, not actual exchange fills"
1212,2240.0,3226115.0,3227039.0,-1.0,0.251,2026.18,1953.97,2046.286540974485,1918.8813730001798,0.25428559,0.245223235,0.004314077274012458,18.124710000000007,17.62088709772604,283.5070931501823,301.12798024790834,1.7938569873121109,3.0,283.1385889409223,0.0,0.0,2026-02-18 00:00:00+00:00,2026-02-17 00:00:00+00:00,2026-02-18 00:01:00+00:00,70.18,0.0367338908873812,1990.68,2026-02-18 08:35:00+00:00,2026-02-18 23:59:00+00:00,2026-02-18 23:59:00+00:00,scheduled_23_59_exit,3.4915372828288302,5.336503535639552,"simulated minute opens; intrabar exits only known within minute, not actual exchange fills"
1213,2241.0,3227875.0,3228479.0,1.0,0.253,1922.69,1948.0900000000001,1901.2024996407106,2028.5484432561436,0.24322028500000004,0.24643338500000003,-0.038310110182454754,6.426200000000023,5.974856440182464,301.12798024790834,307.1028366880908,1.6153947886195437,3.0,296.6726700730908,0.0,0.0,2026-02-19 00:00:00+00:00,2026-02-18 00:00:00+00:00,2026-02-19 00:01:00+00:00,70.78,0.037047945240935326,1954.77,2026-02-19 13:55:00+00:00,2026-02-19 23:59:00+00:00,2026-02-19 23:59:00+00:00,scheduled_23_59_exit,1.0990591257952123,4.926512692779497,"simulated minute opens; intrabar exits only known within minute, not actual exchange fills"
1214,2244.0,3232425.0,3232799.0,1.0,0.302,1938.21,1956.78,1920.241149287853,2044.4941916757261,0.29266971,0.29547377999999996,0.0,5.608139999999981,5.019996509999999,307.1028366880908,312.1228331980908,1.9060046019519525,3.0,305.96566539135085,0.0,0.0,2026-02-22 00:00:00+00:00,2026-02-21 00:00:00+00:00,2026-02-22 00:01:00+00:00,68.45,0.03582836750130013,1972.54,2026-02-22 17:45:00+00:00,2026-02-22 23:59:00+00:00,2026-02-22 23:59:00+00:00,scheduled_23_59_exit,0.9250733542331161,5.914913167144146,"simulated minute opens; intrabar exits only known within minute, not actual exchange fills"
1215,2245.0,3233420.0,3233554.0,1.0,0.29,1923.78,1904.23,1904.6144057986744,2029.11978187377,0.2789481,0.27611335,0.0,-5.669499999999986,-6.224561449999953,312.1228331980908,305.89827174809085,1.7874251437603972,1.0,305.89827174809085,0.0,0.0,2026-02-23 00:00:00+00:00,2026-02-22 00:00:00+00:00,2026-02-23 00:01:00+00:00,69.13,0.03618429576866147,1957.01,2026-02-23 10:20:00+00:00,2026-02-23 12:34:00+00:00,2026-02-23 12:35:00+00:00,stop,-1.1199237954498324,5.496296163177886,"simulated minute opens; intrabar exits only known within minute, not actual exchange fills"
1216,2246.0,3234505.0,3235052.0,1.0,0.217,1829.2,1802.89,1803.2568988487574,1927.4467250126015,0.1984682,0.19561356500000002,-0.017605052501399997,-5.7092699999999885,-6.085746712498576,305.89827174809085,299.8125250355923,1.2976091618029133,1.0,299.8125250355923,0.0,0.0,2026-02-24 00:00:00+00:00,2026-02-23 00:00:00+00:00,2026-02-24 00:01:00+00:00,72.71,0.038058153411534436,1855.47,2026-02-24 04:25:00+00:00,2026-02-24 13:32:00+00:00,2026-02-24 13:33:00+00:00,stop,-1.0810163196105236,3.7870077459068714,"simulated minute opens; intrabar exits only known within minute, not actual exchange fills"
1217,2247.0,3236015.0,3236197.0,-1.0,0.28200000000000003,1884.3,1903.63,1903.2455511623912,1783.765732255229,0.26568630000000004,0.2684118300000001,-0.02432514528409196,-5.451060000000044,-5.960832984715978,299.8125250355923,293.8516920508763,1.7723495705755392,1.0,293.8516920508763,0.0,0.0,2026-02-25 00:00:00+00:00,2026-02-24 00:00:00+00:00,2026-02-25 00:01:00+00:00,70.78,0.037047945240935326,1851.09,2026-02-25 05:35:00+00:00,2026-02-25 08:37:00+00:00,2026-02-25 08:38:00+00:00,stop,-1.1157081384636958,5.306484191620739,"simulated minute opens; intrabar exits only known within minute, not actual exchange fills"
1218,2248.0,3238050.0,3238125.0,1.0,0.23900000000000002,2022.06,1999.49,1999.8934977483298,2134.4755011364273,0.24163617000000004,0.23893905500000004,0.019069636916200002,-5.394229999999985,-5.893874861916174,293.8516920508763,287.9578171889601,1.644613092499492,1.0,287.07726078936014,0.0,0.0,2026-02-26 00:00:00+00:00,2026-02-25 00:00:00+00:00,2026-02-26 00:01:00+00:00,71.1,0.037215440896164194,2056.5,2026-02-26 15:30:00+00:00,2026-02-26 16:45:00+00:00,2026-02-26 16:46:00+00:00,stop,-1.1125149108241374,5.071413606896738,"simulated minute opens; intrabar exits only known within minute, not actual exchange fills"
1219,2249.0,3239180.0,3239237.0,1.0,0.225,1994.54,1970.98,1971.3800353878091,2102.9064453345445,0.22438575,0.22173525000000002,0.0,-5.300999999999988,-5.747120999999993,287.9578171889601,282.2106961889601,1.558462640052285,1.0,282.2106961889601,0.0,0.0,2026-02-27 00:00:00+00:00,2026-02-26 00:00:00+00:00,2026-02-27 00:01:00+00:00,70.51,0.03690662078183597,2026.71,2026-02-27 10:20:00+00:00,2026-02-27 11:17:00+00:00,2026-02-27 11:18:00+00:00,stop,-1.1028842413064348,4.679041922089256,"simulated minute opens; intrabar exits only known within minute, not actual exchange fills"
1220,2250.0,3240835.0,3240914.0,1.0,0.20400000000000001,1900.63,1874.94,1875.3210738731025,2001.758380747552,0.19386426000000004,0.19124388000000003,0.0,-5.240760000000011,-5.625868140000023,282.2106961889601,276.5848280489601,1.3738973229433806,1.0,276.5618719289601,0.0,0.0,2026-02-28 00:00:00+00:00,2026-02-27 00:00:00+00:00,2026-02-28 00:01:00+00:00,71.23,0.03728348600610093,1928.5,2026-02-28 13:55:00+00:00,2026-02-28 15:14:00+00:00,2026-02-28 15:15:00+00:00,stop,-1.0896465879953396,3.9957594502627094,"simulated minute opens; intrabar exits only known within minute, not actual exchange fills"
1221,2251.0,3241810.0,3242273.0,-1.0,0.225,1997.92,2020.48,2020.0706311735541,1890.4841978030058,0.22476600000000002,0.227304,-0.022507551928956197,-5.075999999999988,-5.505562448070975,276.5848280489601,271.07926560088913,1.6252952237872766,1.0,271.07926560088913,0.0,0.0,2026-03-01 00:00:00+00:00,2026-02-28 00:00:00+00:00,2026-03-01 00:01:00+00:00,72.38,0.03788542351707967,1963.48,2026-03-01 06:10:00+00:00,2026-03-01 13:53:00+00:00,2026-03-01 13:54:00+00:00,stop,-1.104671295555905,4.850236607490591,"simulated minute opens; intrabar exits only known within minute, not actual exchange fills"
1222,2252.0,3242965.0,3243787.0,-1.0,0.187,1968.16,1995.02,1994.6149425438753,1866.285349386986,0.18402296,0.18653437,0.015637832924999998,-5.022819999999982,-5.409015162924959,271.07926560088913,265.67025043796417,1.3577059063671628,1.0,265.16437211567415,0.0,0.0,2026-03-02 00:00:00+00:00,2026-03-01 00:00:00+00:00,2026-03-02 00:01:00+00:00,72.6,0.03800057678004952,1938.57,2026-03-02 01:25:00+00:00,2026-03-02 15:07:00+00:00,2026-03-02 15:08:00+00:00,stop,-1.093376586512244,3.850874007533995,"simulated minute opens; intrabar exits only known within minute, not actual exchange fills"
1223,2253.0,3244675.0,3244840.0,1.0,0.20500000000000002,1992.78,1968.94,1969.3340241879837,2105.7715074975763,0.20425995,0.20181635000000003,-0.011490021499510306,-4.887199999999984,-5.281786278500476,265.67025043796417,260.3884641594637,1.5376953171329668,1.0,259.7395305094637,0.0,0.0,2026-03-03 00:00:00+00:00,2026-03-02 00:00:00+00:00,2026-03-03 00:01:00+00:00,73.13,0.038277991459022324,2026.69,2026-03-03 05:55:00+00:00,2026-03-03 08:40:00+00:00,2026-03-03 08:41:00+00:00,stop,-1.0989012068088782,4.819228186683836,"simulated minute opens; intrabar exits only known within minute, not actual exchange fills"
1224,2254.0,3245980.0,3246297.0,1.0,0.161,1955.13,2059.51,1925.241446137553,2059.9256828808084,0.15738796500000002,0.165790555,-0.022957689988607612,16.805180000000018,16.504959169988638,260.3884641594637,276.89342332945233,1.2088704890061068,2.0,258.52125619446366,0.0,0.0,2026-03-04 00:00:00+00:00,2026-03-03 00:00:00+00:00,2026-03-04 00:01:00+00:00,73.82,0.038639153965609574,1981.85,2026-03-04 03:40:00+00:00,2026-03-04 08:57:00+00:00,2026-03-04 08:58:00+00:00,target,3.4299175135589017,3.5062145650505077,"simulated minute opens; intrabar exits only known within minute, not actual exchange fills"
1225,2255.0,3248115.0,3248166.0,1.0,0.20400000000000001,2088.83,2063.86,2064.281916065665,2211.122124276744,0.21306066,0.21051372000000004,-0.006226778982750018,-5.0938799999999596,-5.511227601017197,276.89342332945233,271.38219572843514,1.5389362263508652,1.0,271.38219572843514,0.0,0.0,2026-03-05 00:00:00+00:00,2026-03-04 00:00:00+00:00,2026-03-05 00:01:00+00:00,75.02,0.03926726267271783,2125.98,2026-03-05 15:15:00+00:00,2026-03-05 16:06:00+00:00,2026-03-05 16:07:00+00:00,stop,-1.1005266906321423,4.981738069817194,"simulated minute opens; intrabar exits only known within minute, not actual exchange fills"
1226,2258.0,3251820.0,3252845.0,1.0,0.18,1937.48,1909.4,1909.7878142628363,2049.3329655200937,0.1743732,0.171846,-0.057131534467406625,-5.054399999999987,-5.343487665532564,271.38219572843514,266.0387080629026,1.285074722989496,1.0,266.0387080629026,0.0,0.0,2026-03-08 00:00:00+00:00,2026-03-07 00:00:00+00:00,2026-03-08 00:01:00+00:00,76.99,0.04029840780022055,1968.39,2026-03-08 05:00:00+00:00,2026-03-08 22:05:00+00:00,2026-03-08 22:06:00+00:00,stop,-1.0720007033049923,4.039152654172169,"simulated minute opens; intrabar exits only known within minute, not actual exchange fills"
1227,2259.0,3253190.0,3253302.0,-1.0,0.226,1975.4,1996.9,1996.4960536272843,1858.1132456997227,0.2232202,0.22564970000000004,0.0,-4.859,-5.307869900000014,266.0387080629026,260.73083816290256,1.6781031724693347,1.0,260.3711478629026,0.0,0.0,2026-03-09 00:00:00+00:00,2026-03-08 00:00:00+00:00,2026-03-09 00:01:00+00:00,78.42,0.041046904009524564,1935.97,2026-03-09 03:50:00+00:00,2026-03-09 05:42:00+00:00,2026-03-09 05:43:00+00:00,stop,-1.1132958995527351,5.559653780391745,"simulated minute opens; intrabar exits only known within minute, not actual exchange fills"
1228,2260.0,3254630.0,3254713.0,-1.0,0.187,2026.4,2052.16,2051.7455153228157,1915.664943325091,0.1894684,0.19187696,0.0,-4.817119999999956,-5.198465359999972,260.73083816290256,255.5323728029026,1.4533639467811756,1.0,255.51322481448253,0.0,0.0,2026-03-10 00:00:00+00:00,2026-03-09 00:00:00+00:00,2026-03-10 00:01:00+00:00,74.92,0.03921492028045881,1992.28,2026-03-10 03:50:00+00:00,2026-03-10 05:13:00+00:00,2026-03-10 05:14:00+00:00,stop,-1.0968125779228266,4.3690197364118095,"simulated minute opens; intrabar exits only known within minute, not actual exchange fills"
1229,2261.0,3256665.0,3257279.0,-1.0,0.136,2061.59,2051.32,2096.6278157435345,1956.5128027152257,0.14018812000000003,0.13948976000000002,-0.0083369758208,1.3967199999999975,1.1253790958208185,255.5323728029026,256.6577518987234,1.0972239521927816,3.0,252.23172165872342,0.0,0.0,2026-03-11 00:00:00+00:00,2026-03-10 00:00:00+00:00,2026-03-11 00:01:00+00:00,75.51,0.039523740394787045,2035.39,2026-03-11 13:45:00+00:00,2026-03-11 23:59:00+00:00,2026-03-11 23:59:00+00:00,scheduled_23_59_exit,0.23616901102995053,2.998965405089921,"simulated minute opens; intrabar exits only known within minute, not actual exchange fills"
1230,2262.0,3258140.0,3258719.0,-1.0,0.128,2074.64,2072.54,2112.075224239961,1972.282360868633,0.13277696,0.13264256,0.004011791360227918,0.2687999999999884,-0.0006313113602800513,256.6577518987234,256.6571205873631,1.034661599096321,3.0,254.2086557259231,0.0,0.0,2026-03-12 00:00:00+00:00,2026-03-11 00:00:00+00:00,2026-03-12 00:01:00+00:00,74.76,0.03913117245284438,2050.99,2026-03-12 14:20:00+00:00,2026-03-12 23:59:00+00:00,2026-03-12 23:59:00+00:00,scheduled_23_59_exit,-0.00013175078024303696,2.73426007749416,"simulated minute opens; intrabar exits only known within minute, not actual exchange fills"
1231,2263.0,3258775.0,3259463.0,-1.0,0.211,2112.28,2134.44,2134.0104745728886,1993.4595295030185,0.22284554,0.22518342000000002,0.00027894695849999993,-4.675759999999969,-5.12406790695843,256.6571205873631,251.5330526804047,1.7365233389201524,1.0,251.5330526804047,0.0,0.0,2026-03-13 00:00:00+00:00,2026-03-12 00:00:00+00:00,2026-03-13 00:01:00+00:00,74.38,0.038932271362260094,2072.6,2026-03-13 00:55:00+00:00,2026-03-13 12:23:00+00:00,2026-03-13 12:24:00+00:00,stop,-1.1175403437253035,5.4679188021611695,"simulated minute opens; intrabar exits only known within minute, not actual exchange fills"
1232,2265.0,3262845.0,3262958.0,-1.0,0.159,2129.67,2159.02,2158.580544582779,2013.7349609534426,0.16930876500000003,0.17164209,0.0,-4.6666499999999855,-5.007600854999993,251.5330526804047,246.5254518254047,1.3462148468823458,1.0,246.5254518254047,0.0,0.0,2026-03-15 00:00:00+00:00,2026-03-14 00:00:00+00:00,2026-03-15 00:01:00+00:00,75.83,0.039691236050015906,2095.27,2026-03-15 20:45:00+00:00,2026-03-15 22:38:00+00:00,2026-03-15 22:39:00+00:00,stop,-1.0893722499699985,4.010129892731793,"simulated minute opens; intrabar exits only known within minute, not actual exchange fills"
1233,2267.0,3264770.0,3265919.0,1.0,0.164,2309.96,2316.16,2282.8298727257443,2446.6725289551605,0.18941672,0.18992512,0.0034819911717192684,1.0167999999999702,0.6339761688282692,246.5254518254047,247.15942799423297,1.536690987461607,3.0,244.22195433088473,0.0,0.0,2026-03-17 00:00:00+00:00,2026-03-16 00:00:00+00:00,2026-03-17 00:01:00+00:00,75.67,0.039607488222401475,2351.66,2026-03-17 04:50:00+00:00,2026-03-17 23:59:00+00:00,2026-03-17 23:59:00+00:00,scheduled_23_59_exit,0.14248765984161355,5.039140715159465,"simulated minute opens; intrabar exits only known within minute, not actual exchange fills"
1234,2268.0,3266625.0,3266670.0,1.0,0.164,2275.81,2248.01,2248.4650556399374,2410.3048869313993,0.18661642,0.18433682,0.0,-4.559199999999955,-4.930153239999953,247.15942799423297,242.22927475423302,1.5100894310562523,1.0,242.22927475423302,0.0,0.0,2026-03-18 00:00:00+00:00,2026-03-17 00:00:00+00:00,2026-03-18 00:01:00+00:00,75.88,0.03971740724614541,2316.45,2026-03-18 11:45:00+00:00,2026-03-18 12:30:00+00:00,2026-03-18 12:31:00+00:00,stop,-1.0993589748862436,4.918455315192744,"simulated minute opens; intrabar exits only known within minute, not actual exchange fills"
1235,2269.0,3267815.0,3268131.0,1.0,0.17,2161.42,2135.11,2135.5390692487813,2293.7215549075268,0.18372070000000001,0.18148435000000004,-0.0032060726643556264,-4.472699999999991,-4.83469897733562,242.22927475423302,237.3945757768974,1.5169157418020915,1.0,237.33466012689738,0.0,0.0,2026-03-19 00:00:00+00:00,2026-03-18 00:00:00+00:00,2026-03-19 00:01:00+00:00,78.01,0.04083230020126257,2201.95,2026-03-19 07:35:00+00:00,2026-03-19 12:51:00+00:00,2026-03-19 12:52:00+00:00,stop,-1.098855602312285,5.111931876765921,"simulated minute opens; intrabar exits only known within minute, not actual exchange fills"
1236,2272.0,3272970.0,3273119.0,1.0,0.198,2041.19,2052.14,2019.702762755841,2171.392507444555,0.20207781000000002,0.20316186,0.0,2.168099999999964,1.7628603299999668,237.3945757768974,239.15743610689736,1.7024635827392456,3.0,235.2883488503574,0.0,0.0,2026-03-22 00:00:00+00:00,2026-03-21 00:00:00+00:00,2026-03-22 00:01:00+00:00,79.06,0.0413818953199823,2083.37,2026-03-22 21:30:00+00:00,2026-03-22 23:59:00+00:00,2026-03-22 23:59:00+00:00,scheduled_23_59_exit,0.41435457238319556,6.059527614698254,"simulated minute opens; intrabar exits only known within minute, not actual exchange fills"
1237,2274.0,3275620.0,3275999.0,1.0,0.168,2114.02,2154.73,2088.1674070992954,2237.7518156653896,0.17757768000000002,0.18099732000000002,0.0,6.839280000000007,6.480705,239.15743610689736,245.63814110689736,1.485027460493658,3.0,237.05174317489738,0.0,0.0,2026-03-24 00:00:00+00:00,2026-03-23 00:00:00+00:00,2026-03-24 00:01:00+00:00,75.53,0.039534208873238844,2151.01,2026-03-24 17:40:00+00:00,2026-03-24 23:59:00+00:00,2026-03-24 23:59:00+00:00,scheduled_23_59_exit,1.4921375642343637,4.786050518825029,"simulated minute opens; intrabar exits only known within minute, not actual exchange fills"
1238,2278.0,3281150.0,3281759.0,-1.0,0.171,2023.6100000000001,1993.39,2049.873556745462,1916.425763220566,0.17301865500000002,0.17043484500000003,-0.0001558775225407275,5.167620000000005,4.824322377522549,245.63814110689736,250.4624634844199,1.4087279297941386,3.0,243.1084693819974,0.0,0.0,2026-03-28 00:00:00+00:00,2026-03-27 00:00:00+00:00,2026-03-28 00:01:00+00:00,73.49,0.03846642407115481,1991.58,2026-03-28 13:50:00+00:00,2026-03-28 23:59:00+00:00,2026-03-28 23:59:00+00:00,scheduled_23_59_exit,1.0742037659973205,4.081101345801349,"simulated minute opens; intrabar exits only known within minute, not actual exchange fills"
1239,2279.0,3283135.0,3283199.0,1.0,0.199,1958.72,1983.0800000000002,1935.9995694638583,2072.784018499714,0.19489264,0.19731646000000003,0.0,4.847640000000026,4.45543090000001,250.4624634844199,254.91789438441992,1.5562622621263433,3.0,250.1211654121099,0.0,0.0,2026-03-29 00:00:00+00:00,2026-03-28 00:00:00+00:00,2026-03-29 00:01:00+00:00,74.53,0.03901078495064863,1993.48,2026-03-29 22:55:00+00:00,2026-03-29 23:59:00+00:00,2026-03-29 23:59:00+00:00,scheduled_23_59_exit,0.9854170661240488,5.0203282159759475,"simulated minute opens; intrabar exits only known within minute, not actual exchange fills"
1240,2280.0,3283225.0,3283367.0,-1.0,0.131,2005.91,2042.71,2042.296881839559,1907.5941923591413,0.13138710500000003,0.133797505,0.0,-4.820799999999994,-5.085984609999969,254.91789438441992,249.83190977441996,1.0308190040348155,1.0,249.83190977441996,0.0,0.0,2026-03-30 00:00:00+00:00,2026-03-29 00:00:00+00:00,2026-03-30 00:01:00+00:00,74.49,0.03898984799374502,1983.44,2026-03-30 00:25:00+00:00,2026-03-30 02:47:00+00:00,2026-03-30 02:48:00+00:00,stop,-1.0669864532824802,2.701957482214704,"simulated minute opens; intrabar exits only known within minute, not actual exchange fills"
1241,2281.0,3284845.0,3285481.0,-1.0,0.211,2064.75,2086.3,2085.874309336562,1948.136797050931,0.217831125,0.22010465,-0.007579415399999998,-4.547050000000039,-4.977406359600053,249.83190977441996,244.8545034148199,1.7438214773820178,1.0,244.8545034148199,0.0,0.0,2026-03-31 00:00:00+00:00,2026-03-30 00:00:00+00:00,2026-03-31 00:01:00+00:00,74.58,0.03903695614677814,2025.69,2026-03-31 03:25:00+00:00,2026-03-31 14:01:00+00:00,2026-03-31 14:02:00+00:00,stop,-1.1167041357026217,5.520332101330996,"simulated minute opens; intrabar exits only known within minute, not actual exchange fills"
1242,2282.0,3286520.0,3287103.0,-1.0,0.183,2141.07,2165.57,2165.136265055128,2026.2625104082276,0.195907905,0.19814965500000004,-0.0359342532468,-4.4835,-4.841623306753206,244.8545034148199,240.0128801080667,1.6001985037465527,1.0,239.95848976306675,0.0,0.0,2026-04-01 00:00:00+00:00,2026-03-31 00:00:00+00:00,2026-04-01 00:01:00+00:00,72.37,0.03788018927785377,2104.49,2026-04-01 07:20:00+00:00,2026-04-01 17:03:00+00:00,2026-04-01 17:04:00+00:00,stop,-1.0993379279998656,4.7704739114601145,"simulated minute opens; intrabar exits only known within minute, not actual exchange fills"
1243,2286.0,3292625.0,3293279.0,1.0,0.211,2029.71,2108.6,2009.4660478110338,2140.0609708795882,0.214134405,0.22245729999999997,-0.018802697202694188,16.645789999999973,16.228000992202652,240.0128801080667,256.24088110026935,1.784357613671276,3.0,238.70623513797665,0.0,0.0,2026-04-05 00:00:00+00:00,2026-04-04 00:00:00+00:00,2026-04-05 00:01:00+00:00,68.74,0.035980160438851286,2064.43,2026-04-05 13:05:00+00:00,2026-04-05 23:59:00+00:00,2026-04-05 23:59:00+00:00,scheduled_23_59_exit,3.7991572293347162,5.4510586593725545,"simulated minute opens; intrabar exits only known within minute, not actual exchange fills"
1244,2287.0,3293955.0,3294210.0,-1.0,0.222,2147.64,2168.51,2168.067125438337,2033.5266952424897,0.23838804,0.24070461000000004,0.0,-4.633140000000076,-5.112232650000095,256.24088110026935,251.12864845026925,1.8606557936921597,1.0,251.12864845026925,0.0,0.0,2026-04-06 00:00:00+00:00,2026-04-05 00:00:00+00:00,2026-04-06 00:01:00+00:00,69.94,0.03660826914595955,2109.35,2026-04-06 11:15:00+00:00,2026-04-06 15:30:00+00:00,2026-04-06 15:31:00+00:00,stop,-1.1273282219524632,5.58636138510931,"simulated minute opens; intrabar exits only known within minute, not actual exchange fills"
1245,2288.0,3295585.0,3296075.0,1.0,0.185,2074.41,2183.27,2049.775845364474,2183.7104719065874,0.19188292499999998,0.201952475,0.003966089385783291,20.139100000000024,19.741298510614257,251.12864845026925,270.8699469608835,1.5281643586593694,2.0,249.03338083561928,0.0,0.0,2026-04-07 00:00:00+00:00,2026-04-06 00:00:00+00:00,2026-04-07 00:01:00+00:00,69.1,0.036168593050983765,2106.14,2026-04-07 14:25:00+00:00,2026-04-07 22:35:00+00:00,2026-04-07 22:36:00+00:00,target,4.331779322563264,4.4369483557987435,"simulated minute opens; intrabar exits only known within minute, not actual exchange fills"
1246,2289.0,3297065.0,3297563.0,1.0,0.23500000000000001,2199.25,2178.44,2178.882906579959,2322.082917038099,0.258411875,0.25596670000000005,0.03492565128450001,-4.890349999999987,-5.4396542262844605,270.8699469608835,265.43029273459905,1.908014365560587,1.0,265.43029273459905,0.0,0.0,2026-04-08 00:00:00+00:00,2026-04-07 00:00:00+00:00,2026-04-08 00:01:00+00:00,69.49,0.03637272838079395,2239.14,2026-04-08 15:05:00+00:00,2026-04-08 23:23:00+00:00,2026-04-08 23:24:00+00:00,stop,-1.136512918918667,6.030949753352307,"simulated minute opens; intrabar exits only known within minute, not actual exchange fills"
1247,2290.0,3298950.0,3299039.0,-1.0,0.189,2220.23,2188.56,2245.4948032139246,2115.585208443892,0.209811735,0.20681892,0.0,5.985630000000014,5.568999345000009,265.43029273459905,270.99929207959906,1.5809177832598673,3.0,264.9653309995991,0.0,0.0,2026-04-09 00:00:00+00:00,2026-04-08 00:00:00+00:00,2026-04-09 00:01:00+00:00,65.06,0.03405396040371931,2188.87,2026-04-09 22:30:00+00:00,2026-04-09 23:59:00+00:00,2026-04-09 23:59:00+00:00,scheduled_23_59_exit,1.1662709086038021,4.141919914042061,"simulated minute opens; intrabar exits only known within minute, not actual exchange fills"
1248,2291.0,3299995.0,3300057.0,-1.0,0.223,2222.59,2244.63,2244.1801417204983,2117.350659340169,0.247818785,0.250276245,0.0022208159679999997,-4.914919999999992,-5.41523584596797,270.99929207959906,265.5840562336311,1.8289257001247785,1.0,265.5840562336311,0.0,0.0,2026-04-10 00:00:00+00:00,2026-04-09 00:00:00+00:00,2026-04-10 00:01:00+00:00,63.51,0.03324265332370448,2188.92,2026-04-10 15:55:00+00:00,2026-04-10 16:57:00+00:00,2026-04-10 16:58:00+00:00,stop,-1.1247526361971245,4.874416389768969,"simulated minute opens; intrabar exits only known within minute, not actual exchange fills"
1249,2294.0,3304265.0,3304532.0,-1.0,0.184,2222.43,2248.96,2248.507859912206,2115.7478076601465,0.20446356,0.20690432000000003,-0.012246315668321838,-4.8815200000000365,-5.280641564331745,265.5840562336311,260.30341466929934,1.539727669646975,1.0,260.30341466929934,0.0,0.0,2026-04-13 00:00:00+00:00,2026-04-12 00:00:00+00:00,2026-04-13 00:01:00+00:00,66.44,0.0347762854168938,2190.62,2026-04-13 15:05:00+00:00,2026-04-13 19:32:00+00:00,2026-04-13 19:33:00+00:00,stop,-1.1005174133615263,4.090910553972195,"simulated minute opens; intrabar exits only known within minute, not actual exchange fills"
1250,2295.0,3305675.0,3306239.0,-1.0,0.114,2388.89,2321.46,2431.6158677059157,2287.562464971686,0.13616673,0.13232322000000002,-0.009403102812000002,7.687019999999982,7.4279331528119314,260.30341466929934,267.7313478221113,1.0462154726090864,3.0,259.8047279392993,0.0,0.0,2026-04-14 00:00:00+00:00,2026-04-13 00:00:00+00:00,2026-04-14 00:01:00+00:00,66.67,0.03489667291908955,2368.8,2026-04-14 14:35:00+00:00,2026-04-14 23:59:00+00:00,2026-04-14 23:59:00+00:00,scheduled_23_59_exit,1.5250084283011007,2.3715734862485682,"simulated minute opens; intrabar exits only known within minute, not actual exchange fills"
1251,2296.0,3307460.0,3307679.0,-1.0,0.199,2357.9,2358.31,2381.825018593409,2242.6925672510706,0.23461105000000004,0.23465184500000003,0.0,-0.08158999999997105,-0.5508528949999913,267.7313478221113,267.1804949271113,1.7525855818414109,3.0,263.3197267721113,0.0,0.0,2026-04-15 00:00:00+00:00,2026-04-14 00:00:00+00:00,2026-04-15 00:01:00+00:00,65.71,0.03439418595340294,2321.17,2026-04-15 20:20:00+00:00,2026-04-15 23:59:00+00:00,2026-04-15 23:59:00+00:00,scheduled_23_59_exit,-0.11569917863146616,4.815353948383904,"simulated minute opens; intrabar exits only known within minute, not actual exchange fills"
1252,2297.0,3308590.0,3309119.0,1.0,0.193,2323.4700000000003,2346.9,2298.6461398992533,2441.630023862552,0.22421485500000005,0.22647585,-0.017109027464649464,4.521989999999969,4.088408322464602,267.1804949271113,271.2689032495759,1.6783774209353675,3.0,264.15365909957586,0.0,0.0,2026-04-16 00:00:00+00:00,2026-04-15 00:00:00+00:00,2026-04-16 00:01:00+00:00,65.88,0.03448316802024328,2358.87,2026-04-16 15:10:00+00:00,2026-04-16 23:59:00+00:00,2026-04-16 23:59:00+00:00,scheduled_23_59_exit,0.8533508779345719,4.759937551331769,"simulated minute opens; intrabar exits only known within minute, not actual exchange fills"
1253,2299.0,3311095.0,3311168.0,1.0,0.219,2378.7400000000002,2356.38,2356.8602298075657,2501.1731312943252,0.26047203,0.25802361,0.0,-4.896840000000028,-5.415335640000023,271.2689032495759,265.85356760957586,1.920397265442236,1.0,265.85356760957586,0.0,0.0,2026-04-18 00:00:00+00:00,2026-04-17 00:00:00+00:00,2026-04-18 00:01:00+00:00,64.88,0.033959744097653066,2417.66,2026-04-18 08:55:00+00:00,2026-04-18 10:08:00+00:00,2026-04-18 10:09:00+00:00,stop,-1.1301562942626457,5.595722908308207,"simulated minute opens; intrabar exits only known within minute, not actual exchange fills"
1254,2300.0,3312465.0,3313126.0,1.0,0.179,2314.26,2287.02,2287.482302078019,2433.580601710567,0.20712627,0.20468829,-0.1431862048638,-4.875960000000042,-5.14458835513625,265.85356760957586,260.7089792544396,1.558198160456354,1.0,260.7089792544396,0.0,0.0,2026-04-19 00:00:00+00:00,2026-04-18 00:00:00+00:00,2026-04-19 00:01:00+00:00,67.59,0.03537822292787255,2348.99,2026-04-19 07:45:00+00:00,2026-04-19 18:46:00+00:00,2026-04-19 18:47:00+00:00,stop,-1.0733079875476428,4.455969368920972,"simulated minute opens; intrabar exits only known within minute, not actual exchange fills"
1255,2301.0,3313900.0,3314228.0,-1.0,0.18,2297.66,2324.23,2323.757558267302,2182.6523881629487,0.20678939999999998,0.2091807,0.005821085952,-4.78260000000003,-5.204391185952005,260.7089792544396,255.5045880684876,1.5863619319239735,1.0,255.5045880684876,0.0,0.0,2026-04-20 00:00:00+00:00,2026-04-19 00:00:00+00:00,2026-04-20 00:01:00+00:00,68.39,0.03579696206594472,2262.2,2026-04-20 07:40:00+00:00,2026-04-20 13:08:00+00:00,2026-04-20 13:09:00+00:00,stop,-1.1078923196667643,4.406834181922098,"simulated minute opens; intrabar exits only known within minute, not actual exchange fills"
1256,2303.0,3316520.0,3316637.0,-1.0,0.189,2361.9900000000002,2386.58,2386.0995559091766,2248.5085625406764,0.22320805500000004,0.22553181,0.0,-4.647509999999942,-5.096249864999919,255.5045880684876,250.4083382034877,1.7471941047114932,1.0,250.4083382034877,0.0,0.0,2026-04-22 00:00:00+00:00,2026-04-21 00:00:00+00:00,2026-04-22 00:01:00+00:00,64.84,0.03393880714074946,2326.13,2026-04-22 03:20:00+00:00,2026-04-22 05:17:00+00:00,2026-04-22 05:18:00+00:00,stop,-1.1184065397793848,4.7069069993168755,"simulated minute opens; intrabar exits only known within minute, not actual exchange fills"
1257,2304.0,3317980.0,3318309.0,1.0,0.21,2335.36,2313.87,2314.334268632493,2453.6372466525063,0.2452128,0.24295635,-0.009761126701406976,-4.51290000000005,-4.991308023298615,250.4083382034877,245.41703018018907,1.958503472841502,1.0,245.41703018018907,0.0,0.0,2026-04-23 00:00:00+00:00,2026-04-22 00:00:00+00:00,2026-04-23 00:01:00+00:00,63.81,0.03339968050048154,2373.04,2026-04-23 03:40:00+00:00,2026-04-23 09:09:00+00:00,2026-04-23 09:10:00+00:00,stop,-1.1304307578574997,5.625357072491234,"simulated minute opens; intrabar exits only known within minute, not actual exchange fills"
1258,2307.0,3323375.0,3323415.0,-1.0,0.20800000000000002,2353.53,2374.71,2374.225593412126,2245.5729342099185,0.24476712000000003,0.24696984000000005,0.0,-4.405439999999967,-4.8971769599999675,245.41703018018907,240.5198532201891,1.9947036260710036,1.0,239.89227335506908,0.0,0.0,2026-04-26 00:00:00+00:00,2026-04-25 00:00:00+00:00,2026-04-26 00:01:00+00:00,60.82,0.0318346429719368,2318.21,2026-04-26 21:35:00+00:00,2026-04-26 22:15:00+00:00,2026-04-26 22:16:00+00:00,stop,-1.1376392805535724,5.216427653957935,"simulated minute opens; intrabar exits only known within minute, not actual exchange fills"
1259,2309.0,3325765.0,3326399.0,1.0,0.228,2267.7200000000003,2288.55,2249.3565811433655,2374.7865729783844,0.2585200800000001,0.26089470000000003,0.00012988326562814997,4.7492399999999835,4.229695336734352,240.5198532201891,244.74954855692346,2.149677679732594,3.0,238.50657974522903,0.0,0.0,2026-04-28 00:00:00+00:00,2026-04-27 00:00:00+00:00,2026-04-28 00:01:00+00:00,59.24,0.031007633174244265,2302.28,2026-04-28 13:25:00+00:00,2026-04-28 23:59:00+00:00,2026-04-28 23:59:00+00:00,scheduled_23_59_exit,1.010231018602046,5.830426992613115,"simulated minute opens; intrabar exits only known within minute, not actual exchange fills"
1260,2310.0,3326815.0,3326989.0,-1.0,0.225,2321.81,2341.2000000000003,2340.731445855033,2220.37223015784,0.261203625,0.26338500000000004,-0.024386762272113133,-4.362750000000074,-4.862951862727954,244.74954855692346,239.8865966941955,2.134456439573368,1.0,239.37829797244558,0.0,0.0,2026-04-29 00:00:00+00:00,2026-04-28 00:00:00+00:00,2026-04-29 00:01:00+00:00,57.63,0.03016492065887402,2288.37,2026-04-29 06:55:00+00:00,2026-04-29 09:49:00+00:00,2026-04-29 09:50:00+00:00,stop,-1.1422551720143956,5.360994641705828,"simulated minute opens; intrabar exits only known within minute, not actual exchange fills"
1261,2312.0,3329965.0,3330030.0,-1.0,0.19,2284.29,2307.13,2306.6636305863303,2191.28537415221,0.21700755000000002,0.21917735000000002,0.0,-4.339600000000027,-4.775784900000019,239.8865966941955,235.11081179419548,1.8092511460874872,1.0,235.11081179419548,0.0,0.0,2026-05-01 00:00:00+00:00,2026-04-30 00:00:00+00:00,2026-05-01 00:01:00+00:00,56.02,0.029322208143503774,2256.49,2026-05-01 11:25:00+00:00,2026-05-01 12:30:00+00:00,2026-05-01 12:31:00+00:00,stop,-1.1234524456373784,4.156885736042017,"simulated minute opens; intrabar exits only known within minute, not actual exchange fills"
1262,2313.0,3332030.0,3332159.0,-1.0,0.216,2325.2400000000002,2316.2200000000003,2344.177020596599,2229.534891603862,0.25112592000000006,0.25015176000000006,0.0,1.948319999999996,1.4470423200000084,235.11081179419548,236.5578541141955,2.1362345532609823,3.0,234.31923712987557,0.0,0.0,2026-05-02 00:00:00+00:00,2026-05-01 00:00:00+00:00,2026-05-02 00:01:00+00:00,54.74,0.0286522255225883,2294.34,2026-05-02 21:50:00+00:00,2026-05-02 23:59:00+00:00,2026-05-02 23:59:00+00:00,scheduled_23_59_exit,0.35376578727507235,5.05386303552563,"simulated minute opens; intrabar exits only known within minute, not actual exchange fills"
1263,2314.0,3333500.0,3333599.0,-1.0,0.194,2344.84,2321.82,2366.3168111582368,2250.3445650016715,0.22744948000000004,0.22521654000000002,0.0,4.465879999999997,4.0132139800000175,236.5578541141955,240.5710680941955,1.9229924185074954,3.0,235.18318337797552,0.0,0.0,2026-05-03 00:00:00+00:00,2026-05-02 00:00:00+00:00,2026-05-03 00:01:00+00:00,54.86,0.028715036393299125,2315.9,2026-05-03 22:20:00+00:00,2026-05-03 23:59:00+00:00,2026-05-03 23:59:00+00:00,scheduled_23_59_exit,0.9632095681051097,4.399882007720149,"simulated minute opens; intrabar exits only known within minute, not actual exchange fills"
1264,2315.0,3334205.0,3334491.0,-1.0,0.152,2343.92,2373.08,2372.603582387963,2255.455346065904,0.17813792,0.18035407999999997,0.0,-4.432319999999978,-4.790811999999988,240.5710680941955,235.78025609419552,1.4809587986719182,1.0,235.7478101741955,0.0,0.0,2026-05-04 00:00:00+00:00,2026-05-03 00:00:00+00:00,2026-05-04 00:01:00+00:00,55.28,0.028934874440787014,2321.67,2026-05-04 10:05:00+00:00,2026-05-04 14:51:00+00:00,2026-05-04 14:52:00+00:00,stop,-1.098834154454389,3.084156390842611,"simulated minute opens; intrabar exits only known within minute, not actual exchange fills"
1265,2316.0,3335295.0,3335841.0,-1.0,0.20800000000000002,2378.39,2398.61,2398.125721045416,2278.506483287112,0.24735256000000003,0.24945544000000006,0.011927408049894063,-4.205760000000053,-4.714495408049942,235.78025609419552,231.06576068614558,2.098161772300233,1.0,231.06576068614558,0.0,0.0,2026-05-05 00:00:00+00:00,2026-05-04 00:00:00+00:00,2026-05-05 00:01:00+00:00,55.86,0.02923846031588934,2346.11,2026-05-05 04:15:00+00:00,2026-05-05 13:21:00+00:00,2026-05-05 13:22:00+00:00,stop,-1.1484679610019564,5.061052316408129,"simulated minute opens; intrabar exits only known within minute, not actual exchange fills"
1266,2317.0,3337025.0,3337060.0,-1.0,0.191,2389.71,2411.48,2410.9962200163704,2292.4772446127818,0.228217305,0.23029634000000002,0.0,-4.158069999999997,-4.6165836449999915,231.06576068614558,226.4491770411456,1.975345064732333,1.0,226.44682945823564,0.0,0.0,2026-05-06 00:00:00+00:00,2026-05-05 00:00:00+00:00,2026-05-06 00:01:00+00:00,55.03,0.028804018460139462,2359.47,2026-05-06 09:05:00+00:00,2026-05-06 09:40:00+00:00,2026-05-06 09:41:00+00:00,stop,-1.135504330097654,4.567873267890698,"simulated minute opens; intrabar exits only known within minute, not actual exchange fills"
1267,2318.0,3337990.0,3338792.0,1.0,0.148,2326.67,2298.54,2299.0053791996966,2419.0359513088283,0.17217358,0.17009196000000001,-0.04160032192857587,-4.163240000000016,-4.463905218071432,226.4491770411456,221.98527182307416,1.5206377188000664,1.0,221.7411645583942,0.0,0.0,2026-05-07 00:00:00+00:00,2026-05-06 00:00:00+00:00,2026-05-07 00:01:00+00:00,55.56,0.029081433139112274,2349.7,2026-05-07 01:10:00+00:00,2026-05-07 14:32:00+00:00,2026-05-07 14:33:00+00:00,stop,-1.0902561058561477,3.3387752528968297,"simulated minute opens; intrabar exits only known within minute, not actual exchange fills"
1268,2321.0,3343295.0,3343610.0,-1.0,0.185,2353.7400000000002,2375.32,2374.8419497909767,2260.6665092954104,0.21772095000000002,0.21971710000000003,0.0,-3.9922999999999864,-4.429738049999997,221.98527182307416,217.55553377307416,1.9615801373843138,1.0,217.55553377307416,0.0,0.0,2026-05-10 00:00:00+00:00,2026-05-09 00:00:00+00:00,2026-05-10 00:01:00+00:00,53.79,0.028154972796127598,2325.22,2026-05-10 17:35:00+00:00,2026-05-10 22:50:00+00:00,2026-05-10 22:51:00+00:00,stop,-1.1347069932958995,4.410658333780579,"simulated minute opens; intrabar exits only known within minute, not actual exchange fills"
1269,2322.0,3344010.0,3344494.0,1.0,0.217,2337.13,2319.4700000000003,2319.9379125937285,2438.938098954366,0.253578605,0.25166249500000004,0.010084841508,-3.8322199999999684,-4.347545941507946,217.55553377307416,213.20798783156621,2.3311620771228045,1.0,213.15585032656617,0.0,0.0,2026-05-11 00:00:00+00:00,2026-05-10 00:00:00+00:00,2026-05-11 00:01:00+00:00,54.61,0.028584180412651573,2370.21,2026-05-11 05:30:00+00:00,2026-05-11 13:34:00+00:00,2026-05-11 13:35:00+00:00,stop,-1.165348537996096,5.921799752904151,"simulated minute opens; intrabar exits only known within minute, not actual exchange fills"
1270,2323.0,3345225.0,3345600.0,1.0,0.20400000000000001,2308.02,2289.52,2289.9788319772074,2405.061844879709,0.23541804000000002,0.23353104000000002,0.0033135540504560792,-3.7740000000000005,-4.246262634050481,213.20798783156621,208.96172519751573,2.2083416516831416,1.0,208.96172519751573,0.0,0.0,2026-05-12 00:00:00+00:00,2026-05-11 00:00:00+00:00,2026-05-12 00:01:00+00:00,53.53,0.02801888257625414,2338.61,2026-05-12 01:45:00+00:00,2026-05-12 08:00:00+00:00,2026-05-12 08:01:00+00:00,stop,-1.1537508483771777,5.378911429521067,"simulated minute opens; intrabar exits only known within minute, not actual exchange fills"
1271,2324.0,3346870.0,3347111.0,-1.0,0.196,2303.25,2322.19,2321.7214696149326,2211.03134175972,0.22571850000000002,0.22757462,-0.0227485548192,-3.7122400000000106,-4.142784565180818,208.96172519751573,204.81894063233491,2.160381283095221,1.0,204.81894063233491,0.0,0.0,2026-05-13 00:00:00+00:00,2026-05-12 00:00:00+00:00,2026-05-13 00:01:00+00:00,53.33,0.0279141977917361,2273.62,2026-05-13 05:10:00+00:00,2026-05-13 09:11:00+00:00,2026-05-13 09:12:00+00:00,stop,-1.144286642342355,4.9924916729814,"simulated minute opens; intrabar exits only known within minute, not actual exchange fills"
1272,2325.0,3348905.0,3348969.0,-1.0,0.161,2283.4500000000003,2306.55,2306.0887492104575,2194.394486844151,0.18381772500000002,0.185677275,-0.014598015288554148,-3.7190999999999854,-4.073996984711442,204.81894063233491,200.74494364762347,1.7949289692886985,1.0,200.74494364762347,0.0,0.0,2026-05-14 00:00:00+00:00,2026-05-13 00:00:00+00:00,2026-05-14 00:01:00+00:00,54.2,0.028369576604389588,2257.54,2026-05-14 15:05:00+00:00,2026-05-14 16:09:00+00:00,2026-05-14 16:10:00+00:00,stop,-1.1177441325202744,3.9337647291358757,"simulated minute opens; intrabar exits only known within minute, not actual exchange fills"
1273,2326.0,3349830.0,3350258.0,1.0,0.189,2252.53,2233.56,2234.008344095378,2347.740449280735,0.212864085,0.21107141999999998,0.0016602035942939331,-3.5853300000000483,-4.010925708594357,200.74494364762347,196.73401793902912,2.1207416847684075,1.0,195.74341124299917,0.0,0.0,2026-05-15 00:00:00+00:00,2026-05-14 00:00:00+00:00,2026-05-15 00:01:00+00:00,54.21,0.028374810843615487,2282.06,2026-05-15 06:30:00+00:00,2026-05-15 13:38:00+00:00,2026-05-15 13:39:00+00:00,stop,-1.145784656365739,5.140493364687493,"simulated minute opens; intrabar exits only known within minute, not actual exchange fills"
1274,2327.0,3351340.0,3351437.0,1.0,0.181,2196.62,2177.15,2177.5901697797185,2286.606143346757,0.19879411,0.197032075,0.017851339013382057,-3.5240699999999636,-3.9377475240133606,196.73401793902912,192.79627041501575,2.0209429165586332,1.0,192.79627041501575,0.0,0.0,2026-05-16 00:00:00+00:00,2026-05-15 00:00:00+00:00,2026-05-16 00:01:00+00:00,53.33,0.0279141977917361,2223.66,2026-05-16 07:40:00+00:00,2026-05-16 09:17:00+00:00,2026-05-16 09:18:00+00:00,stop,-1.143232016815785,4.728688711623548,"simulated minute opens; intrabar exits only known within minute, not actual exchange fills"
1275,2329.0,3354640.0,3354865.0,1.0,0.11900000000000001,2113.73,2083.45,2083.87071599458,2192.809751213326,0.125766935,0.123965275,0.012933228138600001,-3.603320000000024,-3.8659854381386083,192.79627041501575,188.93028497687715,1.304661492976731,1.0,188.49750690737716,0.0,0.0,2026-05-18 00:00:00+00:00,2026-05-17 00:00:00+00:00,2026-05-18 00:01:00+00:00,55.63,0.02911807281369359,2129.88,2026-05-18 14:40:00+00:00,2026-05-18 18:25:00+00:00,2026-05-18 18:26:00+00:00,stop,-1.088012444755985,2.648414181631816,"simulated minute opens; intrabar exits only known within minute, not actual exchange fills"
1276,2330.0,3356095.0,3356639.0,1.0,0.20400000000000001,2101.14,2110.26,2085.1598388177313,2188.8667026638436,0.21431628,0.21524652000000002,0.0154395759024,1.8604800000000707,1.4154776240976616,188.93028497687715,190.3457626009748,2.268733993877475,3.0,188.64048869687718,0.0,0.0,2026-05-19 00:00:00+00:00,2026-05-18 00:00:00+00:00,2026-05-19 00:01:00+00:00,52.99,0.02773623365805543,2128.99,2026-05-19 14:55:00+00:00,2026-05-19 23:59:00+00:00,2026-05-19 23:59:00+00:00,scheduled_23_59_exit,0.43420186600491284,5.489725770800376,"simulated minute opens; intrabar exits only known within minute, not actual exchange fills"
1277,2331.0,3357570.0,3358079.0,-1.0,0.193,2137.58,2128.86,2154.6626902067346,2054.1563149301905,0.20627647,0.20543499000000004,-0.02180698178250931,1.6829599999999614,1.2930555217824633,190.3457626009748,191.63881812275727,2.1673870453572532,3.0,188.1833311170073,0.0,0.0,2026-05-20 00:00:00+00:00,2026-05-19 00:00:00+00:00,2026-05-20 00:01:00+00:00,52.15,0.027296557563079644,2111.0,2026-05-20 15:30:00+00:00,2026-05-20 23:59:00+00:00,2026-05-20 23:59:00+00:00,scheduled_23_59_exit,0.3921963965765178,4.883521509798284,"simulated minute opens; intrabar exits only known within minute, not actual exchange fills"
1278,2334.0,3361755.0,3362198.0,1.0,0.23600000000000002,2038.4,2119.63,2024.6124496139657,2120.0581768189527,0.24053120000000003,0.25011634000000005,0.03091169594837443,19.170280000000005,18.64872076405166,191.63881812275727,210.28753888680893,2.5102555145787213,2.0,191.17381799367726,0.0,0.0,2026-05-23 00:00:00+00:00,2026-05-22 00:00:00+00:00,2026-05-23 00:01:00+00:00,50.29,0.02632298906706185,2064.98,2026-05-23 13:15:00+00:00,2026-05-23 20:38:00+00:00,2026-05-23 20:39:00+00:00,target,5.731257621915764,5.922602241342709,"simulated minute opens; intrabar exits only known within minute, not actual exchange fills"
1279,2335.0,3363265.0,3363695.0,1.0,0.176,2096.28,2074.58,2074.99912930123,2173.8952414727123,0.18447264000000002,0.18256303999999998,0.01546854232,-3.819200000000048,-4.201704222320046,210.28753888680893,206.08583466448889,1.7544799941692764,1.0,206.08583466448889,0.0,0.0,2026-05-24 00:00:00+00:00,2026-05-23 00:00:00+00:00,2026-05-24 00:01:00+00:00,50.83,0.026605637985260562,2116.82,2026-05-24 14:25:00+00:00,2026-05-24 21:35:00+00:00,2026-05-24 21:36:00+00:00,stop,-1.1218206145286989,3.647183546733222,"simulated minute opens; intrabar exits only known within minute, not actual exchange fills"
1280,2336.0,3364735.0,3365279.0,-1.0,0.222,2125.75,2112.54,2141.6895182909916,2043.378630744707,0.23595825,0.23449194,-0.015334442407800002,2.932620000000008,2.4775042524078117,206.08583466448889,208.5633389168967,2.2899026552129977,3.0,202.56327418547673,0.0,0.0,2026-05-25 00:00:00+00:00,2026-05-24 00:00:00+00:00,2026-05-25 00:01:00+00:00,51.3,0.026851647228877965,2098.99,2026-05-25 14:55:00+00:00,2026-05-25 23:59:00+00:00,2026-05-25 23:59:00+00:00,scheduled_23_59_exit,0.7001421787763319,5.1677452073219925,"simulated minute opens; intrabar exits only known within minute, not actual exchange fills"
1281,2337.0,3365450.0,3366252.0,1.0,0.22,2088.92,2072.08,2072.4989650543444,2164.9803407325635,0.22978120000000002,0.2279288,0.03311935256579644,-3.704800000000032,-4.195629352565817,208.5633389168967,204.36770956433088,2.2034668335604053,1.0,204.36770956433088,0.0,0.0,2026-05-26 00:00:00+00:00,2026-05-25 00:00:00+00:00,2026-05-26 00:01:00+00:00,47.66,0.024946384150649585,2111.64,2026-05-26 02:50:00+00:00,2026-05-26 16:12:00+00:00,2026-05-26 16:13:00+00:00,stop,-1.1613788396880649,4.631884712765052,"simulated minute opens; intrabar exits only known within minute, not actual exchange fills"
1282,2338.0,3367820.0,3368020.0,1.0,0.225,2049.37,2033.26,2033.6710223903165,2126.600357746109,0.230554125,0.22874175,0.0,-3.6247499999999775,-4.084045874999987,204.36770956433088,200.2836636893309,2.256267641218792,1.0,199.6236554393309,0.0,0.0,2026-05-27 00:00:00+00:00,2026-05-26 00:00:00+00:00,2026-05-27 00:01:00+00:00,48.78,0.025532618943950626,2072.99,2026-05-27 18:20:00+00:00,2026-05-27 21:40:00+00:00,2026-05-27 21:41:00+00:00,stop,-1.156210006236576,4.919451423287065,"simulated minute opens; intrabar exits only known within minute, not actual exchange fills"
1283,2339.0,3369020.0,3369035.0,1.0,0.245,1998.81,1984.52,1984.9184799034508,2076.5899147107734,0.24485422499999998,0.2431037,0.0,-3.501049999999991,-3.98900792500001,200.2836636893309,196.29465576433088,2.445074355937532,1.0,196.29465576433088,0.0,0.0,2026-05-28 00:00:00+00:00,2026-05-27 00:00:00+00:00,2026-05-28 00:01:00+00:00,49.29,0.025799565144471636,2023.7,2026-05-28 14:20:00+00:00,2026-05-28 14:35:00+00:00,2026-05-28 14:36:00+00:00,stop,-1.1720578372157169,5.599093128051208,"simulated minute opens; intrabar exits only known within minute, not actual exchange fills"
1284,2340.0,3370470.0,3371039.0,1.0,0.209,1986.82,2013.23,1970.4603955537398,2061.369686431641,0.20762268999999997,0.21038253499999998,0.0279920468465,5.519690000000017,5.073692728153532,196.29465576433088,201.36834849248442,2.1154186719099415,3.0,195.25983699660088,0.0,0.0,2026-05-29 00:00:00+00:00,2026-05-28 00:00:00+00:00,2026-05-29 00:01:00+00:00,49.24,0.025773393948342126,2008.92,2026-05-29 14:30:00+00:00,2026-05-29 23:59:00+00:00,2026-05-29 23:59:00+00:00,scheduled_23_59_exit,1.4839015112648215,4.556936977084641,"simulated minute opens; intrabar exits only known within minute, not actual exchange fills"
1285,2342.0,3373515.0,3373919.0,1.0,0.211,1999.78,2005.89,1983.1349205942083,2074.0019456939895,0.21097679,0.21162139500000002,0.0,1.2892100000000268,0.8666118150000273,201.36834849248442,202.23496030748444,2.095431497347501,3.0,199.77321170248445,0.0,0.0,2026-05-31 00:00:00+00:00,2026-05-30 00:00:00+00:00,2026-05-31 00:01:00+00:00,48.91,0.02560066405388735,2021.58,2026-05-31 17:15:00+00:00,2026-05-31 23:59:00+00:00,2026-05-31 23:59:00+00:00,scheduled_23_59_exit,0.24674949874802296,4.459092316986123,"simulated minute opens; intrabar exits only known within minute, not actual exchange fills"
1286,2343.0,3374330.0,3374651.0,1.0,0.181,1987.5,1967.2,1967.599097055564,2059.1118380825237,0.17986875000000002,0.1780316,0.019090482423690134,-3.6742999999999917,-4.0512908324236605,202.23496030748444,198.18366947506078,1.77880965513106,1.0,198.18366947506078,0.0,0.0,2026-06-01 00:00:00+00:00,2026-05-31 00:00:00+00:00,2026-06-01 00:01:00+00:00,49.63,0.02597752927815231,2006.31,2026-06-01 06:50:00+00:00,2026-06-01 12:11:00+00:00,2026-06-01 12:12:00+00:00,stop,-1.1247139057497735,3.5984215531559784,"simulated minute opens; intrabar exits only known within minute, not actual exchange fills"
1287,2344.0,3375505.0,3375921.0,1.0,0.222,1983.03,1967.19,1967.5885731175165,2058.3842239516125,0.22011633,0.21835809,0.043975980000000005,-3.516479999999982,-3.9989303999999777,198.18366947506078,194.1847390750608,2.2213367083476996,1.0,194.1847390750608,0.0,0.0,2026-06-02 00:00:00+00:00,2026-06-01 00:00:00+00:00,2026-06-02 00:01:00+00:00,49.25,0.025778628187568025,2006.0,2026-06-02 02:25:00+00:00,2026-06-02 09:21:00+00:00,2026-06-02 09:22:00+00:00,stop,-1.1665502247356294,4.880003935199357,"simulated minute opens; intrabar exits only known within minute, not actual exchange fills"
1288,2345.0,3377035.0,3377784.0,1.0,0.227,1833.71,1818.44,1818.8102210729683,1913.8750908986644,0.20812608500000002,0.20639294000000002,0.0727108673797,-3.466289999999996,-3.9535198923796884,194.1847390750608,190.23121918268112,2.1435884816834165,1.0,190.1688865376311,0.0,0.0,2026-06-03 00:00:00+00:00,2026-06-02 00:00:00+00:00,2026-06-03 00:01:00+00:00,55.62,0.02911283857446769,1858.96,2026-06-03 03:55:00+00:00,2026-06-03 16:24:00+00:00,2026-06-03 16:25:00+00:00,stop,-1.168902389518172,5.380287270788004,"simulated minute opens; intrabar exits only known within minute, not actual exchange fills"
1289,2346.0,3378275.0,3378323.0,1.0,0.115,1800.83,1769.63,1769.9900672455528,1870.6759636973227,0.10354772500000001,0.10175372500000002,0.0,-3.587999999999979,-3.793301449999973,190.23121918268112,186.43791773268114,1.0886512260699122,1.0,186.02221618463113,0.0,0.0,2026-06-04 00:00:00+00:00,2026-06-03 00:00:00+00:00,2026-06-04 00:01:00+00:00,60.4,0.03161480492444891,1812.46,2026-06-04 00:35:00+00:00,2026-06-04 01:23:00+00:00,2026-06-04 01:24:00+00:00,stop,-1.069562319173453,2.26478975338398,"simulated minute opens; intrabar exits only known within minute, not actual exchange fills"
1290,2347.0,3379980.0,3379996.0,1.0,0.218,1744.02,1728.68,1729.0261960755317,1825.8091047407547,0.19009817999999998,0.18842612,0.0,-3.344119999999982,-3.7226442999999847,186.43791773268114,182.71527343268116,2.039265212911968,1.0,182.64863955268115,0.0,0.0,2026-06-05 00:00:00+00:00,2026-06-04 00:00:00+00:00,2026-06-05 00:01:00+00:00,59.46,0.031122786437214108,1769.86,2026-06-05 05:00:00+00:00,2026-06-05 05:16:00+00:00,2026-06-05 05:17:00+00:00,stop,-1.1388937781247896,5.454860231117463,"simulated minute opens; intrabar exits only known within minute, not actual exchange fills"
1291,2348.0,3381340.0,3381372.0,1.0,0.168,1560.31,1540.17,1540.4871435405728,1639.9421022825954,0.13106604000000002,0.12937428000000004,0.0,-3.383519999999979,-3.643960319999991,182.71527343268116,179.07131311268117,1.434647881785202,1.0,179.07131311268117,0.0,0.0,2026-06-06 00:00:00+00:00,2026-06-05 00:00:00+00:00,2026-06-06 00:01:00+00:00,68.3,0.03574985391291159,1582.35,2026-06-06 03:40:00+00:00,2026-06-06 04:12:00+00:00,2026-06-06 04:13:00+00:00,stop,-1.0942035545883557,4.017186042061302,"simulated minute opens; intrabar exits only known within minute, not actual exchange fills"
1292,2349.0,3382765.0,3382947.0,-1.0,0.18,1593.91,1612.14,1611.8151727649715,1512.776741292395,0.1434519,0.14509260000000002,0.0,-3.281400000000003,-3.569944499999991,179.07131311268117,175.50136861268118,1.6021762224944702,1.0,175.4466612126812,0.0,0.0,2026-06-07 00:00:00+00:00,2026-06-06 00:00:00+00:00,2026-06-07 00:01:00+00:00,69.23,0.0362366381609205,1568.6,2026-06-07 03:25:00+00:00,2026-06-07 06:27:00+00:00,2026-06-07 06:28:00+00:00,stop,-1.1076701275287353,4.531274831725119,"simulated minute opens; intrabar exits only known within minute, not actual exchange fills"
1293,2350.0,3384290.0,3384337.0,1.0,0.19,1662.1100000000001,1645.33,1645.6621629379358,1750.159010762072,0.15790045,0.15630635,0.0,-3.188200000000038,-3.5024068000000455,175.50136861268118,171.99896181268113,1.7994212950951383,1.0,171.99896181268113,0.0,0.0,2026-06-08 00:00:00+00:00,2026-06-07 00:00:00+00:00,2026-06-08 00:01:00+00:00,67.21,0.03517932183728826,1689.66,2026-06-08 04:50:00+00:00,2026-06-08 05:37:00+00:00,2026-06-08 05:38:00+00:00,stop,-1.1207382423866674,5.35322732282838,"simulated minute opens; intrabar exits only known within minute, not actual exchange fills"
1294,2351.0,3385495.0,3386296.0,1.0,0.211,1663.3400000000001,1648.74,1649.0712520612717,1744.2521797607749,0.17548237,0.17394207,0.00012755127240000002,-3.080600000000029,-3.430151991272453,171.99896181268113,168.56880982140868,2.040504990851195,1.0,168.56880982140868,0.0,0.0,2026-06-09 00:00:00+00:00,2026-06-08 00:00:00+00:00,2026-06-09 00:01:00+00:00,61.26,0.03206494949787649,1689.21,2026-06-09 00:55:00+00:00,2026-06-09 14:16:00+00:00,2026-06-09 14:17:00+00:00,stop,-1.1393182203657992,5.67058722378589,"simulated minute opens; intrabar exits only known within minute, not actual exchange fills"
1295,2352.0,3387440.0,3388319.0,1.0,0.20500000000000002,1614.18,1620.33,1599.671489319825,1692.0786612506702,0.16545345000000003,0.16608382500000002,-0.01060227744644972,1.260749999999972,0.9398150024464087,168.56880982140868,169.5086248238551,1.96303752960338,3.0,166.30716570305512,0.0,0.0,2026-06-10 00:00:00+00:00,2026-06-09 00:00:00+00:00,2026-06-10 00:01:00+00:00,61.31,0.032091120694006006,1638.64,2026-06-10 09:20:00+00:00,2026-06-10 23:59:00+00:00,2026-06-10 23:59:00+00:00,scheduled_23_59_exit,0.31598442649473474,5.369170066305539,"simulated minute opens; intrabar exits only known within minute, not actual exchange fills"
1296,2353.0,3388540.0,3388555.0,-1.0,0.187,1644.03,1660.43,1660.0969837412513,1569.666414723979,0.15371680499999998,0.155250205,0.0,-3.066800000000017,-3.375767010000004,169.5086248238551,166.13285781385508,1.8136753237156498,1.0,166.13285781385508,0.0,0.0,2026-06-11 00:00:00+00:00,2026-06-10 00:00:00+00:00,2026-06-11 00:01:00+00:00,61.15,0.03200737286639157,1620.72,2026-06-11 03:40:00+00:00,2026-06-11 03:55:00+00:00,2026-06-11 03:56:00+00:00,stop,-1.1235606066900834,4.628347577466928,"simulated minute opens; intrabar exits only known within minute, not actual exchange fills"
1297,2356.0,3393530.0,3393950.0,1.0,0.225,1656.89,1729.67,1644.135903149805,1730.023421947867,0.186400125,0.19458787500000002,-0.00717627321,16.375499999999995,16.001688273209993,166.13285781385508,182.13454608706508,2.243988666093417,2.0,165.67902861985505,0.0,0.0,2026-06-14 00:00:00+00:00,2026-06-13 00:00:00+00:00,2026-06-14 00:01:00+00:00,55.59,0.029097135856789986,1680.41,2026-06-14 14:50:00+00:00,2026-06-14 21:50:00+00:00,2026-06-14 21:51:00+00:00,target,5.576138818995416,5.734112168573374,"simulated minute opens; intrabar exits only known within minute, not actual exchange fills"
1298,2358.0,3395680.0,3396959.0,1.0,0.194,1773.9,1791.0900000000001,1757.3330435061876,1846.865545217772,0.17206830000000004,0.17373573000000003,0.003800555236582487,3.3348600000000106,2.9852554147634294,182.13454608706508,185.1198015018285,1.8894636267163383,3.0,178.85071778706504,0.0,0.0,2026-06-16 00:00:00+00:00,2026-06-15 00:00:00+00:00,2026-06-16 00:01:00+00:00,54.25,0.028395747800519094,1795.16,2026-06-16 02:40:00+00:00,2026-06-16 23:59:00+00:00,2026-06-16 23:59:00+00:00,scheduled_23_59_exit,0.9288317087593578,4.4042818151314185,"simulated minute opens; intrabar exits only known within minute, not actual exchange fills"
1299,2359.0,3397505.0,3397700.0,1.0,0.246,1767.6200000000001,1754.3600000000001,1754.7113137816843,1843.721770986979,0.21741726,0.21578628,0.0,-3.2619599999999975,-3.6951635399999816,185.1198015018285,181.42463796182852,2.3489357511854556,1.0,181.42463796182852,0.0,0.0,2026-06-17 00:00:00+00:00,2026-06-16 00:00:00+00:00,2026-06-17 00:01:00+00:00,54.02,0.028275360298323348,1792.32,2026-06-17 09:05:00+00:00,2026-06-17 12:20:00+00:00,2026-06-17 12:21:00+00:00,stop,-1.1636342960050463,5.895392428007132,"simulated minute opens; intrabar exits only known within minute, not actual exchange fills"
1300,2360.0,3398710.0,3399337.0,1.0,0.234,1724.94,1711.18,1711.5311416633133,1801.5827767393016,0.20181798,0.20020806000000002,0.0028114645104000005,-3.2198399999999983,-3.624677504510373,181.42463796182852,177.79996045731815,2.2248133689809233,1.0,177.79996045731815,0.0,0.0,2026-06-18 00:00:00+00:00,2026-06-17 00:00:00+00:00,2026-06-18 00:01:00+00:00,55.98,0.029301271186600163,1749.56,2026-06-18 05:10:00+00:00,2026-06-18 15:37:00+00:00,2026-06-18 15:38:00+00:00,stop,-1.155212055840645,5.715831640163294,"simulated minute opens; intrabar exits only known within minute, not actual exchange fills"
1301,2361.0,3400600.0,3401279.0,1.0,0.185,1688.74,1710.79,1671.5628468944365,1763.0608748550758,0.15620845,0.15824807500000002,-8.52601545e-05,4.079249999999991,3.7648787351544684,177.79996045731815,181.56483919247262,1.757125812606676,3.0,175.73994568971816,0.0,0.0,2026-06-19 00:00:00+00:00,2026-06-18 00:00:00+00:00,2026-06-19 00:01:00+00:00,58.18,0.030452803816298633,1710.18,2026-06-19 12:40:00+00:00,2026-06-19 23:59:00+00:00,2026-06-19 23:59:00+00:00,scheduled_23_59_exit,1.1847537098047054,4.326728323275166,"simulated minute opens; intrabar exits only known within minute, not actual exchange fills"
1302,2362.0,3402175.0,3402200.0,-1.0,0.182,1731.27,1749.46,1749.1011845366759,1659.9233588518796,0.15754557,0.15920086,0.0,-3.3105800000000096,-3.6273264300000108,181.56483919247262,177.9375127624726,1.7354193763583228,1.0,177.9375127624726,0.0,0.0,2026-06-20 00:00:00+00:00,2026-06-19 00:00:00+00:00,2026-06-20 00:01:00+00:00,57.13,0.029903208697578912,1710.31,2026-06-20 14:55:00+00:00,2026-06-20 15:20:00+00:00,2026-06-20 15:21:00+00:00,stop,-1.1177252391172605,4.0012283536952795,"simulated minute opens; intrabar exits only known within minute, not actual exchange fills"
1303,2363.0,3404015.0,3404159.0,1.0,0.216,1716.32,1705.99,1701.9049916150022,1792.1230674397593,0.18536256,0.18424691999999998,0.0,-2.2312799999999844,-2.600889479999978,177.9375127624726,175.33662328247263,2.0834567947169074,3.0,175.04567020247262,0.0,0.0,2026-06-21 00:00:00+00:00,2026-06-20 00:00:00+00:00,2026-06-21 00:01:00+00:00,56.39,0.02951587499486215,1740.0,2026-06-21 21:35:00+00:00,2026-06-21 23:59:00+00:00,2026-06-21 23:59:00+00:00,scheduled_23_59_exit,-0.8353207073075058,5.258621113162227,"simulated minute opens; intrabar exits only known within minute, not actual exchange fills"
1304,2364.0,3404350.0,3404595.0,-1.0,0.20700000000000002,1730.93,1746.08,1745.723043395991,1655.1399622539186,0.17915125500000004,0.18071928,0.0,-3.136049999999972,-3.4959205349999536,175.33662328247263,171.84070274747268,2.0435120928658685,1.0,171.84070274747268,0.0,0.0,2026-06-22 00:00:00+00:00,2026-06-21 00:00:00+00:00,2026-06-22 00:01:00+00:00,58.17,0.030447569577072734,1706.31,2026-06-22 03:10:00+00:00,2026-06-22 07:15:00+00:00,2026-06-22 07:16:00+00:00,stop,-1.1416518256531805,5.123356683089385,"simulated minute opens; intrabar exits only known within minute, not actual exchange fills"
1305,2366.0,3407905.0,3407981.0,1.0,0.167,1648.63,1629.72,1630.0507413329772,1716.1296759323493,0.13766060500000002,0.13608162000000001,0.0,-3.157970000000014,-3.4317122250000125,171.84070274747268,168.40899052247266,1.6021885711477588,1.0,168.40899052247266,0.0,0.0,2026-06-24 00:00:00+00:00,2026-06-23 00:00:00+00:00,2026-06-24 00:01:00+00:00,56.18,0.029405955971118204,1666.4,2026-06-24 14:25:00+00:00,2026-06-24 15:41:00+00:00,2026-06-24 15:42:00+00:00,stop,-1.1060277144681567,3.633066159531813,"simulated minute opens; intrabar exits only known within minute, not actual exchange fills"
1306,2367.0,3408795.0,3408896.0,-1.0,0.198,1644.47,1659.76,1659.4248841411252,1572.3688212622103,0.16280253000000003,0.16431624,0.0,-3.027419999999993,-3.3545387699999765,168.40899052247266,165.0544517524727,1.9334185128112324,1.0,165.0544517524727,0.0,0.0,2026-06-25 00:00:00+00:00,2026-06-24 00:00:00+00:00,2026-06-25 00:01:00+00:00,58.83,0.030793029365982272,1621.54,2026-06-25 05:15:00+00:00,2026-06-25 06:56:00+00:00,2026-06-25 06:57:00+00:00,stop,-1.132881728813261,4.821246226810628,"simulated minute opens; intrabar exits only known within minute, not actual exchange fills"
1307,2368.0,3410150.0,3410680.0,1.0,0.145,1550.82,1529.73,1530.036192227754,1617.6056399021818,0.11243444999999999,0.110905425,-0.004508704789783392,-3.0580499999999877,-3.2768811702102028,165.0544517524727,161.77757058226248,1.362392214281074,1.0,161.72172600726248,0.0,0.0,2026-06-26 00:00:00+00:00,2026-06-25 00:00:00+00:00,2026-06-26 00:01:00+00:00,60.76,0.03180323753658139,1566.97,2026-06-26 03:50:00+00:00,2026-06-26 12:40:00+00:00,2026-06-26 12:41:00+00:00,stop,-1.0873455303212851,3.213349576460464,"simulated minute opens; intrabar exits only known within minute, not actual exchange fills"
1308,2369.0,3412280.0,3412799.0,-1.0,0.209,1601.8,1573.31,1615.320331168549,1529.2607531051926,0.16738809999999998,0.16441089499999997,-0.005933541412699999,5.954410000000002,5.628544546412684,161.77757058226248,167.40611512867517,2.069361029437447,3.0,159.84413248226247,0.0,0.0,2026-06-27 00:00:00+00:00,2026-06-26 00:00:00+00:00,2026-06-27 00:01:00+00:00,59.77,0.03128504785321708,1577.86,2026-06-27 15:20:00+00:00,2026-06-27 23:59:00+00:00,2026-06-27 23:59:00+00:00,scheduled_23_59_exit,1.991876886340348,5.365197493353392,"simulated minute opens; intrabar exits only known within minute, not actual exchange fills"
1309,2372.0,3415820.0,3416373.0,1.0,0.23,1588.51,1575.55,1575.871767182587,1661.751274391966,0.18267865,0.18118825000000002,0.016715453736149306,-2.9808000000000083,-3.361382353736161,167.40611512867517,164.044732774939,2.1824608958828744,1.0,164.044732774939,0.0,0.0,2026-06-30 00:00:00+00:00,2026-06-29 00:00:00+00:00,2026-06-30 00:01:00+00:00,57.93,0.030321947835651085,1612.12,2026-06-30 02:20:00+00:00,2026-06-30 11:33:00+00:00,2026-06-30 11:34:00+00:00,stop,-1.1563884046884536,5.795214841354591,"simulated minute opens; intrabar exits only known within minute, not actual exchange fills"
1310,2373.0,3417360.0,3417973.0,-1.0,0.199,1593.76,1608.6100000000001,1608.279773709282,1523.6974959296524,0.15857912000000002,0.16005669500000003,-0.016734190590000003,-2.9551500000000273,-3.257051624410053,164.044732774939,160.78768115052895,1.9333643612631253,1.0,160.64486601651902,0.0,0.0,2026-07-01 00:00:00+00:00,2026-06-30 00:00:00+00:00,2026-07-01 00:01:00+00:00,58.98,0.030871542954370806,1571.47,2026-07-01 04:00:00+00:00,2026-07-01 14:13:00+00:00,2026-07-01 14:14:00+00:00,stop,-1.1272278699176566,4.825316528559898,"simulated minute opens; intrabar exits only known within minute, not actual exchange fills"
1311,2374.0,3418825.0,3419137.0,-1.0,0.20500000000000002,1631.53,1645.54,1645.205432564542,1561.668002270954,0.16723182500000003,0.16866785,-0.01662593378,-2.8720499999999984,-3.191323741219975,160.78768115052895,157.59635740930898,2.080157183726508,1.0,157.59635740930898,0.0,0.0,2026-07-02 00:00:00+00:00,2026-07-01 00:00:00+00:00,2026-07-02 00:01:00+00:00,56.89,0.029777586956157256,1608.87,2026-07-02 04:25:00+00:00,2026-07-02 09:37:00+00:00,2026-07-02 09:38:00+00:00,stop,-1.1383503088862792,5.108576814614684,"simulated minute opens; intrabar exits only known within minute, not actual exchange fills"
1312,2375.0,3420535.0,3420612.0,-1.0,0.149,1718.1000000000001,1737.43,1737.077051249326,1651.5653471510652,0.12799845,0.129438535,0.0,-2.880169999999989,-3.137606984999991,157.59635740930898,154.458750424309,1.6243833563686076,1.0,154.458750424309,0.0,0.0,2026-07-03 00:00:00+00:00,2026-07-02 00:00:00+00:00,2026-07-03 00:01:00+00:00,55.11,0.02884589237394668,1699.9,2026-07-03 08:55:00+00:00,2026-07-03 10:12:00+00:00,2026-07-03 10:13:00+00:00,stop,-1.1096436808510013,3.5060585532907176,"simulated minute opens; intrabar exits only known within minute, not actual exchange fills"
1313,2376.0,3422465.0,3422510.0,-1.0,0.201,1781.54,1795.1100000000001,1794.7453535852515,1708.8348828579747,0.17904477,0.18040855500000003,0.0,-2.727570000000033,-3.0870233250000183,154.458750424309,151.37172709930897,2.3183506212260747,1.0,151.10934667807902,0.0,0.0,2026-07-04 00:00:00+00:00,2026-07-03 00:00:00+00:00,2026-07-04 00:01:00+00:00,53.55,0.028029351054705946,1757.41,2026-07-04 17:05:00+00:00,2026-07-04 17:50:00+00:00,2026-07-04 17:51:00+00:00,stop,-1.1630377710713606,5.50573043520975,"simulated minute opens; intrabar exits only known within minute, not actual exchange fills"
1314,2377.0,3423475.0,3424319.0,1.0,0.20600000000000002,1755.8400000000001,1784.3500000000001,1743.3095240556415,1829.980701282227,0.18085152000000002,0.18378805000000004,0.01735042047836182,5.873059999999999,5.49107000952165,151.37172709930897,156.86279710883062,2.389501969299069,3.0,150.89238157930896,0.0,0.0,2026-07-05 00:00:00+00:00,2026-07-04 00:00:00+00:00,2026-07-05 00:01:00+00:00,52.97,0.02772576517960362,1779.94,2026-07-05 09:55:00+00:00,2026-07-05 23:59:00+00:00,2026-07-05 23:59:00+00:00,scheduled_23_59_exit,2.1272679326975465,5.916830422998103,"simulated minute opens; intrabar exits only known within minute, not actual exchange fills"
1315,2378.0,3424925.0,3425043.0,1.0,0.192,1762.47,1747.9,1748.2584548875254,1835.360595407821,0.16919712,0.16779840000000001,0.0,-2.797439999999988,-3.1344355199999825,156.86279710883062,153.72836158883064,2.1572625647190504,1.0,152.79983998883063,0.0,0.0,2026-07-06 00:00:00+00:00,2026-07-05 00:00:00+00:00,2026-07-06 00:01:00+00:00,53.08,0.027783341811088543,1785.07,2026-07-06 10:05:00+00:00,2026-07-06 12:03:00+00:00,2026-07-06 12:04:00+00:00,stop,-1.1487269590179892,5.12897048357107,"simulated minute opens; intrabar exits only known within minute, not actual exchange fills"
1316,2379.0,3425965.0,3426048.0,1.0,0.194,1775.71,1761.7,1762.0557407220615,1849.0829505060744,0.17224387000000002,0.1708849,0.0,-2.7179399999999982,-3.0610687699999914,153.72836158883064,150.66729281883065,2.2408860436656686,1.0,150.66729281883065,0.0,0.0,2026-07-07 00:00:00+00:00,2026-07-06 00:00:00+00:00,2026-07-07 00:01:00+00:00,52.63,0.02754780104592295,1798.84,2026-07-07 03:25:00+00:00,2026-07-07 04:48:00+00:00,2026-07-07 04:49:00+00:00,stop,-1.1555885001754675,5.373630968369303,"simulated minute opens; intrabar exits only known within minute, not actual exchange fills"
1317,2380.0,3427360.0,3427703.0,1.0,0.187,1748.03,1733.67,1734.026068126694,1820.7359698550165,0.163440805,0.16209814500000003,0.009798739564989487,-2.6853199999999813,-3.020657689564956,150.66729281883065,147.6466351292657,2.1695591915430352,1.0,147.6466351292657,0.0,0.0,2026-07-08 00:00:00+00:00,2026-07-07 00:00:00+00:00,2026-07-08 00:01:00+00:00,53.27,0.02788279235638069,1770.67,2026-07-08 02:40:00+00:00,2026-07-08 08:23:00+00:00,2026-07-08 08:24:00+00:00,stop,-1.1534795957990256,5.191825446795251,"simulated minute opens; intrabar exits only known within minute, not actual exchange fills"
1318,2382.0,3430200.0,3430576.0,-1.0,0.187,1766.64,1780.58,1780.215227176925,1697.424078720476,0.16518084000000002,0.16648423,-0.011120399125,-2.6067799999999677,-2.927324670874981,147.6466351292657,144.7193104583907,2.237515807324468,1.0,143.7462906188407,0.0,0.0,2026-07-10 00:00:00+00:00,2026-07-09 00:00:00+00:00,2026-07-10 00:01:00+00:00,51.99,0.027212809735465214,1744.25,2026-07-10 02:00:00+00:00,2026-07-10 08:16:00+00:00,2026-07-10 08:17:00+00:00,stop,-1.15314037997159,5.098693405085453,"simulated minute opens; intrabar exits only known within minute, not actual exchange fills"
1319,2383.0,3432440.0,3432959.0,-1.0,0.193,1818.75,1788.3400000000001,1831.4948342214705,1749.8095053811496,0.17550937500000002,0.17257481000000002,-0.022043758560799997,5.869129999999972,5.543089573560792,144.7193104583907,150.2624000319515,2.4255142516100086,3.0,142.61654484195154,0.0,0.0,2026-07-11 00:00:00+00:00,2026-07-10 00:00:00+00:00,2026-07-11 00:01:00+00:00,49.81,0.02607174558421855,1796.03,2026-07-11 15:20:00+00:00,2026-07-11 23:59:00+00:00,2026-07-11 23:59:00+00:00,scheduled_23_59_exit,2.253514707724952,5.4092892399267525,"simulated minute opens; intrabar exits only known within minute, not actual exchange fills"
1320,2384.0,3433180.0,3433853.0,-1.0,0.185,1808.55,1822.9,1822.5314284811616,1740.01817913809,0.167290875,0.16861825000000003,-0.003312957948,-2.6547500000000253,-2.98734616705201,150.2624000319515,147.2750538648995,2.22664984672716,1.0,147.2750538648995,0.0,0.0,2026-07-12 00:00:00+00:00,2026-07-11 00:00:00+00:00,2026-07-12 00:01:00+00:00,50.58,0.026474782004613014,1786.7,2026-07-12 03:40:00+00:00,2026-07-12 14:53:00+00:00,2026-07-12 14:54:00+00:00,stop,-1.154947589293711,4.901632258409692,"simulated minute opens; intrabar exits only known within minute, not actual exchange fills"
1321,2385.0,3434435.0,3435471.0,-1.0,0.15,1825.1100000000001,1758.72,1842.433397598959,1758.3586196114659,0.13688325,0.131904,-0.006698089361057175,9.958500000000015,9.696410839361079,147.2750538648995,156.97146470426057,1.8588789670458075,2.0,146.59302642939952,0.0,0.0,2026-07-13 00:00:00+00:00,2026-07-12 00:00:00+00:00,2026-07-13 00:01:00+00:00,50.99,0.026689385812875,1805.92,2026-07-13 00:35:00+00:00,2026-07-13 17:51:00+00:00,2026-07-13 17:52:00+00:00,target,3.73152775371035,3.853249918627186,"simulated minute opens; intrabar exits only known within minute, not actual exchange fills"
1322,2386.0,3436505.0,3436590.0,-1.0,0.164,1795.05,1812.33,1811.9653580516429,1729.1541958831137,0.1471941,0.14861106000000002,0.0,-2.8339199999999956,-3.1297251599999925,156.97146470426057,153.84173954426058,1.8754249414352926,1.0,152.85164520914057,0.0,0.0,2026-07-14 00:00:00+00:00,2026-07-13 00:00:00+00:00,2026-07-14 00:01:00+00:00,51.07,0.026731259726682218,1776.0,2026-07-14 11:05:00+00:00,2026-07-14 12:30:00+00:00,2026-07-14 12:31:00+00:00,stop,-1.1281871741489065,3.8956198216854245,"simulated minute opens; intrabar exits only known within minute, not actual exchange fills"
1323,2387.0,3437395.0,3438062.0,1.0,0.18,1869.48,1940.39,1854.7117287006308,1940.7785340740268,0.1682532,0.1746351,0.016842788773141392,12.763800000000014,12.404068911226858,153.84173954426058,166.24580845548743,2.18735436167625,2.0,152.59708634426056,0.0,0.0,2026-07-15 00:00:00+00:00,2026-07-14 00:00:00+00:00,2026-07-15 00:01:00+00:00,49.52,0.025919952646667386,1891.12,2026-07-15 01:55:00+00:00,2026-07-15 13:02:00+00:00,2026-07-15 13:03:00+00:00,target,4.666185537518112,4.827818546174202,"simulated minute opens; intrabar exits only known within minute, not actual exchange fills"
1324,2388.0,3439240.0,3439256.0,1.0,0.20800000000000002,1894.06,1879.99,1880.3668831443333,1966.7412584095855,0.19698224000000003,0.19551896000000002,0.0,-2.926559999999987,-3.319061199999993,166.24580845548743,162.92674725548744,2.3697709052645655,1.0,162.92674725548744,0.0,0.0,2026-07-16 00:00:00+00:00,2026-07-15 00:00:00+00:00,2026-07-16 00:01:00+00:00,49.03,0.02566347492459818,1916.91,2026-07-16 08:40:00+00:00,2026-07-16 08:56:00+00:00,2026-07-16 08:57:00+00:00,stop,-1.1653318355635343,5.30786811912058,"simulated minute opens; intrabar exits only known within minute, not actual exchange fills"
1325,2389.0,3440860.0,3440920.0,1.0,0.203,1841.8700000000001,1827.71,1828.0786791983526,1912.3489686844243,0.18694980500000002,0.18551256500000002,0.0,-2.874480000000017,-3.2469423700000277,162.92674725548744,159.6798048854874,2.2948939710536504,1.0,159.6798048854874,0.0,0.0,2026-07-17 00:00:00+00:00,2026-07-16 00:00:00+00:00,2026-07-17 00:01:00+00:00,49.2,0.025752456991438518,1863.73,2026-07-17 11:40:00+00:00,2026-07-17 12:40:00+00:00,2026-07-17 12:41:00+00:00,stop,-1.1597721661357745,5.1103857054796835,"simulated minute opens; intrabar exits only known within minute, not actual exchange fills"
1326,2392.0,3444885.0,3445919.0,1.0,0.218,1847.72,1903.32,1835.3011373835657,1920.8542538107822,0.20140148,0.20746188,0.01889252247950756,12.12079999999998,11.693044117520486,159.6798048854874,171.3728490030079,2.522566709602793,3.0,158.94820543544745,0.0,0.0,2026-07-20 00:00:00+00:00,2026-07-19 00:00:00+00:00,2026-07-20 00:01:00+00:00,49.74,0.026035105909637233,1871.49,2026-07-20 06:45:00+00:00,2026-07-20 23:59:00+00:00,2026-07-20 23:59:00+00:00,scheduled_23_59_exit,4.319060344694151,5.888965525232629,"simulated minute opens; intrabar exits only known within minute, not actual exchange fills"
1327,2393.0,3446170.0,3446419.0,-1.0,0.198,1926.6100000000001,1941.95,1941.5518431757312,1853.9217545447882,0.19073439000000003,0.19225305,-0.015794171766592164,-3.037319999999984,-3.4045132682333588,171.3728490030079,167.96833573477454,2.225958092073877,1.0,167.96833573477454,0.0,0.0,2026-07-21 00:00:00+00:00,2026-07-20 00:00:00+00:00,2026-07-21 00:01:00+00:00,50.42,0.026391034176998576,1903.5,2026-07-21 04:10:00+00:00,2026-07-21 08:19:00+00:00,2026-07-21 08:20:00+00:00,stop,-1.1507624095300266,4.86474423538819,"simulated minute opens; intrabar exits only known within minute, not actual exchange fills"
1328,2396.0,3450680.0,3451679.0,-1.0,0.212,1902.38,1861.3500000000001,1915.8603233048873,1827.3633156587466,0.20165228000000002,0.1973031,-0.013906053758399997,8.698359999999994,8.313310673758394,167.96833573477454,176.28164640853294,2.401074930198905,3.0,167.54832345477456,0.0,0.0,2026-07-24 00:00:00+00:00,2026-07-23 00:00:00+00:00,2026-07-24 00:01:00+00:00,51.63,0.027024377123332735,1877.42,2026-07-24 07:20:00+00:00,2026-07-24 23:59:00+00:00,2026-07-24 23:59:00+00:00,scheduled_23_59_exit,2.9089606166183986,5.564902461505269,"simulated minute opens; intrabar exits only known within minute, not actual exchange fills"
1329,2398.0,3454035.0,3454056.0,-1.0,0.215,1898.15,1912.5900000000001,1912.206084955773,1824.0616546618232,0.20405112500000003,0.205603425,0.0,-3.1046000000000116,-3.5142545500000324,176.28164640853294,172.7673918585329,2.3150580807160295,1.0,172.28284528353296,0.0,0.0,2026-07-26 00:00:00+00:00,2026-07-25 00:00:00+00:00,2026-07-26 00:01:00+00:00,51.52,0.02696680049184781,1873.92,2026-07-26 15:15:00+00:00,2026-07-26 15:36:00+00:00,2026-07-26 15:37:00+00:00,stop,-1.162867900374147,5.270909045533972,"simulated minute opens; intrabar exits only known within minute, not actual exchange fills"
1330,2399.0,3454930.0,3455930.0,-1.0,0.12,1967.5900000000001,1902.01,1993.8487948334448,1901.6274253215167,0.1180554,0.1141206,-0.022942958628,7.869600000000018,7.660366958628003,172.7673918585329,180.4277588171609,1.3666398355618783,2.0,171.52616383389292,0.0,0.0,2026-07-27 00:00:00+00:00,2026-07-26 00:00:00+00:00,2026-07-27 00:01:00+00:00,51.7,0.02706101679791405,1953.79,2026-07-27 06:10:00+00:00,2026-07-27 22:50:00+00:00,2026-07-27 22:51:00+00:00,target,2.4310480251208815,2.5120183579205935,"simulated minute opens; intrabar exits only known within minute, not actual exchange fills"
1331,2400.0,3456825.0,3457439.0,1.0,0.202,1868.93,1920.64,1853.315031735569,1943.4960571983024,0.18876193000000002,0.19398464,0.010918508660083766,10.445420000000007,10.05175492133992,180.4277588171609,190.47951373850083,2.0923823610898435,3.0,177.85160116576088,0.0,0.0,2026-07-28 00:00:00+00:00,2026-07-27 00:00:00+00:00,2026-07-28 00:01:00+00:00,51.87,0.027149998864754384,1891.44,2026-07-28 13:45:00+00:00,2026-07-28 23:59:00+00:00,2026-07-28 23:59:00+00:00,scheduled_23_59_exit,3.186760429752507,4.775293547547847,"simulated minute opens; intrabar exits only known within minute, not actual exchange fills"
1332,2401.0,3457660.0,3458631.0,1.0,0.187,1899.6200000000001,1881.18,1881.5569562198393,1975.1917672068441,0.17761447000000002,0.17589033,0.0322915544638987,-3.4482800000000102,-3.8340763544639174,190.47951373850083,186.6454373840369,1.8649193975141858,1.0,186.6454373840369,0.0,0.0,2026-07-29 00:00:00+00:00,2026-07-28 00:00:00+00:00,2026-07-29 00:01:00+00:00,53.02,0.027751936375733133,1921.13,2026-07-29 03:40:00+00:00,2026-07-29 19:51:00+00:00,2026-07-29 19:52:00+00:00,stop,-1.1350845604411304,4.183778112183221,"simulated minute opens; intrabar exits only known within minute, not actual exchange fills"
1333,2404.0,3462905.0,3463199.0,1.0,0.251,1837.98,1843.98,1825.3440129254616,1911.2556243596794,0.23066649,0.23141949,0.0,1.506,1.0439140199999883,186.6454373840369,187.6893514040369,2.471707781695049,3.0,185.0060343679169,0.0,0.0,2026-08-01 00:00:00+00:00,2026-07-31 00:00:00+00:00,2026-08-01 00:01:00+00:00,50.21,0.026281115153254632,1861.68,2026-08-01 19:05:00+00:00,2026-08-01 23:59:00+00:00,2026-08-01 23:59:00+00:00,scheduled_23_59_exit,0.32914088748795856,5.798963225225991,"simulated minute opens; intrabar exits only known within minute, not actual exchange fills"
1334,2405.0,3463720.0,3464321.0,-1.0,0.214,1866.0900000000001,1881.7,1881.3164350901395,1795.7798357974586,0.19967163000000002,0.20134190000000002,-0.0057010502652,-3.3405399999999785,-3.7358524797348025,187.6893514040369,183.9534989243021,2.1276820289092373,1.0,183.4199324760621,0.0,0.0,2026-08-02 00:00:00+00:00,2026-08-01 00:00:00+00:00,2026-08-02 00:01:00+00:00,50.8,0.026589935267582857,1844.17,2026-08-02 08:40:00+00:00,2026-08-02 18:41:00+00:00,2026-08-02 18:42:00+00:00,stop,-1.1465096376699042,4.6176379294503604,"simulated minute opens; intrabar exits only known within minute, not actual exchange fills"
1335,2406.0,3464905.0,3465044.0,1.0,0.25,1860.39,1847.56,1847.9320777837281,1934.073989309814,0.23254875000000003,0.230945,0.0,-3.2075000000000387,-3.6709937500000365,183.9534989243021,180.28250517430206,2.528342775319486,1.0,180.28250517430206,0.0,0.0,2026-08-03 00:00:00+00:00,2026-08-02 00:00:00+00:00,2026-08-03 00:01:00+00:00,49.74,0.026035105909637233,1884.37,2026-08-03 04:25:00+00:00,2026-08-03 06:44:00+00:00,2026-08-03 06:45:00+00:00,stop,-1.1786857186201238,5.914629103525069,"simulated minute opens; intrabar exits only known within minute, not actual exchange fills"
1336,2408.0,3468515.0,3468578.0,-1.0,0.23900000000000002,1891.57,1904.69,1904.3080148647268,1822.7113126341956,0.22604261500000003,0.22761045500000004,0.0,-3.1356800000000287,-3.5893330700000377,180.28250517430206,176.69317210430202,2.507648923354552,1.0,176.69317210430202,0.0,0.0,2026-08-05 00:00:00+00:00,2026-08-04 00:00:00+00:00,2026-08-05 00:01:00+00:00,47.81,0.02502489773903812,1868.9,2026-08-05 16:35:00+00:00,2026-08-05 17:38:00+00:00,2026-08-05 17:39:00+00:00,stop,-1.179000822301376,5.405762836443411,"simulated minute opens; intrabar exits only known within minute, not actual exchange fills"
1337,2410.0,3471155.0,3471839.0,-1.0,0.17300000000000001,1921.3,1913.46,1939.305762229754,1855.9204358855848,0.16619245000000002,0.16551429,-0.0120219235375,1.356319999999986,1.03663518353747,176.69317210430202,177.7298072878395,1.881141733104396,3.0,174.13438965430197,0.0,0.0,2026-08-07 00:00:00+00:00,2026-08-06 00:00:00+00:00,2026-08-07 00:01:00+00:00,47.98,0.025113879805878453,1903.12,2026-08-07 12:35:00+00:00,2026-08-07 23:59:00+00:00,2026-08-07 23:59:00+00:00,scheduled_23_59_exit,0.33278851575625157,3.6310356251609917,"simulated minute opens; intrabar exits only known within minute, not actual exchange fills"
1338,2414.0,3476895.0,3477599.0,-1.0,0.20400000000000001,1894.1200000000001,1882.38,1909.213621350352,1824.2123871645451,0.19320024000000005,0.19200276000000002,-0.02060905911023694,2.394960000000002,2.0303660591102073,177.7298072878395,179.7601733469497,2.174089343236677,3.0,177.42440704783948,0.0,0.0,2026-08-11 00:00:00+00:00,2026-08-10 00:00:00+00:00,2026-08-11 00:01:00+00:00,49.72,0.026024637431185424,1872.31,2026-08-11 12:15:00+00:00,2026-08-11 23:59:00+00:00,2026-08-11 23:59:00+00:00,scheduled_23_59_exit,0.6594027085042647,4.631599747520176,"simulated minute opens; intrabar exits only known within minute, not actual exchange fills"
1339,2415.0,3478370.0,3479039.0,-1.0,0.222,1904.73,1879.75,1918.5743134305876,1833.8617076254861,0.21142502999999999,0.20865225,-0.024047755194397603,5.5455600000000045,5.14953047519441,179.7601733469497,184.9097038221441,2.3523011361580624,3.0,177.81174649306973,0.0,0.0,2026-08-12 00:00:00+00:00,2026-08-11 00:00:00+00:00,2026-08-12 00:01:00+00:00,49.3,0.025804799383697535,1881.8,2026-08-12 12:50:00+00:00,2026-08-12 23:59:00+00:00,2026-08-12 23:59:00+00:00,scheduled_23_59_exit,1.6754953821218088,5.1189459650586695,"simulated minute opens; intrabar exits only known within minute, not actual exchange fills"
1340,2420.0,3485005.0,3485209.0,-1.0,0.245,1897.76,1910.89,1910.5077366441242,1829.1814721034712,0.2324756,0.234084025,0.0,-3.2168500000000266,-3.6834096250000243,184.9097038221441,181.22629419714409,2.5144770143984143,1.0,181.22629419714409,0.0,0.0,2026-08-17 00:00:00+00:00,2026-08-16 00:00:00+00:00,2026-08-17 00:01:00+00:00,47.49,0.024857402083809252,1875.22,2026-08-17 03:25:00+00:00,2026-08-17 06:49:00+00:00,2026-08-17 06:50:00+00:00,stop,-1.179372105002645,5.379663057923206,"simulated minute opens; intrabar exits only known within minute, not actual exchange fills"
1341,2421.0,3486410.0,3487679.0,1.0,0.188,1895.26,1915.99,1878.2563750067402,1959.6093649679626,0.17815444,0.18010306,0.023881862977581422,3.8972400000000036,3.5151006370224422,181.22629419714409,184.74139483416653,1.9660992439231537,3.0,179.0937485951841,0.0,0.0,2026-08-18 00:00:00+00:00,2026-08-17 00:00:00+00:00,2026-08-18 00:01:00+00:00,46.29,0.024229293376700992,1912.7,2026-08-18 02:50:00+00:00,2026-08-18 23:59:00+00:00,2026-08-18 23:59:00+00:00,scheduled_23_59_exit,1.0996092786897358,3.784449786058597,"simulated minute opens; intrabar exits only known within minute, not actual exchange fills"
1342,2422.0,3488455.0,3488573.0,-1.0,0.192,1935.3,1952.51,1952.110333430658,1871.3943312624824,0.1857888,0.18744096,0.0,-3.3043200000000073,-3.677549760000005,184.74139483416653,181.06384507416652,2.011339149699218,1.0,181.06384507416652,0.0,0.0,2026-08-19 00:00:00+00:00,2026-08-18 00:00:00+00:00,2026-08-19 00:01:00+00:00,46.1,0.024129842831408854,1917.1,2026-08-19 12:55:00+00:00,2026-08-19 14:53:00+00:00,2026-08-19 14:54:00+00:00,stop,-1.1394125571041767,3.8015705637919375,"simulated minute opens; intrabar exits only known within minute, not actual exchange fills"
1343,2423.0,3489620.0,3489811.0,-1.0,0.149,2277.55,2299.56,2299.094328984726,2191.067926883673,0.16967747500000002,0.17131722,0.0,-3.2794899999999645,-3.620484694999959,181.06384507416652,177.44336037916656,1.8742281202577746,1.0,175.9884927539166,0.0,0.0,2026-08-20 00:00:00+00:00,2026-08-19 00:00:00+00:00,2026-08-20 00:01:00+00:00,52.54,0.027500692892889828,2252.16,2026-08-20 08:20:00+00:00,2026-08-20 11:31:00+00:00,2026-08-20 11:32:00+00:00,stop,-1.1278399534850496,4.0141455868799705,"simulated minute opens; intrabar exits only known within minute, not actual exchange fills"
1344,2424.0,3490660.0,3490667.0,-1.0,0.169,2356.59,2375.16,2374.6848498473582,2263.0445247612956,0.19913185500000002,0.20070102,0.0,-3.138329999999951,-3.538162874999955,177.44336037916656,173.9051975041666,2.244455409032931,1.0,173.9051975041666,0.0,0.0,2026-08-21 00:00:00+00:00,2026-08-20 00:00:00+00:00,2026-08-21 00:01:00+00:00,52.57,0.02751639561056754,2326.18,2026-08-21 01:40:00+00:00,2026-08-21 01:47:00+00:00,2026-08-21 01:48:00+00:00,stop,-1.1570073903131304,5.169729289152541,"simulated minute opens; intrabar exits only known within minute, not actual exchange fills"
1345,2426.0,3493735.0,3493748.0,1.0,0.161,2386.48,2367.33,2367.8102595242985,2494.7444101099636,0.19211164,0.190570065,0.0,-3.083150000000015,-3.465831705000028,173.9051975041666,170.43936579916658,2.20938353490438,1.0,170.43936579916658,0.0,0.0,2026-08-23 00:00:00+00:00,2026-08-22 00:00:00+00:00,2026-08-23 00:01:00+00:00,57.01,0.029840397826868082,2421.4,2026-08-23 04:55:00+00:00,2026-08-23 05:08:00+00:00,2026-08-23 05:09:00+00:00,stop,-1.1530371848509235,5.79892421380302,"simulated minute opens; intrabar exits only known within minute, not actual exchange fills"
1346,2427.0,3495005.0,3496319.0,1.0,0.105,2434.5,2480.23,2404.9612911384984,2541.557996961424,0.12781125000000002,0.130212075,0.051871785000000004,4.801650000000001,4.4917548899999815,170.43936579916658,174.93112068916656,1.4997855618707656,3.0,169.38188373541655,0.0,0.0,2026-08-24 00:00:00+00:00,2026-08-23 00:00:00+00:00,2026-08-24 00:01:00+00:00,60.31,0.03156769677141579,2462.58,2026-08-24 02:05:00+00:00,2026-08-24 23:59:00+00:00,2026-08-24 23:59:00+00:00,scheduled_23_59_exit,1.4482223376985188,3.624328925931997,"simulated minute opens; intrabar exits only known within minute, not actual exchange fills"
1347,2428.0,3496465.0,3497759.0,-1.0,0.127,2514.18,2441.53,2538.6069026917025,2406.287016698907,0.15965043,0.155037155,-0.04451384804947998,9.226549999999953,8.956376263049407,174.93112068916656,183.88749695221597,1.825294771691097,3.0,172.56421025916654,0.0,0.0,2026-08-25 00:00:00+00:00,2026-08-24 00:00:00+00:00,2026-08-25 00:01:00+00:00,58.44,0.03058889403617209,2481.03,2026-08-25 02:25:00+00:00,2026-08-25 23:59:00+00:00,2026-08-25 23:59:00+00:00,scheduled_23_59_exit,2.887089232336506,4.4169735583276335,"simulated minute opens; intrabar exits only known within minute, not actual exchange fills"
1348,2429.0,3498935.0,3499048.0,-1.0,0.14300000000000002,2475.43,2498.6,2498.1002295656544,2368.520758855617,0.176993245,0.1786499,0.0,-3.3133100000000106,-3.6689531450000175,183.88749695221597,180.21854380721595,1.9250166317288284,1.0,180.21854380721595,0.0,0.0,2026-08-26 00:00:00+00:00,2026-08-25 00:00:00+00:00,2026-08-26 00:01:00+00:00,58.15,0.03043710109862093,2441.72,2026-08-26 19:35:00+00:00,2026-08-26 21:28:00+00:00,2026-08-26 21:29:00+00:00,stop,-1.13174923640255,4.715842900256754,"simulated minute opens; intrabar exits only known within minute, not actual exchange fills"
1349,2430.0,3499785.0,3500639.0,-1.0,0.148,2540.2000000000003,2510.38,2561.4142099265514,2433.2042929544377,0.18797480000000003,0.18576812,-0.0040363720024,4.413360000000024,4.043653452002417,180.21854380721595,184.26219725921837,2.0860761165741204,3.0,179.396961503776,0.0,0.0,2026-08-27 00:00:00+00:00,2026-08-26 00:00:00+00:00,2026-08-27 00:01:00+00:00,56.06,0.02934314510040738,2505.66,2026-08-27 09:45:00+00:00,2026-08-27 23:59:00+00:00,2026-08-27 23:59:00+00:00,scheduled_23_59_exit,1.287909513406138,5.0435867004243065,"simulated minute opens; intrabar exits only known within minute, not actual exchange fills"
1350,2431.0,3501500.0,3501601.0,1.0,0.107,2485.55,2453.63,2454.1277038535723,2585.8549793057787,0.132976925,0.131269205,0.014860489239,-3.415440000000008,-3.69454661923902,184.26219725921837,180.56765063997935,1.4433446141199464,1.0,180.56765063997935,0.0,0.0,2026-08-28 00:00:00+00:00,2026-08-27 00:00:00+00:00,2026-08-28 00:01:00+00:00,57.08,0.029877037501449398,2509.74,2026-08-28 14:20:00+00:00,2026-08-28 16:01:00+00:00,2026-08-28 16:02:00+00:00,stop,-1.0988526400520662,3.192159441129229,"simulated minute opens; intrabar exits only known within minute, not actual exchange fills"
1351,2433.0,3504765.0,3504946.0,-1.0,0.159,2486.66,2392.14,2506.285358591118,2391.6544762899944,0.19768947,0.19017513,0.0,15.028679999999998,14.640815400000008,180.56765063997935,195.20846603997936,2.189644372060404,2.0,178.33651633281937,0.0,0.0,2026-08-30 00:00:00+00:00,2026-08-29 00:00:00+00:00,2026-08-30 00:01:00+00:00,51.11,0.026752196683585822,2456.5,2026-08-30 20:45:00+00:00,2026-08-30 23:46:00+00:00,2026-08-30 23:47:00+00:00,target,4.691919364045305,4.840957339398743,"simulated minute opens; intrabar exits only known within minute, not actual exchange fills"
1352,2434.0,3505515.0,3505841.0,-1.0,0.16,2443.79,2465.63,2465.134379752039,2350.985453596892,0.1955032,0.19725040000000002,0.0,-3.4944000000000233,-3.887153600000005,195.20846603997936,191.32131243997935,2.0030196841971013,1.0,190.78445697597934,0.0,0.0,2026-08-31 00:00:00+00:00,2026-08-30 00:00:00+00:00,2026-08-31 00:01:00+00:00,51.76,0.02709242223326946,2415.55,2026-08-31 09:15:00+00:00,2026-08-31 14:41:00+00:00,2026-08-31 14:42:00+00:00,stop,-1.1382251572655413,4.347961734247274,"simulated minute opens; intrabar exits only known within minute, not actual exchange fills"
