trade_id,entry_index,exit_index,side,quantity,entry_price,exit_price,entry_fee,exit_fee,funding_paid,gross_pnl,net_pnl,balance_after,reason_code,equity_before,entry_leverage,exit_epoch_upper_bound,signal_available_utc,entry_utc_simulated,exit_bar_open_utc,exit_utc_upper_bound,exit_reason,timestamp_precision,initial_stop,initial_target,target_r,realized_net_r
1,1972800.0,1974107.0,1.0,0.9460000000000001,27987.0,27418.9,13.237851000000001,12.969139700000001,1.3467753332030608,-537.4225999999986,-564.9763660332017,9435.023633966797,1.0,10000.0,2.6475702,1696283280.0,2023-10-02T00:00:00Z,2023-10-02T00:00:00Z,2023-10-02T21:47:00Z,2023-10-02T21:48:00Z,stop,within_minute_not_exact_tick,27392.710015811608,35118.47981026069,12.0,-1.0049413896613364
2,1976220.0,1977660.0,1.0,0.9390000000000001,27510.4,27628.5,12.916132800000002,12.971580750000001,-2.833243076174362,110.89589999999863,87.84142952617299,9522.86506349297,4.0,9435.023633966797,2.737912124247564,1696496400.0,2023-10-04T09:00:00Z,2023-10-04T09:00:00Z,2023-10-05T09:00:00Z,2023-10-05T09:00:00Z,timeout,simulated_bar_open_or_final_close,26946.764385349525,34274.02737580573,12.0,0.16597220941883845
3,1977960.0,1978057.0,1.0,1.022,27982.2,27457.0,14.2989042,14.030527000000001,0.0,-536.7544000000007,-565.0838312000008,8957.78123229297,1.0,9522.86506349297,3.0030676912175394,1696520280.0,2023-10-05T14:00:00Z,2023-10-05T14:00:00Z,2023-10-05T15:37:00Z,2023-10-05T15:38:00Z,stop,within_minute_not_exact_tick,27462.588283215744,34217.54060141106,12.0,-1.0641014860516993
4,1979040.0,1980480.0,1.0,1.032,27632.4,27872.5,14.258318400000002,14.38221,0.9334989668748226,247.78319999999852,218.20917263312367,9175.990404926093,4.0,8957.78123229297,3.1834486755712446,1696665600.0,2023-10-06T08:00:00Z,2023-10-06T08:00:00Z,2023-10-07T08:00:00Z,2023-10-07T08:00:00Z,timeout,simulated_bar_open_or_final_close,27150.663223271884,33413.2413207374,12.0,0.43891811244641116
5,1980540.0,1981980.0,1.0,0.77,27998.7,27894.7,10.7794995,10.7394595,0.7246736100413171,-80.08,-102.32363261004132,9073.666772316052,4.0,9175.990404926093,2.3495010400649656,1696755600.0,2023-10-07T09:00:00Z,2023-10-07T09:00:00Z,2023-10-08T09:00:00Z,2023-10-08T09:00:00Z,timeout,simulated_bar_open_or_final_close,27415.31936679206,34999.26759849528,12.0,-0.22778924598124042
6,1982760.0,1983469.0,1.0,0.445,27909.600000000002,27538.5,6.209886000000001,6.12731625,0.9306235173073018,-165.13950000000096,-178.4073257673083,8895.259446548744,1.0,9073.666772316052,1.3687710064351257,1696845000.0,2023-10-08T22:00:00Z,2023-10-08T22:00:00Z,2023-10-09T09:49:00Z,2023-10-09T09:50:00Z,stop,within_minute_not_exact_tick,27544.07874987192,32295.855001537002,12.0,-1.0968318221237592
7,1984500.0,1985914.0,1.0,1.014,27673.800000000003,27181.2,14.030616600000002,13.780868400000001,3.437282869875676,-499.4964000000022,-530.745167869878,8364.514278678866,1.0,8895.259446548744,3.1546278519045816,1696991700.0,2023-10-10T03:00:00Z,2023-10-10T03:00:00Z,2023-10-11T02:34:00Z,2023-10-11T02:35:00Z,stop,within_minute_not_exact_tick,27186.64147520145,33519.702297582655,12.0,-1.0744291614970718
8,1986000.0,1987440.0,-1.0,0.93,26995.2,26841.4,12.552768000000002,12.481251000000002,-6.164801297897041,143.03399999999934,124.16478229789637,8488.679060976761,4.0,8364.514278678866,3.00143381475168,1697083200.0,2023-10-11T04:00:00Z,2023-10-11T04:00:00Z,2023-10-12T04:00:00Z,2023-10-12T04:00:00Z,timeout,simulated_bar_open_or_final_close,27496.59337761997,20978.479468560352,12.0,0.2662789828490363
9,1987800.0,1989240.0,-1.0,0.992,26726.7,26731.100000000002,13.2564432,13.258625600000002,-3.0840656247710077,-4.364800000001443,-27.79580317523044,8460.883257801532,4.0,8488.679060976761,3.1233229822390363,1697191200.0,2023-10-12T10:00:00Z,2023-10-12T10:00:00Z,2023-10-13T10:00:00Z,2023-10-13T10:00:00Z,timeout,simulated_bar_open_or_final_close,27202.06480803029,21022.322303636538,12.0,-0.05894412544832548
10,1992360.0,1992660.0,-1.0,0.744,26844.300000000003,27058.4,9.986079600000002,10.0657248,-0.44486571830448235,-159.29039999999893,-178.89733868169446,8281.985919119837,1.0,8460.883257801532,2.3605288705034737,1697396460.0,2023-10-15T14:00:00Z,2023-10-15T14:00:00Z,2023-10-15T19:00:00Z,2023-10-15T19:01:00Z,stop,within_minute_not_exact_tick,27052.930095759795,24340.738850882484,12.0,-1.152534639505823
11,1993320.0,1993772.0,1.0,0.777,27909.0,29514.4,10.8426465,11.466344400000002,0.006056261232000001,1247.3958000000011,1225.080752838769,9507.066671958606,1.0,8281.985919119837,2.6183687356841814,1697463180.0,2023-10-16T06:00:00Z,2023-10-16T06:00:00Z,2023-10-16T13:32:00Z,2023-10-16T13:33:00Z,stop,within_minute_not_exact_tick,27309.199450101023,35106.60659878771,12.0,2.6286746583502825
12,1993800.0,1995240.0,1.0,0.432,27992.100000000002,28270.800000000003,6.0462936,6.106492800000001,1.377118558944,120.39840000000031,106.8684950410563,9613.935166999663,4.0,9507.066671958606,1.2719577570300908,1697551200.0,2023-10-16T14:00:00Z,2023-10-16T14:00:00Z,2023-10-17T14:00:00Z,2023-10-17T14:00:00Z,timeout,simulated_bar_open_or_final_close,26713.605585727517,43334.032971269815,12.0,0.19349382585982625
13,1995360.0,1996800.0,1.0,0.611,28451.4,28229.7,8.6919027,8.624173350000001,-0.507752364061667,-135.45870000000045,-152.26702368593877,9461.668143313724,4.0,9613.935166999663,1.8081883326684816,1697644800.0,2023-10-17T16:00:00Z,2023-10-17T16:00:00Z,2023-10-18T16:00:00Z,2023-10-18T16:00:00Z,timeout,simulated_bar_open_or_final_close,27548.467570794546,39286.58915046547,12.0,-0.2760002003917128
14,1997940.0,1999380.0,1.0,0.741,28466.7,29831.0,10.546912350000001,11.0523855,-3.8894064282686798,1010.9462999999995,993.2364085782682,10454.904551891992,4.0,9461.668143313724,2.2293980702447667,1697799600.0,2023-10-19T11:00:00Z,2023-10-19T11:00:00Z,2023-10-20T11:00:00Z,2023-10-20T11:00:00Z,timeout,simulated_bar_open_or_final_close,27936.30047230905,34831.49433229143,12.0,2.527151593463746
15,1999440.0,2000880.0,1.0,0.639,29835.9,29788.600000000002,9.53257005,9.517457700000001,1.0364117681229938,-30.224699999999537,-50.31113951812253,10404.593412373872,4.0,10454.904551891992,1.8235594600956773,1697889600.0,2023-10-20T12:00:00Z,2023-10-20T12:00:00Z,2023-10-21T12:00:00Z,2023-10-21T12:00:00Z,timeout,simulated_bar_open_or_final_close,28897.516326971014,41096.50407634785,12.0,-0.08390403617690811
16,2001060.0,2002500.0,1.0,0.9510000000000001,29873.800000000003,29856.2,14.204991900000003,14.196623100000002,3.118947780186269,-16.737600000002075,-48.25816278018835,10356.335249593682,4.0,10404.593412373872,2.730523209702059,1697986800.0,2023-10-21T15:00:00Z,2023-10-21T15:00:00Z,2023-10-22T15:00:00Z,2023-10-22T15:00:00Z,timeout,simulated_bar_open_or_final_close,29260.031369283344,37239.02356859991,12.0,-0.08267716550356655
17,2003040.0,2004403.0,1.0,0.618,29987.4,34681.4,9.2661066,10.716552600000002,3.4602965414285434,2900.892,2877.449044258571,13233.784293852255,1.0,10356.335249593682,1.789456671048486,1698100980.0,2023-10-23T00:00:00Z,2023-10-23T00:00:00Z,2023-10-23T22:43:00Z,2023-10-23T22:43:00Z,stop,simulated_bar_open_or_final_close,29388.63524186743,37172.57709759087,12.0,7.776119672071593
18,2004420.0,2005860.0,1.0,0.34400000000000003,33365.5,34145.700000000004,5.738866000000001,5.873060400000002,3.4662639468752885,268.38880000000154,253.31060965312628,13487.094903505384,4.0,13233.784293852255,0.8673053561355064,1698188400.0,2023-10-23T23:00:00Z,2023-10-23T23:00:00Z,2023-10-24T23:00:00Z,2023-10-24T23:00:00Z,timeout,simulated_bar_open_or_final_close,31104.96404221999,60491.93149336013,12.0,0.32574932010388696
19,2006760.0,2008200.0,1.0,0.47600000000000003,34490.0,34160.5,8.208620000000002,8.130199000000001,4.949284354338269,-156.842,-178.13010335433827,13308.964800151047,4.0,13487.094903505384,1.2172554666114979,1698328800.0,2023-10-25T14:00:00Z,2023-10-25T14:00:00Z,2023-10-26T14:00:00Z,2023-10-26T14:00:00Z,timeout,simulated_bar_open_or_final_close,32840.68372457311,54281.795305122694,12.0,-0.22689578207777839
20,2009580.0,2011020.0,1.0,0.836,34144.9,34029.0,14.2725682,14.224122,8.523160001214848,-96.89240000000122,-133.91225020121607,13175.05254994983,4.0,13308.964800151047,2.144805161681398,1698498000.0,2023-10-27T13:00:00Z,2023-10-27T13:00:00Z,2023-10-28T13:00:00Z,2023-10-28T13:00:00Z,timeout,simulated_bar_open_or_final_close,33237.804491064395,45030.04610722725,12.0,-0.17658792915150565
21,2012220.0,2013660.0,1.0,1.178,34264.9,34378.6,20.182026099999998,20.248995400000002,12.154822421911597,133.93859999999657,81.35275607808498,13256.405306027917,4.0,13175.05254994983,3.063672956670955,1698656400.0,2023-10-29T09:00:00Z,2023-10-29T09:00:00Z,2023-10-30T09:00:00Z,2023-10-30T09:00:00Z,timeout,simulated_bar_open_or_final_close,33767.968446600404,40228.07864079519,12.0,0.13897299157190288
22,2013780.0,2015220.0,1.0,1.0210000000000001,34547.8,34447.0,17.636651900000004,17.585193500000003,10.546666917889604,-102.91680000000298,-148.6853123178926,13107.719993710023,4.0,13256.405306027917,2.660849829626183,1698750000.0,2023-10-30T11:00:00Z,2023-10-30T11:00:00Z,2023-10-31T11:00:00Z,2023-10-31T11:00:00Z,timeout,simulated_bar_open_or_final_close,33817.687295069096,43309.1524591709,12.0,-0.19945844161520895
23,2015280.0,2016720.0,1.0,0.966,34511.1,34436.0,16.6688613,16.632588,9.988599022884259,-72.54659999999859,-115.83664832288285,12991.88334538714,4.0,13107.719993710023,2.5433654835469257,1698840000.0,2023-10-31T12:00:00Z,2023-10-31T12:00:00Z,2023-11-01T12:00:00Z,2023-11-01T12:00:00Z,timeout,simulated_bar_open_or_final_close,33745.6707916648,43696.25050002234,12.0,-0.15666205746286233
24,2016780.0,2016893.0,1.0,1.028,34832.4,34116.5,17.9038536,17.535881,0.0,-735.9452000000015,-771.3849346000015,12220.498410787137,1.0,12991.88334538714,2.756159845963656,1698850440.0,2023-11-01T13:00:00Z,2023-11-01T13:00:00Z,2023-11-01T14:53:00Z,2023-11-01T14:54:00Z,stop,within_minute_not_exact_tick,34123.36019946385,43340.877606433816,12.0,-1.0582966561716198
25,2017140.0,2018580.0,1.0,0.727,34586.3,34837.9,12.572120050000002,12.663576650000001,7.659707659483041,182.91319999999894,150.01779564051589,12370.516206427654,4.0,12220.498410787137,2.0575462026822877,1698951600.0,2023-11-01T19:00:00Z,2023-11-01T19:00:00Z,2023-11-02T19:00:00Z,2023-11-02T19:00:00Z,timeout,simulated_bar_open_or_final_close,33626.68871581928,46101.63541016869,12.0,0.2150369158340923
26,2019780.0,2021220.0,1.0,0.6890000000000001,34722.0,34723.3,11.961729000000002,11.962176850000002,7.180902405639365,0.8957000000020053,-30.209108255637364,12340.307098172018,4.0,12370.516206427654,1.93390943439931,1699110000.0,2023-11-03T15:00:00Z,2023-11-03T15:00:00Z,2023-11-04T15:00:00Z,2023-11-04T15:00:00Z,timeout,simulated_bar_open_or_final_close,33693.64822546383,47062.22129443402,12.0,-0.04263605185789469
27,2021700.0,2023070.0,1.0,1.098,35178.9,34547.4,19.3132161,18.966522600000005,11.544322927243016,-693.3870000000001,-743.211061627243,11597.096036544774,1.0,12340.307098172018,3.130102994415899,1699221060.0,2023-11-04T23:00:00Z,2023-11-04T23:00:00Z,2023-11-05T21:50:00Z,2023-11-05T21:51:00Z,stop,within_minute_not_exact_tick,34554.34601162028,42673.5478605567,12.0,-1.0837767717458016
28,2023800.0,2025240.0,1.0,0.8260000000000001,35147.1,34792.200000000004,14.5157523,14.369178600000003,8.680371734021136,-293.14739999999523,-330.71270263401635,11266.383333910759,4.0,11597.096036544774,2.5033426047793266,1699351200.0,2023-11-06T10:00:00Z,2023-11-06T10:00:00Z,2023-11-07T10:00:00Z,2023-11-07T10:00:00Z,timeout,simulated_bar_open_or_final_close,34354.70254305074,44655.869483391056,12.0,-0.5052749363418179
29,2025780.0,2027220.0,1.0,0.767,35405.9,35599.5,13.578162650000001,13.65240825,8.12085794,148.49119999999888,113.13977115999887,11379.523105070759,4.0,11266.383333910759,2.4103853468452474,1699470000.0,2023-11-07T19:00:00Z,2023-11-07T19:00:00Z,2023-11-08T19:00:00Z,2023-11-08T19:00:00Z,timeout,simulated_bar_open_or_final_close,34574.61701440666,45381.29582712014,12.0,0.17744797205816817
30,2027280.0,2028488.0,1.0,0.799,35638.0,36884.5,14.237381000000001,14.735357750000002,11.709029645110595,995.9535000000001,955.2717316048894,12334.794836675648,1.0,11379.523105070759,2.5022807842721932,1699546140.0,2023-11-08T20:00:00Z,2023-11-08T20:00:00Z,2023-11-09T16:08:00Z,2023-11-09T16:09:00Z,stop,within_minute_not_exact_tick,34833.99365224505,45286.07617305939,12.0,1.4870332156275077
31,2029680.0,2031120.0,1.0,0.532,37106.4,37006.6,9.8703024,9.843755600000001,7.2306835476960005,-53.09360000000155,-80.03834154769756,12254.756495127951,4.0,12334.794836675648,1.600399930552902,1699704000.0,2023-11-10T12:00:00Z,2023-11-10T12:00:00Z,2023-11-11T12:00:00Z,2023-11-11T12:00:00Z,timeout,simulated_bar_open_or_final_close,35769.75586250487,53146.12964994159,12.0,-0.11255651837888736
32,2032800.0,2034240.0,1.0,0.27,37185.8,36864.3,5.0200830000000005,4.9766805000000005,9.111097211157078,-86.805,-105.91286071115708,12148.843634416793,4.0,12254.756495127951,0.8192872705379016,1699891200.0,2023-11-12T16:00:00Z,2023-11-12T16:00:00Z,2023-11-13T16:00:00Z,2023-11-13T16:00:00Z,timeout,simulated_bar_open_or_final_close,36530.98430329587,45043.58836044964,12.0,-0.5990538352396967
33,2035140.0,2035653.0,1.0,0.155,36684.3,35955.5,2.8430332500000004,2.78655125,0.931290110725,-112.96400000000045,-119.52487461072546,12029.318759806069,1.0,12148.843634416793,0.46803355702857075,1699976040.0,2023-11-14T07:00:00Z,2023-11-14T07:00:00Z,2023-11-14T15:33:00Z,2023-11-14T15:34:00Z,stop,within_minute_not_exact_tick,35962.71658991074,45343.300921071095,12.0,-1.0686612420865065
34,2036700.0,2038140.0,1.0,0.683,35818.8,37320.5,12.2321202,12.744950750000003,8.96351946364765,1025.661099999998,991.7205095863502,13021.039269392419,4.0,12029.318759806069,2.0337178595468863,1700125200.0,2023-11-15T09:00:00Z,2023-11-15T09:00:00Z,2023-11-16T09:00:00Z,2023-11-16T09:00:00Z,timeout,simulated_bar_open_or_final_close,34813.37675773519,47883.878907177765,12.0,1.4441744944593295
35,2041440.0,2042880.0,1.0,0.9540000000000001,36679.4,36567.700000000004,17.4960738,17.442792900000004,13.970519095893986,-106.56179999999723,-155.47118579589124,12865.568083596529,4.0,13021.039269392419,2.68735443277968,1700409600.0,2023-11-18T16:00:00Z,2023-11-18T16:00:00Z,2023-11-19T16:00:00Z,2023-11-19T16:00:00Z,timeout,simulated_bar_open_or_final_close,35912.16227272968,45886.25272724387,12.0,-0.21240835037596434
36,2043060.0,2044500.0,1.0,1.248,36859.200000000004,37540.1,23.0001408,23.4250224,13.991615040000001,849.7631999999927,789.3464217599926,13654.91450535652,4.0,12865.568083596529,3.5754566997045316,1700506800.0,2023-11-19T19:00:00Z,2023-11-19T19:00:00Z,2023-11-20T19:00:00Z,2023-11-20T19:00:00Z,timeout,simulated_bar_open_or_final_close,36292.57384983388,43658.71380199342,12.0,1.1162370812123075
37,2044560.0,2045703.0,1.0,0.488,37592.1,36398.0,9.172472399999998,8.881112,3.6481144226763442,-582.7207999999993,-604.4224988226756,13050.492006533845,1.0,13654.91450535652,1.3434683016729019,1700579040.0,2023-11-20T20:00:00Z,2023-11-20T20:00:00Z,2023-11-21T15:03:00Z,2023-11-21T15:04:00Z,stop,within_minute_not_exact_tick,36405.33506065036,51833.27927219564,12.0,-1.0436529200024351
38,2046840.0,2048280.0,1.0,0.65,36690.9,37636.1,11.924542500000001,12.2317325,7.232643486082301,614.3799999999982,582.9910815139158,13633.48308804776,4.0,13050.492006533845,1.8274471941793264,1700733600.0,2023-11-22T10:00:00Z,2023-11-22T10:00:00Z,2023-11-23T10:00:00Z,2023-11-23T10:00:00Z,timeout,simulated_bar_open_or_final_close,35539.263506579366,50510.53792104767,12.0,0.7788128991216814
39,2049720.0,2051160.0,1.0,1.05,37641.6,37730.4,19.76184,19.808460000000004,11.940954400798502,93.24000000000306,41.728745599204565,13675.211833646965,4.0,13633.48308804776,2.899015588661252,1700906400.0,2023-11-24T10:00:00Z,2023-11-24T10:00:00Z,2023-11-25T10:00:00Z,2023-11-25T10:00:00Z,timeout,simulated_bar_open_or_final_close,36915.680415326875,46352.63501607749,12.0,0.05474664592956018
40,2051820.0,2052745.0,1.0,0.3,37787.700000000004,37241.700000000004,5.6681550000000005,5.586255,2.2662330204942,-163.79999999999998,-177.3206430204942,13497.891190626471,1.0,13675.211833646965,0.8289677803825862,1701001560.0,2023-11-25T21:00:00Z,2023-11-25T21:00:00Z,2023-11-26T12:25:00Z,2023-11-26T12:26:00Z,stop,within_minute_not_exact_tick,37249.155304080334,44250.23635103606,12.0,-1.097529721389136
41,2053380.0,2053894.0,1.0,0.396,37655.1,36998.1,7.4557098,7.325623800000001,1.4825448,-260.172,-276.4358784000001,13221.455312226472,1.0,13497.891190626471,1.1047221665525904,1701070500.0,2023-11-26T23:00:00Z,2023-11-26T23:00:00Z,2023-11-27T07:34:00Z,2023-11-27T07:35:00Z,stop,within_minute_not_exact_tick,37005.504015214974,45450.251817420256,12.0,-1.0746224058497238
42,2054880.0,2056320.0,1.0,0.841,37241.9,37804.4,15.66021895,15.896750200000001,12.58448011,473.0625,428.92105074,13650.376362966472,4.0,13221.455312226472,2.3689100148481077,1701216000.0,2023-11-28T00:00:00Z,2023-11-28T00:00:00Z,2023-11-29T00:00:00Z,2023-11-29T00:00:00Z,timeout,simulated_bar_open_or_final_close,36351.92344892411,47921.61861291065,12.0,0.5730635704766022
43,2056440.0,2057880.0,1.0,0.793,37929.5,37678.1,15.039046750000002,14.93936665,9.020759866593256,-199.36020000000116,-238.35937326659445,13412.016989699878,4.0,13650.376362966472,2.2034625786291135,1701309600.0,2023-11-29T02:00:00Z,2023-11-29T02:00:00Z,2023-11-30T02:00:00Z,2023-11-30T02:00:00Z,timeout,simulated_bar_open_or_final_close,36951.00047117638,49671.494345883446,12.0,-0.3071838835643022
44,2058060.0,2059500.0,1.0,0.441,37966.0,38162.700000000004,8.371503,8.41487535,4.988076030156555,86.74470000000193,64.97024561984537,13476.987235319724,4.0,13412.016989699878,1.2483585438982254,1701406800.0,2023-11-30T05:00:00Z,2023-11-30T05:00:00Z,2023-12-01T05:00:00Z,2023-12-01T05:00:00Z,timeout,simulated_bar_open_or_final_close,37113.48083969525,48196.22992365698,12.0,0.17281115411762177
45,2059680.0,2061120.0,1.0,0.8280000000000001,38242.6,38676.1,15.8324364,16.011905400000003,11.764657869194782,358.93800000000005,315.3290003308053,13792.316235650529,4.0,13476.987235319724,2.3495512941508543,1701504000.0,2023-12-01T08:00:00Z,2023-12-01T08:00:00Z,2023-12-02T08:00:00Z,2023-12-02T08:00:00Z,timeout,simulated_bar_open_or_final_close,37535.93019384453,46722.63767386563,12.0,0.5389109916486281
46,2061480.0,2062920.0,1.0,1.048,38804.1,39656.200000000004,20.3333484,20.779848800000003,11.742536533149925,893.0008000000062,840.1450662668562,14632.461301917385,4.0,13792.316235650529,2.948503797707616,1701612000.0,2023-12-02T14:00:00Z,2023-12-02T14:00:00Z,2023-12-03T14:00:00Z,2023-12-03T14:00:00Z,timeout,simulated_bar_open_or_final_close,38265.28406329355,45269.89124047744,12.0,1.487827447101583
47,2062980.0,2064420.0,1.0,1.172,39534.9,41645.200000000004,23.167451399999997,24.404087200000003,14.205052975065115,2473.271600000003,2411.495008424938,17043.95631034232,4.0,14632.461301917385,3.166582972198152,1701702000.0,2023-12-03T15:00:00Z,2023-12-03T15:00:00Z,2023-12-04T15:00:00Z,2023-12-04T15:00:00Z,timeout,simulated_bar_open_or_final_close,38841.53265613312,47855.30812640261,12.0,2.967531736001726
48,2064540.0,2065980.0,1.0,0.6890000000000001,41650.3,42704.100000000006,14.348528350000002,14.711562450000004,8.666947957707274,726.0682000000021,688.3411612422948,17732.297471584614,4.0,17043.95631034232,1.6837086517633555,1701795600.0,2023-12-04T17:00:00Z,2023-12-04T17:00:00Z,2023-12-05T17:00:00Z,2023-12-05T17:00:00Z,timeout,simulated_bar_open_or_final_close,40226.19320653333,58739.58152160008,12.0,0.7015230739514939
49,2066040.0,2067480.0,1.0,0.656,43397.9,43962.600000000006,14.234511200000002,14.419732800000004,8.631052699773154,370.4432000000029,333.15790330022975,18065.455374884845,4.0,17732.297471584614,1.6054897818864484,1701885600.0,2023-12-05T18:00:00Z,2023-12-05T18:00:00Z,2023-12-06T18:00:00Z,2023-12-06T18:00:00Z,timeout,simulated_bar_open_or_final_close,41839.38778796275,62100.046544447025,12.0,0.32586376516485277
50,2070000.0,2071440.0,1.0,0.988,43696.100000000006,43829.4,21.585873400000004,21.6517236,26.956599022704,131.70039999999568,61.50620397729169,18126.961578862138,4.0,18065.455374884845,2.389740302921935,1702123200.0,2023-12-08T12:00:00Z,2023-12-08T12:00:00Z,2023-12-09T12:00:00Z,2023-12-09T12:00:00Z,timeout,simulated_bar_open_or_final_close,42661.318614351476,56113.4766277824,12.0,0.06016076801862781
51,2073120.0,2073703.0,1.0,1.149,43954.100000000006,43221.4,25.251630450000004,24.830694300000005,19.49298717946166,-841.872300000005,-911.4476119294667,17215.51396693267,1.0,18126.961578862138,2.7860852840826835,1702259040.0,2023-12-10T16:00:00Z,2023-12-10T16:00:00Z,2023-12-11T01:43:00Z,2023-12-11T01:44:00Z,stop,within_minute_not_exact_tick,43230.06668771875,52642.49974737512,12.0,-1.0956028023930107
52,2075220.0,2076660.0,1.0,0.47900000000000004,41888.3,41025.700000000004,10.032247850000001,9.825655150000003,6.357931957436476,-413.18539999999933,-439.40123495743575,16776.112731975234,4.0,17215.51396693267,1.1654892057559023,1702436400.0,2023-12-12T03:00:00Z,2023-12-12T03:00:00Z,2023-12-13T03:00:00Z,2023-12-13T03:00:00Z,timeout,simulated_bar_open_or_final_close,40297.96946998762,60972.26636014861,12.0,-0.5768174144098439
53,2076780.0,2077320.0,-1.0,0.645,40913.200000000004,41496.3,13.194507000000002,13.382556750000003,-2.6965973295156656,-376.09949999999907,-399.9799664204834,16376.13276555475,3.0,16776.112731975234,1.5730112465030472,1702476000.0,2023-12-13T05:00:00Z,2023-12-13T05:00:00Z,2023-12-13T14:00:00Z,2023-12-13T14:00:00Z,opposite,simulated_bar_open_or_final_close,42415.72086121622,22882.949665405376,12.0,-0.41272237541149687
54,2077440.0,2078880.0,1.0,0.712,41968.4,42445.600000000006,14.940750399999999,15.110633600000002,12.894935659361174,339.7664000000031,296.8200803406419,16672.952845895394,4.0,16376.13276555475,1.8246982500564592,1702569600.0,2023-12-13T16:00:00Z,2023-12-13T16:00:00Z,2023-12-14T16:00:00Z,2023-12-14T16:00:00Z,timeout,simulated_bar_open_or_final_close,40647.69819756972,57816.82162916341,12.0,0.3156519772614578
55,2079060.0,2080500.0,1.0,0.5660000000000001,42875.9,42128.5,12.133879700000001,11.922365500000002,7.226810153638335,-423.0284000000009,-454.31145535363925,16218.641390541754,4.0,16672.952845895394,1.4555165857123098,1702666800.0,2023-12-14T19:00:00Z,2023-12-14T19:00:00Z,2023-12-15T19:00:00Z,2023-12-15T19:00:00Z,timeout,simulated_bar_open_or_final_close,41171.09156553202,63333.60121361575,12.0,-0.47082733730704496
56,2081580.0,2083020.0,1.0,0.252,42450.5,41965.5,5.348763,5.287653000000001,3.19526172,-122.22,-136.05167772,16082.589712821755,4.0,16218.641390541754,0.6595821278987333,1702818000.0,2023-12-16T13:00:00Z,2023-12-16T13:00:00Z,2023-12-17T13:00:00Z,2023-12-17T13:00:00Z,timeout,simulated_bar_open_or_final_close,41539.56605919041,53381.707289715094,12.0,-0.5926748206573306
57,2083380.0,2083774.0,1.0,0.5640000000000001,42210.9,41134.8,11.903473800000002,11.600013600000002,3.1176304260387826,-606.9203999999993,-633.5415178260381,15449.048194995717,1.0,16082.589712821755,1.4802931632969563,1702863300.0,2023-12-17T19:00:00Z,2023-12-17T19:00:00Z,2023-12-18T01:34:00Z,2023-12-18T01:35:00Z,stop,within_minute_not_exact_tick,41143.03559970775,55025.27280350706,12.0,-1.0519131110784452
58,2083860.0,2084936.0,-1.0,0.759,40911.600000000006,42082.5,15.525952200000003,15.970308750000001,-8.015251552438801,-888.7130999999956,-912.1941093975568,14536.854085598161,1.0,15449.048194995717,2.009955824337346,1702933020.0,2023-12-18T03:00:00Z,2023-12-18T03:00:00Z,2023-12-18T20:56:00Z,2023-12-18T20:57:00Z,stop,within_minute_not_exact_tick,42074.073978941015,26961.91225270791,12.0,-1.033861224463389
59,2085000.0,2086440.0,1.0,0.587,42651.600000000006,42540.600000000006,12.518244600000003,12.485666100000001,7.528057694057521,-65.157,-97.68896839405753,14439.165117204102,4.0,14536.854085598161,1.7222769832163314,1703023200.0,2023-12-18T22:00:00Z,2023-12-18T22:00:00Z,2023-12-19T22:00:00Z,2023-12-19T22:00:00Z,timeout,simulated_bar_open_or_final_close,41227.953496916394,59735.35803700331,12.0,-0.11689750892656067
60,2086860.0,2088300.0,1.0,0.647,42849.5,43658.8,13.86181325,14.1236218,17.192994633342906,523.6171000000019,478.43867031665894,14917.603787520762,4.0,14439.165117204102,1.9200297437535092,1703134800.0,2023-12-20T05:00:00Z,2023-12-20T05:00:00Z,2023-12-21T05:00:00Z,2023-12-21T05:00:00Z,timeout,simulated_bar_open_or_final_close,41571.939057091775,58180.231314898745,12.0,0.5788157869371643
61,2088540.0,2089980.0,1.0,0.655,43718.700000000004,43629.600000000006,14.317874250000003,14.288694000000003,25.63066533465462,-58.36049999999905,-112.59773358465368,14805.006053936107,4.0,14917.603787520762,1.9195943871330783,1703235600.0,2023-12-21T09:00:00Z,2023-12-21T09:00:00Z,2023-12-22T09:00:00Z,2023-12-22T09:00:00Z,timeout,simulated_bar_open_or_final_close,42414.25146521836,59372.082417379694,12.0,-0.13178360984493712
62,2090880.0,2092320.0,1.0,0.635,44008.0,43716.4,13.97254,13.879957000000001,14.282083335845943,-185.1659999999991,-227.30058033584504,14577.705473600263,4.0,14805.006053936107,1.8875426256627859,1703376000.0,2023-12-23T00:00:00Z,2023-12-23T00:00:00Z,2023-12-24T00:00:00Z,2023-12-24T00:00:00Z,timeout,simulated_bar_open_or_final_close,42924.2861202106,57012.56655747279,12.0,-0.3303027454901569
63,2092440.0,2093654.0,1.0,0.352,43818.8,43137.600000000006,7.7121088,7.5922176000000015,6.231671817433994,-239.78239999999897,-261.31839821743296,14316.38707538283,1.0,14577.705473600263,1.0580689552229425,1703456100.0,2023-12-24T02:00:00Z,2023-12-24T02:00:00Z,2023-12-24T22:14:00Z,2023-12-24T22:15:00Z,stop,within_minute_not_exact_tick,43146.318272555676,51888.58072933195,12.0,-1.1039434720985262
64,2094540.0,2095534.0,1.0,0.918,43708.8,42826.8,20.062339200000004,19.657501200000002,32.563326573303975,-809.676,-881.9591669733039,13434.427908409527,1.0,14316.38707538283,2.802709803019701,1703568900.0,2023-12-25T13:00:00Z,2023-12-25T13:00:00Z,2023-12-26T05:34:00Z,2023-12-26T05:35:00Z,stop,within_minute_not_exact_tick,42835.45794127369,54188.90470471571,12.0,-1.1000727878666527
65,2096220.0,2097420.0,-1.0,0.71,42358.9,42956.700000000004,15.0374095,15.249628500000002,-19.79008095873,-424.43800000000203,-434.93495704127207,12999.492951368256,3.0,13434.427908409527,2.238637864227483,1703682000.0,2023-12-26T17:00:00Z,2023-12-26T17:00:00Z,2023-12-27T13:00:00Z,2023-12-27T13:00:00Z,opposite,simulated_bar_open_or_final_close,43434.62642227673,29450.182932679305,12.0,-0.5694611881341509
66,2097480.0,2098920.0,1.0,0.666,42951.5,42828.600000000006,14.3028495,14.261923800000003,23.89056291939979,-81.85139999999613,-134.30673621939593,12865.18621514886,4.0,12999.492951368256,2.2005242132916516,1703772000.0,2023-12-27T14:00:00Z,2023-12-27T14:00:00Z,2023-12-28T14:00:00Z,2023-12-28T14:00:00Z,timeout,simulated_bar_open_or_final_close,41879.69856771963,55813.11718736448,12.0,-0.1881521707487663
67,2099520.0,2100420.0,-1.0,0.678,42591.5,43074.8,14.4385185,14.602357200000002,-14.31768341718402,-327.677400000002,-342.400592282818,12522.785622866044,3.0,12865.18621514886,2.244587565005243,1703862000.0,2023-12-29T00:00:00Z,2023-12-29T00:00:00Z,2023-12-29T15:00:00Z,2023-12-29T15:00:00Z,opposite,simulated_bar_open_or_final_close,43669.84360925586,29651.376688929686,12.0,-0.46832532645555774
68,2100540.0,2101980.0,-1.0,0.555,41993.700000000004,42448.5,11.653251750000003,11.779458750000002,-26.77822752284269,-252.4139999999976,-249.0684829771549,12273.717139888888,4.0,12522.785622866044,1.8611277236466763,1703955600.0,2023-12-29T17:00:00Z,2023-12-29T17:00:00Z,2023-12-30T17:00:00Z,2023-12-30T17:00:00Z,timeout,simulated_bar_open_or_final_close,43286.81216983165,26476.353962020214,12.0,-0.3470480379584587
69,2102580.0,2104020.0,-1.0,0.7000000000000001,42111.100000000006,42629.100000000006,14.738885000000003,14.920185000000004,-31.374086156,-362.6,-360.88498384400003,11912.832156044888,4.0,12273.717139888888,2.4016986593408545,1704078000.0,2023-12-31T03:00:00Z,2023-12-31T03:00:00Z,2024-01-01T03:00:00Z,2024-01-01T03:00:00Z,timeout,simulated_bar_open_or_final_close,43103.66813027085,30200.28243674982,12.0,-0.5194101656067865
70,2104800.0,2106240.0,1.0,0.6920000000000001,42826.600000000006,45205.9,14.818003600000004,15.641241400000004,57.99372373386265,1646.475599999997,1558.0226312661343,13470.854787311024,4.0,11912.832156044888,2.4877381643425496,1704211200.0,2024-01-01T16:00:00Z,2024-01-01T16:00:00Z,2024-01-02T16:00:00Z,2024-01-02T16:00:00Z,timeout,simulated_bar_open_or_final_close,41984.52547787824,52931.494265461166,12.0,2.6737274810001352
71,2106300.0,2107435.0,1.0,0.47100000000000003,45402.5,43743.0,10.692288750000001,10.301476500000001,8.11384850355739,-781.6245,-810.7321137535574,12660.122673557466,1.0,13470.854787311024,1.5874699740764315,1704282960.0,2024-01-02T17:00:00Z,2024-01-02T17:00:00Z,2024-01-03T11:55:00Z,2024-01-03T11:56:00Z,stop,within_minute_not_exact_tick,43751.77060138642,65211.25278336296,12.0,-1.0427509233300138
72,2108940.0,2110380.0,1.0,0.42,43394.9,43868.9,9.112929,9.212468999999999,5.54267024812746,199.07999999999998,175.21193175187253,12835.334605309337,4.0,12660.122673557466,1.4396272824486445,1704459600.0,2024-01-04T13:00:00Z,2024-01-04T13:00:00Z,2024-01-05T13:00:00Z,2024-01-05T13:00:00Z,timeout,simulated_bar_open_or_final_close,41649.500592728786,64339.69288725463,12.0,0.239011921476528
73,2110440.0,2111880.0,1.0,0.394,43987.4,43692.3,8.665517800000002,8.607383100000002,5.1728277245183,-116.26939999999944,-138.71512862451775,12696.61947668482,4.0,12835.334605309337,1.3502597425727427,1704549600.0,2024-01-05T14:00:00Z,2024-01-05T14:00:00Z,2024-01-06T14:00:00Z,2024-01-06T14:00:00Z,timeout,simulated_bar_open_or_final_close,42096.027614002574,66683.86863196915,12.0,-0.18614465188529367
74,2112540.0,2113980.0,1.0,0.654,44128.0,43613.100000000006,14.429856000000001,14.261483700000003,8.634501112442749,-336.7445999999962,-374.07044081243896,12322.54903587238,4.0,12696.61947668482,2.2730233077391935,1704675600.0,2024-01-07T01:00:00Z,2024-01-07T01:00:00Z,2024-01-08T01:00:00Z,2024-01-08T01:00:00Z,timeout,simulated_bar_open_or_final_close,43025.4420766503,57358.695080196354,12.0,-0.5187692537292161
75,2114400.0,2115840.0,1.0,0.557,43978.700000000004,46831.600000000006,12.248067950000003,13.042600600000004,10.178930577339095,1589.065300000001,1553.5957008726618,13876.14473674504,4.0,12322.54903587238,1.98791141578653,1704787200.0,2024-01-08T08:00:00Z,2024-01-08T08:00:00Z,2024-01-09T08:00:00Z,2024-01-09T08:00:00Z,timeout,simulated_bar_open_or_final_close,42713.15955106679,59165.18538719858,12.0,2.2039756146640976
76,2116320.0,2116645.0,1.0,0.391,46878.3,44810.100000000006,9.16470765,8.760374550000002,1.8327108400000003,-808.6661999999989,-828.4239930399989,13047.72074370504,1.0,13876.14473674504,1.3209299591306782,1704835560.0,2024-01-09T16:00:00Z,2024-01-09T16:00:00Z,2024-01-09T21:25:00Z,2024-01-09T21:26:00Z,stop,within_minute_not_exact_tick,44819.06990270979,71589.0611674826,12.0,-1.0288949461199501
77,2117880.0,2119320.0,1.0,0.298,46419.3,46508.0,6.9164757,6.929692,4.158390340422862,26.43259999999913,8.42804195957627,13056.148785664616,4.0,13047.72074370504,1.0601814425461091,1704996000.0,2024-01-10T18:00:00Z,2024-01-10T18:00:00Z,2024-01-11T18:00:00Z,2024-01-11T18:00:00Z,timeout,simulated_bar_open_or_final_close,43859.34280351789,77138.7863577854,12.0,0.011047848783348071
78,2121000.0,2122440.0,-1.0,0.32,43457.3,42978.0,6.953168000000001,6.876480000000001,-4.12962760851072,153.37600000000094,143.67597960851165,13199.82476527313,4.0,13056.148785664616,1.0651177639204659,1705183200.0,2024-01-12T22:00:00Z,2024-01-12T22:00:00Z,2024-01-13T22:00:00Z,2024-01-13T22:00:00Z,timeout,simulated_bar_open_or_final_close,45841.762214230366,14843.753429235632,12.0,0.1882971487646405
79,2123760.0,2125200.0,-1.0,0.784,42657.200000000004,42998.200000000004,16.721622400000005,16.855294400000002,-9.936046669276113,-267.344,-290.9848701307239,12908.839895142406,4.0,13199.82476527313,2.5336127861321653,1705348800.0,2024-01-14T20:00:00Z,2024-01-14T20:00:00Z,2024-01-15T20:00:00Z,2024-01-15T20:00:00Z,timeout,simulated_bar_open_or_final_close,43606.44601910365,31266.24777075625,12.0,-0.39099892295106004
80,2125440.0,2126880.0,-1.0,0.584,42506.4,43141.700000000004,12.4118688,12.597376400000002,-7.544012137449489,-371.0152000000017,-388.48043306255215,12520.359462079854,4.0,12908.839895142406,1.9230029810301674,1705449600.0,2024-01-16T00:00:00Z,2024-01-16T00:00:00Z,2024-01-17T00:00:00Z,2024-01-17T00:00:00Z,timeout,simulated_bar_open_or_final_close,43771.46343150977,27325.638821882792,12.0,-0.5258283532894809
81,2127360.0,2128800.0,-1.0,0.67,42645.4,42926.9,14.286209000000001,14.3805115,-8.587929003696432,-188.60500000000002,-208.6837914963036,12311.67567058355,4.0,12520.359462079854,2.2820764920157983,1705564800.0,2024-01-17T08:00:00Z,2024-01-17T08:00:00Z,2024-01-18T08:00:00Z,2024-01-18T08:00:00Z,timeout,simulated_bar_open_or_final_close,43705.564284104024,29923.428590751726,12.0,-0.2937925283722441
82,2128980.0,2130420.0,-1.0,0.755,42441.8,41491.4,16.0217795,15.6630035,-9.454070434787475,717.5520000000012,695.3212874347887,13006.996958018339,4.0,12311.67567058355,2.60269681052126,1705662000.0,2024-01-18T11:00:00Z,2024-01-18T11:00:00Z,2024-01-19T11:00:00Z,2024-01-19T11:00:00Z,timeout,simulated_bar_open_or_final_close,43359.587236840845,31428.35315790987,12.0,1.0034519010809164
83,2130660.0,2130974.0,-1.0,0.614,40965.3,42185.8,12.576347100000001,12.9510406,-2.51108194,-749.387,-772.40330576,12234.59365225834,1.0,13006.996958018339,1.9337818161396805,1705695300.0,2024-01-19T15:00:00Z,2024-01-19T15:00:00Z,2024-01-19T20:14:00Z,2024-01-19T20:15:00Z,stop,within_minute_not_exact_tick,42177.35099282523,26420.688086097223,12.0,-1.037898444410904
84,2134080.0,2135520.0,-1.0,0.311,41571.5,39575.100000000006,6.46436825,6.15392805,-3.774745877598915,620.8803999999982,612.0368495775971,12846.630501835938,4.0,12234.59365225834,1.0567360770182612,1705968000.0,2024-01-22T00:00:00Z,2024-01-22T00:00:00Z,2024-01-23T00:00:00Z,2024-01-23T00:00:00Z,timeout,simulated_bar_open_or_final_close,42162.37023365492,34481.05719614103,12.0,3.3306198797299853
85,2135580.0,2137020.0,-1.0,0.445,39861.200000000004,40175.0,8.869117000000003,8.9389375,-5.289877094373455,-139.64099999999806,-152.1591774056246,12694.471324430313,4.0,12846.630501835938,1.380769377422741,1706058000.0,2024-01-23T01:00:00Z,2024-01-23T01:00:00Z,2024-01-24T01:00:00Z,2024-01-24T01:00:00Z,timeout,simulated_bar_open_or_final_close,41535.282154763874,19772.21414283354,12.0,-0.20424967482626666
86,2138220.0,2139660.0,-1.0,0.535,39539.9,39835.100000000006,10.576923250000002,10.655889250000003,-6.420057861375641,-157.93200000000235,-172.7447546386267,12521.726569791686,4.0,12694.471324430313,1.6663826290496835,1706216400.0,2024-01-24T21:00:00Z,2024-01-24T21:00:00Z,2024-01-25T21:00:00Z,2024-01-25T21:00:00Z,timeout,simulated_bar_open_or_final_close,40907.125681071586,23133.19182714099,12.0,-0.23616246850690542
87,2142480.0,2143920.0,1.0,0.562,41904.9,41762.200000000004,11.775276900000001,11.735178200000002,5.8653987050000005,-80.19739999999837,-109.57325380499837,12412.15331598669,4.0,12521.726569791686,1.8807752803686875,1706472000.0,2024-01-27T20:00:00Z,2024-01-27T20:00:00Z,2024-01-28T20:00:00Z,2024-01-28T20:00:00Z,timeout,simulated_bar_open_or_final_close,41156.02201474284,50891.43582308592,12.0,-0.26034975835622337
88,2144400.0,2145840.0,1.0,0.6920000000000001,42315.0,43494.0,14.640990000000002,15.048924000000001,8.60482512102147,815.868,777.5732608789785,13189.726576865667,4.0,12412.15331598669,2.3591377945908225,1706587200.0,2024-01-29T04:00:00Z,2024-01-29T04:00:00Z,2024-01-30T04:00:00Z,2024-01-30T04:00:00Z,timeout,simulated_bar_open_or_final_close,41299.58849199679,54499.938096038575,12.0,1.1066063096199061
89,2146140.0,2147580.0,1.0,0.726,43420.4,42955.9,15.7616052,15.5929917,5.416683696288118,-337.227,-373.99828059628817,12815.72829626938,4.0,13189.726576865667,2.389982098286301,1706691600.0,2024-01-30T09:00:00Z,2024-01-30T09:00:00Z,2024-01-31T09:00:00Z,2024-01-31T09:00:00Z,timeout,simulated_bar_open_or_final_close,42392.09238236305,55760.09141164344,12.0,-0.5009679379898536
90,2148000.0,2148556.0,1.0,0.584,43350.600000000006,42087.5,12.6583752,12.28955,5.017219123109223,-737.6504000000034,-767.6155443231127,12048.112751946268,1.0,12815.72829626938,1.9754437527650792,1706750220.0,2024-01-31T16:00:00Z,2024-01-31T16:00:00Z,2024-02-01T01:16:00Z,2024-02-01T01:17:00Z,stop,within_minute_not_exact_tick,42095.970916392616,58406.14900328867,12.0,-1.047648421202059
91,2149380.0,2150820.0,1.0,0.5690000000000001,42644.0,42779.200000000004,12.132218000000002,12.170682400000004,7.320667821116079,76.9288000000025,45.305231778886416,12093.417983725152,4.0,12048.112751946268,2.0139615639038815,1706886000.0,2024-02-01T15:00:00Z,2024-02-01T15:00:00Z,2024-02-02T15:00:00Z,2024-02-02T15:00:00Z,timeout,simulated_bar_open_or_final_close,41433.466503445656,57170.401958652095,12.0,0.06577476103171019
92,2151420.0,2152860.0,1.0,0.609,43222.600000000006,42988.3,13.161281700000002,13.08993735,6.652005327856367,-142.68870000000177,-175.59192437785813,11917.826059347293,4.0,12093.417983725152,2.1766024655249554,1707008400.0,2024-02-03T01:00:00Z,2024-02-03T01:00:00Z,2024-02-04T01:00:00Z,2024-02-04T01:00:00Z,timeout,simulated_bar_open_or_final_close,42196.60120952231,55534.58548573235,12.0,-0.281022049661898
93,2153520.0,2154159.0,1.0,1.112,43050.3,42474.4,23.935966800000003,23.615766400000005,4.77344904,-640.4008000000017,-692.7259822400016,11225.100077107292,1.0,11917.826059347293,4.016834392582318,1707086400.0,2024-02-04T12:00:00Z,2024-02-04T12:00:00Z,2024-02-04T22:39:00Z,2024-02-04T22:40:00Z,stop,within_minute_not_exact_tick,42482.934516212124,49858.685805454516,12.0,-1.0979783539897345
94,2154600.0,2156040.0,1.0,0.317,42776.3,42755.600000000006,6.78004355,6.776762600000001,4.0697155107931495,-6.561899999999078,-24.188421660792226,11200.911655446502,4.0,11225.100077107292,1.2080148067147063,1707199200.0,2024-02-05T06:00:00Z,2024-02-05T06:00:00Z,2024-02-06T06:00:00Z,2024-02-06T06:00:00Z,timeout,simulated_bar_open_or_final_close,41962.39569806571,52543.151623211525,12.0,-0.09375078752576381
95,2156220.0,2157660.0,1.0,0.721,43067.200000000004,42921.3,15.525725600000001,15.473128650000001,7.117037361839335,-105.19390000000105,-143.30979161184038,11057.601863834661,4.0,11200.911655446502,2.7722253469342446,1707296400.0,2024-02-06T09:00:00Z,2024-02-06T09:00:00Z,2024-02-07T09:00:00Z,2024-02-07T09:00:00Z,timeout,simulated_bar_open_or_final_close,42196.169142133884,53519.570294393445,12.0,-0.22819549101748035
96,2157960.0,2159400.0,1.0,0.768,43130.100000000006,44962.700000000004,16.5619584,17.2656768,8.383965570298681,1407.4367999999988,1365.2251992297001,12422.827063064364,4.0,11057.601863834661,2.9955787166054626,1707400800.0,2024-02-07T14:00:00Z,2024-02-07T14:00:00Z,2024-02-08T14:00:00Z,2024-02-08T14:00:00Z,timeout,simulated_bar_open_or_final_close,42327.267956599266,52764.084520808894,12.0,2.2142078069451805
97,2159460.0,2160900.0,1.0,0.71,45067.8,47037.100000000006,15.999069,16.6981705,5.130063279314568,1398.203000000002,1360.3756972206875,13783.202760285052,4.0,12422.827063064364,2.575753315856508,1707490800.0,2024-02-08T15:00:00Z,2024-02-08T15:00:00Z,2024-02-09T15:00:00Z,2024-02-09T15:00:00Z,timeout,simulated_bar_open_or_final_close,44082.20888798211,56894.8933442147,12.0,1.9440334692534749
98,2160960.0,2162400.0,1.0,0.491,47146.5,47322.4,11.57446575,11.6176492,8.766919803339148,86.36690000000071,54.40786524666156,13837.610625531715,4.0,13783.202760285052,1.679503080858781,1707580800.0,2024-02-09T16:00:00Z,2024-02-09T16:00:00Z,2024-02-10T16:00:00Z,2024-02-10T16:00:00Z,timeout,simulated_bar_open_or_final_close,45531.74301857666,66523.5837770801,12.0,0.06862352506255899
99,2162640.0,2164080.0,1.0,0.744,47520.9,48272.600000000006,17.677774799999998,17.957407200000002,10.717294848290615,559.2648000000032,512.9123231517126,14350.522948683427,4.0,13837.610625531715,2.555032841780186,1707681600.0,2024-02-10T20:00:00Z,2024-02-10T20:00:00Z,2024-02-11T20:00:00Z,2024-02-11T20:00:00Z,timeout,simulated_bar_open_or_final_close,46471.855009420804,60109.439886950335,12.0,0.6571675094939803
100,2164380.0,2165820.0,1.0,0.685,48622.700000000004,50114.9,16.653274750000005,17.16435325,10.142235672072117,1022.1569999999981,978.1971363279259,15328.720085011355,4.0,14350.522948683427,2.3209293221649236,1707786000.0,2024-02-12T01:00:00Z,2024-02-12T01:00:00Z,2024-02-13T01:00:00Z,2024-02-13T01:00:00Z,timeout,simulated_bar_open_or_final_close,47434.65716347953,62879.21403824569,12.0,1.2019979184584801
101,2165880.0,2166623.0,1.0,0.548,50171.8,48554.4,13.747073200000003,13.303905600000002,2.7408791482380885,-886.3352000000009,-916.127057948239,14412.593027063116,1.0,15328.720085011355,1.7936361449305986,1707834240.0,2024-02-13T02:00:00Z,2024-02-13T02:00:00Z,2024-02-13T14:23:00Z,2024-02-13T14:24:00Z,stop,within_minute_not_exact_tick,48564.15031018167,69463.59627782,12.0,-1.0398812097391812
102,2167680.0,2169120.0,1.0,0.581,49854.9,51792.100000000006,14.48284845,15.04560505,12.599290401448007,1125.5132000000024,1083.3854560985544,15495.97848316167,4.0,14412.593027063116,2.0097491718256335,1707984000.0,2024-02-14T08:00:00Z,2024-02-14T08:00:00Z,2024-02-15T08:00:00Z,2024-02-15T08:00:00Z,timeout,simulated_bar_open_or_final_close,48437.01022706338,66869.57727523948,12.0,1.3151170210432293
103,2169240.0,2170680.0,1.0,0.535,52209.700000000004,51861.5,13.966094750000002,13.87295125,8.326854605726922,-186.28700000000234,-222.45290060572927,15273.525582555942,4.0,15495.97848316167,1.8025444169499745,1708077600.0,2024-02-15T10:00:00Z,2024-02-15T10:00:00Z,2024-02-16T10:00:00Z,2024-02-16T10:00:00Z,timeout,simulated_bar_open_or_final_close,50545.91836056119,72175.07967326575,12.0,-0.2499124911346927
104,2170800.0,2172240.0,1.0,0.5740000000000001,52251.700000000004,51713.3,14.996237900000004,14.841717100000002,8.953779091580037,-309.04160000000087,-347.83333409158087,14925.692248464358,4.0,15273.525582555942,1.9636904156729038,1708171200.0,2024-02-16T12:00:00Z,2024-02-16T12:00:00Z,2024-02-17T12:00:00Z,2024-02-17T12:00:00Z,timeout,simulated_bar_open_or_final_close,50729.98334969186,70512.2998036978,12.0,-0.39822224338236917
105,2172840.0,2174280.0,1.0,0.5690000000000001,51848.5,51884.200000000004,14.750898250000002,14.761054900000003,14.610700028094413,20.313300000002485,-23.809353178091932,14901.882895286268,4.0,14925.692248464358,1.9765781049810482,1708293600.0,2024-02-17T22:00:00Z,2024-02-17T22:00:00Z,2024-02-18T22:00:00Z,2024-02-18T22:00:00Z,timeout,simulated_bar_open_or_final_close,50585.75026815892,67001.49678209297,12.0,-0.03313737067746914
106,2174340.0,2175780.0,1.0,0.487,52295.9,51961.3,12.73405165,12.652576550000001,14.246757442693177,-162.95019999999928,-202.58358564269244,14699.299309643575,4.0,14901.882895286268,1.7090527068935708,1708383600.0,2024-02-18T23:00:00Z,2024-02-18T23:00:00Z,2024-02-19T23:00:00Z,2024-02-19T23:00:00Z,timeout,simulated_bar_open_or_final_close,51223.132454592844,65169.1105448859,12.0,-0.3877659459776392
107,2176500.0,2176860.0,1.0,0.736,52167.700000000004,51033.5,19.197713600000004,18.780328,7.709910978295958,-834.7712000000032,-880.4591525782993,13818.840157065275,1.0,14699.299309643575,2.6120583295293827,1708448460.0,2024-02-20T11:00:00Z,2024-02-20T11:00:00Z,2024-02-20T17:00:00Z,2024-02-20T17:01:00Z,stop,within_minute_not_exact_tick,51043.727366050654,65655.37160739218,12.0,-1.0643284243687143
108,2177280.0,2178007.0,1.0,0.497,52307.8,50705.5,12.998488300000002,12.600316750000001,5.481942355404081,-796.3431000000014,-827.4238474054055,12991.41630965987,1.0,13818.840157065275,1.8812705194153583,1708517280.0,2024-02-21T00:00:00Z,2024-02-21T00:00:00Z,2024-02-21T12:07:00Z,2024-02-21T12:08:00Z,stop,within_minute_not_exact_tick,50715.71404611671,71412.83144659956,12.0,-1.0456952471948353
109,2178720.0,2180160.0,1.0,0.449,51888.3,51306.600000000006,11.64892335,11.518331700000003,10.682984077706735,-261.1832999999987,-295.03353912770547,12696.382770532166,4.0,12991.41630965987,1.7933261581862099,1708646400.0,2024-02-22T00:00:00Z,2024-02-22T00:00:00Z,2024-02-23T00:00:00Z,2024-02-23T00:00:00Z,timeout,simulated_bar_open_or_final_close,50227.346668269216,71819.73998076946,12.0,-0.3956103251286579
110,2182680.0,2184120.0,1.0,0.8260000000000001,51581.100000000006,51588.700000000004,21.302994300000005,21.306133100000004,17.705007248339186,6.277599999998799,-54.03653464834039,12642.346235883824,4.0,12696.382770532166,3.3557580430614404,1708884000.0,2024-02-24T18:00:00Z,2024-02-24T18:00:00Z,2024-02-25T18:00:00Z,2024-02-25T18:00:00Z,timeout,simulated_bar_open_or_final_close,50732.30588504386,61766.629379473714,12.0,-0.0770735002986529
111,2184300.0,2185073.0,1.0,0.451,51788.200000000004,50950.0,11.6782391,11.489225000000001,11.239290605512842,-378.02820000000196,-412.43495470551477,12229.91128117831,1.0,12642.346235883824,1.84747971335458,1708941240.0,2024-02-25T21:00:00Z,2024-02-25T21:00:00Z,2024-02-26T09:53:00Z,2024-02-26T09:54:00Z,stop,within_minute_not_exact_tick,50960.19812769606,61724.222467647356,12.0,-1.1044539297925933
112,2185440.0,2186880.0,1.0,0.591,52882.8,56763.700000000004,15.6268674,16.773673350000003,50.9821018464186,2293.611900000001,2210.2292574035823,14440.140538581893,4.0,12229.91128117831,2.5555160688777137,1709049600.0,2024-02-26T16:00:00Z,2024-02-26T16:00:00Z,2024-02-27T16:00:00Z,2024-02-27T16:00:00Z,timeout,simulated_bar_open_or_final_close,51716.049555965816,66883.80532841025,12.0,3.2053235011844503
113,2186940.0,2188380.0,1.0,0.34600000000000003,57095.600000000006,62517.600000000006,9.877538800000002,10.815544800000001,21.35504867294621,1876.0120000000002,1833.963867727054,16274.104406308948,4.0,14440.140538581893,1.368066851372907,1709139600.0,2024-02-27T17:00:00Z,2024-02-27T17:00:00Z,2024-02-28T17:00:00Z,2024-02-28T17:00:00Z,timeout,simulated_bar_open_or_final_close,54678.18419270795,86104.58968750463,12.0,2.1926197347427197
114,2188440.0,2189880.0,1.0,0.23,61480.100000000006,61070.600000000006,7.070211500000001,7.023119,29.18575961394075,-94.185,-137.46409011394076,16136.640316195007,4.0,16274.104406308948,0.8688910091125023,1709229600.0,2024-02-28T18:00:00Z,2024-02-28T18:00:00Z,2024-02-29T18:00:00Z,2024-02-29T18:00:00Z,timeout,simulated_bar_open_or_final_close,57321.38553291421,111384.6736050296,12.0,-0.1437150739122391
115,2191140.0,2192580.0,1.0,0.327,62022.200000000004,61877.5,10.140629700000002,10.11697125,27.656398525548987,-47.31690000000143,-95.23089947555042,16041.409416719458,4.0,16136.640316195007,1.2568452294028878,1709391600.0,2024-03-01T15:00:00Z,2024-03-01T15:00:00Z,2024-03-02T15:00:00Z,2024-03-02T15:00:00Z,timeout,simulated_bar_open_or_final_close,59156.9432187511,96405.28137498687,12.0,-0.10164045128026232
116,2193900.0,2195340.0,1.0,0.635,62256.700000000004,65186.8,19.766502250000002,20.696809000000002,58.780279033694995,1860.613499999999,1761.369909716304,17802.77932643576,4.0,16041.409416719458,2.46443460627568,1709557200.0,2024-03-03T13:00:00Z,2024-03-03T13:00:00Z,2024-03-04T13:00:00Z,2024-03-04T13:00:00Z,timeout,simulated_bar_open_or_final_close,60829.175765765685,79386.99081081185,12.0,1.9430919734478502
117,2195400.0,2196840.0,1.0,0.435,65186.4,67838.3,14.178042,14.754830250000001,56.85146663466783,1153.5765000000006,1067.7921611153329,18870.571487551093,4.0,17802.77932643576,1.5927897256971215,1709647200.0,2024-03-04T14:00:00Z,2024-03-04T14:00:00Z,2024-03-05T14:00:00Z,2024-03-05T14:00:00Z,timeout,simulated_bar_open_or_final_close,62825.30125836329,93519.58489964058,12.0,1.039640816356559
118,2196900.0,2196972.0,1.0,0.292,68823.40000000001,65033.5,10.048216400000001,9.494890999999999,17.204272148911997,-1106.6508000000024,-1143.3981795489144,17727.17330800218,1.0,18870.571487551093,1.0649615361812232,1709655180.0,2024-03-05T15:00:00Z,2024-03-05T15:00:00Z,2024-03-05T16:12:00Z,2024-03-05T16:13:00Z,stop,within_minute_not_exact_tick,65046.60465002054,114144.94419975362,12.0,-1.036790937125385
119,2197800.0,2199240.0,1.0,0.188,66489.7,65839.6,6.2500317999999995,6.188922400000001,14.191224837415378,-122.21879999999835,-148.84897903741373,17578.324328964765,4.0,17727.17330800218,0.7051357474097337,1709791200.0,2024-03-06T06:00:00Z,2024-03-06T06:00:00Z,2024-03-07T06:00:00Z,2024-03-07T06:00:00Z,timeout,simulated_bar_open_or_final_close,60951.24353195843,132951.17761649872,12.0,-0.14295497185280756
120,2199780.0,2201220.0,1.0,0.308,67103.6,68486.90000000001,10.333954400000001,10.546982600000002,27.42897413906618,426.0564000000009,377.7464888609348,17956.070817825697,4.0,17578.324328964765,1.1757610346251468,1709910000.0,2024-03-07T15:00:00Z,2024-03-07T15:00:00Z,2024-03-08T15:00:00Z,2024-03-08T15:00:00Z,timeout,simulated_bar_open_or_final_close,63774.20716908817,107056.313970942,12.0,0.3683703610375669
121,2201280.0,2202720.0,1.0,0.354,67699.40000000001,68327.8,11.982793800000001,12.0940206,33.65102626085672,222.45359999999792,164.7257593391412,18120.79657716484,4.0,17956.070817825697,1.3346788305272455,1710000000.0,2024-03-08T16:00:00Z,2024-03-08T16:00:00Z,2024-03-09T16:00:00Z,2024-03-09T16:00:00Z,timeout,simulated_bar_open_or_final_close,64752.07410506902,103067.31073917188,12.0,0.15788108284298852
122,2203320.0,2204692.0,1.0,0.656,69043.7,67471.7,22.646333600000002,22.1307176,69.71138141785075,-1031.232,-1145.7204326178507,16975.07614454699,1.0,18120.79657716484,2.4994854396785264,1710118380.0,2024-03-10T02:00:00Z,2024-03-10T02:00:00Z,2024-03-11T00:52:00Z,2024-03-11T00:53:00Z,stop,within_minute_not_exact_tick,67485.2419943103,87745.1960682763,12.0,-1.120675079691617
123,2205060.0,2206500.0,1.0,0.444,69407.1,72316.5,15.408376200000001,16.054263000000002,60.283178256444764,1291.7735999999975,1200.0277825435528,18175.103927090542,4.0,16975.07614454699,1.8154117329187627,1710226800.0,2024-03-11T07:00:00Z,2024-03-11T07:00:00Z,2024-03-12T07:00:00Z,2024-03-12T07:00:00Z,timeout,simulated_bar_open_or_final_close,67212.89137761656,95737.60346860145,12.0,1.2317722428157818
124,2206860.0,2207109.0,1.0,0.417,72278.5,69755.6,15.070067250000001,14.544042600000001,14.346299495972728,-1052.0492999999976,-1096.0097093459704,17079.094217744572,1.0,18175.103927090542,1.6583197884813863,1710263400.0,2024-03-12T13:00:00Z,2024-03-12T13:00:00Z,2024-03-12T17:09:00Z,2024-03-12T17:10:00Z,stop,within_minute_not_exact_tick,69769.57918013084,102385.54983842997,12.0,-1.0475901132865006
125,2207640.0,2209080.0,1.0,0.307,72091.2,72978.8,11.0659992,11.2022458,30.034505755235628,272.49320000000176,220.1904492447661,17299.28466698934,4.0,17079.094217744572,1.2958531710074905,1710381600.0,2024-03-13T02:00:00Z,2024-03-13T02:00:00Z,2024-03-14T02:00:00Z,2024-03-14T02:00:00Z,timeout,simulated_bar_open_or_final_close,68864.02651527665,110817.28181668013,12.0,0.22224796314530723
126,2209380.0,2209851.0,1.0,0.418,73659.3,71268.3,15.394793700000001,14.8950747,11.870560322478,-999.438,-1041.598428722478,16257.686238266862,1.0,17299.28466698934,1.7798185296501297,1710427920.0,2024-03-14T07:00:00Z,2024-03-14T07:00:00Z,2024-03-14T14:51:00Z,2024-03-14T14:52:00Z,stop,within_minute_not_exact_tick,71282.56778951803,102180.08652578379,12.0,-1.048440484241879
127,2210460.0,2210573.0,1.0,0.258,71985.3,68292.3,9.286103700000002,8.809706700000001,0.0,-952.794,-970.8898104,15286.796427866862,1.0,16257.686238266862,1.1423647330753184,1710471240.0,2024-03-15T01:00:00Z,2024-03-15T01:00:00Z,2024-03-15T02:53:00Z,2024-03-15T02:54:00Z,stop,within_minute_not_exact_tick,68306.00560502252,116136.83273972974,12.0,-1.022788175128627
128,2211540.0,2212980.0,1.0,0.188,70290.0,67066.1,6.60726,6.304213400000001,7.014826353918917,-606.0931999999989,-626.0194997539178,14660.776928112944,4.0,15286.796427866862,0.864440110938533,1710615600.0,2024-03-15T19:00:00Z,2024-03-15T19:00:00Z,2024-03-16T19:00:00Z,2024-03-16T19:00:00Z,timeout,simulated_bar_open_or_final_close,65516.236738199594,127575.1591416049,12.0,-0.6975400273372592
129,2213700.0,2214240.0,-1.0,0.253,64994.0,68023.6,8.221741,8.604985400000002,-7.225408519337687,-766.4888000000014,-776.0901178806638,13884.68681023228,3.0,14660.776928112944,1.1215969031265054,1710691200.0,2024-03-17T07:00:00Z,2024-03-17T07:00:00Z,2024-03-17T16:00:00Z,2024-03-17T16:00:00Z,opposite,simulated_bar_open_or_final_close,68373.0141727679,24445.829926785227,12.0,-0.9078239143736229
130,2215080.0,2216330.0,1.0,0.255,68760.40000000001,65583.1,8.766951,8.36184525,14.651634120537231,-810.2115000000008,-841.991930370538,13042.694879861743,1.0,13884.68681023228,1.2628230106766574,1710816660.0,2024-03-18T06:00:00Z,2024-03-18T06:00:00Z,2024-03-19T02:50:00Z,2024-03-19T02:51:00Z,stop,within_minute_not_exact_tick,65596.29490103397,106729.66118759257,12.0,-1.0435586162378052
131,2216400.0,2217840.0,-1.0,0.231,65917.2,61908.700000000004,7.6134366,7.150454850000001,-10.17052844894393,925.9634999999984,921.3701369989424,13964.065016860684,4.0,13042.694879861743,1.1674637289499645,1710907200.0,2024-03-19T04:00:00Z,2024-03-19T04:00:00Z,2024-03-20T04:00:00Z,2024-03-20T04:00:00Z,timeout,simulated_bar_open_or_final_close,69206.57140008897,26444.743198932323,12.0,1.2125767590658343
132,2217900.0,2218805.0,-1.0,0.183,61682.100000000006,66169.7,5.64391215,6.0545275499999995,-3.2844692455448463,-821.2307999999983,-829.6447704544535,13134.420246406231,1.0,13964.065016860684,0.8083480194607158,1710965160.0,2024-03-20T05:00:00Z,2024-03-20T05:00:00Z,2024-03-20T20:05:00Z,2024-03-20T20:06:00Z,stop,within_minute_not_exact_tick,66156.3745949709,7990.804860349235,12.0,-1.0132543017635056
133,2220300.0,2221740.0,-1.0,0.212,65522.5,63552.0,6.945385,6.736512,-5.289309622582119,417.746,409.3534126225821,13543.773659028811,4.0,13134.420246406231,1.0575853170070995,1711141200.0,2024-03-21T21:00:00Z,2024-03-21T21:00:00Z,2024-03-22T21:00:00Z,2024-03-22T21:00:00Z,timeout,simulated_bar_open_or_final_close,69145.56983377133,22045.661994744056,12.0,0.5329492425713191
134,2221800.0,2223240.0,-1.0,0.234,62997.9,64993.200000000004,7.370754300000001,7.6042044,-4.652222699634619,-466.9002000000007,-477.22293600036613,13066.550723028446,4.0,13543.773659028811,1.0884343589257144,1711231200.0,2024-03-22T22:00:00Z,2024-03-22T22:00:00Z,2024-03-23T22:00:00Z,2024-03-23T22:00:00Z,timeout,simulated_bar_open_or_final_close,66370.82675504779,22522.77893942655,12.0,-0.6046423194217648
135,2223360.0,2224677.0,-1.0,0.295,64007.5,66586.8,9.441106249999999,9.821553,-5.86536147508038,-760.8935000000008,-774.2907977749204,12292.259925253526,1.0,13066.550723028446,1.4450801057024214,1711317480.0,2024-03-24T00:00:00Z,2024-03-24T00:00:00Z,2024-03-24T21:57:00Z,2024-03-24T21:58:00Z,stop,within_minute_not_exact_tick,66573.40324320154,33216.66108158153,12.0,-1.0229203208199014
136,2224740.0,2226180.0,1.0,0.301,67006.3,70350.90000000001,10.08444815,10.587810450000001,14.515051803510978,1006.7246000000017,971.5372895964907,13263.797214850018,4.0,12292.259925253526,1.6407801675723206,1711407600.0,2024-03-24T23:00:00Z,2024-03-24T23:00:00Z,2024-03-25T23:00:00Z,2024-03-25T23:00:00Z,timeout,simulated_bar_open_or_final_close,64650.75963000768,95272.78443990789,12.0,1.3702582548155224
137,2226240.0,2227680.0,1.0,0.269,69934.6,70030.1,9.406203700000002,9.419048450000002,18.091166064955473,25.689500000000002,-11.226918214955475,13252.570296635062,4.0,13263.797214850018,1.4183274288103422,1711497600.0,2024-03-26T00:00:00Z,2024-03-26T00:00:00Z,2024-03-27T00:00:00Z,2024-03-27T00:00:00Z,timeout,simulated_bar_open_or_final_close,67080.81549678484,104180.01403858207,12.0,-0.014624704633061881
138,2227740.0,2229180.0,1.0,0.28700000000000003,70679.2,69733.1,10.1424652,10.006699850000002,19.376566795441214,-271.5306999999975,-311.05643184543874,12941.513864789622,4.0,13252.570296635062,1.5306412224917996,1711587600.0,2024-03-27T01:00:00Z,2024-03-27T01:00:00Z,2024-03-28T01:00:00Z,2024-03-28T01:00:00Z,timeout,simulated_bar_open_or_final_close,68010.2551699724,102706.53796033119,12.0,-0.40608569642398423
139,2229540.0,2230980.0,1.0,0.292,70434.1,70475.90000000001,10.2833786,10.289481400000001,16.054219324066946,12.20560000000085,-24.421479324066098,12917.092385465556,4.0,12941.513864789622,1.5892079871703892,1711695600.0,2024-03-28T07:00:00Z,2024-03-28T07:00:00Z,2024-03-29T07:00:00Z,2024-03-29T07:00:00Z,timeout,simulated_bar_open_or_final_close,67874.26380042048,101152.13439495428,12.0,-0.03267209174491234
140,2232360.0,2233800.0,1.0,0.335,70089.1,70414.5,11.739924250000001,11.794428750000002,23.16698306016016,109.00899999999805,62.30766393983788,12979.400049405394,4.0,12917.092385465556,1.8177348120866403,1711864800.0,2024-03-30T06:00:00Z,2024-03-30T06:00:00Z,2024-03-31T06:00:00Z,2024-03-31T06:00:00Z,timeout,simulated_bar_open_or_final_close,68455.52342236543,89692.01893161505,12.0,0.11385632558187171
141,2234160.0,2235230.0,1.0,0.253,70456.7,69397.7,8.91277255,8.77880905,19.850247729322998,-267.927,-305.468829329323,12673.93122007607,1.0,12979.400049405394,1.3733720381641688,1711950660.0,2024-03-31T12:00:00Z,2024-03-31T12:00:00Z,2024-04-01T05:50:00Z,2024-04-01T05:51:00Z,stop,within_minute_not_exact_tick,69411.60022430061,82997.89730839261,12.0,-1.1552836439784064
142,2236200.0,2236477.0,1.0,0.17400000000000002,69643.0,67553.3,6.058941000000001,5.877137100000001,1.3250834280000001,-363.60779999999954,-376.8689615279996,12297.06225854807,1.0,12673.93122007607,0.9561265395542574,1712025480.0,2024-04-01T22:00:00Z,2024-04-01T22:00:00Z,2024-04-02T02:37:00Z,2024-04-02T02:38:00Z,stop,within_minute_not_exact_tick,67566.81623707533,94557.20515509603,12.0,-1.0432186257679466
143,2236620.0,2238060.0,-1.0,0.255,66619.90000000001,66370.7,8.494037250000002,8.46226425,-6.0900666502351015,63.54600000000297,52.67976515023807,12349.742023698309,4.0,12297.06225854807,1.3814742206571382,1712120400.0,2024-04-02T05:00:00Z,2024-04-02T05:00:00Z,2024-04-03T05:00:00Z,2024-04-03T05:00:00Z,timeout,simulated_bar_open_or_final_close,69414.305645304,33087.03225635198,12.0,0.07392889241468181
144,2238720.0,2240160.0,-1.0,0.276,65860.7,67645.3,9.088776600000001,9.335051400000001,-5.511739049676493,-492.54960000000165,-505.4616889503252,11844.280334747982,4.0,12349.742023698309,1.4718974019958087,1712246400.0,2024-04-03T16:00:00Z,2024-04-03T16:00:00Z,2024-04-04T16:00:00Z,2024-04-04T16:00:00Z,timeout,simulated_bar_open_or_final_close,68450.34718150545,34784.93382193448,12.0,-0.7071939930885824
145,2241000.0,2242440.0,-1.0,0.252,66893.90000000001,68042.2,8.428631400000002,8.5733172,-5.114634694032528,-289.37159999999704,-301.25891390596456,11543.021420842017,4.0,11844.280334747982,1.4232407815057584,1712383200.0,2024-04-05T06:00:00Z,2024-04-05T06:00:00Z,2024-04-06T06:00:00Z,2024-04-06T06:00:00Z,timeout,simulated_bar_open_or_final_close,69618.41937411367,34199.66751063609,12.0,-0.4387826682157968
146,2243040.0,2244480.0,1.0,0.38,68107.7,69553.90000000001,12.940463,13.215241000000002,10.484921842070861,549.5560000000045,512.9153741579336,12055.936794999949,4.0,11543.021420842017,2.242127520726033,1712505600.0,2024-04-06T16:00:00Z,2024-04-06T16:00:00Z,2024-04-07T16:00:00Z,2024-04-07T16:00:00Z,timeout,simulated_bar_open_or_final_close,66385.37932033547,88775.54815597422,12.0,0.7836968552677024
147,2244540.0,2245980.0,1.0,0.417,70122.0,71771.5,14.620437,14.96435775,16.37983850156021,687.8415,641.8768667484397,12697.813661748389,4.0,12055.936794999949,2.4254335848979642,1712595600.0,2024-04-07T17:00:00Z,2024-04-07T17:00:00Z,2024-04-08T17:00:00Z,2024-04-08T17:00:00Z,timeout,simulated_bar_open_or_final_close,68487.10222479407,89740.77330247118,12.0,0.941510279780625
148,2246040.0,2247277.0,1.0,0.326,71754.5,69509.8,11.6959835,11.330097400000001,9.617844896547533,-731.7721999999991,-764.4161257965467,11933.397535951843,1.0,12697.813661748389,1.842204305648876,1712673480.0,2024-04-08T18:00:00Z,2024-04-08T18:00:00Z,2024-04-09T14:37:00Z,2024-04-09T14:38:00Z,stop,within_minute_not_exact_tick,69523.76961311085,98523.26464266975,12.0,-1.0511511187047469
149,2248920.0,2250360.0,1.0,0.268,69409.5,70230.6,9.300873000000001,9.410900400000001,10.180562024324773,220.05480000000156,191.16246457567678,12124.56000052752,4.0,11933.397535951843,1.5587971442297446,1712858400.0,2024-04-10T18:00:00Z,2024-04-10T18:00:00Z,2024-04-11T18:00:00Z,2024-04-11T18:00:00Z,timeout,simulated_bar_open_or_final_close,66835.80569461084,100293.83166466995,12.0,0.2771474361869076
150,2250900.0,2251745.0,1.0,0.324,70695.2,68539.8,11.452622400000001,11.1034476,8.626873534416,-698.3495999999982,-729.5325435344141,11395.027456993104,1.0,12124.56000052752,1.889160909674531,1712941560.0,2024-04-12T03:00:00Z,2024-04-12T03:00:00Z,2024-04-12T17:05:00Z,2024-04-12T17:06:00Z,stop,within_minute_not_exact_tick,68553.57393414793,96394.71279022472,12.0,-1.0513710534187783
151,2251920.0,2253360.0,-1.0,0.21,66854.2,64792.100000000006,7.019691,6.8031705,-4.2482601,433.0409999999982,423.4663985999981,11818.493855593102,4.0,11395.027456993104,1.232062147545249,1713038400.0,2024-04-12T20:00:00Z,2024-04-12T20:00:00Z,2024-04-13T20:00:00Z,2024-04-13T20:00:00Z,timeout,simulated_bar_open_or_final_close,70014.99360732353,28924.6767121176,12.0,0.6379747970028039
152,2253420.0,2254860.0,-1.0,0.162,61816.100000000006,63837.8,5.0071041,5.170861800000001,-3.119227075991448,-327.51539999999954,-334.5741388240081,11483.919716769096,4.0,11818.493855593102,0.8473337061694014,1713128400.0,2024-04-13T21:00:00Z,2024-04-13T21:00:00Z,2024-04-14T21:00:00Z,2024-04-14T21:00:00Z,timeout,simulated_bar_open_or_final_close,66098.56047128938,10426.574344527558,12.0,-0.48226305314962487
153,2255940.0,2257380.0,-1.0,0.20600000000000002,64208.5,62077.3,6.613475500000001,6.393961900000002,-3.352768626954,439.0271999999994,429.3725312269534,11913.292247996049,4.0,11483.919716769096,1.151780169682455,1713279600.0,2024-04-15T15:00:00Z,2024-04-15T15:00:00Z,2024-04-16T15:00:00Z,2024-04-16T15:00:00Z,timeout,simulated_bar_open_or_final_close,67456.15605673038,25236.6273192354,12.0,0.6417960028554943
154,2257440.0,2258880.0,-1.0,0.201,61736.8,60286.100000000006,6.204548400000001,6.058753050000001,-2.063420050478963,291.59069999999946,281.3908186004784,12194.683066596526,4.0,11913.292247996049,1.0416177612101603,1713369600.0,2024-04-16T16:00:00Z,2024-04-16T16:00:00Z,2024-04-17T16:00:00Z,2024-04-17T16:00:00Z,timeout,simulated_bar_open_or_final_close,65194.437479929475,20245.15024084637,12.0,0.4048875365106152
155,2258940.0,2260216.0,-1.0,0.20700000000000002,60153.9,63607.700000000004,6.225928650000001,6.583396950000001,-1.6368590576092115,-714.9366000000007,-726.1090665423915,11468.574000054135,1.0,12194.683066596526,1.0210890461030449,1713449820.0,2024-04-17T17:00:00Z,2024-04-17T17:00:00Z,2024-04-18T14:16:00Z,2024-04-18T14:17:00Z,stop,within_minute_not_exact_tick,63594.90985483933,18861.781741928055,12.0,-1.0194022732563548
156,2260920.0,2261212.0,-1.0,0.209,60987.8,64204.100000000006,6.3732251,6.70932845,0.0,-672.2067000000005,-685.2892535500006,10783.284746504134,1.0,11468.574000054135,1.1114241578717488,1713509580.0,2024-04-19T02:00:00Z,2024-04-19T02:00:00Z,2024-04-19T06:52:00Z,2024-04-19T06:53:00Z,stop,within_minute_not_exact_tick,64191.1959672331,22547.048393202815,12.0,-1.0235687325385865
157,2262240.0,2263680.0,-1.0,0.19,63774.600000000006,64910.200000000004,6.058587,6.166469,-0.817274260266601,-215.76399999999973,-227.17178173973312,10556.112964764401,4.0,10783.284746504134,1.1236997153328725,1713657600.0,2024-04-20T00:00:00Z,2024-04-20T00:00:00Z,2024-04-21T00:00:00Z,2024-04-21T00:00:00Z,timeout,simulated_bar_open_or_final_close,67081.6354707833,24090.174350600515,12.0,-0.361544642350545
158,2264700.0,2265476.0,-1.0,0.341,64544.3,66321.3,11.004803150000003,11.30778165,-0.9759408180940001,-605.957,-627.293643981906,9928.819320782497,1.0,10556.112964764401,2.0850104933005733,1713765420.0,2024-04-21T17:00:00Z,2024-04-21T17:00:00Z,2024-04-22T05:56:00Z,2024-04-22T05:57:00Z,stop,within_minute_not_exact_tick,66307.95126342353,43380.48483891766,12.0,-1.0430467982060692
159,2265840.0,2267280.0,1.0,0.305,65869.3,66010.2,10.04506825,10.066555499999998,0.9849813912895178,42.97449999999822,21.877894858708704,9950.697215641207,4.0,9928.819320782497,2.0234164658378218,1713873600.0,2024-04-22T12:00:00Z,2024-04-22T12:00:00Z,2024-04-23T12:00:00Z,2024-04-23T12:00:00Z,timeout,simulated_bar_open_or_final_close,64012.35269125156,88152.66770498132,12.0,0.03862834582193072
160,2267460.0,2268872.0,1.0,0.322,66893.8,65120.5,10.769901800000001,10.4844005,1.2074679179450512,-571.0026000000009,-593.4643702179459,9357.23284542326,1.0,9950.697215641207,2.164652700530594,1713969180.0,2024-04-23T15:00:00Z,2024-04-23T15:00:00Z,2024-04-24T14:32:00Z,2024-04-24T14:33:00Z,stop,within_minute_not_exact_tick,65133.610552921185,88016.07336494583,12.0,-1.047078797924279
161,2269080.0,2270520.0,-1.0,0.289,64837.0,64687.9,9.3689465,9.347401549999999,-2.267295072216676,43.089899999999574,26.64084702221625,9383.873692445475,4.0,9357.23284542326,2.0025036578164173,1714068000.0,2024-04-24T18:00:00Z,2024-04-24T18:00:00Z,2024-04-25T18:00:00Z,2024-04-25T18:00:00Z,timeout,simulated_bar_open_or_final_close,66687.77049580276,42627.754050366915,12.0,0.049807829699913576
162,2271660.0,2273100.0,-1.0,0.299,64101.600000000006,63021.100000000006,9.583189200000001,9.42165445,-4.3676848521539995,323.0695,308.432341202154,9692.306033647628,4.0,9383.873692445475,2.0424804327268355,1714222800.0,2024-04-26T13:00:00Z,2024-04-26T13:00:00Z,2024-04-27T13:00:00Z,2024-04-27T13:00:00Z,timeout,simulated_bar_open_or_final_close,65892.26740470275,42613.5911435671,12.0,0.5760680564893853
163,2273340.0,2273952.0,-1.0,0.34700000000000003,62700.3,64301.100000000006,10.878502050000002,11.156240850000001,-0.22141094888320353,-555.4776000000011,-577.2909319511178,9115.01510169651,1.0,9692.306033647628,2.2447706484368934,1714273980.0,2024-04-27T17:00:00Z,2024-04-27T17:00:00Z,2024-04-28T03:12:00Z,2024-04-28T03:13:00Z,stop,within_minute_not_exact_tick,64288.17012069387,43645.85855167364,12.0,-1.0477321831424227
164,2274480.0,2275920.0,-1.0,0.365,63446.3,62235.100000000006,11.57894975,11.35790575,-2.4761604570407947,442.08799999999894,421.62730495703977,9536.64240665355,4.0,9115.01510169651,2.5406320496045907,1714392000.0,2024-04-28T12:00:00Z,2024-04-28T12:00:00Z,2024-04-29T12:00:00Z,2024-04-29T12:00:00Z,timeout,simulated_bar_open_or_final_close,64852.63274428467,46570.30706858401,12.0,0.8213869057281529
165,2276040.0,2276550.0,-1.0,0.311,61977.700000000004,63739.8,9.63753235,9.9115389,-1.33806486096,-548.0130999999996,-566.2241063890395,8970.41830026451,1.0,9536.64240665355,2.0211583781889657,1714429860.0,2024-04-29T14:00:00Z,2024-04-29T14:00:00Z,2024-04-29T22:30:00Z,2024-04-29T22:31:00Z,stop,within_minute_not_exact_tick,63726.9742035784,40986.40955705926,12.0,-1.0408066882342293
166,2277180.0,2278620.0,-1.0,0.23500000000000001,61892.600000000006,57164.5,7.2723805000000015,6.71682875,-4.061765397769995,1111.1035000000015,1101.1760561477713,10071.59435641228,4.0,8970.41830026451,1.621413908821969,1714554000.0,2024-04-30T09:00:00Z,2024-04-30T09:00:00Z,2024-05-01T09:00:00Z,2024-05-01T09:00:00Z,timeout,simulated_bar_open_or_final_close,64095.57034386105,35456.9558736675,12.0,2.127062477773961
167,2278680.0,2280120.0,-1.0,0.201,57078.5,57787.4,5.73638925,5.8076337,-2.624137289488644,-142.4889000000003,-151.40878566051168,9920.18557075177,4.0,10071.59435641228,1.1391223766568426,1714644000.0,2024-05-01T10:00:00Z,2024-05-01T10:00:00Z,2024-05-02T10:00:00Z,2024-05-02T10:00:00Z,timeout,simulated_bar_open_or_final_close,59995.979707157305,22068.74351411232,12.0,-0.2581946118602239
168,2281620.0,2281744.0,-1.0,0.278,58997.200000000004,61060.9,8.200610800000002,8.487465100000001,0.0,-573.7085999999993,-590.3966758999993,9329.78889485177,1.0,9920.18557075177,1.6533180234406735,1714741500.0,2024-05-03T11:00:00Z,2024-05-03T11:00:00Z,2024-05-03T13:04:00Z,2024-05-03T13:05:00Z,stop,within_minute_not_exact_tick,61048.66823164917,34379.58122020999,12.0,-1.0352239519169835
169,2283060.0,2284500.0,1.0,0.234,64406.5,63651.200000000004,7.535560500000001,7.447190400000001,2.0607283461099573,-176.740199999999,-193.78367924610896,9136.00521560566,4.0,9329.78889485177,1.6153764216804873,1714906800.0,2024-05-04T11:00:00Z,2024-05-04T11:00:00Z,2024-05-05T11:00:00Z,2024-05-05T11:00:00Z,timeout,simulated_bar_open_or_final_close,62106.18006910084,92010.33917078991,12.0,-0.36000878411287884
170,2284680.0,2286120.0,1.0,0.292,64101.200000000004,63843.100000000006,9.3587752,9.3210926,0.6503204024587781,-75.36519999999958,-94.69538820245835,9041.309827403202,4.0,9136.00521560566,2.048767481877925,1715004000.0,2024-05-05T14:00:00Z,2024-05-05T14:00:00Z,2024-05-06T14:00:00Z,2024-05-06T14:00:00Z,timeout,simulated_bar_open_or_final_close,62318.1416354932,85497.90037408163,12.0,-0.18187810400455134
171,2287260.0,2288192.0,1.0,0.248,64219.700000000004,62111.3,7.963242800000001,7.7018012,2.182192659871072,-522.8832000000003,-540.7304366598713,8500.579390743329,1.0,9041.309827403202,1.7615241490484708,1715128380.0,2024-05-07T09:00:00Z,2024-05-07T09:00:00Z,2024-05-08T00:32:00Z,2024-05-08T00:33:00Z,stop,within_minute_not_exact_tick,62123.81283637757,89370.34596346927,12.0,-1.0403063207766625
172,2288220.0,2289660.0,-1.0,0.23500000000000001,62553.3,61380.200000000004,7.350012750000001,7.212173500000001,-2.98261261007031,275.6784999999997,264.09892636007,8764.6783171034,4.0,8500.579390743329,1.7292968895752605,1715216400.0,2024-05-08T01:00:00Z,2024-05-08T01:00:00Z,2024-05-09T01:00:00Z,2024-05-09T01:00:00Z,timeout,simulated_bar_open_or_final_close,64630.976317908906,37621.18418509317,12.0,0.5409048603319374
173,2290080.0,2290962.0,-1.0,0.291,61210.200000000004,62942.200000000004,8.906084100000001,9.158090099999999,-1.3112192846459405,-504.01199999999994,-520.764954915354,8243.913362188046,1.0,8764.6783171034,2.0322671928804645,1715294580.0,2024-05-09T08:00:00Z,2024-05-09T08:00:00Z,2024-05-09T22:42:00Z,2024-05-09T22:43:00Z,stop,within_minute_not_exact_tick,62929.515278205276,40578.41666153676,12.0,-1.0408622051409946
174,2291820.0,2291930.0,1.0,0.273,63003.200000000004,61269.600000000006,8.599936800000002,8.363300400000002,0.0,-473.2727999999996,-490.23603719999966,7753.677324988047,1.0,8243.913362188046,2.0863724355583138,1715352660.0,2024-05-10T13:00:00Z,2024-05-10T13:00:00Z,2024-05-10T14:50:00Z,2024-05-10T14:51:00Z,stop,within_minute_not_exact_tick,61281.936484386584,83658.36218736102,12.0,-1.043266405004837
175,2291940.0,2293380.0,-1.0,0.20500000000000002,61022.4,60818.3,6.254796000000001,6.233875750000001,-2.5333904011088073,41.84049999999971,31.885218651108513,7785.5625436391565,4.0,7753.677324988047,1.6133753670255147,1715439600.0,2024-05-10T15:00:00Z,2024-05-10T15:00:00Z,2024-05-11T15:00:00Z,2024-05-11T15:00:00Z,timeout,simulated_bar_open_or_final_close,63200.86421699805,34880.82939602336,12.0,0.07139784566714591
176,2295600.0,2295836.0,-1.0,0.34,61117.700000000004,62414.8,10.390009000000003,10.610516000000002,0.0,-441.01399999999956,-462.0145249999996,7323.548018639157,1.0,7785.5625436391565,2.6690451567918343,1715587020.0,2024-05-13T04:00:00Z,2024-05-13T04:00:00Z,2024-05-13T07:56:00Z,2024-05-13T07:57:00Z,stop,within_minute_not_exact_tick,62402.28920947624,45702.629486285135,12.0,-1.0578216288723494
177,2296320.0,2297460.0,1.0,0.241,62993.8,61683.3,7.590752900000001,7.432837650000001,4.379162805669525,-315.8305,-335.2332533556695,6988.314765283488,3.0,7323.548018639157,2.0729714287885543,1715684400.0,2024-05-13T16:00:00Z,2024-05-13T16:00:00Z,2024-05-14T11:00:00Z,2024-05-14T11:00:00Z,opposite,simulated_bar_open_or_final_close,61259.09849461121,83810.21806466558,12.0,-0.8018724522359588
178,2297580.0,2298990.0,-1.0,0.231,61524.100000000006,63263.100000000006,7.106033550000001,7.306888050000001,-1.9930515145342524,-401.709,-414.12887008546573,6574.185895198022,1.0,6988.314765283488,2.0336901781531984,1715776260.0,2024-05-14T13:00:00Z,2024-05-14T13:00:00Z,2024-05-15T12:30:00Z,2024-05-15T12:31:00Z,stop,within_minute_not_exact_tick,63250.35179582518,40809.07845009789,12.0,-1.038530807441496
179,2299020.0,2300460.0,1.0,0.19,63747.9,65963.7,6.0560505000000004,6.266551499999999,1.202736015433341,421.00199999999916,407.4766619845658,6981.662557182588,4.0,6574.185895198022,1.8423727581002896,1715864400.0,2024-05-15T13:00:00Z,2024-05-15T13:00:00Z,2024-05-16T13:00:00Z,2024-05-16T13:00:00Z,timeout,simulated_bar_open_or_final_close,61767.62963009195,87511.14443889666,12.0,1.0829905062633736
180,2300520.0,2301960.0,1.0,0.20600000000000002,66313.3,65905.5,6.830269900000001,6.788266500000001,1.2159633079536785,-84.00680000000061,-98.84129970795429,6882.821257474635,4.0,6981.662557182588,1.9566313450578223,1715954400.0,2024-05-16T14:00:00Z,2024-05-16T14:00:00Z,2024-05-17T14:00:00Z,2024-05-17T14:00:00Z,timeout,simulated_bar_open_or_final_close,64378.57700978438,89529.97588258755,12.0,-0.2480004305170099
181,2302020.0,2303460.0,1.0,0.20500000000000002,66791.3,66744.2,6.846108250000001,6.8412805,1.1432954183434245,-9.655500000001194,-24.486184168344618,6858.33507330629,4.0,6882.821257474635,1.9893319887001963,1716044400.0,2024-05-17T15:00:00Z,2024-05-17T15:00:00Z,2024-05-18T15:00:00Z,2024-05-18T15:00:00Z,timeout,simulated_bar_open_or_final_close,64877.663066386755,89754.94320335895,12.0,-0.06241769205178476
182,2304480.0,2305144.0,1.0,0.367,67308.6,66269.3,12.351128100000002,12.16041655,2.45951119733038,-381.42310000000106,-408.3941558473314,6449.940917458958,1.0,6858.33507330629,3.6017861384674887,1716145500.0,2024-05-19T08:00:00Z,2024-05-19T08:00:00Z,2024-05-19T19:04:00Z,2024-05-19T19:05:00Z,stop,within_minute_not_exact_tick,66282.59470020975,79620.66359748309,12.0,-1.084585640654398
183,2305740.0,2307180.0,1.0,0.264,67113.5,70941.7,8.858982000000001,9.364304400000002,2.777808655888185,1010.6447999999992,989.643704944111,7439.584622403069,4.0,6449.940917458958,2.7469963255074643,1716267600.0,2024-05-20T05:00:00Z,2024-05-20T05:00:00Z,2024-05-21T05:00:00Z,2024-05-21T05:00:00Z,timeout,simulated_bar_open_or_final_close,65746.7207324477,83514.85121062756,12.0,2.742688952422333
184,2307240.0,2308680.0,1.0,0.17200000000000001,71251.0,69942.5,6.127586,6.015055,3.691400912015541,-225.062,-240.89604191201556,7198.688580491054,4.0,7439.584622403069,1.647292506505752,1716357600.0,2024-05-21T06:00:00Z,2024-05-21T06:00:00Z,2024-05-22T06:00:00Z,2024-05-22T06:00:00Z,timeout,simulated_bar_open_or_final_close,68767.4331940331,101053.80167160269,12.0,-0.5639302231953183
185,2309280.0,2310586.0,1.0,0.20500000000000002,70499.8,68485.8,7.226229500000001,7.019794500000001,4.29416778851426,-412.87,-431.4101917885142,6767.27838870254,1.0,7198.688580491054,2.0076516491027503,1716472020.0,2024-05-22T16:00:00Z,2024-05-22T16:00:00Z,2024-05-23T13:46:00Z,2024-05-23T13:47:00Z,stop,within_minute_not_exact_tick,68499.53110397115,94503.02675234614,12.0,-1.0520785301025972
186,2312160.0,2313600.0,1.0,0.177,68354.0,68935.2,6.049329,6.1007652,4.861074969168237,102.87239999999947,85.86123083083123,6853.139619533371,4.0,6767.27838870254,1.7878173920253961,1716652800.0,2024-05-24T16:00:00Z,2024-05-24T16:00:00Z,2024-05-25T16:00:00Z,2024-05-25T16:00:00Z,timeout,simulated_bar_open_or_final_close,66160.36620594842,94677.60552861902,12.0,0.22113613535888518
187,2314560.0,2315372.0,1.0,0.357,69373.1,68308.0,12.383098350000001,12.192978,4.934564184632082,-380.24070000000205,-409.75134053463415,6443.3882789987365,1.0,6853.139619533371,3.6138468023341286,1716759180.0,2024-05-26T08:00:00Z,2024-05-26T08:00:00Z,2024-05-26T21:32:00Z,2024-05-26T21:33:00Z,stop,within_minute_not_exact_tick,68321.71689683678,81989.69723795874,12.0,-1.0916694924877834
188,2315700.0,2317140.0,1.0,0.301,69144.90000000001,68686.3,10.40630745,10.337288150000001,6.27715149091137,-138.03860000000174,-165.0593470909131,6278.328931907824,4.0,6443.3882789987365,3.2300730607583614,1716865200.0,2024-05-27T03:00:00Z,2024-05-27T03:00:00Z,2024-05-28T03:00:00Z,2024-05-28T03:00:00Z,timeout,simulated_bar_open_or_final_close,67959.76585356724,83366.5097571933,12.0,-0.46270704927425926
189,2318580.0,2320020.0,1.0,0.179,68735.0,67966.5,6.1517824999999995,6.083001749999999,3.94404418381,-137.5615,-153.74032843381,6124.588603474013,4.0,6278.328931907824,1.959687861760575,1717038000.0,2024-05-29T03:00:00Z,2024-05-29T03:00:00Z,2024-05-30T03:00:00Z,2024-05-30T03:00:00Z,timeout,simulated_bar_open_or_final_close,66734.02894372956,92746.65267524532,12.0,-0.4292338530827387
190,2320140.0,2321580.0,1.0,0.21,68228.0,68544.8,7.163939999999999,7.197204,4.956804488637027,66.5280000000006,47.21005151136358,6171.798654985377,4.0,6124.588603474013,2.33940284444132,1717131600.0,2024-05-30T05:00:00Z,2024-05-30T05:00:00Z,2024-05-31T05:00:00Z,2024-05-31T05:00:00Z,timeout,simulated_bar_open_or_final_close,66578.99854603852,88016.01744753771,12.0,0.13633084953421967
191,2323800.0,2325240.0,1.0,0.34400000000000003,67822.7,67908.2,11.6655044,11.6802104,7.00838424,29.412000000000003,-0.9420990399999969,6170.856555945376,4.0,6171.798654985377,3.780260845216325,1717351200.0,2024-06-01T18:00:00Z,2024-06-01T18:00:00Z,2024-06-02T18:00:00Z,2024-06-02T18:00:00Z,timeout,simulated_bar_open_or_final_close,66842.85711059342,79580.81467287884,12.0,-0.0027949991060899843
192,2325720.0,2327160.0,1.0,0.279,68535.3,69246.0,9.560674350000001,9.659817,6.968727438890568,198.2852999999992,172.09608121110864,6342.952637156485,4.0,6170.856555945376,3.0986538945841056,1717466400.0,2024-06-03T02:00:00Z,2024-06-03T02:00:00Z,2024-06-04T02:00:00Z,2024-06-04T02:00:00Z,timeout,simulated_bar_open_or_final_close,67307.97085919492,83263.24968966113,12.0,0.5025806132927441
193,2327880.0,2329320.0,1.0,0.227,69580.7,70758.90000000001,7.8974094500000005,8.03113515,5.852113521385364,267.45140000000265,245.67074187861726,6588.623379035102,4.0,6342.952637156485,2.490136660878606,1717596000.0,2024-06-04T14:00:00Z,2024-06-04T14:00:00Z,2024-06-05T14:00:00Z,2024-06-05T14:00:00Z,timeout,simulated_bar_open_or_final_close,68004.60159067738,88493.88091187143,12.0,0.6866639531018349
194,2329380.0,2330820.0,1.0,0.214,70921.6,71500.0,7.588611200000001,7.6505,5.137102709254355,123.77759999999876,103.40138609074441,6692.024765125847,4.0,6588.623379035102,2.303549850533829,1717686000.0,2024-06-05T15:00:00Z,2024-06-05T15:00:00Z,2024-06-06T15:00:00Z,2024-06-06T15:00:00Z,timeout,simulated_bar_open_or_final_close,69182.07612664442,91795.88648026713,12.0,0.27776798844440975
195,2330880.0,2332320.0,1.0,0.255,71348.6,71135.8,9.0969465,9.069814500000001,7.605814421633917,-54.26400000000074,-80.03657542163467,6611.988189704212,4.0,6692.024765125847,2.7187426285111567,1717776000.0,2024-06-06T16:00:00Z,2024-06-06T16:00:00Z,2024-06-07T16:00:00Z,2024-06-07T16:00:00Z,timeout,simulated_bar_open_or_final_close,69877.2117678848,89005.25878538242,12.0,-0.21331482498734747
196,2335020.0,2336460.0,1.0,0.47300000000000003,69748.8,69388.0,16.495591200000003,16.410262000000003,9.863114250000002,-170.6584000000014,-213.4273674500014,6398.560822254211,4.0,6611.988189704212,4.989600926900002,1718024400.0,2024-06-09T13:00:00Z,2024-06-09T13:00:00Z,2024-06-10T13:00:00Z,2024-06-10T13:00:00Z,timeout,simulated_bar_open_or_final_close,69058.32088761717,78034.54934859391,12.0,-0.6534892104742346
197,2336640.0,2337232.0,1.0,0.358,70105.0,69117.2,12.548795,12.371978799999999,4.99896828585114,-353.63240000000104,-383.5521420858522,6015.008680168359,1.0,6398.560822254211,3.9223804691690223,1718070780.0,2024-06-10T16:00:00Z,2024-06-10T16:00:00Z,2024-06-11T01:52:00Z,2024-06-11T01:53:00Z,stop,within_minute_not_exact_tick,69131.10510878077,81791.73869463077,12.0,-1.1000927391893038
198,2337420.0,2338860.0,-1.0,0.219,68026.40000000001,67503.5,7.448890800000001,7.39163325,-4.405368300980821,114.51510000000191,104.07994425098273,6119.088624419342,4.0,6015.008680168359,2.4767680966310786,1718168400.0,2024-06-11T05:00:00Z,2024-06-11T05:00:00Z,2024-06-12T05:00:00Z,2024-06-12T05:00:00Z,timeout,simulated_bar_open_or_final_close,69574.7440970201,49446.27083575888,12.0,0.3069413884842815
199,2339820.0,2341260.0,-1.0,0.14100000000000001,68087.90000000001,66738.90000000001,4.800196950000002,4.705092450000001,-2.8547277944999134,190.20900000000003,183.55843839449994,6302.64706281384,4.0,6119.088624419342,1.568925454305054,1718312400.0,2024-06-12T21:00:00Z,2024-06-12T21:00:00Z,2024-06-13T21:00:00Z,2024-06-13T21:00:00Z,timeout,simulated_bar_open_or_final_close,70581.97985904478,38158.94169146278,12.0,0.5219692110875288
200,2342400.0,2343840.0,-1.0,0.214,66366.7,66325.1,7.1012369,7.096785700000001,-4.246369380936152,8.902399999998131,-1.0492532190657178,6301.597809594775,4.0,6302.64706281384,2.253414106557833,1718467200.0,2024-06-14T16:00:00Z,2024-06-14T16:00:00Z,2024-06-15T16:00:00Z,2024-06-15T16:00:00Z,timeout,simulated_bar_open_or_final_close,68037.71760319271,46314.48876168745,12.0,-0.002934171618642898
201,2344140.0,2345580.0,-1.0,0.193,66021.90000000001,66517.2,6.371113350000002,6.4189098,-3.843717427291514,-95.59289999999775,-104.53920572270624,6197.0586038720685,4.0,6301.597809594775,2.022062829937951,1718571600.0,2024-06-15T21:00:00Z,2024-06-15T21:00:00Z,2024-06-16T21:00:00Z,2024-06-16T21:00:00Z,timeout,simulated_bar_open_or_final_close,67073.02417496593,53408.409900408864,12.0,-0.5153091600040953
202,2345940.0,2346850.0,-1.0,0.233,66311.1,66976.40000000001,7.725243150000002,7.802750600000001,-3.06369836,-155.0149000000007,-167.4791953900007,6029.579408482068,1.0,6197.0586038720685,2.4931967385859757,1718647860.0,2024-06-17T03:00:00Z,2024-06-17T03:00:00Z,2024-06-17T18:10:00Z,2024-06-17T18:11:00Z,stop,within_minute_not_exact_tick,67245.10937730485,55102.98747234192,12.0,-0.7695798858830984
203,2347320.0,2348760.0,-1.0,0.166,65090.600000000006,65021.100000000006,5.402519800000001,5.396751300000001,-3.0525915882155967,11.537,3.7903204882155954,6033.369728970283,4.0,6029.579408482068,1.7920055227732947,1718762400.0,2024-06-18T02:00:00Z,2024-06-18T02:00:00Z,2024-06-19T02:00:00Z,2024-06-19T02:00:00Z,timeout,simulated_bar_open_or_final_close,67177.4627042067,40048.24754951974,12.0,0.010941427007669847
204,2349540.0,2350980.0,-1.0,0.20800000000000002,64905.100000000006,64946.3,6.750130400000001,6.754415200000001,-1.747069022366142,-8.569599999999395,-20.327076577633257,6013.04265239265,4.0,6033.369728970283,2.2375987891436737,1718895600.0,2024-06-19T15:00:00Z,2024-06-19T15:00:00Z,2024-06-20T15:00:00Z,2024-06-20T15:00:00Z,timeout,simulated_bar_open_or_final_close,66552.67477264453,45134.202728265635,12.0,-0.05931526224044984
205,2351040.0,2352480.0,-1.0,0.215,64781.3,63729.8,6.9639897500000005,6.850953500000001,-2.8472629396,226.0725,215.1048196896,6228.14747208225,4.0,6013.04265239265,2.3162948119880573,1718985600.0,2024-06-20T16:00:00Z,2024-06-20T16:00:00Z,2024-06-21T16:00:00Z,2024-06-21T16:00:00Z,timeout,simulated_bar_open_or_final_close,66363.74332352214,45791.980117734325,12.0,0.6322422538414547
206,2352540.0,2353980.0,-1.0,0.197,63629.700000000004,64308.3,6.267525450000001,6.334367550000001,-3.0563577873264443,-133.68419999999972,-143.22973521267326,6084.917736869576,4.0,6228.14747208225,2.012645165546983,1719075600.0,2024-06-21T17:00:00Z,2024-06-21T17:00:00Z,2024-06-22T17:00:00Z,2024-06-22T17:00:00Z,timeout,simulated_bar_open_or_final_close,65435.39670666364,41961.3395200364,12.0,-0.4026448576786283
207,2355300.0,2356679.0,-1.0,0.47400000000000003,64153.600000000006,61599.100000000006,15.204403200000003,14.598986700000003,-7.235315488632001,1210.833,1188.264925588632,7273.182662458208,1.0,6084.917736869576,4.997406327409777,1719237600.0,2024-06-23T15:00:00Z,2024-06-23T15:00:00Z,2024-06-24T13:59:00Z,2024-06-24T14:00:00Z,stop,within_minute_not_exact_tick,64696.98110114004,57633.026786319635,12.0,4.613498745923386
208,2356740.0,2358149.0,-1.0,0.222,61271.0,61984.9,6.801081,6.8803239000000005,-2.808671219742,-158.48580000000032,-169.35853368025835,7103.82412877795,1.0,7273.182662458208,1.8701801716337905,1719325800.0,2024-06-24T15:00:00Z,2024-06-24T15:00:00Z,2024-06-25T14:29:00Z,2024-06-25T14:30:00Z,stop,within_minute_not_exact_tick,63148.2230141844,38744.323829787216,12.0,-0.4063855344168846
209,2359800.0,2361240.0,-1.0,0.245,61215.5,61832.4,7.49889875,7.574469000000001,-4.488849857531795,-151.14050000000034,-161.72501789246854,6942.099110885482,4.0,7103.82412877795,2.11122871683199,1719511200.0,2024-06-26T18:00:00Z,2024-06-26T18:00:00Z,2024-06-27T18:00:00Z,2024-06-27T18:00:00Z,timeout,simulated_bar_open_or_final_close,62865.699312499164,41413.10825001,12.0,-0.4000135673593937
210,2362080.0,2363520.0,-1.0,0.289,61305.700000000004,61062.100000000006,8.85867365,8.82347345,-5.275086532742018,70.40039999999958,57.99333943274159,7000.092450318223,4.0,6942.099110885482,2.5521599471575547,1719648000.0,2024-06-28T08:00:00Z,2024-06-28T08:00:00Z,2024-06-29T08:00:00Z,2024-06-29T08:00:00Z,timeout,simulated_bar_open_or_final_close,62656.39820856548,45097.32149721432,12.0,0.14856686216389048
211,2364660.0,2364910.0,-1.0,0.17,60819.4,61644.9,5.169649000000001,5.239816500000001,0.0,-140.335,-150.7444655,6849.347984818223,1.0,7000.092450318223,1.4770230641068145,1719731460.0,2024-06-30T03:00:00Z,2024-06-30T03:00:00Z,2024-06-30T07:10:00Z,2024-06-30T07:11:00Z,stop,within_minute_not_exact_tick,61632.53759546308,51061.74885444305,12.0,-1.0905068895443324
212,2366640.0,2368080.0,-1.0,0.309,62645.3,62835.9,9.678698850000002,9.70814655,-5.82875961986703,-58.89539999999955,-72.45348578013251,6776.8944990380905,4.0,6849.347984818223,2.826166482255863,1719921600.0,2024-07-01T12:00:00Z,2024-07-01T12:00:00Z,2024-07-02T12:00:00Z,2024-07-02T12:00:00Z,timeout,simulated_bar_open_or_final_close,63883.805263151065,47783.23684218728,12.0,-0.18932281293884934
213,2368200.0,2369640.0,-1.0,0.3,62612.700000000004,60601.3,9.391905000000001,9.090195,-5.5482619319151,603.4200000000004,590.4861619319156,7367.380660970006,4.0,6776.8944990380905,2.771743016313175,1720015200.0,2024-07-02T14:00:00Z,2024-07-02T14:00:00Z,2024-07-03T14:00:00Z,2024-07-03T14:00:00Z,timeout,simulated_bar_open_or_final_close,63878.268305435624,47425.880334772606,12.0,1.5552595604566926
214,2369700.0,2371140.0,-1.0,0.24,60274.700000000004,57445.4,7.232964,6.893448,-4.28642084782968,679.0320000000007,669.1920088478304,8036.572669817835,4.0,7367.380660970006,1.9635103255402284,1720105200.0,2024-07-03T15:00:00Z,2024-07-03T15:00:00Z,2024-07-04T15:00:00Z,2024-07-04T15:00:00Z,timeout,simulated_bar_open_or_final_close,62027.886027536675,39236.46766955991,12.0,1.590418810708684
215,2371680.0,2373120.0,-1.0,0.18,57034.4,56616.3,5.133095999999999,5.095467,-1.74250669104,75.25799999999974,66.77194369103975,8103.344613508875,4.0,8036.572669817835,1.2774341030419256,1720224000.0,2024-07-05T00:00:00Z,2024-07-05T00:00:00Z,2024-07-06T00:00:00Z,2024-07-06T00:00:00Z,timeout,simulated_bar_open_or_final_close,59624.85732443698,25948.912106756183,12.0,0.14320067704980347
216,2375040.0,2376480.0,-1.0,0.264,57333.0,55839.600000000006,7.567956000000001,7.370827200000002,-3.8765885968319616,394.2575999999985,383.19540539683044,8486.540018905705,4.0,8103.344613508875,1.8678598433006681,1720425600.0,2024-07-07T08:00:00Z,2024-07-07T08:00:00Z,2024-07-08T08:00:00Z,2024-07-08T08:00:00Z,timeout,simulated_bar_open_or_final_close,59092.38300421212,36220.40394945454,12.0,0.8250038475080471
217,2376960.0,2378400.0,-1.0,0.156,55725.600000000006,57456.8,4.3465968,4.4816304,-1.857473219177784,-270.06719999999956,-277.0379539808217,8209.502064924884,4.0,8486.540018905705,1.024350746079548,1720540800.0,2024-07-08T16:00:00Z,2024-07-08T16:00:00Z,2024-07-09T16:00:00Z,2024-07-09T16:00:00Z,timeout,simulated_bar_open_or_final_close,58901.56146716063,17614.062394072505,12.0,-0.5591643156733762
218,2379660.0,2381100.0,-1.0,0.219,58116.200000000004,58810.100000000006,6.363723900000001,6.4397059500000005,-3.230240187552617,-151.96410000000031,-161.53728966244768,8047.964775262437,4.0,8209.502064924884,1.5503312745821762,1720702800.0,2024-07-10T13:00:00Z,2024-07-10T13:00:00Z,2024-07-11T13:00:00Z,2024-07-11T13:00:00Z,timeout,simulated_bar_open_or_final_close,60276.93019853306,32187.43761760331,12.0,-0.3413721876551133
219,2381280.0,2382720.0,-1.0,0.201,57371.3,58200.600000000006,5.76581565,5.849160300000001,-1.5541002200429492,-166.6893000000006,-176.75017572995765,7871.21459953248,4.0,8047.964775262437,1.4328630432684721,1720800000.0,2024-07-11T16:00:00Z,2024-07-11T16:00:00Z,2024-07-12T16:00:00Z,2024-07-12T16:00:00Z,timeout,simulated_bar_open_or_final_close,59685.54367824602,29600.37586104783,12.0,-0.37997472624650835
220,2384940.0,2386380.0,1.0,0.269,59938.100000000006,62562.4,8.061674450000002,8.414642800000001,2.6970781550635428,705.9366999999988,686.7633045949352,8557.977904127414,4.0,7871.21459953248,2.048394017990269,1721019600.0,2024-07-14T05:00:00Z,2024-07-14T05:00:00Z,2024-07-15T05:00:00Z,2024-07-15T05:00:00Z,timeout,simulated_bar_open_or_final_close,58271.63108435878,79935.72698769471,12.0,1.5319958345418878
221,2386440.0,2387880.0,1.0,0.24,62781.8,63619.100000000006,7.533816,7.634292,-0.3809067528236037,200.95200000000068,186.16479875282428,8744.142702880237,4.0,8557.977904127414,1.7606532955329381,1721109600.0,2024-07-15T06:00:00Z,2024-07-15T06:00:00Z,2024-07-16T06:00:00Z,2024-07-16T06:00:00Z,timeout,simulated_bar_open_or_final_close,60739.25203988471,87292.37552138348,12.0,0.3797642339944459
222,2388420.0,2389860.0,1.0,0.201,63819.100000000006,64984.200000000004,6.413819550000001,6.530912100000001,0.14012072806583276,234.18509999999972,221.1002476219339,8965.24295050217,4.0,8744.142702880237,1.4669979134460718,1721228400.0,2024-07-16T15:00:00Z,2024-07-16T15:00:00Z,2024-07-17T15:00:00Z,2024-07-17T15:00:00Z,timeout,simulated_bar_open_or_final_close,61307.835978527255,93954.26825767299,12.0,0.4380269149497138
223,2392620.0,2394060.0,1.0,0.294,64399.100000000006,66431.2,9.4666677,9.765386399999999,0.668489929539806,597.4373999999974,577.5368559704576,9542.779806472625,4.0,8965.24295050217,2.111859712506674,1721480400.0,2024-07-19T13:00:00Z,2024-07-19T13:00:00Z,2024-07-20T13:00:00Z,2024-07-20T13:00:00Z,timeout,simulated_bar_open_or_final_close,62661.85114232116,85246.08629214617,12.0,1.1307597446655482
224,2394120.0,2395560.0,1.0,0.262,66516.40000000001,66718.5,8.713648400000002,8.7401235,-0.26689880051429365,52.950199999997714,35.763326900512006,9578.543133373136,4.0,9542.779806472625,1.826228536487818,1721570400.0,2024-07-20T14:00:00Z,2024-07-20T14:00:00Z,2024-07-21T14:00:00Z,2024-07-21T14:00:00Z,timeout,simulated_bar_open_or_final_close,65126.0665492773,83200.40140867257,12.0,0.0981787841189628
225,2395620.0,2395810.0,1.0,0.405,67264.40000000001,65927.1,13.621041000000004,13.350237750000002,0.17563947806351102,-541.6065000000012,-568.7534182280648,9009.78971514507,1.0,9578.543133373136,2.8440736363220362,1721585460.0,2024-07-21T15:00:00Z,2024-07-21T15:00:00Z,2024-07-21T18:10:00Z,2024-07-21T18:11:00Z,stop,within_minute_not_exact_tick,65940.34593762533,83153.04874849608,12.0,-1.0606284649774584
226,2395920.0,2397360.0,1.0,0.248,67405.0,68179.90000000001,8.35822,8.454307600000002,2.996480392544,192.17520000000218,172.3661920074582,9182.155907152528,4.0,9009.78971514507,1.8553640571544505,1721678400.0,2024-07-21T20:00:00Z,2024-07-21T20:00:00Z,2024-07-22T20:00:00Z,2024-07-22T20:00:00Z,timeout,simulated_bar_open_or_final_close,65323.99828809635,92377.02054284375,12.0,0.3339857741569171
227,2397420.0,2398428.0,1.0,0.257,68113.6,66057.0,8.752597600000001,8.488324500000001,1.5541137023623712,-528.5462000000015,-547.3412358023638,8634.814671350166,1.0,9182.155907152528,1.9064362854440495,1721742540.0,2024-07-22T21:00:00Z,2024-07-22T21:00:00Z,2024-07-23T13:48:00Z,2024-07-23T13:49:00Z,stop,within_minute_not_exact_tick,66070.2313568847,92634.02371738368,12.0,-1.0422653994443596
228,2399580.0,2400548.0,1.0,0.28,66425.8,64656.100000000006,9.299612000000002,9.051854,3.6823675057590406,-495.5159999999992,-517.5498335057583,8117.264837844408,1.0,8634.814671350166,2.153980682609343,1721869740.0,2024-07-24T09:00:00Z,2024-07-24T09:00:00Z,2024-07-25T01:08:00Z,2024-07-25T01:09:00Z,stop,within_minute_not_exact_tick,64669.12733280708,87505.87200631507,12.0,-1.0522121150061536
229,2401440.0,2402880.0,1.0,0.223,64786.3,67514.3,7.2236724500000005,7.527844450000001,4.905448975224017,608.344,588.6870341247761,8705.951871969184,4.0,8117.264837844408,1.779829189832937,1722009600.0,2024-07-25T16:00:00Z,2024-07-25T16:00:00Z,2024-07-26T16:00:00Z,2024-07-26T16:00:00Z,timeout,simulated_bar_open_or_final_close,62696.027499073396,89869.57001111927,12.0,1.2629224992401178
230,2403120.0,2404560.0,1.0,0.259,67970.8,68195.6,8.8022186,8.8313302,4.187945291786913,58.22320000000076,36.40170590821385,8742.353577877398,4.0,8705.951871969184,2.022115152816493,1722110400.0,2024-07-26T20:00:00Z,2024-07-26T20:00:00Z,2024-07-27T20:00:00Z,2024-07-27T20:00:00Z,timeout,simulated_bar_open_or_final_close,66054.58734984252,90965.35180188977,12.0,0.07334630999706118
231,2405940.0,2407244.0,1.0,0.302,68220.3,66790.8,10.3012653,10.0854108,4.958597488135907,-431.709,-457.0542735881359,8285.299304289263,1.0,8742.353577877398,2.3566343338177127,1722271500.0,2024-07-28T19:00:00Z,2024-07-28T19:00:00Z,2024-07-29T16:44:00Z,2024-07-29T16:45:00Z,stop,within_minute_not_exact_tick,66581.88450308947,87881.2859629264,12.0,-0.9237124220531131
232,2409180.0,2410608.0,1.0,0.23700000000000002,66327.3,64313.3,7.859785050000001,7.621126050000001,2.9844966051600004,-477.31800000000004,-495.7834077051601,7789.515896584104,1.0,8285.299304289263,1.8972845183591678,1722473340.0,2024-07-31T01:00:00Z,2024-07-31T01:00:00Z,2024-08-01T00:48:00Z,2024-08-01T00:49:00Z,stop,within_minute_not_exact_tick,64326.21727959764,90340.29264482844,12.0,-1.0453906234617663
233,2410620.0,2412060.0,-1.0,0.20600000000000002,64611.700000000004,64890.8,6.655005100000001,6.683752400000001,-3.966005392802926,-57.49459999999971,-66.86735210719678,7722.648544476907,4.0,7789.515896584104,1.7087082659189095,1722560400.0,2024-08-01T01:00:00Z,2024-08-01T01:00:00Z,2024-08-02T01:00:00Z,2024-08-02T01:00:00Z,timeout,simulated_bar_open_or_final_close,66780.30486440331,38588.44162716037,12.0,-0.1496809317202153
234,2412900.0,2414340.0,-1.0,0.16,63132.9,61972.4,5.050632,4.957792,-2.9634312716516122,185.68,178.6350072716516,7901.283551748558,4.0,7722.648544476907,1.308005141218583,1722697200.0,2024-08-02T15:00:00Z,2024-08-02T15:00:00Z,2024-08-03T15:00:00Z,2024-08-03T15:00:00Z,timeout,simulated_bar_open_or_final_close,65927.99675477186,29591.73894273772,12.0,0.39943833555735053
235,2414400.0,2415840.0,-1.0,0.20500000000000002,60845.600000000006,59081.8,6.236674000000001,6.055884500000001,-3.1158221446650005,361.57900000000063,352.40226364466565,8253.685815393223,4.0,7901.283551748558,1.5786483193910492,1722787200.0,2024-08-03T16:00:00Z,2024-08-03T16:00:00Z,2024-08-04T16:00:00Z,2024-08-04T16:00:00Z,timeout,simulated_bar_open_or_final_close,63066.57209279918,34193.934886409916,12.0,0.774001365432034
236,2415900.0,2416818.0,-1.0,0.225,58635.5,53126.200000000004,6.5964937500000005,5.9766975,-1.8328995903408751,1239.592499999999,1228.85220834034,9482.538023733563,1.0,8253.685815393223,1.5984358739940066,1722845940.0,2024-08-04T17:00:00Z,2024-08-04T17:00:00Z,2024-08-05T08:18:00Z,2024-08-05T08:19:00Z,stop,within_minute_not_exact_tick,60749.24408018837,33270.57103773951,12.0,2.583834732686647
237,2420100.0,2421540.0,-1.0,0.182,56048.8,58892.600000000006,5.1004408,5.3592266,-0.9162689013463378,-517.5716000000006,-527.1149984986542,8955.423025234908,4.0,9482.538023733563,1.0757543575853339,1723129200.0,2024-08-07T15:00:00Z,2024-08-07T15:00:00Z,2024-08-08T15:00:00Z,2024-08-08T15:00:00Z,timeout,simulated_bar_open_or_final_close,59088.249936720844,19575.400759349897,12.0,-0.9528817107649947
238,2422920.0,2424360.0,-1.0,0.184,60413.4,60412.100000000006,5.5580328,5.557913200000001,0.062269146939415904,0.23919999999919672,-10.93901514694022,8944.484010087968,4.0,8955.423025234908,1.2412663889440796,1723298400.0,2024-08-09T14:00:00Z,2024-08-09T14:00:00Z,2024-08-10T14:00:00Z,2024-08-10T14:00:00Z,timeout,simulated_bar_open_or_final_close,63233.379824007694,26573.64211190767,12.0,-0.02108212575519718
239,2425560.0,2425680.0,1.0,0.338,61091.0,60625.3,10.324379,10.245675700000001,0.0,-157.40659999999903,-177.97665469999902,8766.50735538797,3.0,8944.484010087968,2.3085465832027268,1723377600.0,2024-08-11T10:00:00Z,2024-08-11T10:00:00Z,2024-08-11T12:00:00Z,2024-08-11T12:00:00Z,opposite,simulated_bar_open_or_final_close,59591.77932268141,79081.64812782308,12.0,-0.3512212431206359
240,2425740.0,2427180.0,-1.0,0.315,60457.9,59711.9,9.52211925,9.404624250000001,-2.052672926133651,234.99,218.11592942613365,8984.623284814106,4.0,8766.50735538797,2.1723860744034225,1723467600.0,2024-08-11T13:00:00Z,2024-08-11T13:00:00Z,2024-08-12T13:00:00Z,2024-08-12T13:00:00Z,timeout,simulated_bar_open_or_final_close,62040.686773710455,41464.45871547455,12.0,0.4374761866151374
241,2427600.0,2429040.0,-1.0,0.156,59014.100000000006,60806.700000000004,4.603099800000001,4.742922600000001,-0.25451480395641535,-279.6455999999998,-288.73710759604336,8695.886177218063,4.0,8984.623284814106,1.0246617257242612,1723579200.0,2024-08-12T20:00:00Z,2024-08-12T20:00:00Z,2024-08-13T20:00:00Z,2024-08-13T20:00:00Z,timeout,simulated_bar_open_or_final_close,62365.382159366236,18798.71408760522,12.0,-0.5522897824862515
242,2429940.0,2430130.0,1.0,0.261,61077.3,59152.200000000004,7.970587650000001,7.7193621000000014,0.0,-502.45109999999966,-518.1410497499996,8177.745127468063,1.0,8695.886177218063,1.8331858277726225,1723644660.0,2024-08-14T11:00:00Z,2024-08-14T11:00:00Z,2024-08-14T14:10:00Z,2024-08-14T14:11:00Z,stop,within_minute_not_exact_tick,59164.13055250928,84035.33336988866,12.0,-1.0376575648350281
243,2430180.0,2431620.0,-1.0,0.196,59456.5,59397.9,5.8267370000000005,5.8209942,1.1639892754279997,11.485599999999716,-1.326120475428285,8176.4190069926335,4.0,8177.745127468063,1.42502289058354,1723734000.0,2024-08-14T15:00:00Z,2024-08-14T15:00:00Z,2024-08-15T15:00:00Z,2024-08-15T15:00:00Z,timeout,simulated_bar_open_or_final_close,61869.61037892653,30499.175452881595,12.0,-0.0028038173686904685
244,2431920.0,2433306.0,-1.0,0.186,56991.0,59554.5,5.3001629999999995,5.5385685,2.064764529465862,-476.811,-489.71449602946586,7686.704510963168,1.0,8176.4190069926335,1.2964509268586153,1723835220.0,2024-08-15T20:00:00Z,2024-08-15T20:00:00Z,2024-08-16T19:06:00Z,2024-08-16T19:07:00Z,stop,within_minute_not_exact_tick,59542.532756968154,26372.60691638212,12.0,-1.031879221372614
245,2436120.0,2437560.0,-1.0,0.318,59485.0,59002.8,9.458115,9.3814452,2.2907134377355662,153.33959999999908,132.2093263622635,7818.913837325431,4.0,7686.704510963168,2.4609024547542724,1724090400.0,2024-08-18T18:00:00Z,2024-08-18T18:00:00Z,2024-08-19T18:00:00Z,2024-08-19T18:00:00Z,timeout,simulated_bar_open_or_final_close,60849.072795896915,43116.12644923706,12.0,0.3047876915909774
246,2438220.0,2438820.0,1.0,0.252,60853.200000000004,59070.4,7.667503200000001,7.4428704,0.20702263596633935,-449.26560000000075,-464.5829962359671,7354.330841089463,1.0,7818.913837325431,1.9612706725062923,1724166060.0,2024-08-20T05:00:00Z,2024-08-20T05:00:00Z,2024-08-20T15:00:00Z,2024-08-20T15:01:00Z,stop,within_minute_not_exact_tick,59082.23888259851,82104.73340881796,12.0,-1.0410072249930342
247,2439000.0,2440440.0,-1.0,0.222,58995.5,59914.8,6.5485005,6.6505428,0.9106915313115752,-204.08460000000065,-218.19433483131223,7136.13650625815,4.0,7354.330841089463,1.7808555642922128,1724263200.0,2024-08-20T18:00:00Z,2024-08-20T18:00:00Z,2024-08-21T18:00:00Z,2024-08-21T18:00:00Z,timeout,simulated_bar_open_or_final_close,60893.57857004906,36218.55715941127,12.0,-0.517817006953303
248,2440560.0,2442000.0,1.0,0.189,61550.5,60260.700000000004,5.81652225,5.69463615,-0.9319716683756091,-243.77219999999917,-254.35138673162356,6881.785119526527,4.0,7136.13650625815,1.6301600298422283,1724356800.0,2024-08-21T20:00:00Z,2024-08-21T20:00:00Z,2024-08-22T20:00:00Z,2024-08-22T20:00:00Z,timeout,simulated_bar_open_or_final_close,59374.85707317677,87658.2151218788,12.0,-0.6185640650768858
249,2442600.0,2444040.0,1.0,0.255,60841.3,63945.8,7.757265750000001,8.153089500000002,-0.43091473299000005,791.6475,776.1680594829901,7657.953179009516,4.0,6881.785119526527,2.254434166504085,1724479200.0,2024-08-23T06:00:00Z,2024-08-23T06:00:00Z,2024-08-24T06:00:00Z,2024-08-24T06:00:00Z,timeout,simulated_bar_open_or_final_close,59311.19533509875,79202.555978815,12.0,1.9892732709853167
250,2444700.0,2446140.0,1.0,0.26,64271.200000000004,63994.8,8.355256,8.319324,-0.5373765943524784,-71.86400000000037,-88.00120340564789,7569.951975603868,4.0,7657.953179009516,2.1821120617195193,1724605200.0,2024-08-24T17:00:00Z,2024-08-24T17:00:00Z,2024-08-25T17:00:00Z,2024-08-25T17:00:00Z,timeout,simulated_bar_open_or_final_close,62596.35233733755,84369.37195194949,12.0,-0.20208773280714362
251,2446440.0,2447132.0,1.0,0.225,64371.9,63327.4,7.24183875,7.1243325,0.845747649885125,-235.01250000000002,-250.22441889988514,7319.727556703982,1.0,7569.951975603868,1.9133116757777862,1724664780.0,2024-08-25T22:00:00Z,2024-08-25T22:00:00Z,2024-08-26T09:32:00Z,2024-08-26T09:33:00Z,stop,within_minute_not_exact_tick,63340.07309038634,76753.82291536394,12.0,-1.0778053160683045
252,2449440.0,2450880.0,-1.0,0.171,59372.5,59021.9,5.07634875,5.046372450000001,0.4303440554630194,59.952599999999755,49.39953474453674,7369.127091448519,4.0,7319.727556703982,1.3870321567776605,1724889600.0,2024-08-28T00:00:00Z,2024-08-28T00:00:00Z,2024-08-29T00:00:00Z,2024-08-29T00:00:00Z,timeout,simulated_bar_open_or_final_close,61845.450089703496,29697.098923558042,12.0,0.11681843855220836
253,2452080.0,2453520.0,-1.0,0.184,59225.0,58681.8,5.4487,5.3987256,-0.8049608317935864,99.94879999999947,89.90633523179304,7459.033426680312,4.0,7369.127091448519,1.4787911600338464,1725048000.0,2024-08-29T20:00:00Z,2024-08-29T20:00:00Z,2024-08-30T20:00:00Z,2024-08-30T20:00:00Z,timeout,simulated_bar_open_or_final_close,61537.39199711375,31476.296034634997,12.0,0.2113056037813618
254,2455380.0,2456820.0,-1.0,0.385,58501.3,57482.700000000004,11.261500250000001,11.065419750000002,1.6045223750451685,392.16099999999943,368.2295576249543,7827.262984305266,4.0,7459.033426680312,3.019560204602006,1725246000.0,2024-09-01T03:00:00Z,2024-09-01T03:00:00Z,2024-09-02T03:00:00Z,2024-09-02T03:00:00Z,timeout,simulated_bar_open_or_final_close,59579.64160433515,45561.20074797823,12.0,0.886954936701306
255,2456880.0,2458203.0,-1.0,0.261,57697.0,59424.8,7.5294585000000005,7.754936400000001,-0.945297795474,-450.95580000000075,-465.29489710452674,7361.968087200739,1.0,7827.262984305266,1.9239058442517123,1725329040.0,2024-09-02T04:00:00Z,2024-09-02T04:00:00Z,2024-09-03T02:03:00Z,2024-09-03T02:04:00Z,stop,within_minute_not_exact_tick,59412.823095454936,37107.12285454078,12.0,-1.038999343282138
256,2458620.0,2460060.0,-1.0,0.281,58743.600000000006,56761.100000000006,8.253475800000002,7.974934550000002,-1.2695746129197982,557.0825000000001,542.1236642629198,7904.0917514636585,4.0,7361.968087200739,2.2421927675424747,1725440400.0,2024-09-03T09:00:00Z,2024-09-03T09:00:00Z,2024-09-04T09:00:00Z,2024-09-04T09:00:00Z,timeout,simulated_bar_open_or_final_close,60228.2508001335,40927.79039839804,12.0,1.2994744009481791
257,2460180.0,2460478.0,-1.0,0.266,56418.100000000006,58130.200000000004,7.503607300000001,7.731316600000001,0.0,-455.4185999999996,-470.65352389999964,7433.438227563659,1.0,7904.0917514636585,1.8986640175603993,1725465540.0,2024-09-04T11:00:00Z,2024-09-04T11:00:00Z,2024-09-04T15:58:00Z,2024-09-04T15:59:00Z,stop,within_minute_not_exact_tick,58118.51422332326,36013.12932012094,12.0,-1.040554781141485
258,2461200.0,2462640.0,-1.0,0.232,57092.600000000006,56565.100000000006,6.622741600000001,6.5615516000000005,-0.888676242249227,122.38000000000001,110.08438304224924,7543.522610605908,4.0,7433.438227563659,1.781878424829699,1725595200.0,2024-09-05T04:00:00Z,2024-09-05T04:00:00Z,2024-09-06T04:00:00Z,2024-09-06T04:00:00Z,timeout,simulated_bar_open_or_final_close,58927.5997371922,35072.60315369368,12.0,0.2585840430529061
259,2462880.0,2464320.0,-1.0,0.234,55755.100000000006,54268.9,6.523346700000001,6.349461300000001,0.8592627209994658,347.77080000000103,334.0387292790016,7877.561339884909,4.0,7543.522610605908,1.7295226744143173,1725696000.0,2024-09-06T08:00:00Z,2024-09-06T08:00:00Z,2024-09-07T08:00:00Z,2024-09-07T08:00:00Z,timeout,simulated_bar_open_or_final_close,57610.632198960375,33488.713612475585,12.0,0.7693296499460208
260,2466180.0,2466783.0,-1.0,0.362,54099.100000000006,55338.0,9.791937100000002,10.016178,2.524807780241775,-448.48179999999786,-470.81472288023963,7406.74661700467,1.0,7877.561339884909,2.4860325873750826,1725843840.0,2024-09-08T15:00:00Z,2024-09-08T15:00:00Z,2024-09-09T01:03:00Z,2024-09-09T01:04:00Z,stop,within_minute_not_exact_tick,55326.88452863189,39365.685656417365,12.0,-1.0593008193196387
261,2469120.0,2470560.0,-1.0,0.23900000000000002,56542.5,56687.4,6.75682875,6.774144300000001,2.3953385904256708,-34.63110000000035,-50.55741164042603,7356.189205364244,4.0,7406.74661700467,1.8245065207138138,1726070400.0,2024-09-10T16:00:00Z,2024-09-10T16:00:00Z,2024-09-11T16:00:00Z,2024-09-11T16:00:00Z,timeout,simulated_bar_open_or_final_close,58316.03807404183,35260.04311149803,12.0,-0.11927417307503822
262,2471220.0,2472660.0,1.0,0.2,57924.9,58009.600000000006,5.792490000000001,5.800960000000001,-0.4105725934895488,16.940000000000875,5.757122593490422,7361.946327957735,4.0,7356.189205364244,1.5748616133407851,1726196400.0,2024-09-12T03:00:00Z,2024-09-12T03:00:00Z,2024-09-13T03:00:00Z,2024-09-13T03:00:00Z,timeout,simulated_bar_open_or_final_close,55801.138775036874,83410.03469955757,12.0,0.013554072194698742
263,2473320.0,2474760.0,1.0,0.28500000000000003,58028.8,59726.0,8.269104000000002,8.510955000000003,-1.7668303994214833,483.7019999999992,468.68877139942066,7830.635099357156,4.0,7361.946327957735,2.246445065375509,1726322400.0,2024-09-13T14:00:00Z,2024-09-13T14:00:00Z,2024-09-14T14:00:00Z,2024-09-14T14:00:00Z,timeout,simulated_bar_open_or_final_close,56560.576228672086,75647.48525593504,12.0,1.1200758610677424
264,2476260.0,2476691.0,1.0,0.49,60254.700000000004,59370.0,14.762401500000001,14.54565,0.11878819805999997,-433.50300000000215,-462.92983969806215,7367.705259659093,1.0,7830.635099357156,3.7704225296392364,1726438320.0,2024-09-15T15:00:00Z,2024-09-15T15:00:00Z,2024-09-15T22:11:00Z,2024-09-15T22:12:00Z,stop,within_minute_not_exact_tick,59381.96465942256,70727.52408692933,12.0,-1.0825215056249564
265,2478060.0,2478780.0,-1.0,0.259,57661.200000000004,58777.3,7.467125400000001,7.611660350000001,-1.5757326907770002,-289.0698999999996,-302.57295305922264,7065.1323065998695,3.0,7367.705259659093,2.0269880883767892,1726563600.0,2024-09-16T21:00:00Z,2024-09-16T21:00:00Z,2024-09-17T09:00:00Z,2024-09-17T09:00:00Z,opposite,simulated_bar_open_or_final_close,59283.65845964223,38191.69848429326,12.0,-0.7200402161634436
266,2478840.0,2480280.0,1.0,0.267,58942.600000000006,59619.700000000004,7.868837100000002,7.959229950000001,1.356124203029339,180.78569999999962,163.60150874697027,7228.73381534684,4.0,7065.1323065998695,2.2275130198621627,1726653600.0,2024-09-17T10:00:00Z,2024-09-17T10:00:00Z,2024-09-18T10:00:00Z,2024-09-18T10:00:00Z,timeout,simulated_bar_open_or_final_close,57443.2421974871,76934.8936301548,12.0,0.40866811918261153
267,2480820.0,2482260.0,1.0,0.19,60600.3,63587.5,5.7570285000000005,6.0408125,1.2480490320857414,567.5679999999994,554.5221099679136,7783.255925314754,4.0,7228.73381534684,1.5928179532016076,1726772400.0,2024-09-18T19:00:00Z,2024-09-18T19:00:00Z,2024-09-19T19:00:00Z,2024-09-19T19:00:00Z,timeout,simulated_bar_open_or_final_close,58405.88970869599,86933.22349564816,12.0,1.3299871188397665
268,2482800.0,2484240.0,1.0,0.231,63736.0,62852.4,7.361508000000001,7.259452200000001,1.4112867274680452,-204.11159999999967,-220.14384692746773,7563.112078387287,4.0,7783.255925314754,1.8916268642938918,1726891200.0,2024-09-20T04:00:00Z,2024-09-20T04:00:00Z,2024-09-21T04:00:00Z,2024-09-21T04:00:00Z,timeout,simulated_bar_open_or_final_close,61810.36883476119,86843.5739828657,12.0,-0.49490457131985965
269,2485440.0,2486765.0,1.0,0.431,63333.3,62358.9,13.64832615,13.438342950000001,5.718942969147216,-419.96640000000065,-452.7720120691479,7110.340066318138,1.0,7563.112078387287,3.609182571550702,1727042760.0,2024-09-22T00:00:00Z,2024-09-22T00:00:00Z,2024-09-22T22:05:00Z,2024-09-22T22:06:00Z,stop,within_minute_not_exact_tick,62371.44731315076,74875.53224219086,12.0,-1.0921787957471478
270,2486820.0,2488260.0,1.0,0.275,63869.4,63178.0,8.782042500000001,8.686975,2.3099323054500003,-190.13500000000042,-209.9139498054504,6900.426116512687,4.0,7110.340066318138,2.470217294275631,1727132400.0,2024-09-22T23:00:00Z,2024-09-22T23:00:00Z,2024-09-23T23:00:00Z,2024-09-23T23:00:00Z,timeout,simulated_bar_open_or_final_close,62407.672498245,81410.13002105994,12.0,-0.5222063981977019
271,2488800.0,2490240.0,1.0,0.281,63540.5,63802.100000000006,8.927440250000002,8.964195050000002,0.9099310249300251,73.50960000000164,54.70803367507161,6955.134150187759,4.0,6900.426116512687,2.5875040466375485,1727251200.0,2024-09-24T08:00:00Z,2024-09-24T08:00:00Z,2024-09-25T08:00:00Z,2024-09-25T08:00:00Z,timeout,simulated_bar_open_or_final_close,62156.43618199626,80149.26581604488,12.0,0.1406658484722134
272,2491620.0,2493060.0,1.0,0.28500000000000003,63707.4,65297.3,9.078304500000002,9.30486525,4.8508453504528655,453.1215000000005,429.88748489954764,7385.021635087307,4.0,6955.134150187759,2.610533256142853,1727420400.0,2024-09-26T07:00:00Z,2024-09-26T07:00:00Z,2024-09-27T07:00:00Z,2024-09-27T07:00:00Z,timeout,simulated_bar_open_or_final_close,62336.19088173697,80161.90941915642,12.0,1.1000343564730184
273,2493180.0,2494620.0,1.0,0.257,65713.1,65593.7,8.44413335,8.428790450000001,2.710960656561331,-30.685800000002246,-50.26968445656358,7334.751950630743,4.0,7385.021635087307,2.286826976885403,1727514000.0,2024-09-27T09:00:00Z,2024-09-27T09:00:00Z,2024-09-28T09:00:00Z,2024-09-28T09:00:00Z,timeout,simulated_bar_open_or_final_close,64085.70336442959,85241.85962684503,12.0,-0.12019312364894627
274,2496360.0,2497067.0,1.0,0.221,65798.90000000001,64950.8,7.270778450000001,7.1770634,1.4993326779266467,-187.4301000000013,-203.37727452792794,7131.374676102815,1.0,7334.751950630743,1.9825560561389564,1727660880.0,2024-09-29T14:00:00Z,2024-09-29T14:00:00Z,2024-09-30T01:47:00Z,2024-09-30T01:48:00Z,stop,within_minute_not_exact_tick,64963.87683715734,75819.17795411203,12.0,-1.102076207834782
275,2498700.0,2499303.0,1.0,0.271,63848.8,62348.5,8.651512400000001,8.44822175,1.7348607,-406.5813000000008,-425.4158948500008,6705.958781252814,1.0,7131.374676102815,2.426323897688662,1727795040.0,2024-10-01T05:00:00Z,2024-10-01T05:00:00Z,2024-10-01T15:03:00Z,2024-10-01T15:04:00Z,stop,within_minute_not_exact_tick,62360.97925040889,81702.64899509338,12.0,-1.0551004550994592
276,2499480.0,2500920.0,-1.0,0.189,62121.600000000006,61610.8,5.870491200000001,5.8222206000000005,-2.700092383613013,96.54120000000056,87.54858058361357,6793.507361836428,4.0,6705.958781252814,1.7508282980836543,1727892000.0,2024-10-01T18:00:00Z,2024-10-01T18:00:00Z,2024-10-02T18:00:00Z,2024-10-02T18:00:00Z,timeout,simulated_bar_open_or_final_close,64154.144791547136,37731.06250143444,12.0,0.22790149816836716
277,2501040.0,2502480.0,-1.0,0.164,60142.9,61010.200000000004,4.9317178,5.0028364000000005,-1.305728398374661,-142.23720000000048,-150.86602580162582,6642.641336034802,4.0,6793.507361836428,1.4518915009070819,1727985600.0,2024-10-02T20:00:00Z,2024-10-02T20:00:00Z,2024-10-03T20:00:00Z,2024-10-03T20:00:00Z,timeout,simulated_bar_open_or_final_close,62539.03742373596,31389.250915168563,12.0,-0.383915706319981
278,2506800.0,2508240.0,1.0,0.325,62614.0,63336.700000000004,10.174775,10.29221375,1.1869487974332573,234.87750000000142,213.22356245256816,6855.86489848737,4.0,6642.641336034802,3.063472641463926,1728331200.0,2024-10-06T20:00:00Z,2024-10-06T20:00:00Z,2024-10-07T20:00:00Z,2024-10-07T20:00:00Z,timeout,simulated_bar_open_or_final_close,61675.55168677006,73875.3797587593,12.0,0.6991034994735
279,2509320.0,2509620.0,1.0,0.23500000000000001,63020.4,62080.4,7.404897000000001,7.294447000000001,1.1851171965000002,-220.9,-236.7844611965,6619.08043729087,3.0,6855.86489848737,2.160164212580608,1728414000.0,2024-10-08T14:00:00Z,2024-10-08T14:00:00Z,2024-10-08T19:00:00Z,2024-10-08T19:00:00Z,opposite,simulated_bar_open_or_final_close,61362.282033388095,82917.81559934291,12.0,-0.6076729594570711
280,2509680.0,2511120.0,-1.0,0.191,62216.0,61025.9,5.941628,5.827973450000001,-2.74203957239689,227.30909999999972,218.2815381223966,6837.361975413267,4.0,6619.08043729087,1.7953031561682773,1728504000.0,2024-10-08T20:00:00Z,2024-10-08T20:00:00Z,2024-10-09T20:00:00Z,2024-10-09T20:00:00Z,timeout,simulated_bar_open_or_final_close,64203.05116191725,38371.386056993004,12.0,0.5751413451403241
281,2511180.0,2512620.0,-1.0,0.23500000000000001,60376.4,59783.4,7.094227000000001,7.024549500000001,-1.9448925355649906,139.35500000000002,127.18111603556501,6964.543091448832,4.0,6837.361975413267,2.075135710383743,1728594000.0,2024-10-09T21:00:00Z,2024-10-09T21:00:00Z,2024-10-10T21:00:00Z,2024-10-10T21:00:00Z,timeout,simulated_bar_open_or_final_close,62035.752819235524,40464.16616917369,12.0,0.32614898542104215
282,2512680.0,2513710.0,-1.0,0.222,60160.3,61965.600000000006,6.6777933,6.878181600000001,-0.04630988162379829,-400.77660000000066,-414.28626501837687,6550.2568264304555,1.0,6964.543091448832,1.917654385166801,1728659460.0,2024-10-10T22:00:00Z,2024-10-10T22:00:00Z,2024-10-11T15:10:00Z,2024-10-11T15:11:00Z,stop,within_minute_not_exact_tick,61953.18226462181,38645.71282453831,12.0,-1.0408683178776794
283,2514180.0,2515620.0,1.0,0.23,62438.200000000004,63246.9,7.180393000000001,7.2733935,1.5449529314413584,186.00099999999935,170.00226056855797,6720.2590869990145,4.0,6550.2568264304555,2.1924004478807393,1728774000.0,2024-10-11T23:00:00Z,2024-10-11T23:00:00Z,2024-10-12T23:00:00Z,2024-10-12T23:00:00Z,timeout,simulated_bar_open_or_final_close,60820.94248372991,81845.29019524112,12.0,0.4570331291742874
284,2517000.0,2518440.0,1.0,0.153,62873.600000000006,65745.7,4.809830400000001,5.02954605,2.5179187314060245,439.43129999999866,427.0740048185926,7147.333091817608,4.0,6720.2590869990145,1.4314419541666419,1728943200.0,2024-10-13T22:00:00Z,2024-10-13T22:00:00Z,2024-10-14T22:00:00Z,2024-10-14T22:00:00Z,timeout,simulated_bar_open_or_final_close,61741.300957259,76461.18851289207,12.0,2.4651909605701876
285,2518500.0,2519940.0,1.0,0.23,66445.1,66710.5,7.641186500000001,7.671707500000001,4.5470517,61.041999999998666,41.18205429999866,7188.5151461176065,4.0,7147.333091817608,2.1381923584190488,1729033200.0,2024-10-14T23:00:00Z,2024-10-14T23:00:00Z,2024-10-15T23:00:00Z,2024-10-15T23:00:00Z,timeout,simulated_bar_open_or_final_close,64675.33610634408,87682.26672387109,12.0,0.10117304949086363
286,2520120.0,2521560.0,1.0,0.159,67358.90000000001,67863.2,5.355032550000001,5.395124399999999,3.056402606325462,80.18369999999815,66.37714044367269,7254.8922865612785,4.0,7188.5151461176065,1.4898855858687763,1729130400.0,2024-10-16T02:00:00Z,2024-10-16T02:00:00Z,2024-10-17T02:00:00Z,2024-10-17T02:00:00Z,timeout,simulated_bar_open_or_final_close,64754.329581371,98613.74502354811,12.0,0.16028220589187064
287,2522460.0,2523900.0,1.0,0.217,67367.7,68758.1,7.30939545,7.460253850000001,4.428368877686096,301.7168000000019,282.5187818223158,7537.411068383594,4.0,7254.8922865612785,2.0150252164431666,1729270800.0,2024-10-17T17:00:00Z,2024-10-17T17:00:00Z,2024-10-18T17:00:00Z,2024-10-18T17:00:00Z,timeout,simulated_bar_open_or_final_close,65459.67530293908,90263.99636473099,12.0,0.6823443491870878
288,2524020.0,2525460.0,1.0,0.248,68887.5,68141.5,8.54205,8.449546,5.082680866165831,-185.008,-207.08227686616584,7330.328791517429,4.0,7537.411068383594,2.2665740059820965,1729364400.0,2024-10-18T19:00:00Z,2024-10-18T19:00:00Z,2024-10-19T19:00:00Z,2024-10-19T19:00:00Z,timeout,simulated_bar_open_or_final_close,67163.27627342305,89578.18471892332,12.0,-0.4842812264100326
289,2526600.0,2527774.0,1.0,0.405,68452.3,68130.8,13.861590750000001,13.796487,8.348701830503988,-130.2075,-166.214279580504,7164.114511936925,1.0,7330.328791517429,3.7819833582473064,1729503300.0,2024-10-20T14:00:00Z,2024-10-20T14:00:00Z,2024-10-21T09:34:00Z,2024-10-21T09:35:00Z,stop,within_minute_not_exact_tick,67741.53117946116,76981.52584646612,12.0,-0.5774108496806368
290,2529720.0,2531160.0,1.0,0.229,67327.1,65700.5,7.708952950000001,7.522707250000001,4.590407071958863,-372.49140000000136,-392.31346727196023,6771.801044664965,4.0,7164.114511936925,2.152102101984903,1729706400.0,2024-10-22T18:00:00Z,2024-10-22T18:00:00Z,2024-10-23T18:00:00Z,2024-10-23T18:00:00Z,timeout,simulated_bar_open_or_final_close,65545.17427859115,88710.20865690638,12.0,-0.9614088988931531
291,2531580.0,2533020.0,1.0,0.212,67437.0,67948.6,7.148322,7.2025516000000005,4.30260484869484,108.45920000000123,89.80572155130638,6861.60676621627,4.0,6771.801044664965,2.111202604108303,1729818000.0,2024-10-24T01:00:00Z,2024-10-24T01:00:00Z,2024-10-25T01:00:00Z,2024-10-25T01:00:00Z,timeout,simulated_bar_open_or_final_close,65623.9870942972,89193.1548684336,12.0,0.23365078802112882
292,2533680.0,2534041.0,1.0,0.262,68095.3,66607.6,8.9204843,8.7255956,1.7728748815745743,-389.77739999999926,-409.19635478157386,6452.410411434697,1.0,6861.60676621627,2.6001152802637413,1729879320.0,2024-10-25T12:00:00Z,2024-10-25T12:00:00Z,2024-10-25T18:01:00Z,2024-10-25T18:02:00Z,stop,within_minute_not_exact_tick,66620.97910670307,85787.15071956316,12.0,-1.0593474969541268
293,2536620.0,2538060.0,1.0,0.334,67386.90000000001,68867.3,11.253612300000002,11.500839100000002,6.6881543501259575,494.45359999999806,465.0109942498721,6917.42140568457,4.0,6452.410411434697,3.4881886248453173,1730120400.0,2024-10-27T13:00:00Z,2024-10-27T13:00:00Z,2024-10-28T13:00:00Z,2024-10-28T13:00:00Z,timeout,simulated_bar_open_or_final_close,66489.26854844241,78158.47741869107,12.0,1.55102462526486
294,2538120.0,2539560.0,1.0,0.304,68802.3,71767.1,10.457949600000001,10.908599200000001,6.14625486544736,901.2992000000008,873.7863963345535,7791.207802019124,4.0,6917.42140568457,3.0236554885628073,1730210400.0,2024-10-28T14:00:00Z,2024-10-28T14:00:00Z,2024-10-29T14:00:00Z,2024-10-29T14:00:00Z,timeout,simulated_bar_open_or_final_close,67537.21803790686,83983.28354511774,12.0,2.2720246138107814
295,2539620.0,2541060.0,1.0,0.244,71861.0,72401.6,8.767042,8.832995200000001,5.303742913046876,131.9064000000014,109.00261988695453,7900.210421906078,4.0,7791.207802019124,2.2504962575194014,1730300400.0,2024-10-29T15:00:00Z,2024-10-29T15:00:00Z,2024-10-30T15:00:00Z,2024-10-30T15:00:00Z,timeout,simulated_bar_open_or_final_close,70053.35049445851,93552.79406649778,12.0,0.24713421896641855
296,2541420.0,2542444.0,1.0,0.226,72882.6,70876.5,8.235733800000002,8.0090445,3.271767369106282,-453.3786000000013,-472.8951456691076,7427.31527623697,1.0,7900.210421906078,2.0849403649208047,1730383500.0,2024-10-30T21:00:00Z,2024-10-30T21:00:00Z,2024-10-31T14:04:00Z,2024-10-31T14:05:00Z,stop,within_minute_not_exact_tick,70890.75504508281,96784.73945900633,12.0,-1.0505116834522652
297,2543820.0,2545260.0,1.0,0.227,70374.7,69439.0,7.98752845,7.8813265,4.737284139334821,-212.40389999999934,-233.01003908933419,7194.305237147635,4.0,7427.31527623697,2.1508521324132777,1730552400.0,2024-11-01T13:00:00Z,2024-11-01T13:00:00Z,2024-11-02T13:00:00Z,2024-11-02T13:00:00Z,timeout,simulated_bar_open_or_final_close,68512.14967801595,92725.30386380859,12.0,-0.5511131328958588
298,2546760.0,2547360.0,-1.0,0.28300000000000003,68021.2,68776.3,9.624999800000001,9.73184645,-3.8730962599086136,-213.69330000000167,-229.17704999009308,6965.128187157541,3.0,7194.305237147635,2.6757273934671355,1730678400.0,2024-11-03T14:00:00Z,2024-11-03T14:00:00Z,2024-11-04T00:00:00Z,2024-11-04T00:00:00Z,opposite,simulated_bar_open_or_final_close,69446.06811187688,50922.78265747732,12.0,-0.5683423544546725
299,2547420.0,2548380.0,1.0,0.22,68722.6,67723.2,7.559486000000001,7.449552,3.0189837747269204,-219.86800000000193,-237.89602177472887,6727.232165382812,3.0,6965.128187157541,2.1706667262602144,1730739600.0,2024-11-04T01:00:00Z,2024-11-04T01:00:00Z,2024-11-04T17:00:00Z,2024-11-04T17:00:00Z,opposite,simulated_bar_open_or_final_close,66920.90463855515,90342.94433733822,12.0,-0.6001822376088712
300,2548440.0,2549673.0,-1.0,0.191,67799.5,69830.1,6.47485225,6.668774550000001,-2.6112101061,-387.8446000000011,-398.37701669390117,6328.85514868891,1.0,6727.232165382812,1.924967680859443,1730817240.0,2024-11-04T18:00:00Z,2024-11-04T18:00:00Z,2024-11-05T14:33:00Z,2024-11-05T14:34:00Z,stop,within_minute_not_exact_tick,69816.07166117613,43600.640065886444,12.0,-1.0343017225995992
301,2549700.0,2551140.0,1.0,0.184,69961.40000000001,73640.5,6.436448800000001,6.774926,3.908010900754576,676.9543999999984,659.8350142992438,6988.690162988154,4.0,6328.85514868891,2.03400098399578,1730905200.0,2024-11-05T15:00:00Z,2024-11-05T15:00:00Z,2024-11-06T15:00:00Z,2024-11-06T15:00:00Z,timeout,simulated_bar_open_or_final_close,68003.84888963244,93452.01332441084,12.0,1.8319112289480006
302,2551200.0,2552640.0,1.0,0.107,74304.6,76066.2,3.9752961,4.0695417,3.218035957331148,188.49119999999905,177.2283262426679,7165.918489230821,4.0,6988.690162988154,1.1376369555064902,1730995200.0,2024-11-06T16:00:00Z,2024-11-06T16:00:00Z,2024-11-07T16:00:00Z,2024-11-07T16:00:00Z,timeout,simulated_bar_open_or_final_close,70519.93669860158,119720.55961678115,12.0,0.4376451392606079
303,2552700.0,2554140.0,1.0,0.164,75927.7,75901.3,6.2260714,6.2239066,3.746593723659564,-4.329599999999045,-20.52617172365861,7145.392317507162,4.0,7165.918489230821,1.7376897070087374,1731085200.0,2024-11-07T17:00:00Z,2024-11-07T17:00:00Z,2024-11-08T17:00:00Z,2024-11-08T17:00:00Z,timeout,simulated_bar_open_or_final_close,73428.0585244456,105923.39770665267,12.0,-0.05007101414537313
304,2554200.0,2555640.0,1.0,0.184,76405.3,76195.3,7.029287600000001,7.0099676,4.2194293150063285,-38.64,-56.89868451500634,7088.493632992156,4.0,7145.392317507162,1.9675022133570779,1731175200.0,2024-11-08T18:00:00Z,2024-11-08T18:00:00Z,2024-11-09T18:00:00Z,2024-11-09T18:00:00Z,timeout,simulated_bar_open_or_final_close,74187.06503743719,103024.1195507537,12.0,-0.13940452038613163
305,2556000.0,2557440.0,1.0,0.28600000000000003,76690.5,80393.8,10.966741500000001,11.496313400000002,19.666576023057395,1059.143800000001,1017.0141690769437,8105.507802069098,4.0,7088.493632992156,3.0942375257155397,1731283200.0,2024-11-10T00:00:00Z,2024-11-10T00:00:00Z,2024-11-11T00:00:00Z,2024-11-11T00:00:00Z,timeout,simulated_bar_open_or_final_close,75315.20102484172,93194.08770189935,12.0,2.585614955294998
306,2557500.0,2558940.0,1.0,0.15,80635.1,89048.0,6.047632500000001,6.678599999999999,9.0181123881597,1261.934999999999,1240.1906551118393,9345.698457180937,4.0,8105.507802069098,1.4922279140749746,1731373200.0,2024-11-11T01:00:00Z,2024-11-11T01:00:00Z,2024-11-12T01:00:00Z,2024-11-12T01:00:00Z,timeout,simulated_bar_open_or_final_close,77522.17809751308,117990.16282984315,12.0,2.6560055021426336
307,2559000.0,2560440.0,1.0,0.116,88631.6,88290.8,5.140632800000001,5.120866400000001,9.435493441755652,-39.53280000000034,-59.22979264175599,9286.468664539183,4.0,9345.698457180937,1.10010671188521,1731463200.0,2024-11-12T02:00:00Z,2024-11-12T02:00:00Z,2024-11-13T02:00:00Z,2024-11-13T02:00:00Z,timeout,simulated_bar_open_or_final_close,83953.35810098189,144770.50278821748,12.0,-0.10914392024319199
308,2561160.0,2562600.0,1.0,0.12,89237.40000000001,90779.3,5.3542440000000004,5.446758,4.6034938269854395,185.02799999999928,169.62350417301386,9456.092168712195,4.0,9286.468664539183,1.1531281035697527,1731592800.0,2024-11-13T14:00:00Z,2024-11-13T14:00:00Z,2024-11-14T14:00:00Z,2024-11-14T14:00:00Z,timeout,simulated_bar_open_or_final_close,84743.25137956155,143167.18344526156,12.0,0.3145265813002584
309,2563800.0,2565240.0,1.0,0.129,89267.90000000001,91271.70000000001,5.757779550000001,5.887024650000002,3.603964588100217,258.49020000000036,243.24143121190014,9699.333599924095,4.0,9456.092168712195,1.2177926033866358,1731751200.0,2024-11-15T10:00:00Z,2024-11-15T10:00:00Z,2024-11-16T10:00:00Z,2024-11-16T10:00:00Z,timeout,simulated_bar_open_or_final_close,85008.82934607437,140376.7478471076,12.0,0.44272392811252353
310,2566680.0,2567402.0,1.0,0.233,91378.3,88999.5,10.64557195,10.36844175,2.2256292737770003,-554.2604000000007,-577.5000429737777,9121.833556950318,1.0,9699.333599924095,2.195114095278321,1731880980.0,2024-11-17T10:00:00Z,2024-11-17T10:00:00Z,2024-11-17T22:02:00Z,2024-11-17T22:03:00Z,stop,within_minute_not_exact_tick,89017.37220647345,119709.43352231866,12.0,-1.0498165017011245
311,2567940.0,2568304.0,1.0,0.199,92231.0,89594.1,9.176984500000001,8.91461295,6.6583142306672745,-524.7430999999989,-549.4930116806662,8572.340545269652,1.0,9121.833556950318,2.012092073968541,1731935100.0,2024-11-18T07:00:00Z,2024-11-18T07:00:00Z,2024-11-18T13:04:00Z,2024-11-18T13:05:00Z,stop,within_minute_not_exact_tick,89612.06737417936,123658.1915098477,12.0,-1.0543499241854266
312,2568540.0,2569980.0,1.0,0.133,91520.40000000001,92593.70000000001,6.086106600000001,6.157481050000001,8.493168094894335,142.7489000000004,122.01214425510607,8694.352689524758,4.0,8572.340545269652,1.4199404626682517,1732035600.0,2024-11-18T17:00:00Z,2024-11-18T17:00:00Z,2024-11-19T17:00:00Z,2024-11-19T17:00:00Z,timeout,simulated_bar_open_or_final_close,87784.11794082775,136355.7847100671,12.0,0.24553407069987465
313,2570040.0,2571480.0,1.0,0.145,92922.70000000001,93884.8,6.73689575,6.806648,4.058657954147635,139.50449999999873,121.9022982958511,8816.25498782061,4.0,8694.352689524758,1.5497176133921584,1732125600.0,2024-11-19T18:00:00Z,2024-11-19T18:00:00Z,2024-11-20T18:00:00Z,2024-11-20T18:00:00Z,timeout,simulated_bar_open_or_final_close,89473.88215285874,134308.51416569515,12.0,0.24376628246269727
314,2571660.0,2573100.0,1.0,0.154,94275.0,98132.8,7.259175,7.5562256,4.433848782231638,594.1012000000004,574.8519506177688,9391.106938438379,4.0,8816.25498782061,1.6467706548933376,1732222800.0,2024-11-20T21:00:00Z,2024-11-20T21:00:00Z,2024-11-21T21:00:00Z,2024-11-21T21:00:00Z,timeout,simulated_bar_open_or_final_close,90979.91000514493,133816.07993826075,12.0,1.132838520334722
315,2573520.0,2574960.0,1.0,0.158,98908.70000000001,98682.8,7.813787300000001,7.795941200000001,4.690409285737564,-35.69220000000138,-55.99233778573895,9335.11460065264,4.0,9391.106938438379,1.6640822751187485,1732334400.0,2024-11-22T04:00:00Z,2024-11-22T04:00:00Z,2024-11-23T04:00:00Z,2024-11-23T04:00:00Z,timeout,simulated_bar_open_or_final_close,95487.82714935539,139959.17420773552,12.0,-0.10359399492240336
316,2577540.0,2578499.0,1.0,0.215,98101.8,95616.3,10.5459435,10.27875225,6.53957926918518,-534.3824999999999,-561.7467750191852,8773.367825633455,1.0,9335.11460065264,2.259413826427521,1732546800.0,2024-11-24T23:00:00Z,2024-11-24T23:00:00Z,2024-11-25T14:59:00Z,2024-11-25T15:00:00Z,stop,within_minute_not_exact_tick,95635.4696806824,127697.76383181108,12.0,-1.0593778446054147
317,2580120.0,2581560.0,1.0,0.121,93655.5,96264.90000000001,5.666157749999999,5.824026450000001,6.5342813588799995,315.73740000000106,297.71293444112104,9071.080760074576,4.0,8773.367825633455,1.2916722204316997,1732730400.0,2024-11-26T18:00:00Z,2024-11-26T18:00:00Z,2024-11-27T18:00:00Z,2024-11-27T18:00:00Z,timeout,simulated_bar_open_or_final_close,89452.71328712233,144088.940554532,12.0,0.5854300117541148
318,2581620.0,2583060.0,1.0,0.154,96181.6,95343.8,7.4059832000000005,7.3414726,5.31679070335863,-129.02120000000045,-149.0854465033591,8921.995313571217,4.0,9071.080760074576,1.6328778005365514,1732820400.0,2024-11-27T19:00:00Z,2024-11-27T19:00:00Z,2024-11-28T19:00:00Z,2024-11-28T19:00:00Z,timeout,simulated_bar_open_or_final_close,92798.21175963175,136782.25888441896,12.0,-0.2861295382558613
319,2583540.0,2584980.0,1.0,0.199,96817.40000000001,96651.8,9.633331300000002,9.616854100000001,8.455838407105803,-32.95440000000116,-60.660423807106966,8861.334889764108,4.0,8921.995313571217,2.1594567047904127,1732935600.0,2024-11-29T03:00:00Z,2024-11-29T03:00:00Z,2024-11-30T03:00:00Z,2024-11-30T03:00:00Z,timeout,simulated_bar_open_or_final_close,94266.77091328402,127424.94904059179,12.0,-0.119510222742517
320,2586780.0,2588179.0,1.0,0.289,97119.6,95403.1,14.0337822,13.78574795,16.853247848797167,-496.0685,-540.7412779987972,8320.593611765313,1.0,8861.334889764108,3.1674194406557596,1733127600.0,2024-12-01T09:00:00Z,2024-12-01T09:00:00Z,2024-12-02T08:19:00Z,2024-12-02T08:20:00Z,stop,within_minute_not_exact_tick,95422.27761396016,117487.4686324782,12.0,-1.1023698867641634
321,2588640.0,2589950.0,1.0,0.167,97126.1,94262.70000000001,8.110029350000001,7.870935450000002,8.19776450542072,-478.1877999999991,-502.36652930541976,7818.227082459892,1.0,8320.593611765313,1.9493872020218428,1733233860.0,2024-12-02T16:00:00Z,2024-12-02T16:00:00Z,2024-12-03T13:50:00Z,2024-12-03T13:51:00Z,stop,within_minute_not_exact_tick,94281.58527872976,131260.27665524295,12.0,-1.0575381409412297
322,2590200.0,2591640.0,1.0,0.139,95915.20000000001,95590.5,6.666106400000001,6.643539750000001,10.171973447948949,-45.133300000001626,-68.61491959795057,7749.612162861942,4.0,7818.227082459892,1.7052731596797281,1733335200.0,2024-12-03T18:00:00Z,2024-12-03T18:00:00Z,2024-12-04T18:00:00Z,2024-12-04T18:00:00Z,timeout,simulated_bar_open_or_final_close,92681.07201714309,134724.73579428307,12.0,-0.15263233790058947
323,2591760.0,2593197.0,1.0,0.152,97302.90000000001,98792.6,7.395020400000001,7.5082376,22.657125864334464,226.43439999999956,188.8740161356651,7938.486178997607,1.0,7749.612162861942,1.908487868706196,1733428680.0,2024-12-04T20:00:00Z,2024-12-04T20:00:00Z,2024-12-05T19:57:00Z,2024-12-05T19:58:00Z,stop,within_minute_not_exact_tick,94393.8920151247,132210.99581850364,12.0,0.4271532487636381
324,2594340.0,2595780.0,1.0,0.098,99544.90000000001,99507.8,4.877700100000001,4.8758822,5.3066624686300266,-3.6358000000005704,-18.6960447686306,7919.790134228976,4.0,7938.486178997607,1.2288741178147162,1733583600.0,2024-12-06T15:00:00Z,2024-12-06T15:00:00Z,2024-12-07T15:00:00Z,2024-12-07T15:00:00Z,timeout,simulated_bar_open_or_final_close,94852.28997528781,155856.22029654632,12.0,-0.04065455386707604
325,2597160.0,2598463.0,1.0,0.189,100500.0,98118.70000000001,9.497250000000001,9.272217150000001,13.098950489942595,-450.0656999999978,-481.9341176399404,7437.856016589036,1.0,7919.790134228976,2.3983590067502707,1733744640.0,2024-12-08T14:00:00Z,2024-12-08T14:00:00Z,2024-12-09T11:43:00Z,2024-12-09T11:44:00Z,stop,within_minute_not_exact_tick,98138.34443872889,128839.86673525337,12.0,-1.0797154369862683
326,2600040.0,2600280.0,1.0,0.115,97770.1,94486.3,5.621780750000001,5.432962250000001,1.1001299301206002,-377.63700000000034,-389.791872930121,7048.064143658915,3.0,7437.856016589036,1.5116670012061142,1733853600.0,2024-12-10T14:00:00Z,2024-12-10T14:00:00Z,2024-12-10T18:00:00Z,2024-12-10T18:00:00Z,opposite,simulated_bar_open_or_final_close,94059.68573925705,142295.07112891547,12.0,-0.9135083872116604
327,2600340.0,2601180.0,-1.0,0.088,95116.5,98133.8,4.185126,4.3178872,-1.7066586392284,-265.52240000000023,-272.3187545607718,6775.745389098142,3.0,7048.064143658915,1.1875958886569793,1733907600.0,2024-12-10T19:00:00Z,2024-12-10T19:00:00Z,2024-12-11T09:00:00Z,2024-12-11T09:00:00Z,opposite,simulated_bar_open_or_final_close,99758.84295944466,39408.38448666407,12.0,-0.6665882570203593
328,2601480.0,2602920.0,1.0,0.117,98744.70000000001,100874.3,5.776564950000001,5.901146550000001,3.532851873338346,249.163199999999,233.95263662666065,7009.698025724804,4.0,6775.745389098142,1.7050714329656553,1734012000.0,2024-12-11T14:00:00Z,2024-12-11T14:00:00Z,2024-12-12T14:00:00Z,2024-12-12T14:00:00Z,timeout,simulated_bar_open_or_final_close,95425.35710646445,138576.81472242676,12.0,0.6024069368480957
329,2602980.0,2604420.0,1.0,0.137,101698.70000000001,100979.8,6.966360950000001,6.917116300000001,4.135445010000001,-98.48930000000121,-116.5082222600012,6893.189803464803,4.0,7009.698025724804,1.9876351090829416,1734102000.0,2024-12-12T15:00:00Z,2024-12-12T15:00:00Z,2024-12-13T15:00:00Z,2024-12-13T15:00:00Z,timeout,simulated_bar_open_or_final_close,98772.85488757526,136808.84134909703,12.0,-0.29065960340437563
330,2604540.0,2605980.0,1.0,0.131,100970.40000000001,101611.8,6.613561200000001,6.6555729,3.5608925461642422,84.02339999999924,67.193373353835,6960.383176818638,4.0,6893.189803464803,1.9188681549652822,1734195600.0,2024-12-13T17:00:00Z,2024-12-13T17:00:00Z,2024-12-14T17:00:00Z,2024-12-14T17:00:00Z,timeout,simulated_bar_open_or_final_close,97957.47652296416,137125.48172443017,12.0,0.17024213129237387
331,2606520.0,2607960.0,1.0,0.188,102093.8,105495.6,9.5968172,9.9165864,5.460253058265206,639.5384000000006,614.5647433417354,7574.9479201603735,4.0,6960.383176818638,2.7575542771731105,1734314400.0,2024-12-15T02:00:00Z,2024-12-15T02:00:00Z,2024-12-16T02:00:00Z,2024-12-16T02:00:00Z,timeout,simulated_bar_open_or_final_close,100026.96995732299,126895.76051212422,12.0,1.5816304840043152
332,2608020.0,2609460.0,1.0,0.146,104585.5,106196.3,7.6347415,7.7523299,4.174714871102886,235.1768000000004,215.61501372889754,7790.562933889271,4.0,7574.9479201603735,2.0157871923265605,1734404400.0,2024-12-16T03:00:00Z,2024-12-16T03:00:00Z,2024-12-17T03:00:00Z,2024-12-17T03:00:00Z,timeout,simulated_bar_open_or_final_close,101630.67384112191,140043.4139065371,12.0,0.4997976473470178
333,2609760.0,2610986.0,1.0,0.156,106805.40000000001,103949.3,8.3308212,8.1080454,4.9812614568765365,-445.5516000000009,-466.97172805687745,7323.591205832394,1.0,7790.562933889271,2.138695565569616,1734496020.0,2024-12-17T08:00:00Z,2024-12-17T08:00:00Z,2024-12-18T04:26:00Z,2024-12-18T04:27:00Z,stop,within_minute_not_exact_tick,103970.14347322335,140828.4783213199,12.0,-1.0557804857919695
334,2612820.0,2613224.0,1.0,0.116,102399.20000000001,98759.5,5.939153600000001,5.728051000000001,1.1676295413049163,-422.20520000000135,-435.04003414130625,6888.551171691087,1.0,7323.591205832394,1.6219238439387909,1734630300.0,2024-12-19T11:00:00Z,2024-12-19T11:00:00Z,2024-12-19T17:44:00Z,2024-12-19T17:45:00Z,stop,within_minute_not_exact_tick,98779.32766469728,145837.6680236327,12.0,-1.0360434773714684
335,2613300.0,2614740.0,-1.0,0.084,98863.70000000001,96975.1,4.152275400000001,4.072954200000001,-2.454696492902136,158.6424000000005,152.87186689290263,7041.42303858399,4.0,6888.551171691087,1.2055584103269856,1734721200.0,2024-12-19T19:00:00Z,2024-12-19T19:00:00Z,2024-12-20T19:00:00Z,2024-12-20T19:00:00Z,timeout,simulated_bar_open_or_final_close,103588.36600388683,42167.7079533583,12.0,0.38519192167219696
336,2615820.0,2617260.0,-1.0,0.11,97090.3,96967.8,5.339966500000001,5.333229,-3.2003443999999996,13.475,6.002148899999998,7047.42518748399,4.0,7041.42303858399,1.5167293516493088,1734872400.0,2024-12-21T13:00:00Z,2024-12-21T13:00:00Z,2024-12-22T13:00:00Z,2024-12-22T13:00:00Z,timeout,simulated_bar_open_or_final_close,100789.3849683282,52701.28038006167,12.0,0.014750942589096752
337,2617380.0,2618820.0,-1.0,0.133,95310.8,94398.8,6.338168200000001,6.2775202000000005,-3.7548565529413818,121.296,112.43516815294139,7159.860355636933,4.0,7047.42518748399,1.798718831739113,1734966000.0,2024-12-22T15:00:00Z,2024-12-22T15:00:00Z,2024-12-23T15:00:00Z,2024-12-23T15:00:00Z,timeout,simulated_bar_open_or_final_close,98344.24426199008,58909.46885611901,12.0,0.2786855900898758
338,2618880.0,2620237.0,-1.0,0.108,93199.0,97040.70000000001,5.032746,5.240197800000001,-2.0418588,-414.90360000000123,-423.1346850000012,6736.725670636932,1.0,7159.860355636933,1.4058223903871916,1735051080.0,2024-12-23T16:00:00Z,2024-12-23T16:00:00Z,2024-12-24T14:37:00Z,2024-12-24T14:38:00Z,stop,within_minute_not_exact_tick,97021.26573983504,47331.811121979415,12.0,-1.0250239037982456
339,2622240.0,2622720.0,1.0,0.136,99399.5,97649.90000000001,6.7591660000000005,6.6401932000000015,2.318354115055133,-237.94559999999882,-253.66331331505395,6483.062357321878,3.0,6736.725670636932,2.0066620879222907,1735200000.0,2024-12-26T00:00:00Z,2024-12-26T00:00:00Z,2024-12-26T08:00:00Z,2024-12-26T08:00:00Z,opposite,simulated_bar_open_or_final_close,96574.75224783193,133296.47302601679,12.0,-0.6602966300274616
340,2622780.0,2624220.0,-1.0,0.12,95826.40000000001,95717.0,5.7495840000000005,5.74302,-3.27900429242556,13.128000000001046,4.914400292426606,6487.976757614305,4.0,6483.062357321878,1.7737247254783852,1735290000.0,2024-12-26T09:00:00Z,2024-12-26T09:00:00Z,2024-12-27T09:00:00Z,2024-12-27T09:00:00Z,timeout,simulated_bar_open_or_final_close,98918.67959141755,58719.04490298958,12.0,0.013243736395598124
341,2624640.0,2626080.0,-1.0,0.11,94520.90000000001,94426.70000000001,5.1986495,5.193468500000001,-2.3668401883462797,10.36199999999968,2.3367221883459592,6490.31347980265,4.0,6487.976757614305,1.6025487433810095,1735401600.0,2024-12-27T16:00:00Z,2024-12-27T16:00:00Z,2024-12-28T16:00:00Z,2024-12-28T16:00:00Z,timeout,simulated_bar_open_or_final_close,97921.56294158733,53712.94470095214,12.0,0.006246702290068106
342,2627400.0,2628840.0,-1.0,0.159,94871.0,92677.6,7.5422445,7.367869200000001,-2.805507753115749,348.75059999999905,336.6459940531148,6826.959473855764,4.0,6490.31347980265,2.324154148631149,1735567200.0,2024-12-29T14:00:00Z,2024-12-29T14:00:00Z,2024-12-30T14:00:00Z,2024-12-30T14:00:00Z,timeout,simulated_bar_open_or_final_close,96211.87211525167,78780.53461697994,12.0,1.57902485909507
343,2628900.0,2629090.0,-1.0,0.164,91826.90000000001,94208.5,7.529805800000001,7.725097000000001,-1.5102323290099002,-390.5823999999986,-404.3270704709887,6422.632403384776,1.0,6826.959473855764,2.2059031780797373,1735582260.0,2024-12-30T15:00:00Z,2024-12-30T15:00:00Z,2024-12-30T18:10:00Z,2024-12-30T18:11:00Z,stop,within_minute_not_exact_tick,94189.62456357817,63474.20523706216,12.0,-1.043460166407571
344,2629380.0,2630313.0,-1.0,0.109,92749.3,96171.1,5.054836850000001,5.24132495,-2.0228171757837154,-372.9762000000003,-381.2495446242166,6041.3828587605585,1.0,6422.632403384776,1.5740701109831736,1735655640.0,2024-12-30T23:00:00Z,2024-12-30T23:00:00Z,2024-12-31T14:33:00Z,2024-12-31T14:34:00Z,stop,within_minute_not_exact_tick,96151.82072294714,51919.05132463422,12.0,-1.0279738256022366
345,2630700.0,2632140.0,-1.0,0.106,93526.1,94786.3,4.9568833,5.0236738999999995,-2.9852168680709283,-133.58119999999968,-140.57654033192875,5900.806318428629,4.0,6041.3828587605585,1.640976384342888,1735765200.0,2024-12-31T21:00:00Z,2024-12-31T21:00:00Z,2025-01-01T21:00:00Z,2025-01-01T21:00:00Z,timeout,simulated_bar_open_or_final_close,96812.06095702107,54094.56851574724,12.0,-0.4035938935557498
346,2633220.0,2634660.0,1.0,0.139,97236.20000000001,96951.0,6.757915900000002,6.7380945,4.0265631200000005,-39.64280000000162,-57.16537352000162,5843.640944908628,4.0,5900.806318428629,2.2905059191299193,1735916400.0,2025-01-02T15:00:00Z,2025-01-02T15:00:00Z,2025-01-03T15:00:00Z,2025-01-03T15:00:00Z,timeout,simulated_bar_open_or_final_close,94829.88724063161,126111.95311242089,12.0,-0.1709094873053646
347,2634720.0,2636160.0,1.0,0.152,97499.1,97603.90000000001,7.4099316,7.417896400000001,3.536998641749478,15.929600000000441,-2.435226641749038,5841.205718266878,4.0,5843.640944908628,2.536066698778278,1736006400.0,2025-01-03T16:00:00Z,2025-01-03T16:00:00Z,2025-01-04T16:00:00Z,2025-01-04T16:00:00Z,timeout,simulated_bar_open_or_final_close,95339.73881618855,123411.43420573749,12.0,-0.00741942942493985
348,2636460.0,2637900.0,1.0,0.202,98597.20000000001,98225.1,9.958317200000002,9.920735100000002,5.613979522705755,-75.16420000000119,-100.65723182270693,5740.54848644417,4.0,5841.205718266878,3.409678645235147,1736110800.0,2025-01-04T21:00:00Z,2025-01-04T21:00:00Z,2025-01-05T21:00:00Z,2025-01-05T21:00:00Z,timeout,simulated_bar_open_or_final_close,97001.25349445612,117748.55806652675,12.0,-0.31223047019697087
349,2637960.0,2639400.0,1.0,0.20600000000000002,98495.1,101546.20000000001,10.144995300000003,10.459258600000004,6.174090903587143,628.5266000000013,601.7482551964141,6342.296741640584,4.0,5740.54848644417,3.5345038279727343,1736200800.0,2025-01-05T22:00:00Z,2025-01-05T22:00:00Z,2025-01-06T22:00:00Z,2025-01-06T22:00:00Z,timeout,simulated_bar_open_or_final_close,96967.89160723038,116821.60071323547,12.0,1.9127108315824286
350,2639580.0,2640421.0,1.0,0.136,102025.1,99359.90000000001,6.937706800000001,6.756473200000001,1.2307778563440002,-362.46719999999965,-377.39215785634366,5964.9045837842405,1.0,6342.296741640584,2.1877584990466405,1736262120.0,2025-01-07T01:00:00Z,2025-01-07T01:00:00Z,2025-01-07T15:01:00Z,2025-01-07T15:02:00Z,stop,within_minute_not_exact_tick,99379.77623962026,133768.98512455702,12.0,-1.0489991352818906
351,2641200.0,2642640.0,-1.0,0.122,96484.70000000001,94003.8,5.8855667,5.734231800000001,-3.4906528029092962,302.66980000000103,294.54065430291035,6259.445238087151,4.0,5964.9045837842405,1.9733984399348408,1736395200.0,2025-01-08T04:00:00Z,2025-01-08T04:00:00Z,2025-01-09T04:00:00Z,2025-01-09T04:00:00Z,timeout,simulated_bar_open_or_final_close,99262.79809057899,63147.52291305232,12.0,0.8690361461345765
352,2642880.0,2644320.0,-1.0,0.109,93157.8,94475.90000000001,5.077100100000001,5.14893655,-0.23492025136853328,-143.67290000000062,-153.6640163986321,6105.781221688519,4.0,6259.445238087151,1.6222204706280112,1736496000.0,2025-01-09T08:00:00Z,2025-01-09T08:00:00Z,2025-01-10T08:00:00Z,2025-01-10T08:00:00Z,timeout,simulated_bar_open_or_final_close,96454.15032989049,53601.59604131425,12.0,-0.4276734804406889
353,2644800.0,2646240.0,-1.0,0.093,93685.20000000001,94384.8,4.356361800000001,4.388893200000001,-1.0843087084675311,-65.06279999999919,-72.72374629153165,6033.057475396988,4.0,6105.781221688519,1.4269629525950405,1736611200.0,2025-01-10T16:00:00Z,2025-01-10T16:00:00Z,2025-01-11T16:00:00Z,2025-01-11T16:00:00Z,timeout,simulated_bar_open_or_final_close,97475.4626216782,48202.04853986166,12.0,-0.20631176375566757
354,2647320.0,2647642.0,-1.0,0.22,93840.3,95366.5,10.322433000000002,10.490315,0.0,-335.7639999999994,-356.5767479999994,5676.480727396988,1.0,6033.057475396988,3.4219574542742985,1736695380.0,2025-01-12T10:00:00Z,2025-01-12T10:00:00Z,2025-01-12T15:22:00Z,2025-01-12T15:23:00Z,stop,within_minute_not_exact_tick,95347.34891688132,75755.71299742421,12.0,-1.0754816130017104
355,2648040.0,2648192.0,-1.0,0.2,94281.90000000001,95865.0,9.42819,9.586500000000001,-0.9952729468,-316.6199999999983,-334.63941705319826,5341.84131034379,1.0,5676.480727396988,3.3218433930360227,1736728380.0,2025-01-12T22:00:00Z,2025-01-12T22:00:00Z,2025-01-13T00:32:00Z,2025-01-13T00:33:00Z,stop,within_minute_not_exact_tick,95845.75163115823,75515.68042610133,12.0,-1.069920606232181
356,2648280.0,2649405.0,-1.0,0.14,94157.8,93216.5,6.591046000000001,6.525155000000001,-1.02903281037445,131.7820000000004,119.69483181037485,5461.536142154166,1.0,5341.84131034379,2.4677056531938852,1736801160.0,2025-01-13T02:00:00Z,2025-01-13T02:00:00Z,2025-01-13T20:45:00Z,2025-01-13T20:46:00Z,stop,within_minute_not_exact_tick,96302.21262088281,68424.84854940626,12.0,0.3986933652758716
357,2650500.0,2651940.0,1.0,0.092,96268.3,99362.40000000001,4.4283418,4.5706704,2.072272198889179,284.65720000000056,273.5859156011114,5735.122057755276,4.0,5461.536142154166,1.6216469816322967,1736953200.0,2025-01-14T15:00:00Z,2025-01-14T15:00:00Z,2025-01-15T15:00:00Z,2025-01-15T15:00:00Z,timeout,simulated_bar_open_or_final_close,92863.66556944059,137123.9131667129,12.0,0.8734447156775595
358,2652000.0,2653440.0,1.0,0.109,98963.1,99238.3,5.39348895,5.408487350000001,2.0304037374914072,29.996799999999684,17.164419962508273,5752.286477717784,4.0,5735.122057755276,1.8808628293121312,1737043200.0,2025-01-15T16:00:00Z,2025-01-15T16:00:00Z,2025-01-16T16:00:00Z,2025-01-16T16:00:00Z,timeout,simulated_bar_open_or_final_close,95969.46179589115,134886.75844930627,12.0,0.05260212892766089
359,2653680.0,2655120.0,1.0,0.097,100402.1,105749.8,4.869501850000001,5.1288653,1.714922260016,518.7268999999998,507.0136105899838,6259.3000883077675,4.0,5752.286477717784,1.6930665288881692,1737144000.0,2025-01-16T20:00:00Z,2025-01-16T20:00:00Z,2025-01-17T20:00:00Z,2025-01-17T20:00:00Z,timeout,simulated_bar_open_or_final_close,97016.7174031938,141026.69116167442,12.0,1.5439745108878218
360,2655180.0,2656620.0,1.0,0.10300000000000001,104675.40000000001,103979.20000000001,5.390783100000001,5.354928800000001,2.8541366076060455,-71.7085999999997,-85.30844850760576,6173.991639800162,4.0,6259.3000883077675,1.7224875062532512,1737234000.0,2025-01-17T21:00:00Z,2025-01-17T21:00:00Z,2025-01-18T21:00:00Z,2025-01-18T21:00:00Z,timeout,simulated_bar_open_or_final_close,101191.89859966538,146477.41680401564,12.0,-0.23776002044148714
361,2656980.0,2658168.0,1.0,0.115,104869.1,101775.90000000001,6.029973250000001,5.8521142500000005,2.41627655262124,-355.7179999999997,-370.01636405262093,5803.975275747542,1.0,6173.991639800162,1.9533467493309327,1737326940.0,2025-01-19T03:00:00Z,2025-01-19T03:00:00Z,2025-01-19T22:48:00Z,2025-01-19T22:49:00Z,stop,within_minute_not_exact_tick,101796.2961888638,141742.74573363445,12.0,-1.0471002375084442
362,2658660.0,2659266.0,1.0,0.051000000000000004,107572.90000000001,100903.70000000001,2.7431089500000003,2.5730443500000004,1.0818043268981221,-340.12919999999986,-346.527157626898,5457.448118120644,1.0,5803.975275747542,0.9452517695801841,1737392820.0,2025-01-20T07:00:00Z,2025-01-20T07:00:00Z,2025-01-20T17:06:00Z,2025-01-20T17:07:00Z,stop,within_minute_not_exact_tick,100923.90978296238,187360.7826044515,12.0,-1.0219070757746267
363,2660400.0,2661840.0,1.0,0.053,103745.8,105062.8,2.7492637,2.7841642,1.67006869,69.801,62.597503409999995,5520.045621530644,4.0,5457.448118120644,1.0075271960429562,1737547200.0,2025-01-21T12:00:00Z,2025-01-21T12:00:00Z,2025-01-22T12:00:00Z,2025-01-22T12:00:00Z,timeout,simulated_bar_open_or_final_close,97755.32349560954,175631.51805268548,12.0,0.19716043776056474
364,2663460.0,2664900.0,1.0,0.075,105188.8,105701.40000000001,3.94458,3.9638025000000003,1.299423385889933,38.445000000000434,29.237194114110498,5549.282815644754,4.0,5520.045621530644,1.429183840298122,1737730800.0,2025-01-23T15:00:00Z,2025-01-23T15:00:00Z,2025-01-24T15:00:00Z,2025-01-24T15:00:00Z,timeout,simulated_bar_open_or_final_close,100920.55464891184,156407.74421305786,12.0,0.09133243822439185
365,2664960.0,2666400.0,1.0,0.077,105842.5,104831.1,4.0749362499999995,4.035997350000001,2.548403119831198,-77.87779999999955,-88.53713671983074,5460.745678924924,4.0,5549.282815644754,1.468635276079922,1737820800.0,2025-01-24T16:00:00Z,2025-01-24T16:00:00Z,2025-01-25T16:00:00Z,2025-01-25T16:00:00Z,timeout,simulated_bar_open_or_final_close,101714.67299442348,155376.42406691815,12.0,-0.27855647604902356
366,2668020.0,2668264.0,1.0,0.157,105164.90000000001,103770.1,8.255444650000001,8.14595285,0.0,-218.98360000000045,-235.38499750000045,5225.360681424923,1.0,5460.745678924924,3.023559468026821,1737932700.0,2025-01-26T19:00:00Z,2025-01-26T19:00:00Z,2025-01-26T23:04:00Z,2025-01-26T23:05:00Z,stop,within_minute_not_exact_tick,103790.8871618909,121653.05405730935,12.0,-1.0911597464134792
367,2668740.0,2669208.0,-1.0,0.10300000000000001,98898.20000000001,101811.40000000001,5.093257300000001,5.243287100000001,-0.37849887590399994,-300.0595999999997,-310.0176455240957,4915.343035900828,1.0,5225.360681424923,1.9494376026923759,1737989340.0,2025-01-27T07:00:00Z,2025-01-27T07:00:00Z,2025-01-27T14:48:00Z,2025-01-27T14:49:00Z,stop,within_minute_not_exact_tick,101790.98044700694,64184.83463591692,12.0,-1.040479949574546
368,2669460.0,2670240.0,-1.0,0.067,99139.20000000001,102774.90000000001,3.3211632000000004,3.4429591500000005,-0.939307649889245,-243.5918999999998,-249.41671470011056,4665.926321200717,3.0,4915.343035900828,1.351345440488198,1738051200.0,2025-01-27T19:00:00Z,2025-01-27T19:00:00Z,2025-01-28T08:00:00Z,2025-01-28T08:00:00Z,opposite,simulated_bar_open_or_final_close,103395.20723354779,48067.11319742674,12.0,-0.8746783848236815
369,2670360.0,2671140.0,1.0,0.073,102945.70000000001,101200.1,3.7575180500000003,3.69380365,0.7385479834242498,-127.42880000000042,-135.61866968342466,4530.307651517293,3.0,4665.926321200717,1.6106203961802168,1738105200.0,2025-01-28T10:00:00Z,2025-01-28T10:00:00Z,2025-01-28T23:00:00Z,2025-01-28T23:00:00Z,opposite,simulated_bar_open_or_final_close,99297.43100439347,146724.92794727848,12.0,-0.5092250593091168
370,2672340.0,2673780.0,1.0,0.091,102828.3,105502.20000000001,4.67868765,4.800350100000001,2.5846431672879997,243.32490000000078,231.26121908271278,4761.568870600007,4.0,4530.307651517293,2.0655054843496163,1738263600.0,2025-01-29T19:00:00Z,2025-01-29T19:00:00Z,2025-01-30T19:00:00Z,2025-01-30T19:00:00Z,timeout,simulated_bar_open_or_final_close,100006.32724012587,136691.9731184896,12.0,0.9005515977926584
371,2674920.0,2675240.0,1.0,0.114,104652.6,102291.5,5.965198200000001,5.8306155,1.2017583600000001,-269.16540000000066,-282.16297206000064,4479.405898540007,1.0,4761.568870600007,2.505559979120211,1738351260.0,2025-01-31T14:00:00Z,2025-01-31T14:00:00Z,2025-01-31T19:20:00Z,2025-01-31T19:21:00Z,stop,within_minute_not_exact_tick,102311.9959435953,132739.84867685646,12.0,-1.0574679571400536
372,2676120.0,2677560.0,-1.0,0.108,101618.6,99660.0,5.487404400000001,5.381640000000001,-1.6540055431090555,211.52880000000062,202.31376114310967,4681.719659683116,4.0,4479.405898540007,2.4500590142047787,1738490400.0,2025-02-01T10:00:00Z,2025-02-01T10:00:00Z,2025-02-02T10:00:00Z,2025-02-02T10:00:00Z,timeout,simulated_bar_open_or_final_close,103946.25885810699,73686.69370271623,12.0,0.804789567687503
373,2677620.0,2679060.0,-1.0,0.10400000000000001,99350.5,95688.1,5.166226000000001,4.9757812,-1.9177145734855685,380.8895999999994,372.665307373485,5054.384967056601,4.0,4681.719659683116,2.2069779378245293,1738580400.0,2025-02-02T11:00:00Z,2025-02-02T11:00:00Z,2025-02-03T11:00:00Z,2025-02-03T11:00:00Z,timeout,simulated_bar_open_or_final_close,101890.54091544665,68870.0090146403,12.0,1.4107332844189606
374,2679180.0,2679530.0,-1.0,0.057,94712.0,99909.5,2.699292,2.8474207500000004,-0.2728573518497561,-296.2575,-301.53135539815025,4752.853611658451,1.0,5054.384967056601,1.0680990932006196,1738608660.0,2025-02-03T13:00:00Z,2025-02-03T13:00:00Z,2025-02-03T18:50:00Z,2025-02-03T18:51:00Z,stop,within_minute_not_exact_tick,99889.5102806808,32581.876631830382,12.0,-1.021731197454874
375,2680200.0,2681640.0,-1.0,0.057,98798.5,98126.8,2.8157572500000003,2.7966138000000003,-0.5900653277043246,38.28689999999983,33.264594277704155,4786.118205936155,4.0,4752.853611658451,1.1848701769787837,1738735200.0,2025-02-04T06:00:00Z,2025-02-04T06:00:00Z,2025-02-05T06:00:00Z,2025-02-05T06:00:00Z,timeout,simulated_bar_open_or_final_close,103642.62164118073,40669.040305831266,12.0,0.12047372393208702
376,2682420.0,2683860.0,-1.0,0.073,96660.70000000001,96293.40000000001,3.52811555,3.5147091,-0.5562540517181634,26.812900000000212,20.326329401718375,4806.444535337874,4.0,4786.118205936155,1.4743119154993405,1738868400.0,2025-02-05T19:00:00Z,2025-02-05T19:00:00Z,2025-02-06T19:00:00Z,2025-02-06T19:00:00Z,timeout,simulated_bar_open_or_final_close,100412.3042925044,51641.44848994743,12.0,0.07421967958428143
377,2683920.0,2685007.0,-1.0,0.083,95926.8,99261.70000000001,3.9809622000000005,4.119360550000001,-1.2005242162507792,-276.7967000000007,-283.69649853375,4522.748036804123,1.0,4806.444535337874,1.6565102003076186,1738937280.0,2025-02-06T20:00:00Z,2025-02-06T20:00:00Z,2025-02-07T14:07:00Z,2025-02-07T14:08:00Z,stop,within_minute_not_exact_tick,99241.7892231757,56146.92932189165,12.0,-1.0310833226606562
378,2685300.0,2686740.0,-1.0,0.07200000000000001,97680.3,96481.90000000001,3.5164908000000006,3.473348400000001,0.18367532399552405,86.28479999999959,79.11128547600406,4601.859322280128,4.0,4522.748036804123,1.5550239683415275,1739041200.0,2025-02-07T19:00:00Z,2025-02-07T19:00:00Z,2025-02-08T19:00:00Z,2025-02-08T19:00:00Z,timeout,simulated_bar_open_or_final_close,101268.05224951608,54627.27300580711,12.0,0.30625521981948284
379,2687760.0,2689105.0,-1.0,0.158,96491.8,97892.3,7.6228522000000005,7.733491700000001,-2.119160541837013,-221.279,-234.516183358163,4367.343138921966,1.0,4601.859322280128,3.312944471419883,1739183160.0,2025-02-09T12:00:00Z,2025-02-09T12:00:00Z,2025-02-10T10:25:00Z,2025-02-10T10:26:00Z,stop,within_minute_not_exact_tick,98103.10008291768,77156.19900498792,12.0,-0.92116897233673
380,2690700.0,2692140.0,-1.0,0.128,97706.6,95971.5,6.2532224,6.142176,-0.45766193062399996,222.09280000000075,210.15506353062474,4577.498202452591,4.0,4367.343138921966,2.863627702742654,1739365200.0,2025-02-11T13:00:00Z,2025-02-11T13:00:00Z,2025-02-12T13:00:00Z,2025-02-12T13:00:00Z,timeout,simulated_bar_open_or_final_close,99607.45375283936,74896.35496592779,12.0,0.8637363244702836
381,2692200.0,2692408.0,-1.0,0.101,94899.0,97504.8,4.7923995,4.9239924,-0.4797543778206178,-263.1858000000003,-272.4224375221797,4305.0757649304105,1.0,4577.498202452591,2.093894650764589,1739381340.0,2025-02-12T14:00:00Z,2025-02-12T14:00:00Z,2025-02-12T17:28:00Z,2025-02-12T17:29:00Z,stop,within_minute_not_exact_tick,97485.22403433145,63864.31158802263,12.0,-1.0429304734817755
382,2693160.0,2694600.0,-1.0,0.088,96609.40000000001,96655.40000000001,4.250813600000001,4.2528376,-0.7642459617635864,-4.048,-11.787405238236415,4293.288359692175,4.0,4305.0757649304105,1.9747915400827853,1739512800.0,2025-02-13T06:00:00Z,2025-02-13T06:00:00Z,2025-02-14T06:00:00Z,2025-02-14T06:00:00Z,timeout,simulated_bar_open_or_final_close,99387.1715393411,63276.141527907,12.0,-0.04822131154454656
383,2697600.0,2699040.0,-1.0,0.202,97187.90000000001,96043.1,9.815977900000002,9.700353100000003,-3.1950007949793653,231.2496000000006,214.92826979497997,4508.216629487155,4.0,4293.288359692175,4.572708412580886,1739779200.0,2025-02-16T08:00:00Z,2025-02-16T08:00:00Z,2025-02-17T08:00:00Z,2025-02-17T08:00:00Z,timeout,simulated_bar_open_or_final_close,98324.57837226933,83547.75953276818,12.0,0.9360619165248028
384,2699100.0,2700540.0,-1.0,0.166,96090.1,95212.6,7.975478300000001,7.902645800000001,-3.4107292673715213,145.66500000000002,133.19760516737156,4641.414234654527,4.0,4508.216629487155,3.5381965666132036,1739869200.0,2025-02-17T09:00:00Z,2025-02-17T09:00:00Z,2025-02-18T09:00:00Z,2025-02-18T09:00:00Z,timeout,simulated_bar_open_or_final_close,97583.09757121497,78174.12914542052,12.0,0.5374390603989198
385,2701020.0,2702460.0,-1.0,0.11900000000000001,94576.0,96279.5,5.627272000000001,5.72863025,-2.705147275831,-202.71650000000002,-211.36725497416904,4430.046979680357,4.0,4641.414234654527,2.4248092135300885,1739984400.0,2025-02-18T17:00:00Z,2025-02-18T17:00:00Z,2025-02-19T17:00:00Z,2025-02-19T17:00:00Z,timeout,simulated_bar_open_or_final_close,96781.13378867143,68114.3945359428,12.0,-0.8054819299744786
386,2703960.0,2705400.0,1.0,0.126,97934.90000000001,96910.1,6.169898700000001,6.105336300000001,0.28588774057200006,-129.12480000000036,-141.68592274057238,4288.361056939785,4.0,4430.046979680357,2.785477774073258,1740160800.0,2025-02-20T18:00:00Z,2025-02-20T18:00:00Z,2025-02-21T18:00:00Z,2025-02-21T18:00:00Z,timeout,simulated_bar_open_or_final_close,95964.9172407902,121574.69311051774,12.0,-0.5708128383687242
387,2705580.0,2707020.0,-1.0,0.085,95015.20000000001,96546.3,4.038146000000001,4.103217750000001,-1.536308547251955,-130.14349999999928,-136.74855520274733,4151.612501737039,4.0,4288.361056939785,1.8833050418947979,1740258000.0,2025-02-21T21:00:00Z,2025-02-21T21:00:00Z,2025-02-22T21:00:00Z,2025-02-22T21:00:00Z,timeout,simulated_bar_open_or_final_close,97878.47776294535,60655.86684465606,12.0,-0.5618758168058827
388,2707560.0,2709000.0,-1.0,0.188,96141.8,95700.8,9.0373292,8.9958752,-0.2972121545687355,82.908,65.17200775456874,4216.784509491607,4.0,4151.612501737039,4.353647743482212,1740376800.0,2025-02-23T06:00:00Z,2025-02-23T06:00:00Z,2025-02-24T06:00:00Z,2025-02-24T06:00:00Z,timeout,simulated_bar_open_or_final_close,97326.89725740296,81920.63291116452,12.0,0.2925157522307217
389,2709180.0,2710620.0,-1.0,0.158,95441.70000000001,89382.0,7.539894300000001,7.061178,-2.491552674813386,957.4326000000018,945.3230803748152,5162.107589866423,4.0,4216.784509491607,3.576134508665723,1740474000.0,2025-02-24T09:00:00Z,2025-02-24T09:00:00Z,2025-02-25T09:00:00Z,2025-02-25T09:00:00Z,timeout,simulated_bar_open_or_final_close,96906.73500367839,77861.27995585947,12.0,4.08390069568614
390,2710680.0,2712120.0,-1.0,0.079,88249.8,89096.90000000001,3.4858671,3.5193275500000003,-0.762691107821615,-66.92090000000046,-73.16340354217884,5088.944186324244,4.0,5162.107589866423,1.3505596461580924,1740564000.0,2025-02-25T10:00:00Z,2025-02-25T10:00:00Z,2025-02-26T10:00:00Z,2025-02-26T10:00:00Z,timeout,simulated_bar_open_or_final_close,91999.5043449214,43253.34786094332,12.0,-0.24698454784410329
391,2712360.0,2713800.0,-1.0,0.083,87132.5,86096.20000000001,3.61599875,3.572992300000001,-1.3327077974802326,86.01289999999904,80.15661674747928,5169.100803071723,4.0,5088.944186324244,1.4211194375907843,1740664800.0,2025-02-26T14:00:00Z,2025-02-26T14:00:00Z,2025-02-27T14:00:00Z,2025-02-27T14:00:00Z,timeout,simulated_bar_open_or_final_close,90676.7224196242,44601.830964509616,12.0,0.2724835679341922
392,2713860.0,2715300.0,-1.0,0.073,84927.5,82072.6,3.09985375,2.9956499,-1.7225673892235553,208.40769999999955,204.0347637392231,5373.135566810946,4.0,5169.100803071723,1.1993783321686902,1740754800.0,2025-02-27T15:00:00Z,2025-02-27T15:00:00Z,2025-02-28T15:00:00Z,2025-02-28T15:00:00Z,timeout,simulated_bar_open_or_final_close,89023.56752349071,35774.689718111505,12.0,0.6823610078500559
393,2718180.0,2718214.0,-1.0,0.135,85059.3,87343.8,5.74150275,5.8957065,0.0,-308.4075,-320.04470925000004,5053.0908575609465,1.0,5373.135566810946,2.1371144199168928,1740929700.0,2025-03-02T15:00:00Z,2025-03-02T15:00:00Z,2025-03-02T15:34:00Z,2025-03-02T15:35:00Z,stop,within_minute_not_exact_tick,87326.2878253852,57855.44609537766,12.0,-1.0457495728267454
394,2718660.0,2719616.0,1.0,0.063,94204.1,89520.70000000001,2.9674291500000005,2.8199020500000005,-0.28156109432296855,-295.05419999999964,-300.55997010567665,4752.53088745527,1.0,5053.0908575609465,1.1745006110704825,1741013820.0,2025-03-02T23:00:00Z,2025-03-02T23:00:00Z,2025-03-03T14:56:00Z,2025-03-03T14:57:00Z,stop,within_minute_not_exact_tick,89538.62808337313,150189.76299952256,12.0,-1.0225746208606157
395,2719860.0,2721300.0,-1.0,0.049,87082.5,86726.3,2.1335212500000003,2.12479435,0.022361169059071637,17.45379999999986,13.173123230940787,4765.704010686211,4.0,4752.53088745527,0.8978463477771896,1741114800.0,2025-03-03T19:00:00Z,2025-03-03T19:00:00Z,2025-03-04T19:00:00Z,2025-03-04T19:00:00Z,timeout,simulated_bar_open_or_final_close,92756.34415365226,18996.370156172867,12.0,0.047382205490784285
396,2724120.0,2725560.0,-1.0,0.061,88567.1,87670.1,2.70129655,2.6739380500000003,0.007083189818198096,54.717,49.3346822101818,4815.038692896394,4.0,4765.704010686211,1.1336400850505366,1741370400.0,2025-03-06T18:00:00Z,2025-03-06T18:00:00Z,2025-03-07T18:00:00Z,2025-03-07T18:00:00Z,timeout,simulated_bar_open_or_final_close,93123.1964180262,33893.942983685745,12.0,0.17751276705520308
397,2725680.0,2727120.0,-1.0,0.047,87769.70000000001,86207.8,2.06258795,2.0258833,-0.28138185562516566,73.40930000000041,69.60221060562559,4884.64090350202,4.0,4815.038692896394,0.8567274664035108,1741464000.0,2025-03-07T20:00:00Z,2025-03-07T20:00:00Z,2025-03-08T20:00:00Z,2025-03-08T20:00:00Z,timeout,simulated_bar_open_or_final_close,93730.52897690974,16239.7522770832,12.0,0.24843827993195905
398,2727960.0,2729400.0,-1.0,0.132,85515.70000000001,82478.3,5.644036200000001,5.443567800000001,-1.6630286244148562,400.9368000000012,391.51222462441604,5276.153128126436,4.0,4884.64090350202,2.3109318828139593,1741600800.0,2025-03-09T10:00:00Z,2025-03-09T10:00:00Z,2025-03-10T10:00:00Z,2025-03-10T10:00:00Z,timeout,simulated_bar_open_or_final_close,87601.46382858255,60486.534057009565,12.0,1.422021832508134
399,2729700.0,2731140.0,-1.0,0.066,79797.70000000001,79757.90000000001,2.6333241000000007,2.6320107000000004,-0.6301127974299158,2.626800000000192,-2.008422002569893,5274.144706123866,4.0,5276.153128126436,0.9981985117005484,1741705200.0,2025-03-10T15:00:00Z,2025-03-10T15:00:00Z,2025-03-11T15:00:00Z,2025-03-11T15:00:00Z,timeout,simulated_bar_open_or_final_close,84475.2101262535,23667.578484958227,12.0,-0.006505733944171701
400,2732640.0,2734080.0,-1.0,0.073,81671.6,81032.3,2.9810133999999997,2.95767895,-0.340456432385,46.66890000000021,41.0706640823852,5315.215370206251,4.0,5274.144706123866,1.130425335709395,1741881600.0,2025-03-12T16:00:00Z,2025-03-12T16:00:00Z,2025-03-13T16:00:00Z,2025-03-13T16:00:00Z,timeout,simulated_bar_open_or_final_close,85872.17214843696,31264.734218756537,12.0,0.1339369535538991
401,2734140.0,2735466.0,-1.0,0.089,80833.90000000001,84311.90000000001,3.5971085500000006,3.7518795500000004,-0.7783622592376804,-309.542,-316.1126258407623,4999.1027443654875,1.0,5315.215370206251,1.3535137522980254,1741964820.0,2025-03-13T17:00:00Z,2025-03-13T17:00:00Z,2025-03-14T15:06:00Z,2025-03-14T15:07:00Z,stop,within_minute_not_exact_tick,84294.94329188608,39301.38049736714,12.0,-1.0262302309146312
402,2736480.0,2737920.0,-1.0,0.132,83780.3,84259.0,5.529499800000001,5.561094,-0.2191373386681706,-63.18839999999962,-74.05985646133144,4925.042887904155,4.0,4999.1027443654875,2.2121969012268554,1742112000.0,2025-03-15T08:00:00Z,2025-03-15T08:00:00Z,2025-03-16T08:00:00Z,2025-03-16T08:00:00Z,timeout,simulated_bar_open_or_final_close,85934.32962109726,57931.94454683294,12.0,-0.2604697322410304
403,2738040.0,2738409.0,-1.0,0.201,83840.3,85047.5,8.42595015,8.54727375,-0.2087388216,-242.64719999999943,-259.41168507839944,4665.631202825754,1.0,4925.042887904155,3.4216758480191234,1742141400.0,2025-03-16T10:00:00Z,2025-03-16T10:00:00Z,2025-03-16T16:09:00Z,2025-03-16T16:10:00Z,stop,within_minute_not_exact_tick,85188.80931966666,67658.18816400008,12.0,-0.9570607926677315
404,2738700.0,2740140.0,-1.0,0.114,83161.70000000001,83940.3,4.740216900000001,4.7845971,-0.988864586298,-88.76039999999901,-97.29634941370101,4568.334853412053,4.0,4665.631202825754,2.0319723929868583,1742245200.0,2025-03-16T21:00:00Z,2025-03-16T21:00:00Z,2025-03-17T21:00:00Z,2025-03-17T21:00:00Z,timeout,simulated_bar_open_or_final_close,85494.88526868583,55163.47677577019,12.0,-0.3657989619160066
405,2740440.0,2741880.0,-1.0,0.107,83110.5,82579.0,4.44641175,4.4179765,-0.5075294509536367,56.8705,48.51364120095363,4616.848494613007,4.0,4568.334853412053,1.9466225190034003,1742349600.0,2025-03-18T02:00:00Z,2025-03-18T02:00:00Z,2025-03-19T02:00:00Z,2025-03-19T02:00:00Z,timeout,simulated_bar_open_or_final_close,85538.86132143925,53970.16414272894,12.0,0.18670965967619685
406,2743140.0,2744580.0,1.0,0.097,86127.3,84088.1,4.1771740500000005,4.07827285,0.5681904818240726,-197.80239999999972,-206.62603738182378,4410.222457231183,4.0,4616.848494613007,1.8095348179061872,1742511600.0,2025-03-19T23:00:00Z,2025-03-19T23:00:00Z,2025-03-20T23:00:00Z,2025-03-20T23:00:00Z,timeout,simulated_bar_open_or_final_close,83396.99938010244,118890.9074387707,12.0,-0.7801944292541527
407,2745060.0,2746500.0,-1.0,0.111,84148.20000000001,84297.70000000001,4.670225100000001,4.6785223500000015,-0.9938149987801344,-16.5945,-24.949432451219867,4385.273024779964,4.0,4410.222457231183,2.1179090829500025,1742626800.0,2025-03-21T07:00:00Z,2025-03-21T07:00:00Z,2025-03-22T07:00:00Z,2025-03-22T07:00:00Z,timeout,simulated_bar_open_or_final_close,86397.6018239712,57155.37811234577,12.0,-0.09992419287981363
408,2747400.0,2748360.0,-1.0,0.211,83960.8,85103.6,8.8578644,8.9784298,-0.33846030377463016,-241.13080000000062,-258.628633896226,4126.644390883738,1.0,4385.273024779964,4.03982344996385,1742738460.0,2025-03-22T22:00:00Z,2025-03-22T22:00:00Z,2025-03-23T14:00:00Z,2025-03-23T14:01:00Z,stop,within_minute_not_exact_tick,85086.50330736747,70452.36031159047,12.0,-1.088855397962171
409,2748480.0,2749920.0,1.0,0.209,85165.1,88266.0,8.89975295,9.223797000000001,1.4509920106624161,648.0880999999988,628.5135580393364,4755.157948923074,4.0,4126.644390883738,4.3133122736045015,1742832000.0,2025-03-23T16:00:00Z,2025-03-23T16:00:00Z,2025-03-24T16:00:00Z,2025-03-24T16:00:00Z,timeout,simulated_bar_open_or_final_close,84100.54939914569,97939.70721025177,12.0,2.824893341923896
410,2749980.0,2751420.0,1.0,0.13,88025.20000000001,87730.0,5.721638000000001,5.70245,-0.32954867536389676,-38.37600000000152,-49.47053932463762,4705.687409598437,4.0,4755.157948923074,2.4064975596849774,1742922000.0,2025-03-24T17:00:00Z,2025-03-24T17:00:00Z,2025-03-25T17:00:00Z,2025-03-25T17:00:00Z,timeout,simulated_bar_open_or_final_close,85967.19608009659,112721.24703884104,12.0,-0.18490859347215374
411,2751480.0,2752920.0,1.0,0.122,87902.6,86518.3,5.3620586,5.2776163,-0.46638718443395183,-168.88460000000035,-179.0578877155664,4526.629521882871,4.0,4705.687409598437,2.278969312352847,1743012000.0,2025-03-25T18:00:00Z,2025-03-25T18:00:00Z,2025-03-26T18:00:00Z,2025-03-26T18:00:00Z,timeout,simulated_bar_open_or_final_close,85713.71573342962,114169.21119884455,12.0,-0.6705185955425496
412,2755500.0,2756940.0,-1.0,0.127,84980.5,82433.90000000001,5.39626175,5.23455265,-2.314105285435135,323.4181999999989,315.101490885434,4841.731012768305,4.0,4526.629521882871,2.384229468708719,1743253200.0,2025-03-28T13:00:00Z,2025-03-28T13:00:00Z,2025-03-29T13:00:00Z,2025-03-29T13:00:00Z,timeout,simulated_bar_open_or_final_close,86999.23112468854,60755.72650373751,12.0,1.229046340603139
413,2757000.0,2758440.0,-1.0,0.136,82792.20000000001,82671.8,5.629869600000001,5.621682400000001,-0.3699560777119475,16.374400000001188,5.492804077713133,4847.223816846017,4.0,4841.731012768305,2.325560666279588,1743343200.0,2025-03-29T14:00:00Z,2025-03-29T14:00:00Z,2025-03-30T14:00:00Z,2025-03-30T14:00:00Z,timeout,simulated_bar_open_or_final_close,84806.84938741119,58616.40735106586,12.0,0.020047292362469733
414,2758620.0,2760060.0,-1.0,0.157,82236.8,83267.40000000001,6.455588800000001,6.5364909,-1.357220498193,-161.80420000000092,-173.43905920180794,4673.784757644209,4.0,4847.223816846017,2.663623155821392,1743440400.0,2025-03-30T17:00:00Z,2025-03-30T17:00:00Z,2025-03-31T17:00:00Z,2025-03-31T17:00:00Z,timeout,simulated_bar_open_or_final_close,83967.49394328437,61468.47268058768,12.0,-0.6383031429315504
415,2760480.0,2761397.0,-1.0,0.10300000000000001,82500.90000000001,85121.40000000001,4.248796350000001,4.383752100000001,-0.248216108184,-269.91150000000005,-278.29583234181604,4395.488925302394,1.0,4673.784757644209,1.818139503771919,1743520680.0,2025-04-01T00:00:00Z,2025-04-01T00:00:00Z,2025-04-01T15:17:00Z,2025-04-01T15:18:00Z,stop,within_minute_not_exact_tick,85104.31149736118,51259.96203166599,12.0,-1.0378310488413613
416,2762340.0,2762580.0,-1.0,0.11800000000000001,84072.5,84839.70000000001,4.9602775,5.005542300000001,-0.30233659501094184,-90.52960000000138,-100.19308320499044,4295.295842097404,3.0,4395.488925302394,2.256985552367761,1743591600.0,2025-04-02T07:00:00Z,2025-04-02T07:00:00Z,2025-04-02T11:00:00Z,2025-04-02T11:00:00Z,opposite,simulated_bar_open_or_final_close,86185.01127271116,58722.36472746614,12.0,-0.4019358080756229
417,2762700.0,2763198.0,1.0,0.113,85026.40000000001,84178.6,4.803991600000001,4.7560909,0.071826741101,-95.80140000000033,-105.43330924110134,4189.862532856302,1.0,4295.295842097404,2.236861802587362,1743628740.0,2025-04-02T13:00:00Z,2025-04-02T13:00:00Z,2025-04-02T21:18:00Z,2025-04-02T21:19:00Z,stop,within_minute_not_exact_tick,82874.16371653802,110853.23540154376,12.0,-0.4335203072481265
418,2763420.0,2764860.0,-1.0,0.063,83165.3,83022.20000000001,2.6197069500000003,2.6151993000000004,-0.8241957504066226,9.01529999999945,4.604589500406071,4194.467122356708,4.0,4189.862532856302,1.250497804859531,1743728400.0,2025-04-03T01:00:00Z,2025-04-03T01:00:00Z,2025-04-04T01:00:00Z,2025-04-04T01:00:00Z,timeout,simulated_bar_open_or_final_close,87001.2641676381,37133.729988342864,12.0,0.019053546653349074
419,2765580.0,2767020.0,-1.0,0.076,82826.0,83259.90000000001,3.147388,3.1638762000000002,-1.523349496852,-32.976400000000666,-37.76431470314866,4156.70280765356,4.0,4194.467122356708,1.5007331840673028,1743858000.0,2025-04-04T13:00:00Z,2025-04-04T13:00:00Z,2025-04-05T13:00:00Z,2025-04-05T13:00:00Z,timeout,simulated_bar_open_or_final_close,86015.29352108164,44554.4777470203,12.0,-0.1558021782530968
420,2767080.0,2768520.0,-1.0,0.10300000000000001,82697.5,82272.6,4.25892125,4.237038900000001,-0.5121452347537631,43.7646999999994,35.78088508475316,4192.483692738312,4.0,4156.70280765356,2.049182463638358,1743948000.0,2025-04-05T14:00:00Z,2025-04-05T14:00:00Z,2025-04-06T14:00:00Z,2025-04-06T14:00:00Z,timeout,simulated_bar_open_or_final_close,84987.94034286927,55212.21588556873,12.0,0.15166831780363124
421,2768580.0,2769953.0,-1.0,0.146,82613.40000000001,77684.6,6.030778200000001,5.6709758,-1.2451739998499374,719.6048000000004,709.1482199998504,4901.631912738163,1.0,4192.483692738312,2.8769477197708597,1744034040.0,2025-04-06T15:00:00Z,2025-04-06T15:00:00Z,2025-04-07T13:53:00Z,2025-04-07T13:54:00Z,stop,within_minute_not_exact_tick,84219.40630457083,63341.32434515012,12.0,3.0243838864244452
422,2771520.0,2772960.0,-1.0,0.07200000000000001,78444.2,77253.0,2.8239912000000005,2.781108,-0.7809204119332901,85.7663999999998,80.9422212119331,4982.574133950096,4.0,4901.631912738163,1.1522657148779882,1744214400.0,2025-04-08T16:00:00Z,2025-04-08T16:00:00Z,2025-04-09T16:00:00Z,2025-04-09T16:00:00Z,timeout,simulated_bar_open_or_final_close,82368.32234313322,31354.73188240146,12.0,0.286483809252183
423,2774280.0,2775720.0,-1.0,0.084,80828.70000000001,82894.20000000001,3.3948054000000005,3.481556400000001,-0.29312952717632174,-173.502,-180.08523227282367,4802.488901677272,4.0,4982.574133950096,1.362671305528036,1744380000.0,2025-04-10T14:00:00Z,2025-04-10T14:00:00Z,2025-04-11T14:00:00Z,2025-04-11T14:00:00Z,timeout,simulated_bar_open_or_final_close,84253.15655213065,39735.22137443235,12.0,-0.6260473100287488
424,2775960.0,2777400.0,1.0,0.074,83905.0,84713.70000000001,3.104485,3.1344069000000006,0.9135433151159998,59.84380000000086,52.69136478488486,4855.180266462157,4.0,4802.488901677272,1.2928650387576144,1744480800.0,2025-04-11T18:00:00Z,2025-04-11T18:00:00Z,2025-04-12T18:00:00Z,2025-04-12T18:00:00Z,timeout,simulated_bar_open_or_final_close,80175.66718000175,128656.99383997906,12.0,0.19093106044269464
425,2777580.0,2779020.0,1.0,0.109,85492.1,83456.0,4.65931945,4.548352,2.1260686257804826,-221.93490000000062,-233.2686400757811,4621.911626386375,4.0,4855.180266462157,1.9193188282564528,1744578000.0,2025-04-12T21:00:00Z,2025-04-12T21:00:00Z,2025-04-13T21:00:00Z,2025-04-13T21:00:00Z,timeout,simulated_bar_open_or_final_close,82959.79159137356,115879.80090351732,12.0,-0.8451100424655985
426,2779380.0,2780820.0,1.0,0.083,85104.6,85181.0,3.5318409000000006,3.5350115,0.5240440678454416,6.3411999999995174,-1.2496964678459248,4620.6619299185295,4.0,4621.911626386375,1.5283030856050173,1744686000.0,2025-04-14T03:00:00Z,2025-04-14T03:00:00Z,2025-04-15T03:00:00Z,2025-04-15T03:00:00Z,timeout,simulated_bar_open_or_final_close,81921.63297404998,123300.2043114004,12.0,-0.004730361272108026
427,2780880.0,2782320.0,1.0,0.1,85369.0,83637.1,4.26845,4.1818550000000005,0.9288924391000001,-173.18999999999943,-182.56919743909944,4438.092732479431,4.0,4620.6619299185295,1.847549145442571,1744776000.0,2025-04-15T04:00:00Z,2025-04-15T04:00:00Z,2025-04-16T04:00:00Z,2025-04-16T04:00:00Z,timeout,simulated_bar_open_or_final_close,82730.54650317846,117030.44196185858,12.0,-0.6919553354229441
428,2782980.0,2784420.0,1.0,0.112,84577.0,84033.1,4.736312,4.7058536,0.8582482819434585,-60.91679999999935,-71.21721388194281,4366.875518597489,4.0,4438.092732479431,2.1343907329101537,1744902000.0,2025-04-16T15:00:00Z,2025-04-16T15:00:00Z,2025-04-17T15:00:00Z,2025-04-17T15:00:00Z,timeout,simulated_bar_open_or_final_close,82326.51776595048,111582.78680859419,12.0,-0.28254743426460865
429,2784480.0,2785920.0,1.0,0.12,84512.5,84315.3,5.07075,5.058917999999999,1.5506233459994336,-23.66399999999965,-35.34429134599908,4331.531227251489,4.0,4366.875518597489,2.322369840131635,1744992000.0,2025-04-17T16:00:00Z,2025-04-17T16:00:00Z,2025-04-18T16:00:00Z,2025-04-18T16:00:00Z,timeout,simulated_bar_open_or_final_close,82455.2289503501,109199.75259579884,12.0,-0.14316818450674343
430,2786640.0,2788080.0,1.0,0.194,84862.3,85099.6,8.231643100000001,8.254661200000001,0.623625965408,46.03620000000057,28.92626973459257,4360.457496986081,4.0,4331.531227251489,3.800800533636356,1745121600.0,2025-04-19T04:00:00Z,2025-04-19T04:00:00Z,2025-04-20T04:00:00Z,2025-04-20T04:00:00Z,timeout,simulated_bar_open_or_final_close,83831.82358849951,97228.01693800595,12.0,0.14469470771377405
431,2789100.0,2790540.0,1.0,0.20600000000000002,85114.3,87320.40000000001,8.766772900000001,8.994001200000003,2.1719631637119594,454.45660000000123,434.5238627362893,4794.981359722371,4.0,4360.457496986081,4.021033529651206,1745269200.0,2025-04-20T21:00:00Z,2025-04-20T21:00:00Z,2025-04-21T21:00:00Z,2025-04-21T21:00:00Z,timeout,simulated_bar_open_or_final_close,83965.00230752489,98905.87230970139,12.0,1.8353287867079067
432,2790600.0,2792040.0,1.0,0.12,87252.5,92955.6,5.23515,5.577336000000001,-0.033918836855418855,684.3720000000006,673.5934328368561,5468.574792559227,4.0,4794.981359722371,2.1835955584624482,1745359200.0,2025-04-21T22:00:00Z,2025-04-21T22:00:00Z,2025-04-22T22:00:00Z,2025-04-22T22:00:00Z,timeout,simulated_bar_open_or_final_close,84981.14906256903,114508.71124917161,12.0,2.4713391992708758
433,2792100.0,2793540.0,1.0,0.099,92768.20000000001,93727.6,4.5920259,4.639516200000001,0.4225810655065863,94.98059999999943,85.32647683449284,5553.901269393719,4.0,5468.574792559227,1.6794232772488014,1745449200.0,2025-04-22T23:00:00Z,2025-04-22T23:00:00Z,2025-04-23T23:00:00Z,2025-04-23T23:00:00Z,timeout,simulated_bar_open_or_final_close,89605.64236636719,130718.89160359396,12.0,0.2725273984647581
434,2794500.0,2795940.0,1.0,0.132,93074.5,95319.3,6.142917000000001,6.2910738,-0.4638848264777281,296.3136000000004,284.34349402647814,5838.244763420197,4.0,5553.901269393719,2.2121088229825805,1745593200.0,2025-04-24T15:00:00Z,2025-04-24T15:00:00Z,2025-04-25T15:00:00Z,2025-04-25T15:00:00Z,timeout,simulated_bar_open_or_final_close,90692.78419625787,121655.08964490557,12.0,0.9044393019536338
435,2796000.0,2797440.0,1.0,0.129,95018.8,94306.1,6.128712600000001,6.082743450000001,-1.2067457902002054,-91.93829999999963,-102.94301025979942,5735.301753160397,4.0,5838.244763420197,2.0995051932045548,1745683200.0,2025-04-25T16:00:00Z,2025-04-25T16:00:00Z,2025-04-26T16:00:00Z,2025-04-26T16:00:00Z,timeout,simulated_bar_open_or_final_close,92436.80790580258,126002.70513036916,12.0,-0.3090667214917872
436,2797860.0,2799300.0,1.0,0.20700000000000002,94752.8,93871.70000000001,9.806914800000001,9.715720950000003,-0.5039124492060001,-182.3876999999982,-201.40642330079217,5533.895329859604,4.0,5735.301753160397,3.4198426594018247,1745794800.0,2025-04-26T23:00:00Z,2025-04-26T23:00:00Z,2025-04-27T23:00:00Z,2025-04-27T23:00:00Z,timeout,simulated_bar_open_or_final_close,93228.56738150801,113043.59142190385,12.0,-0.63833950181739
437,2799720.0,2801160.0,1.0,0.184,94202.20000000001,94219.3,8.666602400000002,8.668175600000001,-1.09670837532,3.1463999999983936,-13.091669624681609,5520.803660234922,4.0,5533.895329859604,3.132188768817886,1745906400.0,2025-04-28T06:00:00Z,2025-04-28T06:00:00Z,2025-04-29T06:00:00Z,2025-04-29T06:00:00Z,timeout,simulated_bar_open_or_final_close,92535.60691897816,114201.31697226234,12.0,-0.04269211195295695
438,2801460.0,2802900.0,1.0,0.166,94787.8,94882.90000000001,7.867387400000001,7.875280700000001,-0.14344056570613944,15.786600000000966,0.18737246570710359,5520.991032700629,4.0,5520.803660234922,2.8500877351125458,1746010800.0,2025-04-29T11:00:00Z,2025-04-29T11:00:00Z,2025-04-30T11:00:00Z,2025-04-30T11:00:00Z,timeout,simulated_bar_open_or_final_close,92929.10137975612,117092.18344292665,12.0,0.000607279620871607
439,2803860.0,2805300.0,1.0,0.149,94818.90000000001,96881.90000000001,7.064008050000001,7.217701550000001,-2.1009312082113167,307.387,295.2062216082113,5816.197254308841,4.0,5520.991032700629,2.5589637831904226,1746154800.0,2025-05-01T03:00:00Z,2025-05-01T03:00:00Z,2025-05-02T03:00:00Z,2025-05-02T03:00:00Z,timeout,simulated_bar_open_or_final_close,92736.4945870032,119807.76495596181,12.0,0.9514236743170198
440,2805900.0,2807340.0,1.0,0.179,97153.70000000001,96054.90000000001,8.69525615,8.596913550000002,-1.993596016582086,-196.68520000000052,-211.98377368341846,5604.2134806254235,4.0,5816.197254308841,2.9900141861792093,1746277200.0,2025-05-02T13:00:00Z,2025-05-02T13:00:00Z,2025-05-03T13:00:00Z,2025-05-03T13:00:00Z,timeout,simulated_bar_open_or_final_close,95345.09460341015,118856.96475907834,12.0,-0.6547956200501672
441,2810580.0,2812020.0,1.0,0.17,94694.8,95008.6,8.049058,8.075731000000001,1.1522353443478852,53.3460000000005,36.06897565565261,5640.2824562810765,4.0,5604.2134806254235,2.872502279874512,1746558000.0,2025-05-05T19:00:00Z,2025-05-05T19:00:00Z,2025-05-06T19:00:00Z,2025-05-06T19:00:00Z,timeout,simulated_bar_open_or_final_close,92851.63119150641,116812.82570192312,12.0,0.11511178143615386
442,2812080.0,2813520.0,1.0,0.164,94929.8,96105.20000000001,7.784243600000001,7.8806264000000015,0.3991191240688335,192.76560000000143,176.70161087593257,5816.984067157009,4.0,5640.2824562810765,2.760231836024945,1746648000.0,2025-05-06T20:00:00Z,2025-05-06T20:00:00Z,2025-05-07T20:00:00Z,2025-05-07T20:00:00Z,timeout,simulated_bar_open_or_final_close,93002.87302231089,118052.92373226938,12.0,0.5591539582348924
443,2813820.0,2815260.0,1.0,0.147,97744.6,102778.40000000001,7.1842281,7.554212400000001,3.03788318597874,739.9686000000004,722.1922763140216,6539.176343471032,4.0,5816.984067157009,2.4700869100063456,1746752400.0,2025-05-08T01:00:00Z,2025-05-08T01:00:00Z,2025-05-09T01:00:00Z,2025-05-09T01:00:00Z,timeout,simulated_bar_open_or_final_close,95510.92786995493,124548.66556054093,12.0,2.1994600558889528
444,2815680.0,2817120.0,1.0,0.131,103618.20000000001,103700.90000000001,6.786992100000002,6.792408950000001,4.60845266384599,10.833699999999618,-7.354153713846375,6531.822189757187,4.0,6539.176343471032,2.075794180646741,1746864000.0,2025-05-09T08:00:00Z,2025-05-09T08:00:00Z,2025-05-10T08:00:00Z,2025-05-10T08:00:00Z,timeout,simulated_bar_open_or_final_close,100781.8144515461,137654.826581447,12.0,-0.019792294456899027
445,2818080.0,2819520.0,1.0,0.181,104809.8,104051.8,9.4852869,9.416687900000001,5.395915990607222,-137.198,-161.49589079060723,6370.32629896658,4.0,6531.822189757187,2.9043310195657988,1747008000.0,2025-05-11T00:00:00Z,2025-05-11T00:00:00Z,2025-05-12T00:00:00Z,2025-05-12T00:00:00Z,timeout,simulated_bar_open_or_final_close,102792.61668856147,129015.99973726245,12.0,-0.44232097573697754
446,2819580.0,2820469.0,1.0,0.162,104562.40000000001,102334.6,8.469554400000002,8.2891026,1.6917044399999999,-360.9036000000005,-379.3539614400005,5990.97233752658,1.0,6370.32629896658,2.65906454473893,1747065000.0,2025-05-12T01:00:00Z,2025-05-12T01:00:00Z,2025-05-12T15:49:00Z,2025-05-12T15:50:00Z,stop,within_minute_not_exact_tick,102355.08295403143,131050.204551623,12.0,-1.0608766530738478
447,2821560.0,2823000.0,1.0,0.122,103427.70000000001,103418.3,6.3090897,6.3085163,3.1310668447372265,-1.1468000000010652,-16.895472844738293,5974.0768646818415,4.0,5990.97233752658,2.1061989088084347,1747216800.0,2025-05-13T10:00:00Z,2025-05-13T10:00:00Z,2025-05-14T10:00:00Z,2025-05-14T10:00:00Z,timeout,simulated_bar_open_or_final_close,100649.21868728097,136769.47575262852,12.0,-0.04984286980803754
448,2823240.0,2824290.0,1.0,0.156,103934.5,101774.90000000001,8.106891,7.938442200000001,0.993078004776,-336.89759999999865,-353.9360112047747,5620.140853477066,1.0,5974.0768646818415,2.7140229975704355,1747294260.0,2025-05-14T14:00:00Z,2025-05-14T14:00:00Z,2025-05-15T07:30:00Z,2025-05-15T07:31:00Z,stop,within_minute_not_exact_tick,101795.30201079107,129604.87587050712,12.0,-1.0605940151827646
449,2824800.0,2826240.0,1.0,0.121,103231.90000000001,104123.1,6.24552995,6.29944755,2.2908996169772102,107.83519999999965,92.99932288302243,5713.140176360089,4.0,5620.140853477066,2.222552819520891,1747411200.0,2025-05-15T16:00:00Z,2025-05-15T16:00:00Z,2025-05-16T16:00:00Z,2025-05-16T16:00:00Z,timeout,simulated_bar_open_or_final_close,100603.62923899383,134771.1491320741,12.0,0.29243160815744784
450,2826300.0,2827740.0,1.0,0.14,104120.90000000001,102873.90000000001,7.288463000000002,7.201173000000002,0.9779498752625102,-174.58,-190.04758587526254,5523.092590484826,4.0,5713.140176360089,2.5514735416989436,1747501200.0,2025-05-16T17:00:00Z,2025-05-16T17:00:00Z,2025-05-17T17:00:00Z,2025-05-17T17:00:00Z,timeout,simulated_bar_open_or_final_close,101833.00347844805,131575.65825862344,12.0,-0.5933322348560813
451,2828640.0,2829790.0,1.0,0.20800000000000002,103913.8,104212.40000000001,10.807035200000003,10.838089600000002,4.795528881703699,62.10880000000122,35.66814631829752,5558.760736803124,1.0,5523.092590484826,3.9133999739994736,1747624260.0,2025-05-18T08:00:00Z,2025-05-18T08:00:00Z,2025-05-19T03:10:00Z,2025-05-19T03:11:00Z,stop,within_minute_not_exact_tick,102473.31871914318,121199.57537028195,12.0,0.11904456861953931
452,2830560.0,2832000.0,1.0,0.10300000000000001,104761.5,105273.40000000001,5.395217250000001,5.421580100000001,2.0442836299467926,52.725700000000906,39.864619020054114,5598.625355823177,4.0,5558.760736803124,1.941158292451645,1747756800.0,2025-05-19T16:00:00Z,2025-05-19T16:00:00Z,2025-05-20T16:00:00Z,2025-05-20T16:00:00Z,timeout,simulated_bar_open_or_final_close,101673.07606312384,141822.5872425139,12.0,0.12531800815807173
453,2832120.0,2833560.0,1.0,0.115,106174.90000000001,106545.5,6.105056750000001,6.12636625,2.593137978046542,42.618999999999,27.794439021952453,5626.41979484513,4.0,5598.625355823177,2.1809127641127404,1747850400.0,2025-05-20T18:00:00Z,2025-05-20T18:00:00Z,2025-05-21T18:00:00Z,2025-05-21T18:00:00Z,timeout,simulated_bar_open_or_final_close,103417.08403503282,139268.69157960624,12.0,0.08763847086758383
454,2833680.0,2835120.0,1.0,0.074,108569.0,111113.90000000001,4.017053,4.1112143,2.455719841465182,188.32260000000065,177.73861285853548,5804.158407703666,4.0,5626.41979484513,1.4279250914339467,1747944000.0,2025-05-21T20:00:00Z,2025-05-21T20:00:00Z,2025-05-22T20:00:00Z,2025-05-22T20:00:00Z,timeout,simulated_bar_open_or_final_close,104212.33175048664,160849.01899416032,12.0,0.5513096268014568
455,2837460.0,2838900.0,1.0,0.113,109065.5,106882.0,6.16220075,6.038833,2.778168648815761,-246.7355,-261.7147023988158,5542.44370530485,4.0,5804.158407703666,2.12337442128427,1748170800.0,2025-05-24T11:00:00Z,2025-05-24T11:00:00Z,2025-05-25T11:00:00Z,2025-05-25T11:00:00Z,timeout,simulated_bar_open_or_final_close,106143.61764133506,144128.0883039793,12.0,-0.7926600146633223
456,2839620.0,2841060.0,1.0,0.126,109144.5,109121.90000000001,6.8761035,6.874679700000001,3.7482446775060003,-2.8475999999989,-20.3466278775049,5522.097077427345,4.0,5542.44370530485,2.4812533480199943,1748300400.0,2025-05-25T23:00:00Z,2025-05-25T23:00:00Z,2025-05-26T23:00:00Z,2025-05-26T23:00:00Z,timeout,simulated_bar_open_or_final_close,106662.44724011053,138929.13311867364,12.0,-0.06505952501919515
457,2841600.0,2843040.0,1.0,0.11900000000000001,109509.90000000001,108743.1,6.515839050000001,6.47021445,1.973441489908,-91.24920000000036,-106.20869498990835,5415.888382437436,4.0,5522.097077427345,2.359914705822457,1748419200.0,2025-05-27T08:00:00Z,2025-05-27T08:00:00Z,2025-05-28T08:00:00Z,2025-05-28T08:00:00Z,timeout,simulated_bar_open_or_final_close,106884.98408891131,141008.8909330644,12.0,-0.34001471748549444
458,2844060.0,2845138.0,1.0,0.131,108257.5,105918.3,7.09086625,6.93764865,1.5714341971139998,-306.4351999999996,-322.03514909711356,5093.853233340323,1.0,5415.888382437436,2.6185422406392855,1748545140.0,2025-05-29T01:00:00Z,2025-05-29T01:00:00Z,2025-05-29T18:58:00Z,2025-05-29T18:59:00Z,stop,within_minute_not_exact_tick,105939.56587019312,136072.70955768242,12.0,-1.0605493699248567
459,2845500.0,2846940.0,-1.0,0.10400000000000001,104879.5,103944.5,5.453734000000001,5.405114,-2.150947262256,97.24000000000001,88.53209926225601,5182.385332602578,4.0,5093.853233340323,2.141300014026389,1748653200.0,2025-05-30T01:00:00Z,2025-05-30T01:00:00Z,2025-05-31T01:00:00Z,2025-05-31T01:00:00Z,timeout,simulated_bar_open_or_final_close,107663.42251354025,71472.42983751697,12.0,0.305780847374038
460,2847000.0,2848440.0,-1.0,0.10400000000000001,103405.8,104106.0,5.377101600000001,5.413512000000001,-1.2605807372869653,-72.8207999999997,-82.35083286271274,5100.034499739866,4.0,5182.385332602578,2.0751454223878163,1748743200.0,2025-05-31T02:00:00Z,2025-05-31T02:00:00Z,2025-06-01T02:00:00Z,2025-06-01T02:00:00Z,timeout,simulated_bar_open_or_final_close,106225.73700678581,69566.55591857029,12.0,-0.28079880134442375
461,2848920.0,2849641.0,-1.0,0.169,103867.20000000001,105544.20000000001,8.776778400000001,8.918484900000001,-0.72822385272,-283.413,-300.38003944728,4799.654460292586,1.0,5100.034499739866,3.4418505994215027,1748815320.0,2025-06-01T10:00:00Z,2025-06-01T10:00:00Z,2025-06-01T22:01:00Z,2025-06-01T22:02:00Z,stop,within_minute_not_exact_tick,105523.09061763942,83996.5125883271,12.0,-1.0733780747268233
462,2850420.0,2851214.0,-1.0,0.146,104295.8,106136.20000000001,7.6135934,7.747942600000001,-1.454075355478,-268.69840000000124,-282.60586064452326,4517.048599648062,1.0,4799.654460292586,3.172558967728638,1748909700.0,2025-06-02T11:00:00Z,2025-06-02T11:00:00Z,2025-06-03T00:14:00Z,2025-06-03T00:15:00Z,stop,within_minute_not_exact_tick,106114.97377650905,82465.71468189143,12.0,-1.0640306081541528
463,2851740.0,2852280.0,-1.0,0.128,105018.90000000001,105911.1,6.721209600000001,6.7783104000000005,-0.607761896448,-114.20159999999963,-127.09335810355162,4389.9552415445105,3.0,4517.048599648062,2.975929725672499,1748973600.0,2025-06-03T09:00:00Z,2025-06-03T09:00:00Z,2025-06-03T18:00:00Z,2025-06-03T18:00:00Z,opposite,simulated_bar_open_or_final_close,106977.99240683792,81509.79111794507,12.0,-0.5068249239894826
464,2852340.0,2852700.0,1.0,0.117,105981.1,105406.90000000001,6.199894350000001,6.166303650000001,-0.0013555983870000001,-67.18139999999967,-79.54624240161269,4310.408999142897,3.0,4389.9552415445105,2.8245820327856928,1748998800.0,2025-06-03T19:00:00Z,2025-06-03T19:00:00Z,2025-06-04T01:00:00Z,2025-06-04T01:00:00Z,opposite,simulated_bar_open_or_final_close,103883.01326180769,131158.14085830783,12.0,-0.3240487637202141
465,2853420.0,2854860.0,-1.0,0.132,104967.1,105621.90000000001,6.927828600000001,6.971045400000001,-0.5398034298476748,-86.43360000000038,-99.79267057015271,4210.616328572745,4.0,4310.408999142897,3.2144646140900153,1749128400.0,2025-06-04T13:00:00Z,2025-06-04T13:00:00Z,2025-06-05T13:00:00Z,2025-06-05T13:00:00Z,timeout,simulated_bar_open_or_final_close,106764.68314719944,83396.10223360686,12.0,-0.4205675165873377
466,2855040.0,2856400.0,-1.0,0.109,104469.6,104630.3,5.6935932000000005,5.70235135,0.726567432013,-17.51629999999968,-29.638811982012683,4180.977516590733,1.0,4210.616328572745,2.7043989552617034,1749220860.0,2025-06-05T16:00:00Z,2025-06-05T16:00:00Z,2025-06-06T14:40:00Z,2025-06-06T14:41:00Z,stop,within_minute_not_exact_tick,106621.71423889289,78644.22913328529,12.0,-0.1263481748984097
467,2858100.0,2859540.0,1.0,0.136,105596.0,106228.1,7.180528000000001,7.2235108000000015,0.9754672586071788,85.96560000000079,70.58609394139361,4251.563610532127,4.0,4180.977516590733,3.434856069666297,1749409200.0,2025-06-07T19:00:00Z,2025-06-07T19:00:00Z,2025-06-08T19:00:00Z,2025-06-08T19:00:00Z,timeout,simulated_bar_open_or_final_close,103905.95993313534,125876.48080237601,12.0,0.3071024212998466
468,2860440.0,2861880.0,1.0,0.152,106583.40000000001,109453.5,8.1003384,8.318466,3.2272790683691555,436.25519999999864,416.60911653162947,4668.1727270637575,4.0,4251.563610532127,3.8105220300284577,1749549600.0,2025-06-09T10:00:00Z,2025-06-09T10:00:00Z,2025-06-10T10:00:00Z,2025-06-10T10:00:00Z,timeout,simulated_bar_open_or_final_close,105056.63809500325,124904.54285996119,12.0,1.7952042436320756
469,2862000.0,2863440.0,1.0,0.13,109519.90000000001,109178.20000000001,7.118793500000001,7.096583000000002,3.6079394589203506,-44.42099999999962,-62.24431595891998,4605.928411104838,4.0,4668.1727270637575,3.049927205447543,1749643200.0,2025-06-10T12:00:00Z,2025-06-10T12:00:00Z,2025-06-11T12:00:00Z,2025-06-11T12:00:00Z,timeout,simulated_bar_open_or_final_close,107524.63309218809,133463.10289374302,12.0,-0.23996911319413525
470,2863560.0,2864360.0,1.0,0.13,109653.5,107675.20000000001,7.1274775,6.998888000000001,0.980634420979893,-257.1789999999985,-272.2859999209784,4333.64241118386,1.0,4605.928411104838,3.094914581310355,1749698460.0,2025-06-11T14:00:00Z,2025-06-11T14:00:00Z,2025-06-12T03:20:00Z,2025-06-12T03:21:00Z,stop,within_minute_not_exact_tick,107696.80480289136,133133.84236530375,12.0,-1.0704312530611977
471,2865240.0,2865403.0,1.0,0.106,108261.5,105959.6,5.7378595,5.6158588,0.0,-244.00139999999936,-255.3551182999994,4078.28729288386,1.0,4333.64241118386,2.6480539719623692,1749761040.0,2025-06-12T18:00:00Z,2025-06-12T18:00:00Z,2025-06-12T20:43:00Z,2025-06-12T20:44:00Z,stop,within_minute_not_exact_tick,105980.8098771711,135629.78147394687,12.0,-1.0562638588586177
472,2865660.0,2867100.0,-1.0,0.076,103712.90000000001,105777.40000000001,3.9410902,4.0195412,-0.44521017824519077,-156.902,-164.41742122175478,3913.8698716621057,4.0,4078.28729288386,1.9327182794977424,1749862800.0,2025-06-13T01:00:00Z,2025-06-13T01:00:00Z,2025-06-14T01:00:00Z,2025-06-14T01:00:00Z,timeout,simulated_bar_open_or_final_close,106777.28717346047,66940.25391847442,12.0,-0.7059770841214784
473,2868060.0,2869500.0,-1.0,0.124,104379.8,105547.0,6.4715476,6.543914,-0.6766010358668706,-144.73279999999963,-157.07166056413277,3756.798211097973,4.0,3913.8698716621057,3.3069814849269497,1750006800.0,2025-06-14T17:00:00Z,2025-06-14T17:00:00Z,2025-06-15T17:00:00Z,2025-06-15T17:00:00Z,timeout,simulated_bar_open_or_final_close,106125.71109459572,83428.86686485133,12.0,-0.7255277453441256
474,2869740.0,2870181.0,-1.0,0.129,104667.8,106285.8,6.751073100000001,6.855434100000001,-0.1274407862359613,-208.722,-222.20106641376407,3534.5971446842086,1.0,3756.798211097973,3.594056811492631,1750047720.0,2025-06-15T21:00:00Z,2025-06-15T21:00:00Z,2025-06-16T04:21:00Z,2025-06-16T04:22:00Z,stop,within_minute_not_exact_tick,106264.46599387516,85507.80807349819,12.0,-1.0788035152849207
475,2870400.0,2871840.0,1.0,0.108,107045.3,106689.6,5.7804462,5.7612384,1.7885229724440002,-38.415599999999685,-51.74580757244368,3482.851337111765,4.0,3534.5971446842086,3.270780778337579,1750147200.0,2025-06-16T08:00:00Z,2025-06-16T08:00:00Z,2025-06-17T08:00:00Z,2025-06-17T08:00:00Z,timeout,simulated_bar_open_or_final_close,105248.98227184938,128601.11273780742,12.0,-0.2667277845029557
476,2872260.0,2873700.0,-1.0,0.083,104770.6,104597.1,4.3479799,4.340779650000001,-0.36104751906026455,14.400500000000001,6.072787969060264,3488.924125080826,4.0,3482.851337111765,2.4967932760550515,1750258800.0,2025-06-17T15:00:00Z,2025-06-17T15:00:00Z,2025-06-18T15:00:00Z,2025-06-18T15:00:00Z,timeout,simulated_bar_open_or_final_close,107138.53833373012,76355.33999523873,12.0,0.030898659423239508
477,2873880.0,2875320.0,-1.0,0.077,104269.1,104504.0,4.0143603500000005,4.023404,-0.30979614833043123,-18.08729999999955,-25.81526820166912,3463.108856879156,4.0,3488.924125080826,2.3012024372453226,1750356000.0,2025-06-18T18:00:00Z,2025-06-18T18:00:00Z,2025-06-19T18:00:00Z,2025-06-19T18:00:00Z,timeout,simulated_bar_open_or_final_close,106828.85385545065,73552.05373459223,12.0,-0.13097478989411535
478,2876640.0,2878080.0,-1.0,0.08600000000000001,104147.6,103537.5,4.478346800000001,4.4521125,-1.1873649764736265,52.46860000000051,44.725505676474135,3507.83436255563,4.0,3463.108856879156,2.586315928882319,1750521600.0,2025-06-20T16:00:00Z,2025-06-20T16:00:00Z,2025-06-21T16:00:00Z,2025-06-21T16:00:00Z,timeout,simulated_bar_open_or_final_close,106397.08360453614,77153.79674556637,12.0,0.23119262502965754
479,2878200.0,2879640.0,-1.0,0.127,103123.3,99447.90000000001,6.548329550000001,6.314941650000001,-2.194582387992775,466.77579999999926,456.1071111879921,3963.9414737436223,4.0,3507.83436255563,3.733545471758946,1750615200.0,2025-06-21T18:00:00Z,2025-06-21T18:00:00Z,2025-06-22T18:00:00Z,2025-06-22T18:00:00Z,timeout,simulated_bar_open_or_final_close,104631.35635633404,85026.6237239916,12.0,2.3814723907359783
480,2879760.0,2880368.0,-1.0,0.073,98809.90000000001,101941.70000000001,3.60656135,3.7208720500000005,0.07816330982540792,-228.6214000000002,-236.0269967098256,3727.9144770337966,1.0,3963.9414737436223,1.8196844599695334,1750658940.0,2025-06-22T20:00:00Z,2025-06-22T20:00:00Z,2025-06-23T06:08:00Z,2025-06-23T06:09:00Z,stop,within_minute_not_exact_tick,101921.31471493187,61472.923420817664,12.0,-1.0391564052053375
481,2881920.0,2883360.0,1.0,0.066,104912.8,106526.1,3.4621224,3.5153613000000004,0.08642509139549741,106.4778000000002,99.41389120860471,3827.328368242401,4.0,3727.9144770337966,1.8574044127507559,1750838400.0,2025-06-24T08:00:00Z,2025-06-24T08:00:00Z,2025-06-25T08:00:00Z,2025-06-25T08:00:00Z,timeout,simulated_bar_open_or_final_close,101703.01338823372,143430.23934119538,12.0,0.46927452229897043
482,2883480.0,2884920.0,1.0,0.098,106611.1,107241.8,5.2239439,5.2548482000000005,0.5175431390747255,61.808599999999714,50.81226476092499,3878.140633003326,4.0,3827.328368242401,2.72981223317348,1750932000.0,2025-06-25T10:00:00Z,2025-06-25T10:00:00Z,2025-06-26T10:00:00Z,2025-06-26T10:00:00Z,timeout,simulated_bar_open_or_final_close,104430.92810070666,132773.16279152018,12.0,0.23782184227239886
483,2885580.0,2887020.0,1.0,0.108,107749.3,107045.1,5.8184622,5.7804354,0.7319501008896064,-76.05359999999969,-88.3844477008893,3789.7561853024367,4.0,3878.140633003326,3.0006452837137276,1751058000.0,2025-06-26T21:00:00Z,2025-06-26T21:00:00Z,2025-06-27T21:00:00Z,2025-06-27T21:00:00Z,timeout,simulated_bar_open_or_final_close,105748.49210353612,131758.99475756666,12.0,-0.40902203414696764
484,2888700.0,2890140.0,1.0,0.176,107442.90000000001,108643.8,9.454975200000002,9.560654399999999,3.114817054669934,211.35839999999897,189.227953345329,3978.984138647766,4.0,3789.7561853024367,4.989753819345219,1751245200.0,2025-06-29T01:00:00Z,2025-06-29T01:00:00Z,2025-06-30T01:00:00Z,2025-06-30T01:00:00Z,timeout,simulated_bar_open_or_final_close,106458.2251432284,119258.99828125942,12.0,1.0918922306504084
485,2890200.0,2890929.0,1.0,0.156,108476.90000000001,107080.40000000001,8.4611982,8.3522712,0.49651326410400004,-217.854,-235.16398266410403,3743.8201559836616,1.0,3978.984138647766,4.252943919940072,1751292600.0,2025-06-30T02:00:00Z,2025-06-30T02:00:00Z,2025-06-30T14:09:00Z,2025-06-30T14:10:00Z,stop,within_minute_not_exact_tick,107101.90342430843,124976.85890829895,12.0,-1.0963383138432885
486,2892780.0,2893380.0,-1.0,0.107,105838.8,106985.8,5.6623757999999995,5.7237403,-0.20425001662,-122.729,-133.91086608338,3609.9092899002812,3.0,3743.8201559836616,3.024918700194482,1751439600.0,2025-07-01T21:00:00Z,2025-07-01T21:00:00Z,2025-07-02T07:00:00Z,2025-07-02T07:00:00Z,opposite,simulated_bar_open_or_final_close,107778.32653510838,82564.4815786995,12.0,-0.6452623352585737
487,2893440.0,2894880.0,1.0,0.113,107047.6,109213.0,6.0481894,6.1705345,1.957364623268719,244.69019999999935,230.51411147673062,3840.423401377012,4.0,3609.9092899002812,3.3508816506395225,1751529600.0,2025-07-02T08:00:00Z,2025-07-02T08:00:00Z,2025-07-03T08:00:00Z,2025-07-03T08:00:00Z,timeout,simulated_bar_open_or_final_close,105290.15659761231,128136.92082865229,12.0,1.1607474166184253
488,2895000.0,2896440.0,1.0,0.111,109916.6,108924.8,6.100371300000001,6.0453264,1.8489653067207987,-110.08980000000032,-124.08446300672114,3716.3389383702906,4.0,3840.423401377012,3.176926428379052,1751623200.0,2025-07-03T10:00:00Z,2025-07-03T10:00:00Z,2025-07-04T10:00:00Z,2025-07-04T10:00:00Z,timeout,simulated_bar_open_or_final_close,108010.93414301847,132784.59028377838,12.0,-0.5866075844357374
489,2899560.0,2901000.0,1.0,0.17,108735.0,108456.90000000001,9.242475,9.218836500000002,1.2652877602600001,-47.276999999998516,-67.00359926025851,3649.3353391100322,4.0,3716.3389383702906,4.973967742594039,1751896800.0,2025-07-06T14:00:00Z,2025-07-06T14:00:00Z,2025-07-07T14:00:00Z,2025-07-07T14:00:00Z,timeout,simulated_bar_open_or_final_close,107733.52734786899,120752.6718255721,12.0,-0.3935592433196382
490,2902020.0,2903460.0,1.0,0.132,108261.90000000001,108767.20000000001,7.145285400000001,7.178635200000001,1.6120473771600001,66.69960000000039,50.76363202284038,3700.0989711328725,4.0,3649.3353391100322,3.915937964606196,1752044400.0,2025-07-08T07:00:00Z,2025-07-08T07:00:00Z,2025-07-09T07:00:00Z,2025-07-09T07:00:00Z,timeout,simulated_bar_open_or_final_close,106761.54317169172,126266.1819396995,12.0,0.25632100485297454
491,2903760.0,2905200.0,1.0,0.158,109030.20000000001,110949.90000000001,8.613385800000001,8.7650421,3.986812720674,303.3125999999995,281.9473593793255,3982.0463305121984,4.0,3700.0989711328725,4.655759679510849,1752148800.0,2025-07-09T12:00:00Z,2025-07-09T12:00:00Z,2025-07-10T12:00:00Z,2025-07-10T12:00:00Z,timeout,simulated_bar_open_or_final_close,107780.94381825386,124021.27418095378,12.0,1.4284315612533083
492,2905440.0,2906880.0,1.0,0.124,111372.3,116886.90000000001,6.9050826,7.246987800000001,4.6083968332139404,683.8104000000008,665.0499327667867,4647.096263278985,4.0,3982.0463305121984,3.468107614464556,1752249600.0,2025-07-10T16:00:00Z,2025-07-10T16:00:00Z,2025-07-11T16:00:00Z,2025-07-11T16:00:00Z,timeout,simulated_bar_open_or_final_close,109613.40385175434,132479.05377894806,12.0,3.049245354683931
493,2906940.0,2908380.0,1.0,0.084,117426.5,117137.1,4.931913000000001,4.9197582,2.9590383218261045,-24.309599999999513,-37.120309521825625,4609.975953757159,4.0,4647.096263278985,2.1225783674728738,1752339600.0,2025-07-11T17:00:00Z,2025-07-11T17:00:00Z,2025-07-12T17:00:00Z,2025-07-12T17:00:00Z,timeout,simulated_bar_open_or_final_close,114279.94240225479,155185.19117294255,12.0,-0.14044187432166086
494,2909580.0,2911020.0,1.0,0.169,118405.8,121869.8,10.0052901,10.297998100000001,5.698257468888643,585.416,559.4144543311114,5169.390408088271,4.0,4609.975953757159,4.340712489767165,1752498000.0,2025-07-13T13:00:00Z,2025-07-13T13:00:00Z,2025-07-14T13:00:00Z,2025-07-14T13:00:00Z,timeout,simulated_bar_open_or_final_close,116938.71309069134,136010.84291170392,12.0,2.2562703539791955
495,2911080.0,2911760.0,1.0,0.10300000000000001,121703.70000000001,118866.5,6.267740550000002,6.121624750000001,2.4687634291713385,-292.2316000000012,-307.0897287291726,4862.3006793590985,1.0,5169.390408088271,2.4249437768109754,1752542460.0,2025-07-14T14:00:00Z,2025-07-14T14:00:00Z,2025-07-15T01:20:00Z,2025-07-15T01:21:00Z,stop,within_minute_not_exact_tick,118890.35621681238,155463.8253982516,12.0,-1.0597544796335379
496,2913660.0,2915100.0,1.0,0.092,118721.5,118289.90000000001,5.461189,5.4413354,3.274661671766628,-39.7071999999992,-53.884386071765825,4808.416293287333,4.0,4862.3006793590985,2.2463394841800866,1752742800.0,2025-07-16T09:00:00Z,2025-07-16T09:00:00Z,2025-07-17T09:00:00Z,2025-07-17T09:00:00Z,timeout,simulated_bar_open_or_final_close,115732.35610193649,154591.2267767621,12.0,-0.19594233953928772
497,2915520.0,2916960.0,1.0,0.093,118898.8,117806.5,5.5287942,5.478002249999999,4.419913710375,-101.58390000000027,-117.01061016037528,4691.405683126957,4.0,4808.416293287333,2.299632087894857,1752854400.0,2025-07-17T16:00:00Z,2025-07-17T16:00:00Z,2025-07-18T16:00:00Z,2025-07-18T16:00:00Z,timeout,simulated_bar_open_or_final_close,115979.34262957617,153932.288445086,12.0,-0.43096317028679426
498,2919660.0,2920216.0,1.0,0.17300000000000001,118079.20000000001,116602.90000000001,10.213850800000003,10.086150850000003,2.05298062,-255.3999000000005,-277.75288227000055,4413.652800856957,1.0,4691.405683126957,4.3542816332149625,1753049820.0,2025-07-20T13:00:00Z,2025-07-20T13:00:00Z,2025-07-20T22:16:00Z,2025-07-20T22:17:00Z,stop,within_minute_not_exact_tick,116626.24906864003,135514.61117631986,12.0,-1.1049980803530781
499,2920620.0,2921837.0,1.0,0.116,118330.40000000001,116199.90000000001,6.863163200000001,6.739594200000001,4.117853780276821,-247.138,-264.85861118027685,4148.79418967668,1.0,4413.652800856957,3.109969682557471,1753147080.0,2025-07-21T05:00:00Z,2025-07-21T05:00:00Z,2025-07-22T01:17:00Z,2025-07-22T01:18:00Z,stop,within_minute_not_exact_tick,116223.22805256516,143616.46336921814,12.0,-1.083567903542312
500,2922240.0,2923680.0,1.0,0.078,117983.1,118303.20000000001,4.6013409,4.613824800000001,3.706406861639118,24.967800000000455,12.046227438361337,4160.840417115041,4.0,4148.79418967668,2.2181581874798124,1753257600.0,2025-07-22T08:00:00Z,2025-07-22T08:00:00Z,2025-07-23T08:00:00Z,2025-07-23T08:00:00Z,timeout,simulated_bar_open_or_final_close,114978.97229478302,154032.6324626038,12.0,0.0514088708825945
501,2924700.0,2926140.0,1.0,0.088,119047.90000000001,117596.5,5.2381076,5.174246,3.1303844000000005,-127.72320000000076,-141.26593800000077,4019.574479115041,4.0,4160.840417115041,2.517812304674685,1753405200.0,2025-07-24T01:00:00Z,2025-07-24T01:00:00Z,2025-07-25T01:00:00Z,2025-07-25T01:00:00Z,timeout,simulated_bar_open_or_final_close,116406.57252760626,150743.82966872494,12.0,-0.6077605926482057
502,2926560.0,2928000.0,-1.0,0.08,115265.8,117311.5,4.610632000000001,4.6924600000000005,-2.80454374432624,-163.65599999999978,-170.15454825567355,3849.419930859368,4.0,4019.574479115041,2.2940895977701046,1753516800.0,2025-07-25T08:00:00Z,2025-07-25T08:00:00Z,2025-07-26T08:00:00Z,2025-07-26T08:00:00Z,timeout,simulated_bar_open_or_final_close,118109.38915018651,81142.7301977618,12.0,-0.7479743875997029
503,2928180.0,2929620.0,1.0,0.108,117978.0,118132.20000000001,6.370812,6.379138800000001,3.824164005573888,16.65360000000126,0.0794851944273689,3849.499416053795,4.0,3849.419930859368,3.3100114377896626,1753614000.0,2025-07-26T11:00:00Z,2025-07-26T11:00:00Z,2025-07-27T11:00:00Z,2025-07-27T11:00:00Z,timeout,simulated_bar_open_or_final_close,116020.73964789347,141465.12422527838,12.0,0.00037602254686431175
504,2929860.0,2931300.0,1.0,0.162,118438.5,117944.70000000001,9.5935185,9.553520700000002,5.781561125380524,-79.99559999999812,-104.92420032537865,3744.5752157284164,4.0,3849.499416053795,4.984294040929885,1753714800.0,2025-07-27T15:00:00Z,2025-07-27T15:00:00Z,2025-07-28T15:00:00Z,2025-07-28T15:00:00Z,timeout,simulated_bar_open_or_final_close,117300.63084712252,132092.92983452984,12.0,-0.5692045058820798
505,2932080.0,2933520.0,1.0,0.099,118769.40000000001,118082.8,5.879085300000001,5.8450986,3.5057074228239693,-67.97340000000058,-83.20329132282455,3661.371924405592,4.0,3744.5752157284164,3.1400545916695477,1753848000.0,2025-07-29T04:00:00Z,2025-07-29T04:00:00Z,2025-07-30T04:00:00Z,2025-07-30T04:00:00Z,timeout,simulated_bar_open_or_final_close,116668.73450121023,143977.3859854773,12.0,-0.4000814439868342
506,2934780.0,2936099.0,1.0,0.085,118392.3,115951.8,5.031672750000001,4.9279515,2.01354551023916,-207.44250000000002,-219.4156697602392,3441.956254645353,1.0,3661.371924405592,2.7485176889353413,1754002800.0,2025-07-31T01:00:00Z,2025-07-31T01:00:00Z,2025-07-31T22:59:00Z,2025-07-31T23:00:00Z,stop,within_minute_not_exact_tick,115975.02860923854,147399.5566891376,12.0,-1.0678820882811755
507,2936160.0,2937600.0,-1.0,0.082,115674.1,113267.5,4.742638100000001,4.6439675,-0.9963310033089263,197.3412000000005,188.95092540330944,3630.9071800486627,4.0,3441.956254645353,2.75578057890725,1754092800.0,2025-08-01T00:00:00Z,2025-08-01T00:00:00Z,2025-08-02T00:00:00Z,2025-08-02T00:00:00Z,timeout,simulated_bar_open_or_final_close,118027.71395486442,87430.7325416271,12.0,0.9790388832997419
508,2938500.0,2939940.0,-1.0,0.091,113031.8,113755.0,5.1429469,5.1758525,-1.5009692519012678,-65.81119999999973,-74.62903014809847,3556.2781499005646,4.0,3630.9071800486627,2.832871591022645,1754233200.0,2025-08-02T15:00:00Z,2025-08-02T15:00:00Z,2025-08-03T15:00:00Z,2025-08-03T15:00:00Z,timeout,simulated_bar_open_or_final_close,115247.76318480795,86440.24178230466,12.0,-0.3700870294321985
509,2942160.0,2943600.0,-1.0,0.117,114192.0,113492.90000000001,6.680232,6.639334650000001,-2.4670307821721718,81.79469999999898,70.94216413217116,3627.220314032736,4.0,3556.2781499005646,3.7568669932000582,1754452800.0,2025-08-05T04:00:00Z,2025-08-05T04:00:00Z,2025-08-06T04:00:00Z,2025-08-06T04:00:00Z,timeout,simulated_bar_open_or_final_close,115854.61965806711,94240.56410319472,12.0,0.3646915157287745
510,2944920.0,2945479.0,-1.0,0.105,114680.6,116599.5,6.0207315,6.12147375,-0.9125818682399999,-201.48449999999937,-212.71412338175938,3414.506190650977,1.0,3627.220314032736,3.3197495485495687,1754565600.0,2025-08-07T02:00:00Z,2025-08-07T02:00:00Z,2025-08-07T11:19:00Z,2025-08-07T11:20:00Z,stop,within_minute_not_exact_tick,116576.10070233952,91934.59157192578,12.0,-1.0687671028618417
511,2945700.0,2947140.0,1.0,0.096,116336.5,116418.40000000001,5.5841520000000004,5.588083200000001,1.167305148505944,7.8624000000008385,-4.477140348505107,3410.0290503024717,4.0,3414.506190650977,3.2708401673363956,1754665200.0,2025-08-07T15:00:00Z,2025-08-07T15:00:00Z,2025-08-08T15:00:00Z,2025-08-08T15:00:00Z,timeout,simulated_bar_open_or_final_close,114378.81187501745,139828.75749979058,12.0,-0.023822425050812043
512,2948220.0,2949660.0,1.0,0.121,117092.90000000001,118244.1,7.08412045,7.153768050000001,3.5406766296409518,139.29519999999965,121.5166348703587,3531.54568517283,4.0,3410.0290503024717,4.15487395884304,1754816400.0,2025-08-09T09:00:00Z,2025-08-09T09:00:00Z,2025-08-10T09:00:00Z,2025-08-10T09:00:00Z,timeout,simulated_bar_open_or_final_close,115567.620563898,135396.25323322407,12.0,0.6584168683470166
513,2949720.0,2951160.0,1.0,0.101,118270.40000000001,121388.1,5.972655200000001,6.130099050000001,3.631576010361491,314.8876999999997,299.1533697396382,3830.6990549124685,4.0,3531.54568517283,3.3824595417673073,1754906400.0,2025-08-10T10:00:00Z,2025-08-10T10:00:00Z,2025-08-11T10:00:00Z,2025-08-11T10:00:00Z,timeout,simulated_bar_open_or_final_close,116397.13250787911,140749.60990545084,12.0,1.581148749089828
514,2951220.0,2951752.0,1.0,0.089,121191.90000000001,118761.5,5.39303955,5.28488675,1.070464832459771,-216.30560000000077,-228.05399113246054,3602.6450637800076,1.0,3830.6990549124685,2.8156947192622686,1754941980.0,2025-08-11T11:00:00Z,2025-08-11T11:00:00Z,2025-08-11T19:52:00Z,2025-08-11T19:53:00Z,stop,within_minute_not_exact_tick,118785.34944139137,150070.50670330357,12.0,-1.0647623361082534
515,2952900.0,2954340.0,1.0,0.08,119442.8,120855.8,4.777712,4.834232,2.46000511743536,113.04,100.96805088256465,3703.613114662572,4.0,3602.6450637800076,2.6523356674981886,1755097200.0,2025-08-12T15:00:00Z,2025-08-12T15:00:00Z,2025-08-13T15:00:00Z,2025-08-13T15:00:00Z,timeout,simulated_bar_open_or_final_close,116935.58912041437,149529.33055502758,12.0,0.5033883054307127
516,2954400.0,2955634.0,1.0,0.073,120921.5,118837.1,4.41363475,4.33755415,2.67158436278734,-152.16119999999955,-163.58397326278688,3540.0291413997857,1.0,3703.613114662572,2.3834210611937077,1755174900.0,2025-08-13T16:00:00Z,2025-08-13T16:00:00Z,2025-08-14T12:34:00Z,2025-08-14T12:35:00Z,stop,within_minute_not_exact_tick,118079.15089168267,155029.689299808,12.0,-0.7883888504435577
517,2959140.0,2959800.0,-1.0,0.085,117390.0,118302.20000000001,4.989075000000001,5.027843500000001,-1.2876183086092263,-77.537000000001,-86.26630019139178,3453.7628412083936,3.0,3540.0291413997857,2.8186632373468195,1755424800.0,2025-08-16T23:00:00Z,2025-08-16T23:00:00Z,2025-08-17T10:00:00Z,2025-08-17T10:00:00Z,opposite,simulated_bar_open_or_final_close,118783.75064494381,100664.99226067433,12.0,-0.7281773486471903
518,2960040.0,2960640.0,1.0,0.14400000000000002,118414.70000000001,117330.40000000001,8.5258584,8.447788800000001,0.7978757547640367,-156.13920000000044,-173.9107229547645,3279.852118253629,3.0,3453.7628412083936,4.9371417737629,1755475200.0,2025-08-17T14:00:00Z,2025-08-17T14:00:00Z,2025-08-18T00:00:00Z,2025-08-18T00:00:00Z,opposite,simulated_bar_open_or_final_close,117147.44343158056,133621.77882103343,12.0,-0.9530140809282336
519,2960700.0,2962140.0,-1.0,0.123,117221.0,116542.6,7.2090914999999995,7.167369900000001,-1.6796055176759999,83.44319999999928,70.74634411767528,3350.5984623713052,4.0,3279.852118253629,4.39598569696399,1755565200.0,2025-08-18T01:00:00Z,2025-08-18T01:00:00Z,2025-08-19T01:00:00Z,2025-08-19T01:00:00Z,timeout,simulated_bar_open_or_final_close,118650.16137404538,100071.06351145545,12.0,0.4024552719220993
520,2962320.0,2963760.0,-1.0,0.078,114733.70000000001,113488.1,4.474614300000001,4.4260359,-1.2421109682585196,97.15680000000046,89.49826076825897,3440.0967231395643,4.0,3350.5984623713052,2.670934372024513,1755662400.0,2025-08-19T04:00:00Z,2025-08-19T04:00:00Z,2025-08-20T04:00:00Z,2025-08-20T04:00:00Z,timeout,simulated_bar_open_or_final_close,117129.50773337728,85984.00719947286,12.0,0.4789255763756997
521,2964360.0,2965800.0,-1.0,0.08700000000000001,112610.1,113472.70000000001,4.898539350000001,4.936062450000001,-1.368337471971717,-75.04620000000051,-83.5124643280288,3356.584258811535,4.0,3440.0967231395643,2.847907919013048,1755784800.0,2025-08-20T14:00:00Z,2025-08-20T14:00:00Z,2025-08-21T14:00:00Z,2025-08-21T14:00:00Z,timeout,simulated_bar_open_or_final_close,114814.59227370644,86156.19271552275,12.0,-0.4354351314948714
522,2965860.0,2967256.0,-1.0,0.081,113209.20000000001,115555.6,4.584972600000001,4.6800018,-2.2573407633660003,-190.05839999999952,-197.06603363663356,3159.5182251749015,1.0,3356.584258811535,2.7319276064432243,1755872220.0,2025-08-21T15:00:00Z,2025-08-21T15:00:00Z,2025-08-22T14:16:00Z,2025-08-22T14:17:00Z,stop,within_minute_not_exact_tick,115532.46808254601,85329.98300944798,12.0,-1.047194688289194
523,2967960.0,2968560.0,1.0,0.066,116423.20000000001,115243.70000000001,3.8419656000000004,3.8030421000000008,0.76408134,-77.84700000000001,-86.25608904,3073.2621361349015,3.0,3159.5182251749015,2.4319945803049263,1755950400.0,2025-08-23T02:00:00Z,2025-08-23T02:00:00Z,2025-08-23T12:00:00Z,2025-08-23T12:00:00Z,opposite,simulated_bar_open_or_final_close,113754.57434616632,148446.70784600428,12.0,-0.48973164824467663
524,2968620.0,2970060.0,-1.0,0.082,115152.70000000001,114670.20000000001,4.721260700000001,4.7014782,-2.80188281340954,39.565000000000005,32.94414391340954,3106.2062800483113,4.0,3073.2621361349015,3.0724751035638698,1756040400.0,2025-08-23T13:00:00Z,2025-08-23T13:00:00Z,2025-08-24T13:00:00Z,2025-08-24T13:00:00Z,timeout,simulated_bar_open_or_final_close,117220.66270711034,90337.14751467605,12.0,0.19427712657543625
525,2970180.0,2970574.0,-1.0,0.12,114466.90000000001,113281.0,6.8680140000000005,6.79686,-1.37249695239132,142.30800000000104,130.01562295239236,3236.2219030007036,1.0,3106.2062800483113,4.422123568620936,1756071300.0,2025-08-24T15:00:00Z,2025-08-24T15:00:00Z,2025-08-24T21:34:00Z,2025-08-24T21:35:00Z,stop,within_minute_not_exact_tick,115854.04610484268,97821.146741888,12.0,0.7810738326848118
526,2970600.0,2972040.0,-1.0,0.067,112924.6,109861.8,3.7829741000000006,3.6803703000000008,-2.1338690057886582,205.2076000000002,199.87812460578888,3436.100027606492,4.0,3236.2219030007036,2.337895368974751,1756159200.0,2025-08-24T22:00:00Z,2025-08-24T22:00:00Z,2025-08-25T22:00:00Z,2025-08-25T22:00:00Z,timeout,simulated_bar_open_or_final_close,115642.46140518111,80310.26313782673,12.0,1.097648167579165
527,2972100.0,2973540.0,-1.0,0.058,110074.70000000001,111870.40000000001,3.1921663000000002,3.2442416000000005,-1.173918034996798,-104.15059999999984,-109.41308986500303,3326.6869377414896,4.0,3436.100027606492,1.8580170974961923,1756249200.0,2025-08-25T23:00:00Z,2025-08-25T23:00:00Z,2025-08-26T23:00:00Z,2025-08-26T23:00:00Z,timeout,simulated_bar_open_or_final_close,113440.60498941853,69683.8401269778,12.0,-0.5604533074491969
528,2975100.0,2976540.0,-1.0,0.069,111264.6,112183.20000000001,3.8386287000000006,3.8703204000000007,-1.6709387211541376,-63.38340000000041,-69.42141037884626,3257.2655273626438,4.0,3326.6869377414896,2.3077787431396066,1756429200.0,2025-08-28T01:00:00Z,2025-08-28T01:00:00Z,2025-08-29T01:00:00Z,2025-08-29T01:00:00Z,timeout,simulated_bar_open_or_final_close,113989.14045696692,78570.11451639695,12.0,-0.36927599816774836
529,2976600.0,2978040.0,-1.0,0.08,111402.70000000001,107426.5,4.456108,4.29706,-1.2230829834168815,318.0960000000009,310.5659149834178,3567.8314423460615,4.0,3257.2655273626438,2.736103619779527,1756519200.0,2025-08-29T02:00:00Z,2025-08-29T02:00:00Z,2025-08-30T02:00:00Z,2025-08-30T02:00:00Z,timeout,simulated_bar_open_or_final_close,113668.60903694617,84211.7915566461,12.0,1.713252330077964
530,2979960.0,2981400.0,-1.0,0.128,108449.40000000001,109507.20000000001,6.940761600000001,7.008460800000001,-3.437526213787776,-135.39840000000038,-145.9100961862126,3421.9213461598497,4.0,3567.8314423460615,3.89074523959912,1756720800.0,2025-08-31T10:00:00Z,2025-08-31T10:00:00Z,2025-09-01T10:00:00Z,2025-09-01T10:00:00Z,timeout,simulated_bar_open_or_final_close,109964.12987758996,90272.6414689206,12.0,-0.7525583559944616
531,2982120.0,2982419.0,-1.0,0.079,107722.90000000001,110166.3,4.2550545500000005,4.3515688500000005,-0.5991802878092057,-193.02859999999953,-201.03604311219033,3220.88530304766,1.0,3421.9213461598497,2.486938839067771,1756782000.0,2025-09-01T22:00:00Z,2025-09-01T22:00:00Z,2025-09-02T02:59:00Z,2025-09-02T03:00:00Z,stop,within_minute_not_exact_tick,110144.19264549289,78667.38825408537,12.0,-1.0509923466425075
532,2983020.0,2983080.0,-1.0,0.07100000000000001,108727.70000000001,111317.0,3.859833350000001,3.9517535,0.0,-183.8402999999992,-191.6518868499992,3029.2334161976605,1.0,3220.88530304766,2.3967530581407273,1756821660.0,2025-09-02T13:00:00Z,2025-09-02T13:00:00Z,2025-09-02T14:00:00Z,2025-09-02T14:01:00Z,stop,within_minute_not_exact_tick,111294.7206642383,77923.45202914068,12.0,-1.0515390030181035
533,2985300.0,2986740.0,-1.0,0.076,111387.3,111320.0,4.2327174,4.23016,-1.662174927176,5.114800000000221,-1.685902472823779,3027.5475137248363,4.0,3029.2334161976605,2.7945798942842583,1757041200.0,2025-09-04T03:00:00Z,2025-09-04T03:00:00Z,2025-09-05T03:00:00Z,2025-09-05T03:00:00Z,timeout,simulated_bar_open_or_final_close,113621.80340173232,84573.25917921218,12.0,-0.009927452899288307
534,2987220.0,2987640.0,1.0,0.077,112221.70000000001,110544.90000000001,4.32053545,4.25597865,0.6708322938240001,-129.11360000000022,-138.3609463938242,2889.186567331012,3.0,3027.5475137248363,2.854148732869518,1757095200.0,2025-09-05T11:00:00Z,2025-09-05T11:00:00Z,2025-09-05T18:00:00Z,2025-09-05T18:00:00Z,opposite,simulated_bar_open_or_final_close,110048.40746812236,138301.21038253192,12.0,-0.8268078877349929
535,2987700.0,2989140.0,-1.0,0.059000000000000004,111123.8,110198.40000000001,3.2781521000000002,3.2508528000000005,-0.787200668567,54.598599999999664,48.85679576856666,2938.0433630995785,4.0,2889.186567331012,2.269256085478972,1757185200.0,2025-09-05T19:00:00Z,2025-09-05T19:00:00Z,2025-09-06T19:00:00Z,2025-09-06T19:00:00Z,timeout,simulated_bar_open_or_final_close,113863.67491022621,78245.30107728556,12.0,0.3022332447084703
536,2990940.0,2991435.0,-1.0,0.123,110764.3,112059.40000000001,6.812004450000001,6.891653100000001,-0.914236398504,-159.29730000000072,-172.08672115149673,2765.9566419480816,1.0,2938.0433630995785,4.637102730038313,1757322960.0,2025-09-08T01:00:00Z,2025-09-08T01:00:00Z,2025-09-08T09:15:00Z,2025-09-08T09:16:00Z,stop,within_minute_not_exact_tick,112036.97074474223,95492.25106309334,12.0,-1.0993252100215343
537,2991600.0,2993040.0,1.0,0.10200000000000001,112044.5,112375.0,5.7142695,5.7311250000000005,2.425658569180754,33.711000000000006,19.839946930819252,2785.7965888789004,4.0,2765.9566419480816,4.131857610013295,1757419200.0,2025-09-08T12:00:00Z,2025-09-08T12:00:00Z,2025-09-09T12:00:00Z,2025-09-09T12:00:00Z,timeout,simulated_bar_open_or_final_close,110584.22492337856,129567.80091945737,12.0,0.13320044062212405
538,2993100.0,2993257.0,1.0,0.089,112649.0,110907.1,5.0128805000000005,4.9353659500000004,0.0,-155.0290999999995,-164.9773464499995,2620.819242428901,1.0,2785.7965888789004,3.5988848001406697,1757432280.0,2025-09-09T13:00:00Z,2025-09-09T13:00:00Z,2025-09-09T15:37:00Z,2025-09-09T15:38:00Z,stop,within_minute_not_exact_tick,110929.3543869314,133284.7473568232,12.0,-1.0779418944884935
539,2993820.0,2994240.0,-1.0,0.076,110949.1,112522.5,4.2160658,4.275855,-0.4297375376328729,-119.57839999999956,-127.64058326236669,2493.178659166534,3.0,2620.819242428901,3.21736480848841,1757491200.0,2025-09-10T01:00:00Z,2025-09-10T01:00:00Z,2025-09-10T08:00:00Z,2025-09-10T08:00:00Z,opposite,simulated_bar_open_or_final_close,112841.94580199345,88234.95037607857,12.0,-0.8872784866821181
540,2994300.0,2995740.0,1.0,0.07200000000000001,112355.5,113982.8,4.044798000000001,4.103380800000001,1.65017259168013,117.16560000000023,107.3672486083201,2600.545907774854,4.0,2493.178659166534,3.244691659082443,1757581200.0,2025-09-10T09:00:00Z,2025-09-10T09:00:00Z,2025-09-11T09:00:00Z,2025-09-11T09:00:00Z,timeout,simulated_bar_open_or_final_close,110449.60057842956,135226.29305884533,12.0,0.7824189300597633
541,2996040.0,2997480.0,1.0,0.073,114601.20000000001,115091.5,4.1829438,4.20083975,1.1106853586428378,35.791899999999146,26.29743109135631,2626.8433388662106,4.0,2600.545907774854,3.216973626571444,1757685600.0,2025-09-11T14:00:00Z,2025-09-11T14:00:00Z,2025-09-12T14:00:00Z,2025-09-12T14:00:00Z,timeout,simulated_bar_open_or_final_close,112636.86703906712,138173.19553119465,12.0,0.18338987800840656
542,2997540.0,2998980.0,1.0,0.082,115236.70000000001,115726.90000000001,4.7247047,4.744802900000001,0.7159955613028123,40.19639999999976,30.010896838696954,2656.8542357049078,4.0,2626.8433388662106,3.597248933801482,1757775600.0,2025-09-12T15:00:00Z,2025-09-12T15:00:00Z,2025-09-13T15:00:00Z,2025-09-13T15:00:00Z,timeout,simulated_bar_open_or_final_close,113489.05856634767,136208.39720382806,12.0,0.20941741238562558
543,3000120.0,3000970.0,1.0,0.10400000000000001,116019.40000000001,114880.1,6.033008800000002,5.973765200000001,1.1170016159668423,-118.48720000000031,-131.61097561596716,2525.2432600889406,1.0,2656.8542357049078,4.541467664220083,1757895060.0,2025-09-14T10:00:00Z,2025-09-14T10:00:00Z,2025-09-15T00:10:00Z,2025-09-15T00:11:00Z,stop,within_minute_not_exact_tick,114903.0865821744,129415.16101390737,12.0,-1.133633377459967
544,3001260.0,3001741.0,1.0,0.093,116029.8,114551.3,5.3953857,5.3266354499999995,0.8892112475519999,-137.5005,-149.11173239755198,2376.131527691389,1.0,2525.2432600889406,4.273161152648693,1757941320.0,2025-09-15T05:00:00Z,2025-09-15T05:00:00Z,2025-09-15T13:01:00Z,2025-09-15T13:02:00Z,stop,within_minute_not_exact_tick,114574.254714615,133496.34342462005,12.0,-1.101547287716231
545,3002160.0,3003600.0,1.0,0.067,115269.8,116733.70000000001,3.8615383000000003,3.9105789500000006,1.1218953821320001,98.0813000000006,89.18728736786859,2465.3188150592573,4.0,2376.131527691389,3.250273189844679,1758052800.0,2025-09-15T20:00:00Z,2025-09-15T20:00:00Z,2025-09-16T20:00:00Z,2025-09-16T20:00:00Z,timeout,simulated_bar_open_or_final_close,113331.2247410396,138532.70310752493,12.0,0.6866659092295752
546,3004020.0,3004935.0,1.0,0.078,116656.5,114912.3,4.5496035,4.4815797,1.340554601724,-136.04759999999976,-146.41933780172374,2318.8994772575334,1.0,2465.3188150592573,3.6908844991641736,1758132960.0,2025-09-17T03:00:00Z,2025-09-17T03:00:00Z,2025-09-17T18:15:00Z,2025-09-17T18:16:00Z,stop,within_minute_not_exact_tick,114935.318692318,137310.67569218398,12.0,-1.0906294351906936
547,3005220.0,3006660.0,1.0,0.054,116531.40000000001,116971.6,3.1463478,3.1582332,1.1419213021771728,23.77079999999984,16.324297697822665,2335.2237749553565,4.0,2318.8994772575334,2.713656051810452,1758236400.0,2025-09-17T23:00:00Z,2025-09-17T23:00:00Z,2025-09-18T23:00:00Z,2025-09-18T23:00:00Z,timeout,simulated_bar_open_or_final_close,114155.94000256478,145036.91996922286,12.0,0.12726032412472985
548,3011400.0,3012840.0,-1.0,0.088,113592.20000000001,112639.20000000001,4.9980568000000005,4.9561248,-1.3523774453631934,83.86399999999999,75.26219584536318,2410.4859708007198,4.0,2335.2237749553565,4.280580605253173,1758607200.0,2025-09-22T06:00:00Z,2025-09-22T06:00:00Z,2025-09-23T06:00:00Z,2025-09-23T06:00:00Z,timeout,simulated_bar_open_or_final_close,115020.53454706921,96452.18543516964,12.0,0.5987758451060254
549,3013500.0,3014940.0,-1.0,0.069,112741.20000000001,113691.70000000001,3.889571400000001,3.9223636500000008,-1.316190823287,-65.5845,-72.08024422671299,2338.4057265740066,4.0,2410.4859708007198,3.227209323859251,1758733200.0,2025-09-23T17:00:00Z,2025-09-23T17:00:00Z,2025-09-24T17:00:00Z,2025-09-24T17:00:00Z,timeout,simulated_bar_open_or_final_close,114652.3993626842,89806.80764778986,12.0,-0.546589351730348
550,3015420.0,3016860.0,-1.0,0.07200000000000001,112979.3,109441.0,4.067254800000001,3.939876000000001,-1.1534797970865112,254.75760000000025,247.90394899708676,2586.3096755710935,4.0,2338.4057265740066,3.4786562090394186,1758848400.0,2025-09-25T01:00:00Z,2025-09-25T01:00:00Z,2025-09-26T01:00:00Z,2025-09-26T01:00:00Z,timeout,simulated_bar_open_or_final_close,114750.85029741647,91720.69643100229,12.0,1.9435578023150357
551,3017220.0,3018660.0,-1.0,0.058,109276.90000000001,109510.5,3.1690301000000005,3.1758045000000004,-0.7633844522524249,-13.548799999999494,-19.130250147747073,2567.1794254233464,4.0,2586.3096755710935,2.4506192200670895,1758956400.0,2025-09-26T07:00:00Z,2025-09-26T07:00:00Z,2025-09-27T07:00:00Z,2025-09-27T07:00:00Z,timeout,simulated_bar_open_or_final_close,111758.81150606218,79493.96192725399,12.0,-0.13289430275554134
552,3020400.0,3020647.0,-1.0,0.117,109298.0,110214.90000000001,6.3939330000000005,6.447571650000001,-0.6770285307630001,-107.27730000000103,-119.44177611923804,2447.7376493041083,1.0,2567.1794254233464,4.981290311599934,1759075680.0,2025-09-28T12:00:00Z,2025-09-28T12:00:00Z,2025-09-28T16:07:00Z,2025-09-28T16:08:00Z,stop,within_minute_not_exact_tick,110192.85355386711,98559.7573535947,12.0,-1.1408234084217708
553,3022080.0,3023520.0,1.0,0.073,113774.8,113032.70000000001,4.1527802000000005,4.12569355,0.9011448102976856,-54.17329999999936,-63.35291856029705,2384.384730743811,4.0,2447.7376493041083,3.3931579237510485,1759248000.0,2025-09-29T16:00:00Z,2025-09-29T16:00:00Z,2025-09-30T16:00:00Z,2025-09-30T16:00:00Z,timeout,simulated_bar_open_or_final_close,111949.0262874489,135684.08455061325,12.0,-0.4753317420938785
554,3023760.0,3025200.0,1.0,0.064,114332.0,117350.5,3.6586240000000005,3.755216,1.2492098389805533,193.184,184.52095016101944,2568.90568090483,4.0,2384.384730743811,3.0688201889790574,1759348800.0,2025-09-30T20:00:00Z,2025-09-30T20:00:00Z,2025-10-01T20:00:00Z,2025-10-01T20:00:00Z,timeout,simulated_bar_open_or_final_close,112284.79735639623,138898.4317232452,12.0,1.4083314396227202
555,3025380.0,3026820.0,1.0,0.063,117719.40000000001,120184.6,3.7081611000000003,3.7858149000000005,2.048282028452487,155.3075999999998,145.76534197154731,2714.6710228763777,4.0,2568.90568090483,2.886957763816301,1759446000.0,2025-10-01T23:00:00Z,2025-10-01T23:00:00Z,2025-10-02T23:00:00Z,2025-10-02T23:00:00Z,timeout,simulated_bar_open_or_final_close,115465.99381044134,144760.274274704,12.0,1.0267725355379043
556,3027720.0,3029160.0,1.0,0.075,120349.20000000001,122311.0,4.513095000000001,4.586662499999999,2.7502370033546253,147.1349999999991,135.28500549664452,2849.956028373022,4.0,2714.6710228763777,3.3249664227955478,1759586400.0,2025-10-03T14:00:00Z,2025-10-03T14:00:00Z,2025-10-04T14:00:00Z,2025-10-04T14:00:00Z,timeout,simulated_bar_open_or_final_close,118358.37682591892,144239.07808897312,12.0,0.9060574021704244
557,3029940.0,3031380.0,1.0,0.078,124037.1,124041.90000000001,4.8374469,4.837634100000001,2.627125675512,0.374400000000227,-11.927806675511773,2838.02822169751,4.0,2849.956028373022,3.3947519553567242,1759719600.0,2025-10-05T03:00:00Z,2025-10-05T03:00:00Z,2025-10-06T03:00:00Z,2025-10-06T03:00:00Z,timeout,simulated_bar_open_or_final_close,122044.80100314555,147944.6879622534,12.0,-0.07675584771434228
558,3031560.0,3033000.0,1.0,0.063,123547.1,124324.1,3.8917336500000004,3.9162091500000002,1.9984687476490417,48.951,39.14458845235096,2877.172810149861,4.0,2838.02822169751,2.742561627996946,1759816800.0,2025-10-06T06:00:00Z,2025-10-06T06:00:00Z,2025-10-07T06:00:00Z,2025-10-07T06:00:00Z,timeout,simulated_bar_open_or_final_close,121046.34695992596,153556.1364808886,12.0,0.24846222873268672
559,3033420.0,3033533.0,1.0,0.067,124894.40000000001,122479.8,4.1839624,4.1030733,0.0,-161.7782000000004,-170.06523570000041,2707.1075744498607,1.0,2877.172810149861,2.9083844983103906,1759848840.0,2025-10-07T13:00:00Z,2025-10-07T13:00:00Z,2025-10-07T14:53:00Z,2025-10-07T14:54:00Z,stop,within_minute_not_exact_tick,122504.34031477704,153575.1162226756,12.0,-1.0620182900424986
560,3034740.0,3036180.0,1.0,0.051000000000000004,122910.3,122081.6,3.1342126500000003,3.1130808,0.7530599377962346,-42.26369999999986,-49.264053387796096,2657.843521062065,4.0,2707.1075744498607,2.3155434823360768,1760007600.0,2025-10-08T11:00:00Z,2025-10-08T11:00:00Z,2025-10-09T11:00:00Z,2025-10-09T11:00:00Z,timeout,simulated_bar_open_or_final_close,119955.38540688698,158369.2751173562,12.0,-0.3269000848229631
561,3036300.0,3036406.0,1.0,0.055,123524.70000000001,120780.1,3.3969292500000003,3.3214527500000006,0.0,-150.95300000000032,-157.6713820000003,2500.1721390620646,1.0,2657.843521062065,2.5561544335330915,1760021220.0,2025-10-09T13:00:00Z,2025-10-09T13:00:00Z,2025-10-09T14:46:00Z,2025-10-09T14:47:00Z,stop,within_minute_not_exact_tick,120804.3301686938,156169.13797567438,12.0,-1.0538098044645352
562,3037800.0,3037890.0,1.0,0.055,121633.5,119066.3,3.34492125,3.27432325,0.0,-141.19599999999983,-147.81524449999984,2352.356894562065,1.0,2500.1721390620646,2.675752759371874,1760110260.0,2025-10-10T14:00:00Z,2025-10-10T14:00:00Z,2025-10-10T15:30:00Z,2025-10-10T15:31:00Z,stop,within_minute_not_exact_tick,119090.18786327139,152153.24564074323,12.0,-1.0567125683035206
563,3038220.0,3038251.0,-1.0,0.032,114177.5,109996.0,1.8268400000000002,1.7599360000000002,0.0,133.808,130.22122399999998,2482.578118562065,1.0,2352.356894562065,1.5531996902537193,1760131920.0,2025-10-10T21:00:00Z,2025-10-10T21:00:00Z,2025-10-10T21:31:00Z,2025-10-10T21:32:00Z,stop,within_minute_not_exact_tick,118406.20341439325,63433.05902728093,12.0,0.9623312044417492
564,3038280.0,3039720.0,-1.0,0.02,113230.90000000001,110854.8,1.1323090000000002,1.108548,-0.45653435943826004,47.52200000000012,45.73767735943838,2528.3157959215036,4.0,2482.578118562065,0.9122041248440919,1760220000.0,2025-10-10T22:00:00Z,2025-10-10T22:00:00Z,2025-10-11T22:00:00Z,2025-10-11T22:00:00Z,timeout,simulated_bar_open_or_final_close,120489.63093596208,26126.128768455223,12.0,0.31505284989170323
565,3039900.0,3040806.0,-1.0,0.032,109578.70000000001,114148.90000000001,1.7532592000000002,1.8263824000000002,0.29292512303335294,-146.2463999999999,-150.11896672303325,2378.1968291984704,1.0,2528.3157959215036,1.3868989014965862,1760285220.0,2025-10-12T01:00:00Z,2025-10-12T01:00:00Z,2025-10-12T16:06:00Z,2025-10-12T16:07:00Z,stop,within_minute_not_exact_tick,114125.99887790278,55011.113465166796,12.0,-1.0316493012789159
566,3042000.0,3043440.0,-1.0,0.04,114106.3,111263.70000000001,2.2821260000000003,2.225274,0.2596098707849522,113.70399999999965,108.93699012921469,2487.133819327685,4.0,2378.1968291984704,1.9192069991693252,1760443200.0,2025-10-13T12:00:00Z,2025-10-13T12:00:00Z,2025-10-14T12:00:00Z,2025-10-14T12:00:00Z,timeout,simulated_bar_open_or_final_close,117474.5491923267,73687.30969207971,12.0,0.8085579770744643
567,3043560.0,3045000.0,-1.0,0.04,110939.20000000001,111361.20000000001,2.2187840000000003,2.227224,0.2693313850368351,-16.88,-21.595339385036834,2465.5384799426483,4.0,2487.133819327685,1.7842095851519364,1760536800.0,2025-10-14T14:00:00Z,2025-10-14T14:00:00Z,2025-10-15T14:00:00Z,2025-10-15T14:00:00Z,timeout,simulated_bar_open_or_final_close,114476.47890852581,68491.8530976905,12.0,-0.15262677854569418
568,3045060.0,3046500.0,-1.0,0.039,110978.1,110489.0,2.1640729500000004,2.1545355,0.20474190734292047,19.074900000000227,14.551549642657305,2480.0900295853057,4.0,2465.5384799426483,1.7554566417072017,1760626800.0,2025-10-15T15:00:00Z,2025-10-15T15:00:00Z,2025-10-16T15:00:00Z,2025-10-16T15:00:00Z,timeout,simulated_bar_open_or_final_close,114552.64587265947,68083.54952808634,12.0,0.10438155525094257
569,3046560.0,3048000.0,-1.0,0.035,108452.20000000001,106771.40000000001,1.8979135000000005,1.8684995000000004,0.1591581989361629,58.82800000000011,54.90242880106395,2534.99245838637,4.0,2480.0900295853057,1.5305198419086015,1760716800.0,2025-10-16T16:00:00Z,2025-10-16T16:00:00Z,2025-10-17T16:00:00Z,2025-10-17T16:00:00Z,timeout,simulated_bar_open_or_final_close,112466.62104205934,60279.147495288,12.0,0.39075144496623443
570,3048960.0,3050400.0,-1.0,0.044,106626.8,106754.70000000001,2.3457896000000003,2.3486034,0.46780997250913975,-5.627600000000384,-10.789802972509523,2524.20265541386,4.0,2534.99245838637,1.8507270838140437,1760860800.0,2025-10-18T08:00:00Z,2025-10-18T08:00:00Z,2025-10-19T08:00:00Z,2025-10-19T08:00:00Z,timeout,simulated_bar_open_or_final_close,109871.20673007323,67693.91923912129,12.0,-0.0755832468712168
571,3050460.0,3050779.0,-1.0,0.07200000000000001,106379.90000000001,108331.90000000001,3.8296764000000008,3.899948400000001,0.0,-140.544,-148.27362480000002,2375.92903061386,1.0,2524.20265541386,3.0343652414644176,1760883600.0,2025-10-19T09:00:00Z,2025-10-19T09:00:00Z,2025-10-19T14:19:00Z,2025-10-19T14:20:00Z,stop,within_minute_not_exact_tick,108310.22901757178,83215.95178913884,12.0,-1.0668419120542179
572,3051480.0,3051594.0,-1.0,0.055,107990.20000000001,110417.40000000001,2.9697305000000003,3.0364785000000003,0.0,-133.49599999999984,-139.50220899999982,2236.4268216138603,1.0,2375.92903061386,2.499847816778199,1760932500.0,2025-10-20T02:00:00Z,2025-10-20T02:00:00Z,2025-10-20T03:54:00Z,2025-10-20T03:55:00Z,stop,within_minute_not_exact_tick,110395.27863660386,79129.25636075374,12.0,-1.0546032721747434
573,3052920.0,3053707.0,-1.0,0.046,109782.20000000001,112516.40000000001,2.5249906,2.5878772000000003,-0.11042996639524859,-125.77319999999986,-130.7756378336046,2105.651183780256,1.0,2236.4268216138603,2.25805787660685,1761059280.0,2025-10-21T02:00:00Z,2025-10-21T02:00:00Z,2025-10-21T15:07:00Z,2025-10-21T15:08:00Z,stop,within_minute_not_exact_tick,112493.83740319664,77242.55116164045,12.0,-1.0484250752719353
574,3054180.0,3055620.0,-1.0,0.026000000000000002,108986.1,107164.1,1.4168193000000002,1.3931333000000001,-0.110953998741483,47.37200000000001,44.67300139874149,2150.324185178997,4.0,2105.651183780256,1.3457303003590535,1761174000.0,2025-10-21T23:00:00Z,2025-10-21T23:00:00Z,2025-10-22T23:00:00Z,2025-10-22T23:00:00Z,timeout,simulated_bar_open_or_final_close,113514.16198533795,54649.35617594472,12.0,0.37945424931320243
575,3058020.0,3059460.0,-1.0,0.04,110155.70000000001,111568.90000000001,2.2031140000000007,2.2313780000000003,-0.4308410401635963,-56.527999999999885,-60.531650959836284,2089.7925342191606,4.0,2150.324185178997,2.049099401090175,1761404400.0,2025-10-24T15:00:00Z,2025-10-24T15:00:00Z,2025-10-25T15:00:00Z,2025-10-25T15:00:00Z,timeout,simulated_bar_open_or_final_close,113194.93311557917,73684.90261305013,12.0,-0.49791878952580254
576,3060600.0,3062040.0,1.0,0.079,112500.5,115181.70000000001,4.44376975,4.549677150000001,2.4370849568230653,211.81480000000093,200.38426814317785,2290.176802362338,4.0,2089.7925342191606,4.252833405456097,1761559200.0,2025-10-26T10:00:00Z,2025-10-26T10:00:00Z,2025-10-27T10:00:00Z,2025-10-27T10:00:00Z,timeout,simulated_bar_open_or_final_close,111074.7566440532,129609.42027136165,12.0,1.7790787610908603
577,3062100.0,3063540.0,1.0,0.056,115435.0,114520.40000000001,3.2321800000000005,3.2065712000000004,1.355967828474091,-51.217599999999514,-59.012319028473605,2231.164483333865,4.0,2290.176802362338,2.8226467027925333,1761649200.0,2025-10-27T11:00:00Z,2025-10-27T11:00:00Z,2025-10-28T11:00:00Z,2025-10-28T11:00:00Z,timeout,simulated_bar_open_or_final_close,113153.5144707635,142812.8263508379,12.0,-0.4618882731092309
578,3063720.0,3064084.0,1.0,0.058,115493.1,113347.8,3.3492999000000006,3.2870862,0.19883772233600003,-124.42740000000018,-131.2626238223362,2099.901859511529,1.0,2231.164483333865,3.0022886479399205,1761681900.0,2025-10-28T14:00:00Z,2025-10-28T14:00:00Z,2025-10-28T20:04:00Z,2025-10-28T20:05:00Z,stop,within_minute_not_exact_tick,113370.51256244253,140964.14925068975,12.0,-1.0662216531330617
579,3065460.0,3066900.0,-1.0,0.037,110720.8,106815.1,2.0483348,1.97607935,-0.328603932457247,144.51089999999988,140.81508978245714,2240.7169492939865,4.0,2099.901859511529,1.9508862194888248,1761850800.0,2025-10-29T19:00:00Z,2025-10-29T19:00:00Z,2025-10-30T19:00:00Z,2025-10-30T19:00:00Z,timeout,simulated_bar_open_or_final_close,113897.60500648887,72599.13992213368,12.0,1.1980002642875627
580,3066960.0,3067742.0,-1.0,0.034,106473.0,110294.5,1.8100410000000002,1.8750065000000002,-0.37980044267000007,-129.931,-133.23624705733005,2107.4807022366563,1.0,2240.7169492939865,1.6155909389361425,1761901380.0,2025-10-30T20:00:00Z,2025-10-30T20:00:00Z,2025-10-31T09:02:00Z,2025-10-31T09:03:00Z,stop,within_minute_not_exact_tick,110272.40493076033,60880.140830876066,12.0,-1.0314018169052588
581,3068280.0,3069720.0,-1.0,0.031,109247.6,110182.20000000001,1.6933378000000001,1.7078241000000003,-1.015066450798,-28.97260000000018,-31.358695449202184,2076.122006787454,4.0,2107.4807022366563,1.606978225900594,1762020000.0,2025-10-31T18:00:00Z,2025-10-31T18:00:00Z,2025-11-01T18:00:00Z,2025-11-01T18:00:00Z,timeout,simulated_bar_open_or_final_close,113057.58147322855,63527.822321257525,12.0,-0.2655054435434855
582,3071100.0,3072540.0,-1.0,0.061,110046.1,106665.5,3.35640605,3.2532977499999998,-1.2037841728580565,206.21660000000034,200.8106803728584,2276.9326871603125,4.0,2076.122006787454,3.233341816161979,1762189200.0,2025-11-02T17:00:00Z,2025-11-02T17:00:00Z,2025-11-03T17:00:00Z,2025-11-03T17:00:00Z,timeout,simulated_bar_open_or_final_close,111914.44706981268,87625.9351622479,12.0,1.7619736824904975
583,3072600.0,3074040.0,-1.0,0.038,107411.8,101095.1,2.0408242,1.9208069,-0.8838711156581641,240.03459999999987,236.95684001565803,2513.8895271759707,4.0,2276.9326871603125,1.7926082852675136,1762279200.0,2025-11-03T18:00:00Z,2025-11-03T18:00:00Z,2025-11-04T18:00:00Z,2025-11-04T18:00:00Z,timeout,simulated_bar_open_or_final_close,110801.11221257717,66740.05344907401,12.0,1.8398146659554917
584,3074100.0,3075540.0,-1.0,0.034,101297.0,104313.8,1.7220490000000002,1.7733346,-0.44335617755,-102.5712000000001,-105.6232274224501,2408.2662997535203,4.0,2513.8895271759707,1.3700275858458262,1762369200.0,2025-11-04T19:00:00Z,2025-11-04T19:00:00Z,2025-11-05T19:00:00Z,2025-11-05T19:00:00Z,timeout,simulated_bar_open_or_final_close,105556.2196058934,50186.364729279056,12.0,-0.7293743455083882
585,3076620.0,3078060.0,-1.0,0.045,102486.5,99628.90000000001,2.30594625,2.24165025,-0.61471879065,128.59199999999962,124.6591222906496,2532.92542204417,4.0,2408.2662997535203,1.9150259672163394,1762520400.0,2025-11-06T13:00:00Z,2025-11-06T13:00:00Z,2025-11-07T13:00:00Z,2025-11-07T13:00:00Z,timeout,simulated_bar_open_or_final_close,105544.9186337698,65785.47639476231,12.0,0.9057630917437354
586,3078120.0,3078521.0,-1.0,0.043000000000000003,100274.90000000001,103674.40000000001,2.1559103500000005,2.2289996000000007,-0.3739465592730001,-146.1785,-150.189463390727,2382.735958653443,1.0,2532.92542204417,1.7023085885095635,1762548120.0,2025-11-07T14:00:00Z,2025-11-07T14:00:00Z,2025-11-07T20:41:00Z,2025-11-07T20:42:00Z,stop,within_minute_not_exact_tick,103653.59519747102,59730.55763034789,12.0,-1.033765407724077
587,3079440.0,3080880.0,-1.0,0.048,101785.20000000001,102218.70000000001,2.4428448000000005,2.4532488000000003,-0.306817137312,-20.808,-25.397276462688,2357.338682190755,4.0,2382.735958653443,2.0504536317826223,1762689600.0,2025-11-08T12:00:00Z,2025-11-08T12:00:00Z,2025-11-09T12:00:00Z,2025-11-09T12:00:00Z,timeout,simulated_bar_open_or_final_close,104586.13391864665,68173.99297624032,12.0,-0.18890482306046544
588,3082560.0,3084000.0,-1.0,0.046,105007.8,103437.90000000001,2.4151794,2.3790717,-0.2806865407041601,72.21539999999973,67.7018354407039,2425.040517631459,4.0,2357.338682190755,2.0490728958432833,1762876800.0,2025-11-10T16:00:00Z,2025-11-10T16:00:00Z,2025-11-11T16:00:00Z,2025-11-11T16:00:00Z,timeout,simulated_bar_open_or_final_close,107915.50500495681,70115.3399405184,12.0,0.5061651814096307
589,3084060.0,3085500.0,-1.0,0.047,103345.8,101413.40000000001,2.4286263,2.3832149000000005,-0.4302821524123764,90.82279999999973,86.4412409524121,2511.481758583871,4.0,2425.040517631459,2.0029572968719247,1762966800.0,2025-11-11T17:00:00Z,2025-11-11T17:00:00Z,2025-11-12T17:00:00Z,2025-11-12T17:00:00Z,timeout,simulated_bar_open_or_final_close,106291.65109914457,67995.58681026525,12.0,0.6243273259626381
590,3085560.0,3087000.0,-1.0,0.045,101679.6,99621.40000000001,2.2877910000000004,2.2414815000000003,-0.824186823604055,92.61899999999987,88.91391432360392,2600.395672907475,4.0,2511.481758583871,1.8218655120075398,1763056800.0,2025-11-12T18:00:00Z,2025-11-12T18:00:00Z,2025-11-13T18:00:00Z,2025-11-13T18:00:00Z,timeout,simulated_bar_open_or_final_close,104813.42804427093,64073.66346874898,12.0,0.6304955903240812
591,3087060.0,3088500.0,-1.0,0.038,98519.8,95043.0,1.8718762,1.805817,-0.9950285777404106,132.1184000000001,129.4357353777405,2729.8314082852153,4.0,2600.395672907475,1.4396856751473326,1763146800.0,2025-11-13T19:00:00Z,2025-11-13T19:00:00Z,2025-11-14T19:00:00Z,2025-11-14T19:00:00Z,timeout,simulated_bar_open_or_final_close,102448.71850833959,51372.777899925,12.0,0.8669570405550684
592,3088560.0,3090000.0,-1.0,0.033,95718.20000000001,95986.90000000001,1.5793503000000004,1.5837838500000003,-0.7712566412822041,-8.867099999999905,-11.2589775087177,2718.572430776497,4.0,2729.8314082852153,1.1571046440498631,1763236800.0,2025-11-14T20:00:00Z,2025-11-14T20:00:00Z,2025-11-15T20:00:00Z,2025-11-15T20:00:00Z,timeout,simulated_bar_open_or_final_close,100486.5280110263,38498.26386768465,12.0,-0.07155152410632447
593,3091080.0,3092520.0,-1.0,0.065,95352.8,93932.40000000001,3.0989660000000003,3.0528030000000004,-1.6408590172414592,92.32599999999962,87.81509001724108,2806.3875207937385,4.0,2718.572430776497,2.279848029735851,1763388000.0,2025-11-16T14:00:00Z,2025-11-16T14:00:00Z,2025-11-17T14:00:00Z,2025-11-17T14:00:00Z,timeout,simulated_bar_open_or_final_close,97705.62138570622,67118.94337152531,12.0,0.5742048219589412
594,3092580.0,3094020.0,-1.0,0.047,94711.20000000001,91334.1,2.2257132000000004,2.14635135,-1.1765460431208876,158.72370000000026,155.52818149312114,2961.91570228686,4.0,2806.3875207937385,1.586176665559356,1763478000.0,2025-11-17T15:00:00Z,2025-11-17T15:00:00Z,2025-11-18T15:00:00Z,2025-11-18T15:00:00Z,timeout,simulated_bar_open_or_final_close,98122.05300015508,53780.963998139254,12.0,0.9701708764300467
595,3094860.0,3096300.0,-1.0,0.049,91102.1,92955.20000000001,2.2320014500000003,2.2774024000000006,-0.5918594515588849,-90.80190000000029,-94.7194443984414,2867.196257888418,4.0,2961.91570228686,1.5071336758684242,1763614800.0,2025-11-19T05:00:00Z,2025-11-19T05:00:00Z,2025-11-20T05:00:00Z,2025-11-20T05:00:00Z,timeout,simulated_bar_open_or_final_close,94568.19337391968,49508.97951296382,12.0,-0.5577027728760983
596,3096840.0,3098280.0,-1.0,0.052000000000000005,91461.3,84082.20000000001,2.3779938,2.1861372000000006,-0.8104783416437253,383.7131999999996,379.95954734164326,3247.1558052300616,4.0,2867.196257888418,1.6587590008584225,1763733600.0,2025-11-20T14:00:00Z,2025-11-20T14:00:00Z,2025-11-21T14:00:00Z,2025-11-21T14:00:00Z,timeout,simulated_bar_open_or_final_close,94596.85528085535,53834.636629735825,12.0,2.330341428380566
597,3098400.0,3099840.0,-1.0,0.033,82888.40000000001,84256.8,1.3676586000000002,1.3902372,-0.36702644089720016,-45.15719999999981,-47.54806935910261,3199.6077358709585,4.0,3247.1558052300616,0.8423732534159083,1763827200.0,2025-11-21T16:00:00Z,2025-11-21T16:00:00Z,2025-11-22T16:00:00Z,2025-11-22T16:00:00Z,timeout,simulated_bar_open_or_final_close,88642.36345647377,13840.838522314822,12.0,-0.2504101038421398
598,3102240.0,3103680.0,-1.0,0.058,86987.1,87379.70000000001,2.5226259000000004,2.5340113000000004,-0.07688127095186575,-22.77080000000034,-27.750555929048474,3171.85717994191,4.0,3199.6077358709585,1.5768344798762162,1764057600.0,2025-11-24T08:00:00Z,2025-11-24T08:00:00Z,2025-11-25T08:00:00Z,2025-11-25T08:00:00Z,timeout,simulated_bar_open_or_final_close,90138.14077455761,49174.61070530872,12.0,-0.15184121535616651
599,3103740.0,3105180.0,-1.0,0.067,86961.20000000001,87398.0,2.913200200000001,2.927833,-0.37768943360821033,-29.26559999999922,-34.72894376639101,3137.128236175519,4.0,3171.85717994191,1.8369050273905168,1764147600.0,2025-11-25T09:00:00Z,2025-11-25T09:00:00Z,2025-11-26T09:00:00Z,2025-11-26T09:00:00Z,timeout,simulated_bar_open_or_final_close,89644.66993645624,54759.56076252523,12.0,-0.19316126379228657
600,3105420.0,3105697.0,-1.0,0.07100000000000001,86583.6,89117.5,3.0737178000000003,3.1636712500000006,0.025859772696155362,-179.9068999999996,-186.17014882269575,2950.958087352823,1.0,3137.128236175519,1.9595742147583852,1764178680.0,2025-11-26T13:00:00Z,2025-11-26T13:00:00Z,2025-11-26T17:37:00Z,2025-11-26T17:38:00Z,stop,within_minute_not_exact_tick,89099.59274354542,56391.68707745507,12.0,-1.0421789883446528
601,3107700.0,3108390.0,-1.0,0.084,91017.5,92996.90000000001,3.822735,3.9058698000000005,-0.45855746428800004,-166.26960000000074,-173.53964733571274,2777.41844001711,1.0,2950.958087352823,2.5908433036602094,1764340260.0,2025-11-28T03:00:00Z,2025-11-28T03:00:00Z,2025-11-28T14:30:00Z,2025-11-28T14:31:00Z,stop,within_minute_not_exact_tick,92978.22695141548,67488.77658301423,12.0,-1.0536643978278402
602,3108600.0,3110040.0,-1.0,0.057,90603.0,90399.20000000001,2.5821855,2.5763772000000005,-0.125829911043,11.616599999999337,6.583867211042337,2784.0023072281524,4.0,2777.41844001711,1.8594140967711679,1764439200.0,2025-11-28T18:00:00Z,2025-11-28T18:00:00Z,2025-11-29T18:00:00Z,2025-11-29T18:00:00Z,timeout,simulated_bar_open_or_final_close,93386.96453817797,57195.42554186439,12.0,0.04148991149671192
603,3111720.0,3113160.0,-1.0,0.098,91120.70000000001,86397.40000000001,4.4649143,4.233472600000001,-0.7090216489116292,462.8834000000003,454.8940347489119,3238.896341977064,4.0,2784.0023072281524,3.207550718192774,1764626400.0,2025-11-30T22:00:00Z,2025-11-30T22:00:00Z,2025-12-01T22:00:00Z,2025-12-01T22:00:00Z,timeout,simulated_bar_open_or_final_close,92684.87316631593,72350.62200420898,12.0,2.9675588130165544
604,3114840.0,3116280.0,1.0,0.055,92234.0,93131.3,2.536435,2.5611107500000005,0.14983737084124635,49.35150000000016,44.104116879158916,3283.000458856223,4.0,3238.896341977064,1.5662341317485495,1764813600.0,2025-12-03T02:00:00Z,2025-12-03T02:00:00Z,2025-12-04T02:00:00Z,2025-12-04T02:00:00Z,timeout,simulated_bar_open_or_final_close,88886.15710766803,132408.11470798365,12.0,0.2395252883590245
605,3118560.0,3120000.0,-1.0,0.069,90395.8,89731.3,3.1186551000000007,3.09572985,-0.23331085853838843,45.850500000000004,39.869425908538396,3322.869884764761,4.0,3283.000458856223,1.899881001592379,1765036800.0,2025-12-05T16:00:00Z,2025-12-05T16:00:00Z,2025-12-06T16:00:00Z,2025-12-06T16:00:00Z,timeout,simulated_bar_open_or_final_close,93098.21906342774,57966.77123886714,12.0,0.2138150128564848
606,3120240.0,3121535.0,-1.0,0.10300000000000001,89351.6,91176.1,4.601607400000001,4.695569150000001,-1.01892303574976,-187.92350000000002,-196.20175351425027,3126.6681312505107,1.0,3322.869884764761,2.7696584937605926,1765128960.0,2025-12-06T20:00:00Z,2025-12-06T20:00:00Z,2025-12-07T17:35:00Z,2025-12-07T17:36:00Z,stop,within_minute_not_exact_tick,91157.83506725403,67676.77919295177,12.0,-1.0546087980885959
607,3122340.0,3123000.0,1.0,0.066,91452.90000000001,90194.0,3.0179457000000003,2.976402,0.5968248597701071,-83.08740000000059,-89.6785725597707,3036.98955869074,3.0,3126.6681312505107,1.9304547673839456,1765216800.0,2025-12-08T07:00:00Z,2025-12-08T07:00:00Z,2025-12-08T18:00:00Z,2025-12-08T18:00:00Z,opposite,simulated_bar_open_or_final_close,88754.46273707043,123834.14715515496,12.0,-0.5035382032304362
608,3123060.0,3124311.0,-1.0,0.062,89855.5,92667.40000000001,2.7855205,2.8726894,-0.40554269991799996,-174.33780000000053,-179.59046720008254,2857.3990914906576,1.0,3036.98955869074,1.8343958358558536,1765295520.0,2025-12-08T19:00:00Z,2025-12-08T19:00:00Z,2025-12-09T15:51:00Z,2025-12-09T15:52:00Z,stop,within_minute_not_exact_tick,92648.81425697362,56335.72891631648,12.0,-1.0369833725222553
609,3124380.0,3125820.0,1.0,0.053,94165.8,92108.20000000001,2.4953937,2.4408673000000003,0.39078465016481156,-109.05279999999954,-114.37984565016434,2743.019245840493,4.0,2857.3990914906576,1.7466189496814004,1765386000.0,2025-12-09T17:00:00Z,2025-12-09T17:00:00Z,2025-12-10T17:00:00Z,2025-12-10T17:00:00Z,timeout,simulated_bar_open_or_final_close,91090.38573650294,131070.77116196477,12.0,-0.7017299493279078
610,3125940.0,3126378.0,1.0,0.063,92467.3,89989.20000000001,2.91271995,2.8346598000000003,0.15008582180010738,-156.12029999999945,-162.01776557179954,2581.0014802686937,1.0,2743.019245840493,2.123732784169736,1765419540.0,2025-12-10T19:00:00Z,2025-12-10T19:00:00Z,2025-12-11T02:18:00Z,2025-12-11T02:19:00Z,stop,within_minute_not_exact_tick,90007.28336708569,121987.49959497171,12.0,-1.04540373029312
611,3127140.0,3127507.0,-1.0,0.059000000000000004,89496.40000000001,92013.6,2.6401438,2.7144012,-0.32332950988336595,-148.51479999999984,-153.54601549011647,2427.4554647785776,1.0,2581.0014802686937,2.0458289700206986,1765487280.0,2025-12-11T15:00:00Z,2025-12-11T15:00:00Z,2025-12-11T21:07:00Z,2025-12-11T21:08:00Z,stop,within_minute_not_exact_tick,91995.19927697793,59510.80867626492,12.0,-1.0414901520073254
612,3127620.0,3128940.0,1.0,0.041,92343.90000000001,90141.90000000001,1.8930499500000004,1.8479089500000003,0.5648218521993886,-90.28200000000001,-94.58778075219941,2332.8676840263784,3.0,2427.4554647785776,1.5596990160828152,1765573200.0,2025-12-11T23:00:00Z,2025-12-11T23:00:00Z,2025-12-12T21:00:00Z,2025-12-12T21:00:00Z,opposite,simulated_bar_open_or_final_close,89004.45758261826,132417.20900858106,12.0,-0.6908395936784436
613,3130020.0,3131460.0,-1.0,0.085,90030.40000000001,89092.0,3.826292000000001,3.7864100000000005,-1.4512737126646502,79.76400000000075,73.6025717126654,2406.4702557390433,4.0,2332.8676840263784,3.280333493579086,1765724400.0,2025-12-13T15:00:00Z,2025-12-13T15:00:00Z,2025-12-14T15:00:00Z,2025-12-14T15:00:00Z,timeout,simulated_bar_open_or_final_close,91538.64265358163,71931.4881570206,12.0,0.5741202228487703
614,3131520.0,3132960.0,-1.0,0.09,88967.40000000001,87013.90000000001,4.003533,3.9156255,-0.18420308357710807,175.815,168.0800445835771,2574.55030032262,4.0,2406.4702557390433,3.3273072795744887,1765814400.0,2025-12-14T16:00:00Z,2025-12-14T16:00:00Z,2025-12-15T16:00:00Z,2025-12-15T16:00:00Z,timeout,simulated_bar_open_or_final_close,90438.18179371607,71318.01847540724,12.0,1.2697709877208117
615,3133020.0,3134460.0,-1.0,0.058,86343.3,87556.70000000001,2.5039557000000006,2.5391443000000002,-0.6500141389181487,-70.37720000000051,-74.77028586108237,2499.780014461537,4.0,2574.55030032262,1.9451596651160608,1765904400.0,2025-12-15T17:00:00Z,2025-12-15T17:00:00Z,2025-12-16T17:00:00Z,2025-12-16T17:00:00Z,timeout,simulated_bar_open_or_final_close,88873.82722079655,55976.973350441476,12.0,-0.5094364720044567
616,3135180.0,3135774.0,-1.0,0.057,86699.40000000001,89209.5,2.4709329,2.54247075,-0.44571860493599996,-143.0756999999995,-147.64338504506352,2352.136629416473,1.0,2499.780014461537,1.976920277548702,1765983300.0,2025-12-17T05:00:00Z,2025-12-17T05:00:00Z,2025-12-17T14:54:00Z,2025-12-17T14:55:00Z,stop,within_minute_not_exact_tick,89191.62314357722,56792.722277073495,12.0,-1.0393270089106472
617,3136020.0,3137460.0,-1.0,0.036000000000000004,85779.0,85963.90000000001,1.5440220000000002,1.5473502000000003,-0.4324090547434024,-6.656400000000315,-9.315363145256914,2342.8212662712162,4.0,2352.136629416473,1.312867612102148,1766084400.0,2025-12-17T19:00:00Z,2025-12-17T19:00:00Z,2025-12-18T19:00:00Z,2025-12-18T19:00:00Z,timeout,simulated_bar_open_or_final_close,89552.88041795282,40492.43498456618,12.0,-0.06856605369298234
618,3137520.0,3138190.0,-1.0,0.036000000000000004,84430.1,88209.8,1.5197418000000003,1.5877764000000003,-0.1689610140593328,-136.0691999999999,-139.00775718594056,2203.8135090852757,1.0,2342.8212662712162,1.297360427685368,1766128260.0,2025-12-18T20:00:00Z,2025-12-18T20:00:00Z,2025-12-19T07:10:00Z,2025-12-19T07:11:00Z,stop,within_minute_not_exact_tick,88192.14365413408,39285.57615039118,12.0,-1.0263906917335155
619,3141540.0,3142095.0,-1.0,0.08,88001.3,89543.90000000001,3.520052,3.5817560000000004,-0.59122649408,-123.40800000000047,-129.91858150592049,2073.894927579355,1.0,2203.8135090852757,3.1945098670903858,1766362560.0,2025-12-21T15:00:00Z,2025-12-21T15:00:00Z,2025-12-22T00:15:00Z,2025-12-22T00:16:00Z,stop,within_minute_not_exact_tick,89525.92691467512,69705.77702389854,12.0,-1.0651669947529792
620,3142680.0,3143277.0,1.0,0.062,89803.3,87921.90000000001,2.7839023000000003,2.7255789000000004,0.37000811297999997,-116.64679999999964,-122.52628931297964,1951.3686382663755,1.0,2073.894927579355,2.6847091074660794,1766433480.0,2025-12-22T10:00:00Z,2025-12-22T10:00:00Z,2025-12-22T19:57:00Z,2025-12-22T19:58:00Z,stop,within_minute_not_exact_tick,87939.52368275377,112168.61580695481,12.0,-1.0603367230837621
621,3143460.0,3144900.0,-1.0,0.047,88598.20000000001,87395.8,2.0820577000000005,2.0538013,-0.39856215570483683,56.51280000000041,52.77550315570525,2004.1441414220808,4.0,1951.3686382663755,2.1339460511671757,1766530800.0,2025-12-22T23:00:00Z,2025-12-22T23:00:00Z,2025-12-23T23:00:00Z,2025-12-23T23:00:00Z,timeout,simulated_bar_open_or_final_close,90926.77306088418,60655.32326938992,12.0,0.4822193749161142
622,3145140.0,3146580.0,-1.0,0.049,87082.6,87865.5,2.1335237,2.15270475,-0.8682081465492337,-38.362099999999714,-41.780120303450474,1962.3640211186303,4.0,2004.1441414220808,2.1291120293235153,1766631600.0,2025-12-24T03:00:00Z,2025-12-24T03:00:00Z,2025-12-25T03:00:00Z,2025-12-25T03:00:00Z,timeout,simulated_bar_open_or_final_close,89399.61143028835,59278.462836539795,12.0,-0.3679979758627413
623,3147780.0,3147980.0,-1.0,0.077,87590.3,89014.1,3.3722265499999997,3.4270428500000003,-0.2939082106233833,-109.63260000000022,-116.13796118937684,1846.2260599292533,1.0,1962.3640211186303,3.4369021381442657,1766715660.0,2025-12-25T23:00:00Z,2025-12-25T23:00:00Z,2025-12-26T02:20:00Z,2025-12-26T02:21:00Z,stop,within_minute_not_exact_tick,88996.26250831013,70718.7499002785,12.0,-1.0727776888336147
624,3148680.0,3148740.0,1.0,0.057,88977.0,87326.90000000001,2.5358445,2.4888166500000004,0.0,-94.0556999999995,-99.0803611499995,1747.145698779254,3.0,1846.2260599292533,2.7470574216650077,1766761200.0,2025-12-26T14:00:00Z,2025-12-26T14:00:00Z,2025-12-26T15:00:00Z,2025-12-26T15:00:00Z,opposite,simulated_bar_open_or_final_close,87161.4117618319,110764.05885801718,12.0,-0.9574042800331541
625,3148800.0,3150240.0,-1.0,0.045,87082.5,87533.90000000001,1.95935625,1.96951275,-0.411227725443973,-20.313000000000393,-23.83064127455642,1723.3150575046975,4.0,1747.145698779254,2.242922558054568,1766851200.0,2025-12-26T16:00:00Z,2025-12-26T16:00:00Z,2025-12-27T16:00:00Z,2025-12-27T16:00:00Z,timeout,simulated_bar_open_or_final_close,89250.68622103333,61064.26534759991,12.0,-0.24424553618317202
626,3151860.0,3152210.0,-1.0,0.098,87552.40000000001,88369.40000000001,4.2900676,4.330100600000001,-0.8616209000000001,-80.066,-87.82454729999999,1635.4905102046976,1.0,1723.3150575046975,4.978854657269547,1766969460.0,2025-12-28T19:00:00Z,2025-12-28T19:00:00Z,2025-12-29T00:50:00Z,2025-12-29T00:51:00Z,stop,within_minute_not_exact_tick,88351.66775461962,77961.18694456478,12.0,-1.1212373385768761
627,3152400.0,3152734.0,1.0,0.061,90109.6,88622.90000000001,2.7483428,2.70299845,0.5464563,-90.68869999999983,-96.68649754999983,1538.8040126546975,1.0,1635.4905102046976,3.360878932469034,1767000900.0,2025-12-29T04:00:00Z,2025-12-29T04:00:00Z,2025-12-29T09:34:00Z,2025-12-29T09:35:00Z,stop,within_minute_not_exact_tick,88640.64373290328,107737.07520516067,12.0,-1.079014117372381
628,3153000.0,3154440.0,-1.0,0.045,87336.8,88087.6,1.965078,1.9819710000000001,-0.7643234025153698,-33.78600000000013,-36.968725597484756,1501.8352870572126,4.0,1538.8040126546975,2.5540328512789716,1767103200.0,2025-12-29T14:00:00Z,2025-12-29T14:00:00Z,2025-12-30T14:00:00Z,2025-12-30T14:00:00Z,timeout,simulated_bar_open_or_final_close,89247.25128845936,64411.384538487786,12.0,-0.4300173683895217
629,3154860.0,3155160.0,-1.0,0.043000000000000003,87882.6,88622.5,1.8894759000000003,1.9053837500000002,-0.11114054623800002,-31.81569999999975,-35.49941910376175,1466.3358679534508,3.0,1501.8352870572126,2.516222539560053,1767146400.0,2025-12-30T21:00:00Z,2025-12-30T21:00:00Z,2025-12-31T02:00:00Z,2025-12-31T02:00:00Z,opposite,simulated_bar_open_or_final_close,89832.52407578766,64483.511090548214,12.0,-0.423384631424952
630,3155760.0,3156042.0,1.0,0.056,88985.40000000001,87531.3,2.4915912000000002,2.4508764000000003,0.1846089,-81.42960000000033,-86.55667650000034,1379.7791914534505,1.0,1466.3358679534508,3.3983908522642734,1767199380.0,2025-12-31T12:00:00Z,2025-12-31T12:00:00Z,2025-12-31T16:42:00Z,2025-12-31T16:43:00Z,stop,within_minute_not_exact_tick,87548.86725165237,106223.79298017174,12.0,-1.0759622008463632
631,3156180.0,3157620.0,-1.0,0.046,87638.3,88182.90000000001,2.0156809,2.0282067,-0.875226591941338,-25.051600000000267,-28.22026100805893,1351.5589304453915,4.0,1379.7791914534505,2.921744163827684,1767294000.0,2025-12-31T19:00:00Z,2025-12-31T19:00:00Z,2026-01-01T19:00:00Z,2026-01-01T19:00:00Z,timeout,simulated_bar_open_or_final_close,89302.82089702797,67664.04923566442,12.0,-0.3685648741648065
632,3157920.0,3159360.0,1.0,0.066,88817.8,89933.5,2.9309874000000007,2.9678055,1.0445575056857235,73.63619999999982,66.6928495943141,1418.2517800397056,4.0,1351.5589304453915,4.3371951218347915,1767398400.0,2026-01-02T00:00:00Z,2026-01-02T00:00:00Z,2026-01-03T00:00:00Z,2026-01-03T00:00:00Z,timeout,simulated_bar_open_or_final_close,87723.26856643069,101952.17720283175,12.0,0.9232240300588687
633,3159660.0,3161100.0,1.0,0.042,90139.90000000001,91336.6,1.8929379000000004,1.9180686000000002,0.6627518965763493,50.26139999999988,45.78764160342354,1464.0394216431291,4.0,1418.2517800397056,2.6693961208312467,1767502800.0,2026-01-03T05:00:00Z,2026-01-03T05:00:00Z,2026-01-04T05:00:00Z,2026-01-04T05:00:00Z,timeout,simulated_bar_open_or_final_close,88279.29375384591,112467.17495384913,12.0,0.5859283473825165
634,3161220.0,3162660.0,1.0,0.055,91205.40000000001,92435.90000000001,2.5081485000000003,2.54198725,0.9628236983853564,67.6775,61.664540551614635,1525.7039621947438,4.0,1464.0394216431291,3.4263401147833035,1767596400.0,2026-01-04T07:00:00Z,2026-01-04T07:00:00Z,2026-01-05T07:00:00Z,2026-01-05T07:00:00Z,timeout,simulated_bar_open_or_final_close,89736.84633286209,108828.04400565506,12.0,0.7634541996411187
635,3162720.0,3164160.0,1.0,0.053,92510.6,93188.70000000001,2.4515309000000003,2.4695005500000002,0.7114804648044118,35.93930000000031,30.306788085195894,1556.0107502799394,4.0,1525.7039621947438,3.2136390292562957,1767686400.0,2026-01-05T08:00:00Z,2026-01-05T08:00:00Z,2026-01-06T08:00:00Z,2026-01-06T08:00:00Z,timeout,simulated_bar_open_or_final_close,90932.39988748806,111449.00135014323,12.0,0.3623280633129408
636,3164580.0,3164740.0,1.0,0.049,93815.0,92030.20000000001,2.2984675,2.2547399000000006,0.12343083643800001,-87.45519999999944,-92.13183823643745,1463.878912043502,1.0,1556.0107502799394,2.954307995091276,1767721260.0,2026-01-06T15:00:00Z,2026-01-06T15:00:00Z,2026-01-06T17:40:00Z,2026-01-06T17:41:00Z,stop,within_minute_not_exact_tick,92048.63613877157,115011.36633474121,12.0,-1.0644701456665662
637,3167580.0,3169020.0,1.0,0.034,90906.20000000001,91571.5,1.5454054000000004,1.5567155000000001,0.143516022592,22.620199999999606,19.374563077407608,1483.2534751209096,4.0,1463.878912043502,2.1113841961732907,1767978000.0,2026-01-08T17:00:00Z,2026-01-08T17:00:00Z,2026-01-09T17:00:00Z,2026-01-09T17:00:00Z,timeout,simulated_bar_open_or_final_close,88463.67400832949,120216.51190004629,12.0,0.23329949914770667
638,3169080.0,3170520.0,1.0,0.034,91391.20000000001,90494.1,1.5536504000000002,1.5383997000000003,0.6018825622664381,-30.5014000000002,-34.19533266226664,1449.058142458643,4.0,1483.2534751209096,2.094922312416429,1768068000.0,2026-01-09T18:00:00Z,2026-01-09T18:00:00Z,2026-01-10T18:00:00Z,2026-01-10T18:00:00Z,timeout,simulated_bar_open_or_final_close,88921.83118777248,121023.62574673048,12.0,-0.40728832134018467
639,3171420.0,3172836.0,1.0,0.079,90774.1,90869.5,3.58557695,3.58934525,0.45939663598900005,7.53659999999954,-0.0977188359894603,1448.9604236226537,1.0,1449.058142458643,4.948837931259662,1768207020.0,2026-01-11T09:00:00Z,2026-01-11T09:00:00Z,2026-01-12T08:36:00Z,2026-01-12T08:37:00Z,stop,within_minute_not_exact_tick,89973.94542373015,100375.95491523825,12.0,-0.001545885417255508
640,3173340.0,3174780.0,1.0,0.04,92097.40000000001,93322.90000000001,1.8419480000000004,1.8664580000000004,0.5723893727671109,49.02,44.73920462723289,1493.6996282498865,4.0,1448.9604236226537,2.5424407319487847,1768323600.0,2026-01-12T17:00:00Z,2026-01-12T17:00:00Z,2026-01-13T17:00:00Z,2026-01-13T17:00:00Z,timeout,simulated_bar_open_or_final_close,90067.44644451245,116456.84266585075,12.0,0.5509880325376121
641,3174840.0,3176280.0,1.0,0.037,93209.20000000001,96875.70000000001,1.7243702,1.7922004500000002,0.23830229386660745,135.66049999999998,131.90562705613337,1625.60525530602,4.0,1493.6996282498865,2.30885804265799,1768413600.0,2026-01-13T18:00:00Z,2026-01-13T18:00:00Z,2026-01-14T18:00:00Z,2026-01-14T18:00:00Z,timeout,simulated_bar_open_or_final_close,90920.84384114503,120669.47390625982,12.0,1.5578942699404266
642,3176340.0,3177780.0,1.0,0.032,96783.90000000001,95787.6,1.5485424000000003,1.5326016000000002,0.08993706463841117,-31.881600000000095,-35.052681064638506,1590.5525742413813,4.0,1625.60525530602,1.9051887227179116,1768503600.0,2026-01-14T19:00:00Z,2026-01-14T19:00:00Z,2026-01-15T19:00:00Z,2026-01-15T19:00:00Z,timeout,simulated_bar_open_or_final_close,93951.48415767224,130772.89010793332,12.0,-0.3867356858058382
643,3180420.0,3181860.0,1.0,0.07200000000000001,95439.0,94898.90000000001,3.4358040000000005,3.416360400000001,1.1022355406006858,-38.887199999999375,-46.84159994060006,1543.7109743007813,4.0,1590.5525742413813,4.320264611987086,1768748400.0,2026-01-17T15:00:00Z,2026-01-17T15:00:00Z,2026-01-18T15:00:00Z,2026-01-18T15:00:00Z,timeout,simulated_bar_open_or_final_close,94260.37963581414,109582.44437023038,12.0,-0.5519824675710288
644,3182100.0,3182369.0,1.0,0.08,95415.40000000001,94524.3,3.8166160000000007,3.780972,0.0,-71.28800000000047,-78.88558800000047,1464.8253863007808,1.0,1543.7109743007813,4.94472872647514,1768779000.0,2026-01-18T19:00:00Z,2026-01-18T19:00:00Z,2026-01-18T23:29:00Z,2026-01-18T23:30:00Z,stop,within_minute_not_exact_tick,94543.30431975814,105880.54816290236,12.0,-1.130689983152461
645,3183840.0,3185280.0,-1.0,0.055,92571.0,88408.40000000001,2.5457025,2.4312310000000004,-1.1000788710332683,228.94299999999953,225.0661453710328,1689.8915316718135,4.0,1464.8253863007808,3.47577605332036,1768953600.0,2026-01-20T00:00:00Z,2026-01-20T00:00:00Z,2026-01-21T00:00:00Z,2026-01-21T00:00:00Z,timeout,simulated_bar_open_or_final_close,94022.2485122146,75156.01785342474,12.0,2.8197181251708687
646,3185340.0,3186780.0,-1.0,0.038,88877.70000000001,89887.70000000001,1.6886763,1.7078663000000003,-0.5037733147325959,-38.38,-41.2727692852674,1648.618762386546,4.0,1689.8915316718135,1.9985617637001694,1769043600.0,2026-01-21T01:00:00Z,2026-01-21T01:00:00Z,2026-01-22T01:00:00Z,2026-01-22T01:00:00Z,timeout,simulated_bar_open_or_final_close,91369.38016916826,58977.53796998109,12.0,-0.435900851540509
647,3187620.0,3189060.0,-1.0,0.041,89037.20000000001,88993.8,1.8252626000000003,1.8243729000000002,-0.6548418072220787,1.779400000000358,-1.2153936927775637,1647.4033686937682,4.0,1648.618762386546,2.2142931302780324,1769180400.0,2026-01-22T15:00:00Z,2026-01-22T15:00:00Z,2026-01-23T15:00:00Z,2026-01-23T15:00:00Z,timeout,simulated_bar_open_or_final_close,91318.58882838518,61660.534059377926,12.0,-0.01299372918614379
648,3190500.0,3191940.0,-1.0,0.052000000000000005,89389.8,88683.90000000001,2.3241348000000004,2.3057814000000003,-0.614030649227464,36.7067999999997,32.690914449227165,1680.0942831429957,4.0,1647.4033686937682,2.8215734460259294,1769353200.0,2026-01-24T15:00:00Z,2026-01-24T15:00:00Z,2026-01-25T15:00:00Z,2026-01-25T15:00:00Z,timeout,simulated_bar_open_or_final_close,90689.13905803568,73797.73130357183,12.0,0.48383940113854623
649,3192000.0,3192983.0,-1.0,0.079,88388.3,88318.6,3.4913378500000003,3.4885847000000005,-0.47618662994000005,5.50629999999977,-0.9974359200602304,1679.0968472229354,1.0,1680.0942831429957,4.156121337986657,1769415840.0,2026-01-25T16:00:00Z,2026-01-25T16:00:00Z,2026-01-26T08:23:00Z,2026-01-26T08:24:00Z,stop,within_minute_not_exact_tick,89527.89207956809,74713.19504518287,12.0,-0.011079202256993652
650,3193560.0,3195000.0,-1.0,0.041,87639.8,87527.90000000001,1.7966159000000004,1.7943219500000003,-0.6434252094320647,4.587899999999761,1.6403873594318255,1680.7372345823671,4.0,1679.0968472229354,2.1399788856389432,1769536800.0,2026-01-26T18:00:00Z,2026-01-26T18:00:00Z,2026-01-27T18:00:00Z,2026-01-27T18:00:00Z,timeout,simulated_bar_open_or_final_close,89968.61145838867,59694.06249933596,12.0,0.017180200503952817
651,3196620.0,3198060.0,-1.0,0.037,89082.1,84203.3,1.64801885,1.55776105,-0.5558436448834043,180.5156000000001,177.86566374488348,1858.6028983272506,4.0,1680.7372345823671,1.9610666273000168,1769720400.0,2026-01-28T21:00:00Z,2026-01-28T21:00:00Z,2026-01-29T21:00:00Z,2026-01-29T21:00:00Z,timeout,simulated_bar_open_or_final_close,91636.07648058358,58434.3822329972,12.0,1.8822335044035559
652,3198120.0,3199560.0,-1.0,0.036000000000000004,84474.20000000001,84257.20000000001,1.5205356000000003,1.5166296000000006,-0.19673385107117425,7.812000000000001,4.971568651071174,1863.5744669783219,4.0,1858.6028983272506,1.6362135250821872,1769810400.0,2026-01-29T22:00:00Z,2026-01-29T22:00:00Z,2026-01-30T22:00:00Z,2026-01-30T22:00:00Z,timeout,simulated_bar_open_or_final_close,87438.05367956724,48907.955845193326,12.0,0.046594449027114744
653,3200220.0,3201660.0,-1.0,0.041,83014.40000000001,78587.2,1.7017952000000003,1.6110376000000002,-0.22386740099792155,181.51520000000048,178.4262346009984,2042.0007015793203,4.0,1863.5744669783219,1.8263774591839763,1769936400.0,2026-01-31T09:00:00Z,2026-01-31T09:00:00Z,2026-02-01T09:00:00Z,2026-02-01T09:00:00Z,timeout,simulated_bar_open_or_final_close,85614.48224472546,51813.413063294734,12.0,1.6737391247297635
654,3201780.0,3203220.0,-1.0,0.035,78224.3,77478.8,1.3689252500000002,1.355879,0.03301469965499999,26.0925,23.334681050345,2065.335382629665,4.0,2042.0007015793203,1.340768638268585,1770030000.0,2026-02-01T11:00:00Z,2026-02-01T11:00:00Z,2026-02-02T11:00:00Z,2026-02-02T11:00:00Z,timeout,simulated_bar_open_or_final_close,81599.76616345123,37718.7060385852,12.0,0.1975149921767634
655,3204900.0,3206340.0,-1.0,0.04,77149.0,74343.90000000001,1.54298,1.4868780000000001,-0.09770898075247816,112.20399999999965,109.27185098075212,2174.607233610417,4.0,2065.335382629665,1.4941689499701671,1770217200.0,2026-02-03T15:00:00Z,2026-02-03T15:00:00Z,2026-02-04T15:00:00Z,2026-02-04T15:00:00Z,timeout,simulated_bar_open_or_final_close,80128.42967814616,41395.843862246045,12.0,0.9168856357162151
656,3206400.0,3207840.0,-1.0,0.035,74092.1,67465.5,1.2966117500000003,1.1806462500000001,-0.12520747205905997,231.93100000000024,229.5789494720593,2404.1861830824764,4.0,2174.607233610417,1.1925020113607232,1770307200.0,2026-02-04T16:00:00Z,2026-02-04T16:00:00Z,2026-02-05T16:00:00Z,2026-02-05T16:00:00Z,timeout,simulated_bar_open_or_final_close,77682.4022860419,31008.472567497134,12.0,1.8269766815584478
657,3207900.0,3209298.0,-1.0,0.029,68249.0,69449.0,0.9896105000000001,1.0070105,0.554345387850895,-34.800000000000004,-37.350966387850896,2366.835216694625,1.0,2404.1861830824764,0.8232394869944655,1770394740.0,2026-02-05T17:00:00Z,2026-02-05T17:00:00Z,2026-02-06T16:18:00Z,2026-02-06T16:19:00Z,stop,within_minute_not_exact_tick,73066.51008410323,10438.878990761368,12.0,-0.26735063045363816
658,3210240.0,3211680.0,-1.0,0.026000000000000002,68036.8,69679.1,0.8844784000000001,0.9058283000000001,0.3250864918978712,-42.69980000000008,-44.815193191897954,2322.020023502727,4.0,2366.835216694625,0.7473933071143056,1770537600.0,2026-02-07T08:00:00Z,2026-02-07T08:00:00Z,2026-02-08T08:00:00Z,2026-02-08T08:00:00Z,timeout,simulated_bar_open_or_final_close,73240.7678731191,5589.185522570937,12.0,-0.33122058372323365
659,3212640.0,3214080.0,-1.0,0.042,70274.1,70124.7,1.4757561000000003,1.4726187,0.42041026925351355,6.274800000000367,2.9060149307468532,2324.9260384334734,4.0,2322.020023502727,1.2710967907794763,1770681600.0,2026-02-09T00:00:00Z,2026-02-09T00:00:00Z,2026-02-10T00:00:00Z,2026-02-10T00:00:00Z,timeout,simulated_bar_open_or_final_close,73444.60980981453,32227.982282225646,12.0,0.021823251096799615
660,3214320.0,3215760.0,-1.0,0.043000000000000003,69459.3,68157.3,1.4933749500000002,1.4653819500000003,0.364140257139,55.986000000000004,52.663102842861,2377.5891412763344,4.0,2324.9260384334734,1.2846644799128584,1770782400.0,2026-02-10T04:00:00Z,2026-02-10T04:00:00Z,2026-02-11T04:00:00Z,2026-02-11T04:00:00Z,timeout,simulated_bar_open_or_final_close,72599.8419885492,31772.796137409583,12.0,0.38997196228946795
661,3215820.0,3217260.0,-1.0,0.049,67535.2,67003.2,1.6546124,1.6415784000000002,0.359802990232,26.068,22.412006209768,2400.0011474861026,4.0,2377.5891412763344,1.391840475105613,1770872400.0,2026-02-11T05:00:00Z,2026-02-11T05:00:00Z,2026-02-12T05:00:00Z,2026-02-12T05:00:00Z,timeout,simulated_bar_open_or_final_close,70339.10397340117,33888.35231918591,12.0,0.16312537311225472
662,3217980.0,3219328.0,-1.0,0.046,65812.5,68844.5,1.5136875,1.5834234999999999,-0.19957160655701384,-139.472,-142.369539393443,2257.6316080926595,1.0,2400.0011474861026,1.2614056468977293,1770996540.0,2026-02-12T17:00:00Z,2026-02-12T17:00:00Z,2026-02-13T15:28:00Z,2026-02-13T15:29:00Z,stop,within_minute_not_exact_tick,68830.72347940595,29593.818247128584,12.0,-1.0254343351086568
663,3222060.0,3223500.0,-1.0,0.065,69271.1,69753.3,2.25131075,2.26698225,0.1335610121495316,-31.34299999999981,-35.99485401214935,2221.63675408051,4.0,2257.6316080926595,1.9944004521641159,1771246800.0,2026-02-15T13:00:00Z,2026-02-15T13:00:00Z,2026-02-16T13:00:00Z,2026-02-16T13:00:00Z,timeout,simulated_bar_open_or_final_close,71253.85163376309,45478.08039484298,12.0,-0.2792921591249921
664,3223680.0,3225120.0,-1.0,0.051000000000000004,67491.90000000001,67377.1,1.7210434500000005,1.7181160500000003,-0.3326120792879804,5.854800000000149,2.7482525792881285,2224.3850066597984,4.0,2221.63675408051,1.5493472970672968,1771344000.0,2026-02-16T16:00:00Z,2026-02-16T16:00:00Z,2026-02-17T16:00:00Z,2026-02-17T16:00:00Z,timeout,simulated_bar_open_or_final_close,69964.97856243554,37814.957250773514,12.0,0.02178956475332042
665,3225180.0,3226620.0,-1.0,0.053,67479.6,67118.3,1.7882094000000002,1.77863495,-0.23915191888860501,19.148900000000154,15.82120756888876,2240.206214228687,4.0,2224.3850066597984,1.6078236408230675,1771434000.0,2026-02-17T17:00:00Z,2026-02-17T17:00:00Z,2026-02-18T17:00:00Z,2026-02-18T17:00:00Z,timeout,simulated_bar_open_or_final_close,69863.22887822137,38876.05346134362,12.0,0.12523482706718114
666,3226680.0,3228120.0,-1.0,0.058,67143.1,66349.3,1.9471499000000003,1.9241297000000002,0.16747631494255855,46.04040000000017,42.001644085057606,2282.2078583137436,4.0,2240.206214228687,1.7383666625265684,1771524000.0,2026-02-18T18:00:00Z,2026-02-18T18:00:00Z,2026-02-19T18:00:00Z,2026-02-19T18:00:00Z,timeout,simulated_bar_open_or_final_close,69341.48167535418,40762.51989574982,12.0,0.3294088035062923
667,3229320.0,3230760.0,-1.0,0.067,66771.40000000001,68237.0,2.2368419000000004,2.2859395,-0.2855314778791974,-98.19519999999942,-102.43244992212021,2179.775408391624,4.0,2282.2078583137436,1.9602437979972054,1771682400.0,2026-02-20T14:00:00Z,2026-02-20T14:00:00Z,2026-02-21T14:00:00Z,2026-02-21T14:00:00Z,timeout,simulated_bar_open_or_final_close,68699.58290512834,43633.20513846009,12.0,-0.7928929004011158
668,3231300.0,3232740.0,-1.0,0.085,67923.1,67644.8,2.8867317500000005,2.8749040000000003,-0.33053208702411396,23.65550000000025,18.224396337024363,2197.9998047286485,4.0,2179.775408391624,2.6486506260110656,1771801200.0,2026-02-21T23:00:00Z,2026-02-21T23:00:00Z,2026-02-22T23:00:00Z,2026-02-22T23:00:00Z,timeout,simulated_bar_open_or_final_close,69350.76537880277,50791.11545436688,12.0,0.1501785123964564
669,3232860.0,3234300.0,-1.0,0.097,66692.40000000001,64923.200000000004,3.2345814000000006,3.1487752000000007,0.09466728755925613,171.61240000000043,165.1343761124412,2363.1341808410893,4.0,2197.9998047286485,2.9432044470989585,1771894800.0,2026-02-23T01:00:00Z,2026-02-23T01:00:00Z,2026-02-24T01:00:00Z,2026-02-24T01:00:00Z,timeout,simulated_bar_open_or_final_close,67951.16209417436,51587.25486990783,12.0,1.3524527442165502
670,3234360.0,3235800.0,-1.0,0.058,64118.100000000006,65873.6,1.8594249000000003,1.9103344000000002,-0.03774769178359027,-101.819,-105.5510116082164,2257.583169232873,4.0,2363.1341808410893,1.5736938808427643,1771984800.0,2026-02-24T02:00:00Z,2026-02-24T02:00:00Z,2026-02-25T02:00:00Z,2026-02-25T02:00:00Z,timeout,simulated_bar_open_or_final_close,66469.11337161831,35905.939540580424,12.0,-0.7740683441860627
671,3238020.0,3239460.0,-1.0,0.051000000000000004,67646.2,65868.6,1.7249781000000002,1.6796493000000003,0.17670453239355685,90.65759999999956,87.07626806760601,2344.6594373004787,4.0,2257.583169232873,1.5281635011357282,1772204400.0,2026-02-26T15:00:00Z,2026-02-26T15:00:00Z,2026-02-27T15:00:00Z,2026-02-27T15:00:00Z,timeout,simulated_bar_open_or_final_close,70167.22034808752,37393.955822949836,12.0,0.6772566538554204
672,3239520.0,3240960.0,-1.0,0.057,66059.2,64813.100000000006,1.8826872000000001,1.8471733500000003,0.16758250540489805,71.0276999999995,67.13025694459459,2411.789694245073,4.0,2344.6594373004787,1.6059365979117464,1772294400.0,2026-02-27T16:00:00Z,2026-02-27T16:00:00Z,2026-02-28T16:00:00Z,2026-02-28T16:00:00Z,timeout,simulated_bar_open_or_final_close,68392.2320392639,38062.815528833235,12.0,0.5048039573503272
673,3242040.0,3243480.0,-1.0,0.049,66366.8,66145.6,1.6259866000000003,1.6205672000000002,-0.023625556731000016,10.838799999999857,7.615871756730856,2419.405566001804,4.0,2411.789694245073,1.3483651612575274,1772445600.0,2026-03-01T10:00:00Z,2026-03-01T10:00:00Z,2026-03-02T10:00:00Z,2026-03-02T10:00:00Z,timeout,simulated_bar_open_or_final_close,69221.93167832072,32105.21986015141,12.0,0.05443740314997062
674,3243720.0,3243792.0,-1.0,0.051000000000000004,65399.200000000004,68151.3,1.6676796000000003,1.7378581500000003,0.0,-140.35709999999995,-143.76263774999995,2275.642928251804,1.0,2419.405566001804,1.378586230795467,1772464380.0,2026-03-02T14:00:00Z,2026-03-02T14:00:00Z,2026-03-02T15:12:00Z,2026-03-02T15:13:00Z,stop,within_minute_not_exact_tick,68137.59341755451,32538.478989346004,12.0,-1.0293901642947172
675,3244020.0,3245100.0,1.0,0.038,68867.6,67346.6,1.3084844,1.2795854000000002,0.032344688873999994,-57.798,-60.418414488874,2215.2245137629297,3.0,2275.642928251804,1.149990961899462,1772542800.0,2026-03-02T19:00:00Z,2026-03-02T19:00:00Z,2026-03-03T13:00:00Z,2026-03-03T13:00:00Z,opposite,simulated_bar_open_or_final_close,65380.83064798054,110708.8322242336,12.0,-0.4559975483041711
676,3245160.0,3245400.0,-1.0,0.043000000000000003,66880.3,68294.2,1.4379264500000002,1.4683253,-0.043128645341297095,-60.79769999999976,-63.66082310465846,2151.5636906582713,3.0,2215.2245137629297,1.2982218651575332,1772560800.0,2026-03-03T14:00:00Z,2026-03-03T14:00:00Z,2026-03-03T18:00:00Z,2026-03-03T18:00:00Z,opposite,simulated_bar_open_or_final_close,69811.13897847183,31710.232258338074,12.0,-0.5051400875730854
677,3245460.0,3246900.0,1.0,0.036000000000000004,68603.8,73636.5,1.2348684000000003,1.325457,0.054143616204213235,181.1771999999999,178.5627309837957,2330.1264216420664,4.0,2151.5636906582713,1.1478799399353985,1772650800.0,2026-03-03T19:00:00Z,2026-03-03T19:00:00Z,2026-03-04T19:00:00Z,2026-03-04T19:00:00Z,timeout,simulated_bar_open_or_final_close,65157.171046595606,109963.34744085275,12.0,1.4391093232596717
678,3246960.0,3248400.0,1.0,0.037,73595.1,70861.3,1.3615093500000002,1.3109340500000002,0.2327875415609369,-101.1506000000001,-104.05583094156104,2226.070590700506,4.0,2330.1264216420664,1.1686141467298834,1772740800.0,2026-03-04T20:00:00Z,2026-03-04T20:00:00Z,2026-03-05T20:00:00Z,2026-03-05T20:00:00Z,timeout,simulated_bar_open_or_final_close,70014.46337989793,116562.73944122484,12.0,-0.7854245078622801
679,3250560.0,3252000.0,-1.0,0.063,67795.90000000001,67290.6,2.13557085,2.1196539000000003,0.4179443607675902,31.833900000000185,27.160730889232596,2253.231321589739,4.0,2226.070590700506,1.9186910414444431,1772956800.0,2026-03-07T08:00:00Z,2026-03-07T08:00:00Z,2026-03-08T08:00:00Z,2026-03-08T08:00:00Z,timeout,simulated_bar_open_or_final_close,69795.12393997965,43805.21272024438,12.0,0.2156450330081046
680,3252540.0,3253751.0,-1.0,0.073,66816.6,68583.8,2.4388058999999997,2.5033087000000003,0.5033734885953853,-129.0055999999998,-134.45108808859516,2118.780233501144,1.0,2253.231321589739,2.1647186213258665,1773061920.0,2026-03-08T17:00:00Z,2026-03-08T17:00:00Z,2026-03-09T13:11:00Z,2026-03-09T13:12:00Z,stop,within_minute_not_exact_tick,68570.03319182663,45775.40169808054,12.0,-1.050394013200102
681,3254160.0,3255600.0,1.0,0.044,68965.6,69991.0,1.5172432000000002,1.539802,0.02056527780957735,45.11759999999974,42.03998952219016,2160.820223023334,4.0,2118.780233501144,1.4321855339313379,1773172800.0,2026-03-09T20:00:00Z,2026-03-09T20:00:00Z,2026-03-10T20:00:00Z,2026-03-10T20:00:00Z,timeout,simulated_bar_open_or_final_close,66216.46362100293,101955.236547965,12.0,0.3475470750094487
682,3256740.0,3258180.0,1.0,0.044,70550.90000000001,69535.3,1.5521198000000003,1.5297766,-0.5862567400347043,-44.686400000000255,-47.18203965996555,2113.638183363368,4.0,2160.820223023334,1.4366024377801643,1773327600.0,2026-03-11T15:00:00Z,2026-03-11T15:00:00Z,2026-03-12T15:00:00Z,2026-03-12T15:00:00Z,timeout,simulated_bar_open_or_final_close,67744.45169227959,104228.27969264513,12.0,-0.38209115779226305
683,3258240.0,3259680.0,1.0,0.048,70296.90000000001,71785.7,1.6871256000000003,1.7228568,0.030129233886679343,71.46239999999945,68.02228836611276,2181.660471729481,4.0,2113.638183363368,1.596418548150307,1773417600.0,2026-03-12T16:00:00Z,2026-03-12T16:00:00Z,2026-03-13T16:00:00Z,2026-03-13T16:00:00Z,timeout,simulated_bar_open_or_final_close,67754.29838588208,100808.11936941513,12.0,0.55735471878829
684,3261600.0,3263040.0,1.0,0.08700000000000001,71188.7,72764.2,3.09670845,3.1652427000000003,-0.07707444804936309,137.0685,130.88362329804937,2312.5440950275306,4.0,2181.660471729481,2.838854615672738,1773619200.0,2026-03-15T00:00:00Z,2026-03-15T00:00:00Z,2026-03-16T00:00:00Z,2026-03-16T00:00:00Z,timeout,simulated_bar_open_or_final_close,69794.53096525487,87918.72841694154,12.0,1.07907249817164
685,3263100.0,3264540.0,1.0,0.07100000000000001,72511.90000000001,75268.7,2.5741724500000007,2.6720388500000003,0.4897736071689437,195.7327999999992,189.99681509283025,2502.5409101203613,4.0,2312.5440950275306,2.226268857346355,1773709200.0,2026-03-16T01:00:00Z,2026-03-16T01:00:00Z,2026-03-17T01:00:00Z,2026-03-17T01:00:00Z,timeout,simulated_bar_open_or_final_close,70677.03915268443,94530.23016778695,12.0,1.4584274791713718
686,3264600.0,3266040.0,1.0,0.054,75599.8,74020.3,2.0411946,1.9985481,-0.41270186126934455,-85.29299999999999,-88.92004083873064,2413.620869281631,4.0,2502.5409101203613,1.6312976876784224,1773799200.0,2026-03-17T02:00:00Z,2026-03-17T02:00:00Z,2026-03-18T02:00:00Z,2026-03-18T02:00:00Z,timeout,simulated_bar_open_or_final_close,72943.47934092676,107475.64790887898,12.0,-0.619905363200373
687,3267900.0,3269340.0,-1.0,0.063,69943.40000000001,71014.7,2.2032171000000003,2.23696305,-0.11377788155075474,-67.49189999999926,-71.8183022684485,2341.8025670131824,4.0,2413.620869281631,1.825653007927253,1773997200.0,2026-03-19T09:00:00Z,2026-03-19T09:00:00Z,2026-03-20T09:00:00Z,2026-03-20T09:00:00Z,timeout,simulated_bar_open_or_final_close,72136.9857011651,43620.37158601882,12.0,-0.5196847569140566
688,3269580.0,3271020.0,-1.0,0.061,70290.6,70694.2,2.1438633,2.1561731,0.10550322403524304,-24.619599999999465,-29.025139624034708,2312.777427389148,4.0,2341.8025670131824,1.8309513621674425,1774098000.0,2026-03-20T13:00:00Z,2026-03-20T13:00:00Z,2026-03-21T13:00:00Z,2026-03-21T13:00:00Z,timeout,simulated_bar_open_or_final_close,72460.79089273997,44248.30928712041,12.0,-0.21925350559784262
689,3271680.0,3273120.0,-1.0,0.083,68867.7,67844.3,2.8580095500000002,2.8155384500000005,0.760579210875676,84.94219999999952,78.50807278912383,2391.285500178272,4.0,2312.777427389148,2.471495541381476,1774224000.0,2026-03-22T00:00:00Z,2026-03-22T00:00:00Z,2026-03-23T00:00:00Z,2026-03-23T00:00:00Z,timeout,simulated_bar_open_or_final_close,70426.99995712072,50156.10051455139,12.0,0.606605798153342
690,3273180.0,3273785.0,-1.0,0.07100000000000001,67628.90000000001,69545.0,2.40082595,2.4688475000000003,0.138816757884,-136.04309999999938,-141.0515902078834,2250.2339099703886,1.0,2391.285500178272,2.0079793481966224,1774263960.0,2026-03-23T01:00:00Z,2026-03-23T01:00:00Z,2026-03-23T11:05:00Z,2026-03-23T11:06:00Z,stop,within_minute_not_exact_tick,69530.99606275585,44803.747246929925,12.0,-1.0444488869429958
691,3274620.0,3275580.0,1.0,0.048,70664.3,69434.5,1.6959432,1.6664280000000002,0.228160115712,-59.03040000000014,-62.62093131571215,2187.6129786546767,3.0,2250.2339099703886,1.507348362750713,1774371600.0,2026-03-24T01:00:00Z,2026-03-24T01:00:00Z,2026-03-24T17:00:00Z,2026-03-24T17:00:00Z,opposite,simulated_bar_open_or_final_close,67983.64625563075,102832.14493243094,12.0,-0.4866733491725076
692,3275640.0,3276360.0,-1.0,0.052000000000000005,69191.1,71094.40000000001,1.7989686000000005,1.8484544000000003,-0.08471549231362417,-98.97160000000017,-102.53430750768653,2085.07867114699,3.0,2187.6129786546767,1.644686347679577,1774418400.0,2026-03-24T18:00:00Z,2026-03-24T18:00:00Z,2026-03-25T06:00:00Z,2026-03-25T06:00:00Z,opposite,simulated_bar_open_or_final_close,71601.22903773031,40269.551547236384,12.0,-0.8181361143111121
693,3276540.0,3277980.0,1.0,0.056,71223.5,69972.0,1.994258,1.959216,0.33902599902313163,-70.084,-74.37649999902314,2010.7021711479665,4.0,2085.07867114699,1.9128851372336662,1774515600.0,2026-03-25T09:00:00Z,2026-03-25T09:00:00Z,2026-03-26T09:00:00Z,2026-03-26T09:00:00Z,timeout,simulated_bar_open_or_final_close,69117.56334916665,96494.73981000014,12.0,-0.6306703409959059
694,3278040.0,3279480.0,-1.0,0.058,69523.6,67665.6,2.0161844,1.9623024000000002,0.21774549613698113,107.76400000000001,103.56776770386303,2114.26993885183,4.0,2010.7021711479665,2.005453049119556,1774605600.0,2026-03-26T10:00:00Z,2026-03-26T10:00:00Z,2026-03-27T10:00:00Z,2026-03-27T10:00:00Z,timeout,simulated_bar_open_or_final_close,71479.08513455474,46057.77838534325,12.0,0.9131499573964194
695,3279540.0,3280980.0,-1.0,0.054,66443.1,66198.2,1.7939637000000004,1.7873514000000001,0.771466693156498,13.224600000000471,8.871818206843972,2123.1417570586746,4.0,2114.26993885183,1.6970053511466239,1774695600.0,2026-03-27T11:00:00Z,2026-03-27T11:00:00Z,2026-03-28T11:00:00Z,2026-03-28T11:00:00Z,timeout,simulated_bar_open_or_final_close,68664.60775984325,39785.0068818811,12.0,0.07395559571124928
696,3281760.0,3283200.0,-1.0,0.088,66321.5,65991.2,2.9181459999999997,2.9036128,0.04145693183662558,29.066400000000254,23.20318426816363,2146.3449413268386,4.0,2123.1417570586746,2.748894170912729,1774828800.0,2026-03-29T00:00:00Z,2026-03-29T00:00:00Z,2026-03-30T00:00:00Z,2026-03-30T00:00:00Z,timeout,simulated_bar_open_or_final_close,67664.12222381964,50210.03331416439,12.0,0.196386253574543
697,3283260.0,3284001.0,-1.0,0.067,66237.90000000001,68071.8,2.2189696500000005,2.2804053000000004,-0.0222825762429411,-122.87129999999962,-127.34839237375668,2018.996548953082,1.0,2146.3449413268386,2.0676729143343255,1774876920.0,2026-03-30T01:00:00Z,2026-03-30T01:00:00Z,2026-03-30T13:21:00Z,2026-03-30T13:22:00Z,stop,within_minute_not_exact_tick,68058.12683175299,44395.17801896416,12.0,-1.044222753493126
698,3284280.0,3285720.0,-1.0,0.059000000000000004,66791.7,67507.3,1.97035515,1.9914653500000001,0.180489886285,-42.220400000000346,-46.36271038628535,1972.6338385667968,4.0,2018.996548953082,1.9518162634024272,1774980000.0,2026-03-30T18:00:00Z,2026-03-30T18:00:00Z,2026-03-31T18:00:00Z,2026-03-31T18:00:00Z,timeout,simulated_bar_open_or_final_close,68750.16767391645,43290.0879130025,12.0,-0.4012364672037603
699,3287640.0,3289080.0,-1.0,0.05,67302.90000000001,66612.5,1.6825725000000002,1.6653125,0.24668958402342203,34.52000000000044,30.925425415977017,2003.5592639827737,4.0,1972.6338385667968,1.7059146680992368,1775181600.0,2026-04-02T02:00:00Z,2026-04-02T02:00:00Z,2026-04-03T02:00:00Z,2026-04-03T02:00:00Z,timeout,simulated_bar_open_or_final_close,69536.32245633424,40501.83052398931,12.0,0.2769330569616975
700,3289140.0,3290580.0,-1.0,0.064,66491.2,66827.40000000001,2.1277184,2.1384768000000003,-0.15042278166771378,-21.516800000000746,-25.63257241833303,1977.9266915644405,4.0,2003.5592639827737,2.1239385709713585,1775271600.0,2026-04-03T03:00:00Z,2026-04-03T03:00:00Z,2026-04-04T03:00:00Z,2026-04-04T03:00:00Z,timeout,simulated_bar_open_or_final_close,68263.78902297356,45220.13172431722,12.0,-0.22594574311680515
701,3292020.0,3293204.0,-1.0,0.122,67130.8,67940.40000000001,4.0949788,4.144364400000001,-0.4656528398979013,-98.7712000000007,-106.54489036010281,1871.3818012043378,1.0,1977.9266915644405,4.140678031662617,1775429100.0,2026-04-05T03:00:00Z,2026-04-05T03:00:00Z,2026-04-05T22:44:00Z,2026-04-05T22:45:00Z,stop,within_minute_not_exact_tick,67926.72601281162,57579.68784626054,12.0,-1.0972361241950779
702,3293460.0,3294900.0,1.0,0.07,69197.5,68626.5,2.4219125000000004,2.4019275,0.2736448543924421,-39.970000000000006,-45.06748485439245,1826.3143163499456,4.0,1871.3818012043378,2.588368122893325,1775530800.0,2026-04-06T03:00:00Z,2026-04-06T03:00:00Z,2026-04-07T03:00:00Z,2026-04-07T03:00:00Z,timeout,simulated_bar_open_or_final_close,67710.73480296292,87038.68236444499,12.0,-0.43303489581855487
703,3295920.0,3297360.0,1.0,0.054,68989.7,71268.7,1.8627219000000002,1.9242549,0.45000159262090034,123.066,118.8290216073791,1945.1433379573245,4.0,1826.3143163499456,2.039870008491001,1775678400.0,2026-04-07T20:00:00Z,2026-04-07T20:00:00Z,2026-04-08T20:00:00Z,2026-04-08T20:00:00Z,timeout,simulated_bar_open_or_final_close,67057.30826263649,92178.40084836197,12.0,1.1387636340114142
704,3298200.0,3299640.0,1.0,0.06,71503.0,71731.7,2.14509,2.151951,0.03716200355068702,13.721999999999825,9.387796996449138,1954.531134953774,4.0,1945.1433379573245,2.2055855300130713,1775815200.0,2026-04-09T10:00:00Z,2026-04-09T10:00:00Z,2026-04-10T10:00:00Z,2026-04-10T10:00:00Z,timeout,simulated_bar_open_or_final_close,69682.53681148769,93348.55826214777,12.0,0.08594696353185496
705,3299760.0,3301200.0,1.0,0.06,72107.3,72853.6,2.1632190000000002,2.185608,-0.676489374,44.778000000000176,41.105662374000175,1995.6367973277743,4.0,1954.531134953774,2.2135426356880847,1775908800.0,2026-04-10T12:00:00Z,2026-04-10T12:00:00Z,2026-04-11T12:00:00Z,2026-04-11T12:00:00Z,timeout,simulated_bar_open_or_final_close,70256.64935351611,94315.10775780662,12.0,0.37019108614672236
706,3301620.0,3302015.0,1.0,0.081,73530.7,72155.3,2.97799335,2.92228965,-0.479514044232,-111.40739999999953,-116.82816895576752,1878.8086283720068,1.0,1995.6367973277743,2.9845043486747036,1775957760.0,2026-04-11T19:00:00Z,2026-04-11T19:00:00Z,2026-04-12T01:35:00Z,2026-04-12T01:36:00Z,stop,within_minute_not_exact_tick,72169.76576036132,89861.91087566415,12.0,-1.0598036492276972
707,3304200.0,3305640.0,1.0,0.07100000000000001,71637.40000000001,75456.0,2.5431277000000003,2.678688,-0.44047147240500006,271.1205999999994,266.3392557724044,2145.1478841444114,4.0,1878.8086283720068,2.707170556485711,1776175200.0,2026-04-13T14:00:00Z,2026-04-13T14:00:00Z,2026-04-14T14:00:00Z,2026-04-14T14:00:00Z,timeout,simulated_bar_open_or_final_close,70166.60446872425,89286.94637530908,12.0,2.5504953229638803
708,3305700.0,3307140.0,1.0,0.061,74981.3,74093.90000000001,2.2869296500000003,2.2598639500000006,-0.8899517702629999,-54.131399999999644,-57.78824182973665,2087.359642314675,4.0,2145.1478841444114,2.132188337133818,1776265200.0,2026-04-14T15:00:00Z,2026-04-14T15:00:00Z,2026-04-15T15:00:00Z,2026-04-15T15:00:00Z,timeout,simulated_bar_open_or_final_close,72981.60471290964,98977.64344508442,12.0,-0.4737462916639771
709,3307440.0,3308880.0,1.0,0.058,74972.7,75294.40000000001,2.1742083,2.1835376000000006,-0.3676234596701527,18.658600000000675,14.668477559670826,2102.028119874346,4.0,2087.359642314675,2.0832138898584995,1776369600.0,2026-04-15T20:00:00Z,2026-04-15T20:00:00Z,2026-04-16T20:00:00Z,2026-04-16T20:00:00Z,timeout,simulated_bar_open_or_final_close,72933.01442847762,99448.9268582685,12.0,0.12399204516743403
710,3308940.0,3310380.0,1.0,0.051000000000000004,75204.1,77268.2,1.9177045500000005,1.9703391000000001,-0.19498097579372417,105.26909999999957,101.5760373257933,2203.6041572001395,4.0,2102.028119874346,1.8246231169492024,1776459600.0,2026-04-16T21:00:00Z,2026-04-16T21:00:00Z,2026-04-17T21:00:00Z,2026-04-17T21:00:00Z,timeout,simulated_bar_open_or_final_close,72864.83408075302,103275.29103096385,12.0,0.8514153906150314
711,3312840.0,3313244.0,1.0,0.083,75893.2,74409.1,3.1495678000000003,3.0879776500000005,-0.772410719916,-123.18029999999928,-128.64543473008328,2074.9587224700563,1.0,2203.6041572001395,2.858560408600595,1776631500.0,2026-04-19T14:00:00Z,2026-04-19T14:00:00Z,2026-04-19T20:44:00Z,2026-04-19T20:45:00Z,stop,within_minute_not_exact_tick,74423.98620414732,93523.76555023211,12.0,-1.0549485725788883
712,3313920.0,3315360.0,1.0,0.063,74810.5,76034.7,2.35653075,2.39509305,-0.7888949754106178,77.12459999999982,73.16187117541043,2148.120593645467,4.0,2074.9587224700563,2.271400124234526,1776758400.0,2026-04-20T08:00:00Z,2026-04-20T08:00:00Z,2026-04-21T08:00:00Z,2026-04-21T08:00:00Z,timeout,simulated_bar_open_or_final_close,72942.28395371311,97229.09255544274,12.0,0.6216088041717287
713,3315420.0,3316860.0,1.0,0.063,76477.7,77954.40000000001,2.40904755,2.4555636000000005,-0.1351949299675584,93.03210000000074,88.30268377996829,2236.423277425435,4.0,2148.120593645467,2.2429351099993196,1776848400.0,2026-04-21T09:00:00Z,2026-04-21T09:00:00Z,2026-04-22T09:00:00Z,2026-04-22T09:00:00Z,timeout,simulated_bar_open_or_final_close,74559.28556233064,99498.67325203228,12.0,0.7306189287087256
714,3317100.0,3318540.0,1.0,0.064,78212.3,77811.2,2.5027936,2.4899584,-0.6089419723520001,-25.670400000000374,-30.054210027648374,2206.3690673977867,4.0,2236.423277425435,2.2382110088580456,1776949200.0,2026-04-22T13:00:00Z,2026-04-22T13:00:00Z,2026-04-23T13:00:00Z,2026-04-23T13:00:00Z,timeout,simulated_bar_open_or_final_close,76255.32748797821,101695.97014426149,12.0,-0.2399609748206708
715,3318720.0,3320160.0,1.0,0.059000000000000004,78345.0,77991.6,2.3111775000000003,2.3007522000000002,-0.6819507396670001,-20.85059999999966,-24.78057896033266,2181.588488437454,4.0,2206.3690673977867,2.095005349876325,1777046400.0,2026-04-23T16:00:00Z,2026-04-23T16:00:00Z,2026-04-24T16:00:00Z,2026-04-24T16:00:00Z,timeout,simulated_bar_open_or_final_close,76212.18176361035,103938.81883667577,12.0,-0.1969271481839778
716,3322380.0,3323820.0,1.0,0.125,77742.7,78866.8,4.85891875,4.929175,0.05841197837288043,140.51250000000073,130.66599427162788,2312.2544827090815,4.0,2181.588488437454,4.4544778043637026,1777266000.0,2026-04-26T05:00:00Z,2026-04-26T05:00:00Z,2026-04-27T05:00:00Z,2026-04-27T05:00:00Z,timeout,simulated_bar_open_or_final_close,76805.63981582061,88987.42221015261,12.0,1.1155398253191742
717,3326520.0,3327489.0,1.0,0.094,76550.40000000001,75178.0,3.5978688,3.533366,0.049113079841247714,-129.0056000000008,-136.18594787984205,2176.068534829239,1.0,2312.2544827090815,3.112000713506818,1777486200.0,2026-04-29T02:00:00Z,2026-04-29T02:00:00Z,2026-04-29T18:09:00Z,2026-04-29T18:10:00Z,stop,within_minute_not_exact_tick,75193.10825967787,92837.90088386563,12.0,-1.0674099285603387
718,3328560.0,3330000.0,1.0,0.07200000000000001,76048.2,77414.1,2.7377352,2.7869076000000006,-0.46608687310620445,98.34480000000065,93.28624407310684,2269.354778902346,4.0,2176.068534829239,2.5162214849219686,1777636800.0,2026-04-30T12:00:00Z,2026-04-30T12:00:00Z,2026-05-01T12:00:00Z,2026-05-01T12:00:00Z,timeout,simulated_bar_open_or_final_close,74346.87435497383,96464.10774031411,12.0,0.7615486679936669
719,3330060.0,3331500.0,1.0,0.085,77862.8,78154.0,3.3091690000000002,3.321545,-0.6032649314686978,24.751999999999754,18.72455093146845,2288.0793298338144,4.0,2269.354778902346,2.9163963526237158,1777726800.0,2026-05-01T13:00:00Z,2026-05-01T13:00:00Z,2026-05-02T13:00:00Z,2026-05-02T13:00:00Z,timeout,simulated_bar_open_or_final_close,76378.33236633522,95676.41160397732,12.0,0.14839584878252038
720,3332040.0,3333480.0,1.0,0.116,78705.5,78778.8,4.564919,4.5691704,0.14605216393936027,8.502800000000338,-0.7773415639390219,2287.301988269875,4.0,2288.0793298338144,3.9901754633057713,1777845600.0,2026-05-02T22:00:00Z,2026-05-02T22:00:00Z,2026-05-03T22:00:00Z,2026-05-03T22:00:00Z,timeout,simulated_bar_open_or_final_close,77633.71705878872,91566.89529453528,12.0,-0.0062524044012226025
721,3333540.0,3334219.0,1.0,0.11,79157.40000000001,78301.7,4.353657,4.3065935,0.35794174262000006,-94.12700000000127,-103.14519224262128,2184.1567960272537,1.0,2287.301988269875,3.806805592201776,1777890000.0,2026-05-03T23:00:00Z,2026-05-03T23:00:00Z,2026-05-04T10:19:00Z,2026-05-04T10:20:00Z,stop,within_minute_not_exact_tick,78020.99537177056,92794.25553875336,12.0,-0.8251317730929622
722,3334560.0,3336000.0,1.0,0.051000000000000004,79992.6,81472.40000000001,2.0398113,2.0775462000000005,-0.5487295444386379,75.46980000000015,71.9011720444388,2256.0579680716924,4.0,2184.1567960272537,1.8678249690774926,1777996800.0,2026-05-04T16:00:00Z,2026-05-04T16:00:00Z,2026-05-05T16:00:00Z,2026-05-05T16:00:00Z,timeout,simulated_bar_open_or_final_close,77568.27779499705,109084.46646003547,12.0,0.5815344593729092
723,3336060.0,3337500.0,1.0,0.069,81266.90000000001,81559.0,2.803708050000001,2.8137855000000003,-1.0674522475636763,20.1548999999994,15.604858697563076,2271.662826769256,4.0,2256.0579680716924,2.485492917007268,1778086800.0,2026-05-05T17:00:00Z,2026-05-05T17:00:00Z,2026-05-06T17:00:00Z,2026-05-06T17:00:00Z,timeout,simulated_bar_open_or_final_close,79441.11946299768,103176.26644402786,12.0,0.12386887024207716
724,3338400.0,3338838.0,1.0,0.077,81496.3,79830.90000000001,3.1376075500000002,3.0734896500000004,0.0,-128.23579999999956,-134.44689719999957,2137.215929569256,1.0,2271.662826769256,2.7623884258055016,1778167140.0,2026-05-07T08:00:00Z,2026-05-07T08:00:00Z,2026-05-07T15:18:00Z,2026-05-07T15:19:00Z,stop,within_minute_not_exact_tick,79846.88107602611,101289.32708768663,12.0,-1.0585931655211436
725,3340020.0,3341460.0,1.0,0.076,80178.40000000001,80216.70000000001,3.0467792000000005,3.0482346000000002,-0.2128175522442482,2.910800000000221,-2.971396247755531,2134.2445333215,4.0,2137.215929569256,2.8511664711520863,1778324400.0,2026-05-08T11:00:00Z,2026-05-08T11:00:00Z,2026-05-09T11:00:00Z,2026-05-09T11:00:00Z,timeout,simulated_bar_open_or_final_close,78610.2402978981,98996.31642522295,12.0,-0.024931975357490744
726,3341760.0,3343200.0,1.0,0.108,80504.40000000001,81365.20000000001,4.347237600000001,4.393720800000001,1.234478266773439,92.96640000000032,82.99096333322689,2217.2354966547273,4.0,2134.2445333215,4.073795230234883,1778428800.0,2026-05-09T16:00:00Z,2026-05-09T16:00:00Z,2026-05-10T16:00:00Z,2026-05-10T16:00:00Z,timeout,simulated_bar_open_or_final_close,79437.68228802714,93305.01254367453,12.0,0.7203731943822511
727,3343260.0,3343489.0,1.0,0.129,81355.1,80426.8,5.247403950000001,5.1875286,0.0,-119.75070000000038,-130.18563255000038,2087.049864104727,1.0,2217.2354966547273,4.733285172384319,1778446200.0,2026-05-10T17:00:00Z,2026-05-10T17:00:00Z,2026-05-10T20:49:00Z,2026-05-10T20:50:00Z,stop,within_minute_not_exact_tick,80442.89648503382,92301.54217959412,12.0,-1.1063221457082666
728,3343620.0,3343896.0,1.0,0.075,82029.70000000001,80474.1,3.0761137500000006,3.01777875,0.35734972844999996,-116.67000000000043,-123.12124222845044,1963.9286218762766,1.0,2087.049864104727,2.9478104983558198,1778470620.0,2026-05-10T23:00:00Z,2026-05-10T23:00:00Z,2026-05-11T03:36:00Z,2026-05-11T03:37:00Z,stop,within_minute_not_exact_tick,80490.2177010611,100503.48758726686,12.0,-1.066343253298527
729,3344460.0,3345900.0,1.0,0.073,81029.8,80830.20000000001,2.9575877,2.9503023,0.4925440630828206,-14.570799999999362,-20.971234063082186,1942.9573878131946,4.0,1963.9286218762766,3.011909564385708,1778590800.0,2026-05-11T13:00:00Z,2026-05-11T13:00:00Z,2026-05-12T13:00:00Z,2026-05-12T13:00:00Z,timeout,simulated_bar_open_or_final_close,79529.45094004068,99033.9887195118,12.0,-0.19147356212834965
730,3346680.0,3347401.0,1.0,0.07200000000000001,80976.3,79461.0,2.9151468000000005,2.8605960000000006,0.3170258787196054,-109.10160000000022,-115.19436867871983,1827.763019134475,1.0,1942.9573878131946,3.0007315840117403,1778680920.0,2026-05-13T02:00:00Z,2026-05-13T02:00:00Z,2026-05-13T14:01:00Z,2026-05-13T14:02:00Z,stop,within_minute_not_exact_tick,79476.92061233736,98968.85265195169,12.0,-1.0670560102193585
731,3348240.0,3348480.0,-1.0,0.064,78989.5,79716.0,2.527664,2.5509120000000003,-0.149351236608,-46.496,-51.42522476339201,1776.337794371083,3.0,1827.763019134475,2.7658552816075233,1778745600.0,2026-05-14T04:00:00Z,2026-05-14T04:00:00Z,2026-05-14T08:00:00Z,2026-05-14T08:00:00Z,opposite,simulated_bar_open_or_final_close,80571.69962581429,60003.10449022849,12.0,-0.5078494039678856
732,3348540.0,3349980.0,1.0,0.064,79792.8,80590.0,2.5533696,2.5788800000000003,-0.10485615787248719,51.02079999999982,45.993406557872305,1822.3312009289552,4.0,1776.337794371083,2.874869417394823,1778835600.0,2026-05-14T09:00:00Z,2026-05-14T09:00:00Z,2026-05-15T09:00:00Z,2026-05-15T09:00:00Z,timeout,simulated_bar_open_or_final_close,78243.79686037383,98380.8376755142,12.0,0.463941588678887
733,3351300.0,3352740.0,-1.0,0.07200000000000001,78594.40000000001,78087.3,2.8293984000000005,2.8111428000000007,-0.49415617350632735,36.51120000000042,31.364814973506746,1853.6960159024618,4.0,1822.3312009289552,3.105251557518941,1779001200.0,2026-05-16T07:00:00Z,2026-05-16T07:00:00Z,2026-05-17T07:00:00Z,2026-05-17T07:00:00Z,timeout,simulated_bar_open_or_final_close,79991.75605751897,61826.12730977249,12.0,0.3117476235520474
734,3353400.0,3354840.0,-1.0,0.099,78029.1,76686.40000000001,3.8624404500000007,3.795976800000001,-0.8968503906449999,132.92729999999972,126.1657331406447,1979.8617490431066,4.0,1853.6960159024618,4.167285700422237,1779127200.0,2026-05-17T18:00:00Z,2026-05-17T18:00:00Z,2026-05-18T18:00:00Z,2026-05-18T18:00:00Z,timeout,simulated_bar_open_or_final_close,79034.96818182788,65958.68181806548,12.0,1.2669665547419326
735,3354900.0,3356340.0,-1.0,0.064,76206.3,76779.6,2.4386016,2.4569472,-0.764269315456,-36.69120000000019,-40.82247948454419,1939.0392695585622,4.0,1979.8617490431066,2.463405943549956,1779217200.0,2026-05-18T19:00:00Z,2026-05-18T19:00:00Z,2026-05-19T19:00:00Z,2026-05-19T19:00:00Z,timeout,simulated_bar_open_or_final_close,77950.85747275564,55271.61032693228,12.0,-0.36562351880472854
736,3356700.0,3358140.0,-1.0,0.073,76745.6,77944.7,2.8012144,2.8449815499999995,-0.946711764121363,-87.53429999999936,-92.23378418587801,1846.805485372684,4.0,1939.0392695585622,2.889280731934551,1779325200.0,2026-05-20T01:00:00Z,2026-05-20T01:00:00Z,2026-05-21T01:00:00Z,2026-05-21T01:00:00Z,timeout,simulated_bar_open_or_final_close,78212.53912538338,59142.3304953995,12.0,-0.8613012454533568
737,3358740.0,3360180.0,-1.0,0.07,77157.1,77297.5,2.7004985000000006,2.7054125000000004,-0.48055299248203415,-9.827999999999593,-14.75335800751756,1832.0521273651664,4.0,1846.805485372684,2.9245077745207606,1779447600.0,2026-05-21T11:00:00Z,2026-05-21T11:00:00Z,2026-05-22T11:00:00Z,2026-05-22T11:00:00Z,timeout,simulated_bar_open_or_final_close,78621.53462434417,59583.884507869894,12.0,-0.14392056411848184
738,3360360.0,3361800.0,-1.0,0.083,77240.0,75195.90000000001,3.20546,3.1206298500000007,-0.3593694149985777,169.6602999999993,163.6935795649979,1995.7457069301643,4.0,1832.0521273651664,3.499310911649715,1779544800.0,2026-05-22T14:00:00Z,2026-05-22T14:00:00Z,2026-05-23T14:00:00Z,2026-05-23T14:00:00Z,timeout,simulated_bar_open_or_final_close,78444.93965116367,62780.72418603587,12.0,1.6367722649704914
739,3363420.0,3364860.0,-1.0,0.077,76629.7,77710.1,2.95024345,2.99183885,-0.6837415410979999,-83.19080000000068,-88.44914075890267,1907.2965661712615,4.0,1995.7457069301643,2.9565324277089733,1779728400.0,2026-05-24T17:00:00Z,2026-05-24T17:00:00Z,2026-05-25T17:00:00Z,2026-05-25T17:00:00Z,timeout,simulated_bar_open_or_final_close,78069.7046819379,59349.64381674511,12.0,-0.7976988923259212
740,3365220.0,3366660.0,-1.0,0.08600000000000001,77069.2,75744.90000000001,3.3139756000000005,3.257030700000001,-1.1695288926110434,113.88979999999901,108.48832259261005,2015.7848887638713,4.0,1907.2965661712615,3.4750501403696537,1779836400.0,2026-05-25T23:00:00Z,2026-05-25T23:00:00Z,2026-05-26T23:00:00Z,2026-05-26T23:00:00Z,timeout,simulated_bar_open_or_final_close,78281.43289776497,62522.40522682039,12.0,1.0406351168127328
741,3366960.0,3368400.0,-1.0,0.07100000000000001,75620.40000000001,73239.1,2.6845242000000007,2.5999880500000003,-1.5408582183448363,169.0723000000002,165.32864596834503,2181.1135347322165,4.0,2015.7848887638713,2.663502653446536,1779940800.0,2026-05-27T04:00:00Z,2026-05-27T04:00:00Z,2026-05-28T04:00:00Z,2026-05-28T04:00:00Z,timeout,simulated_bar_open_or_final_close,77195.96895173672,56713.572579159474,12.0,1.4779248320809226
742,3368460.0,3369900.0,-1.0,0.065,73130.40000000001,73481.0,2.3767380000000005,2.3881325,-1.191533744538548,-22.788999999999433,-26.362336755460884,2154.7511979767555,4.0,2181.1135347322165,2.179380359759036,1780030800.0,2026-05-28T05:00:00Z,2026-05-28T05:00:00Z,2026-05-29T05:00:00Z,2026-05-29T05:00:00Z,timeout,simulated_bar_open_or_final_close,75027.18261922945,50369.00856924671,12.0,-0.2138222944004188
743,3370380.0,3371820.0,-1.0,0.082,73245.40000000001,73676.3,3.0030614000000004,3.0207283000000005,-0.8993044303483433,-35.33379999999953,-40.458285269651185,2114.2929127071043,4.0,2154.7511979767555,2.78738575740882,1780146000.0,2026-05-29T13:00:00Z,2026-05-29T13:00:00Z,2026-05-30T13:00:00Z,2026-05-30T13:00:00Z,timeout,simulated_bar_open_or_final_close,74712.17356452171,55644.11722573955,12.0,-0.3363802939559476
744,3373380.0,3374820.0,-1.0,0.13,73555.40000000001,71562.90000000001,4.7811010000000005,4.651588500000001,-1.5389874436810274,259.02500000000003,251.13129794368106,2365.4242106507854,4.0,2114.2929127071043,4.5226477100359395,1780326000.0,2026-05-31T15:00:00Z,2026-05-31T15:00:00Z,2026-06-01T15:00:00Z,2026-06-01T15:00:00Z,timeout,simulated_bar_open_or_final_close,74426.00446786777,63108.146385586864,12.0,2.2188942122966626
745,3374880.0,3376320.0,-1.0,0.078,71085.2,67287.5,2.7723228,2.6242125,-1.3221912082877396,296.22059999999976,292.1462559082875,2657.570466559073,4.0,2365.4242106507854,2.3440385766891825,1780416000.0,2026-06-01T16:00:00Z,2026-06-01T16:00:00Z,2026-06-02T16:00:00Z,2026-06-02T16:00:00Z,timeout,simulated_bar_open_or_final_close,72785.0297659088,50687.24280909436,12.0,2.2034352465492506
746,3376380.0,3377820.0,-1.0,0.067,67379.6,66050.7,2.2572166000000005,2.21269845,-0.9982475943388157,89.0363000000006,85.5646325443394,2743.135099103412,4.0,2657.570466559073,1.6987068665935043,1780506000.0,2026-06-02T17:00:00Z,2026-06-02T17:00:00Z,2026-06-03T17:00:00Z,2026-06-03T17:00:00Z,timeout,simulated_bar_open_or_final_close,69649.41521057807,40141.81747306326,12.0,0.5626379019200958
747,3378000.0,3379440.0,-1.0,0.064,65415.4,63613.0,2.0932928000000004,2.035616,-0.12877844347868594,115.3536000000001,111.35346964347877,2854.4885687468905,4.0,2743.135099103412,1.5262046704766299,1780603200.0,2026-06-03T20:00:00Z,2026-06-03T20:00:00Z,2026-06-04T20:00:00Z,2026-06-04T20:00:00Z,timeout,simulated_bar_open_or_final_close,67866.0192844897,36007.96858612368,12.0,0.709982972137455
748,3380040.0,3381480.0,-1.0,0.05,62281.600000000006,60931.200000000004,1.5570400000000002,1.5232800000000002,0.10885941652596373,67.52000000000008,64.33082058347412,2918.8193893303646,4.0,2854.4885687468905,1.090941485664127,1780725600.0,2026-06-05T06:00:00Z,2026-06-05T06:00:00Z,2026-06-06T06:00:00Z,2026-06-06T06:00:00Z,timeout,simulated_bar_open_or_final_close,65573.82678261577,22774.87860861094,12.0,0.3908043086409843
749,3381780.0,3383220.0,-1.0,0.048,60543.0,62356.200000000004,1.4530319999999999,1.4965488,0.08532012013079732,-87.0336000000002,-90.068500920131,2828.750888410234,4.0,2918.8193893303646,0.9956299490893504,1780830000.0,2026-06-06T11:00:00Z,2026-06-06T11:00:00Z,2026-06-07T11:00:00Z,2026-06-07T11:00:00Z,timeout,simulated_bar_open_or_final_close,64102.03370445236,17834.59554657164,12.0,-0.5272293713193309
750,3383760.0,3383894.0,-1.0,0.075,61291.4,63474.100000000006,2.2984275,2.38027875,0.0,-163.70250000000033,-168.38120625000033,2660.369682160234,1.0,2828.750888410234,1.6250476557811866,1780870500.0,2026-06-07T20:00:00Z,2026-06-07T20:00:00Z,2026-06-07T22:14:00Z,2026-06-07T22:15:00Z,stop,within_minute_not_exact_tick,63461.379802990545,35251.64236411349,12.0,-1.0346099751278603
751,3385500.0,3386940.0,-1.0,0.067,62510.0,61898.9,2.094085,2.0736131500000003,-0.16861020829554355,40.94369999999991,36.94461205829545,2697.314294218529,4.0,2660.369682160234,1.5742812091435294,1781053200.0,2026-06-09T01:00:00Z,2026-06-09T01:00:00Z,2026-06-10T01:00:00Z,2026-06-10T01:00:00Z,timeout,simulated_bar_open_or_final_close,64770.27369530507,35386.715656339125,12.0,0.24395811950492186
752,3387060.0,3388500.0,-1.0,0.078,61259.100000000006,62126.0,2.3891049000000004,2.4229140000000005,0.07755352714356312,-67.61819999999955,-72.50777242714312,2624.806521791386,4.0,2697.314294218529,1.7714694243239282,1781146800.0,2026-06-10T03:00:00Z,2026-06-10T03:00:00Z,2026-06-11T03:00:00Z,2026-06-11T03:00:00Z,timeout,simulated_bar_open_or_final_close,63240.73337669326,37479.49947968095,12.0,-0.4691013165816843
753,3390180.0,3391620.0,-1.0,0.084,62943.4,63720.0,2.6436228,2.6762400000000004,-0.46037806222800004,-65.23439999999988,-70.09388473777189,2554.712637053614,4.0,2624.806521791386,2.0143372687109697,1781334000.0,2026-06-12T07:00:00Z,2026-06-12T07:00:00Z,2026-06-13T07:00:00Z,2026-06-13T07:00:00Z,timeout,simulated_bar_open_or_final_close,64714.53436914349,41689.78757027816,12.0,-0.4711393010720783
754,3393540.0,3393918.0,-1.0,0.14300000000000002,63940.9,64930.600000000006,4.571774350000001,4.6425379000000015,0.29879038904000005,-141.52710000000064,-151.04020263904064,2403.6724344145737,1.0,2554.712637053614,3.579090879882829,1781471940.0,2026-06-14T15:00:00Z,2026-06-14T15:00:00Z,2026-06-14T21:18:00Z,2026-06-14T21:19:00Z,stop,within_minute_not_exact_tick,64917.604113648486,52220.4506362182,12.0,-1.0814177789570982
755,3394860.0,3396300.0,1.0,0.091,66541.90000000001,66377.2,3.0276564500000003,3.0201626,-0.4648028091909308,-14.987700000001059,-20.570716240810125,2383.1017181737634,4.0,2403.6724344145737,2.519192221578562,1781614800.0,2026-06-15T13:00:00Z,2026-06-15T13:00:00Z,2026-06-16T13:00:00Z,2026-06-16T13:00:00Z,timeout,simulated_bar_open_or_final_close,65064.340573792666,84272.61311448814,12.0,-0.1529900069077612
756,3397440.0,3398880.0,-1.0,0.094,65490.700000000004,64483.3,3.0780629000000004,3.0307151000000006,0.29646948952534924,94.69560000000014,88.29035251047479,2471.3920706842387,4.0,2383.1017181737634,2.583240888566691,1781769600.0,2026-06-17T08:00:00Z,2026-06-17T08:00:00Z,2026-06-18T08:00:00Z,2026-06-18T08:00:00Z,timeout,simulated_bar_open_or_final_close,66907.97853070963,48483.3576314845,12.0,0.6627201703183122
757,3398940.0,3400380.0,-1.0,0.077,64357.100000000006,62588.3,2.47774835,2.40964955,-0.43007925530375296,136.19760000000022,131.74028135530395,2603.132352039542,4.0,2471.3920706842387,2.005143885821404,1781859600.0,2026-06-18T09:00:00Z,2026-06-18T09:00:00Z,2026-06-19T09:00:00Z,2026-06-19T09:00:00Z,timeout,simulated_bar_open_or_final_close,66178.78377618174,42496.89468581932,12.0,0.9391930516393883
758,3400440.0,3401880.0,-1.0,0.091,62340.4,63713.600000000006,2.8364882,2.8989688,-0.650814215961,-124.96120000000039,-130.0458427840394,2473.0865092555023,4.0,2603.132352039542,2.1792885004695397,1781949600.0,2026-06-19T10:00:00Z,2026-06-19T10:00:00Z,2026-06-20T10:00:00Z,2026-06-20T10:00:00Z,timeout,simulated_bar_open_or_final_close,63968.42239618213,42804.131245814424,12.0,-0.8777982408474984
759,3403980.0,3404882.0,-1.0,0.13,63812.0,64875.700000000004,4.14778,4.2169205000000005,-0.66703448916,-138.28100000000057,-145.9786660108406,2327.107843244662,1.0,2473.0865092555023,3.3543347428219543,1782129780.0,2026-06-21T21:00:00Z,2026-06-21T21:00:00Z,2026-06-22T12:02:00Z,2026-06-22T12:03:00Z,stop,within_minute_not_exact_tick,64862.65056397685,51204.19323227774,12.0,-1.068778577739137
760,3405300.0,3406740.0,-1.0,0.078,64300.0,62227.8,2.5077,2.4268842,-0.19080268201437403,161.63159999999976,156.88781848201415,2483.9956617266757,4.0,2327.107843244662,2.1552073809381693,1782241200.0,2026-06-22T19:00:00Z,2026-06-22T19:00:00Z,2026-06-23T19:00:00Z,2026-06-23T19:00:00Z,timeout,simulated_bar_open_or_final_close,65985.30214252343,44076.37428971884,12.0,1.1934846799751146
761,3407820.0,3409260.0,-1.0,0.096,62576.9,61228.700000000004,3.0036912000000004,2.9389776000000003,0.18895743129599998,129.42719999999971,123.2955737687037,2607.291235495379,4.0,2483.9956617266757,2.418435141639558,1782392400.0,2026-06-24T13:00:00Z,2026-06-24T13:00:00Z,2026-06-25T13:00:00Z,2026-06-25T13:00:00Z,timeout,simulated_bar_open_or_final_close,64036.174942809965,45065.600686280435,12.0,0.8801144018487067
762,3409320.0,3410760.0,-1.0,0.059000000000000004,58236.700000000004,60165.600000000006,1.7179826500000002,1.7748852000000004,-0.4530787888993606,-113.8051000000001,-116.84488906110073,2490.4463464342784,4.0,2607.291235495379,1.3178294979951386,1782482400.0,2026-06-25T14:00:00Z,2026-06-25T14:00:00Z,2026-06-26T14:00:00Z,2026-06-26T14:00:00Z,timeout,simulated_bar_open_or_final_close,60805.809454977905,27407.386540265183,12.0,-0.7708592736895545
763,3410820.0,3412260.0,-1.0,0.048,59556.9,60601.200000000004,1.4293656000000001,1.4544288,-0.487502306496,-50.12640000000014,-52.52269209350414,2437.923654340774,4.0,2490.4463464342784,1.1478790555327631,1782572400.0,2026-06-26T15:00:00Z,2026-06-26T15:00:00Z,2026-06-27T15:00:00Z,2026-06-27T15:00:00Z,timeout,simulated_bar_open_or_final_close,62566.737637909726,23438.848345083337,12.0,-0.36354876361633937
764,3413160.0,3414600.0,-1.0,0.10400000000000001,59944.600000000006,60094.8,3.1171192000000008,3.1249296000000006,-0.5533184876377624,-15.620799999999699,-21.309530312361936,2416.614124028412,4.0,2437.923654340774,2.5571918090625227,1782712800.0,2026-06-28T06:00:00Z,2026-06-28T06:00:00Z,2026-06-29T06:00:00Z,2026-06-29T06:00:00Z,timeout,simulated_bar_open_or_final_close,61265.73106081359,44091.027270237035,12.0,-0.15509387070225691
765,3415080.0,3416520.0,-1.0,0.069,59547.4,58723.600000000006,2.0543853000000003,2.0259642,-0.9566353707131748,56.84219999999971,53.71848587071288,2470.3326098991247,4.0,2416.614124028412,1.700217903696939,1782828000.0,2026-06-29T14:00:00Z,2026-06-29T14:00:00Z,2026-06-30T14:00:00Z,2026-06-30T14:00:00Z,timeout,simulated_bar_open_or_final_close,61553.52319427742,35473.92166867103,12.0,0.38807625720881395
766,3416580.0,3418020.0,-1.0,0.081,58447.0,59535.700000000004,2.3671035000000002,2.41119585,-0.508040162046,-88.18470000000036,-92.45495918795436,2377.8776507111697,4.0,2470.3326098991247,1.9164249304037322,1782918000.0,2026-06-30T15:00:00Z,2026-06-30T15:00:00Z,2026-07-01T15:00:00Z,2026-07-01T15:00:00Z,timeout,simulated_bar_open_or_final_close,60186.585411717264,37571.97505939285,12.0,-0.6561444132296049
767,3420780.0,3422220.0,1.0,0.093,61965.0,62621.4,2.8813725,2.9118951,1.378897438467453,61.045200000000136,53.87303496153268,2431.7506856727023,4.0,2377.8776507111697,2.4234825531399786,1783170000.0,2026-07-03T13:00:00Z,2026-07-03T13:00:00Z,2026-07-04T13:00:00Z,2026-07-04T13:00:00Z,timeout,simulated_bar_open_or_final_close,60528.89567985961,79198.25184168464,12.0,0.4033689876835022
768,3422400.0,3423840.0,1.0,0.125,62921.3,62699.3,3.93258125,3.91870625,2.8711328012233683,-27.75,-38.472420301223366,2393.278265371479,4.0,2431.7506856727023,3.234362201001801,1783267200.0,2026-07-04T16:00:00Z,2026-07-04T16:00:00Z,2026-07-05T16:00:00Z,2026-07-05T16:00:00Z,timeout,simulated_bar_open_or_final_close,61846.373494114836,75820.41807062202,12.0,-0.28632595877458644
769,3424200.0,3425042.0,1.0,0.124,63083.100000000006,62007.600000000006,3.9111522000000005,3.8444712000000005,1.0860802639620097,-133.362,-142.203703663962,2251.0745617075168,1.0,2393.278265371479,3.26844751535227,1783339380.0,2026-07-05T22:00:00Z,2026-07-05T22:00:00Z,2026-07-06T12:02:00Z,2026-07-06T12:03:00Z,stop,within_minute_not_exact_tick,62020.09946470564,75839.10642353236,12.0,-1.0788367679312365
770,3425340.0,3426780.0,1.0,0.068,63723.200000000004,63949.600000000006,2.1665888000000004,2.1742864000000006,0.980341873612,15.3952000000001,10.0739829263881,2261.1485446339047,4.0,2251.0745617075168,1.9249373937721272,1783443600.0,2026-07-06T17:00:00Z,2026-07-06T17:00:00Z,2026-07-07T17:00:00Z,2026-07-07T17:00:00Z,timeout,simulated_bar_open_or_final_close,61834.09810713984,86392.42271432192,12.0,0.07842181954341411
771,3426900.0,3427722.0,1.0,0.07,63666.4,61819.5,2.228324,2.1636825,0.24668812080009214,-129.2830000000001,-133.92169462080017,2127.226850013105,1.0,2261.1485446339047,1.9709664854068938,1783500180.0,2026-07-07T19:00:00Z,2026-07-07T19:00:00Z,2026-07-08T08:42:00Z,2026-07-08T08:43:00Z,stop,within_minute_not_exact_tick,61831.94983551379,85679.80197383455,12.0,-1.0429103515860652
772,3428160.0,3429060.0,-1.0,0.067,61662.200000000004,62946.5,2.0656837,2.10870775,-0.25694915400000007,-86.0480999999997,-89.9655422959997,2037.261307717105,3.0,2127.226850013105,1.942137670918618,1783580400.0,2026-07-08T16:00:00Z,2026-07-08T16:00:00Z,2026-07-09T07:00:00Z,2026-07-09T07:00:00Z,opposite,simulated_bar_open_or_final_close,63468.05418626408,39991.949764831086,12.0,-0.7435646234416612
773,3429120.0,3430560.0,1.0,0.069,62986.200000000004,63943.3,2.1730239,2.2060438500000004,1.215203442945538,66.0398999999999,60.44562880705437,2097.706936524159,4.0,2037.261307717105,2.133279507904685,1783670400.0,2026-07-09T08:00:00Z,2026-07-09T08:00:00Z,2026-07-10T08:00:00Z,2026-07-10T08:00:00Z,timeout,simulated_bar_open_or_final_close,61315.790342826294,83031.11588608449,12.0,0.5244363872881037
774,3430620.0,3432060.0,1.0,0.079,64224.4,64226.700000000004,2.5368638000000003,2.53695465,1.0352423854826955,0.18170000000022993,-5.9273608354824665,2091.779575688677,4.0,2097.706936524159,2.4187018270564633,1783760400.0,2026-07-10T09:00:00Z,2026-07-10T09:00:00Z,2026-07-11T09:00:00Z,2026-07-11T09:00:00Z,timeout,simulated_bar_open_or_final_close,62724.36588908645,82224.80933096257,12.0,-0.05001878520466073
775,3432420.0,3433860.0,1.0,0.129,64333.9,64162.100000000006,4.14953655,4.13845545,1.2467939770080787,-22.162199999999437,-31.696985977007518,2060.0825897116697,4.0,2091.779575688677,3.9674701849346117,1783868400.0,2026-07-11T15:00:00Z,2026-07-11T15:00:00Z,2026-07-12T15:00:00Z,2026-07-12T15:00:00Z,timeout,simulated_bar_open_or_final_close,63458.026217541046,74844.38538950747,12.0,-0.28053479223842376
776,3433920.0,3434522.0,1.0,0.06,64162.9,63254.3,1.924887,1.897629,0.34985676214786254,-54.51599999999991,-58.68837276214778,2001.394216949522,1.0,2060.0825897116697,1.868747408102127,1783908180.0,2026-07-12T16:00:00Z,2026-07-12T16:00:00Z,2026-07-13T02:02:00Z,2026-07-13T02:03:00Z,stop,within_minute_not_exact_tick,63267.014296841015,74913.52843790784,12.0,-1.0918128758911707
777,3435360.0,3436620.0,-1.0,0.08,62584.100000000006,63948.0,2.5033640000000004,2.55792,-0.58605817224,-109.11199999999954,-113.58722582775954,1887.8069911217626,3.0,2001.394216949522,2.501620099428057,1784034000.0,2026-07-13T16:00:00Z,2026-07-13T16:00:00Z,2026-07-14T13:00:00Z,2026-07-14T13:00:00Z,opposite,simulated_bar_open_or_final_close,63982.54638657448,45802.74336110627,12.0,-1.0152983600071517
778,3436680.0,3438120.0,1.0,0.073,63815.600000000006,65077.100000000006,2.3292694000000003,2.3753141500000003,1.209834647555064,92.0895,86.17508180244494,1973.9820729242074,4.0,1887.8069911217626,2.4676986693601703,1784124000.0,2026-07-14T14:00:00Z,2026-07-14T14:00:00Z,2026-07-15T14:00:00Z,2026-07-15T14:00:00Z,timeout,simulated_bar_open_or_final_close,62369.52802421365,81168.46370943624,12.0,0.8163359724845671
779,3438180.0,3439216.0,1.0,0.073,65377.9,63849.200000000004,2.38629335,2.3304958,0.6828390033229969,-111.59509999999977,-116.99472815332277,1856.9873447708846,1.0,1973.9820729242074,2.417745715861548,1784189820.0,2026-07-15T15:00:00Z,2026-07-15T15:00:00Z,2026-07-16T08:16:00Z,2026-07-16T08:17:00Z,stop,within_minute_not_exact_tick,63862.07128226946,83567.84461276645,12.0,-1.0572879971221965
780,3439740.0,3440500.0,1.0,0.07,64461.3,62963.700000000004,2.2561455000000006,2.2037295000000006,0.34118101664188183,-104.83199999999991,-109.63305601664179,1747.3542887542428,1.0,1856.9873447708846,2.429898627314947,1784266860.0,2026-07-16T17:00:00Z,2026-07-16T17:00:00Z,2026-07-17T05:40:00Z,2026-07-17T05:41:00Z,stop,within_minute_not_exact_tick,62976.31144849809,82281.162618023,12.0,-1.0546791845226111
781,3440820.0,3441180.0,-1.0,0.076,63134.200000000004,63566.5,2.3990996,2.415527,-0.29142159149999997,-32.85479999999967,-37.37800500849967,1709.976283745743,3.0,1747.3542887542428,2.745979582320895,1784307600.0,2026-07-17T11:00:00Z,2026-07-17T11:00:00Z,2026-07-17T17:00:00Z,2026-07-17T17:00:00Z,opposite,simulated_bar_open_or_final_close,64425.0919686113,47643.496376664494,12.0,-0.3809891666644098
782,3441240.0,3442680.0,1.0,0.063,64024.700000000004,64437.100000000006,2.01677805,2.0297686500000003,0.5384508666961089,25.981200000000094,21.396202433303984,1731.372486179047,4.0,1709.976283745743,2.358837451923252,1784397600.0,2026-07-17T18:00:00Z,2026-07-17T18:00:00Z,2026-07-18T18:00:00Z,2026-07-18T18:00:00Z,timeout,simulated_bar_open_or_final_close,62497.34371071268,82352.97547144792,12.0,0.2223595524031691
783,3442740.0,3444180.0,1.0,0.115,64490.3,64386.9,3.7081922500000006,3.7022467500000005,0.9325828849638611,-11.891000000000167,-20.23402188496403,1711.1384642940832,4.0,1731.372486179047,4.283529141881632,1784487600.0,2026-07-18T19:00:00Z,2026-07-18T19:00:00Z,2026-07-19T19:00:00Z,2026-07-19T19:00:00Z,timeout,simulated_bar_open_or_final_close,63681.30412877262,74198.25045472852,12.0,-0.2174893873364893
784,3444600.0,3446040.0,1.0,0.09,64607.700000000004,65192.0,2.9073465,2.93364,1.0068731150055772,52.586999999999605,45.73914038499403,1756.8776046790774,4.0,1711.1384642940832,3.398142886349531,1784599200.0,2026-07-20T02:00:00Z,2026-07-20T02:00:00Z,2026-07-21T02:00:00Z,2026-07-21T02:00:00Z,timeout,simulated_bar_open_or_final_close,63567.50491329787,77090.04104042568,12.0,0.4885743813265146
785,3446100.0,3447540.0,1.0,0.065,65399.5,66269.90000000001,2.12548375,2.15377175,0.6358005999191084,56.57600000000057,51.66094390008146,1808.538548579159,4.0,1756.8776046790774,2.419615053819591,1784689200.0,2026-07-21T03:00:00Z,2026-07-21T03:00:00Z,2026-07-22T03:00:00Z,2026-07-22T03:00:00Z,timeout,simulated_bar_open_or_final_close,63892.71745161888,83480.89058057338,12.0,0.527470770857321
786,3448380.0,3449627.0,1.0,0.075,66213.1,64862.100000000006,2.48299125,2.4323287500000004,-0.003706567301761105,-101.325,-106.23661343269823,1702.301935146461,1.0,1808.538548579159,2.745853829823767,1784814480.0,2026-07-22T17:00:00Z,2026-07-22T17:00:00Z,2026-07-23T13:47:00Z,2026-07-23T13:48:00Z,stop,within_minute_not_exact_tick,64875.1411145106,82268.60662587284,12.0,-1.0586933533346328
787,3450480.0,3451051.0,1.0,0.081,65438.600000000006,64271.5,2.6502633000000007,2.6029957500000003,0.27305507430000003,-94.53510000000047,-100.06141412430048,1602.2405210221605,1.0,1702.301935146461,3.113740571260033,1784899920.0,2026-07-24T04:00:00Z,2026-07-24T04:00:00Z,2026-07-24T13:31:00Z,2026-07-24T13:32:00Z,stop,within_minute_not_exact_tick,64284.38784987989,79289.14580144147,12.0,-1.0702764653546946
788,3451740.0,3453180.0,-1.0,0.084,64036.700000000004,64495.600000000006,2.6895414000000004,2.7088152000000005,-0.5404079556725164,-38.54760000000012,-43.40554864432762,1558.8349723778326,4.0,1602.2405210221605,3.357225540999536,1785027600.0,2026-07-25T01:00:00Z,2026-07-25T01:00:00Z,2026-07-26T01:00:00Z,2026-07-26T01:00:00Z,timeout,simulated_bar_open_or_final_close,65084.5594117916,51462.38705850093,12.0,-0.49313172754042583
789,3453540.0,3454980.0,1.0,0.12,64421.9,65374.9,3.865314,3.9224940000000004,1.3885637320984419,114.36,105.18362826790155,1664.0186006457343,4.0,1558.8349723778326,4.959234387850415,1785135600.0,2026-07-26T07:00:00Z,2026-07-26T07:00:00Z,2026-07-27T07:00:00Z,2026-07-27T07:00:00Z,timeout,simulated_bar_open_or_final_close,63850.790842286035,71275.2098925676,12.0,1.534785817608702
790,3455040.0,3455920.0,1.0,0.10300000000000001,65209.100000000006,64327.4,3.3582686500000003,3.3128611000000006,0.7681971022181069,-90.81510000000046,-98.25442685221857,1565.764173793516,1.0,1664.0186006457343,4.036335469683813,1785192060.0,2026-07-27T08:00:00Z,2026-07-27T08:00:00Z,2026-07-27T22:40:00Z,2026-07-27T22:41:00Z,stop,within_minute_not_exact_tick,64340.33508542473,75634.27897490331,12.0,-1.098026011743053
791,3456060.0,3457500.0,-1.0,0.064,63440.4,63940.3,2.0300928000000003,2.0460896,-0.6876296389822244,-31.993600000000093,-35.38215276101787,1530.3820210324982,4.0,1565.764173793516,2.593101610035583,1785286800.0,2026-07-28T01:00:00Z,2026-07-28T01:00:00Z,2026-07-29T01:00:00Z,2026-07-29T01:00:00Z,timeout,simulated_bar_open_or_final_close,64818.435484347814,46903.974187826265,12.0,-0.4011842533594496
792,3458400.0,3459660.0,-1.0,0.061,63927.4,64905.700000000004,1.9497856999999998,1.9796238500000003,-0.6142077607250984,-59.676300000000175,-62.99150178927508,1467.3905192432233,3.0,1530.3820210324982,2.548103248997324,1785416400.0,2026-07-29T16:00:00Z,2026-07-29T16:00:00Z,2026-07-30T13:00:00Z,2026-07-30T13:00:00Z,opposite,simulated_bar_open_or_final_close,65324.990164823335,47156.31802212,12.0,-0.7388772447797812
793,3459720.0,3460860.0,1.0,0.057,65008.8,63789.0,1.8527508000000004,1.8179865,1.0446764484310096,-69.52860000000017,-74.24401374843117,1393.146505494792,3.0,1467.3905192432233,2.525232071085642,1785488400.0,2026-07-30T14:00:00Z,2026-07-30T14:00:00Z,2026-07-31T09:00:00Z,2026-07-31T09:00:00Z,opposite,simulated_bar_open_or_final_close,63580.378213048316,82149.86144342025,12.0,-0.9118641068683696
794,3460920.0,3462360.0,-1.0,0.062,63676.3,63034.100000000006,1.9739653000000001,1.9540571000000002,-0.5044422778591402,39.81639999999982,36.392819877858955,1429.539325372651,4.0,1393.146505494792,2.8338229930798606,1785578400.0,2026-07-31T10:00:00Z,2026-07-31T10:00:00Z,2026-08-01T10:00:00Z,2026-08-01T10:00:00Z,timeout,simulated_bar_open_or_final_close,64922.90109654095,48717.08684150869,12.0,0.47086511266568587
795,3462780.0,3463496.0,-1.0,0.11,62887.3,63584.9,3.4588015000000003,3.4971695,-0.3128940309,-76.73599999999983,-83.37907696909984,1346.1602484035513,1.0,1429.539325372651,4.839043513683491,1785646620.0,2026-08-01T17:00:00Z,2026-08-01T17:00:00Z,2026-08-02T04:56:00Z,2026-08-02T04:57:00Z,stop,within_minute_not_exact_tick,63572.087295202735,54669.85245756718,12.0,-1.1069008057247776
796,3463920.0,3465360.0,-1.0,0.089,62994.5,62546.700000000004,2.80325525,2.7833281500000004,-1.352798233528,39.85419999999961,35.620414833527605,1381.780663237079,4.0,1346.1602484035513,4.164816563740398,1785758400.0,2026-08-02T12:00:00Z,2026-08-02T12:00:00Z,2026-08-03T12:00:00Z,2026-08-03T12:00:00Z,timeout,simulated_bar_open_or_final_close,63813.389035937034,53167.8315687556,12.0,0.4887467808065394
797,3465420.0,3465508.0,-1.0,0.075,62657.3,63681.4,2.34964875,2.3880524999999997,0.0,-76.80749999999989,-81.54520124999989,1300.2354619870791,1.0,1381.780663237079,3.4008997412013415,1785767340.0,2026-08-03T13:00:00Z,2026-08-03T13:00:00Z,2026-08-03T14:28:00Z,2026-08-03T14:29:00Z,stop,within_minute_not_exact_tick,63668.642256558094,50521.19292130295,12.0,-1.0750755670986343
798,3466140.0,3467220.0,-1.0,0.061,63324.9,64283.700000000004,1.93140945,1.9606528500000002,-0.5430694339912181,-58.48680000000017,-61.83579286600895,1238.39966912107,3.0,1300.2354619870791,2.970861057809225,1785870000.0,2026-08-04T01:00:00Z,2026-08-04T01:00:00Z,2026-08-04T19:00:00Z,2026-08-04T19:00:00Z,opposite,simulated_bar_open_or_final_close,64511.08993528714,49090.62077655431,12.0,-0.8545861773377821
799,3467280.0,3468720.0,1.0,0.054,64210.200000000004,64792.700000000004,1.7336754,1.7494029,0.18607075271999998,31.455,27.78585094728,1266.18552006835,4.0,1238.39966912107,2.7998641201679946,1785960000.0,2026-08-04T20:00:00Z,2026-08-04T20:00:00Z,2026-08-05T20:00:00Z,2026-08-05T20:00:00Z,timeout,simulated_bar_open_or_final_close,62930.963778097626,79561.03466282858,12.0,0.4022343852606027
800,3468780.0,3470220.0,1.0,0.06,64817.200000000004,64390.8,1.9445160000000001,1.931724,0.58828236906,-25.584000000000085,-30.048522369060084,1236.1369976992899,4.0,1266.18552006835,3.071455121197458,1786050000.0,2026-08-05T21:00:00Z,2026-08-05T21:00:00Z,2026-08-06T21:00:00Z,2026-08-06T21:00:00Z,timeout,simulated_bar_open_or_final_close,63660.60436076104,78696.34767086754,12.0,-0.4330024160220188
801,3470940.0,3472380.0,1.0,0.074,64589.3,64950.100000000006,2.3898041,2.4031537000000003,0.8300033202863155,26.699200000000214,21.076238879713898,1257.2132365790035,4.0,1236.1369976992899,3.8665683568211717,1786179600.0,2026-08-07T09:00:00Z,2026-08-07T09:00:00Z,2026-08-08T09:00:00Z,2026-08-08T09:00:00Z,timeout,simulated_bar_open_or_final_close,63681.79365371511,75479.37615541872,12.0,0.31384247623282285
802,3472740.0,3474180.0,1.0,0.096,65113.200000000004,65224.200000000004,3.1254336000000005,3.1307616000000005,1.0526530238002028,10.656,3.347151776199796,1260.5603883552033,4.0,1257.2132365790035,4.972002376469725,1786287600.0,2026-08-08T15:00:00Z,2026-08-08T15:00:00Z,2026-08-09T15:00:00Z,2026-08-09T15:00:00Z,timeout,simulated_bar_open_or_final_close,64543.00475588865,71955.54292933625,12.0,0.06114776420093304
803,3474240.0,3474764.0,1.0,0.096,65220.9,64781.9,3.1306032,3.1095312000000006,0.9084536774460021,-42.144,-49.292588077446005,1211.2678002777573,1.0,1260.5603883552033,4.967002341053814,1786322700.0,2026-08-09T16:00:00Z,2026-08-09T16:00:00Z,2026-08-10T00:44:00Z,2026-08-10T00:45:00Z,stop,within_minute_not_exact_tick,64794.945766802135,70332.35079837436,12.0,-1.2054451373454238
804,3475140.0,3475549.0,1.0,0.084,65286.200000000004,64500.3,2.7420204000000004,2.7090126000000003,0.4329956333659712,-66.01560000000012,-71.89962863336609,1139.3681716443912,1.0,1211.2678002777573,4.5275213282665066,1786369800.0,2026-08-10T07:00:00Z,2026-08-10T07:00:00Z,2026-08-10T13:49:00Z,2026-08-10T13:50:00Z,stop,within_minute_not_exact_tick,64513.234294919646,74561.78846096426,12.0,-1.1073556747670237
805,3475980.0,3477420.0,-1.0,0.063,64116.8,63733.600000000006,2.0196792,2.0076084000000005,-0.5036163952872629,24.141599999999816,20.61792879528708,1159.9861004396782,4.0,1139.3681716443912,3.545261751669088,1786482000.0,2026-08-10T21:00:00Z,2026-08-10T21:00:00Z,2026-08-11T21:00:00Z,2026-08-11T21:00:00Z,timeout,simulated_bar_open_or_final_close,65110.413710007306,52193.43547991237,12.0,0.3293721772759128
806,3478500.0,3479940.0,-1.0,0.064,63331.600000000006,63848.5,2.0266112000000005,2.043152,-0.8298740322732379,-33.081599999999625,-36.321489167726384,1123.6646112719518,4.0,1159.9861004396782,3.4941991101994043,1786633200.0,2026-08-12T15:00:00Z,2026-08-12T15:00:00Z,2026-08-13T15:00:00Z,2026-08-13T15:00:00Z,timeout,simulated_bar_open_or_final_close,64326.461990589625,51393.256112924595,12.0,-0.5704542676410573
807,3480000.0,3481440.0,-1.0,0.06,63372.3,62968.600000000006,1.901169,1.8890580000000001,-0.5754612715744457,24.221999999999824,21.007234271574273,1144.671845543526,4.0,1123.6646112719518,3.3838726981851615,1786723200.0,2026-08-13T16:00:00Z,2026-08-13T16:00:00Z,2026-08-14T16:00:00Z,2026-08-14T16:00:00Z,timeout,simulated_bar_open_or_final_close,64389.96415302438,51160.33016370748,12.0,0.34404333704040546
808,3484680.0,3484953.0,-1.0,0.091,62887.5,63333.200000000004,2.86138125,2.8816606,-0.21845511687999997,-40.5587000000004,-46.083286733120396,1098.5885588104056,1.0,1144.671845543526,4.999478691015287,1786934040.0,2026-08-16T22:00:00Z,2026-08-16T22:00:00Z,2026-08-17T02:33:00Z,2026-08-17T02:34:00Z,stop,within_minute_not_exact_tick,63320.50597645622,57691.4282825254,12.0,-1.1695213735028203
809,3485880.0,3487320.0,1.0,0.066,64306.100000000006,64621.4,2.1221013,2.1325062000000004,0.5886173517863793,20.80979999999971,15.96657514821333,1114.555133958619,4.0,1098.5885588104056,3.8633231394615906,1787076000.0,2026-08-17T18:00:00Z,2026-08-17T18:00:00Z,2026-08-18T18:00:00Z,2026-08-18T18:00:00Z,timeout,simulated_bar_open_or_final_close,63412.01037953735,75035.17544555188,12.0,0.27057444772793204
810,3488460.0,3488608.0,1.0,0.076,64870.3,68863.90000000001,2.4650714000000002,2.6168282000000005,0.0,303.51360000000045,298.43170040000047,1412.9868343586195,1.0,1114.555133958619,4.423417603837484,1787153340.0,2026-08-19T13:00:00Z,2026-08-19T13:00:00Z,2026-08-19T15:28:00Z,2026-08-19T15:29:00Z,stop,within_minute_not_exact_tick,64084.14948421931,74304.10618936829,12.0,4.994886883843796
811,3488640.0,3490080.0,1.0,0.039,68537.5,72414.6,1.33648125,1.4120847,1.0667929668305076,151.20690000000022,147.3915410831697,1560.3783754417893,4.0,1412.9868343586195,1.8917108319790583,1787241600.0,2026-08-19T16:00:00Z,2026-08-19T16:00:00Z,2026-08-20T16:00:00Z,2026-08-20T16:00:00Z,timeout,simulated_bar_open_or_final_close,66461.0896232447,93454.42452106367,12.0,1.8200979567870872
812,3490140.0,3491580.0,1.0,0.032,72820.6,77446.8,1.1651296000000002,1.2391488000000002,0.5050453662966092,148.0383999999999,145.1290762337033,1705.5074516754926,4.0,1560.3783754417893,1.4933936772484655,1787331600.0,2026-08-20T17:00:00Z,2026-08-20T17:00:00Z,2026-08-21T17:00:00Z,2026-08-21T17:00:00Z,timeout,simulated_bar_open_or_final_close,70059.6672888279,105951.79253406536,12.0,1.642663587544602
813,3491700.0,3493140.0,1.0,0.026000000000000002,77130.90000000001,77261.0,1.0027017000000003,1.004393,0.6047373800000001,3.382599999999773,0.7707679199997727,1706.2782195954924,4.0,1705.5074516754926,1.1758397173990003,1787425200.0,2026-08-21T19:00:00Z,2026-08-21T19:00:00Z,2026-08-22T19:00:00Z,2026-08-22T19:00:00Z,timeout,simulated_bar_open_or_final_close,73320.7303716713,122852.93553994446,12.0,0.007780472496442296
814,3494160.0,3495600.0,1.0,0.046,77311.6,78413.7,1.7781668000000002,1.8035150999999998,1.067805420000008,50.6965999999996,46.04711267999959,1752.3253322754922,4.0,1706.2782195954924,2.0842636090397386,1787572800.0,2026-08-23T12:00:00Z,2026-08-23T12:00:00Z,2026-08-24T12:00:00Z,2026-08-24T12:00:00Z,timeout,simulated_bar_open_or_final_close,75219.06729659466,102421.99244086415,12.0,0.4783792325284075
815,3495660.0,3497100.0,1.0,0.041,79162.20000000001,78934.20000000001,1.6228251000000002,1.6181511000000004,0.839141063032433,-9.348,-13.428117263032433,1738.8972150124598,4.0,1752.3253322754922,1.8521961306039803,1787662800.0,2026-08-24T13:00:00Z,2026-08-24T13:00:00Z,2026-08-25T13:00:00Z,2026-08-25T13:00:00Z,timeout,simulated_bar_open_or_final_close,76714.52167467897,108534.33990385254,12.0,-0.13380641230826573
816,3499740.0,3501180.0,1.0,0.051000000000000004,79738.70000000001,79468.0,2.0333368500000004,2.026434,0.9344665133098204,-13.805700000000595,-18.79993736331042,1720.0972776491492,4.0,1738.8972150124598,2.3386509937971587,1787907600.0,2026-08-27T09:00:00Z,2026-08-27T09:00:00Z,2026-08-28T09:00:00Z,2026-08-28T09:00:00Z,timeout,simulated_bar_open_or_final_close,77810.6807611923,102874.93086569257,12.0,-0.19119426579890694
817,3502980.0,3504420.0,1.0,0.067,77994.8,78730.0,2.6128258,2.6374550000000005,1.4785706922378257,49.25839999999981,42.52954850776198,1762.6268261569114,4.0,1720.0972776491492,3.0379977155372746,1788102000.0,2026-08-29T15:00:00Z,2026-08-29T15:00:00Z,2026-08-30T15:00:00Z,2026-08-30T15:00:00Z,timeout,simulated_bar_open_or_final_close,76578.54156461885,94989.9012245739,12.0,0.4482016592840484
818,3504480.0,3504928.0,1.0,0.091,78807.0,77746.0,3.5857185,3.5374429999999997,0.506058543536,-96.551,-104.180220043536,1658.4466061133753,1.0,1762.6268261569114,4.068607656242257,1788132540.0,2026-08-30T16:00:00Z,2026-08-30T16:00:00Z,2026-08-30T23:28:00Z,2026-08-30T23:29:00Z,stop,within_minute_not_exact_tick,77761.61370187742,91351.63557747104,12.0,-1.0951335261922008
