id,family,timeframe_minutes,lookback,volume_multiple,trend_span,direction,stop_atr,target_r,trail_r,max_hold_hours,minimum_price,risk_fraction,exposure_cap,daily_loss,weekly_loss,cooldown_minutes,atr_span,atr_min,atr_max,dev_net_return,dev_geometric_weekly,dev_arithmetic_weekly,dev_worst_week,dev_best_week,dev_complete_weeks,dev_weeks_at_10pct,dev_positive_weeks,dev_negative_weeks,dev_flat_weeks,dev_longest_losing_streak,dev_active_week_losing_streak,dev_trades,dev_win_rate,dev_profit_factor,dev_fees,dev_funding_paid,dev_liquidations,dev_max_entry_leverage,dev_conservative_intrabar_drawdown,dev_max_daily_entries,dev_initial_equity,dev_final_equity,dev_passes_historical_average_target,dev_cagr
06156b3c95aab58c,breakout,15,12,0.0,0,both,1.5,2.0,0.0,72,1000.0,0.02,5,0.06,0.15,5,32,0.0005,0.1,-0.9980175462125485,-0.05808531467747935,-0.05559105784669892,-0.1499217284458364,0.23378368772560942,104,2,13,72,19,29,29,1906,0.30482686253934943,0.782359458487596,5906.384240900024,116.50862122548988,0,4.980570451950977,0.9980744994433047,,10000.0,19.82453787451576,False,-0.9559456711322013
97e68e9e1829865b,breakout,15,12,0.0,0,both,2.5,4.0,0.0,72,1000.0,0.02,5,0.06,0.15,5,32,0.0005,0.1,-0.9956678255353625,-0.0509785716892327,-0.04745170779787874,-0.14986440307855975,0.20357173405428597,104,7,25,79,0,16,16,2141,0.27323680523120036,0.7749479486985539,4872.316056299997,232.5363990536231,0,4.980863608254703,0.9961659449319884,,10000.0,43.32174464637489,False,-0.9347892098717845
f09ec4393cd7d4d7,breakout,15,12,0.0,0,both,3.0,6.0,0.0,72,1000.0,0.02,5,0.06,0.15,5,32,0.0005,0.1,-0.9939730842812596,-0.04796095340156126,-0.04507750654023006,-0.14946576207984708,0.15841414204843796,104,5,26,78,0,9,9,1980,0.27626262626262627,0.7144064536278437,3718.3541487500047,206.49559406260903,0,4.991527428958958,0.9944814593264414,,10000.0,60.26915718740343,False,-0.923041112826668
4ac4a38380e2cbe4,breakout,15,12,0.0,0,both,2.5,8.0,2.0,72,1000.0,0.02,5,0.06,0.15,5,32,0.0005,0.1,-0.9961868235912896,-0.052142298288932465,-0.04906034446311122,-0.14981969854164245,0.17348647053841915,104,5,29,75,0,8,8,2122,0.2832233741753063,0.7365255662748139,4223.943031599998,209.97860431288552,0,4.950060239617163,0.9966026066370547,,10000.0,38.131764087104216,False,-0.938833256885362
60bd5689e327f185,breakout,15,12,0.0,0,both,4.0,8.0,3.0,72,1000.0,0.02,5,0.06,0.15,5,32,0.0005,0.1,-0.9797827821099522,-0.03681688740022071,-0.035004183611615156,-0.14498814769556312,0.1192627551155796,104,2,29,75,0,7,7,1910,0.28534031413612565,0.702700127694996,3579.796998050006,134.85512304949992,0,4.974981854391247,0.9810406593655555,,10000.0,202.17217890047849,False,-0.8587563218999164
684005dd4f67636a,breakout,15,12,0.0,0,long,1.5,2.0,0.0,72,1000.0,0.02,5,0.06,0.15,5,32,0.0005,0.1,-0.9980044861609213,-0.05802584341690076,-0.05585891804530504,-0.1498857584481852,0.12026842745499344,104,1,19,80,5,14,14,1593,0.31198995605775265,0.7714488695857522,5758.907695299995,860.6093663092056,0,4.997907608702246,0.9980118682471462,,10000.0,19.955138390787077,False,-0.9558003029799883
db5e2161cbdfd1b9,breakout,15,12,0.0,0,long,2.5,4.0,0.0,72,1000.0,0.02,5,0.06,0.15,5,32,0.0005,0.1,-0.9308618654695875,-0.025361777821932496,-0.02214730302800135,-0.14987492726719753,0.2113982170284534,104,11,35,69,0,6,6,714,0.211484593837535,0.8224354420812202,4010.701734450006,2360.7364202458707,0,4.9848997968568245,0.949656952822659,,10000.0,691.3813453041254,False,-0.7382549127328574
6fcffe3190801cbc,breakout,15,12,0.0,0,long,3.0,6.0,0.0,72,1000.0,0.02,5,0.06,0.15,5,32,0.0005,0.1,-0.8921837967674442,-0.021188901780398672,-0.01889702659274934,-0.1498675114664857,0.20153241348579276,104,7,32,72,0,10,10,537,0.21415270018621974,0.7600868839448568,2413.0641390000005,1801.2154286744344,0,4.875661066930117,0.9050752054008677,,10000.0,1078.1620323255577,False,-0.6728920727661971
fae925c1d160a8d9,breakout,15,12,0.0,0,long,2.5,8.0,2.0,72,1000.0,0.02,5,0.06,0.15,5,32,0.0005,0.1,-0.9504060557995612,-0.028470382701420438,-0.026217965209816178,-0.14967592210089686,0.15651871942764473,104,5,32,72,0,14,14,828,0.26570048309178745,0.7909611521540757,4452.982009449992,1808.3436485456118,0,4.995465895570112,0.9575648573745374,,10000.0,495.93944200438835,False,-0.7784418284155308
45d0d22d0238e51f,breakout,15,12,0.0,0,long,4.0,8.0,3.0,72,1000.0,0.02,5,0.06,0.15,5,32,0.0005,0.1,-0.8150853852273088,-0.016098445992419275,-0.014235028368204224,-0.12416716307103237,0.19851664840589311,104,6,37,67,0,8,8,463,0.2613390928725702,0.7662919910500587,2044.8623173000012,1608.182134973104,0,3.842222968342821,0.8339860482266286,,10000.0,1849.1461477269122,False,-0.5712199843414284
1e7a730f6167679b,breakout,15,12,0.0,200,both,1.5,2.0,0.0,72,1000.0,0.02,5,0.06,0.15,5,32,0.0005,0.1,-0.9979996509780876,-0.05800392328135229,-0.05488738809808175,-0.1498518822610514,0.22264594386508296,104,4,22,80,2,13,13,2477,0.3350827614049253,0.8350016601831368,7886.411474699995,369.52683508088336,0,4.959412217463472,0.9982247619430599,,10000.0,20.003490219123787,False,-0.9557466040742748
6a11306208041f25,breakout,15,12,0.0,200,both,2.5,4.0,0.0,72,1000.0,0.02,5,0.06,0.15,5,32,0.0005,0.1,-0.6305092425458118,-0.009527682343693611,-0.006001878695016997,-0.14996889844981975,0.23550670567073828,104,13,47,57,0,11,11,1233,0.24898621248986214,0.9567722788111853,17016.782609500046,1014.283215958126,0,4.999977755996472,0.8361742041530046,,10000.0,3694.9075745418822,False,-0.3931745237958635
c745c2706914128c,breakout,15,12,0.0,200,both,3.0,6.0,0.0,72,1000.0,0.02,5,0.06,0.15,5,32,0.0005,0.1,-0.49318061658351087,-0.0065133168000425234,-0.0027082082431756746,-0.14978177341840238,0.2565541072411128,104,9,44,60,0,6,6,991,0.2391523713420787,0.9454299369017343,10165.303789399994,1058.649576435053,0,4.999087951871765,0.7382427129840667,,10000.0,5068.193834164891,False,-0.2889127822134119
4a90906b5b99c957,breakout,15,12,0.0,200,both,2.5,8.0,2.0,72,1000.0,0.02,5,0.06,0.15,5,32,0.0005,0.1,-0.930175944604286,-0.02526925654891754,-0.02190711324006219,-0.14973120612705748,0.20014466652990004,104,8,36,68,0,12,12,1403,0.27797576621525305,0.8760202324102582,8834.985519649987,654.50142639288,0,4.9989164794747385,0.9381272546980453,,10000.0,698.2405539571398,False,-0.7369552959550756
48275f25a83b1af5,breakout,15,12,0.0,200,both,4.0,8.0,3.0,72,1000.0,0.02,5,0.06,0.15,5,32,0.0005,0.1,-0.34748449587396113,-0.0040965896334574925,-0.0018281715335402005,-0.14484367114757968,0.2046524517922157,104,8,48,56,0,5,5,894,0.2539149888143177,0.9565047279518479,9093.178170000014,861.0047887396508,0,4.458073227367861,0.6286915810870488,,10000.0,6525.155041260388,False,-0.1928040502623245
8a32f725ad88d2f2,breakout,15,12,0.0,200,long,1.5,2.0,0.0,72,1000.0,0.02,5,0.06,0.15,5,32,0.0005,0.1,-0.9894074990863548,-0.04278476753758498,-0.04073659465697052,-0.14451559641499678,0.18902262712876694,104,2,24,80,0,12,12,1416,0.3326271186440678,0.7745760739392363,6318.033469950009,858.3926209135185,0,4.999361643991773,0.9896274669099622,,10000.0,105.92500913645112,False,-0.8978758489606916
0438c7dcf243fd55,breakout,15,12,0.0,200,long,2.5,4.0,0.0,72,1000.0,0.02,5,0.06,0.15,5,32,0.0005,0.1,-0.6865301518973801,-0.011092368062455171,-0.008724156887253219,-0.14587010437919323,0.14397788937425848,104,11,41,63,0,6,6,540,0.22407407407407406,0.8896658560427985,5652.412430399995,2494.895288573778,0,4.997471100729061,0.7808910958071742,,10000.0,3134.6984810261997,False,-0.44122363446843305
be3024eff0ca46ab,breakout,15,12,0.0,200,long,3.0,6.0,0.0,72,1000.0,0.02,5,0.06,0.15,5,32,0.0005,0.1,-0.6534700623332834,-0.010138505923497965,-0.007798246451581335,-0.13663683654528547,0.18771308721101043,104,9,42,62,0,6,6,401,0.2169576059850374,0.8464989585566656,3239.7641353500003,2075.93698798287,0,4.995352215266356,0.7077952171158274,,10000.0,3465.2993766671657,False,-0.41239586724635047
1239d2d1f7c27ee7,breakout,15,12,0.0,200,long,2.5,8.0,2.0,72,1000.0,0.02,5,0.06,0.15,5,32,0.0005,0.1,-0.7932748291320658,-0.01504306167306002,-0.013310458761818637,-0.12388555335656803,0.13254680074139147,104,4,43,61,0,5,5,628,0.2818471337579618,0.8412291537353649,5743.423536500004,1819.8385548206513,0,4.998163371551032,0.809659632024444,,10000.0,2067.251708679342,False,-0.5465512170811098
4d9bea2844926f56,breakout,15,12,0.0,200,long,4.0,8.0,3.0,72,1000.0,0.02,5,0.06,0.15,5,32,0.0005,0.1,-0.42261584506790295,-0.005267304367625458,-0.003902286633667096,-0.09848770653937156,0.15079247679509766,104,4,43,61,0,5,5,326,0.2852760736196319,0.8840244335299762,2551.669620399999,1933.7208302790273,0,4.513495410554372,0.5192387802299551,,10000.0,5773.84154932097,False,-0.24085398703810568
5e5fe27b02c78538,breakout,15,12,1.0,0,both,1.5,2.0,0.0,72,1000.0,0.02,5,0.06,0.15,5,32,0.0005,0.1,-0.998006147358339,-0.05803338654083956,-0.05543131046236752,-0.1498968507076286,0.22236798633927357,104,1,16,70,18,26,26,2034,0.31514257620452313,0.8035013556450654,6864.0843865000015,166.8932870833805,0,4.995652770813438,0.9981104129408918,,10000.0,19.938526416609164,False,-0.9558187669814815
0a6f12eb40e3867f,breakout,15,12,1.0,0,both,2.5,4.0,0.0,72,1000.0,0.02,5,0.06,0.15,5,32,0.0005,0.1,-0.9872682752608472,-0.04109018936889497,-0.03765305626685764,-0.14983344707399027,0.1814009594510846,104,8,31,73,0,16,16,1998,0.2802802802802803,0.828502662677685,6534.772366949994,108.39308565845144,0,4.983045889843389,0.988801014590655,,10000.0,127.31724739152888,False,-0.8880022822068504
21b27fe0370ed597,breakout,15,12,1.0,0,both,3.0,6.0,0.0,72,1000.0,0.02,5,0.06,0.15,5,32,0.0005,0.1,-0.9730778927157068,-0.03416065140435598,-0.031104122129485597,-0.1497036736153281,0.2048773209948307,104,9,29,75,0,9,9,1788,0.28579418344519014,0.7820280989441276,4943.516336350012,122.56209080703698,0,4.994904853506846,0.9751670482799127,,10000.0,269.2210728429322,False,-0.8369295971438939
5e1039ebad318084,breakout,15,12,1.0,0,both,2.5,8.0,2.0,72,1000.0,0.02,5,0.06,0.15,5,32,0.0005,0.1,-0.9913800789274194,-0.044679559789563394,-0.04122722715257492,-0.14969139328524894,0.21558469569914873,104,7,30,74,0,13,13,2001,0.2908545727136432,0.7909275664491151,5410.143723899999,145.0310653741898,0,4.99945401159637,0.9924055233451609,,10000.0,86.19921072580568,False,-0.9079066853354719
04a4b5f94f290672,breakout,15,12,1.0,0,both,4.0,8.0,3.0,72,1000.0,0.02,5,0.06,0.15,5,32,0.0005,0.1,-0.947611963226212,-0.027958237396764618,-0.026028646629895996,-0.14291039102120773,0.15970511239707297,104,5,27,77,0,9,9,1681,0.297441998810232,0.7717199597438891,4633.56627314999,107.34445911211968,0,4.998922257286536,0.9506140625824829,,10000.0,523.88036773788,False,-0.7722648140704522
ab5761eb5baf5c24,breakout,15,12,1.0,0,long,1.5,2.0,0.0,72,1000.0,0.02,5,0.06,0.15,5,32,0.0005,0.1,-0.9974094551605567,-0.055659184696942976,-0.052957591084819726,-0.1498378247166401,0.1096312789181435,104,1,27,77,0,13,13,1742,0.3249138920780712,0.8081732857534958,7236.858865749994,1037.3485858555348,0,4.9986910443133485,0.9974621806682233,,10000.0,25.905448394433296,False,-0.9496173609754712
2c79cffe70608ce4,breakout,15,12,1.0,0,long,2.5,4.0,0.0,72,1000.0,0.02,5,0.06,0.15,5,32,0.0005,0.1,-0.897397992036763,-0.02165533011915932,-0.018716529788747903,-0.14976753523208874,0.23682246012875297,104,7,38,66,0,6,6,699,0.21602288984263232,0.8461398385318264,4684.5260183499995,2545.2302020176185,0,4.991940929095906,0.9311776855319678,,10000.0,1026.0200796323702,False,-0.6809268650521536
cce24e74d6ca58f8,breakout,15,12,1.0,0,long,3.0,6.0,0.0,72,1000.0,0.02,5,0.06,0.15,5,32,0.0005,0.1,-0.8599453469547464,-0.01872367125214658,-0.0162741066088523,-0.14938300399280935,0.22849359225698063,104,9,32,72,0,13,13,528,0.21212121212121213,0.7821944207230163,2668.2455747999993,1804.6532947474893,0,4.870542817771391,0.8735835522410543,,10000.0,1400.5465304525358,False,-0.6270146872034691
44d613f5997e4740,breakout,15,12,1.0,0,long,2.5,8.0,2.0,72,1000.0,0.02,5,0.06,0.15,5,32,0.0005,0.1,-0.9255951497289905,-0.024673527701346232,-0.022407602674624962,-0.14979266302357797,0.15189883222819867,104,6,34,70,0,14,14,803,0.2714819427148194,0.808386745821554,4986.39235375,1825.606043539878,0,4.985587257021845,0.9380950069884602,,10000.0,744.0485027100951,False,-0.7284344031838994
fd4a1cd6d515e3aa,breakout,15,12,1.0,0,long,4.0,8.0,3.0,72,1000.0,0.02,5,0.06,0.15,5,32,0.0005,0.1,-0.7643990301949137,-0.013803990033030344,-0.011872646998526654,-0.12137543165142295,0.1984469481059734,104,6,36,68,0,6,6,451,0.2638580931263858,0.7996878294428341,2367.2638864000032,1704.8846155491558,0,4.999220940228208,0.7895391469529492,,10000.0,2356.0096980508633,False,-0.5158086660287222
3cda754a03cad4b2,breakout,15,12,1.0,200,both,1.5,2.0,0.0,72,1000.0,0.02,5,0.06,0.15,5,32,0.0005,0.1,-0.9978109137854588,-0.05718690815354388,-0.05410180574123261,-0.1499467201110889,0.207841916074045,104,4,25,79,0,11,11,2471,0.33630109267503033,0.8648066889084196,10041.310620799964,432.68831705455955,0,4.972211630453838,0.9982043984437896,,10000.0,21.890862145411212,False,-0.9536988286843368
8066db5b217a9cda,breakout,15,12,1.0,200,both,2.5,4.0,0.0,72,1000.0,0.02,5,0.06,0.15,5,32,0.0005,0.1,-0.4033184398002161,-0.0049528067794781805,-0.0017178625992137913,-0.1499747718636565,0.19353453428997347,104,13,52,52,0,7,7,1186,0.2580101180438449,0.977568675936372,21442.47602680001,1113.3867712021665,0,4.999973923390038,0.7819600007122318,,10000.0,5966.81560199784,False,-0.22822881195461442
9b0e07d7cbde3faa,breakout,15,12,1.0,200,both,3.0,6.0,0.0,72,1000.0,0.02,5,0.06,0.15,5,32,0.0005,0.1,-0.3608229040842409,-0.004294346250299896,-0.0005826865030455453,-0.149553081986446,0.2521280755964719,104,10,48,56,0,6,6,943,0.24708377518557795,0.9624911309787554,10948.835786049993,987.8709547923298,0,4.997696732066796,0.7143210231259332,,10000.0,6391.770959157591,False,-0.20112496454651574
9a59339502dc98cc,breakout,15,12,1.0,200,both,2.5,8.0,2.0,72,1000.0,0.02,5,0.06,0.15,5,32,0.0005,0.1,-0.9119911685867736,-0.023097515805461266,-0.01978778619458972,-0.1499044149235047,0.20889054851746347,104,9,34,70,0,16,16,1360,0.28308823529411764,0.8849274152206233,9572.62256239999,685.2425234676939,0,4.999200198636603,0.9244262194129743,,10000.0,880.0883141322638,False,-0.7045651543635771
ad6389a78620cc0b,breakout,15,12,1.0,200,both,4.0,8.0,3.0,72,1000.0,0.02,5,0.06,0.15,5,32,0.0005,0.1,-0.11809149211971892,-0.0012076064184869395,0.0010763728667267476,-0.14312096546101605,0.20476451988414301,104,9,51,53,0,5,5,848,0.2641509433962264,0.9867424527710078,10221.003373599977,867.5359475971261,0,3.7931395985289313,0.610050858562742,,10000.0,8819.085078802811,False,-0.06110155708007281
18b08ba03663d72f,breakout,15,12,1.0,200,long,1.5,2.0,0.0,72,1000.0,0.02,5,0.06,0.15,5,32,0.0005,0.1,-0.985241020120657,-0.039726879426260076,-0.0375836192343214,-0.14021786736556552,0.18846213993933159,104,2,28,76,0,8,8,1346,0.33580980683506684,0.7813039414461792,6645.723339549998,882.3947616565383,0,4.99973741209454,0.9858372411208439,,10000.0,147.5897987934304,False,-0.8793844664066751
b3fb7f212ee5a37d,breakout,15,12,1.0,200,long,2.5,4.0,0.0,72,1000.0,0.02,5,0.06,0.15,5,32,0.0005,0.1,-0.705404597176476,-0.011682686404918874,-0.009277716736085986,-0.14586285106817765,0.14564362979035228,104,9,41,63,0,6,6,541,0.22365988909426987,0.8819747266906189,5423.905034549996,2405.325237214741,0,4.997583873683267,0.7861975902335654,,10000.0,2945.9540282352395,False,-0.45836453358672746
85dec165876f638b,breakout,15,12,1.0,200,long,3.0,6.0,0.0,72,1000.0,0.02,5,0.06,0.15,5,32,0.0005,0.1,-0.6923235137895576,-0.01126973095445416,-0.008977186078992573,-0.13643604632886397,0.16534619038699572,104,9,42,62,0,6,6,406,0.21428571428571427,0.8317996416761944,3110.4736457999966,1994.8884920955975,0,4.9962171773267166,0.7301013439794506,,10000.0,3076.764862104424,False,-0.4464288244109198
bd6f425ef6dcb67a,breakout,15,12,1.0,200,long,2.5,8.0,2.0,72,1000.0,0.02,5,0.06,0.15,5,32,0.0005,0.1,-0.7183602938198153,-0.012109986912551829,-0.010294691116297137,-0.12386782028810661,0.13230076127594237,104,7,44,60,0,5,5,613,0.28548123980424145,0.8647707637516635,6377.0262668000005,1861.031471398135,0,4.998921828623238,0.764918533877135,,10000.0,2816.3970618018475,False,-0.4704490921704594
adb2954a1bb5caa9,breakout,15,12,1.0,200,long,4.0,8.0,3.0,72,1000.0,0.02,5,0.06,0.15,5,32,0.0005,0.1,-0.44459444434564255,-0.005638435374651585,-0.0042683690129004396,-0.1027792368259407,0.13131173787513917,104,4,42,62,0,5,5,327,0.28440366972477066,0.8729648229414686,2433.785180650004,1842.5939628064298,0,4.514770323566165,0.5321543131620079,,10000.0,5554.055556543574,False,-0.2554922409281871
641878d3218a32c7,breakout,15,48,0.0,0,both,1.5,2.0,0.0,72,1000.0,0.02,5,0.06,0.15,5,32,0.0005,0.1,-0.9838180927391506,-0.0388766423313025,-0.03553474537047875,-0.14991290719905348,0.19936797298495024,104,6,37,67,0,7,7,1771,0.34217955957086393,0.8392319908400865,8659.550575550005,168.70445184149835,0,4.997128563531726,0.9860895922785811,,10000.0,161.81907260849488,False,-0.8736840624590622
ca3fbfd6a8835126,breakout,15,48,0.0,0,both,2.5,4.0,0.0,72,1000.0,0.02,5,0.06,0.15,5,32,0.0005,0.1,-0.8844270868778112,-0.0205348219208763,-0.017086815147517274,-0.14964298938913467,0.2243832714787075,104,8,40,64,0,12,12,1003,0.25523429710867396,0.8649766582117242,6361.303521150003,536.0366476280982,0,4.998839633747201,0.9074850464874568,,10000.0,1155.729131221888,False,-0.6612895641414884
bdf16ee02b9fdae2,breakout,15,48,0.0,0,both,3.0,6.0,0.0,72,1000.0,0.02,5,0.06,0.15,5,32,0.0005,0.1,-0.7532034510379554,-0.013363662010464683,-0.010233034303741617,-0.14904171967838864,0.285801552836626,104,10,43,61,0,6,6,818,0.27383863080684595,0.8773660908551133,5584.150911500011,473.9451988795749,0,4.997656764912107,0.8065574275885179,,10000.0,2467.965489620446,False,-0.5043987105194849
c66814b7c27c0b53,breakout,15,48,0.0,0,both,2.5,8.0,2.0,72,1000.0,0.02,5,0.06,0.15,5,32,0.0005,0.1,-0.9207928911785929,-0.024086796317105752,-0.021309193443609483,-0.14785499058960527,0.19119770185974927,104,7,35,69,0,10,10,1026,0.2777777777777778,0.8305504348733787,5685.196844750011,347.6361670359203,0,4.999575780918112,0.9327524370913792,,10000.0,792.0710882140713,False,-0.7197777811970961
f9aa7f98ea59890b,breakout,15,48,0.0,0,both,4.0,8.0,3.0,72,1000.0,0.02,5,0.06,0.15,5,32,0.0005,0.1,-0.5270050193066578,-0.0071729058571881055,-0.005165191963395491,-0.10032815267245809,0.17987557077368432,104,8,37,67,0,8,8,709,0.31170662905500707,0.9065096297019705,4913.302437299988,434.1489557665851,0,4.459104813808849,0.6330912108137723,,10000.0,4729.949806933422,False,-0.31313192109078813
3ad9a0319e404002,breakout,15,48,0.0,0,long,1.5,2.0,0.0,72,1000.0,0.02,5,0.06,0.15,5,32,0.0005,0.1,-0.9112803544672192,-0.023021951530521,-0.020828877215968926,-0.14545935818591316,0.20662557250029878,104,5,33,71,0,6,6,885,0.3446327683615819,0.8166362905157363,7882.499519549999,635.8493251221954,0,4.999115347325224,0.919575936016032,,10000.0,887.1964553278073,False,-0.7033704232994603
50ab703df3ce76f9,breakout,15,48,0.0,0,long,2.5,4.0,0.0,72,1000.0,0.02,5,0.06,0.15,5,32,0.0005,0.1,-0.6719184356025351,-0.010659064370092786,-0.00828645618246555,-0.13924063701385314,0.20347297123012176,104,10,42,62,0,6,6,487,0.21971252566735114,0.8754416354499687,4926.080864599995,1845.3770914253082,0,4.998723078178272,0.7306646036460752,,10000.0,3280.8156439746494,False,-0.4283044327259792
a428764c3d6ba940,breakout,15,48,0.0,0,long,3.0,6.0,0.0,72,1000.0,0.02,5,0.06,0.15,5,32,0.0005,0.1,-0.8078545553321987,-0.015735485583705966,-0.013491984393308197,-0.1274399580951202,0.1888981810653656,104,7,40,64,0,9,9,390,0.18717948717948718,0.8006664031783384,2966.734383750001,1837.0044695720028,0,4.996790878187494,0.8507240210827609,,10000.0,1921.4544466780128,False,-0.5628883356371286
5ca9d635b3a08447,breakout,15,48,0.0,0,long,2.5,8.0,2.0,72,1000.0,0.02,5,0.06,0.15,5,32,0.0005,0.1,-0.7225325708739747,-0.01225174905084625,-0.010340614759236902,-0.12109659731138067,0.14601858898970277,104,5,37,67,0,6,6,497,0.2796780684104628,0.8452365577409151,5359.416651450007,1385.3549572897316,0,4.997916531012319,0.7994412704047116,,10000.0,2774.6742912602535,False,-0.474399562656992
b41824425b9b0d05,breakout,15,48,0.0,0,long,4.0,8.0,3.0,72,1000.0,0.02,5,0.06,0.15,5,32,0.0005,0.1,-0.6115222633874913,-0.009050329830106563,-0.0075205473214021035,-0.0977907703225912,0.15137423684569562,104,7,32,72,0,7,7,329,0.25227963525835867,0.8280003009605835,2384.2491829999994,1656.9594508749055,0,4.332757662833006,0.6922687554108051,,10000.0,3884.777366125088,False,-0.3777251827836303
9bb1832d384857af,breakout,15,48,0.0,200,both,1.5,2.0,0.0,72,1000.0,0.02,5,0.06,0.15,5,32,0.0005,0.1,-0.9645155383548607,-0.03159268828199069,-0.0280515422726963,-0.1498012691997771,0.1838415684892969,104,7,38,66,0,7,7,1628,0.34828009828009826,0.855652251725557,9746.081897650007,198.7387858986066,0,4.999175330341144,0.9694965913904868,,10000.0,354.8446164513932,False,-0.8126971369275504
0149ebb9a83c866f,breakout,15,48,0.0,200,both,2.5,4.0,0.0,72,1000.0,0.02,5,0.06,0.15,5,32,0.0005,0.1,-0.7147494392493523,-0.011988969260956384,-0.00851072681896369,-0.14871836959788243,0.2739537812426731,104,11,43,61,0,12,12,879,0.24914675767918087,0.9166595142288488,8583.045160349988,760.4567321435384,0,4.999861570516617,0.772739786339401,,10000.0,2852.505607506477,False,-0.46705367510724727
e8e482b35ca22770,breakout,15,48,0.0,200,both,3.0,6.0,0.0,72,1000.0,0.02,5,0.06,0.15,5,32,0.0005,0.1,-0.24057173862012482,-0.0026425543713562982,0.0008088867855621485,-0.14927908889317465,0.3122237174389424,104,18,44,60,0,6,6,705,0.25390070921985813,0.9685487278911579,7287.831746600007,803.9732396012861,0,4.938135613190526,0.556822263033762,,10000.0,7594.282613798751,False,-0.12895738994254535
3aebb3c78953447f,breakout,15,48,0.0,200,both,2.5,8.0,2.0,72,1000.0,0.02,5,0.06,0.15,5,32,0.0005,0.1,-0.8000868766249057,-0.015360349903979498,-0.012331799313254229,-0.14624632076270327,0.19292883733189048,104,8,40,64,0,10,10,928,0.28879310344827586,0.8850602266521808,7690.612566399988,501.1373998490797,0,4.997946123554861,0.8451025846569105,,10000.0,1999.1312337509428,False,-0.5541103654309436
981c1aeb3db8308a,breakout,15,48,0.0,200,both,4.0,8.0,3.0,72,1000.0,0.02,5,0.06,0.15,5,32,0.0005,0.1,-0.2668703963053708,-0.0029804801012994764,-0.0007967460178428201,-0.10100962950184567,0.1696805157797534,104,11,41,63,0,8,8,611,0.29132569558101473,0.95705605918131,5374.011316749992,681.598146303699,0,4.458591005490862,0.5181387282098245,,10000.0,7331.296036946292,False,-0.1442236541566264
a17fe7ebc4500b84,breakout,15,48,0.0,200,long,1.5,2.0,0.0,72,1000.0,0.02,5,0.06,0.15,5,32,0.0005,0.1,-0.8125322093975682,-0.015968705568692676,-0.014002199122490008,-0.14557987339482947,0.1952214802135226,104,6,40,64,0,6,6,810,0.35802469135802467,0.8471354105548223,8820.784767999992,631.6887259756704,0,4.999628772004987,0.8341488665650795,,10000.0,1874.6779060243173,False,-0.5682598758380115
fd54ce0ed6fdac0a,breakout,15,48,0.0,200,long,2.5,4.0,0.0,72,1000.0,0.02,5,0.06,0.15,5,32,0.0005,0.1,-0.5121070993872786,-0.006876816531798169,-0.004968437680575899,-0.1286790273091205,0.12977009830497144,104,8,41,63,0,6,6,435,0.22758620689655173,0.9063608716845014,5129.450322800004,1824.4740710727622,0,4.999367667256452,0.6266244871617612,,10000.0,4878.929006127214,False,-0.30236171920722843
bd3cbec027e53772,breakout,15,48,0.0,200,long,3.0,6.0,0.0,72,1000.0,0.02,5,0.06,0.15,5,32,0.0005,0.1,-0.5739665702707601,-0.008170643714410453,-0.006170621336929666,-0.11898427821911695,0.18889854625317581,104,7,42,62,0,9,9,342,0.2046783625730994,0.8680682535027735,3411.86473275,1966.9766699576167,0,4.998012277072699,0.6954151557258531,,10000.0,4260.334297292398,False,-0.34823745472555045
9be7b92fdce0adf7,breakout,15,48,0.0,200,long,2.5,8.0,2.0,72,1000.0,0.02,5,0.06,0.15,5,32,0.0005,0.1,-0.48667103850044424,-0.0063913951701944915,-0.004803042700776152,-0.12472901888537735,0.14612439203926475,104,5,43,61,0,5,5,443,0.29571106094808125,0.9010913317614613,5921.40303645,1423.2018485544288,0,4.997916476080526,0.67215141190139,,10000.0,5133.289614995558,False,-0.28434516910537544
a02582ef15ef6cc5,breakout,15,48,0.0,200,long,4.0,8.0,3.0,72,1000.0,0.02,5,0.06,0.15,5,32,0.0005,0.1,-0.40903504498470633,-0.005044909951861354,-0.003707973636222658,-0.08786794272057419,0.15200624709810606,104,6,34,70,0,7,7,295,0.26440677966101694,0.877978272921399,2325.79062195,1578.6121278970643,0,4.333118082261553,0.524175837347584,,10000.0,5909.649550152937,False,-0.23194736919089065
53d5e0f86d71c204,breakout,15,48,1.0,0,both,1.5,2.0,0.0,72,1000.0,0.02,5,0.06,0.15,5,32,0.0005,0.1,-0.983265252782522,-0.03856613596645053,-0.03521350243209121,-0.14986843626338875,0.2015795337474171,104,6,36,68,0,7,7,1759,0.34223990903922685,0.8414925527654233,8793.853574449999,165.65225337519888,0,4.999839621968183,0.9856143560114693,,10000.0,167.3474721747803,False,-0.8715370844270314
848e8a5a3be89247,breakout,15,48,1.0,0,both,2.5,4.0,0.0,72,1000.0,0.02,5,0.06,0.15,5,32,0.0005,0.1,-0.8981256611883444,-0.021722282557615546,-0.01852117288578982,-0.1495356454554161,0.2243832714787075,104,7,40,64,0,12,12,999,0.25225225225225223,0.8460949509567987,5557.716508800001,505.2035030834556,0,4.998100516673385,0.918449681302126,,10000.0,1018.7433881165566,False,-0.6820641982374127
71b4a9f0e9a06c5d,breakout,15,48,1.0,0,both,3.0,6.0,0.0,72,1000.0,0.02,5,0.06,0.15,5,32,0.0005,0.1,-0.7464879887105538,-0.013108935652266118,-0.010043186390457873,-0.149031643258966,0.2514539880197393,104,10,43,61,0,6,6,813,0.27552275522755226,0.8814793970890122,5749.05503615001,469.2351509555613,0,4.999651524227152,0.8033419926265346,,10000.0,2535.120112894463,False,-0.497678165179127
22a45e74a9859e36,breakout,15,48,1.0,0,both,2.5,8.0,2.0,72,1000.0,0.02,5,0.06,0.15,5,32,0.0005,0.1,-0.9266489331966383,-0.02480728908376051,-0.022074329747154217,-0.1468684876644044,0.18992095485377525,104,6,36,68,0,10,10,1027,0.2775073028237585,0.8220700158106237,5386.899047950013,345.58158401637047,0,4.984253906164941,0.9376865903974173,,10000.0,733.5106680336169,False,-0.7303708941420523
9fa3f7134c88fa6d,breakout,15,48,1.0,0,both,4.0,8.0,3.0,72,1000.0,0.02,5,0.06,0.15,5,32,0.0005,0.1,-0.5618016023548125,-0.007902108158450716,-0.005935154056244312,-0.10032362492065605,0.17962782642851538,104,6,37,67,0,8,8,707,0.30975954738330974,0.8971764797721733,4684.485506049993,419.1942174981184,0,4.456945926484899,0.6599018880682036,,10000.0,4381.983976451876,False,-0.33896596458524575
7baefd97bd9ed364,breakout,15,48,1.0,0,long,1.5,2.0,0.0,72,1000.0,0.02,5,0.06,0.15,5,32,0.0005,0.1,-0.9015900966054959,-0.02204768108860189,-0.019898481232910437,-0.1454653435748794,0.20652110827209746,104,4,33,71,0,6,6,877,0.346636259977195,0.8253592492983991,8269.896846700014,653.740319354949,0,4.998194016696134,0.9107917494515757,,10000.0,984.0990339450402,False,-0.6875354222539264
405eae534ab7422a,breakout,15,48,1.0,0,long,2.5,4.0,0.0,72,1000.0,0.02,5,0.06,0.15,5,32,0.0005,0.1,-0.6380027259481715,-0.00972279612101734,-0.007361563415962871,-0.13926520701785516,0.20346117310908785,104,10,44,60,0,5,5,482,0.22199170124481327,0.8822338887202751,4982.322677449999,1854.623882031668,0,4.999466724509098,0.7026849188086284,,10000.0,3619.9727405182853,False,-0.39938042982485267
570d4014e54f02c2,breakout,15,48,1.0,0,long,3.0,6.0,0.0,72,1000.0,0.02,5,0.06,0.15,5,32,0.0005,0.1,-0.7938865190031389,-0.015071126280295388,-0.01283584981195109,-0.12746849566134533,0.18889754969587735,104,7,41,63,0,9,9,387,0.18863049095607234,0.8059207662658009,3019.0581662500003,1849.6595237813904,0,4.997132329979845,0.8398802960394696,,10000.0,2061.134809968611,False,-0.5472248706590701
95ab8e88b063228a,breakout,15,48,1.0,0,long,2.5,8.0,2.0,72,1000.0,0.02,5,0.06,0.15,5,32,0.0005,0.1,-0.7174837246441935,-0.012080468086158813,-0.010190504155269533,-0.12116381643172736,0.13661688195328936,104,6,37,67,0,6,6,495,0.2787878787878788,0.8459027116538064,5358.71979374999,1362.8971526919247,0,4.9971715899495415,0.7994503102147897,,10000.0,2825.1627535580647,False,-0.46962283816075023
78d37a77931fd31c,breakout,15,48,1.0,0,long,4.0,8.0,3.0,72,1000.0,0.02,5,0.06,0.15,5,32,0.0005,0.1,-0.6213646322914614,-0.009294818503105762,-0.007755329787817593,-0.097752425117823,0.1513113210821626,104,7,32,72,0,7,7,329,0.24924012158054712,0.8165111269598272,2261.0486471000017,1591.0200758146266,0,4.334487327376194,0.6889434866582225,,10000.0,3786.3536770853852,False,-0.38568555671341576
5463e217f4397789,breakout,15,48,1.0,200,both,1.5,2.0,0.0,72,1000.0,0.02,5,0.06,0.15,5,32,0.0005,0.1,-0.9643402944367581,-0.03154681397301584,-0.02803890591090967,-0.14983324651658236,0.18354781296415612,104,6,39,65,0,7,7,1627,0.34972341733251383,0.8562300063912104,9782.904316499982,199.13942786755166,0,4.9969345546650965,0.9693459469508536,,10000.0,356.5970556324196,False,-0.8122336199015179
7bf5deb6c9900c4e,breakout,15,48,1.0,200,both,2.5,4.0,0.0,72,1000.0,0.02,5,0.06,0.15,5,32,0.0005,0.1,-0.7485742988630151,-0.01318734938962629,-0.009942419536647306,-0.14869113135304435,0.27368601387160596,104,10,42,62,0,12,12,874,0.2471395881006865,0.9043705177782156,7723.679011250012,730.8940773801668,0,4.998620313278838,0.7996789875601652,,10000.0,2514.257011369849,False,-0.4997564522932161
4156ace815448d23,breakout,15,48,1.0,200,both,3.0,6.0,0.0,72,1000.0,0.02,5,0.06,0.15,5,32,0.0005,0.1,-0.12188918873185717,-0.0012490508682667656,0.0021256659224617724,-0.14926307980012732,0.3125884893919615,104,16,44,60,0,6,6,697,0.2568149210903874,0.9853406159615858,7988.007486750009,814.1339005685611,0,4.296166138552046,0.5451714808340182,,10000.0,8781.108112681428,False,-0.06313219261390268
d19ef33d18273068,breakout,15,48,1.0,200,both,2.5,8.0,2.0,72,1000.0,0.02,5,0.06,0.15,5,32,0.0005,0.1,-0.8004514245190851,-0.015377630142605736,-0.012407409934632583,-0.1446380581899961,0.19048098225001198,104,8,40,64,0,10,10,927,0.2891046386192017,0.8823519122034035,7488.50323750001,500.1284076908706,0,4.999592016285927,0.8398996153840749,,10000.0,1995.4857548091484,False,-0.5545184855832272
062ae56a220a02d6,breakout,15,48,1.0,200,both,4.0,8.0,3.0,72,1000.0,0.02,5,0.06,0.15,5,32,0.0005,0.1,-0.2383768878782767,-0.0026148776317928,-0.00046434200310029467,-0.10098464253669526,0.15345218713008757,104,10,43,61,0,6,6,606,0.29042904290429045,0.9626433350339408,5503.355833750006,659.034545032788,0,4.4123494425214105,0.5173108120589521,,10000.0,7616.231121217233,False,-0.12769528583013157
abfe696346580d89,breakout,15,48,1.0,200,long,1.5,2.0,0.0,72,1000.0,0.02,5,0.06,0.15,5,32,0.0005,0.1,-0.7916407886836418,-0.014968492557422386,-0.013103012511052857,-0.1455248087481985,0.19540366723855618,104,5,40,64,0,6,6,802,0.36034912718204487,0.857256975527102,9299.134390399986,659.3572964364099,0,4.9995810083752,0.8156737695991316,,10000.0,2083.592113163581,False,-0.5447565047226806
2c52764d4a911afc,breakout,15,48,1.0,200,long,2.5,4.0,0.0,72,1000.0,0.02,5,0.06,0.15,5,32,0.0005,0.1,-0.46071178800543244,-0.005919956963117756,-0.004021006559047578,-0.12858131714256849,0.1298724458255167,104,8,42,62,0,6,6,430,0.2302325581395349,0.9162432854877061,5203.447036649998,1845.8165434043121,0,4.998666758247601,0.5752384458210653,,10000.0,5392.882119945676,False,-0.2664110951758628
bb4ba61aca2fa1be,breakout,15,48,1.0,200,long,3.0,6.0,0.0,72,1000.0,0.02,5,0.06,0.15,5,32,0.0005,0.1,-0.5420871477450886,-0.00748221771569646,-0.005505335044669942,-0.11891847208387096,0.18895204287095768,104,7,42,62,0,9,9,339,0.20648967551622419,0.8768788137856576,3491.1655754000017,2001.2603020509075,0,4.997478554355326,0.6796422162087938,,10000.0,4579.128522549115,False,-0.3242089058740052
cd40a69e92a10122,breakout,15,48,1.0,200,long,2.5,8.0,2.0,72,1000.0,0.02,5,0.06,0.15,5,32,0.0005,0.1,-0.4799934446041537,-0.006267907476819934,-0.0047156379532456725,-0.12810492735729917,0.13623687535810203,104,6,43,61,0,5,5,441,0.2947845804988662,0.9017626224592623,5903.891463399994,1398.5361826415601,0,4.998775733579645,0.6733614262756198,,10000.0,5200.065553958463,False,-0.27968955434825615
2fce37d3169ddbeb,breakout,15,48,1.0,200,long,4.0,8.0,3.0,72,1000.0,0.02,5,0.06,0.15,5,32,0.0005,0.1,-0.39953137166520647,-0.004892271371346513,-0.0035598418332137773,-0.10577607272878653,0.1513384048357469,104,6,34,70,0,7,7,294,0.2653061224489796,0.8795129224483317,2304.3107366000013,1572.3523800520688,0,4.333921044291064,0.5262248859951671,,10000.0,6004.686283347935,False,-0.22577515486851718
9818cfff8d76c6f7,breakout,15,192,0.0,0,both,1.5,2.0,0.0,72,1000.0,0.02,5,0.06,0.15,5,32,0.0005,0.1,-0.8406201385359883,-0.017503321556736617,-0.015619830940075095,-0.14547575561900095,0.17878287521715786,104,6,40,64,0,9,9,755,0.3403973509933775,0.7951840957311972,5678.230283249993,243.782202109878,0,4.997957368283352,0.8705518356445975,,10000.0,1593.7986146401172,False,-0.602025275182966
5a451e4cf7a270c4,breakout,15,192,0.0,0,both,2.5,4.0,0.0,72,1000.0,0.02,5,0.06,0.15,5,32,0.0005,0.1,-0.6867575464510179,-0.011099268279124774,-0.009052524255606173,-0.11258801922707384,0.18115727560134132,104,8,45,59,0,6,6,451,0.21729490022172948,0.8111605917285674,2882.665595300001,572.9586692101917,0,4.999883385202723,0.7088934214132856,,10000.0,3132.4245354898208,False,-0.4414270343773943
a89a490323874c09,breakout,15,192,0.0,0,both,3.0,6.0,0.0,72,1000.0,0.02,5,0.06,0.15,5,32,0.0005,0.1,-0.6826295973355425,-0.010974772562782786,-0.009260134518036988,-0.10424795786305696,0.13784159928710804,104,6,41,63,0,12,12,375,0.22133333333333333,0.7535639915284885,1914.1433169500021,751.3963564054285,0,4.563774229301134,0.7698365568273127,,10000.0,3173.7040266445742,False,-0.4377460443762229
ef158386364bc454,breakout,15,192,0.0,0,both,2.5,8.0,2.0,72,1000.0,0.02,5,0.06,0.15,5,32,0.0005,0.1,-0.6372202269982385,-0.00970223544226645,-0.007902010085666078,-0.1438744627673464,0.16631515392904594,104,8,42,62,0,6,6,446,0.2757847533632287,0.7898237457201481,3150.0645244500015,387.7616455323975,0,4.997942556833955,0.6407944847482548,,10000.0,3627.7977300176153,False,-0.39872941007251705
d0ee961a7d7d27e4,breakout,15,192,0.0,0,both,4.0,8.0,3.0,72,1000.0,0.02,5,0.06,0.15,5,32,0.0005,0.1,-0.5956770009992349,-0.008669329846159868,-0.00728432007713937,-0.09973922340606312,0.14146100322218524,104,5,38,66,0,7,7,333,0.2702702702702703,0.7574510279880969,1509.1984014999996,563.2814084923615,0,3.7241246916478117,0.7394821172835417,,10000.0,4043.22999000765,False,-0.3651179999481591
a89395fa1ef5480f,breakout,15,192,0.0,0,long,1.5,2.0,0.0,72,1000.0,0.02,5,0.06,0.15,5,32,0.0005,0.1,-0.47924688628744994,-0.006254199217057943,-0.005407530650775348,-0.09485848753846504,0.14253514975495474,104,1,38,60,6,8,9,385,0.36103896103896105,0.8636409865139626,5818.875053350002,449.5723095245027,0,4.999764519568108,0.5605241801838532,,10000.0,5207.5311371255,False,-0.2791709104185598
cc5f22b7efda4bd2,breakout,15,192,0.0,0,long,2.5,4.0,0.0,72,1000.0,0.02,5,0.06,0.15,5,32,0.0005,0.1,-0.4995019093316645,-0.006633205358385186,-0.005837995993039274,-0.08414842530213928,0.15572857070237545,104,2,38,60,6,6,6,221,0.2171945701357466,0.8208171974661592,2444.99084505,1010.6385482666504,0,4.9990849924515866,0.5469231611854736,,10000.0,5004.980906683355,False,-0.2933763424507322
551f3ba369c7c34a,breakout,15,192,0.0,0,long,3.0,6.0,0.0,72,1000.0,0.02,5,0.06,0.15,5,32,0.0005,0.1,-0.5000536063772433,-0.006643739804362836,-0.005957565753552731,-0.07742660820411962,0.12343092019782587,104,1,36,63,5,9,9,185,0.22702702702702704,0.7560801244053034,1578.6191458500005,1196.6594179224533,0,4.565627998248945,0.5376558206215398,,10000.0,4999.4639362275675,False,-0.2937672334362371
1922ac748395b5cf,breakout,15,192,0.0,0,long,2.5,8.0,2.0,72,1000.0,0.02,5,0.06,0.15,5,32,0.0005,0.1,-0.3307646030955359,-0.003854278290990165,-0.003046518331342127,-0.09511081195806892,0.15861853492603162,104,3,40,58,6,9,9,217,0.2764976958525346,0.8570974744728486,2672.2264082,743.6368227553661,0,4.653069770737131,0.40582107669602163,,10000.0,6692.3539690446405,False,-0.1824924695319613
bf82779ced7e87fc,breakout,15,192,0.0,0,long,4.0,8.0,3.0,72,1000.0,0.02,5,0.06,0.15,5,32,0.0005,0.1,-0.3847066794398638,-0.00465888454181651,-0.003982384652962939,-0.06406101106647222,0.1285369734527766,104,3,35,64,5,7,7,166,0.27710843373493976,0.7989820722996416,1291.5317543499998,1015.686940048617,0,3.724202084540945,0.4459684134830726,,10000.0,6152.933205601362,False,-0.216243563623168
9d19cda9b086d8b8,breakout,15,192,0.0,200,both,1.5,2.0,0.0,72,1000.0,0.02,5,0.06,0.15,5,32,0.0005,0.1,-0.8406201385359883,-0.017503321556736617,-0.015619830940075095,-0.14547575561900095,0.17878287521715786,104,6,40,64,0,9,9,755,0.3403973509933775,0.7951840957311972,5678.230283249993,243.782202109878,0,4.997957368283352,0.8705518356445975,,10000.0,1593.7986146401172,False,-0.602025275182966
9ac7a7368a69a730,breakout,15,192,0.0,200,both,2.5,4.0,0.0,72,1000.0,0.02,5,0.06,0.15,5,32,0.0005,0.1,-0.6867575464510179,-0.011099268279124774,-0.009052524255606173,-0.11258801922707384,0.18115727560134132,104,8,45,59,0,6,6,451,0.21729490022172948,0.8111605917285674,2882.665595300001,572.9586692101917,0,4.999883385202723,0.7088934214132856,,10000.0,3132.4245354898208,False,-0.4414270343773943
edb4040ba6397658,breakout,15,192,0.0,200,both,3.0,6.0,0.0,72,1000.0,0.02,5,0.06,0.15,5,32,0.0005,0.1,-0.6826295973355425,-0.010974772562782786,-0.009260134518036988,-0.10424795786305696,0.13784159928710804,104,6,41,63,0,12,12,375,0.22133333333333333,0.7535639915284885,1914.1433169500021,751.3963564054285,0,4.563774229301134,0.7698365568273127,,10000.0,3173.7040266445742,False,-0.4377460443762229
55b4d5903e9a7a61,breakout,15,192,0.0,200,both,2.5,8.0,2.0,72,1000.0,0.02,5,0.06,0.15,5,32,0.0005,0.1,-0.6372202269982385,-0.00970223544226645,-0.007902010085666078,-0.1438744627673464,0.16631515392904594,104,8,42,62,0,6,6,446,0.2757847533632287,0.7898237457201481,3150.0645244500015,387.7616455323975,0,4.997942556833955,0.6407944847482548,,10000.0,3627.7977300176153,False,-0.39872941007251705
a3c7c0f1e9b0d403,breakout,15,192,0.0,200,both,4.0,8.0,3.0,72,1000.0,0.02,5,0.06,0.15,5,32,0.0005,0.1,-0.5956770009992349,-0.008669329846159868,-0.00728432007713937,-0.09973922340606312,0.14146100322218524,104,5,38,66,0,7,7,333,0.2702702702702703,0.7574510279880969,1509.1984014999996,563.2814084923615,0,3.7241246916478117,0.7394821172835417,,10000.0,4043.22999000765,False,-0.3651179999481591
e2a21c41f4a578f5,breakout,15,192,0.0,200,long,1.5,2.0,0.0,72,1000.0,0.02,5,0.06,0.15,5,32,0.0005,0.1,-0.47924688628744994,-0.006254199217057943,-0.005407530650775348,-0.09485848753846504,0.14253514975495474,104,1,38,60,6,8,9,385,0.36103896103896105,0.8636409865139626,5818.875053350002,449.5723095245027,0,4.999764519568108,0.5605241801838532,,10000.0,5207.5311371255,False,-0.2791709104185598
0548d268fe26e59f,breakout,15,192,0.0,200,long,2.5,4.0,0.0,72,1000.0,0.02,5,0.06,0.15,5,32,0.0005,0.1,-0.4995019093316645,-0.006633205358385186,-0.005837995993039274,-0.08414842530213928,0.15572857070237545,104,2,38,60,6,6,6,221,0.2171945701357466,0.8208171974661592,2444.99084505,1010.6385482666504,0,4.9990849924515866,0.5469231611854736,,10000.0,5004.980906683355,False,-0.2933763424507322
1481d04961ba4920,breakout,15,192,0.0,200,long,3.0,6.0,0.0,72,1000.0,0.02,5,0.06,0.15,5,32,0.0005,0.1,-0.5000536063772433,-0.006643739804362836,-0.005957565753552731,-0.07742660820411962,0.12343092019782587,104,1,36,63,5,9,9,185,0.22702702702702704,0.7560801244053034,1578.6191458500005,1196.6594179224533,0,4.565627998248945,0.5376558206215398,,10000.0,4999.4639362275675,False,-0.2937672334362371
e731ec3f8b49e9aa,breakout,15,192,0.0,200,long,2.5,8.0,2.0,72,1000.0,0.02,5,0.06,0.15,5,32,0.0005,0.1,-0.3307646030955359,-0.003854278290990165,-0.003046518331342127,-0.09511081195806892,0.15861853492603162,104,3,40,58,6,9,9,217,0.2764976958525346,0.8570974744728486,2672.2264082,743.6368227553661,0,4.653069770737131,0.40582107669602163,,10000.0,6692.3539690446405,False,-0.1824924695319613
30ae9a2437dcd8df,breakout,15,192,0.0,200,long,4.0,8.0,3.0,72,1000.0,0.02,5,0.06,0.15,5,32,0.0005,0.1,-0.3847066794398638,-0.00465888454181651,-0.003982384652962939,-0.06406101106647222,0.1285369734527766,104,3,35,64,5,7,7,166,0.27710843373493976,0.7989820722996416,1291.5317543499998,1015.686940048617,0,3.724202084540945,0.4459684134830726,,10000.0,6152.933205601362,False,-0.216243563623168
a6fef0417f3a5f48,breakout,15,192,1.0,0,both,1.5,2.0,0.0,72,1000.0,0.02,5,0.06,0.15,5,32,0.0005,0.1,-0.8406201385359883,-0.017503321556736617,-0.015619830940075095,-0.14547575561900095,0.17878287521715786,104,6,40,64,0,9,9,755,0.3403973509933775,0.7951840957311972,5678.230283249993,243.782202109878,0,4.997957368283352,0.8705518356445975,,10000.0,1593.7986146401172,False,-0.602025275182966
776e0158d231fde3,breakout,15,192,1.0,0,both,2.5,4.0,0.0,72,1000.0,0.02,5,0.06,0.15,5,32,0.0005,0.1,-0.6867575464510179,-0.011099268279124774,-0.009052524255606173,-0.11258801922707384,0.18115727560134132,104,8,45,59,0,6,6,451,0.21729490022172948,0.8111605917285674,2882.665595300001,572.9586692101917,0,4.999883385202723,0.7088934214132856,,10000.0,3132.4245354898208,False,-0.4414270343773943
8cec252f5b357d78,breakout,15,192,1.0,0,both,3.0,6.0,0.0,72,1000.0,0.02,5,0.06,0.15,5,32,0.0005,0.1,-0.6826295973355425,-0.010974772562782786,-0.009260134518036988,-0.10424795786305696,0.13784159928710804,104,6,41,63,0,12,12,375,0.22133333333333333,0.7535639915284885,1914.1433169500021,751.3963564054285,0,4.563774229301134,0.7698365568273127,,10000.0,3173.7040266445742,False,-0.4377460443762229
82b52348f7235685,breakout,15,192,1.0,0,both,2.5,8.0,2.0,72,1000.0,0.02,5,0.06,0.15,5,32,0.0005,0.1,-0.6372202269982385,-0.00970223544226645,-0.007902010085666078,-0.1438744627673464,0.16631515392904594,104,8,42,62,0,6,6,446,0.2757847533632287,0.7898237457201481,3150.0645244500015,387.7616455323975,0,4.997942556833955,0.6407944847482548,,10000.0,3627.7977300176153,False,-0.39872941007251705
0282aadaac7f9c14,breakout,15,192,1.0,0,both,4.0,8.0,3.0,72,1000.0,0.02,5,0.06,0.15,5,32,0.0005,0.1,-0.5956770009992349,-0.008669329846159868,-0.00728432007713937,-0.09973922340606312,0.14146100322218524,104,5,38,66,0,7,7,333,0.2702702702702703,0.7574510279880969,1509.1984014999996,563.2814084923615,0,3.7241246916478117,0.7394821172835417,,10000.0,4043.22999000765,False,-0.3651179999481591
0b917081738e6b45,breakout,15,192,1.0,0,long,1.5,2.0,0.0,72,1000.0,0.02,5,0.06,0.15,5,32,0.0005,0.1,-0.47924688628744994,-0.006254199217057943,-0.005407530650775348,-0.09485848753846504,0.14253514975495474,104,1,38,60,6,8,9,385,0.36103896103896105,0.8636409865139626,5818.875053350002,449.5723095245027,0,4.999764519568108,0.5605241801838532,,10000.0,5207.5311371255,False,-0.2791709104185598
b4082306802c7303,breakout,15,192,1.0,0,long,2.5,4.0,0.0,72,1000.0,0.02,5,0.06,0.15,5,32,0.0005,0.1,-0.4995019093316645,-0.006633205358385186,-0.005837995993039274,-0.08414842530213928,0.15572857070237545,104,2,38,60,6,6,6,221,0.2171945701357466,0.8208171974661592,2444.99084505,1010.6385482666504,0,4.9990849924515866,0.5469231611854736,,10000.0,5004.980906683355,False,-0.2933763424507322
ad298bca3cc18357,breakout,15,192,1.0,0,long,3.0,6.0,0.0,72,1000.0,0.02,5,0.06,0.15,5,32,0.0005,0.1,-0.5000536063772433,-0.006643739804362836,-0.005957565753552731,-0.07742660820411962,0.12343092019782587,104,1,36,63,5,9,9,185,0.22702702702702704,0.7560801244053034,1578.6191458500005,1196.6594179224533,0,4.565627998248945,0.5376558206215398,,10000.0,4999.4639362275675,False,-0.2937672334362371
b27fe8e118fb357b,breakout,15,192,1.0,0,long,2.5,8.0,2.0,72,1000.0,0.02,5,0.06,0.15,5,32,0.0005,0.1,-0.3307646030955359,-0.003854278290990165,-0.003046518331342127,-0.09511081195806892,0.15861853492603162,104,3,40,58,6,9,9,217,0.2764976958525346,0.8570974744728486,2672.2264082,743.6368227553661,0,4.653069770737131,0.40582107669602163,,10000.0,6692.3539690446405,False,-0.1824924695319613
f10b14ce5b67d1ca,breakout,15,192,1.0,0,long,4.0,8.0,3.0,72,1000.0,0.02,5,0.06,0.15,5,32,0.0005,0.1,-0.3847066794398638,-0.00465888454181651,-0.003982384652962939,-0.06406101106647222,0.1285369734527766,104,3,35,64,5,7,7,166,0.27710843373493976,0.7989820722996416,1291.5317543499998,1015.686940048617,0,3.724202084540945,0.4459684134830726,,10000.0,6152.933205601362,False,-0.216243563623168
954ad319e30e5d34,breakout,15,192,1.0,200,both,1.5,2.0,0.0,72,1000.0,0.02,5,0.06,0.15,5,32,0.0005,0.1,-0.8406201385359883,-0.017503321556736617,-0.015619830940075095,-0.14547575561900095,0.17878287521715786,104,6,40,64,0,9,9,755,0.3403973509933775,0.7951840957311972,5678.230283249993,243.782202109878,0,4.997957368283352,0.8705518356445975,,10000.0,1593.7986146401172,False,-0.602025275182966
ef8ec7548264595e,breakout,15,192,1.0,200,both,2.5,4.0,0.0,72,1000.0,0.02,5,0.06,0.15,5,32,0.0005,0.1,-0.6867575464510179,-0.011099268279124774,-0.009052524255606173,-0.11258801922707384,0.18115727560134132,104,8,45,59,0,6,6,451,0.21729490022172948,0.8111605917285674,2882.665595300001,572.9586692101917,0,4.999883385202723,0.7088934214132856,,10000.0,3132.4245354898208,False,-0.4414270343773943
7a7fa1dcc005caf7,breakout,15,192,1.0,200,both,3.0,6.0,0.0,72,1000.0,0.02,5,0.06,0.15,5,32,0.0005,0.1,-0.6826295973355425,-0.010974772562782786,-0.009260134518036988,-0.10424795786305696,0.13784159928710804,104,6,41,63,0,12,12,375,0.22133333333333333,0.7535639915284885,1914.1433169500021,751.3963564054285,0,4.563774229301134,0.7698365568273127,,10000.0,3173.7040266445742,False,-0.4377460443762229
9a382a1fd7330889,breakout,15,192,1.0,200,both,2.5,8.0,2.0,72,1000.0,0.02,5,0.06,0.15,5,32,0.0005,0.1,-0.6372202269982385,-0.00970223544226645,-0.007902010085666078,-0.1438744627673464,0.16631515392904594,104,8,42,62,0,6,6,446,0.2757847533632287,0.7898237457201481,3150.0645244500015,387.7616455323975,0,4.997942556833955,0.6407944847482548,,10000.0,3627.7977300176153,False,-0.39872941007251705
d384d863cb1d4033,breakout,15,192,1.0,200,both,4.0,8.0,3.0,72,1000.0,0.02,5,0.06,0.15,5,32,0.0005,0.1,-0.5956770009992349,-0.008669329846159868,-0.00728432007713937,-0.09973922340606312,0.14146100322218524,104,5,38,66,0,7,7,333,0.2702702702702703,0.7574510279880969,1509.1984014999996,563.2814084923615,0,3.7241246916478117,0.7394821172835417,,10000.0,4043.22999000765,False,-0.3651179999481591
ceb40ae068b3c8df,breakout,15,192,1.0,200,long,1.5,2.0,0.0,72,1000.0,0.02,5,0.06,0.15,5,32,0.0005,0.1,-0.47924688628744994,-0.006254199217057943,-0.005407530650775348,-0.09485848753846504,0.14253514975495474,104,1,38,60,6,8,9,385,0.36103896103896105,0.8636409865139626,5818.875053350002,449.5723095245027,0,4.999764519568108,0.5605241801838532,,10000.0,5207.5311371255,False,-0.2791709104185598
48ca49a7fd290256,breakout,15,192,1.0,200,long,2.5,4.0,0.0,72,1000.0,0.02,5,0.06,0.15,5,32,0.0005,0.1,-0.4995019093316645,-0.006633205358385186,-0.005837995993039274,-0.08414842530213928,0.15572857070237545,104,2,38,60,6,6,6,221,0.2171945701357466,0.8208171974661592,2444.99084505,1010.6385482666504,0,4.9990849924515866,0.5469231611854736,,10000.0,5004.980906683355,False,-0.2933763424507322
5d2cbd64aedeb7b3,breakout,15,192,1.0,200,long,3.0,6.0,0.0,72,1000.0,0.02,5,0.06,0.15,5,32,0.0005,0.1,-0.5000536063772433,-0.006643739804362836,-0.005957565753552731,-0.07742660820411962,0.12343092019782587,104,1,36,63,5,9,9,185,0.22702702702702704,0.7560801244053034,1578.6191458500005,1196.6594179224533,0,4.565627998248945,0.5376558206215398,,10000.0,4999.4639362275675,False,-0.2937672334362371
ac3d7786c4f6b59f,breakout,15,192,1.0,200,long,2.5,8.0,2.0,72,1000.0,0.02,5,0.06,0.15,5,32,0.0005,0.1,-0.3307646030955359,-0.003854278290990165,-0.003046518331342127,-0.09511081195806892,0.15861853492603162,104,3,40,58,6,9,9,217,0.2764976958525346,0.8570974744728486,2672.2264082,743.6368227553661,0,4.653069770737131,0.40582107669602163,,10000.0,6692.3539690446405,False,-0.1824924695319613
2529f63bd942d4e1,breakout,15,192,1.0,200,long,4.0,8.0,3.0,72,1000.0,0.02,5,0.06,0.15,5,32,0.0005,0.1,-0.3847066794398638,-0.00465888454181651,-0.003982384652962939,-0.06406101106647222,0.1285369734527766,104,3,35,64,5,7,7,166,0.27710843373493976,0.7989820722996416,1291.5317543499998,1015.686940048617,0,3.724202084540945,0.4459684134830726,,10000.0,6152.933205601362,False,-0.216243563623168
50a75de67c3e6b28,breakout,60,12,0.0,0,both,1.5,2.0,0.0,72,1000.0,0.02,5,0.06,0.15,5,32,0.0005,0.1,-0.4380574832767645,-0.005526554001957451,-0.0034333698329768844,-0.14980385536281293,0.15296669434664634,104,6,51,53,0,5,5,960,0.35208333333333336,0.9593723850736388,10963.445598499982,530.1756342676238,0,4.741494404527144,0.6010707034586409,,10000.0,5619.425167232354,False,-0.25110878243048895
f15ee54ddb7dc0cf,breakout,60,12,0.0,0,both,2.5,4.0,0.0,72,1000.0,0.02,5,0.06,0.15,5,32,0.0005,0.1,-0.5541768377323493,-0.007737534032812077,-0.006391155989509279,-0.09480597240876676,0.1260741143391011,104,4,44,60,0,6,6,566,0.3197879858657244,0.8553419652523532,2822.482170349997,464.163306973492,0,3.285581692733045,0.5865642620370706,,10000.0,4458.231622676508,False,-0.3332200547344879
5ad42075949dc4f6,breakout,60,12,0.0,0,both,3.0,6.0,0.0,72,1000.0,0.02,5,0.06,0.15,5,32,0.0005,0.1,-0.3392580038110282,-0.003976609177211987,-0.002919289503244282,-0.08128684942852038,0.10970107034672982,104,2,43,61,0,6,6,508,0.32086614173228345,0.8985231114104552,2442.0584393499958,442.12489876026564,0,2.5339586676720667,0.5176167245395629,,10000.0,6607.419961889717,False,-0.18771431728906796
a13c3be69c2d7622,breakout,60,12,0.0,0,both,2.5,8.0,2.0,72,1000.0,0.02,5,0.06,0.15,5,32,0.0005,0.1,-0.4548677856782569,-0.005816928455006809,-0.004504531106557176,-0.09445838426360464,0.15094642558820537,104,4,42,62,0,8,8,562,0.3309608540925267,0.8862720371712858,3093.8452607499967,440.5770960325237,0,3.285603296701845,0.5360932412345111,,10000.0,5451.3221432174305,False,-0.2624334656929823
6706da31387ba734,breakout,60,12,0.0,0,both,4.0,8.0,3.0,72,1000.0,0.02,5,0.06,0.15,5,32,0.0005,0.1,-0.4454451283159191,-0.005653090806622352,-0.005047865718656397,-0.06523761497148017,0.08996947405228473,104,0,41,63,0,6,6,485,0.32989690721649484,0.8252474552957337,1721.3161717500016,350.9462114091757,0,1.9870225637387426,0.5194920967239925,,10000.0,5545.548716840809,False,-0.2560645663132768
39a8ac1de73c695e,breakout,60,12,0.0,0,long,1.5,2.0,0.0,72,1000.0,0.02,5,0.06,0.15,5,32,0.0005,0.1,-0.5471439040393353,-0.007588187009087699,-0.006104902498985278,-0.1143890439099231,0.12638605175632622,104,4,45,59,0,5,5,486,0.34156378600823045,0.8964118031963655,4871.503832650002,1291.211107743332,0,4.741209071917034,0.6442781664100679,,10000.0,4528.560959606647,False,-0.32796340018683523
8f24d874b4b7d1cf,breakout,60,12,0.0,0,long,2.5,4.0,0.0,72,1000.0,0.02,5,0.06,0.15,5,32,0.0005,0.1,-0.6166338198949045,-0.009176527294337045,-0.008199468651422449,-0.07822290004175336,0.11942899840324284,104,2,40,64,0,5,5,279,0.2867383512544803,0.784973185993498,1543.4740269000015,1387.0635720490416,0,3.284022698049247,0.689458810160349,,10000.0,3833.661801050955,False,-0.3818466323020485
fb91c19474e276ce,breakout,60,12,0.0,0,long,3.0,6.0,0.0,72,1000.0,0.02,5,0.06,0.15,5,32,0.0005,0.1,-0.5023979753044139,-0.006688633426539248,-0.005861560225112873,-0.07857406098329867,0.09692362395230414,104,0,42,62,0,5,5,250,0.316,0.8099297603891187,1330.7421446000012,1310.946408444119,0,2.84671273149666,0.6024733356232144,,10000.0,4976.020246955862,False,-0.29543067899373576
9325509b8e2d01f6,breakout,60,12,0.0,0,long,2.5,8.0,2.0,72,1000.0,0.02,5,0.06,0.15,5,32,0.0005,0.1,-0.6139906019067687,-0.009111063136888253,-0.008109090328067356,-0.07806066469355688,0.11563812756740033,104,2,37,67,0,6,6,285,0.2912280701754386,0.7821239520565527,1622.588487000001,1315.9539320676927,0,3.2840889860607625,0.6992486120470248,,10000.0,3860.0939809323136,False,-0.379712009040565
c32954b30efcf63b,breakout,60,12,0.0,0,long,4.0,8.0,3.0,72,1000.0,0.02,5,0.06,0.15,5,32,0.0005,0.1,-0.41800469125865936,-0.005191218157289068,-0.004626111381059065,-0.07579419848541935,0.14239212510675214,104,1,38,66,0,10,10,228,0.3684210526315789,0.8133900607542385,1001.1109588999997,1042.0053536866012,0,2.246728942884282,0.5207578431196331,,10000.0,5819.953087413406,False,-0.2378182900072653
7083a629816c0772,breakout,60,12,0.0,200,both,1.5,2.0,0.0,72,1000.0,0.02,5,0.06,0.15,5,32,0.0005,0.1,-0.3410901978193931,-0.004003202510706072,-0.002050410345612542,-0.12345502898647209,0.12612338324611838,104,8,48,56,0,4,4,731,0.35157318741450067,0.9615194519852085,8688.020380299999,732.3625978939505,0,4.741397304033529,0.48758029232934574,,10000.0,6589.0980218060695,False,-0.18884515068484253
ff5652f9a2eaee87,breakout,60,12,0.0,200,both,2.5,4.0,0.0,72,1000.0,0.02,5,0.06,0.15,5,32,0.0005,0.1,-0.34358659300589955,-0.004039554488747821,-0.0028586444258778573,-0.10802230695305814,0.13018345877962223,104,2,52,52,0,5,5,391,0.26854219948849106,0.9076812132509379,2326.274306750002,760.5973233089633,0,3.2851149461246485,0.5006023955900484,,10000.0,6564.134069941005,False,-0.19038845508351065
b015954e09ec47b6,breakout,60,12,0.0,200,both,3.0,6.0,0.0,72,1000.0,0.02,5,0.06,0.15,5,32,0.0005,0.1,-0.24840905277799796,-0.0027420323601117236,-0.0017162094181539138,-0.10283793376686368,0.15608792092173562,104,2,46,58,0,5,5,350,0.2914285714285714,0.9225670309145524,1899.667145400001,688.1387823799706,0,2.532656473674256,0.4331922607687685,,10000.0,7515.909472220021,False,-0.13347897630901884
578cef7230d79ff0,breakout,60,12,0.0,200,both,2.5,8.0,2.0,72,1000.0,0.02,5,0.06,0.15,5,32,0.0005,0.1,-0.20972038169695217,-0.002260599151167275,-0.0010996741736354278,-0.10520742538701067,0.1158000090163025,104,3,48,56,0,5,5,395,0.30632911392405066,0.9499918530186062,3005.5443031000013,770.4913138695308,0,3.2847415263241593,0.4330869543478568,,10000.0,7902.7961830304785,False,-0.11138031423235617
18aa1f5b74f13ad6,breakout,60,12,0.0,200,both,4.0,8.0,3.0,72,1000.0,0.02,5,0.06,0.15,5,32,0.0005,0.1,-0.3113592666159133,-0.003580455366050228,-0.0030163147186239975,-0.07637607778478406,0.15287533628071204,104,1,50,54,0,5,5,324,0.31790123456790126,0.8744439091506747,1401.6072430500014,552.1107231091326,0,1.9891041316798967,0.37851151555714657,,10000.0,6886.407333840867,False,-0.17068436898061035
2707787334eb4852,breakout,60,12,0.0,200,long,1.5,2.0,0.0,72,1000.0,0.02,5,0.06,0.15,5,32,0.0005,0.1,0.013647964974317528,0.00013035147875051223,0.001039540940618962,-0.07544509887183959,0.11402883468548142,104,4,42,49,13,5,5,340,0.3764705882352941,1.0029900171632338,4764.841544349997,1284.1333059068022,0,4.276649709931713,0.3006005162830304,,10000.0,10136.479649743174,False,0.006824150154364217
30322013efecba65,breakout,60,12,0.0,200,long,2.5,4.0,0.0,72,1000.0,0.02,5,0.06,0.15,5,32,0.0005,0.1,-0.3878215916623401,-0.004707457354245159,-0.004111136523235335,-0.08207795118797678,0.1000355777479105,104,1,37,54,13,5,5,193,0.3005181347150259,0.8219159466459197,1271.613099450001,1255.87031717338,0,3.2842646214578686,0.46869472684088265,,10000.0,6121.784083376599,False,-0.21823672966114283
4b320ed97372d4b3,breakout,60,12,0.0,200,long,3.0,6.0,0.0,72,1000.0,0.02,5,0.06,0.15,5,32,0.0005,0.1,-0.153079891663644,-0.0015963102304082932,-0.0011056706007627642,-0.06250957755114361,0.08863359138402305,104,0,39,54,11,5,6,165,0.3575757575757576,0.9225159888714349,1128.5122674500008,1245.9195491864643,0,2.84741919772253,0.3483904705811024,,10000.0,8469.20108336356,False,-0.0799783047267546
75cfcee2343d773f,breakout,60,12,0.0,200,long,2.5,8.0,2.0,72,1000.0,0.02,5,0.06,0.15,5,32,0.0005,0.1,-0.3035708323095264,-0.003472698383175543,-0.0028349237800943555,-0.07279932372921682,0.10541453258246491,104,2,33,58,13,5,5,195,0.3128205128205128,0.8607242543653836,1432.7350927,1233.271030395264,0,3.2842001039683515,0.4580337476696964,,10000.0,6964.291676904736,False,-0.16599182203442175
e3d0ed0673f7fec9,breakout,60,12,0.0,200,long,4.0,8.0,3.0,72,1000.0,0.02,5,0.06,0.15,5,32,0.0005,0.1,-0.18225202424800768,-0.0019327556633594867,-0.0015282027827427903,-0.04775777550904181,0.15331888419932094,104,1,38,55,11,6,6,155,0.4129032258064516,0.8897901665679796,815.5193555000002,959.2056869800575,0,2.2488390105945273,0.3132609635153253,,10000.0,8177.479757519923,False,-0.09601629126631706
542566efdebd8875,breakout,60,12,1.0,0,both,1.5,2.0,0.0,72,1000.0,0.02,5,0.06,0.15,5,32,0.0005,0.1,-0.4428517809370114,-0.0056084823708048015,-0.003534563075470332,-0.140352526296755,0.12728121652628,104,6,49,55,0,5,5,915,0.3540983606557377,0.9577435931176692,10603.580104249995,533.0828051200997,0,4.740872048704542,0.6044148660419665,,10000.0,5571.482190629886,False,-0.2543211696092401
c427bf9ecdfb4a5f,breakout,60,12,1.0,0,both,2.5,4.0,0.0,72,1000.0,0.02,5,0.06,0.15,5,32,0.0005,0.1,-0.46745373227737985,-0.0060401986075128145,-0.0047359706618096764,-0.09250192458958584,0.12341443938281826,104,3,44,60,0,6,6,533,0.31894934333958724,0.8809159465497226,2928.0396090999975,403.3545136737938,0,3.2840194200066897,0.5118784587633082,,10000.0,5325.462677226202,False,-0.2710266721988773
44c1d5d856a3f6c9,breakout,60,12,1.0,0,both,3.0,6.0,0.0,72,1000.0,0.02,5,0.06,0.15,5,32,0.0005,0.1,-0.154109136491684,-0.0016079839854605815,-0.0005246293611213932,-0.08623320182001759,0.10784169033723967,104,2,45,59,0,6,6,479,0.3277661795407098,0.9609829346021704,2926.79855635,371.64130856683846,0,2.5339715628470483,0.3716998462456246,,10000.0,8458.90863508316,False,-0.08053942479575316
02d8013bc2531827,breakout,60,12,1.0,0,both,2.5,8.0,2.0,72,1000.0,0.02,5,0.06,0.15,5,32,0.0005,0.1,-0.3722513363993468,-0.004467064104576979,-0.0031863583521402764,-0.09292701764634403,0.15105862855073227,104,5,42,62,0,9,9,532,0.33270676691729323,0.9127260025086953,3303.0574709999964,382.1814929934332,0,3.2831872790399665,0.4930524457725479,,10000.0,6277.486636006532,False,-0.20832346425569825
df0a45744f9cdd9d,breakout,60,12,1.0,0,both,4.0,8.0,3.0,72,1000.0,0.02,5,0.06,0.15,5,32,0.0005,0.1,-0.2959260170893597,-0.003368082923165705,-0.002789120883666516,-0.06691623990040352,0.09002564744753094,104,0,43,61,0,6,6,454,0.3392070484581498,0.8913099167187847,1899.08764705,263.0106238435829,0,1.9892899541086146,0.4048701713849452,,10000.0,7040.739829106403,False,-0.16141116924750532
438743f4fd5abaf4,breakout,60,12,1.0,0,long,1.5,2.0,0.0,72,1000.0,0.02,5,0.06,0.15,5,32,0.0005,0.1,-0.4574266364046199,-0.005861905155620795,-0.004507239052346378,-0.11451104949286484,0.1267550190720128,104,5,44,60,0,5,5,458,0.3471615720524017,0.9175303815679624,5263.878625700001,1355.7187383461883,0,4.741617787380633,0.6201243161280885,,10000.0,5425.733635953801,False,-0.264172479523356
eff3d101735e9658,breakout,60,12,1.0,0,long,2.5,4.0,0.0,72,1000.0,0.02,5,0.06,0.15,5,32,0.0005,0.1,-0.4927109587641486,-0.006504468540803221,-0.005523622214560855,-0.0777502067807222,0.11924652438777805,104,2,43,61,0,5,5,265,0.2943396226415094,0.8349955921945603,1685.2392889999996,1425.6926986414894,0,3.284493717204481,0.6089556203540809,,10000.0,5072.890412358514,False,-0.2885822598069059
2045ae811c6c8b0b,breakout,60,12,1.0,0,long,3.0,6.0,0.0,72,1000.0,0.02,5,0.06,0.15,5,32,0.0005,0.1,-0.45853642827228047,-0.005881477223231846,-0.005064422263481388,-0.07795182642409704,0.09688670851445957,104,0,39,65,0,5,5,241,0.31950207468879666,0.8202590868599666,1309.4998282500005,1264.976154472806,0,2.846590065278099,0.5578989644798358,,10000.0,5414.635717277195,False,-0.2649279726434167
e26db11de11f5395,breakout,60,12,1.0,0,long,2.5,8.0,2.0,72,1000.0,0.02,5,0.06,0.15,5,32,0.0005,0.1,-0.555616855800134,-0.007768401011240655,-0.006787718852878804,-0.07795416046655113,0.11544544524149525,104,2,38,66,0,6,6,271,0.2988929889298893,0.8017711982305484,1689.4151321999998,1292.1526258013178,0,3.2839885751070867,0.662663306721683,,10000.0,4443.831441998661,False,-0.3343014580370899
ee8bfb6a2dea2405,breakout,60,12,1.0,0,long,4.0,8.0,3.0,72,1000.0,0.02,5,0.06,0.15,5,32,0.0005,0.1,-0.37072614054227127,-0.00444383459042752,-0.003882859654933484,-0.07781861222017117,0.1422738487968216,104,1,38,66,0,7,7,221,0.37104072398190047,0.8316317036972047,1014.3452276000007,1036.382577822708,0,2.249094522565403,0.4881096684731878,,10000.0,6292.738594577288,False,-0.2073590250275964
65c88280d4fa093b,breakout,60,12,1.0,200,both,1.5,2.0,0.0,72,1000.0,0.02,5,0.06,0.15,5,32,0.0005,0.1,-0.3507370307530868,-0.004144440435651209,-0.0023144831516651236,-0.1234428300083954,0.1258316160984203,104,7,47,57,0,4,4,714,0.35154061624649857,0.9596658838243106,8550.5969345,684.3049730308946,0,4.741590049551618,0.4977629294256338,,10000.0,6492.629692469131,False,-0.1948252088402238
0735fb3a1509b75e,breakout,60,12,1.0,200,both,2.5,4.0,0.0,72,1000.0,0.02,5,0.06,0.15,5,32,0.0005,0.1,-0.3758529590073659,-0.004522141263273105,-0.003397035469710449,-0.10943304046033675,0.12033923197066998,104,1,52,52,0,5,5,385,0.2649350649350649,0.899803880741906,2284.7347241500006,699.774165923653,0,3.2844071711638954,0.5069653877365945,,10000.0,6241.470409926341,False,-0.21060555151900917
1484dfefebf588b9,breakout,60,12,1.0,200,both,3.0,6.0,0.0,72,1000.0,0.02,5,0.06,0.15,5,32,0.0005,0.1,-0.20348758796644506,-0.0021852297335376303,-0.0011927563431066873,-0.10289113540193184,0.14775537412781126,104,2,47,57,0,5,5,339,0.29793510324483774,0.937968618156552,1946.8083749,698.0453047644659,0,2.5321515732182323,0.44141744786082304,,10000.0,7965.124120335549,False,-0.10787104276938808
6e00d8ebb07bdbc6,breakout,60,12,1.0,200,both,2.5,8.0,2.0,72,1000.0,0.02,5,0.06,0.15,5,32,0.0005,0.1,-0.20380466740140124,-0.002189049860023884,-0.0010764997004089028,-0.10940345220574299,0.12343120313772604,104,3,49,55,0,5,5,386,0.3082901554404145,0.9501702574758282,2941.2996387000017,669.8788353140053,0,3.2849251098989987,0.4256388073858891,,10000.0,7961.953325985987,False,-0.1080492380393272
1a4b436711b54214,breakout,60,12,1.0,200,both,4.0,8.0,3.0,72,1000.0,0.02,5,0.06,0.15,5,32,0.0005,0.1,-0.29056974369684363,-0.0032954531025966016,-0.0027302490497073044,-0.07629646942729162,0.1535191608953026,104,1,50,54,0,5,5,313,0.3226837060702875,0.8860444997070481,1415.0391372500003,550.975799718442,0,1.988162212664734,0.372826166245788,,10000.0,7094.302563031564,False,-0.15821652414262388
940adf22a9bf53d2,breakout,60,12,1.0,200,long,1.5,2.0,0.0,72,1000.0,0.02,5,0.06,0.15,5,32,0.0005,0.1,0.01422484126852086,0.00013582285328284094,0.0010077953865949606,-0.07278878983484838,0.11399421785933606,104,4,44,47,13,5,5,329,0.3768996960486322,1.0032324837747153,4660.165182199997,1221.306405114802,0,4.275878375464078,0.3007013556932523,,10000.0,10142.248412685209,False,0.007111583748435457
7e1ed2e82c249daf,breakout,60,12,1.0,200,long,2.5,4.0,0.0,72,1000.0,0.02,5,0.06,0.15,5,32,0.0005,0.1,-0.32026640850633137,-0.0037051797304431533,-0.003094554839336652,-0.08196411433151884,0.1000893157722651,104,1,39,52,13,5,5,188,0.2978723404255319,0.8561453098852645,1319.81072335,1244.9590617133233,0,3.2844877469766054,0.4337581752115248,,10000.0,6797.335914936686,False,-0.17608347449886963
e648867df2ef8be1,breakout,60,12,1.0,200,long,3.0,6.0,0.0,72,1000.0,0.02,5,0.06,0.15,5,32,0.0005,0.1,-0.1692227152057194,-0.0017810421425353828,-0.0012919331645071424,-0.06262803146936946,0.08848511782879553,104,0,38,55,11,5,6,163,0.3496932515337423,0.9120711462811638,1086.0024781500001,1180.745373907214,0,2.8460689061357543,0.3392891008067316,,10000.0,8307.772847942806,False,-0.08881851024770959
638b33564cce4194,breakout,60,12,1.0,200,long,2.5,8.0,2.0,72,1000.0,0.02,5,0.06,0.15,5,32,0.0005,0.1,-0.28101753015466346,-0.0031672649738305747,-0.0025359254652476395,-0.07277136848084997,0.12366313235182558,104,2,35,56,13,5,5,189,0.31216931216931215,0.8686293694801658,1446.2493372999988,1170.6721642466184,0,3.285386571715745,0.44117169045879623,,10000.0,7189.824698453365,False,-0.15254897850847715
f1b9c8db30e32ec0,breakout,60,12,1.0,200,long,4.0,8.0,3.0,72,1000.0,0.02,5,0.06,0.15,5,32,0.0005,0.1,-0.2019607368948234,-0.0021668555184386484,-0.0017618191069154242,-0.047715748712988226,0.15295264512997897,104,1,37,56,11,6,6,154,0.4025974025974026,0.8767969428896959,800.0358166499998,926.8712522981965,0,2.2480794038474614,0.32200228766908556,,10000.0,7980.392631051765,False,-0.10701346319931082
be9d9ef810b0ddfe,breakout,60,48,0.0,0,both,1.5,2.0,0.0,72,1000.0,0.02,5,0.06,0.15,5,32,0.0005,0.1,-0.31567441269122964,-0.003640678425853583,-0.0022385889673836386,-0.12727839989967216,0.13687703945757557,104,7,47,57,0,7,7,458,0.3537117903930131,0.9201733865857393,3746.990160750006,459.4136661623248,0,4.275312074420301,0.5131081941607927,,10000.0,6843.255873087704,False,-0.1732956414514072
03b2ad68749f8124,breakout,60,48,0.0,0,both,2.5,4.0,0.0,72,1000.0,0.02,5,0.06,0.15,5,32,0.0005,0.1,-0.5755122299539619,-0.008205305843860478,-0.007086176946717797,-0.1046988456231579,0.11198982919041356,104,1,46,58,0,7,7,295,0.28135593220338984,0.7473730094526767,1201.01173275,547.0208667896072,0,2.9170107643724412,0.6555137208969918,,10000.0,4244.877700460381,False,-0.34942486998431743
f2324cfe62c73ecc,breakout,60,48,0.0,0,both,3.0,6.0,0.0,72,1000.0,0.02,5,0.06,0.15,5,32,0.0005,0.1,-0.44207094890483634,-0.005595091472233915,-0.004564872892171513,-0.07819281274613143,0.1431680158954769,104,3,43,61,0,7,7,261,0.31417624521072796,0.8261796584262516,1300.0345789499993,539.8370100983643,0,2.5170289825088688,0.4947306049921817,,10000.0,5579.290510951637,False,-0.2537970419836386
53fd1c705f9b8b6d,breakout,60,48,0.0,0,both,2.5,8.0,2.0,72,1000.0,0.02,5,0.06,0.15,5,32,0.0005,0.1,-0.4629111173729673,-0.005959017293229452,-0.004920807381346858,-0.09257824754150612,0.13012351168078995,104,1,45,59,0,7,7,292,0.3013698630136986,0.8109211686675087,1476.90172025,475.2135534796789,0,2.9171281120641908,0.5386211568104456,,10000.0,5370.888826270327,False,-0.2679135934372673
a918daacd97894e9,breakout,60,48,0.0,0,both,4.0,8.0,3.0,72,1000.0,0.02,5,0.06,0.15,5,32,0.0005,0.1,-0.4171901738328442,-0.005177840306083481,-0.00460649634321468,-0.07461179822414965,0.11279803606477223,104,1,45,59,0,5,5,245,0.37142857142857144,0.8005970931560533,978.9202651999998,460.38767312844493,0,1.9763499243867864,0.4751089846824198,,10000.0,5828.098261671558,False,-0.23728330945731468
6521f3301b364288,breakout,60,48,0.0,0,long,1.5,2.0,0.0,72,1000.0,0.02,5,0.06,0.15,5,32,0.0005,0.1,-0.09864774486745742,-0.0009981470732021158,-0.0004091708583870338,-0.09161158574964312,0.1280016571919429,104,1,40,50,14,5,5,215,0.3674418604651163,0.958888848986901,2396.5689911999984,760.380057474578,0,4.274993629673246,0.29758785364136475,,10000.0,9013.522551325426,False,-0.05077254300469536
4fcadbd431d78305,breakout,60,48,0.0,0,long,2.5,4.0,0.0,72,1000.0,0.02,5,0.06,0.15,5,32,0.0005,0.1,-0.3221977367288278,-0.0037324370822067188,-0.0032871289252619953,-0.05838291819806107,0.07723088609933981,104,0,33,57,14,5,5,140,0.30714285714285716,0.8021469024476945,946.3117690999997,944.6005981882528,0,2.9171632724905647,0.37497017675157185,,10000.0,6778.0226327117225,False,-0.1772588002747727
ffe06cdce2005ff8,breakout,60,48,0.0,0,long,3.0,6.0,0.0,72,1000.0,0.02,5,0.06,0.15,5,32,0.0005,0.1,-0.33899469858462417,-0.003972793443315359,-0.0035937391790799374,-0.04674684164925569,0.08561275112714006,104,0,32,58,14,5,5,127,0.33070866141732286,0.7738209475035172,793.3597405999997,917.5674452462413,0,2.5167560385695644,0.42188300183680627,,10000.0,6610.053014153758,False,-0.1875519333089244
3b6c3e06ce2bee83,breakout,60,48,0.0,0,long,2.5,8.0,2.0,72,1000.0,0.02,5,0.06,0.15,5,32,0.0005,0.1,-0.21132319073429262,-0.0022800761180785667,-0.0018422000426961598,-0.048101028442664395,0.14637569141156814,104,1,34,56,14,5,5,137,0.3357664233576642,0.868457004405136,1055.0660824499998,851.0723248928963,0,2.9165168279283598,0.3136408129950081,,10000.0,7886.768092657074,False,-0.11228497650249214
609fd082dd96082f,breakout,60,48,0.0,0,long,4.0,8.0,3.0,72,1000.0,0.02,5,0.06,0.15,5,32,0.0005,0.1,-0.2772251261462768,-0.0031168391086332514,-0.002815406767003532,-0.04078356082416712,0.13097151177929378,104,1,34,58,12,5,5,125,0.384,0.782898075775256,599.2492904500002,757.2792710127587,0,1.9762789083006738,0.37902018418301964,,10000.0,7227.7487385372315,False,-0.15030927144827422
e4a24c8f5cd87b4d,breakout,60,48,0.0,200,both,1.5,2.0,0.0,72,1000.0,0.02,5,0.06,0.15,5,32,0.0005,0.1,-0.24317215587465657,-0.002675447958030097,-0.0014731492296915975,-0.10905167983631969,0.12795626712646624,104,5,48,56,0,7,7,420,0.3547619047619048,0.9384244784415616,3765.6258342499996,478.2330244965585,0,4.274822144686315,0.48081216901418555,,10000.0,7568.278441253434,False,-0.1304550615440978
e9d6f83e7b36b18e,breakout,60,48,0.0,200,both,2.5,4.0,0.0,72,1000.0,0.02,5,0.06,0.15,5,32,0.0005,0.1,-0.4967389094106295,-0.006580619347299588,-0.005582503620690165,-0.10468373480770565,0.11209116861270796,104,2,46,58,0,7,7,271,0.28413284132841327,0.7728321701440481,1168.1939522500004,546.448641856291,0,2.915723528119187,0.6015318724414527,,10000.0,5032.610905893705,False,-0.291421910985579
4ed86d76e2ed595e,breakout,60,48,0.0,200,both,3.0,6.0,0.0,72,1000.0,0.02,5,0.06,0.15,5,32,0.0005,0.1,-0.3989239936250102,-0.004882597772339348,-0.003966341730398383,-0.07703535560887198,0.14468421085961225,104,3,44,60,0,7,7,240,0.30833333333333335,0.8333088739244027,1208.4505508000004,529.9013854501189,0,2.5179918516313786,0.4424161847923943,,10000.0,6010.760063749898,False,-0.22538235042849153
a8018e1288458f1e,breakout,60,48,0.0,200,both,2.5,8.0,2.0,72,1000.0,0.02,5,0.06,0.15,5,32,0.0005,0.1,-0.35035519202516296,-0.004138810597547615,-0.003230461233167267,-0.09254385707618429,0.1462954236172238,104,1,46,58,0,7,7,266,0.31203007518796994,0.8527987384034549,1481.6945902000002,480.1525300516248,0,2.9174072430135274,0.4507489083766406,,10000.0,6496.44807974837,False,-0.19458766935205118
03d80fa19a75802b,breakout,60,48,0.0,200,both,4.0,8.0,3.0,72,1000.0,0.02,5,0.06,0.15,5,32,0.0005,0.1,-0.2900640504993166,-0.0032886241003919903,-0.0027491187521874396,-0.07463588786356257,0.13115549462063414,104,1,45,59,0,4,4,225,0.38222222222222224,0.852539849206536,941.1988758000006,420.20502919313884,0,1.9761662351901323,0.33358080637088205,,10000.0,7099.359495006834,False,-0.15791553514506906
b489d4cbb3849833,breakout,60,48,0.0,200,long,1.5,2.0,0.0,72,1000.0,0.02,5,0.06,0.15,5,32,0.0005,0.1,0.2022615667623069,0.001772765860723391,0.0023108532739516655,-0.07279972908126997,0.12808496395456315,104,1,39,43,22,5,5,194,0.3917525773195876,1.0875228000537487,2500.4215961000004,772.1855362769311,0,3.839477558992438,0.29345485595020837,,10000.0,12022.61566762307,False,0.09682166104688639
eb213d4657e22883,breakout,60,48,0.0,200,long,2.5,4.0,0.0,72,1000.0,0.02,5,0.06,0.15,5,32,0.0005,0.1,-0.18018276231731778,-0.0019085019170418382,-0.0014948930393168536,-0.05841352941415123,0.10157644789638565,104,1,32,50,22,5,5,126,0.3253968253968254,0.8775989332077038,907.1312172000005,928.0236059731768,0,2.916826226132548,0.2595689730340719,,10000.0,8198.172376826822,False,-0.09486937165305409
a44f9af0726fdc8b,breakout,60,48,0.0,200,long,3.0,6.0,0.0,72,1000.0,0.02,5,0.06,0.15,5,32,0.0005,0.1,-0.23186615583213888,-0.0025332405780490452,-0.00218736418288013,-0.04679384277677723,0.08579107578733414,104,0,31,51,22,5,5,114,0.3508771929824561,0.8227217848508918,730.3088086500002,883.3678496713968,0,2.5170107031502575,0.2809837080877341,,10000.0,7681.338441678611,False,-0.12396204650928133
c34ac38f1713967f,breakout,60,48,0.0,200,long,2.5,8.0,2.0,72,1000.0,0.02,5,0.06,0.15,5,32,0.0005,0.1,-0.05974982808436757,-0.0005922216712425099,-0.00020333950138152606,-0.04816244246851609,0.14645197226076845,104,1,33,49,22,5,5,123,0.36585365853658536,0.9576301302925923,1001.93268675,833.1264940936817,0,2.918334660389725,0.23510637070404639,,10000.0,9402.501719156324,False,-0.030436976168522256
1a3cbeae764682a1,breakout,60,48,0.0,200,long,4.0,8.0,3.0,72,1000.0,0.02,5,0.06,0.15,5,32,0.0005,0.1,-0.17820892893493911,-0.001885423118772378,-0.0016128650620708322,-0.040579757508773184,0.1311035281684223,104,1,33,51,20,5,5,111,0.4144144144144144,0.8425909700374226,560.5804330499999,743.0577562993791,0,1.9758321631205074,0.26687802320729104,,10000.0,8217.910710650609,False,-0.09377668823551488
04d374226684f0c8,breakout,60,48,1.0,0,both,1.5,2.0,0.0,72,1000.0,0.02,5,0.06,0.15,5,32,0.0005,0.1,-0.34704553442689545,-0.004090149797727927,-0.002679632123947646,-0.12727839989967216,0.13655105597885964,104,7,46,58,0,7,7,455,0.3516483516483517,0.908767120831982,3581.400352150001,453.339892118986,0,4.274804734968086,0.5355595917766542,,10000.0,6529.544655731045,False,-0.19253165994036592
8a84c93741c947e5,breakout,60,48,1.0,0,both,2.5,4.0,0.0,72,1000.0,0.02,5,0.06,0.15,5,32,0.0005,0.1,-0.5855075120143493,-0.00843251851444371,-0.007301607367551887,-0.1046988456231579,0.11215734186807769,104,1,47,57,0,5,5,295,0.27796610169491526,0.7394840266825279,1181.1402362500005,539.3913838934986,0,2.91829684907493,0.6628427425089023,,10000.0,4144.924879856508,False,-0.3571560870465884
9c6660f0d4f6b4a5,breakout,60,48,1.0,0,both,3.0,6.0,0.0,72,1000.0,0.02,5,0.06,0.15,5,32,0.0005,0.1,-0.45338691640968587,-0.005790994763438029,-0.0047564488333524686,-0.07825350830768052,0.14302372330829805,104,3,44,60,0,7,7,261,0.3103448275862069,0.8193155801713919,1279.4415576000004,526.0192064968924,0,2.5169138003408364,0.5036896943865714,,10000.0,5466.130835903142,False,-0.2614289138241114
dad4063f53814cfe,breakout,60,48,1.0,0,both,2.5,8.0,2.0,72,1000.0,0.02,5,0.06,0.15,5,32,0.0005,0.1,-0.45983909361778497,-0.005904501519000793,-0.004851102506558795,-0.09257824754150612,0.13033415642608936,104,1,45,59,0,5,5,291,0.29896907216494845,0.8119402288009318,1479.7449861499997,471.2466500278707,0,2.9161587279948202,0.5362561080698498,,10000.0,5401.60906382215,False,-0.2658157498536038
cac2143271c08908,breakout,60,48,1.0,0,both,4.0,8.0,3.0,72,1000.0,0.02,5,0.06,0.15,5,32,0.0005,0.1,-0.453520969459119,-0.005793339498488037,-0.005225289068291413,-0.07461999919943751,0.11248975536430517,104,1,43,61,0,5,5,245,0.35918367346938773,0.7763099012685536,927.4479749499995,418.37841964117155,0,1.9760008829667193,0.48563858052521647,,10000.0,5464.79030540881,False,-0.26151979322236907
b996fb35be4af3ff,breakout,60,48,1.0,0,long,1.5,2.0,0.0,72,1000.0,0.02,5,0.06,0.15,5,32,0.0005,0.1,-0.1425719532704619,-0.0014779261550983414,-0.000889241096687422,-0.09161158574964312,0.12792470937692113,104,1,38,52,14,5,5,212,0.3632075471698113,0.9379516042641971,2276.5104168000003,744.2849159046232,0,4.275655898598692,0.3159053389236651,,10000.0,8574.28046729538,False,-0.07426895337079809
2eda6a6a4f5d2efd,breakout,60,48,1.0,0,long,2.5,4.0,0.0,72,1000.0,0.02,5,0.06,0.15,5,32,0.0005,0.1,-0.33981860746944914,-0.003984738282439837,-0.003539161096486055,-0.058384087547312724,0.07705075604377876,104,0,32,58,14,5,5,140,0.3,0.7881368888404651,927.8540346000003,931.33864009447,0,2.917262903830789,0.391239436752588,,10000.0,6601.813925305509,False,-0.18806015677422505
c6c698a155fabd9a,breakout,60,48,1.0,0,long,3.0,6.0,0.0,72,1000.0,0.02,5,0.06,0.15,5,32,0.0005,0.1,-0.3536516762913817,-0.0041875223872256395,-0.003808844440450404,-0.04666077470962959,0.0858813887768961,104,0,31,59,14,5,5,127,0.3228346456692913,0.7609998120582628,780.9849465999997,900.7894163138243,0,2.5174706831289635,0.4224426381395959,,10000.0,6463.483237086182,False,-0.19664069009589036
cb06bc9b42fccdfc,breakout,60,48,1.0,0,long,2.5,8.0,2.0,72,1000.0,0.02,5,0.06,0.15,5,32,0.0005,0.1,-0.23425471135649378,-0.002563110434709359,-0.0021228774040792844,-0.04816536644745084,0.14677617699724865,104,1,33,57,14,5,5,137,0.3284671532846715,0.8514796758762884,1031.1182800000006,836.5076335649261,0,2.9173365656841868,0.3138201880880108,,10000.0,7657.452886435062,False,-0.12532980099046964
75ddeeabc5c17084,breakout,60,48,1.0,0,long,4.0,8.0,3.0,72,1000.0,0.02,5,0.06,0.15,5,32,0.0005,0.1,-0.30547879298973435,-0.003498985211371264,-0.0031991364636863306,-0.040843408267662196,0.13147671790120552,104,1,32,60,12,5,5,125,0.368,0.7576788985785357,580.0179448500003,710.1440850473228,0,1.9756601555354127,0.37890163816037503,,10000.0,6945.212070102656,False,-0.1671389436058267
ebf0a896ae5fd23e,breakout,60,48,1.0,200,both,1.5,2.0,0.0,72,1000.0,0.02,5,0.06,0.15,5,32,0.0005,0.1,-0.2395386151371217,-0.0026295169838941312,-0.00144495674737312,-0.10905167983631969,0.12776725389768195,104,5,47,57,0,7,7,417,0.354916067146283,0.9393853444126684,3773.9745232499986,478.9843281212093,0,4.274936456806957,0.4781278201015017,,10000.0,7604.613848628783,False,-0.12836308727133805
12ff6b53cc442fe9,breakout,60,48,1.0,200,both,2.5,4.0,0.0,72,1000.0,0.02,5,0.06,0.15,5,32,0.0005,0.1,-0.5095033456604512,-0.00682598888398267,-0.005815708266502303,-0.10468373480770565,0.11185255724593124,104,2,47,57,0,5,5,270,0.2777777777777778,0.7639313846756285,1148.0248724000005,537.5829842045099,0,2.9160464616777704,0.6108052672987718,,10000.0,4904.966543395488,False,-0.30049628757079005
f2b9542baabc5c9f,breakout,60,48,1.0,200,both,3.0,6.0,0.0,72,1000.0,0.02,5,0.06,0.15,5,32,0.0005,0.1,-0.4095263679589837,-0.005052867043210285,-0.0041302940629515655,-0.07700079246231506,0.1446975341528538,104,3,45,59,0,7,7,240,0.30416666666666664,0.8270432707870273,1192.5849100500002,516.8468695398674,0,2.5177222073829553,0.45226361831522266,,10000.0,5904.736320410163,False,-0.23226780145645542
5c3fea0cf3b63927,breakout,60,48,1.0,200,both,2.5,8.0,2.0,72,1000.0,0.02,5,0.06,0.15,5,32,0.0005,0.1,-0.36847932304605635,-0.004409715786106827,-0.0034975547014602123,-0.09254385707618429,0.1465031298534134,104,1,46,58,0,5,5,266,0.3082706766917293,0.8426226108083394,1450.5841612999984,471.6344691605602,0,2.918416018554245,0.4658967769289408,,10000.0,6315.206769539436,False,-0.20594039636415362
b2b81982fe205ad8,breakout,60,48,1.0,200,both,4.0,8.0,3.0,72,1000.0,0.02,5,0.06,0.15,5,32,0.0005,0.1,-0.3177424715684899,-0.0036696741196581284,-0.0031282515732391878,-0.07454591011855216,0.13088799962217212,104,1,44,60,0,4,4,225,0.37333333333333335,0.8355180007308104,910.5228712000002,414.3006444848786,0,1.9753906306926008,0.3597150367233337,,10000.0,6822.575284315101,False,-0.17455001717296337
fcfb17511179c862,breakout,60,48,1.0,200,long,1.5,2.0,0.0,72,1000.0,0.02,5,0.06,0.15,5,32,0.0005,0.1,0.20845559486024978,0.0018222657780877505,0.0023543754882683694,-0.07279972908126997,0.12813619976893076,104,1,38,44,22,5,5,191,0.39267015706806285,1.0908001519376902,2496.2721051499993,776.4956462474971,0,3.8201297561212892,0.27297651163214876,,10000.0,12084.555948602498,False,0.09965307760169773
4f83a5ee7856b6e8,breakout,60,48,1.0,200,long,2.5,4.0,0.0,72,1000.0,0.02,5,0.06,0.15,5,32,0.0005,0.1,-0.198927387743825,-0.002130455083081073,-0.001715963215094584,-0.05842022007390646,0.10146123392306294,104,1,31,51,22,5,6,126,0.31746031746031744,0.8634136214265962,892.9218865500005,915.0114908882724,0,2.916859044793056,0.27650405826387225,,10000.0,8010.72612256175,False,-0.10531215777404179
60d9e101ba3849bc,breakout,60,48,1.0,200,long,3.0,6.0,0.0,72,1000.0,0.02,5,0.06,0.15,5,32,0.0005,0.1,-0.24556767104715804,-0.0027058488691714677,-0.0023593320244031093,-0.046765472805317065,0.08565361913603886,104,0,30,52,22,5,6,114,0.34210526315789475,0.8106839601471812,721.8364421999999,868.2118682715604,0,2.5166538245327703,0.2937302078731592,,10000.0,7544.323289528419,False,-0.13183699354875922
ffb8e310ec8d842d,breakout,60,48,1.0,200,long,2.5,8.0,2.0,72,1000.0,0.02,5,0.06,0.15,5,32,0.0005,0.1,-0.08540281392748716,-0.0008580119320604762,-0.0004673398367227524,-0.048175042888694786,0.1459246157443297,104,1,32,50,22,5,6,123,0.35772357723577236,0.9385494984218927,981.3782715000001,817.6234677748755,0,2.9169285390270967,0.25532485061234833,,10000.0,9145.971860725129,False,-0.043799954026691235
f8a241da896806de,breakout,60,48,1.0,200,long,4.0,8.0,3.0,72,1000.0,0.02,5,0.06,0.15,5,32,0.0005,0.1,-0.20895964017768243,-0.002251368482050431,-0.001980832714303553,-0.040774086798424425,0.1310057379233256,104,1,31,53,20,5,5,111,0.3963963963963964,0.8139917080190591,543.93793105,696.1621707268517,0,1.9752335784752484,0.2676367261571335,,10000.0,7910.403598223175,False,-0.11095125418689178
0c80b577eef08cd1,breakout,60,192,0.0,0,both,1.5,2.0,0.0,72,1000.0,0.02,5,0.06,0.15,5,32,0.0005,0.1,0.26140807820943324,0.0022354624227209907,0.0028746676768654587,-0.0763689427366766,0.13484550723226962,104,4,39,48,17,5,6,193,0.39378238341968913,1.111825079779693,2208.7984070499992,446.53731085569865,0,3.0478219887196074,0.34164961885336387,,10000.0,12614.080782094332,False,0.12356948925457956
bbd88a281ca6c673,breakout,60,192,0.0,0,both,2.5,4.0,0.0,72,1000.0,0.02,5,0.06,0.15,5,32,0.0005,0.1,0.09850549607162984,0.0009037794712334346,0.001407505269014992,-0.07661516025705206,0.09885902966161386,104,0,42,46,16,7,7,120,0.3416666666666667,1.0687380575855936,824.6019081000004,516.7623311837206,0,1.7517671104016976,0.29328284278535544,,10000.0,10985.054960716298,False,0.0482642032329792
a65a4c822baa7cc5,breakout,60,192,0.0,0,both,3.0,6.0,0.0,72,1000.0,0.02,5,0.06,0.15,5,32,0.0005,0.1,-0.06027968942082573,-0.0005976385537551643,-0.0001452693379137015,-0.05859346847234015,0.12434109992339448,104,1,39,49,16,7,7,109,0.3394495412844037,0.9515449588047367,611.4732164500007,446.3503777582921,0,1.4914740232446275,0.2607475464255574,,10000.0,9397.203105791743,False,-0.03071113722802099
2be03f6c436189d3,breakout,60,192,0.0,0,both,2.5,8.0,2.0,72,1000.0,0.02,5,0.06,0.15,5,32,0.0005,0.1,0.0008550880644320191,8.218521126757139e-06,0.0004798100010806189,-0.0766392524010856,0.11407623256649391,104,1,40,48,16,7,7,119,0.3445378151260504,1.0006174355874389,863.5500218999998,467.25549745568395,0,1.752021497310735,0.250909650126355,,10000.0,10008.550880644321,False,0.00042891208045170437
62698fdf52f2708b,breakout,60,192,0.0,0,both,4.0,8.0,3.0,72,1000.0,0.02,5,0.06,0.15,5,32,0.0005,0.1,-0.024072315625995877,-0.00023426860475883604,3.851088085461909e-05,-0.03956355236579645,0.11634453874633954,104,1,39,49,16,6,6,101,0.40594059405940597,0.9751576562428754,441.1771657999997,381.87439045996285,0,1.1483300804398937,0.26224541536121704,,10000.0,9759.276843740041,False,-0.012150560627192775
cf532e54cc1e82e2,breakout,60,192,0.0,0,long,1.5,2.0,0.0,72,1000.0,0.02,5,0.06,0.15,5,32,0.0005,0.1,0.10068075835338908,0.0009228184160330333,0.0012129112147648163,-0.04122051223348977,0.12803071668210753,104,1,20,28,56,4,4,98,0.3979591836734694,1.0898007700952927,1124.7332556500003,486.4394608161054,0,2.6493592873827767,0.2844842804790705,,10000.0,11006.807583533891,False,0.049305119926047025
25dac8f73efe1513,breakout,60,192,0.0,0,long,2.5,4.0,0.0,72,1000.0,0.02,5,0.06,0.15,5,32,0.0005,0.1,0.20937231533123257,0.001829570446110873,0.0020616367103918906,-0.03962164064400964,0.09886989702640725,104,0,25,25,54,3,5,56,0.42857142857142855,1.3077569615780211,470.4205109999999,613.0627356877019,0,1.7181152139102827,0.15319296121022286,,10000.0,12093.723153312325,False,0.10007151432838102
0a4d69ae634eec01,breakout,60,192,0.0,0,long,3.0,6.0,0.0,72,1000.0,0.02,5,0.06,0.15,5,32,0.0005,0.1,-0.026747313264590566,-0.00026065383075568604,-0.00010534922746820804,-0.03978344393274236,0.06765010982402075,104,0,23,27,54,3,5,52,0.40384615384615385,0.9559766485797251,336.05176280000006,524.8697698459005,0,1.4611468561733705,0.15198479242263085,,10000.0,9732.526867354094,False,-0.013509948332239619
987c08390ed7f763,breakout,60,192,0.0,0,long,2.5,8.0,2.0,72,1000.0,0.02,5,0.06,0.15,5,32,0.0005,0.1,0.08648608658246171,0.0007979019517458941,0.0009670237744169479,-0.03957127994323473,0.09336566665039947,104,0,24,26,54,3,5,56,0.4107142857142857,1.139698190780175,460.71827865000006,533.850955525388,0,1.7179035364573845,0.14612089639649095,,10000.0,10864.860865824618,False,0.042494009695547064
3ebdd27595c879e1,breakout,60,192,0.0,0,long,4.0,8.0,3.0,72,1000.0,0.02,5,0.06,0.15,5,32,0.0005,0.1,0.1037794951326223,0.0009498758007340236,0.0010889918641499286,-0.021471688220453644,0.11594274979347663,104,1,23,28,53,3,4,49,0.5102040816326531,1.2282861897243553,251.0492521499999,455.1750965237852,0,1.1239328257994567,0.13311236365042434,,10000.0,11037.794951326223,False,0.0507861733683439
a3d6d521541e36f8,breakout,60,192,0.0,200,both,1.5,2.0,0.0,72,1000.0,0.02,5,0.06,0.15,5,32,0.0005,0.1,0.26140807820943324,0.0022354624227209907,0.0028746676768654587,-0.0763689427366766,0.13484550723226962,104,4,39,48,17,5,6,193,0.39378238341968913,1.111825079779693,2208.7984070499992,446.53731085569865,0,3.0478219887196074,0.34164961885336387,,10000.0,12614.080782094332,False,0.12356948925457956
eccbda9c2606ac6e,breakout,60,192,0.0,200,both,2.5,4.0,0.0,72,1000.0,0.02,5,0.06,0.15,5,32,0.0005,0.1,0.09850549607162984,0.0009037794712334346,0.001407505269014992,-0.07661516025705206,0.09885902966161386,104,0,42,46,16,7,7,120,0.3416666666666667,1.0687380575855936,824.6019081000004,516.7623311837206,0,1.7517671104016976,0.29328284278535544,,10000.0,10985.054960716298,False,0.0482642032329792
cded9baff2eb7da9,breakout,60,192,0.0,200,both,3.0,6.0,0.0,72,1000.0,0.02,5,0.06,0.15,5,32,0.0005,0.1,-0.06027968942082573,-0.0005976385537551643,-0.0001452693379137015,-0.05859346847234015,0.12434109992339448,104,1,39,49,16,7,7,109,0.3394495412844037,0.9515449588047367,611.4732164500007,446.3503777582921,0,1.4914740232446275,0.2607475464255574,,10000.0,9397.203105791743,False,-0.03071113722802099
3fe867bc814cc263,breakout,60,192,0.0,200,both,2.5,8.0,2.0,72,1000.0,0.02,5,0.06,0.15,5,32,0.0005,0.1,0.0008550880644320191,8.218521126757139e-06,0.0004798100010806189,-0.0766392524010856,0.11407623256649391,104,1,40,48,16,7,7,119,0.3445378151260504,1.0006174355874389,863.5500218999998,467.25549745568395,0,1.752021497310735,0.250909650126355,,10000.0,10008.550880644321,False,0.00042891208045170437
6f508b5aa5120064,breakout,60,192,0.0,200,both,4.0,8.0,3.0,72,1000.0,0.02,5,0.06,0.15,5,32,0.0005,0.1,-0.024072315625995877,-0.00023426860475883604,3.851088085461909e-05,-0.03956355236579645,0.11634453874633954,104,1,39,49,16,6,6,101,0.40594059405940597,0.9751576562428754,441.1771657999997,381.87439045996285,0,1.1483300804398937,0.26224541536121704,,10000.0,9759.276843740041,False,-0.012150560627192775
34b166d5c9a160b1,breakout,60,192,0.0,200,long,1.5,2.0,0.0,72,1000.0,0.02,5,0.06,0.15,5,32,0.0005,0.1,0.10068075835338908,0.0009228184160330333,0.0012129112147648163,-0.04122051223348977,0.12803071668210753,104,1,20,28,56,4,4,98,0.3979591836734694,1.0898007700952927,1124.7332556500003,486.4394608161054,0,2.6493592873827767,0.2844842804790705,,10000.0,11006.807583533891,False,0.049305119926047025
cb629debdfe1666c,breakout,60,192,0.0,200,long,2.5,4.0,0.0,72,1000.0,0.02,5,0.06,0.15,5,32,0.0005,0.1,0.20937231533123257,0.001829570446110873,0.0020616367103918906,-0.03962164064400964,0.09886989702640725,104,0,25,25,54,3,5,56,0.42857142857142855,1.3077569615780211,470.4205109999999,613.0627356877019,0,1.7181152139102827,0.15319296121022286,,10000.0,12093.723153312325,False,0.10007151432838102
e904c31ae8bf0290,breakout,60,192,0.0,200,long,3.0,6.0,0.0,72,1000.0,0.02,5,0.06,0.15,5,32,0.0005,0.1,-0.026747313264590566,-0.00026065383075568604,-0.00010534922746820804,-0.03978344393274236,0.06765010982402075,104,0,23,27,54,3,5,52,0.40384615384615385,0.9559766485797251,336.05176280000006,524.8697698459005,0,1.4611468561733705,0.15198479242263085,,10000.0,9732.526867354094,False,-0.013509948332239619
8caa2b9244421be1,breakout,60,192,0.0,200,long,2.5,8.0,2.0,72,1000.0,0.02,5,0.06,0.15,5,32,0.0005,0.1,0.08648608658246171,0.0007979019517458941,0.0009670237744169479,-0.03957127994323473,0.09336566665039947,104,0,24,26,54,3,5,56,0.4107142857142857,1.139698190780175,460.71827865000006,533.850955525388,0,1.7179035364573845,0.14612089639649095,,10000.0,10864.860865824618,False,0.042494009695547064
c55db3c3bc7ab602,breakout,60,192,0.0,200,long,4.0,8.0,3.0,72,1000.0,0.02,5,0.06,0.15,5,32,0.0005,0.1,0.1037794951326223,0.0009498758007340236,0.0010889918641499286,-0.021471688220453644,0.11594274979347663,104,1,23,28,53,3,4,49,0.5102040816326531,1.2282861897243553,251.0492521499999,455.1750965237852,0,1.1239328257994567,0.13311236365042434,,10000.0,11037.794951326223,False,0.0507861733683439
0cfc3068c7157e0f,breakout,60,192,1.0,0,both,1.5,2.0,0.0,72,1000.0,0.02,5,0.06,0.15,5,32,0.0005,0.1,0.26140807820943324,0.0022354624227209907,0.0028746676768654587,-0.0763689427366766,0.13484550723226962,104,4,39,48,17,5,6,193,0.39378238341968913,1.111825079779693,2208.7984070499992,446.53731085569865,0,3.0478219887196074,0.34164961885336387,,10000.0,12614.080782094332,False,0.12356948925457956
6c0dcdb592aeb63c,breakout,60,192,1.0,0,both,2.5,4.0,0.0,72,1000.0,0.02,5,0.06,0.15,5,32,0.0005,0.1,0.09850549607162984,0.0009037794712334346,0.001407505269014992,-0.07661516025705206,0.09885902966161386,104,0,42,46,16,7,7,120,0.3416666666666667,1.0687380575855936,824.6019081000004,516.7623311837206,0,1.7517671104016976,0.29328284278535544,,10000.0,10985.054960716298,False,0.0482642032329792
14fcadc693dc79f1,breakout,60,192,1.0,0,both,3.0,6.0,0.0,72,1000.0,0.02,5,0.06,0.15,5,32,0.0005,0.1,-0.06027968942082573,-0.0005976385537551643,-0.0001452693379137015,-0.05859346847234015,0.12434109992339448,104,1,39,49,16,7,7,109,0.3394495412844037,0.9515449588047367,611.4732164500007,446.3503777582921,0,1.4914740232446275,0.2607475464255574,,10000.0,9397.203105791743,False,-0.03071113722802099
1ddecce757cb916c,breakout,60,192,1.0,0,both,2.5,8.0,2.0,72,1000.0,0.02,5,0.06,0.15,5,32,0.0005,0.1,0.0008550880644320191,8.218521126757139e-06,0.0004798100010806189,-0.0766392524010856,0.11407623256649391,104,1,40,48,16,7,7,119,0.3445378151260504,1.0006174355874389,863.5500218999998,467.25549745568395,0,1.752021497310735,0.250909650126355,,10000.0,10008.550880644321,False,0.00042891208045170437
0d817ea88321e199,breakout,60,192,1.0,0,both,4.0,8.0,3.0,72,1000.0,0.02,5,0.06,0.15,5,32,0.0005,0.1,-0.024072315625995877,-0.00023426860475883604,3.851088085461909e-05,-0.03956355236579645,0.11634453874633954,104,1,39,49,16,6,6,101,0.40594059405940597,0.9751576562428754,441.1771657999997,381.87439045996285,0,1.1483300804398937,0.26224541536121704,,10000.0,9759.276843740041,False,-0.012150560627192775
6a30d252fcd9fb69,breakout,60,192,1.0,0,long,1.5,2.0,0.0,72,1000.0,0.02,5,0.06,0.15,5,32,0.0005,0.1,0.10068075835338908,0.0009228184160330333,0.0012129112147648163,-0.04122051223348977,0.12803071668210753,104,1,20,28,56,4,4,98,0.3979591836734694,1.0898007700952927,1124.7332556500003,486.4394608161054,0,2.6493592873827767,0.2844842804790705,,10000.0,11006.807583533891,False,0.049305119926047025
3993788febd230ed,breakout,60,192,1.0,0,long,2.5,4.0,0.0,72,1000.0,0.02,5,0.06,0.15,5,32,0.0005,0.1,0.20937231533123257,0.001829570446110873,0.0020616367103918906,-0.03962164064400964,0.09886989702640725,104,0,25,25,54,3,5,56,0.42857142857142855,1.3077569615780211,470.4205109999999,613.0627356877019,0,1.7181152139102827,0.15319296121022286,,10000.0,12093.723153312325,False,0.10007151432838102
57b502f0978a8de2,breakout,60,192,1.0,0,long,3.0,6.0,0.0,72,1000.0,0.02,5,0.06,0.15,5,32,0.0005,0.1,-0.026747313264590566,-0.00026065383075568604,-0.00010534922746820804,-0.03978344393274236,0.06765010982402075,104,0,23,27,54,3,5,52,0.40384615384615385,0.9559766485797251,336.05176280000006,524.8697698459005,0,1.4611468561733705,0.15198479242263085,,10000.0,9732.526867354094,False,-0.013509948332239619
05d1d12893d3a96b,breakout,60,192,1.0,0,long,2.5,8.0,2.0,72,1000.0,0.02,5,0.06,0.15,5,32,0.0005,0.1,0.08648608658246171,0.0007979019517458941,0.0009670237744169479,-0.03957127994323473,0.09336566665039947,104,0,24,26,54,3,5,56,0.4107142857142857,1.139698190780175,460.71827865000006,533.850955525388,0,1.7179035364573845,0.14612089639649095,,10000.0,10864.860865824618,False,0.042494009695547064
0a5b87b6e579fbb1,breakout,60,192,1.0,0,long,4.0,8.0,3.0,72,1000.0,0.02,5,0.06,0.15,5,32,0.0005,0.1,0.1037794951326223,0.0009498758007340236,0.0010889918641499286,-0.021471688220453644,0.11594274979347663,104,1,23,28,53,3,4,49,0.5102040816326531,1.2282861897243553,251.0492521499999,455.1750965237852,0,1.1239328257994567,0.13311236365042434,,10000.0,11037.794951326223,False,0.0507861733683439
d2519585282ae077,breakout,60,192,1.0,200,both,1.5,2.0,0.0,72,1000.0,0.02,5,0.06,0.15,5,32,0.0005,0.1,0.26140807820943324,0.0022354624227209907,0.0028746676768654587,-0.0763689427366766,0.13484550723226962,104,4,39,48,17,5,6,193,0.39378238341968913,1.111825079779693,2208.7984070499992,446.53731085569865,0,3.0478219887196074,0.34164961885336387,,10000.0,12614.080782094332,False,0.12356948925457956
4092829479ae5107,breakout,60,192,1.0,200,both,2.5,4.0,0.0,72,1000.0,0.02,5,0.06,0.15,5,32,0.0005,0.1,0.09850549607162984,0.0009037794712334346,0.001407505269014992,-0.07661516025705206,0.09885902966161386,104,0,42,46,16,7,7,120,0.3416666666666667,1.0687380575855936,824.6019081000004,516.7623311837206,0,1.7517671104016976,0.29328284278535544,,10000.0,10985.054960716298,False,0.0482642032329792
8a522e3fbd060576,breakout,60,192,1.0,200,both,3.0,6.0,0.0,72,1000.0,0.02,5,0.06,0.15,5,32,0.0005,0.1,-0.06027968942082573,-0.0005976385537551643,-0.0001452693379137015,-0.05859346847234015,0.12434109992339448,104,1,39,49,16,7,7,109,0.3394495412844037,0.9515449588047367,611.4732164500007,446.3503777582921,0,1.4914740232446275,0.2607475464255574,,10000.0,9397.203105791743,False,-0.03071113722802099
030fdfe250ffa74f,breakout,60,192,1.0,200,both,2.5,8.0,2.0,72,1000.0,0.02,5,0.06,0.15,5,32,0.0005,0.1,0.0008550880644320191,8.218521126757139e-06,0.0004798100010806189,-0.0766392524010856,0.11407623256649391,104,1,40,48,16,7,7,119,0.3445378151260504,1.0006174355874389,863.5500218999998,467.25549745568395,0,1.752021497310735,0.250909650126355,,10000.0,10008.550880644321,False,0.00042891208045170437
e80bc1940f428e24,breakout,60,192,1.0,200,both,4.0,8.0,3.0,72,1000.0,0.02,5,0.06,0.15,5,32,0.0005,0.1,-0.024072315625995877,-0.00023426860475883604,3.851088085461909e-05,-0.03956355236579645,0.11634453874633954,104,1,39,49,16,6,6,101,0.40594059405940597,0.9751576562428754,441.1771657999997,381.87439045996285,0,1.1483300804398937,0.26224541536121704,,10000.0,9759.276843740041,False,-0.012150560627192775
9762095229606997,breakout,60,192,1.0,200,long,1.5,2.0,0.0,72,1000.0,0.02,5,0.06,0.15,5,32,0.0005,0.1,0.10068075835338908,0.0009228184160330333,0.0012129112147648163,-0.04122051223348977,0.12803071668210753,104,1,20,28,56,4,4,98,0.3979591836734694,1.0898007700952927,1124.7332556500003,486.4394608161054,0,2.6493592873827767,0.2844842804790705,,10000.0,11006.807583533891,False,0.049305119926047025
ab80ae7f408709da,breakout,60,192,1.0,200,long,2.5,4.0,0.0,72,1000.0,0.02,5,0.06,0.15,5,32,0.0005,0.1,0.20937231533123257,0.001829570446110873,0.0020616367103918906,-0.03962164064400964,0.09886989702640725,104,0,25,25,54,3,5,56,0.42857142857142855,1.3077569615780211,470.4205109999999,613.0627356877019,0,1.7181152139102827,0.15319296121022286,,10000.0,12093.723153312325,False,0.10007151432838102
fc63cae7be46f172,breakout,60,192,1.0,200,long,3.0,6.0,0.0,72,1000.0,0.02,5,0.06,0.15,5,32,0.0005,0.1,-0.026747313264590566,-0.00026065383075568604,-0.00010534922746820804,-0.03978344393274236,0.06765010982402075,104,0,23,27,54,3,5,52,0.40384615384615385,0.9559766485797251,336.05176280000006,524.8697698459005,0,1.4611468561733705,0.15198479242263085,,10000.0,9732.526867354094,False,-0.013509948332239619
25f373d6d2cfad42,breakout,60,192,1.0,200,long,2.5,8.0,2.0,72,1000.0,0.02,5,0.06,0.15,5,32,0.0005,0.1,0.08648608658246171,0.0007979019517458941,0.0009670237744169479,-0.03957127994323473,0.09336566665039947,104,0,24,26,54,3,5,56,0.4107142857142857,1.139698190780175,460.71827865000006,533.850955525388,0,1.7179035364573845,0.14612089639649095,,10000.0,10864.860865824618,False,0.042494009695547064
153006620293512a,breakout,60,192,1.0,200,long,4.0,8.0,3.0,72,1000.0,0.02,5,0.06,0.15,5,32,0.0005,0.1,0.1037794951326223,0.0009498758007340236,0.0010889918641499286,-0.021471688220453644,0.11594274979347663,104,1,23,28,53,3,4,49,0.5102040816326531,1.2282861897243553,251.0492521499999,455.1750965237852,0,1.1239328257994567,0.13311236365042434,,10000.0,11037.794951326223,False,0.0507861733683439
1eed4166a6944db3,breakout,240,12,0.0,0,both,1.5,2.0,0.0,72,1000.0,0.02,5,0.06,0.15,5,32,0.0005,0.1,-0.07742148835222673,-0.0007745345009854132,-0.0001525593407964688,-0.06811816855414021,0.10127834324141238,104,1,53,51,0,5,5,270,0.3925925925925926,0.969644657939169,1403.5378744500006,466.57770907224995,0,1.9075042024285966,0.4502873913739923,,10000.0,9225.785116477733,False,-0.03962258653076289
a6bf881a0119881c,breakout,240,12,0.0,0,both,2.5,4.0,0.0,72,1000.0,0.02,5,0.06,0.15,5,32,0.0005,0.1,-0.01848418381548833,-0.00017937959317593233,0.00017586721550356954,-0.05124002904511171,0.09581724962475535,104,0,49,55,0,8,8,201,0.43781094527363185,0.9874443080018136,704.9332619,359.8355762548988,0,1.2091581257646222,0.32450562584989406,,10000.0,9815.158161845116,False,-0.009316745936870818
fcafb385682e0b20,breakout,240,12,0.0,0,both,3.0,6.0,0.0,72,1000.0,0.02,5,0.06,0.15,5,32,0.0005,0.1,-0.02738725145987686,-0.00026697659970620347,2.5808252113397495e-05,-0.06117208278205599,0.11140918432663427,104,1,47,57,0,9,9,190,0.4421052631578947,0.9782676847967452,561.7399182500001,323.06109634879465,0,1.0226778820173987,0.2714234072499754,,10000.0,9726.127485401232,False,-0.01383542976721952
45489b54276386ee,breakout,240,12,0.0,0,both,2.5,8.0,2.0,72,1000.0,0.02,5,0.06,0.15,5,32,0.0005,0.1,-0.08427948573229038,-0.0008462194109049026,-0.000515072650512759,-0.054280192308717834,0.09891935545323616,104,0,49,55,0,8,8,202,0.43564356435643564,0.942556979041409,705.1636047,350.3820526228938,0,1.209515785612343,0.31323014385952486,,10000.0,9157.205142677096,False,-0.04321091692527057
194de2eface882b6,breakout,240,12,0.0,0,both,4.0,8.0,3.0,72,1000.0,0.02,5,0.06,0.15,5,32,0.0005,0.1,-0.02695295910796014,-0.0002626852203119201,-0.00011488191135303514,-0.042520235822002705,0.08033382658340171,104,0,46,54,4,9,9,167,0.4491017964071856,0.9693269304285185,401.5767451000001,255.74484597958715,0,0.8116687598504662,0.20660841656724072,,10000.0,9730.470408920399,False,-0.013614531026672871
babac4719747ce6f,breakout,240,12,0.0,0,long,1.5,2.0,0.0,72,1000.0,0.02,5,0.06,0.15,5,32,0.0005,0.1,-0.033374550396088165,-0.00032633319294339547,-4.729886357312444e-05,-0.04357962669841042,0.07166112506188016,104,0,38,51,15,5,5,128,0.40625,0.9750592896416794,793.0881304500001,777.7760735108902,0,1.5911222041875435,0.23153592870997752,,10000.0,9666.254496039119,False,-0.016885837800393877
23d9a637a32471b5,breakout,240,12,0.0,0,long,2.5,4.0,0.0,72,1000.0,0.02,5,0.06,0.15,5,32,0.0005,0.1,-0.08410312539940601,-0.0008443693094368765,-0.0006889754513464109,-0.03440719112433399,0.058938676593409456,104,0,40,49,15,5,5,103,0.46601941747572817,0.8974306185134903,402.0273406,634.4827133940825,0,0.9996684517526765,0.2581890864408496,,10000.0,9158.96874600594,False,-0.04311847195912999
d40340879aecea9a,breakout,240,12,0.0,0,long,3.0,6.0,0.0,72,1000.0,0.02,5,0.06,0.15,5,32,0.0005,0.1,-0.09302380227113205,-0.0009383966616363093,-0.0007899529419069069,-0.0353324900814761,0.10027403114340894,104,1,40,49,15,5,5,103,0.46601941747572817,0.8738584874732376,336.35580365000027,533.758919061309,0,0.8756258151948628,0.26362767759760974,,10000.0,9069.76197728868,False,-0.047805710727096384
7d4bfb5f51b0c698,breakout,240,12,0.0,0,long,2.5,8.0,2.0,72,1000.0,0.02,5,0.06,0.15,5,32,0.0005,0.1,0.008115978092451126,7.772629612778914e-05,0.00029741810040644935,-0.03454239969308326,0.13461152115950736,104,1,40,49,15,5,5,103,0.46601941747572817,1.0095492466719946,421.84911304999986,644.2598060254951,0,1.000528312955531,0.26413434836546135,,10000.0,10081.159780924512,False,0.004063640499533339
e0cf8821787db4a9,breakout,240,12,0.0,0,long,4.0,8.0,3.0,72,1000.0,0.02,5,0.06,0.15,5,32,0.0005,0.1,-0.0856855817319101,-0.0008609826435002077,-0.0007926617841152066,-0.023212941725494707,0.03440351910724071,104,0,43,46,15,5,5,101,0.4752475247524752,0.8356265303507563,244.2501317499999,401.6937855690806,0,0.8128595787134426,0.17296583146006594,,10000.0,9143.144182680899,False,-0.04394828513570115
a21e3014adcdeb17,breakout,240,12,0.0,200,both,1.5,2.0,0.0,72,1000.0,0.02,5,0.06,0.15,5,32,0.0005,0.1,0.08680627531517349,0.0008007374641569864,0.001217547001379855,-0.0526471507033307,0.0749095404449105,104,0,48,54,2,4,4,191,0.4031413612565445,1.0445308154782265,1096.0730442500005,549.00830259827,0,1.9079176952190402,0.28505018863942033,,10000.0,10868.062753151735,False,0.04264813483680108
cbb41c7e4408ee66,breakout,240,12,0.0,200,both,2.5,4.0,0.0,72,1000.0,0.02,5,0.06,0.15,5,32,0.0005,0.1,0.18876467270747188,0.0016640240865450906,0.0019822390155966063,-0.05009484437149514,0.09189525891430761,104,0,49,54,1,6,6,150,0.44666666666666666,1.1539647548261627,585.2272161,415.40945682529065,0,1.209658561494193,0.1872367663626181,,10000.0,11887.646727074718,False,0.09062667005220781
935580a004c7b080,breakout,240,12,0.0,200,both,3.0,6.0,0.0,72,1000.0,0.02,5,0.06,0.15,5,32,0.0005,0.1,0.15572272536833642,0.0013925637612626218,0.0016425515305956483,-0.061202957062737595,0.08866178828281401,104,0,53,50,1,5,5,144,0.4583333333333333,1.1493624527052289,478.1225229,350.5888234166112,0,1.0222880887859973,0.14176022588548098,,10000.0,11557.227253683364,False,0.0753110304538045
96a5d926d4ea420d,breakout,240,12,0.0,200,both,2.5,8.0,2.0,72,1000.0,0.02,5,0.06,0.15,5,32,0.0005,0.1,0.11360359135767273,0.0010351626767188815,0.0013465537372257435,-0.05408895712519579,0.12127088726165391,104,1,49,54,1,6,6,148,0.43243243243243246,1.0928831450078038,585.9942392499996,413.00894717329663,0,1.209554438767491,0.20208502278435614,,10000.0,11136.035913576727,False,0.05546799332249974
c65a76a41029c46d,breakout,240,12,0.0,200,both,4.0,8.0,3.0,72,1000.0,0.02,5,0.06,0.15,5,32,0.0005,0.1,0.18557168666965818,0.0016381200076174274,0.0017515840292484834,-0.03361456747014402,0.05245342689569776,104,0,52,43,9,5,5,125,0.48,1.2728777057319607,341.8085503999999,293.8991829034452,0,0.7805182235699166,0.1081682719906577,,10000.0,11855.71686669658,False,0.08915599036766242
20e37658abe3796e,breakout,240,12,0.0,200,long,1.5,2.0,0.0,72,1000.0,0.02,5,0.06,0.15,5,32,0.0005,0.1,0.07234834520626165,0.0006718694373657463,0.0008409524996641354,-0.043567210074510254,0.07114829190131466,104,0,25,30,49,4,4,79,0.4177215189873418,1.086483038938098,508.8741348,704.2722131373678,0,1.5743787666602804,0.14318359968023964,,10000.0,10723.483452062617,False,0.03566599805400417
e512f9a5b5538f06,breakout,240,12,0.0,200,long,2.5,4.0,0.0,72,1000.0,0.02,5,0.06,0.15,5,32,0.0005,0.1,0.007095176055225583,6.798426971288407e-05,0.00015780216159453332,-0.02317371321064776,0.05470120176488402,104,0,27,29,48,5,5,62,0.45161290322580644,1.0137221668953331,248.20048775,565.4794516977549,0,0.9990779507194404,0.17434837891373156,,10000.0,10070.951760552256,False,0.0035534271657002847
80cfac5c0624d670,breakout,240,12,0.0,200,long,3.0,6.0,0.0,72,1000.0,0.02,5,0.06,0.15,5,32,0.0005,0.1,0.019688256480013377,0.0001874882437202796,0.0002856719811657663,-0.022510379726853547,0.08920343971145916,104,0,28,29,47,5,5,62,0.45161290322580644,1.041471087231106,209.5445072,475.67232799988426,0,0.842734732130403,0.16914170511733018,,10000.0,10196.882564800133,False,0.00982974858174912
47b8a9522350d56c,breakout,240,12,0.0,200,long,2.5,8.0,2.0,72,1000.0,0.02,5,0.06,0.15,5,32,0.0005,0.1,0.11096125321342343,0.0010122969737331733,0.0011567319693059118,-0.026957834051487106,0.12063954929752319,104,1,28,28,48,5,5,62,0.46774193548387094,1.211491824758394,260.2473794,571.8200884657787,0,1.0002917314538406,0.1771477721252669,,10000.0,11109.612532134235,False,0.05421077779106853
bdf708ae5748a567,breakout,240,12,0.0,200,long,4.0,8.0,3.0,72,1000.0,0.02,5,0.06,0.15,5,32,0.0005,0.1,-0.01778388514115814,-0.0001725227951719921,-0.00012949391800420767,-0.020331011933837462,0.03440351910724071,104,0,30,27,47,5,5,61,0.45901639344262296,0.9480244624821152,148.29688015000002,353.988871261576,0,0.6418818753640758,0.13655795663275516,,10000.0,9822.161148588419,False,-0.008962182808446295
a029c075969d6b9a,breakout,240,12,1.0,0,both,1.5,2.0,0.0,72,1000.0,0.02,5,0.06,0.15,5,32,0.0005,0.1,-0.05944511005416264,-0.0005891078446071951,-1.2119679292973973e-05,-0.06820978010019507,0.10128378351142331,104,1,53,51,0,5,5,260,0.39615384615384613,0.976003233510972,1354.9943556000003,446.5913449416286,0,1.9077047419629285,0.4592940878556657,,10000.0,9405.548899458374,False,-0.030279343713197515
ede10267fb793d61,breakout,240,12,1.0,0,both,2.5,4.0,0.0,72,1000.0,0.02,5,0.06,0.15,5,32,0.0005,0.1,-0.009441309405511689,-9.120892767611188e-05,0.00023078451760829053,-0.0514566438781584,0.0958807894355671,104,0,52,52,0,8,8,191,0.44502617801047123,0.9934792466069098,684.0371310000005,308.59756305514156,0,1.2100422197426075,0.2983353429672675,,10000.0,9905.586905944883,False,-0.004747963486919193
c0f1c20d326a0822,breakout,240,12,1.0,0,both,3.0,6.0,0.0,72,1000.0,0.02,5,0.06,0.15,5,32,0.0005,0.1,0.018966999528859718,0.00018068332667930953,0.0004609176106002176,-0.05433549127451642,0.11147925717637652,104,1,52,52,0,8,8,180,0.45,1.0151506149226663,556.8096556,299.0099491114157,0,1.022399907227105,0.24221202662064845,,10000.0,10189.669995288597,False,0.009471324453551588
9c4e8e2383011b3f,breakout,240,12,1.0,0,both,2.5,8.0,2.0,72,1000.0,0.02,5,0.06,0.15,5,32,0.0005,0.1,-0.0653241890205496,-0.0006493615354244975,-0.0003541525111942244,-0.051386986441280036,0.09814368310625654,104,0,52,52,0,8,8,191,0.4397905759162304,0.9546694765204768,685.5010992999999,304.59299090550974,0,1.2102453759062892,0.2966817235693546,,10000.0,9346.758109794504,False,-0.03332513157397732
f59f1b1adc7bfdf9,breakout,240,12,1.0,0,both,4.0,8.0,3.0,72,1000.0,0.02,5,0.06,0.15,5,32,0.0005,0.1,0.02422666631569914,0.00023019818332570274,0.000372501194772865,-0.04286460319807517,0.08027343131862197,104,0,49,50,5,8,8,158,0.46835443037974683,1.0278329292747175,395.05607864999985,242.03655819297296,0,0.7804948678300072,0.17302431169940136,,10000.0,10242.266663156992,False,0.012082190471469634
d7c9c5fdd7a01579,breakout,240,12,1.0,0,long,1.5,2.0,0.0,72,1000.0,0.02,5,0.06,0.15,5,32,0.0005,0.1,-0.015147775064412783,-0.00014675533145092068,9.22498074697902e-05,-0.04357074614234924,0.06887476491471634,104,0,41,44,19,5,5,121,0.4132231404958678,0.988303735478119,767.0076133000001,748.4779373441263,0,1.5913980500649083,0.25536049016514095,,10000.0,9848.522249355872,False,-0.0076286413165223
fff1512894137fb3,breakout,240,12,1.0,0,long,2.5,4.0,0.0,72,1000.0,0.02,5,0.06,0.15,5,32,0.0005,0.1,-0.03974268132731362,-0.0003898661954220284,-0.00023814103838980035,-0.03453580513507781,0.058988209249975165,104,0,40,44,20,10,10,96,0.46875,0.9490950559440928,382.30818984999996,613.578923423128,0,1.000366780122566,0.2521364156293373,,10000.0,9602.573186726864,False,-0.020140622361478733
e873372056c147d7,breakout,240,12,1.0,0,long,3.0,6.0,0.0,72,1000.0,0.02,5,0.06,0.15,5,32,0.0005,0.1,-0.02234576560190893,-0.00021727653644532108,-7.52642220117691e-05,-0.035394096436589306,0.10064277114284637,104,1,40,44,20,10,10,96,0.46875,0.9671187992762147,324.2991780500002,528.2901779690856,0,0.8424378131019883,0.2438966974477106,,10000.0,9776.542343980911,False,-0.011274143383164792
932e8cf6bfcc9270,breakout,240,12,1.0,0,long,2.5,8.0,2.0,72,1000.0,0.02,5,0.06,0.15,5,32,0.0005,0.1,0.07034481291974681,0.0006538757184495481,0.0008669826196175646,-0.03439357600786841,0.13381360102029283,104,1,40,44,20,10,10,96,0.46875,1.087667540742123,405.15403505,626.2797357525446,0,1.0004158031052077,0.2473464533095544,,10000.0,10703.448129197468,False,0.03469474497424008
db153e9a29f9498d,breakout,240,12,1.0,0,long,4.0,8.0,3.0,72,1000.0,0.02,5,0.06,0.15,5,32,0.0005,0.1,-0.02799140484625895,-0.0002729495868090126,-0.00020931848268605674,-0.02331263258215044,0.03430860184547302,104,0,43,41,20,9,9,94,0.4787234042553192,0.9399401288617378,230.2363076500001,391.10744081256877,0,0.6414390779324475,0.16019957790689465,,10000.0,9720.08595153741,False,-0.014142808493798786
7b7e6190da2a30f7,breakout,240,12,1.0,200,both,1.5,2.0,0.0,72,1000.0,0.02,5,0.06,0.15,5,32,0.0005,0.1,0.12835153379026654,0.001161806566857937,0.00154198054131796,-0.05273197542083585,0.07499199736244311,104,0,49,53,2,4,4,186,0.40860215053763443,1.0668151667095789,1095.0062340499992,530.1101280473298,0,1.9079382393336106,0.2867469091035916,,10000.0,11283.515337902665,False,0.06245787603114472
2643a789a0ae7118,breakout,240,12,1.0,200,both,2.5,4.0,0.0,72,1000.0,0.02,5,0.06,0.15,5,32,0.0005,0.1,0.17126655475308916,0.0015212105680730836,0.0018224206130572085,-0.04396647314241642,0.09180499278570431,104,0,48,55,1,5,5,146,0.4383561643835616,1.1389294693170862,580.3328052999998,399.5818471690782,0,1.2104671841896628,0.17652988965673344,,10000.0,11712.66554753089,False,0.08254273056111483
39a9923ecbe39565,breakout,240,12,1.0,200,both,3.0,6.0,0.0,72,1000.0,0.02,5,0.06,0.15,5,32,0.0005,0.1,0.07571289917784041,0.0007020117162208628,0.0009458531263728884,-0.05435728858381539,0.08862823681747867,104,0,50,53,1,5,5,142,0.43661971830985913,1.0709845741674582,462.2059506000003,341.0564576215581,0,1.0232337335370398,0.1730520331427784,,10000.0,10757.128991778405,False,0.037295002105633746
b50628dcefe48428,breakout,240,12,1.0,200,both,2.5,8.0,2.0,72,1000.0,0.02,5,0.06,0.15,5,32,0.0005,0.1,0.11307822038940807,0.0010306206161572184,0.0013227858797135545,-0.04596955421751037,0.1204199674387092,104,1,48,55,1,5,5,144,0.4236111111111111,1.0919677796403815,586.6570583999999,399.0983377059091,0,1.2101315186271697,0.17860921951482345,,10000.0,11130.782203894081,False,0.05521814208812148
ba079af86daf4428,breakout,240,12,1.0,200,both,4.0,8.0,3.0,72,1000.0,0.02,5,0.06,0.15,5,32,0.0005,0.1,0.10452282656897238,0.0009563551945848126,0.0010684310841248172,-0.03361457097751264,0.05246088055081355,104,0,49,45,10,6,6,123,0.45528455284552843,1.1473039533764133,328.66367654999993,278.4933577602511,0,0.7815407566528578,0.13405403175410435,,10000.0,11045.228265689724,False,0.051141143331114414
41d94c907e7c001f,breakout,240,12,1.0,200,long,1.5,2.0,0.0,72,1000.0,0.02,5,0.06,0.15,5,32,0.0005,0.1,0.04815520221938829,0.0004523298535290543,0.0006023799994870455,-0.04350448433222587,0.06885194643439307,104,0,27,28,49,3,4,77,0.4155844155844156,1.0588424229469506,493.60837289999995,667.9032049061275,0,1.5917374521612013,0.15816843770075983,,10000.0,10481.552022193882,False,0.02387669540511217
f43b532123fcffe7,breakout,240,12,1.0,200,long,2.5,4.0,0.0,72,1000.0,0.02,5,0.06,0.15,5,32,0.0005,0.1,0.008844661603555126,8.467451447735641e-05,0.00017726693159326692,-0.02329049976612907,0.05470085438477734,104,0,27,27,50,6,7,60,0.45,1.0171544398186239,242.9037106,543.0936733644558,0,0.9990394934126058,0.17949096077456772,,10000.0,10088.446616035551,False,0.004427690823888941
42c55d0ae5e383c5,breakout,240,12,1.0,200,long,3.0,6.0,0.0,72,1000.0,0.02,5,0.06,0.15,5,32,0.0005,0.1,0.04441435450991005,0.00041793636889497776,0.0005147168141374461,-0.022261982574196093,0.08880917630197716,104,0,28,27,49,6,7,60,0.45,1.0977460439678017,207.61412070000003,466.70133420090076,0,0.8424189302109052,0.1599704079597719,,10000.0,10444.143545099101,False,0.02204172648803082
cfd99346efaa6e3d,breakout,240,12,1.0,200,long,2.5,8.0,2.0,72,1000.0,0.02,5,0.06,0.15,5,32,0.0005,0.1,0.12923419666878244,0.0011693341089955567,0.00131473610179984,-0.02686016796838442,0.12051480606263154,104,1,28,26,50,6,7,60,0.4666666666666667,1.2516777261418341,256.26321830000006,551.0776150121812,0,0.9997927816779839,0.1706936971339139,,10000.0,11292.341966687825,False,0.06287477178174483
eab9fb7f7fe0675d,breakout,240,12,1.0,200,long,4.0,8.0,3.0,72,1000.0,0.02,5,0.06,0.15,5,32,0.0005,0.1,-0.007493654860525778,-7.232308988225356e-05,-2.80242381526871e-05,-0.021585202158837524,0.034230296699159446,104,0,30,25,49,5,6,59,0.4576271186440678,0.9774440431276294,145.28786490000005,344.34448370524376,0,0.6421081242710713,0.13105891196999642,,10000.0,9925.063451394743,False,-0.003766662751388594
b29aad35ea88ec0b,breakout,240,48,0.0,0,both,1.5,2.0,0.0,72,1000.0,0.02,5,0.06,0.15,5,32,0.0005,0.1,0.05282647821347641,0.0004951074440135983,0.0008642666585594028,-0.0715878669603266,0.07886201936099502,104,0,41,46,17,7,7,120,0.39166666666666666,1.0432381678959008,678.3785122999999,386.19990556521157,0,1.7403555864540332,0.3217438439142636,,10000.0,10528.264782134764,False,0.026163484423860295
9cc87d9931b95fc3,breakout,240,48,0.0,0,both,2.5,4.0,0.0,72,1000.0,0.02,5,0.06,0.15,5,32,0.0005,0.1,-0.040055323474380566,-0.00039299607219001054,-0.00019548150044726325,-0.04194998585029652,0.06232868183989915,104,0,41,49,14,6,6,93,0.40860215053763443,0.9528787186196942,348.72261299999997,329.88962174380015,0,1.0984198138702124,0.20072133112727053,,10000.0,9599.446765256194,False,-0.020300691944169724
142c48192b67ecd0,breakout,240,48,0.0,0,both,3.0,6.0,0.0,72,1000.0,0.02,5,0.06,0.15,5,32,0.0005,0.1,0.022062015521304712,0.00020985057795397388,0.0004010174954158849,-0.03930342013700683,0.10341390076603085,104,1,41,49,14,6,6,92,0.41304347826086957,1.029178723432629,299.84170979999993,291.2147349869178,0,0.9266296917927467,0.14630041863514276,,10000.0,10220.620155213048,False,0.011008482099485573
89ed16cea51992d0,breakout,240,48,0.0,0,both,2.5,8.0,2.0,72,1000.0,0.02,5,0.06,0.15,5,32,0.0005,0.1,0.059676775026098694,0.0005575008497389344,0.0008198465147593517,-0.04194998585029652,0.13889406430646356,104,1,42,48,14,6,6,93,0.41935483870967744,1.0696624225860611,372.7812341499998,331.670515589005,0,1.0979769358516196,0.16896394479915366,,10000.0,10596.767750260986,False,0.029507873175318666
d7d79fa1c6ff4032,breakout,240,48,0.0,0,both,4.0,8.0,3.0,72,1000.0,0.02,5,0.06,0.15,5,32,0.0005,0.1,0.02892110148557303,0.00027417968587251096,0.0003602005830042834,-0.03943419665497572,0.03835366991714073,104,0,41,41,22,5,6,80,0.4625,1.0587770807232815,211.76861115000008,233.56707399427455,0,0.7068774863401222,0.1145549451843193,,10000.0,10289.21101485573,False,0.014406842159649713
ae9b7d7121bc102a,breakout,240,48,0.0,0,long,1.5,2.0,0.0,72,1000.0,0.02,5,0.06,0.15,5,32,0.0005,0.1,0.007033667577596381,6.73969510756045e-05,0.00021415203613738958,-0.04323322908621274,0.06886662445997271,104,0,24,23,57,3,6,58,0.41379310344827586,1.011288299638411,369.03884845000005,459.618975774032,0,1.5919683111472498,0.18334972689161844,,10000.0,10070.336675775963,False,0.0035226760061273232
3d135f0b48091009,breakout,240,48,0.0,0,long,2.5,4.0,0.0,72,1000.0,0.02,5,0.06,0.15,5,32,0.0005,0.1,0.002031508057921849,1.951410708866952e-05,0.00010312397568731924,-0.021728174211937623,0.0620744765922594,104,0,23,28,53,3,5,45,0.4666666666666667,1.0050530324768585,185.72449479999997,394.74202462078597,0,0.9990136425558882,0.121142392779782,,10000.0,10020.31508057922,False,0.0010187059168982326
caa92cdbf04c8ed1,breakout,240,48,0.0,0,long,3.0,6.0,0.0,72,1000.0,0.02,5,0.06,0.15,5,32,0.0005,0.1,0.0306207048972158,0.0002900540464765289,0.00038673452991399486,-0.020945715123317443,0.10299784747593277,104,1,23,28,53,3,5,45,0.4666666666666667,1.08411382469576,159.06626540000002,344.50668562781806,0,0.8437205887044154,0.10837845087339626,,10000.0,10306.207048972157,False,0.015247170470048976
2f22815f8b46f584,breakout,240,48,0.0,0,long,2.5,8.0,2.0,72,1000.0,0.02,5,0.06,0.15,5,32,0.0005,0.1,0.10850946054149624,0.0009910319458517058,0.0011349921376835475,-0.02097044013981353,0.13810760158377655,104,1,24,27,53,3,5,45,0.4888888888888889,1.2780364755603417,197.00905079999998,400.81674378503004,0,0.9992903903308585,0.11235511613630678,,10000.0,11085.094605414963,False,0.05304288977558125
6961142dee715067,breakout,240,48,0.0,0,long,4.0,8.0,3.0,72,1000.0,0.02,5,0.06,0.15,5,32,0.0005,0.1,-0.0300744405634652,-0.00029357183472378257,-0.00025443917355517183,-0.020310094159879943,0.03847789446015226,104,0,24,27,53,3,5,45,0.4666666666666667,0.8920544461459786,114.37074375000002,258.1911618846502,0,0.6412214684930426,0.08550636431173186,,10000.0,9699.255594365348,False,-0.01520333765722981
a802877d275b9f54,breakout,240,48,0.0,200,both,1.5,2.0,0.0,72,1000.0,0.02,5,0.06,0.15,5,32,0.0005,0.1,0.1324912825195077,0.0011970609137552657,0.0015293721052763358,-0.05269868834062186,0.07864783688625598,104,0,39,43,22,7,7,110,0.4090909090909091,1.1148331320224183,653.2137194500002,395.70115535491664,0,1.7054931663269661,0.2586181696283767,,10000.0,11324.912825195077,False,0.06441174200710353
dbec6a236ac9ebae,breakout,240,48,0.0,200,both,2.5,4.0,0.0,72,1000.0,0.02,5,0.06,0.15,5,32,0.0005,0.1,0.03330044023429002,0.0003150302874392885,0.0004959176512697172,-0.03951773245637491,0.06216391984934977,104,0,38,46,20,5,6,84,0.4166666666666667,1.04168385284532,333.11640940000007,339.0585882571022,0,1.097214733282807,0.13844127848446597,,10000.0,10333.0044023429,False,0.016570700161854024
4779cb64e4de216c,breakout,240,48,0.0,200,both,3.0,6.0,0.0,72,1000.0,0.02,5,0.06,0.15,5,32,0.0005,0.1,0.0822955212929144,0.000760714852389377,0.0009438354253395592,-0.03943888809961804,0.10370570864304773,104,1,39,45,20,5,5,83,0.42168674698795183,1.1160863320975076,281.51442685,297.8354602208359,0,0.9269826300610208,0.12195077372576157,,10000.0,10822.955212929144,False,0.04047476067739564
0d783359a9930cd4,breakout,240,48,0.0,200,both,2.5,8.0,2.0,72,1000.0,0.02,5,0.06,0.15,5,32,0.0005,0.1,0.1399391619184489,0.001260167327535644,0.0015046861346787955,-0.039382162933260245,0.13833465195609929,104,1,39,45,20,5,5,84,0.42857142857142855,1.1744902942681545,356.54952910000014,339.6204517154975,0,1.0975094668122967,0.12732220796358618,,10000.0,11399.39161918449,False,0.0679180293036179
e8e9fe6fd0233185,breakout,240,48,0.0,200,both,4.0,8.0,3.0,72,1000.0,0.02,5,0.06,0.15,5,32,0.0005,0.1,0.08141693257041771,0.0007529001703403537,0.000833043347031738,-0.039523346639067425,0.03839869323510792,104,0,40,36,28,5,6,72,0.4722222222222222,1.1832715405205916,197.26815485,239.59981944579152,0,0.7061915181392201,0.08661942788306232,,10000.0,10814.169325704177,False,0.0400509136863223
a6de181d96a2ae87,breakout,240,48,0.0,200,long,1.5,2.0,0.0,72,1000.0,0.02,5,0.06,0.15,5,32,0.0005,0.1,0.0895010530344944,0.0008245690196182487,0.0009538381380837982,-0.04323322908621274,0.06794802381340914,104,0,24,19,61,3,5,51,0.45098039215686275,1.1689364834415787,332.69277955000007,451.202390105067,0,1.5488419437825611,0.15861620255683062,,10000.0,10895.010530344944,False,0.04394438989518634
e0cedcb04e13606a,breakout,240,48,0.0,200,long,2.5,4.0,0.0,72,1000.0,0.02,5,0.06,0.15,5,32,0.0005,0.1,0.0128710880206242,0.0001229783260070505,0.00019602095441804968,-0.021749422769714588,0.06240846423767121,104,0,21,25,58,3,5,40,0.475,1.035169713418333,165.7811515,380.4357682937637,0,1.0001053722280224,0.10339739817345206,,10000.0,10128.710880206243,False,0.006436935674432931
42c205ad467d9297,breakout,240,48,0.0,200,long,3.0,6.0,0.0,72,1000.0,0.02,5,0.06,0.15,5,32,0.0005,0.1,0.04344459402953982,0.0004090004432983907,0.0004980546864461157,-0.020746892457469746,0.10301233909738183,104,1,22,24,58,3,5,40,0.475,1.1320161735186374,141.88692815000005,333.72203155456947,0,0.8431858540554289,0.08970228605413244,,10000.0,10434.445940295398,False,0.021565503113921025
cb6edf8f75b5ee6c,breakout,240,48,0.0,200,long,2.5,8.0,2.0,72,1000.0,0.02,5,0.06,0.15,5,32,0.0005,0.1,0.1203012376789494,0.0010928814847990242,0.0012267897796782584,-0.02103684132725403,0.13871843705781473,104,1,22,24,58,3,5,40,0.5,1.3416627805612724,175.71690695,385.6270162605174,0,0.9998556031566123,0.09476841850750539,,10000.0,11203.012376789493,False,0.05864806764480024
67502a4ef70476e7,breakout,240,48,0.0,200,long,4.0,8.0,3.0,72,1000.0,0.02,5,0.06,0.15,5,32,0.0005,0.1,-0.01701442157123878,-0.00016499436693639957,-0.0001310354117036962,-0.020315420495398362,0.038215595561887916,104,0,23,23,58,3,5,40,0.475,0.931520287293648,101.88927075000001,250.42504496237902,0,0.6413896292438421,0.06868644128588741,,10000.0,9829.855784287613,False,-0.008572746516286034
eb2568aa446a81ef,breakout,240,48,1.0,0,both,1.5,2.0,0.0,72,1000.0,0.02,5,0.06,0.15,5,32,0.0005,0.1,0.05282647821347641,0.0004951074440135983,0.0008642666585594028,-0.0715878669603266,0.07886201936099502,104,0,41,46,17,7,7,120,0.39166666666666666,1.0432381678959008,678.3785122999999,386.19990556521157,0,1.7403555864540332,0.3217438439142636,,10000.0,10528.264782134764,False,0.026163484423860295
74d65ac67c9a18ac,breakout,240,48,1.0,0,both,2.5,4.0,0.0,72,1000.0,0.02,5,0.06,0.15,5,32,0.0005,0.1,-0.021342702002349334,-0.00020741839787086214,-1.461376114624098e-05,-0.03941141561601935,0.06227051513599924,104,0,41,49,14,6,6,92,0.41304347826086957,0.9747413615005857,352.15810665,327.10141337345607,0,1.0976825285756924,0.18584572262173438,,10000.0,9786.572979976507,False,-0.010765330579254884
67cb33062000f8aa,breakout,240,48,1.0,0,both,3.0,6.0,0.0,72,1000.0,0.02,5,0.06,0.15,5,32,0.0005,0.1,0.042538203607075165,0.00040064100599779273,0.000590444952545964,-0.039398469483007736,0.10360180702184607,104,1,41,49,14,6,6,91,0.4175824175824176,1.0566898164287486,303.2005367500001,289.71932717921806,0,0.9274543832199756,0.12972064234338143,,10000.0,10425.382036070752,False,0.02112019964092604
0eaae29ca460c7b2,breakout,240,48,1.0,0,both,2.5,8.0,2.0,72,1000.0,0.02,5,0.06,0.15,5,32,0.0005,0.1,0.08025876950241884,0.0007425891774162086,0.000999764623744316,-0.03942647778479247,0.13874167017024863,104,1,42,48,14,6,6,92,0.42391304347826086,1.0942048482947355,376.74787799999996,329.15322697578733,0,1.0984758575773377,0.15281688280335692,,10000.0,10802.587695024187,False,0.03949193274291196
d94d9144f2871de9,breakout,240,48,1.0,0,both,4.0,8.0,3.0,72,1000.0,0.02,5,0.06,0.15,5,32,0.0005,0.1,0.050334731745007355,0.0004723125189118882,0.0005568390198283923,-0.039099122526332075,0.03805608583460596,104,0,41,40,23,5,6,79,0.46835443037974683,1.1047226750415933,214.00058499999997,232.48029754992814,0,0.7066302285922521,0.10729261614934349,,10000.0,10503.347317450074,False,0.02494429875133064
5962b5d29317b203,breakout,240,48,1.0,0,long,1.5,2.0,0.0,72,1000.0,0.02,5,0.06,0.15,5,32,0.0005,0.1,0.007033667577596381,6.73969510756045e-05,0.00021415203613738958,-0.04323322908621274,0.06886662445997271,104,0,24,23,57,3,6,58,0.41379310344827586,1.011288299638411,369.03884845000005,459.618975774032,0,1.5919683111472498,0.18334972689161844,,10000.0,10070.336675775963,False,0.0035226760061273232
799734627e418c3f,breakout,240,48,1.0,0,long,2.5,4.0,0.0,72,1000.0,0.02,5,0.06,0.15,5,32,0.0005,0.1,0.02320685728291072,0.0002206173426306801,0.00030376352093586034,-0.021836667471010984,0.0623966969428047,104,0,23,27,54,3,5,44,0.4772727272727273,1.0597798794868627,186.2146769,394.0981502708974,0,1.0000216084934272,0.12079044387453708,,10000.0,10232.068572829106,False,0.011576486618817938
14a839005fa2b2f9,breakout,240,48,1.0,0,long,3.0,6.0,0.0,72,1000.0,0.02,5,0.06,0.15,5,32,0.0005,0.1,0.05230576166518497,0.0004903482588862751,0.000585784570665224,-0.020917674787034546,0.10292392715133647,104,1,23,27,54,3,5,44,0.4772727272727273,1.1499522727242395,159.3439207,344.4590626481554,0,0.8425918826434721,0.10793547628670164,,10000.0,10523.05761665185,False,0.025908822162765688
f726b01d40ec29e3,breakout,240,48,1.0,0,long,2.5,8.0,2.0,72,1000.0,0.02,5,0.06,0.15,5,32,0.0005,0.1,0.13269326438573725,0.0011987777362154617,0.0013423714071572003,-0.02084574171847542,0.13861437746732785,104,1,24,26,54,3,5,44,0.5,1.3532512753435229,197.67381564999997,399.75464049264997,0,0.9998702908626045,0.11185160154614793,,10000.0,11326.932643857372,False,0.06450698165919388
17b7255a2fa0f30d,breakout,240,48,1.0,0,long,4.0,8.0,3.0,72,1000.0,0.02,5,0.06,0.15,5,32,0.0005,0.1,-0.010406481932472178,-0.00010058155651238021,-6.286611751730581e-05,-0.020343250951558756,0.038147284324537845,104,0,24,26,54,3,5,44,0.4772727272727273,0.9603482665377944,114.50680535000002,257.89791397471055,0,0.6422682803139723,0.08544192279566398,,10000.0,9895.935180675278,False,-0.0052346095449040675
3368fcde0065150a,breakout,240,48,1.0,200,both,1.5,2.0,0.0,72,1000.0,0.02,5,0.06,0.15,5,32,0.0005,0.1,0.1324912825195077,0.0011970609137552657,0.0015293721052763358,-0.05269868834062186,0.07864783688625598,104,0,39,43,22,7,7,110,0.4090909090909091,1.1148331320224183,653.2137194500002,395.70115535491664,0,1.7054931663269661,0.2586181696283767,,10000.0,11324.912825195077,False,0.06441174200710353
1c483843090281d2,breakout,240,48,1.0,200,both,2.5,4.0,0.0,72,1000.0,0.02,5,0.06,0.15,5,32,0.0005,0.1,0.05676242670299003,0.0005310055465850283,0.0007104576512500088,-0.03938291669201044,0.06241001286146641,104,0,38,46,20,5,6,83,0.42168674698795183,1.0715411205526282,337.1258939999999,337.3638389700791,0,1.097877142267652,0.13680949966110612,,10000.0,10567.6242670299,False,0.028086377538822926
4fdec320fd4d68af,breakout,240,48,1.0,200,both,3.0,6.0,0.0,72,1000.0,0.02,5,0.06,0.15,5,32,0.0005,0.1,0.10486684198655638,0.0009593524105626638,0.0011404817556576357,-0.03947027835980532,0.10373006619081071,104,1,39,45,20,5,5,82,0.4268292682926829,1.149401008129098,284.69792840000014,296.9488517344287,0,0.9274925120157848,0.1085737998458578,,10000.0,11048.668419865564,False,0.051305383913657465
44f12fa185973255,breakout,240,48,1.0,200,both,2.5,8.0,2.0,72,1000.0,0.02,5,0.06,0.15,5,32,0.0005,0.1,0.1624013729271636,0.001448047548180842,0.00168977742780693,-0.03941565339110287,0.1379069371785686,104,1,39,45,20,5,5,83,0.43373493975903615,1.204118655134498,360.2720272000001,338.44864352837334,0,1.0976281368772984,0.12448311352927488,,10000.0,11624.013729271635,False,0.07842414407437337
afa56aaf4736562a,breakout,240,48,1.0,200,both,4.0,8.0,3.0,72,1000.0,0.02,5,0.06,0.15,5,32,0.0005,0.1,0.10428071389573645,0.0009542452464748052,0.0010328523873849604,-0.039192398874380974,0.03807996720981799,104,0,40,35,29,5,6,71,0.4788732394366197,1.2417545459317276,199.17409329999998,238.36216774262536,0,0.7065389807686139,0.07862433920261225,,10000.0,11042.807138957365,False,0.05102553809360355
de5142cfc347cb32,breakout,240,48,1.0,200,long,1.5,2.0,0.0,72,1000.0,0.02,5,0.06,0.15,5,32,0.0005,0.1,0.0895010530344944,0.0008245690196182487,0.0009538381380837982,-0.04323322908621274,0.06794802381340914,104,0,24,19,61,3,5,51,0.45098039215686275,1.1689364834415787,332.69277955000007,451.202390105067,0,1.5488419437825611,0.15861620255683062,,10000.0,10895.010530344944,False,0.04394438989518634
42b445469069d37f,breakout,240,48,1.0,200,long,2.5,4.0,0.0,72,1000.0,0.02,5,0.06,0.15,5,32,0.0005,0.1,0.03223161670761909,0.0003050761096370369,0.0003773643179069494,-0.02188275649660998,0.06216034846068874,104,0,21,24,59,3,5,39,0.48717948717948717,1.0916394902770719,165.62460860000002,379.32022432380467,0,0.9995625241875024,0.10424733071067882,,10000.0,10322.316167076191,False,0.016043010151923776
3a19a760976c49c4,breakout,240,48,1.0,200,long,3.0,6.0,0.0,72,1000.0,0.02,5,0.06,0.15,5,32,0.0005,0.1,0.06437915277170769,0.000600099930585074,0.0006879234037989212,-0.02072347738189928,0.10292294558600545,104,1,22,23,59,3,5,39,0.48717948717948717,1.205261602545256,141.81118775000002,333.2413845329267,0,0.8426632192318417,0.09000542352549268,,10000.0,10643.791527717076,False,0.03179739262191417
491db2f0a22840bb,breakout,240,48,1.0,200,long,2.5,8.0,2.0,72,1000.0,0.02,5,0.06,0.15,5,32,0.0005,0.1,0.1432637844125204,0.0012882053775353786,0.001420676127368069,-0.020935012522472873,0.13827871786231372,104,1,22,23,59,3,5,39,0.5128205128205128,1.4253655530311655,175.80290080000003,384.1810550747973,0,0.999928148470505,0.09455373900829123,,10000.0,11432.637844125204,False,0.0694794980014306
c01659aff7ee3273,breakout,240,48,1.0,200,long,4.0,8.0,3.0,72,1000.0,0.02,5,0.06,0.15,5,32,0.0005,0.1,0.0033816047706942687,3.246110379739875e-05,6.528063310046825e-05,-0.020333575989096908,0.03843511652679288,104,0,23,22,59,3,5,39,0.48717948717948717,1.0145638862180248,101.98788745000006,250.64196484305202,0,0.6419628266027066,0.06871134034487991,,10000.0,10033.816047706943,False,0.0016951468935395564
3138ddbd9db36c93,breakout,240,192,0.0,0,both,1.5,2.0,0.0,72,1000.0,0.02,5,0.06,0.15,5,32,0.0005,0.1,-0.008138300725835323,-7.856996582289444e-05,6.705431708365756e-05,-0.042159460546020155,0.06881257342765013,104,0,17,26,61,5,6,47,0.3829787234042553,0.9854266606571049,275.0033169000001,281.81709035834865,0,1.3031250168672643,0.18133819436290244,,10000.0,9918.616992741647,False,-0.004091352968810802
69c4634dea1a7062,breakout,240,192,0.0,0,both,2.5,4.0,0.0,72,1000.0,0.02,5,0.06,0.15,5,32,0.0005,0.1,-0.16444760909894718,-0.001726030105946852,-0.0016528360355283266,-0.02983200062298097,0.054867069587562156,104,0,14,31,59,5,9,40,0.325,0.623146958547043,136.18707220000005,224.60241878948196,0,0.811794579992738,0.21211593591047972,,10000.0,8355.523909010528,False,-0.08619469869384921
9463c4ab62c9f513,breakout,240,192,0.0,0,both,3.0,6.0,0.0,72,1000.0,0.02,5,0.06,0.15,5,32,0.0005,0.1,-0.13559610118920917,-0.0014001260608548227,-0.0013425428023076647,-0.028218903007834473,0.04606997903950849,104,0,15,30,59,5,9,40,0.35,0.6305752921240168,114.61891815,186.57359374209537,0,0.6821416055146959,0.1767253478576457,,10000.0,8644.038988107908,False,-0.07049795199942555
a7f43c18ad1900da,breakout,240,192,0.0,0,both,2.5,8.0,2.0,72,1000.0,0.02,5,0.06,0.15,5,32,0.0005,0.1,-0.14958032463430193,-0.0015567227752403268,-0.0014826610766882813,-0.029908639293717787,0.05508798864235831,104,0,14,31,59,5,9,40,0.325,0.6516423899215532,136.91485325000002,222.57289309303076,0,0.8105934384368619,0.20354507198107052,,10000.0,8504.196753656981,False,-0.07807296048332346
40493d95c7a55ee3,breakout,240,192,0.0,0,both,4.0,8.0,3.0,72,1000.0,0.02,5,0.06,0.15,5,32,0.0005,0.1,-0.09150368765345052,-0.0009223095090672428,-0.0008859092147914474,-0.020376279399811126,0.03454796948604422,104,0,17,22,65,3,4,34,0.38235294117647056,0.6369506005571471,81.27343389999999,146.70924263450135,0,0.5188355567265156,0.12418092271135406,,10000.0,9084.963123465495,False,-0.0470053703854173
febce0d4a2ffc8f1,breakout,240,192,0.0,0,long,1.5,2.0,0.0,72,1000.0,0.02,5,0.06,0.15,5,32,0.0005,0.1,-0.0751144831420596,-0.0007505385384848351,-0.0006947264233316157,-0.042159460546020155,0.05235717393238737,104,0,9,13,82,2,4,23,0.391304347826087,0.7278474068574257,143.83864990000004,288.2733815205986,0,1.3042297354138985,0.20868213603827201,,10000.0,9248.855168579405,False,-0.0384184748049925
bff7face8a9ede2e,breakout,240,192,0.0,0,long,2.5,4.0,0.0,72,1000.0,0.02,5,0.06,0.15,5,32,0.0005,0.1,-0.15751439543311208,-0.0016467071439558723,-0.0016233602299860707,-0.02399412569115178,0.019543664050988285,104,0,7,17,80,3,7,21,0.3333333333333333,0.34338600190074825,79.85321055000001,233.3480437811149,0,0.8113170243228746,0.20557826260629786,,10000.0,8424.85604566888,False,-0.08239832079834164
3835fd8e9134a649,breakout,240,192,0.0,0,long,3.0,6.0,0.0,72,1000.0,0.02,5,0.06,0.15,5,32,0.0005,0.1,-0.13664015946196084,-0.0014117305513302592,-0.0013942881986612797,-0.02090636202473395,0.01644332274320326,104,0,8,16,80,3,6,21,0.38095238095238093,0.3377473254562863,66.8326538,196.90214081960957,0,0.6829497967951084,0.1777197287396599,,10000.0,8633.598405380391,False,-0.07106138081057745
860afb2b7e636309,breakout,240,192,0.0,0,long,2.5,8.0,2.0,72,1000.0,0.02,5,0.06,0.15,5,32,0.0005,0.1,-0.14817853652708624,-0.0015409108453691145,-0.0015189736234256191,-0.02399412569115178,0.019543664050988285,104,0,7,17,80,3,7,21,0.3333333333333333,0.3572908437174879,79.89938805000001,232.29827722085668,0,0.8113170243228746,0.1967750151537786,,10000.0,8518.214634729138,False,-0.0773108511056303
ccb9291265b5afef,breakout,240,192,0.0,0,long,4.0,8.0,3.0,72,1000.0,0.02,5,0.06,0.15,5,32,0.0005,0.1,-0.11602430350808446,-0.001185121317039739,-0.001171745351808044,-0.020376279399811126,0.012282188491935742,104,0,9,15,80,3,4,21,0.38095238095238093,0.3053771648516532,50.609861,152.94957408084403,0,0.5175137763318889,0.1478195691874037,,10000.0,8839.756964919156,False,-0.05999805866681185
6e14a38634f03b3e,breakout,240,192,0.0,200,both,1.5,2.0,0.0,72,1000.0,0.02,5,0.06,0.15,5,32,0.0005,0.1,-0.008138300725835323,-7.856996582289444e-05,6.705431708365756e-05,-0.042159460546020155,0.06881257342765013,104,0,17,26,61,5,6,47,0.3829787234042553,0.9854266606571049,275.0033169000001,281.81709035834865,0,1.3031250168672643,0.18133819436290244,,10000.0,9918.616992741647,False,-0.004091352968810802
34fb4e6851f5719b,breakout,240,192,0.0,200,both,2.5,4.0,0.0,72,1000.0,0.02,5,0.06,0.15,5,32,0.0005,0.1,-0.16444760909894718,-0.001726030105946852,-0.0016528360355283266,-0.02983200062298097,0.054867069587562156,104,0,14,31,59,5,9,40,0.325,0.623146958547043,136.18707220000005,224.60241878948196,0,0.811794579992738,0.21211593591047972,,10000.0,8355.523909010528,False,-0.08619469869384921
c59857837db0a5e1,breakout,240,192,0.0,200,both,3.0,6.0,0.0,72,1000.0,0.02,5,0.06,0.15,5,32,0.0005,0.1,-0.13559610118920917,-0.0014001260608548227,-0.0013425428023076647,-0.028218903007834473,0.04606997903950849,104,0,15,30,59,5,9,40,0.35,0.6305752921240168,114.61891815,186.57359374209537,0,0.6821416055146959,0.1767253478576457,,10000.0,8644.038988107908,False,-0.07049795199942555
100cd9e60bc38d28,breakout,240,192,0.0,200,both,2.5,8.0,2.0,72,1000.0,0.02,5,0.06,0.15,5,32,0.0005,0.1,-0.14958032463430193,-0.0015567227752403268,-0.0014826610766882813,-0.029908639293717787,0.05508798864235831,104,0,14,31,59,5,9,40,0.325,0.6516423899215532,136.91485325000002,222.57289309303076,0,0.8105934384368619,0.20354507198107052,,10000.0,8504.196753656981,False,-0.07807296048332346
522f243695f2d0db,breakout,240,192,0.0,200,both,4.0,8.0,3.0,72,1000.0,0.02,5,0.06,0.15,5,32,0.0005,0.1,-0.09150368765345052,-0.0009223095090672428,-0.0008859092147914474,-0.020376279399811126,0.03454796948604422,104,0,17,22,65,3,4,34,0.38235294117647056,0.6369506005571471,81.27343389999999,146.70924263450135,0,0.5188355567265156,0.12418092271135406,,10000.0,9084.963123465495,False,-0.0470053703854173
40ff369bd27cd226,breakout,240,192,0.0,200,long,1.5,2.0,0.0,72,1000.0,0.02,5,0.06,0.15,5,32,0.0005,0.1,-0.0751144831420596,-0.0007505385384848351,-0.0006947264233316157,-0.042159460546020155,0.05235717393238737,104,0,9,13,82,2,4,23,0.391304347826087,0.7278474068574257,143.83864990000004,288.2733815205986,0,1.3042297354138985,0.20868213603827201,,10000.0,9248.855168579405,False,-0.0384184748049925
7c9be6501088a41e,breakout,240,192,0.0,200,long,2.5,4.0,0.0,72,1000.0,0.02,5,0.06,0.15,5,32,0.0005,0.1,-0.15751439543311208,-0.0016467071439558723,-0.0016233602299860707,-0.02399412569115178,0.019543664050988285,104,0,7,17,80,3,7,21,0.3333333333333333,0.34338600190074825,79.85321055000001,233.3480437811149,0,0.8113170243228746,0.20557826260629786,,10000.0,8424.85604566888,False,-0.08239832079834164
75882a256c9c0d25,breakout,240,192,0.0,200,long,3.0,6.0,0.0,72,1000.0,0.02,5,0.06,0.15,5,32,0.0005,0.1,-0.13664015946196084,-0.0014117305513302592,-0.0013942881986612797,-0.02090636202473395,0.01644332274320326,104,0,8,16,80,3,6,21,0.38095238095238093,0.3377473254562863,66.8326538,196.90214081960957,0,0.6829497967951084,0.1777197287396599,,10000.0,8633.598405380391,False,-0.07106138081057745
cc62fc1fbefc8c60,breakout,240,192,0.0,200,long,2.5,8.0,2.0,72,1000.0,0.02,5,0.06,0.15,5,32,0.0005,0.1,-0.14817853652708624,-0.0015409108453691145,-0.0015189736234256191,-0.02399412569115178,0.019543664050988285,104,0,7,17,80,3,7,21,0.3333333333333333,0.3572908437174879,79.89938805000001,232.29827722085668,0,0.8113170243228746,0.1967750151537786,,10000.0,8518.214634729138,False,-0.0773108511056303
d558f9cfeff280f2,breakout,240,192,0.0,200,long,4.0,8.0,3.0,72,1000.0,0.02,5,0.06,0.15,5,32,0.0005,0.1,-0.11602430350808446,-0.001185121317039739,-0.001171745351808044,-0.020376279399811126,0.012282188491935742,104,0,9,15,80,3,4,21,0.38095238095238093,0.3053771648516532,50.609861,152.94957408084403,0,0.5175137763318889,0.1478195691874037,,10000.0,8839.756964919156,False,-0.05999805866681185
b20a79187146fc88,breakout,240,192,1.0,0,both,1.5,2.0,0.0,72,1000.0,0.02,5,0.06,0.15,5,32,0.0005,0.1,-0.008138300725835323,-7.856996582289444e-05,6.705431708365756e-05,-0.042159460546020155,0.06881257342765013,104,0,17,26,61,5,6,47,0.3829787234042553,0.9854266606571049,275.0033169000001,281.81709035834865,0,1.3031250168672643,0.18133819436290244,,10000.0,9918.616992741647,False,-0.004091352968810802
3cfa33c7c126af01,breakout,240,192,1.0,0,both,2.5,4.0,0.0,72,1000.0,0.02,5,0.06,0.15,5,32,0.0005,0.1,-0.14703384542936493,-0.0015280180282228883,-0.0014553135268993327,-0.029852172666787746,0.05489201284434486,104,0,14,30,60,5,9,39,0.3333333333333333,0.6527840876980703,135.58485149999998,220.11740279364832,0,0.8115388927070286,0.19762050675830722,,10000.0,8529.66154570635,False,-0.0766889809207143
b16e838c467fb8e4,breakout,240,192,1.0,0,both,3.0,6.0,0.0,72,1000.0,0.02,5,0.06,0.15,5,32,0.0005,0.1,-0.11802501024210121,-0.0012068824737424544,-0.0011502724007703446,-0.02825753446643775,0.046281667553659034,104,0,15,29,60,5,9,39,0.358974358974359,0.6651161194461016,114.07494109999999,182.91116132099972,0,0.6823522308674788,0.16164550378027565,,10000.0,8819.749897578988,False,-0.061066047941729984
eea1f0fad2aaa540,breakout,240,192,1.0,0,both,2.5,8.0,2.0,72,1000.0,0.02,5,0.06,0.15,5,32,0.0005,0.1,-0.13070353195883222,-0.0013459304595206945,-0.0012722072808957507,-0.029895591418316436,0.05504929007146098,104,0,14,30,60,5,9,39,0.3333333333333333,0.6859482363421019,136.46305219999996,217.9176673883127,0,0.8111921022133202,0.18775843167793327,,10000.0,8692.964680411678,False,-0.06786217052034282
7b14719680a2d0e6,breakout,240,192,1.0,0,both,4.0,8.0,3.0,72,1000.0,0.02,5,0.06,0.15,5,32,0.0005,0.1,-0.07355419394828555,-0.0007343430089251646,-0.0006991085423321242,-0.02046406974352666,0.03440955506110632,104,0,17,21,66,3,4,33,0.3939393939393939,0.6883895446023851,80.70108939999999,144.07225008283316,0,0.5181839443870732,0.10821366208860805,,10000.0,9264.458060517145,False,-0.03760495011870768
62a23de40185d292,breakout,240,192,1.0,0,long,1.5,2.0,0.0,72,1000.0,0.02,5,0.06,0.15,5,32,0.0005,0.1,-0.0751144831420596,-0.0007505385384848351,-0.0006947264233316157,-0.042159460546020155,0.05235717393238737,104,0,9,13,82,2,4,23,0.391304347826087,0.7278474068574257,143.83864990000004,288.2733815205986,0,1.3042297354138985,0.20868213603827201,,10000.0,9248.855168579405,False,-0.0384184748049925
04bb8b00fe8e0185,breakout,240,192,1.0,0,long,2.5,4.0,0.0,72,1000.0,0.02,5,0.06,0.15,5,32,0.0005,0.1,-0.1398285808635097,-0.0014472554164461915,-0.0014244120793905496,-0.023830780849225297,0.019543664050988285,104,0,7,16,81,3,7,20,0.35,0.37212260966018373,78.06140700000003,228.92320163509382,0,0.8108217494456117,0.19084256310832326,,10000.0,8601.714191364903,False,-0.07278412569981052
eef83717ab72e4ec,breakout,240,192,1.0,0,long,3.0,6.0,0.0,72,1000.0,0.02,5,0.06,0.15,5,32,0.0005,0.1,-0.11857971667063105,-0.0012129245252718857,-0.0011962450217640336,-0.020922199984006573,0.01644332274320326,104,0,8,15,81,3,6,20,0.4,0.37190882555200294,65.41206215,193.2640045563093,0,0.6827729553907147,0.1621727756800918,,10000.0,8814.20283329369,False,-0.06136236726206512
80459d9d61361dfa,breakout,240,192,1.0,0,long,2.5,8.0,2.0,72,1000.0,0.02,5,0.06,0.15,5,32,0.0005,0.1,-0.13030267902809922,-0.001341503559283086,-0.001320089196457489,-0.023830780849225297,0.019543664050988285,104,0,7,16,81,3,7,20,0.35,0.388751252190219,78.10852450000003,227.85206578098808,0,0.8108217494456117,0.18188161167266603,,10000.0,8696.973209719008,False,-0.06764654640888779
885f83d86d8f939a,breakout,240,192,1.0,0,long,4.0,8.0,3.0,72,1000.0,0.02,5,0.06,0.15,5,32,0.0005,0.1,-0.09848750708271015,-0.0009964395559207695,-0.000984072783786409,-0.02046406974352666,0.012282188491935742,104,0,9,14,81,3,3,20,0.4,0.3417068838514918,49.552129750000006,150.55364107709931,0,0.5189928992339091,0.13221418955271036,,10000.0,9015.124929172898,False,-0.05068788434907989
97b90a3a5a10b28c,breakout,240,192,1.0,200,both,1.5,2.0,0.0,72,1000.0,0.02,5,0.06,0.15,5,32,0.0005,0.1,-0.008138300725835323,-7.856996582289444e-05,6.705431708365756e-05,-0.042159460546020155,0.06881257342765013,104,0,17,26,61,5,6,47,0.3829787234042553,0.9854266606571049,275.0033169000001,281.81709035834865,0,1.3031250168672643,0.18133819436290244,,10000.0,9918.616992741647,False,-0.004091352968810802
402eb872e149564e,breakout,240,192,1.0,200,both,2.5,4.0,0.0,72,1000.0,0.02,5,0.06,0.15,5,32,0.0005,0.1,-0.14703384542936493,-0.0015280180282228883,-0.0014553135268993327,-0.029852172666787746,0.05489201284434486,104,0,14,30,60,5,9,39,0.3333333333333333,0.6527840876980703,135.58485149999998,220.11740279364832,0,0.8115388927070286,0.19762050675830722,,10000.0,8529.66154570635,False,-0.0766889809207143
af8b3b336f2a867a,breakout,240,192,1.0,200,both,3.0,6.0,0.0,72,1000.0,0.02,5,0.06,0.15,5,32,0.0005,0.1,-0.11802501024210121,-0.0012068824737424544,-0.0011502724007703446,-0.02825753446643775,0.046281667553659034,104,0,15,29,60,5,9,39,0.358974358974359,0.6651161194461016,114.07494109999999,182.91116132099972,0,0.6823522308674788,0.16164550378027565,,10000.0,8819.749897578988,False,-0.061066047941729984
3f74c76e96cebaa4,breakout,240,192,1.0,200,both,2.5,8.0,2.0,72,1000.0,0.02,5,0.06,0.15,5,32,0.0005,0.1,-0.13070353195883222,-0.0013459304595206945,-0.0012722072808957507,-0.029895591418316436,0.05504929007146098,104,0,14,30,60,5,9,39,0.3333333333333333,0.6859482363421019,136.46305219999996,217.9176673883127,0,0.8111921022133202,0.18775843167793327,,10000.0,8692.964680411678,False,-0.06786217052034282
1bb073c51a7a8e47,breakout,240,192,1.0,200,both,4.0,8.0,3.0,72,1000.0,0.02,5,0.06,0.15,5,32,0.0005,0.1,-0.07355419394828555,-0.0007343430089251646,-0.0006991085423321242,-0.02046406974352666,0.03440955506110632,104,0,17,21,66,3,4,33,0.3939393939393939,0.6883895446023851,80.70108939999999,144.07225008283316,0,0.5181839443870732,0.10821366208860805,,10000.0,9264.458060517145,False,-0.03760495011870768
181ead55683d3331,breakout,240,192,1.0,200,long,1.5,2.0,0.0,72,1000.0,0.02,5,0.06,0.15,5,32,0.0005,0.1,-0.0751144831420596,-0.0007505385384848351,-0.0006947264233316157,-0.042159460546020155,0.05235717393238737,104,0,9,13,82,2,4,23,0.391304347826087,0.7278474068574257,143.83864990000004,288.2733815205986,0,1.3042297354138985,0.20868213603827201,,10000.0,9248.855168579405,False,-0.0384184748049925
d4a25fb1f0641732,breakout,240,192,1.0,200,long,2.5,4.0,0.0,72,1000.0,0.02,5,0.06,0.15,5,32,0.0005,0.1,-0.1398285808635097,-0.0014472554164461915,-0.0014244120793905496,-0.023830780849225297,0.019543664050988285,104,0,7,16,81,3,7,20,0.35,0.37212260966018373,78.06140700000003,228.92320163509382,0,0.8108217494456117,0.19084256310832326,,10000.0,8601.714191364903,False,-0.07278412569981052
9d34e93e51d6b533,breakout,240,192,1.0,200,long,3.0,6.0,0.0,72,1000.0,0.02,5,0.06,0.15,5,32,0.0005,0.1,-0.11857971667063105,-0.0012129245252718857,-0.0011962450217640336,-0.020922199984006573,0.01644332274320326,104,0,8,15,81,3,6,20,0.4,0.37190882555200294,65.41206215,193.2640045563093,0,0.6827729553907147,0.1621727756800918,,10000.0,8814.20283329369,False,-0.06136236726206512
a7b20830c93430a7,breakout,240,192,1.0,200,long,2.5,8.0,2.0,72,1000.0,0.02,5,0.06,0.15,5,32,0.0005,0.1,-0.13030267902809922,-0.001341503559283086,-0.001320089196457489,-0.023830780849225297,0.019543664050988285,104,0,7,16,81,3,7,20,0.35,0.388751252190219,78.10852450000003,227.85206578098808,0,0.8108217494456117,0.18188161167266603,,10000.0,8696.973209719008,False,-0.06764654640888779
d1c7c77204e3fc82,breakout,240,192,1.0,200,long,4.0,8.0,3.0,72,1000.0,0.02,5,0.06,0.15,5,32,0.0005,0.1,-0.09848750708271015,-0.0009964395559207695,-0.000984072783786409,-0.02046406974352666,0.012282188491935742,104,0,9,14,81,3,3,20,0.4,0.3417068838514918,49.552129750000006,150.55364107709931,0,0.5189928992339091,0.13221418955271036,,10000.0,9015.124929172898,False,-0.05068788434907989
1b20e09ac7a4b611,momentum,15,12,0.0,0,both,1.5,2.0,0.0,72,1000.0,0.02,5,0.06,0.15,5,32,0.0005,0.1,-0.998012011555091,-0.058060064397824185,-0.05583012870457744,-0.14987004418635663,0.054410694849662766,104,0,9,63,32,29,29,2594,0.2151117964533539,0.7514353860234354,10139.460076999994,-99.08156144906447,0,4.98420998173339,0.998183362798396,,10000.0,19.879884449089587,False,-0.9558840081642765
327950cb6a5a5bea,momentum,15,12,0.0,0,both,2.5,4.0,0.0,72,1000.0,0.02,5,0.06,0.15,5,32,0.0005,0.1,-0.9979866094746113,-0.057945060697627615,-0.05579809882597627,-0.14982049167090994,0.07947677443638002,104,0,14,70,20,27,27,3263,0.19092859331903156,0.7032713448729829,8707.799234800024,-160.7123400538465,0,4.991380789218005,0.9981166545883807,,10000.0,20.133905253887573,False,-0.9556020884876956
5b7555e2910a5204,momentum,15,12,0.0,0,both,3.0,6.0,0.0,72,1000.0,0.02,5,0.06,0.15,5,32,0.0005,0.1,-0.9979340190519105,-0.05771146534690497,-0.05600299044541176,-0.14979502601469463,0.07650414363834468,104,0,9,76,19,30,30,3513,0.18815826928551097,0.7324201086355729,10000.426266650033,117.95062386916725,0,4.976810070733582,0.9980515349956947,,10000.0,20.659809480894886,False,-0.9550240029690009
ff4d7e172540d17c,momentum,15,12,0.0,0,both,2.5,8.0,2.0,72,1000.0,0.02,5,0.06,0.15,5,32,0.0005,0.1,-0.9979998361503507,-0.058004761786667136,-0.05584880029690965,-0.1496767368413101,0.10207514513673366,104,1,10,79,15,27,27,3326,0.19242333132892364,0.6928452577474856,8249.625340100034,-50.76237859645417,0,4.9999514465874775,0.998215236974265,,10000.0,20.001638496492518,False,-0.9557486593812852
feb5541dae1350a6,momentum,15,12,0.0,0,both,4.0,8.0,3.0,72,1000.0,0.02,5,0.06,0.15,5,32,0.0005,0.1,-0.9973520191362932,-0.05546004222225853,-0.05369823707616691,-0.149067664189935,0.07946208382008013,104,0,16,83,5,24,24,4393,0.18483951741406784,0.7325194832818716,10250.680063600006,394.9101277629783,0,4.988433191507774,0.9974653748423001,,10000.0,26.47980863706736,False,-0.9490599894483047
8ccdcbdcec1685d4,momentum,15,12,0.0,0,long,1.5,2.0,0.0,72,1000.0,0.02,5,0.06,0.15,5,32,0.0005,0.1,-0.99802913396138,-0.05813840732111619,-0.055326813336090894,-0.1499373586670546,0.212754475531727,104,2,19,77,8,12,14,1805,0.3124653739612188,0.815154965525015,6803.230959950017,1583.8052796637842,0,4.990908024508386,0.9984943889238302,,10000.0,19.70866038619931,False,-0.9560750514970074
16c954f3e422a4e1,momentum,15,12,0.0,0,long,2.5,4.0,0.0,72,1000.0,0.02,5,0.06,0.15,5,32,0.0005,0.1,-0.9121888048056336,-0.023118633259334165,-0.020094625757540098,-0.14943609720410655,0.23597680344940963,104,6,40,64,0,6,6,744,0.21774193548387097,0.820472065302701,3750.0667448000004,2288.8235032563503,0,4.5114140045993825,0.9348093268115109,,10000.0,878.1119519436639,False,-0.7048981933813729
d17e949c41b954b8,momentum,15,12,0.0,0,long,3.0,6.0,0.0,72,1000.0,0.02,5,0.06,0.15,5,32,0.0005,0.1,-0.8956488805435328,-0.02149629989339452,-0.01883963676746284,-0.14960700403554028,0.2243228196697551,104,6,42,62,0,5,5,587,0.21465076660988075,0.7612623620862884,2373.29657875,1808.7649266853282,0,4.639611812077094,0.9035893638640954,,10000.0,1043.511194564673,False,-0.6782093692448137
8bc7d9110015417b,momentum,15,12,0.0,0,long,2.5,8.0,2.0,72,1000.0,0.02,5,0.06,0.15,5,32,0.0005,0.1,-0.9327573855029917,-0.02562226438631998,-0.0228212349842706,-0.1497241071341473,0.20127384568003115,104,8,36,68,0,8,8,960,0.28020833333333334,0.8083730064240133,4520.294813750007,2045.4245412799096,0,4.991660557441017,0.9460987305232644,,10000.0,672.4261449700829,False,-0.7418801521012667
ecb0363fff1c9471,momentum,15,12,0.0,0,long,4.0,8.0,3.0,72,1000.0,0.02,5,0.06,0.15,5,32,0.0005,0.1,-0.7973655908843267,-0.015232333447961932,-0.013259897500145433,-0.13701036963973123,0.18859308837431565,104,6,40,64,0,5,5,483,0.2753623188405797,0.7802549731912226,2043.0076911000021,1687.2974177432463,0,3.8497083592845622,0.8239340287176231,,10000.0,2026.3440911567336,False,-0.5510754631738307
37b3db677e553acb,momentum,15,12,0.0,200,both,1.5,2.0,0.0,72,1000.0,0.02,5,0.06,0.15,5,32,0.0005,0.1,-0.9980152581959176,-0.05807486780616389,-0.054777425003210305,-0.14995439426120616,0.19276047726041967,104,4,26,76,2,8,8,2309,0.3165872672152447,0.8468166776561813,9003.69864320002,762.6961387591435,0,4.9805860935233515,0.9982891666051819,,10000.0,19.84741804082392,False,-0.9559201693933118
4d4bcf073d862f3a,momentum,15,12,0.0,200,both,2.5,4.0,0.0,72,1000.0,0.02,5,0.06,0.15,5,32,0.0005,0.1,-0.9623043187385925,-0.031029632023352516,-0.027932504457462357,-0.14985848592462048,0.17497469040341396,104,7,35,69,0,13,13,1100,0.19545454545454546,0.7797254728486205,4114.3068336999995,929.7879536859239,0,4.993328054499307,0.9680731608054375,,10000.0,376.9568126140759,False,-0.8069295044182432
7c76d75413f1a5df,momentum,15,12,0.0,200,both,3.0,6.0,0.0,72,1000.0,0.02,5,0.06,0.15,5,32,0.0005,0.1,-0.855430176287117,-0.018424243126855977,-0.014803218411876597,-0.14985669962737636,0.20083290616417093,104,12,47,57,0,6,6,885,0.2,0.8527115592759715,6003.439651049995,1171.6644118211912,0,4.995419691755337,0.8949187426576897,,10000.0,1445.6982371288298,False,-0.6210295875414209
e3fedfb2a2c5b92c,momentum,15,12,0.0,200,both,2.5,8.0,2.0,72,1000.0,0.02,5,0.06,0.15,5,32,0.0005,0.1,-0.9755611392758243,-0.03505895864188624,-0.03169834647905348,-0.14969224015610283,0.2282109256281437,104,6,39,65,0,12,12,1312,0.2530487804878049,0.7670589070675976,4707.614280400002,794.5003123582021,0,4.9978858810239535,0.9778011815565498,,10000.0,244.3886072417568,False,-0.8446578304421183
1a281b76f45f53a1,momentum,15,12,0.0,200,both,4.0,8.0,3.0,72,1000.0,0.02,5,0.06,0.15,5,32,0.0005,0.1,-0.7390483383731762,-0.012834428064976589,-0.010366810803789966,-0.1473113760038296,0.2035921810102712,104,9,43,61,0,6,6,793,0.21689785624211855,0.8442682633819558,4784.605927200002,941.5462565317627,0,3.46121568228067,0.8122584887885448,,10000.0,2609.516616268238,False,-0.4903356478984552
fe9932bfba6e5e38,momentum,15,12,0.0,200,long,1.5,2.0,0.0,72,1000.0,0.02,5,0.06,0.15,5,32,0.0005,0.1,-0.9904913382693609,-0.043777760041667,-0.04184905675599445,-0.1498538703988529,0.14543204053565417,104,3,24,80,0,17,17,1380,0.3239130434782609,0.7640641123007386,5975.4039916499905,1172.1444910435866,0,4.995116818336452,0.9913330598425973,,10000.0,95.08661730639146,False,-0.9032593740725093
3351a0b7c87c87be,momentum,15,12,0.0,200,long,2.5,4.0,0.0,72,1000.0,0.02,5,0.06,0.15,5,32,0.0005,0.1,-0.8064465130753514,-0.01566638321871694,-0.013719759336129412,-0.1490066231126277,0.15380750783042996,104,3,37,67,0,9,9,474,0.21308016877637131,0.8039651073019844,3541.785111599998,1883.2662191534912,0,4.994734496026142,0.8322671918918475,,10000.0,1935.534869246486,False,-0.5612842144443673
765ae43ac8ddb0f8,momentum,15,12,0.0,200,long,3.0,6.0,0.0,72,1000.0,0.02,5,0.06,0.15,5,32,0.0005,0.1,-0.7432831030388429,-0.012989716701332199,-0.011113361596964145,-0.14562376621677275,0.1569612994329388,104,4,44,60,0,8,8,359,0.20334261838440112,0.8042795374508066,2831.6237961999987,1933.9542341884408,0,4.641513889271637,0.8013911168854188,,10000.0,2567.168969611571,False,-0.49450213569911283
309b92c0c8e81106,momentum,15,12,0.0,200,long,2.5,8.0,2.0,72,1000.0,0.02,5,0.06,0.15,5,32,0.0005,0.1,-0.789503143340955,-0.014871811208126529,-0.013271127249829894,-0.14335051688933398,0.11456097625432693,104,5,38,66,0,9,9,600,0.28,0.8261871392024083,5111.230097549996,1955.1168358595467,0,4.998549234268396,0.8290607263764658,,10000.0,2104.968566590451,False,-0.5424192245805327
c6c03922ec4a64ed,momentum,15,12,0.0,200,long,4.0,8.0,3.0,72,1000.0,0.02,5,0.06,0.15,5,32,0.0005,0.1,-0.44286951956970666,-0.0056087867958037885,-0.004114387516303828,-0.11938659049336975,0.16740773454921642,104,7,42,62,0,6,6,283,0.254416961130742,0.8642164112141012,2160.5223851999986,1791.9188104970845,0,2.8708364418219197,0.5828756902737922,,10000.0,5571.304804302933,False,-0.2543330807835641
a9150987f128c1e6,momentum,15,12,1.0,0,both,1.5,2.0,0.0,72,1000.0,0.02,5,0.06,0.15,5,32,0.0005,0.1,-0.998033777896378,-0.0581597716873512,-0.05539438000862755,-0.14989195105480768,0.16472405637528476,104,2,24,74,6,11,11,2312,0.2755190311418685,0.7513138906946295,7328.424489300043,-93.91251033621846,0,4.99995354038927,0.9982812984567354,,10000.0,19.662221036219083,False,-0.9561270086562575
79c9b14139ababea,momentum,15,12,1.0,0,both,2.5,4.0,0.0,72,1000.0,0.02,5,0.06,0.15,5,32,0.0005,0.1,-0.9964676246634087,-0.05283919131782033,-0.04961434952095964,-0.14966892367015894,0.15450612735092117,104,8,26,78,0,13,13,2650,0.2581132075471698,0.7461043439204138,6819.293538149989,72.99060848407693,0,4.990329533740982,0.9967257718131577,,10000.0,35.323753365913966,False,-0.9411361542898279
bb4ac1e114ec6813,momentum,15,12,1.0,0,both,3.0,6.0,0.0,72,1000.0,0.02,5,0.06,0.15,5,32,0.0005,0.1,-0.9921147886571007,-0.04549754152486418,-0.0425177297258237,-0.14961398266197068,0.218370564747272,104,4,31,73,0,10,10,2615,0.26003824091778205,0.7052404727835133,5897.829724550026,73.56646202100444,0,4.993986741383533,0.9923249905157009,,10000.0,78.8521134289928,False,-0.9119322105201344
30a698df6944fefe,momentum,15,12,1.0,0,both,2.5,8.0,2.0,72,1000.0,0.02,5,0.06,0.15,5,32,0.0005,0.1,-0.996007651784795,-0.05172371725597069,-0.04799477210254137,-0.1496666547743667,0.28064629373617733,104,4,29,75,0,10,10,2684,0.2626676602086438,0.7329267819697636,6714.141460449992,96.07535739793529,0,4.927384253504955,0.9961339305280182,,10000.0,39.92348215204963,False,-0.9374078096399374
678525d50e5eceae,momentum,15,12,1.0,0,both,4.0,8.0,3.0,72,1000.0,0.02,5,0.06,0.15,5,32,0.0005,0.1,-0.9698465590645305,-0.03310739378048155,-0.03098983054670025,-0.14568773049767936,0.19643598538601426,104,4,33,71,0,13,13,2537,0.2668506109578242,0.7306232573387077,6813.023624650018,75.36106599529052,0,4.99419804044172,0.9704640781552125,,10000.0,301.5344093546947,False,-0.8273871684933927
6430b5f4f0055403,momentum,15,12,1.0,0,long,1.5,2.0,0.0,72,1000.0,0.02,5,0.06,0.15,5,32,0.0005,0.1,-0.9975864366165204,-0.05630151723104959,-0.053253778905568455,-0.14994653081278042,0.16130487368028046,104,3,24,80,0,20,20,1717,0.3174140943506115,0.8003180379955739,6677.97879765001,1149.4594685151958,0,4.999667106584172,0.9981533807266993,,10000.0,24.135633834796774,False,-0.9513747040818666
eb2493f267a4ecc7,momentum,15,12,1.0,0,long,2.5,4.0,0.0,72,1000.0,0.02,5,0.06,0.15,5,32,0.0005,0.1,-0.938214365717561,-0.026414900800268315,-0.02360865540464193,-0.1497424788998194,0.17341872938691938,104,5,39,65,0,13,13,710,0.20985915492957746,0.8134431582832051,3844.7574257000024,2255.639231475587,0,4.993872148579169,0.9572301101012315,,10000.0,617.8563428243901,False,-0.7526111480229155
63b7db6a827e57e0,momentum,15,12,1.0,0,long,3.0,6.0,0.0,72,1000.0,0.02,5,0.06,0.15,5,32,0.0005,0.1,-0.907839654021194,-0.0226644568099984,-0.01998552715048493,-0.1486287463707162,0.22000935012484724,104,5,40,64,0,6,6,580,0.2103448275862069,0.7478705211425352,2331.4441073500016,1785.863332861951,0,4.997581320990181,0.9202262207440438,,10000.0,921.6034597880599,False,-0.6976535986785032
95763a2633a8dc22,momentum,15,12,1.0,0,long,2.5,8.0,2.0,72,1000.0,0.02,5,0.06,0.15,5,32,0.0005,0.1,-0.9386379389926677,-0.026479296992282242,-0.023438713285834537,-0.1495799438662836,0.2018868884018583,104,7,37,67,0,7,7,920,0.2782608695652174,0.7825355049370467,4284.221995049996,1774.225894876663,0,4.998251098378636,0.9476691370368059,,10000.0,613.6206100733237,False,-0.7534634918039652
a40ed33aeef95a88,momentum,15,12,1.0,0,long,4.0,8.0,3.0,72,1000.0,0.02,5,0.06,0.15,5,32,0.0005,0.1,-0.7508427960370647,-0.013273345269013248,-0.011386630672772215,-0.1370114860064966,0.17268535823248254,104,7,42,62,0,6,6,455,0.27912087912087913,0.7974253751330439,2291.065297149999,1792.3421632206291,0,4.123000965694209,0.7934767098760838,,10000.0,2491.5720396293523,False,-0.5020260013773795
6f5950786b2f95c3,momentum,15,12,1.0,200,both,1.5,2.0,0.0,72,1000.0,0.02,5,0.06,0.15,5,32,0.0005,0.1,-0.988242293996178,-0.04182373313889487,-0.03763978621537507,-0.14986810477507273,0.2746636612399411,104,7,35,69,0,13,13,1806,0.3377630121816168,0.8433720241024084,9459.214448450019,481.5321915117401,0,4.998908406513634,0.9895163690541974,,10000.0,117.57706003821977,False,-0.8923862269375399
17e5287d6a4529d3,momentum,15,12,1.0,200,both,2.5,4.0,0.0,72,1000.0,0.02,5,0.06,0.15,5,32,0.0005,0.1,-0.9061941320261829,-0.022498131524054554,-0.018906237621902914,-0.14983634021052383,0.2549366164708342,104,8,41,63,0,8,8,864,0.2175925925925926,0.8537839075267422,5780.569871650004,1224.9179486118085,0,4.998800646490855,0.9465662405104412,,10000.0,938.0586797381708,False,-0.6949571313227803
75838b470ae1023d,momentum,15,12,1.0,200,both,3.0,6.0,0.0,72,1000.0,0.02,5,0.06,0.15,5,32,0.0005,0.1,-0.8272472356667785,-0.016741865244415344,-0.013224075178888798,-0.1463875926163477,0.22996744533569502,104,8,47,57,0,9,9,695,0.2143884892086331,0.8269863936445639,4210.026077050002,989.2609796177713,0,4.992890514925525,0.8787394508451314,,10000.0,1727.527643332215,False,-0.5856083530721872
cee77e9dbce53324,momentum,15,12,1.0,200,both,2.5,8.0,2.0,72,1000.0,0.02,5,0.06,0.15,5,32,0.0005,0.1,-0.9391952609070747,-0.0265647010945953,-0.023136648956619526,-0.1493777137090624,0.25617140969814356,104,8,38,66,0,14,14,1065,0.27136150234741785,0.7812961502029081,4917.372792700008,801.1848163707045,0,4.9982392000082045,0.9440595133799359,,10000.0,608.0473909292523,False,-0.7545894531165995
12edd26be5d5c923,momentum,15,12,1.0,200,both,4.0,8.0,3.0,72,1000.0,0.02,5,0.06,0.15,5,32,0.0005,0.1,-0.6613451418754627,-0.010357276769413004,-0.008086087277080557,-0.12463964169468345,0.21083806267287053,104,8,49,55,0,6,6,594,0.25084175084175087,0.8387823649304517,3599.1021267500037,859.7417920045972,0,4.157655663514165,0.7333476204489351,,10000.0,3386.548581245373,False,-0.41913383836882556
ae4eb38a3d96deea,momentum,15,12,1.0,200,long,1.5,2.0,0.0,72,1000.0,0.02,5,0.06,0.15,5,32,0.0005,0.1,-0.9418648046939941,-0.02698483942428931,-0.02532444473609911,-0.14988055241873477,0.1566073313193983,104,4,28,74,2,9,9,968,0.33367768595041325,0.7789037245230729,6875.2011729499845,847.1557739899066,0,4.999783909749743,0.9476329647761181,,10000.0,581.3519530600582,False,-0.760055500735626
c7755ca99b404ae9,momentum,15,12,1.0,200,long,2.5,4.0,0.0,72,1000.0,0.02,5,0.06,0.15,5,32,0.0005,0.1,-0.7787517232157644,-0.014399833382131466,-0.012524751608935987,-0.1497060448873756,0.15138010999996254,104,5,37,65,2,6,6,436,0.21330275229357798,0.821710887604952,3979.4355273000015,1930.0739048576102,0,4.99685230589324,0.8395279742865293,,10000.0,2212.482767842356,False,-0.5308390740182478
cf2c118874347e59,momentum,15,12,1.0,200,long,3.0,6.0,0.0,72,1000.0,0.02,5,0.06,0.15,5,32,0.0005,0.1,-0.718057068187566,-0.012099765384030792,-0.01006922336918175,-0.14601533429277003,0.15730438134050106,104,5,44,59,1,5,5,351,0.20797720797720798,0.8021052019222683,2862.7137487999976,1807.2121330756584,0,4.9982987332420405,0.7828623760748855,,10000.0,2819.4293181243406,False,-0.470163126945931
a451c0134caaabdd,momentum,15,12,1.0,200,long,2.5,8.0,2.0,72,1000.0,0.02,5,0.06,0.15,5,32,0.0005,0.1,-0.7863917535000171,-0.014732813140581613,-0.013091518619017669,-0.14956972893378995,0.15270152696978645,104,5,36,66,2,9,9,545,0.28256880733944956,0.7848820014168417,4299.802561450006,1567.2802735501434,0,4.995935093102077,0.8097694771334221,,10000.0,2136.0824649998285,False,-0.539038296484316
66ce10cf4e3c25b0,momentum,15,12,1.0,200,long,4.0,8.0,3.0,72,1000.0,0.02,5,0.06,0.15,5,32,0.0005,0.1,-0.5544258130099403,-0.007742863784207632,-0.006270245019219286,-0.11907925529621177,0.12068622077630864,104,6,44,59,1,5,5,279,0.25806451612903225,0.8244009598874671,2213.0641137999996,1701.3650162993827,0,3.9543767681687187,0.655703921132873,,10000.0,4455.741869900597,False,-0.33340690189127287
aa625a0ed2bdbfde,momentum,15,48,0.0,0,both,1.5,2.0,0.0,72,1000.0,0.02,5,0.06,0.15,5,32,0.0005,0.1,-0.9980290335946616,-0.058137946135858876,-0.055602853607064816,-0.14986381373812285,0.14355192194574062,104,2,18,75,11,20,20,2266,0.19196822594880847,0.8155200321833349,12590.901444550022,-120.07980860341819,0,4.999349409129808,0.9983911444385618,,10000.0,19.70966405338437,False,-0.9560739292504097
75a152fd0226ab77,momentum,15,48,0.0,0,both,2.5,4.0,0.0,72,1000.0,0.02,5,0.06,0.15,5,32,0.0005,0.1,-0.9979265651305625,-0.05767883405236829,-0.05523421002697496,-0.14882929400698763,0.1488606960537271,104,2,17,86,1,22,22,2666,0.13615903975993998,0.7027067706120239,7552.8089049499995,-147.21435364440978,0,4.995514717740656,0.9980971826036624,,10000.0,20.734348694374336,False,-0.9549426638698185
2ca01436f9b4c3da,momentum,15,48,0.0,0,both,3.0,6.0,0.0,72,1000.0,0.02,5,0.06,0.15,5,32,0.0005,0.1,-0.99739725492497,-0.05561652068664058,-0.05307798816116977,-0.148708585868487,0.21676921295482598,104,2,22,82,0,24,24,2899,0.13487409451535012,0.7455467635066934,9120.77421409998,136.50853514965334,0,4.982254747959424,0.9975869314573965,,10000.0,26.0274507502997,False,-0.9494984562115318
00f91d0c80896eed,momentum,15,48,0.0,0,both,2.5,8.0,2.0,72,1000.0,0.02,5,0.06,0.15,5,32,0.0005,0.1,-0.9978682491760013,-0.057427481343339304,-0.05477340608295599,-0.14806481098300106,0.19645017997153524,104,3,22,82,0,20,20,2970,0.1511784511784512,0.6917463768896799,7422.171613750013,77.20797800999938,0,4.984389363859727,0.9980197931469494,,10000.0,21.317508239987518,False,-0.954311269387695
87431095dd124889,momentum,15,48,0.0,0,both,4.0,8.0,3.0,72,1000.0,0.02,5,0.06,0.15,5,32,0.0005,0.1,-0.9904556829185291,-0.043743346794954396,-0.04169758915793161,-0.1468267572102835,0.11259869530035904,104,3,25,79,0,21,21,3141,0.1413562559694365,0.7483244545361232,9517.16078970001,111.74623948530147,0,4.993717219959504,0.9914094200748231,,10000.0,95.44317081470902,False,-0.9030775468231326
a673febf2a85d802,momentum,15,48,0.0,0,long,1.5,2.0,0.0,72,1000.0,0.02,5,0.06,0.15,5,32,0.0005,0.1,-0.9976972199254968,-0.056727783149839395,-0.054168620263722496,-0.1495790834344194,0.16220332497675982,104,2,21,83,0,16,16,1535,0.31205211726384363,0.7228387911970489,4716.08379955,852.5260997049721,0,4.980505537987533,0.997752691415254,,10000.0,23.02780074503265,False,-0.9525075792622149
f6bd5d969fb69ea5,momentum,15,48,0.0,0,long,2.5,4.0,0.0,72,1000.0,0.02,5,0.06,0.15,5,32,0.0005,0.1,-0.9533929821239141,-0.029050489185485362,-0.026758707497132408,-0.14899609774261513,0.17256268983429912,104,3,37,67,0,10,10,684,0.2046783625730994,0.7517507868867063,2862.6461628000006,1681.8944584391286,0,4.973177748613209,0.9605718930330646,,10000.0,466.0701787608592,False,-0.7852401644395934
5cf42a091b4555b4,momentum,15,48,0.0,0,long,3.0,6.0,0.0,72,1000.0,0.02,5,0.06,0.15,5,32,0.0005,0.1,-0.8154128744700383,-0.016115215691371643,-0.013813929691859616,-0.14810275471286816,0.18502029241889373,104,8,33,71,0,9,9,508,0.22244094488188976,0.8305823128958074,3381.5219096000037,2277.777035100337,0,4.636775610298174,0.862094098332323,,10000.0,1845.8712552996171,False,-0.5716011396942293
f8cbaa0c25105199,momentum,15,48,0.0,0,long,2.5,8.0,2.0,72,1000.0,0.02,5,0.06,0.15,5,32,0.0005,0.1,-0.9527887067834584,-0.02893021471105406,-0.026560602006256536,-0.14924200678940236,0.18875766771326075,104,2,36,68,0,13,13,866,0.2759815242494226,0.7819180843814916,4358.1859116500045,1818.004656184579,0,4.990150933355068,0.9580935544373805,,10000.0,472.11293216541605,False,-0.78384767975218
da0cab1b57c61037,momentum,15,48,0.0,0,long,4.0,8.0,3.0,72,1000.0,0.02,5,0.06,0.15,5,32,0.0005,0.1,-0.5928618039225748,-0.008603188584380361,-0.006972861180807673,-0.12041243848868577,0.16180642268420997,104,6,38,66,0,5,5,419,0.27923627684964203,0.8583664461031901,2632.3456934999995,1956.6125457257522,0,3.4400367697972594,0.7100646898463531,,10000.0,4071.381960774252,False,-0.3629040292547665
fd04813309ec0f6e,momentum,15,48,0.0,200,both,1.5,2.0,0.0,72,1000.0,0.02,5,0.06,0.15,5,32,0.0005,0.1,-0.9941901505054356,-0.048296677673599464,-0.044309328468881255,-0.14989456443192983,0.22917564217689335,104,12,26,78,0,15,15,1651,0.30890369473046636,0.7685659422461174,6102.278720950004,423.77908410433145,0,4.999443689112572,0.9944181583891266,,10000.0,58.09849494564444,False,-0.9244444324119275
d11b698335ff88a3,momentum,15,48,0.0,200,both,2.5,4.0,0.0,72,1000.0,0.02,5,0.06,0.15,5,32,0.0005,0.1,-0.869947909935532,-0.019422559578901377,-0.016074444541125645,-0.14973604765788862,0.26584442730502356,104,6,41,63,0,10,10,848,0.1875,0.8240979088307125,4907.884146649995,697.1962527053133,0,4.992519390189488,0.8841414866813198,,10000.0,1300.5209006446805,False,-0.6406259575481027
44a676342b312313,momentum,15,48,0.0,200,both,3.0,6.0,0.0,72,1000.0,0.02,5,0.06,0.15,5,32,0.0005,0.1,-0.6200725648595361,-0.009262366443819614,-0.00597298579167121,-0.14929704749992856,0.24552044717754962,104,6,49,55,0,4,4,677,0.19202363367799113,0.886287030341502,5705.87815395001,946.289194645347,0,4.084845457852818,0.741907947177623,,10000.0,3799.274351404639,False,-0.384634718418272
ed7b4e24f9af4c21,momentum,15,48,0.0,200,both,2.5,8.0,2.0,72,1000.0,0.02,5,0.06,0.15,5,32,0.0005,0.1,-0.9409121194288479,-0.0268327510211519,-0.023711857712590115,-0.14952361066610365,0.23366019680521166,104,8,34,70,0,14,14,1082,0.24953789279112754,0.8104181881365566,6003.5963094000035,749.2970848884578,0,4.999324782638274,0.9447915482355387,,10000.0,590.878805711521,False,-0.7580907445472728
e1fece1af2edb592,momentum,15,48,0.0,200,both,4.0,8.0,3.0,72,1000.0,0.02,5,0.06,0.15,5,32,0.0005,0.1,-0.6899409563075771,-0.01119639219621349,-0.009019845136589613,-0.14385293270186583,0.18289332133345537,104,8,37,67,0,10,10,618,0.215210355987055,0.8026107949897723,3335.483443599998,778.2201194757548,0,3.296714989180189,0.7383201766299201,,10000.0,3100.590436924228,False,-0.4442822942007527
11ed054b9f3e978b,momentum,15,48,0.0,200,long,1.5,2.0,0.0,72,1000.0,0.02,5,0.06,0.15,5,32,0.0005,0.1,-0.9787403388422176,-0.036351142268848724,-0.034264277306157456,-0.1498340955450731,0.11258742913332531,104,3,31,69,4,7,7,904,0.3086283185840708,0.6332613553203884,3794.2296064000016,647.0563820221621,0,4.992013303920598,0.97894257386361,,10000.0,212.5966115778245,False,-0.8551482461004363
9ba8e3fa977f4c8a,momentum,15,48,0.0,200,long,2.5,4.0,0.0,72,1000.0,0.02,5,0.06,0.15,5,32,0.0005,0.1,-0.8943940402135262,-0.021383827171883918,-0.01985222844203425,-0.11392743662929761,0.1441920798744205,104,2,38,62,4,11,11,406,0.18226600985221675,0.6966571374405823,2473.3385168500004,1349.5757852852496,0,4.990867059196591,0.9074093692643942,,10000.0,1056.0595978647384,False,-0.6762737526145943
59b8ae87b3cf7962,momentum,15,48,0.0,200,long,3.0,6.0,0.0,72,1000.0,0.02,5,0.06,0.15,5,32,0.0005,0.1,-0.7657675931464049,-0.013859232094319052,-0.012168190573851921,-0.11240816916214458,0.17074034730835264,104,5,38,62,4,10,10,315,0.18412698412698414,0.7259495370034721,2115.952900850001,1542.7087306140218,0,4.995195792552371,0.795681853566467,,10000.0,2342.324068535951,False,-0.5172218039454832
c24753d908329fb2,momentum,15,48,0.0,200,long,2.5,8.0,2.0,72,1000.0,0.02,5,0.06,0.15,5,32,0.0005,0.1,-0.8403472581237704,-0.01748716053852828,-0.016019297843421595,-0.1299604574130112,0.14770940641538277,104,3,35,65,4,10,10,511,0.27984344422700586,0.7171425129088214,3382.5316121500014,1341.6774690877198,0,4.997114098093293,0.8522865573107572,,10000.0,1596.5274187622954,False,-0.6016835639965736
3c3ee3515fc7220d,momentum,15,48,0.0,200,long,4.0,8.0,3.0,72,1000.0,0.02,5,0.06,0.15,5,32,0.0005,0.1,-0.6711206360442741,-0.010635959572396714,-0.009494702586971002,-0.1004010338281951,0.11995973917642067,104,5,36,64,4,9,9,262,0.21755725190839695,0.6947413109707627,1409.6864044999998,1242.3593559427688,0,4.334869344412509,0.7075976831928511,,10000.0,3288.793639557259,False,-0.42760738287650346
32ed9cfaad25ec30,momentum,15,48,1.0,0,both,1.5,2.0,0.0,72,1000.0,0.02,5,0.06,0.15,5,32,0.0005,0.1,-0.9975890092011764,-0.056311194219317184,-0.053626945320894744,-0.1499368828059131,0.13895844624095366,104,5,23,81,0,15,15,1957,0.257026060296372,0.7129246253282491,6038.668700450004,0.22889156174333156,0,4.99861836098243,0.9975979282783662,,10000.0,24.109907988236117,False,-0.9514007139727075
a0636f94a7690bfa,momentum,15,48,1.0,0,both,2.5,4.0,0.0,72,1000.0,0.02,5,0.06,0.15,5,32,0.0005,0.1,-0.9910365405340806,-0.04432050931848763,-0.041473573134285124,-0.1496502280182639,0.14335111988920346,104,4,31,73,0,15,15,1687,0.1967990515708358,0.7700489457893085,6870.421722050013,-205.79281670919235,0,4.993935292166397,0.9919684034316073,,10000.0,89.63459465919375,False,-0.9060832064700437
22fd5b3435887a3e,momentum,15,48,1.0,0,both,3.0,6.0,0.0,72,1000.0,0.02,5,0.06,0.15,5,32,0.0005,0.1,-0.9740552070453921,-0.03450399128100701,-0.03156767099112111,-0.14892274247024673,0.1740499685491408,104,7,31,73,0,15,15,1629,0.19950890116635972,0.8076986140687693,8148.531231499997,-55.18936104604453,0,4.998273814171189,0.9827835560348496,,10000.0,259.4479295460797,False,-0.8399269148551776
164bfdb2f6e6f7a7,momentum,15,48,1.0,0,both,2.5,8.0,2.0,72,1000.0,0.02,5,0.06,0.15,5,32,0.0005,0.1,-0.9888972671113367,-0.04235166780588673,-0.039744294959015096,-0.14894847407201306,0.1666290851324479,104,3,29,75,0,22,22,1729,0.20763447079236552,0.7149196995729598,5668.860516750009,-30.80874563665451,0,4.989391032564721,0.988983197763991,,10000.0,111.02732888663296,False,-0.8954367626440396
853250d2bf315016,momentum,15,48,1.0,0,both,4.0,8.0,3.0,72,1000.0,0.02,5,0.06,0.15,5,32,0.0005,0.1,-0.923068380205096,-0.024360286565357048,-0.022013009464051134,-0.1445977126492678,0.17244289762887144,104,6,35,69,0,18,18,1567,0.2074026802807913,0.7908533723044036,7180.476441150009,110.40386090099052,0,4.991993803601671,0.9449717806195845,,10000.0,769.3161979490404,False,-0.7238460120801108
543712f8ce1632af,momentum,15,48,1.0,0,long,1.5,2.0,0.0,72,1000.0,0.02,5,0.06,0.15,5,32,0.0005,0.1,-0.9888730422815539,-0.042331598389128144,-0.03983892949075626,-0.1495462943035628,0.1463628187298558,104,4,26,78,0,13,13,1218,0.32019704433497537,0.6973161018994911,4449.441877400009,730.4491454155461,0,4.9974497361345085,0.9890514003341945,,10000.0,111.26957718446066,False,-0.8953223632042524
0e74ce22377ef03e,momentum,15,48,1.0,0,long,2.5,4.0,0.0,72,1000.0,0.02,5,0.06,0.15,5,32,0.0005,0.1,-0.9370662482769901,-0.02624252605537314,-0.02391285162995053,-0.14963884988410836,0.13192722554066072,104,5,40,64,0,9,9,627,0.2025518341307815,0.781473311795289,3320.9486627500005,1822.2039200199004,0,4.998076513784517,0.9567046536122688,,10000.0,629.3375172300985,False,-0.7503153585371684
221daad8f19aeeb2,momentum,15,48,1.0,0,long,3.0,6.0,0.0,72,1000.0,0.02,5,0.06,0.15,5,32,0.0005,0.1,-0.8357810419237524,-0.017220716492674315,-0.015061122104355232,-0.14125339665215697,0.18322184287565757,104,6,35,69,0,10,10,480,0.21666666666666667,0.801280701988373,2947.847298249996,1958.5106209875225,0,4.642749836087716,0.8752009198601954,,10000.0,1642.189580762477,False,-0.5960081676083698
438d0a9239863a82,momentum,15,48,1.0,0,long,2.5,8.0,2.0,72,1000.0,0.02,5,0.06,0.15,5,32,0.0005,0.1,-0.9282697632890922,-0.025016789340973178,-0.022679225985737884,-0.1497546638962991,0.16756943610845165,104,3,35,69,0,17,17,789,0.27629911280101394,0.7916320290628307,4584.745600999994,1696.9906318908997,0,4.994032261384856,0.9350807184761957,,10000.0,717.3023671090782,False,-0.7333766849807624
2dc1f5ed2e6df83e,momentum,15,48,1.0,0,long,4.0,8.0,3.0,72,1000.0,0.02,5,0.06,0.15,5,32,0.0005,0.1,-0.6838860767842012,-0.011012496397075244,-0.009351736801576435,-0.11977852150912782,0.16217508691956106,104,6,35,69,0,10,10,395,0.27341772151898736,0.8025996890629585,2132.697620200002,1657.6763476420222,0,3.6307207975878133,0.7630634041476944,,10000.0,3161.1392321579883,False,-0.43886393787355027
68d9a8dc68216ac1,momentum,15,48,1.0,200,both,1.5,2.0,0.0,72,1000.0,0.02,5,0.06,0.15,5,32,0.0005,0.1,-0.9848279231721303,-0.03947195785714619,-0.03636522109111563,-0.14985952724739682,0.16242165221136973,104,6,37,67,0,6,6,1238,0.3166397415185784,0.739656302002095,5597.065163950009,456.1143677712775,0,4.996938814786192,0.9861746361958253,,10000.0,151.72076827869748,False,-0.8777023673963026
8f6d4604fa738ab2,momentum,15,48,1.0,200,both,2.5,4.0,0.0,72,1000.0,0.02,5,0.06,0.15,5,32,0.0005,0.1,-0.8801876606590161,-0.020195481436693585,-0.017207744638881133,-0.1497704022376355,0.1696667322408698,104,7,42,62,0,7,7,710,0.19436619718309858,0.8170387062423776,4440.686069749994,762.681036840158,0,4.996851939790017,0.9095789591556628,,10000.0,1198.1233934098386,False,-0.6551120473764698
2063ec93c9dc4651,momentum,15,48,1.0,200,both,3.0,6.0,0.0,72,1000.0,0.02,5,0.06,0.15,5,32,0.0005,0.1,-0.6817849404869323,-0.010949496106657741,-0.007540544708632831,-0.14925060540616664,0.24554373075002034,104,10,48,56,0,4,4,558,0.1989247311827957,0.8579486018646233,4352.387681699991,1006.0691231693717,0,4.0813140787518485,0.8286162250258449,,10000.0,3182.1505951306767,False,-0.4369957898144462
8c60b07d98601c83,momentum,15,48,1.0,200,both,2.5,8.0,2.0,72,1000.0,0.02,5,0.06,0.15,5,32,0.0005,0.1,-0.9350085852826492,-0.0259412460213001,-0.023265985283935572,-0.1492450532580165,0.1797887391617614,104,8,32,72,0,16,16,888,0.26126126126126126,0.794556604009269,5155.980337449991,800.6850153764955,0,4.997081643039195,0.9392756120232422,,10000.0,649.9141471735086,False,-0.7462524485846964
467da4e158438fe8,momentum,15,48,1.0,200,both,4.0,8.0,3.0,72,1000.0,0.02,5,0.06,0.15,5,32,0.0005,0.1,-0.6673894178269322,-0.010528632732993648,-0.008228339336804977,-0.14856387388549386,0.18381534926778764,104,8,40,64,0,12,12,504,0.22420634920634921,0.8252956252429436,3124.953626849996,847.2058514193506,0,3.301575228909486,0.79096034656589,,10000.0,3326.105821730678,False,-0.4243584886356244
bf62c53bd3f8391b,momentum,15,48,1.0,200,long,1.5,2.0,0.0,72,1000.0,0.02,5,0.06,0.15,5,32,0.0005,0.1,-0.9463306153319655,-0.027732356676689607,-0.025800644521618253,-0.14899453651564198,0.13343730615417293,104,2,36,64,4,8,12,675,0.3111111111111111,0.6174470168873181,3713.941468149991,576.8609851696438,0,4.9997991700563045,0.9470502758650587,,10000.0,536.6938466803454,False,-0.7694870687473823
0e172ab3072d0504,momentum,15,48,1.0,200,long,2.5,4.0,0.0,72,1000.0,0.02,5,0.06,0.15,5,32,0.0005,0.1,-0.8599647360633189,-0.01872497756758107,-0.017222011710149136,-0.11391148899916725,0.12042703881879557,104,2,36,64,4,11,11,379,0.18733509234828497,0.703426455981395,2474.7186772999985,1270.680883333165,0,4.995382363216182,0.8836933559694775,,10000.0,1400.352639366811,False,-0.6270405941923737
14c7b85026dbf9fa,momentum,15,48,1.0,200,long,3.0,6.0,0.0,72,1000.0,0.02,5,0.06,0.15,5,32,0.0005,0.1,-0.7655940731810849,-0.013852210289107325,-0.012242649215356675,-0.10750940569021539,0.1707229756642712,104,4,34,66,4,8,9,294,0.18027210884353742,0.7002578520669853,1888.9430606000017,1395.3260712108624,0,4.998380377928722,0.8042968308585211,,10000.0,2344.0592681891517,False,-0.5170424049894533
07b4cddea86e7428,momentum,15,48,1.0,200,long,2.5,8.0,2.0,72,1000.0,0.02,5,0.06,0.15,5,32,0.0005,0.1,-0.87442526622494,-0.019752826482586028,-0.018436760101357072,-0.12942216549772267,0.1589228637828064,104,2,33,67,4,9,9,458,0.27292576419213976,0.6551287536823347,2791.16913885,1183.131823399392,0,4.996964533155677,0.8838161122526829,,10000.0,1255.7473377505999,False,-0.6468874104084901
a0049f3a3aaa9aaf,momentum,15,48,1.0,200,long,4.0,8.0,3.0,72,1000.0,0.02,5,0.06,0.15,5,32,0.0005,0.1,-0.7377885796735549,-0.012788714211858343,-0.011666547123351963,-0.1002528797208605,0.11971464618576433,104,3,35,65,4,8,8,253,0.20553359683794467,0.6339280126037476,1252.963728,1150.214268735538,0,4.333524889178326,0.768076711405751,,10000.0,2622.1142032644507,False,-0.48910271320838106
497a07086c61d02c,momentum,15,192,0.0,0,both,1.5,2.0,0.0,72,1000.0,0.02,5,0.06,0.15,5,32,0.0005,0.1,-0.9916825712709674,-0.045007644696274274,-0.042728631640700426,-0.14980916860530258,0.10299161118652744,104,1,28,76,0,13,13,1587,0.20730938878386893,0.6973225186896461,7026.962364749979,12.017847959691734,0,4.998709815151167,0.9922016171919,,10000.0,83.17428729032655,False,-0.9095425115402382
728139bf70d5c872,momentum,15,192,0.0,0,both,2.5,4.0,0.0,72,1000.0,0.02,5,0.06,0.15,5,32,0.0005,0.1,-0.9367440069251606,-0.02619470531706436,-0.02354046847661138,-0.1497414085683556,0.21000758198387737,104,6,36,68,0,12,12,1441,0.1339347675225538,0.7599211996374085,8507.306363050007,-66.14439379835542,0,4.99878375154445,0.9517684632402427,,10000.0,632.5599307483938,False,-0.749674759280506
90a89179737f275e,momentum,15,192,0.0,0,both,3.0,6.0,0.0,72,1000.0,0.02,5,0.06,0.15,5,32,0.0005,0.1,-0.8918607292687695,-0.02116074187673267,-0.01856694404272303,-0.149670310972718,0.2287022717017826,104,8,41,63,0,8,8,1402,0.12696148359486448,0.7843662535494367,9247.587190350014,30.465802337736946,0,4.998677902054452,0.9051836804450201,,10000.0,1081.3927073123048,False,-0.6724006827044062
f0dd79654afed2d2,momentum,15,192,0.0,0,both,2.5,8.0,2.0,72,1000.0,0.02,5,0.06,0.15,5,32,0.0005,0.1,-0.9126875072093479,-0.023172129631473526,-0.02074084398421288,-0.14968141504303945,0.21105632347615932,104,5,35,69,0,14,14,1502,0.15246338215712382,0.8087150272692697,10847.866964900006,32.95070719349443,0,4.999521487242591,0.9279104235903186,,10000.0,873.124927906521,False,-0.7057402265399715
b8fd7758b78038bc,momentum,15,192,0.0,0,both,4.0,8.0,3.0,72,1000.0,0.02,5,0.06,0.15,5,32,0.0005,0.1,-0.835582751868666,-0.017209312924929998,-0.015465246647717812,-0.1451137176338151,0.15612591758125927,104,7,32,72,0,12,12,1403,0.12829650748396293,0.7369619532022015,7240.393370349989,242.23724833667282,0,4.995838785885955,0.8508054735165601,,10000.0,1644.1724813133392,False,-0.595763503896467
17bf3b1e55b2b0c2,momentum,15,192,0.0,0,long,1.5,2.0,0.0,72,1000.0,0.02,5,0.06,0.15,5,32,0.0005,0.1,-0.9128816038133469,-0.023193032446325645,-0.021085789543794833,-0.14971631575657784,0.12301707130959305,104,2,44,60,0,8,8,826,0.3365617433414044,0.8039512836093804,7635.240618449989,816.453519683493,0,4.999321151111745,0.9158114446258475,,10000.0,871.183961866531,False,-0.7060685962656255
8779f6a03836d6fd,momentum,15,192,0.0,0,long,2.5,4.0,0.0,72,1000.0,0.02,5,0.06,0.15,5,32,0.0005,0.1,-0.6263908802403113,-0.009422111510381748,-0.007117725112223584,-0.14724049306252018,0.15041446342198195,104,9,44,60,0,14,14,439,0.22779043280182232,0.9102259255626318,6502.8592732500065,2337.6216291531705,0,4.997749934544277,0.8166599338619692,,10000.0,3736.0911975968866,False,-0.38979049791584786
ddde2792246e8939,momentum,15,192,0.0,0,long,3.0,6.0,0.0,72,1000.0,0.02,5,0.06,0.15,5,32,0.0005,0.1,-0.43195046916863766,-0.005423189793979821,-0.002847702753394581,-0.13000730741148858,0.19692120101896915,104,9,47,57,0,5,5,365,0.2273972602739726,0.9239712009522186,4512.645550850004,2417.631440836425,0,4.997536559631615,0.720469811269936,,10000.0,5680.495308313623,False,-0.24703653140168869
8710408c737d2fa0,momentum,15,192,0.0,0,long,2.5,8.0,2.0,72,1000.0,0.02,5,0.06,0.15,5,32,0.0005,0.1,-0.6798495925380279,-0.01089183024483864,-0.008578856996829335,-0.13547586790574773,0.1905903857495843,104,7,44,60,0,6,6,544,0.28860294117647056,0.8873477629865804,7253.517078900007,2124.6014464802433,0,4.9970450283790875,0.7859104195478963,,10000.0,3201.5040746197215,False,-0.4352804770690156
ed9a561e9505b9ae,momentum,15,192,0.0,0,long,4.0,8.0,3.0,72,1000.0,0.02,5,0.06,0.15,5,32,0.0005,0.1,-0.30713230844288797,-0.003521824347513247,-0.0020388316225253503,-0.10066831240617546,0.16679641208388873,104,4,46,58,0,5,5,311,0.2765273311897106,0.9215412174471206,2717.5427104499995,1876.076073978908,0,4.512965576912036,0.5414764754446373,,10000.0,6928.67691557112,False,-0.16813435605836557
cd49b31853aa88cd,momentum,15,192,0.0,200,both,1.5,2.0,0.0,72,1000.0,0.02,5,0.06,0.15,5,32,0.0005,0.1,-0.9755901848294412,-0.03506999235951713,-0.03280305335358274,-0.1499147045685858,0.11269794888676987,104,2,32,72,0,9,9,1488,0.23118279569892472,0.7909923946990023,10220.75375914995,258.83278914444185,0,4.99984785519798,0.977142079726584,,10000.0,244.09815170558826,False,-0.8447504849710897
8422bd17d04ef519,momentum,15,192,0.0,200,both,2.5,4.0,0.0,72,1000.0,0.02,5,0.06,0.15,5,32,0.0005,0.1,-0.824016137517738,-0.01656665160436621,-0.013702359901992442,-0.1493970519777692,0.21032961515800275,104,10,37,67,0,11,11,1285,0.14941634241245136,0.8893659205889504,15870.131558550009,741.397116627452,0,4.999992164027569,0.9117032535635647,,10000.0,1759.8386248226207,False,-0.5817377706230272
77122899cff0a80f,momentum,15,192,0.0,200,both,3.0,6.0,0.0,72,1000.0,0.02,5,0.06,0.15,5,32,0.0005,0.1,-0.7903927531245095,-0.01491192778203465,-0.012209640010377954,-0.14912424565183768,0.27021458007820454,104,10,38,66,0,8,8,1230,0.14227642276422764,0.8870903048025565,14925.836301150002,1330.791730095158,0,4.997296571696128,0.9041489697736589,,10000.0,2096.072468754905,False,-0.5433904714919042
3746e4d118f7d910,momentum,15,192,0.0,200,both,2.5,8.0,2.0,72,1000.0,0.02,5,0.06,0.15,5,32,0.0005,0.1,-0.8986499307634257,-0.021770814513750292,-0.019206824145468152,-0.14977503417262272,0.19040341469484257,104,7,38,66,0,9,9,1357,0.16654384672070743,0.8452997249985179,12446.901235800016,629.2838718343229,0,4.999750057927836,0.9258150240711667,,10000.0,1013.5006923657435,False,-0.6828861325866891
f73d2f3dba99e5f1,momentum,15,192,0.0,200,both,4.0,8.0,3.0,72,1000.0,0.02,5,0.06,0.15,5,32,0.0005,0.1,-0.7353108454242228,-0.012699433908307967,-0.010891430528580591,-0.13609593729830505,0.21173331138267382,104,5,39,65,0,10,10,1228,0.1490228013029316,0.8579751834964852,11167.835713950028,1210.424440292243,0,4.996917198872127,0.8567691275027691,,10000.0,2646.891545757773,False,-0.4866863189410293
342105ff86571bb2,momentum,15,192,0.0,200,long,1.5,2.0,0.0,72,1000.0,0.02,5,0.06,0.15,5,32,0.0005,0.1,-0.8980516829899159,-0.021715454272491885,-0.019816041421899425,-0.14844400737321184,0.12314111515840676,104,2,45,59,0,8,8,781,0.3380281690140845,0.8089513669467759,7734.969571899995,836.9570579991861,0,4.9996922998512785,0.9022345200805542,,10000.0,1019.4831701008413,False,-0.6819483872517423
e15dabced6c9b4cc,momentum,15,192,0.0,200,long,2.5,4.0,0.0,72,1000.0,0.02,5,0.06,0.15,5,32,0.0005,0.1,-0.6746531826692197,-0.010738688897023563,-0.008637948116296992,-0.13143530906529544,0.14479874347408606,104,7,41,63,0,7,7,422,0.22274881516587677,0.8867246667228788,5460.329202049998,2012.697324642213,0,4.997415218818696,0.8145700769131377,,10000.0,3253.4681733078028,False,-0.43070025641930865
7f685be870b221f5,momentum,15,192,0.0,200,long,3.0,6.0,0.0,72,1000.0,0.02,5,0.06,0.15,5,32,0.0005,0.1,-0.47984802433998597,-0.006265235750600895,-0.003706947148994428,-0.14908636870094927,0.19696222248477313,104,9,44,60,0,8,8,352,0.22443181818181818,0.9094862818367412,4133.528951150003,2336.246992249906,0,4.998374516606264,0.7364093469004989,,10000.0,5201.51975660014,False,-0.2795884998860818
d46cc496f099f717,momentum,15,192,0.0,200,long,2.5,8.0,2.0,72,1000.0,0.02,5,0.06,0.15,5,32,0.0005,0.1,-0.6815062898212758,-0.010941172026888046,-0.008755737787916077,-0.1407716592102537,0.190483959831236,104,7,42,62,0,6,6,517,0.2862669245647969,0.8744420938216799,6411.838546750007,1956.225851462736,0,4.99743861749438,0.7768993095023095,,10000.0,3184.937101787242,False,-0.43674850001218135
9553235387d6bd3a,momentum,15,192,0.0,200,long,4.0,8.0,3.0,72,1000.0,0.02,5,0.06,0.15,5,32,0.0005,0.1,-0.2191567520943264,-0.002375835303901619,-0.0008857967935364156,-0.09852277843774282,0.1674884748873302,104,4,46,58,0,5,5,301,0.2757475083056478,0.943739690171054,2680.375802500002,1865.4611184432983,0,4.5133522201183025,0.48329998822388054,,10000.0,7808.432479056736,False,-0.1167196579626425
e1410592ce6b2ed6,momentum,15,192,1.0,0,both,1.5,2.0,0.0,72,1000.0,0.02,5,0.06,0.15,5,32,0.0005,0.1,-0.9245146973383784,-0.02453831520700922,-0.022421074332299767,-0.14986220420384844,0.16706463693036366,104,5,35,69,0,13,13,1136,0.27816901408450706,0.8203808901836155,10686.792957600013,7.8722157837638225,0,4.999837156044667,0.9354492896065676,,10000.0,754.853026616216,False,-0.7264630415232979
d48eac250f41bfe3,momentum,15,192,1.0,0,both,2.5,4.0,0.0,72,1000.0,0.02,5,0.06,0.15,5,32,0.0005,0.1,-0.6799783652221838,-0.010895656435927825,-0.008497732651517502,-0.14433369729092793,0.2104464499697809,104,8,45,59,0,8,8,915,0.18797814207650274,0.8910169851139668,11696.980655450005,302.8732967718644,0,4.999546301773986,0.7657118781687687,,10000.0,3200.2163477781623,False,-0.4353944484858987
55ca2c371f140e65,momentum,15,192,1.0,0,both,3.0,6.0,0.0,72,1000.0,0.02,5,0.06,0.15,5,32,0.0005,0.1,-0.795564071535851,-0.015148518548777634,-0.013209808036810634,-0.1305138956750549,0.22016171559965914,104,6,41,63,0,6,6,862,0.17749419953596288,0.8114763550556424,7556.450634000008,378.1562813585259,0,4.998836442133004,0.8236269613130328,,10000.0,2044.3592846414906,False,-0.5490774873925292
a228f142144cadf8,momentum,15,192,1.0,0,both,2.5,8.0,2.0,72,1000.0,0.02,5,0.06,0.15,5,32,0.0005,0.1,-0.45680323529471867,-0.005850928361979535,-0.0035123020159848954,-0.1471449177842442,0.2396238861585951,104,7,46,58,0,9,9,978,0.2167689161554192,0.9440842611667954,16531.534999350028,320.70065359718643,0,4.999578697461012,0.6850591724237456,,10000.0,5431.967647052813,False,-0.2637484356552521
eb09802b6e32a6f2,momentum,15,192,1.0,0,both,4.0,8.0,3.0,72,1000.0,0.02,5,0.06,0.15,5,32,0.0005,0.1,-0.6299204815288074,-0.009512518754390298,-0.008080035278996044,-0.10475906800582124,0.17819769556905452,104,5,38,66,0,10,10,847,0.18417945690672963,0.8086291408208259,5993.546609100002,265.2848061880911,0,4.5130174872846744,0.6664747617762192,,10000.0,3700.7951847119257,False,-0.3926895962122475
18f9ae6f5cd13810,momentum,15,192,1.0,0,long,1.5,2.0,0.0,72,1000.0,0.02,5,0.06,0.15,5,32,0.0005,0.1,-0.8848253384159733,-0.02056733059056104,-0.018790385871072457,-0.14574551685737325,0.1442036966717022,104,2,43,61,0,7,7,691,0.3386396526772793,0.7890320513332955,6971.907932599993,702.9232515597354,0,4.999892244196957,0.8959562667071543,,10000.0,1151.7466158402672,False,-0.6618756392073111
685a6d782f99fb7f,momentum,15,192,1.0,0,long,2.5,4.0,0.0,72,1000.0,0.02,5,0.06,0.15,5,32,0.0005,0.1,-0.8060087474638515,-0.01564500046311923,-0.013537375730582142,-0.13140117470387347,0.18603186666019877,104,4,43,61,0,11,11,417,0.21342925659472423,0.8377878940822026,4433.334266699996,1779.4680079385248,0,4.992572263955274,0.8737645358617816,,10000.0,1939.9125253614843,False,-0.5607866729422711
a788c50c8d044cf6,momentum,15,192,1.0,0,long,3.0,6.0,0.0,72,1000.0,0.02,5,0.06,0.15,5,32,0.0005,0.1,-0.658069501039845,-0.010265673237258466,-0.007821068662586094,-0.14907479577347427,0.19722291407990844,104,8,45,59,0,5,5,357,0.21568627450980393,0.85424999919241,3474.890853299999,1937.7089570985063,0,4.999053345283342,0.7801323702356822,,10000.0,3419.3049896015505,False,-0.4163217941106644
32440d01d55e914e,momentum,15,192,1.0,0,long,2.5,8.0,2.0,72,1000.0,0.02,5,0.06,0.15,5,32,0.0005,0.1,-0.7766498366054694,-0.014310222293895669,-0.012336417018852724,-0.14054294639415932,0.17383125089505191,104,5,45,59,0,8,8,501,0.2834331337325349,0.8222708467576755,5223.202517899999,1574.9998481546538,0,4.9950787484550485,0.8111862696240324,,10000.0,2233.5016339453064,False,-0.5286081907398734
0416d283019895b6,momentum,15,192,1.0,0,long,4.0,8.0,3.0,72,1000.0,0.02,5,0.06,0.15,5,32,0.0005,0.1,-0.43995617168311785,-0.005558917042896461,-0.004169031070111366,-0.10057817274675185,0.15715007785001034,104,4,46,58,0,5,5,302,0.271523178807947,0.8717165230753289,2339.29688925,1538.8281275811723,0,4.5131373041598195,0.5655482153250009,,10000.0,5600.438283168822,False,-0.2523793463869053
e00225776c58b8f9,momentum,15,192,1.0,200,both,1.5,2.0,0.0,72,1000.0,0.02,5,0.06,0.15,5,32,0.0005,0.1,-0.9154339317050812,-0.023472274476706634,-0.021480388168000908,-0.14965770766426378,0.1667768827975613,104,4,32,72,0,10,10,1078,0.2820037105751391,0.8219240846172172,10366.528113650027,197.02750340082014,0,4.999638566935589,0.9281040129553246,,10000.0,845.6606829491873,False,-0.7104209877476364
5eac4cf72d6bd581,momentum,15,192,1.0,200,both,2.5,4.0,0.0,72,1000.0,0.02,5,0.06,0.15,5,32,0.0005,0.1,-0.6895219084439441,-0.011183551001266778,-0.00891473431696642,-0.14432968809664826,0.21045782926399026,104,9,44,60,0,7,7,854,0.1885245901639344,0.874607495816072,9859.666871149999,469.102113289479,0,4.99982147518824,0.779387096380755,,10000.0,3104.7809155605582,False,-0.4439056101553751
58ebf83e573ddb56,momentum,15,192,1.0,200,both,3.0,6.0,0.0,72,1000.0,0.02,5,0.06,0.15,5,32,0.0005,0.1,-0.8735557104285092,-0.0196877816923825,-0.017894276982292758,-0.11491090883496946,0.21840511742203206,104,4,40,64,0,6,6,806,0.1662531017369727,0.7077204631278827,4921.446066750004,536.4613375351393,0,4.999629079422322,0.882135894888531,,10000.0,1264.4428957149073,False,-0.6456627632148016
81a22e63893cd459,momentum,15,192,1.0,200,both,2.5,8.0,2.0,72,1000.0,0.02,5,0.06,0.15,5,32,0.0005,0.1,-0.6957641519663404,-0.01137663776660125,-0.009060193308924627,-0.14713625375519945,0.23993782793571006,104,8,44,60,0,7,7,918,0.20806100217864923,0.8749198203920706,10435.550336300006,386.2873833633624,0,4.999458189151972,0.7422170797986574,,10000.0,3042.358480336596,False,-0.4495432875327954
4d48cfdcfc571898,momentum,15,192,1.0,200,both,4.0,8.0,3.0,72,1000.0,0.02,5,0.06,0.15,5,32,0.0005,0.1,-0.8188196571983362,-0.016291435175268876,-0.015221583040716417,-0.09091395286059967,0.12504913295767328,104,2,36,68,0,8,8,789,0.17490494296577946,0.6394492922936696,3690.205045450004,435.1516265333743,0,4.999384453724981,0.8282994845206281,,10000.0,1811.803428016638,False,-0.5755863591661761
67674df34ac5b70d,momentum,15,192,1.0,200,long,1.5,2.0,0.0,72,1000.0,0.02,5,0.06,0.15,5,32,0.0005,0.1,-0.8868873032849958,-0.020737446422584127,-0.01907532544710506,-0.13473940018086483,0.14416746017681858,104,2,43,61,0,8,8,655,0.33435114503816793,0.7728937978854389,6361.160784600006,678.94084824996,0,4.999872788265244,0.8983998676802097,,10000.0,1131.1269671500418,False,-0.6649263496498437
ad4d9252c5159db1,momentum,15,192,1.0,200,long,2.5,4.0,0.0,72,1000.0,0.02,5,0.06,0.15,5,32,0.0005,0.1,-0.8138186739524105,-0.016033857421392184,-0.014153806818930222,-0.13126234332705178,0.1229610053685839,104,5,41,63,0,14,14,397,0.20654911838790932,0.7999398408759235,3538.0305331999994,1481.7542063240908,0,4.998457028010076,0.8585771935139592,,10000.0,1861.8132604758957,False,-0.5697488526851519
10419afda8918e19,momentum,15,192,1.0,200,long,3.0,6.0,0.0,72,1000.0,0.02,5,0.06,0.15,5,32,0.0005,0.1,-0.6535556131219027,-0.010140855975361629,-0.007699448231464263,-0.14905363485867695,0.19701506953241488,104,8,43,61,0,8,8,340,0.21470588235294116,0.8366862351951043,3021.569402300005,1782.9149289190402,0,4.996596819400381,0.7674724319637575,,10000.0,3464.4438687809734,False,-0.4124686527248368
160b253ecd19a6b9,momentum,15,192,1.0,200,long,2.5,8.0,2.0,72,1000.0,0.02,5,0.06,0.15,5,32,0.0005,0.1,-0.7941963543167379,-0.015085373152614712,-0.013261551667810182,-0.14052353204246404,0.17393051265919746,104,4,40,64,0,9,9,475,0.27789473684210525,0.7833321021869885,4251.187067900002,1367.2660752673592,0,4.99801247355502,0.8162156566622275,,10000.0,2058.036456832621,False,-0.5475664721466356
d279c510e84448e8,momentum,15,192,1.0,200,long,4.0,8.0,3.0,72,1000.0,0.02,5,0.06,0.15,5,32,0.0005,0.1,-0.38128991148136704,-0.004605883989029946,-0.003227490761352439,-0.09853929370695458,0.15705817096475516,104,4,45,59,0,8,8,289,0.27335640138408307,0.8813399029746128,2170.8819767499976,1462.5290380636577,0,4.514236202722648,0.5390177730610253,,10000.0,6187.10088518633,False,-0.214063020294063
3073d184f31a99ac,momentum,60,12,0.0,0,both,1.5,2.0,0.0,72,1000.0,0.02,5,0.06,0.15,5,32,0.0005,0.1,-0.9473028764380051,-0.027903253670823136,-0.02616558112509035,-0.14858937050833354,0.1289350225440662,104,3,32,72,0,11,11,1749,0.22584333905088622,0.8092164756317832,8344.629385700015,31.291978680056268,0,4.999672396593725,0.9535431377826419,,10000.0,526.9712356199487,False,-0.7715916957727756
e5d44e70d15bda79,momentum,60,12,0.0,0,both,2.5,4.0,0.0,72,1000.0,0.02,5,0.06,0.15,5,32,0.0005,0.1,-0.717549392893421,-0.012082676346087173,-0.01096477879685086,-0.10298058838716406,0.12919487800317042,104,3,39,65,0,5,5,1595,0.21191222570532917,0.8398495159260965,8047.526074299978,105.39345463419082,0,3.3773311503104813,0.7831913874274158,,10000.0,2824.50607106579,False,-0.46968469274059044
cb8742188fa654c7,momentum,60,12,0.0,0,both,3.0,6.0,0.0,72,1000.0,0.02,5,0.06,0.15,5,32,0.0005,0.1,-0.4181992205641756,-0.005194415901460969,-0.004150800413426539,-0.09047790715274129,0.1293914534987617,104,3,41,63,0,8,8,1583,0.21667719519898926,0.9160666480308566,9331.030543349987,281.43656229176554,0,2.933822152451767,0.6059491864162774,,10000.0,5818.007794358245,False,-0.23794611335084204
ca15c05ba9aec75d,momentum,60,12,0.0,0,both,2.5,8.0,2.0,72,1000.0,0.02,5,0.06,0.15,5,32,0.0005,0.1,-0.7594609387992035,-0.013607272437296314,-0.012559677044600075,-0.10286715286073544,0.10392715047223766,104,1,39,65,0,6,6,1597,0.2128991859737007,0.8361738830894432,8344.024539450016,168.97354854197968,0,3.730354533287468,0.8107758886873295,,10000.0,2405.3906120079646,False,-0.5107434413223604
6a2b8e50e251e4c7,momentum,60,12,0.0,0,both,4.0,8.0,3.0,72,1000.0,0.02,5,0.06,0.15,5,32,0.0005,0.1,-0.6008537406782802,-0.008792153316707019,-0.008312470151293633,-0.07382762619233885,0.09050106600231089,104,0,36,68,0,7,7,1572,0.20801526717557253,0.8162708976013705,6046.317821850002,95.32668493277593,0,2.319864180918619,0.6688909887333252,,10000.0,3991.4625932171975,False,-0.3692093147160218
04219547c5dae9c4,momentum,60,12,0.0,0,long,1.5,2.0,0.0,72,1000.0,0.02,5,0.06,0.15,5,32,0.0005,0.1,-0.8668368550933424,-0.019199641761147856,-0.017898066973057215,-0.14793718680685497,0.14434590235537947,104,1,37,67,0,9,9,659,0.3156297420333839,0.7907651778757001,3277.060230899996,1205.4207200334263,0,4.279789709669234,0.8790336946473178,,10000.0,1331.6314490665761,False,-0.6363382862853932
08f64b484dbf6b4a,momentum,60,12,0.0,0,long,2.5,4.0,0.0,72,1000.0,0.02,5,0.06,0.15,5,32,0.0005,0.1,-0.4670254362514239,-0.006032515281188311,-0.004964108584913697,-0.09524050821057561,0.11387002316844641,104,1,44,60,0,8,8,347,0.3227665706051873,0.879232938659072,2110.3852322499993,1740.1994302642377,0,2.7037342293010096,0.6214311372687382,,10000.0,5329.745637485761,False,-0.27073259505622305
194cba7e18bb9386,momentum,60,12,0.0,0,long,3.0,6.0,0.0,72,1000.0,0.02,5,0.06,0.15,5,32,0.0005,0.1,-0.3362820645875555,-0.003933570239749495,-0.0030513019856966994,-0.09907299448253948,0.1040298100638255,104,1,41,63,0,8,8,315,0.35555555555555557,0.9027277223693257,1794.545397849999,1552.0179480255413,0,2.326701472247994,0.5303713633777738,,10000.0,6637.179354124445,False,-0.18588088720286233
67aed27bb6bb6966,momentum,60,12,0.0,0,long,2.5,8.0,2.0,72,1000.0,0.02,5,0.06,0.15,5,32,0.0005,0.1,-0.5081851126111181,-0.006800357573206295,-0.005684488173568703,-0.09402690023465532,0.12819961211119457,104,4,42,62,0,8,8,363,0.31955922865013775,0.8460336259004106,1937.0142904999973,1600.2360356111808,0,2.9273884764515916,0.6076882090640412,,10000.0,4918.148873888818,False,-0.2995537349850428
682fd464b9e145f5,momentum,60,12,0.0,0,long,4.0,8.0,3.0,72,1000.0,0.02,5,0.06,0.15,5,32,0.0005,0.1,-0.052404759528824285,-0.000517441363994009,7.617071704576932e-05,-0.06385971439032356,0.11109456878716562,104,1,52,52,0,4,4,270,0.42592592592592593,0.9806764221999289,1382.8894025,1276.50199278827,0,1.820350985158451,0.3373967305066726,,10000.0,9475.952404711757,False,-0.026644388699524457
2a3a4e6d2154cbed,momentum,60,12,0.0,200,both,1.5,2.0,0.0,72,1000.0,0.02,5,0.06,0.15,5,32,0.0005,0.1,-0.8105686666874351,-0.015870112479198784,-0.014184436479160824,-0.1495711881108488,0.16044287337923135,104,2,47,57,0,7,7,700,0.31,0.8237415693116384,4002.3808141500003,632.6625527243542,0,4.384417133085849,0.8237507528232154,,10000.0,1894.3133331256486,False,-0.5659970187143217
0bfdb70f4e4c61ea,momentum,60,12,0.0,200,both,2.5,4.0,0.0,72,1000.0,0.02,5,0.06,0.15,5,32,0.0005,0.1,-0.45108898138058917,-0.005750889668031833,-0.004378017220775516,-0.11137291653894166,0.10117824768900752,104,1,45,59,0,7,7,394,0.27411167512690354,0.8868524822932876,2680.9268687499966,853.9464450558751,0,2.4139794067108444,0.5615804232973137,,10000.0,5489.110186194109,False,-0.2598727841409688
346883ff031ff328,momentum,60,12,0.0,200,both,3.0,6.0,0.0,72,1000.0,0.02,5,0.06,0.15,5,32,0.0005,0.1,-0.27359767292850756,-0.003068851113784632,-0.0019612836865038107,-0.10605968239961594,0.12523260789061186,104,2,46,58,0,6,6,359,0.28969359331476324,0.9238671070063107,2278.051365099999,759.2361641850539,0,2.0692845463211347,0.42096855928452925,,10000.0,7264.023270714924,False,-0.14817245335954332
b26c5db7e11e871e,momentum,60,12,0.0,200,both,2.5,8.0,2.0,72,1000.0,0.02,5,0.06,0.15,5,32,0.0005,0.1,-0.49108394396070876,-0.006473878520383947,-0.005072577745547904,-0.09848622119178918,0.17063576624940846,104,5,43,61,0,6,6,423,0.2978723404255319,0.873069895568891,2724.8864600999987,873.1131795070789,0,2.413279781788941,0.6091359009870094,,10000.0,5089.160560392913,False,-0.2874384231198227
a719faf26cb456ca,momentum,60,12,0.0,200,both,4.0,8.0,3.0,72,1000.0,0.02,5,0.06,0.15,5,32,0.0005,0.1,-0.30937924999448296,-0.0035529468340607107,-0.0028508531972946125,-0.07123076376464332,0.15691925407495133,104,1,46,58,0,8,8,324,0.32098765432098764,0.8802638151816136,1508.6025027500007,590.4568971948062,0,1.6880577486534585,0.42480469410444066,,10000.0,6906.20750005517,False,-0.16948890875712852
e25ee6b4ac214246,momentum,60,12,0.0,200,long,1.5,2.0,0.0,72,1000.0,0.02,5,0.06,0.15,5,32,0.0005,0.1,-0.7417882331172364,-0.012934612081238583,-0.01218094492255918,-0.14659998519394446,0.1444850722325195,104,1,30,57,17,7,12,323,0.29411764705882354,0.7352323576251287,2333.121114850003,968.0101163223438,0,4.127933134092159,0.7597565897391282,,10000.0,2582.117668827636,False,-0.4930274838388189
01495ca4c0c63314,momentum,60,12,0.0,200,long,2.5,4.0,0.0,72,1000.0,0.02,5,0.06,0.15,5,32,0.0005,0.1,-0.41129629458254024,-0.005081585880796435,-0.004502183409758578,-0.07175059984079046,0.09224287915552898,104,0,30,58,16,5,10,177,0.2768361581920904,0.8125722159639494,1229.62588045,1249.9931653753974,0,2.1783980232879436,0.4905868304585079,,10000.0,5887.037054174598,False,-0.23342321947566236
70a9366127fc6d44,momentum,60,12,0.0,200,long,3.0,6.0,0.0,72,1000.0,0.02,5,0.06,0.15,5,32,0.0005,0.1,-0.3021290751474176,-0.003452881917837658,-0.0029446218207161787,-0.05940882222951738,0.11796817492372003,104,1,31,58,15,6,10,158,0.2974683544303797,0.8412529187059142,966.16232845,1143.9851230241784,0,1.8630662988955349,0.39021050671556934,,10000.0,6978.7092485258245,False,-0.16512603401355375
a86390f94cb2d1bd,momentum,60,12,0.0,200,long,2.5,8.0,2.0,72,1000.0,0.02,5,0.06,0.15,5,32,0.0005,0.1,-0.411221922134815,-0.005080377393003821,-0.004427666444026696,-0.07403612996539666,0.1729626446567174,104,2,30,58,16,5,10,189,0.2857142857142857,0.8073852052253325,1285.2670451499996,1246.5776761981417,0,2.1806628498556178,0.4658684425663434,,10000.0,5887.78077865185,False,-0.23337463391433155
f63528ec87294fe9,momentum,60,12,0.0,200,long,4.0,8.0,3.0,72,1000.0,0.02,5,0.06,0.15,5,32,0.0005,0.1,-0.1853911615257231,-0.0019696656744419005,-0.001548222559022056,-0.05345857209225191,0.15702254466170373,104,2,32,56,16,5,11,142,0.3380281690140845,0.8823135201132591,744.1631587000002,1000.250256557263,0,1.4452800260432206,0.32745723546898664,,10000.0,8146.088384742769,False,-0.09775896997841627
816d4aa8e39f252c,momentum,60,12,1.0,0,both,1.5,2.0,0.0,72,1000.0,0.02,5,0.06,0.15,5,32,0.0005,0.1,-0.5536115536000248,-0.00772544407322262,-0.006000112329720085,-0.14818661606184813,0.1389836242680933,104,4,48,56,0,10,10,897,0.3110367892976589,0.9204886559570137,9330.131679000015,-307.3319429997035,0,4.999703828765718,0.7481082810195219,,10000.0,4463.8844639997515,False,-0.33279602189521795
7b44cacd1beace56,momentum,60,12,1.0,0,both,2.5,4.0,0.0,72,1000.0,0.02,5,0.06,0.15,5,32,0.0005,0.1,-0.17395890751799636,-0.0018359160821642684,-0.0007395104854346592,-0.11857720463214783,0.14216260256908497,104,1,52,52,0,9,9,717,0.2900976290097629,0.9628311949470498,5746.982136549993,-291.0263613699871,0,3.63007255394037,0.5185375630413903,,10000.0,8260.410924820037,False,-0.09142837324470232
7a2f41a62009c108,momentum,60,12,1.0,0,both,3.0,6.0,0.0,72,1000.0,0.02,5,0.06,0.15,5,32,0.0005,0.1,0.010924445204103073,0.00010447857779394276,0.0009540742160986745,-0.11217443498982871,0.11716280973677984,104,2,50,54,0,9,9,692,0.3020231213872832,1.0027415417960261,4999.326713249995,-154.42086529106632,0,3.160421496023628,0.38166704778528404,,10000.0,10109.24445204103,False,0.005466030765061136
56e36d7fe0cfb8e3,momentum,60,12,1.0,0,both,2.5,8.0,2.0,72,1000.0,0.02,5,0.06,0.15,5,32,0.0005,0.1,-0.15162950605903347,-0.001579883700133955,-0.0004451960670939578,-0.11868057990119774,0.1320219226100634,104,3,49,55,0,9,9,722,0.2950138504155125,0.9702691967564224,6287.208420049993,-209.26045945968102,0,3.6315043777706104,0.5210643704746731,,10000.0,8483.704939409665,False,-0.07918816508871163
a3494c76cc7d276c,momentum,60,12,1.0,0,both,4.0,8.0,3.0,72,1000.0,0.02,5,0.06,0.15,5,32,0.0005,0.1,-0.021492728088252644,-0.00020889222206232905,0.00026419157471808843,-0.103260230690422,0.08311818814198291,104,0,49,55,0,9,9,666,0.3048048048048048,0.992143036237032,3510.1148240499965,-142.15924316749596,0,2.510693417305903,0.3268851390453814,,10000.0,9785.072719117474,False,-0.010841416094173661
bd683df68a446b48,momentum,60,12,1.0,0,long,1.5,2.0,0.0,72,1000.0,0.02,5,0.06,0.15,5,32,0.0005,0.1,-0.6975950765694788,-0.01143401704813718,-0.009953735727448326,-0.14657026341283186,0.18001604992862275,104,3,42,62,0,7,7,495,0.33131313131313134,0.8235729931065696,3433.425005600002,925.1751600947767,0,4.2889369660136465,0.7380172294054067,,10000.0,3024.0492343052115,False,-0.4512077952996899
0781972b31b0a890,momentum,60,12,1.0,0,long,2.5,4.0,0.0,72,1000.0,0.02,5,0.06,0.15,5,32,0.0005,0.1,-0.5243259748080729,-0.007118986036462993,-0.0060095812341885765,-0.11184602989012105,0.11285746361187998,104,1,47,57,0,6,6,305,0.2983606557377049,0.8305361404506676,1627.3365104500022,1298.4569376307143,0,2.4450971827805494,0.6755829634170714,,10000.0,4756.740251919272,False,-0.31118281673801507
1d0b5fe6ef12b6c5,momentum,60,12,1.0,0,long,3.0,6.0,0.0,72,1000.0,0.02,5,0.06,0.15,5,32,0.0005,0.1,-0.2916687074068648,-0.0033103104098105574,-0.0023503675229054077,-0.10629692882262198,0.10294068844172233,104,1,47,57,0,8,8,278,0.34172661870503596,0.906229843435802,1621.4514807,1291.5631933686604,0,2.0973755300112913,0.4772434330790146,,10000.0,7083.312925931352,False,-0.15887099706178232
c7d035c599ead102,momentum,60,12,1.0,0,long,2.5,8.0,2.0,72,1000.0,0.02,5,0.06,0.15,5,32,0.0005,0.1,-0.5442387520955745,-0.007527164333956504,-0.006390007924366394,-0.11185700879579774,0.1290884871958735,104,4,44,60,0,8,8,323,0.29411764705882354,0.8203580148745087,1727.018648199999,1320.9138727557438,0,2.9284578105455106,0.6700561441886135,,10000.0,4557.612479044255,False,-0.3258038713458309
83350a5dd7bfd968,momentum,60,12,1.0,0,long,4.0,8.0,3.0,72,1000.0,0.02,5,0.06,0.15,5,32,0.0005,0.1,-0.23781305106650974,-0.002607780486486355,-0.002019387225374442,-0.07586587729512417,0.08057193137394458,104,0,47,57,0,7,7,245,0.3877551020408163,0.897972850133863,1129.7615560499996,1007.7352546150835,0,1.6330332148623163,0.38775976119026223,,10000.0,7621.869489334903,False,-0.12737135567609503
968a65bb95d3251e,momentum,60,12,1.0,200,both,1.5,2.0,0.0,72,1000.0,0.02,5,0.06,0.15,5,32,0.0005,0.1,-0.6661526057712317,-0.010493319370239673,-0.009057197619521024,-0.1493407855887311,0.1798811438533825,104,2,46,58,0,7,7,509,0.3241650294695481,0.8436558741257449,3809.570805999999,379.572851712322,0,4.859575198012582,0.7143092571995535,,10000.0,3338.4739422876823,False,-0.42328556728758904
832718350287ebf7,momentum,60,12,1.0,200,both,2.5,4.0,0.0,72,1000.0,0.02,5,0.06,0.15,5,32,0.0005,0.1,-0.43143089380699484,-0.0054144465881982295,-0.004230072588383472,-0.12191984179607995,0.12313992071123092,104,2,49,55,0,6,6,314,0.2961783439490446,0.8648097329647377,1980.540104599999,504.85823346995556,0,3.227848896568602,0.5100646175702719,,10000.0,5685.691061930052,False,-0.2466910797758426
48daa70570fef0f8,momentum,60,12,1.0,200,both,3.0,6.0,0.0,72,1000.0,0.02,5,0.06,0.15,5,32,0.0005,0.1,-0.2030244922078437,-0.0021796531291196075,-0.001151661750898851,-0.12048654624811106,0.12566988825759018,104,2,47,57,0,6,6,285,0.3263157894736842,0.933044378207076,1818.5317935000003,504.6907285784056,0,2.320709104040645,0.37997650166284547,,10000.0,7969.7550779215635,False,-0.10761085137817128
907f09b7159ba79b,momentum,60,12,1.0,200,both,2.5,8.0,2.0,72,1000.0,0.02,5,0.06,0.15,5,32,0.0005,0.1,-0.5021694020367777,-0.006684247144076005,-0.005519620239740642,-0.12196042868170254,0.11492042694663307,104,5,47,57,0,4,4,338,0.31952662721893493,0.8418976830926862,2135.2658779,593.9353424677704,0,3.3785184020542003,0.6172827996938081,,10000.0,4978.305979632223,False,-0.2952683233986101
9cb5576c7832e90d,momentum,60,12,1.0,200,both,4.0,8.0,3.0,72,1000.0,0.02,5,0.06,0.15,5,32,0.0005,0.1,-0.21232270657614272,-0.0022922418603594785,-0.0016528947648998655,-0.07471196171740901,0.12197662827554034,104,1,43,61,0,8,8,254,0.3543307086614173,0.907569737271393,1248.9878905999994,391.68057516137543,0,2.320335949324805,0.35713546127344065,,10000.0,7876.772934238573,False,-0.1128495900607639
ded275670aff3838,momentum,60,12,1.0,200,long,1.5,2.0,0.0,72,1000.0,0.02,5,0.06,0.15,5,32,0.0005,0.1,-0.49348079724899396,-0.006518976398481424,-0.005697727255687313,-0.13253827193208334,0.18013041007698982,104,2,31,47,26,6,10,224,0.32142857142857145,0.7882923420726886,2160.0389171499996,659.3561553399469,0,3.2947743736867903,0.5095661705522251,,10000.0,5065.19202751006,False,-0.28912411476681676
f66fd5cc793ed6be,momentum,60,12,1.0,200,long,2.5,4.0,0.0,72,1000.0,0.02,5,0.06,0.15,5,32,0.0005,0.1,-0.3334109680212599,-0.0038922283256037637,-0.003323170639700859,-0.07128197550650761,0.11808441326511043,104,1,30,51,23,5,6,144,0.2777777777777778,0.8214533286076302,1055.4194455000002,938.8240347126009,0,2.1782717716851305,0.45561808961209893,,10000.0,6665.890319787401,False,-0.18411592739793625
57549d51237bd2ce,momentum,60,12,1.0,200,long,3.0,6.0,0.0,72,1000.0,0.02,5,0.06,0.15,5,32,0.0005,0.1,-0.180956849189294,-0.001917567856535074,-0.001400145660127473,-0.06933310476834564,0.08669514568352343,104,0,31,50,23,3,6,130,0.3,0.8906286403016701,865.6369689500001,920.7472229429376,0,1.863938435305561,0.3146041445614506,,10000.0,8190.43150810706,False,-0.09529825190417196
afded8a9060a2cab,momentum,60,12,1.0,200,long,2.5,8.0,2.0,72,1000.0,0.02,5,0.06,0.15,5,32,0.0005,0.1,-0.2803364375469831,-0.00315818941928081,-0.0025531995962420487,-0.07357458780903603,0.11436563674414679,104,2,32,49,23,3,6,152,0.29605263157894735,0.8508813906268922,1173.2297467000008,1007.3190287698199,0,2.179026595668549,0.3876530982702274,,10000.0,7196.635624530169,False,-0.15214630789570027
a7cc1e5cd7171ad0,momentum,60,12,1.0,200,long,4.0,8.0,3.0,72,1000.0,0.02,5,0.06,0.15,5,32,0.0005,0.1,-0.17033660743419476,-0.0017939198793036626,-0.001444070899763959,-0.05370058615701456,0.12178558959503505,104,1,31,51,22,4,6,118,0.3389830508474576,0.8704382728953597,605.7640282000002,730.7806461419658,0,1.445265070822426,0.30764109119033434,,10000.0,8296.633925658052,False,-0.08943164866189823
eee5ae1ab3218d10,momentum,60,48,0.0,0,both,1.5,2.0,0.0,72,1000.0,0.02,5,0.06,0.15,5,32,0.0005,0.1,-0.2585191658061117,-0.0028718871146611313,-0.0018159369832102567,-0.09387083431559806,0.10616488021302017,104,1,49,55,0,4,4,836,0.23444976076555024,0.9584757502157824,10538.0108712,-67.54381313893198,0,4.998498948935166,0.4966213662292832,,10000.0,7414.808341938883,False,-0.13934665605042074
895dbff7e131ec19,momentum,60,48,0.0,0,both,2.5,4.0,0.0,72,1000.0,0.02,5,0.06,0.15,5,32,0.0005,0.1,-0.560110886002867,-0.007865372086851119,-0.0069117506458732615,-0.0904504602381544,0.13960965280918902,104,2,38,66,0,5,5,735,0.1673469387755102,0.8129374877034947,4425.447279000001,-90.82521897130982,0,3.7305775070392464,0.6615886522460184,,10000.0,4398.89113997133,False,-0.33768759380494406
850653b19c20cd2c,momentum,60,48,0.0,0,both,3.0,6.0,0.0,72,1000.0,0.02,5,0.06,0.15,5,32,0.0005,0.1,-0.5620197320370917,-0.007906857924786848,-0.0072367522411448315,-0.08399259402210191,0.10026492490132544,104,1,36,68,0,6,6,722,0.16481994459833796,0.773769673931338,3745.815634900002,-190.0397145290727,0,3.251374328484595,0.6189020996799843,,10000.0,4379.802679629084,False,-0.33913107391039776
c7f9984bc18a087c,momentum,60,48,0.0,0,both,2.5,8.0,2.0,72,1000.0,0.02,5,0.06,0.15,5,32,0.0005,0.1,-0.47395223038451784,-0.006157533951456684,-0.005173407796951935,-0.0894112561356577,0.19046539285994557,104,3,40,64,0,7,7,747,0.18340026773761714,0.8163634973825303,4003.1540402000032,219.63786364517279,0,3.731089849059476,0.6149269001167429,,10000.0,5260.477696154821,False,-0.2755032245342701
9eb09440519aa030,momentum,60,48,0.0,0,both,4.0,8.0,3.0,72,1000.0,0.02,5,0.06,0.15,5,32,0.0005,0.1,-0.266861428160457,-0.002980362830590222,-0.0024898237651494034,-0.06484405033409324,0.10210057731559141,104,1,38,66,0,8,8,718,0.18523676880222842,0.8781770622984361,3410.120066200007,498.8788154045627,0,2.5890178262921855,0.39684190466841984,,10000.0,7331.385718395431,False,-0.14421840208376147
5b915be11cb55d82,momentum,60,48,0.0,0,long,1.5,2.0,0.0,72,1000.0,0.02,5,0.06,0.15,5,32,0.0005,0.1,-0.22324170653497277,-0.0024261488015770993,-0.0012615908190528047,-0.11426257930295625,0.11031897133647783,104,3,49,55,0,5,5,379,0.3641160949868074,0.9531370331351667,4535.801749199998,1178.5175161497225,0,3.6074001900207042,0.4092168026927081,,10000.0,7767.582934650272,False,-0.11904099940112955
a876f0c371c1aa1a,momentum,60,48,0.0,0,long,2.5,4.0,0.0,72,1000.0,0.02,5,0.06,0.15,5,32,0.0005,0.1,-0.33671677394600275,-0.0039398452045524834,-0.0030923322900198095,-0.08141357936535043,0.10630569800842449,104,1,50,54,0,5,5,251,0.3107569721115538,0.8868665374680708,1687.5030485500008,1375.3219909099935,0,2.4084696931306566,0.5473482971808417,,10000.0,6632.832260539973,False,-0.18614844905923633
f92fd22593819a35,momentum,60,48,0.0,0,long,3.0,6.0,0.0,72,1000.0,0.02,5,0.06,0.15,5,32,0.0005,0.1,-0.1968286793893641,-0.002105350222081359,-0.0013178396213781457,-0.07895253978882366,0.11770268229120284,104,1,49,55,0,5,5,230,0.34782608695652173,0.9245777943554746,1399.0691128499989,1378.6755810436066,0,2.0650096309931425,0.46121525319033807,,10000.0,8031.7132061063585,False,-0.10413693967687487
4d6c6f481be4cfe3,momentum,60,48,0.0,0,long,2.5,8.0,2.0,72,1000.0,0.02,5,0.06,0.15,5,32,0.0005,0.1,-0.20939492419133565,-0.0022566490452399224,-0.0013041084569531893,-0.08093502915139406,0.15495046029029136,104,4,45,59,0,6,6,261,0.32950191570881227,0.9253791248317825,1786.1738816000002,1398.3447603133532,0,2.4089606209338292,0.44807379408825243,,10000.0,7906.050758086643,False,-0.11119673023847487
40a27761cf17460c,momentum,60,48,0.0,0,long,4.0,8.0,3.0,72,1000.0,0.02,5,0.06,0.15,5,32,0.0005,0.1,-0.27710245373797815,-0.003115212368177356,-0.0026200344049658107,-0.07860667021462142,0.08393962415658596,104,0,45,59,0,6,6,207,0.38164251207729466,0.84771368922428,876.3603491999999,979.0155881797973,0,1.6074267737795425,0.40648061901720645,,10000.0,7228.975462620218,False,-0.15023692182264403
02534b8387136b31,momentum,60,48,0.0,200,both,1.5,2.0,0.0,72,1000.0,0.02,5,0.06,0.15,5,32,0.0005,0.1,0.11387778055411246,0.00103753231885384,0.0021493225369166526,-0.1258644357691463,0.11516465113604846,104,4,54,50,0,8,8,400,0.355,1.0175299276237715,6854.0585116500015,551.1959828089119,0,3.6067641467001836,0.43983222852402326,,10000.0,11138.777805541125,False,0.05559836644653604
e06893feb8137a88,momentum,60,48,0.0,200,both,2.5,4.0,0.0,72,1000.0,0.02,5,0.06,0.15,5,32,0.0005,0.1,0.17473034648815133,0.0015496478200638375,0.00265224808404031,-0.08894932236250652,0.11886132664774918,104,2,47,57,0,5,5,270,0.29259259259259257,1.0484821771201092,2633.6821077000004,749.1462274184918,0,2.409672853059968,0.3997719169539422,,10000.0,11747.303464881514,False,0.08414771700910162
0cd1f8b6056b915d,momentum,60,48,0.0,200,both,3.0,6.0,0.0,72,1000.0,0.02,5,0.06,0.15,5,32,0.0005,0.1,0.13610299449802343,0.0012277143746382002,0.0020904368000954515,-0.07586050772222508,0.1177042398878323,104,3,47,57,0,6,6,251,0.30278884462151395,1.0459625596556714,2073.2762524500004,746.6519025697498,0,2.386094422840861,0.4326681147237683,,10000.0,11361.029944980235,False,0.06611348182088461
0badbdddbfe8e1f3,momentum,60,48,0.0,200,both,2.5,8.0,2.0,72,1000.0,0.02,5,0.06,0.15,5,32,0.0005,0.1,-0.06775186915695086,-0.0006743519928129604,0.00033212831387910104,-0.10815878640819065,0.15527297625487346,104,3,45,59,0,6,6,290,0.3103448275862069,0.9792485755501643,2652.927008899999,839.4236826695513,0,2.8199058465063738,0.5368739950039751,,10000.0,9322.481308430491,False,-0.03458562948980193
30223e975cfa9cfe,momentum,60,48,0.0,200,both,4.0,8.0,3.0,72,1000.0,0.02,5,0.06,0.15,5,32,0.0005,0.1,0.011077172964639281,0.00010593128747116154,0.0005923763653921537,-0.0626086040249354,0.08438817121990527,104,0,46,58,0,6,6,234,0.33760683760683763,1.0055230163928477,1356.3688066000004,539.1222637535919,0,1.9044587974130116,0.344856172695435,,10000.0,10110.771729646392,False,0.00554223871333992
33bbabecb72d8264,momentum,60,48,0.0,200,long,1.5,2.0,0.0,72,1000.0,0.02,5,0.06,0.15,5,32,0.0005,0.1,0.11210960580820895,0.0010222409531115417,0.001589573620811004,-0.06103561843896477,0.11043357081012828,104,3,33,43,28,4,4,182,0.3901098901098901,1.0401850765299736,2881.40500685,978.6844350679024,0,3.6064643161068086,0.3085124905282479,,10000.0,11121.09605808209,False,0.05475734292189771
d6eff9f6e108eb90,momentum,60,48,0.0,200,long,2.5,4.0,0.0,72,1000.0,0.02,5,0.06,0.15,5,32,0.0005,0.1,0.007805813258452421,7.476727102639913e-05,0.0005875332144255106,-0.06237379621332273,0.11857816816280731,104,2,30,47,27,4,7,120,0.30833333333333335,1.0044451328129151,1086.8910607500004,1179.8471066654595,0,2.4089946335085957,0.34463431972563785,,10000.0,10078.058132584525,False,0.003908642347284053
41830f1ac79b997b,momentum,60,48,0.0,200,long,3.0,6.0,0.0,72,1000.0,0.02,5,0.06,0.15,5,32,0.0005,0.1,-0.030170839495207824,-0.0002945272547447697,0.00015375983147456024,-0.045330808698110236,0.11722128551770261,104,2,30,47,27,4,7,111,0.32432432432432434,0.9793392693774594,815.2290779499997,1116.5220170020766,0,2.066725622572481,0.36858466823365166,,10000.0,9698.291605047922,False,-0.015252444393066611
7da1ad1bca52a3b5,momentum,60,48,0.0,200,long,2.5,8.0,2.0,72,1000.0,0.02,5,0.06,0.15,5,32,0.0005,0.1,0.0986368662214907,0.0009049303451134083,0.0014741230835536119,-0.08080965519407024,0.15471359337731383,104,3,30,47,27,4,6,125,0.352,1.0606329120375133,1141.2163837500011,1229.7658540350758,0,2.409078723008464,0.35384952997434027,,10000.0,10986.368662214907,False,0.048327096217577026
b6d5c0139fb3f6ea,momentum,60,48,0.0,200,long,4.0,8.0,3.0,72,1000.0,0.02,5,0.06,0.15,5,32,0.0005,0.1,-0.08082946917658096,-0.0008100910504026393,-0.000527608658619948,-0.0409105640327484,0.08391115192600362,104,0,30,47,27,4,7,103,0.3786407766990291,0.9282948233781806,568.1642145999996,850.113477165819,0,1.6086581868852654,0.294669092040183,,10000.0,9191.70530823419,False,-0.04140408693908382
37635abe0ca921ff,momentum,60,48,1.0,0,both,1.5,2.0,0.0,72,1000.0,0.02,5,0.06,0.15,5,32,0.0005,0.1,0.7281882374473749,0.005274182850214526,0.00631732460445609,-0.11086825682016399,0.1551590391165638,104,2,60,44,0,4,4,536,0.3246268656716418,1.0834111242619078,12441.009638049996,-138.96391252370287,0,4.999964323904878,0.3725638321891479,,10000.0,17281.88237447375,False,0.3158337648503571
80838a5e1005d22f,momentum,60,48,1.0,0,both,2.5,4.0,0.0,72,1000.0,0.02,5,0.06,0.15,5,32,0.0005,0.1,-0.2173520540670706,-0.0023536901994170023,-0.0014603962690055235,-0.09007940072369847,0.1485654543197954,104,1,44,60,0,5,5,421,0.2589073634204275,0.9292016051071934,3613.737242799997,-45.176702129266836,0,3.630449447913144,0.4631548394393098,,10000.0,7826.4794593292945,False,-0.11569603666657735
a0a29092f0d24d8a,momentum,60,48,1.0,0,both,3.0,6.0,0.0,72,1000.0,0.02,5,0.06,0.15,5,32,0.0005,0.1,-0.1019078601558574,-0.0010329527743685452,-0.0002554837491186536,-0.07850574470873961,0.13233739876873396,104,3,43,61,0,7,7,406,0.2660098522167488,0.9598572962802465,3003.602976150002,-95.10607459146723,0,3.1603731590381834,0.3188763935409037,,10000.0,8980.921398441425,False,-0.05249659564142084
b7f6c1c86b33acb4,momentum,60,48,1.0,0,both,2.5,8.0,2.0,72,1000.0,0.02,5,0.06,0.15,5,32,0.0005,0.1,-0.09042790402829892,-0.0009109407477598808,8.446763479047919e-05,-0.09010309716944875,0.1223801984737567,104,4,45,59,0,5,5,438,0.2625570776255708,0.9715082959010137,3812.085849649998,33.84109063293256,0,3.630950349274617,0.4033066593526866,,10000.0,9095.720959717011,False,-0.046439373461251376
4813b48ebee76444,momentum,60,48,1.0,0,both,4.0,8.0,3.0,72,1000.0,0.02,5,0.06,0.15,5,32,0.0005,0.1,-0.23031528103019305,-0.00251389547321923,-0.0021086669322897865,-0.050311274045387266,0.08151629543097894,104,0,43,60,1,7,7,393,0.2697201017811705,0.8712920347886332,2065.7175549000003,-139.58494459807855,0,2.5092448400375744,0.32498291674869884,,10000.0,7696.84718969807,False,-0.12307510620598683
5e7f8d690e156688,momentum,60,48,1.0,0,long,1.5,2.0,0.0,72,1000.0,0.02,5,0.06,0.15,5,32,0.0005,0.1,0.019123614747323492,0.00018216136574311648,0.0010352786816895303,-0.09468484795974541,0.11036479568827895,104,1,51,51,2,5,5,288,0.3784722222222222,1.004410764493084,4372.682795400002,988.7428571267482,0,3.60613825607659,0.37605882098025434,,10000.0,10191.236147473235,False,0.009549164148595857
896aac03190c80f7,momentum,60,48,1.0,0,long,2.5,4.0,0.0,72,1000.0,0.02,5,0.06,0.15,5,32,0.0005,0.1,-0.16300309701755655,-0.0017094498064895713,-0.0009160993411418224,-0.06499048958001297,0.118379682398712,104,2,46,56,2,6,6,213,0.323943661971831,0.9460101961269141,1826.8019061999996,1365.0070639755677,0,2.4087753102606744,0.5270493800539061,,10000.0,8369.969029824435,False,-0.08540244522125573
a208fa94c0881872,momentum,60,48,1.0,0,long,3.0,6.0,0.0,72,1000.0,0.02,5,0.06,0.15,5,32,0.0005,0.1,-0.10784945677933244,-0.0010967096183270852,-0.00042659555176961366,-0.06392102045034964,0.11254653382383095,104,1,46,56,2,5,5,197,0.350253807106599,0.9541211720732403,1340.6126135500006,1188.3914542433326,0,2.066149866531348,0.43737013419370974,,10000.0,8921.505432206675,False,-0.05564674108865242
89c581c418fde0e3,momentum,60,48,1.0,0,long,2.5,8.0,2.0,72,1000.0,0.02,5,0.06,0.15,5,32,0.0005,0.1,-0.11395578036624121,-0.0011626737659689024,-0.0003198268308029559,-0.08353470987532619,0.1443067744480213,104,3,43,59,2,6,6,223,0.33183856502242154,0.957468456551536,1785.2489621000002,1279.51784156242,0,2.409954993555269,0.44763747262828435,,10000.0,8860.442196337588,False,-0.05889513422463444
04e010f20c594eca,momentum,60,48,1.0,0,long,4.0,8.0,3.0,72,1000.0,0.02,5,0.06,0.15,5,32,0.0005,0.1,-0.21543379997600776,-0.0023302070481798776,-0.0019212455146828272,-0.05881750049601531,0.08033125236489491,104,0,43,59,2,5,5,181,0.3867403314917127,0.8698017267411008,848.6043427500007,837.9273570100557,0,1.608367290451834,0.3713286227553505,,10000.0,7845.662000239922,False,-0.11460929524116126
ced131127771b274,momentum,60,48,1.0,200,both,1.5,2.0,0.0,72,1000.0,0.02,5,0.06,0.15,5,32,0.0005,0.1,0.1772397078681036,0.0015701975056230388,0.002596393217456646,-0.10030173377648899,0.11049322878538503,104,1,60,44,0,5,5,313,0.36741214057507987,1.0312167838180302,6063.475117849998,382.4613034689448,0,3.607639401378177,0.4614532922005221,,10000.0,11772.397078681037,False,0.08530898501106443
944c062dfce5a3b9,momentum,60,48,1.0,200,both,2.5,4.0,0.0,72,1000.0,0.02,5,0.06,0.15,5,32,0.0005,0.1,0.5207816994859087,0.004039140029012289,0.004968643741279566,-0.06817372216429862,0.11816402860238662,104,2,50,54,0,5,5,216,0.3333333333333333,1.157945012925271,2572.3819310000013,679.912874140914,0,2.410064078341269,0.3588541034247429,,10000.0,15207.816994859088,False,0.2340824551230951
9acaebd8861dd66b,momentum,60,48,1.0,200,both,3.0,6.0,0.0,72,1000.0,0.02,5,0.06,0.15,5,32,0.0005,0.1,0.48963337470518664,0.0038393711169957268,0.004626802907992712,-0.06644482785595052,0.13544187350480574,104,3,49,55,0,6,6,205,0.34146341463414637,1.1897335359327392,1885.6339079000013,495.60414504807187,0,2.066685418790972,0.32712726753458155,,10000.0,14896.333747051867,False,0.2213358267401322
38193060e446da91,momentum,60,48,1.0,200,both,2.5,8.0,2.0,72,1000.0,0.02,5,0.06,0.15,5,32,0.0005,0.1,0.16123834694282824,0.0014384082891074623,0.0023200517835796704,-0.0927518916173733,0.14427448799211984,104,3,48,56,0,5,5,235,0.33617021276595743,1.0560175740345656,2390.9144276000025,631.4461029717482,0,2.4096121432859308,0.44067485617327873,,10000.0,11612.383469428283,False,0.07788266567650703
8056736a813db67d,momentum,60,48,1.0,200,both,4.0,8.0,3.0,72,1000.0,0.02,5,0.06,0.15,5,32,0.0005,0.1,0.1765869485969358,0.0015648561010392914,0.0019954318110201414,-0.05377275407816917,0.08645780839125194,104,0,48,55,1,6,6,190,0.35789473684210527,1.0997096138093407,1217.8791136999996,354.3414003306135,0,1.9032602170720236,0.2973857558570915,,10000.0,11765.869485969357,False,0.08500702357531931
b8d6ba5227801d2c,momentum,60,48,1.0,200,long,1.5,2.0,0.0,72,1000.0,0.02,5,0.06,0.15,5,32,0.0005,0.1,0.24286591410750913,0.0020927630657960883,0.0025135829188455564,-0.06110793800046688,0.11027960307156293,104,1,32,35,37,3,4,135,0.4074074074074074,1.1156326954158193,2289.5210257500003,704.8743331749066,0,3.607686258890384,0.252738428694788,,10000.0,12428.659141075092,False,0.1152527314947338
500faa08c3a7e07c,momentum,60,48,1.0,200,long,2.5,4.0,0.0,72,1000.0,0.02,5,0.06,0.15,5,32,0.0005,0.1,0.09867412479627102,0.0009052567256602195,0.0013433086064479403,-0.062389198438022264,0.11863918232603687,104,2,27,42,35,4,6,97,0.3402061855670103,1.0692206525070294,980.31367085,1011.8215811872634,0,2.4094352890737234,0.327078333897863,,10000.0,10986.741247962711,False,0.04834493294350173
68d19b69b5482c63,momentum,60,48,1.0,200,long,3.0,6.0,0.0,72,1000.0,0.02,5,0.06,0.15,5,32,0.0005,0.1,0.06890489319736726,0.000640923188886422,0.0010209685550889099,-0.04539911015105613,0.11269019214324949,104,2,28,41,35,4,5,92,0.34782608695652173,1.0580097712782413,720.1028416500002,861.0901263763159,0,2.0668307584280985,0.32515710763435546,,10000.0,10689.048931973672,False,0.03399615494987818
ef8a54d64d7fdbaf,momentum,60,48,1.0,200,long,2.5,8.0,2.0,72,1000.0,0.02,5,0.06,0.15,5,32,0.0005,0.1,0.09378092474378596,0.0008622988000774878,0.001346787838129158,-0.08088336671152252,0.1445108910293682,104,2,27,42,35,4,6,103,0.33980582524271846,1.0694257970237122,990.9698643999999,957.8948881621487,0,2.409464722665132,0.35246756155061876,,10000.0,10937.809247437859,False,0.0459998353722022
97353643024296b1,momentum,60,48,1.0,200,long,4.0,8.0,3.0,72,1000.0,0.02,5,0.06,0.15,5,32,0.0005,0.1,-0.05212439726625906,-0.0005145983765285633,-0.00028974224044794455,-0.039317345928809866,0.0806293786469916,104,0,27,42,35,3,5,86,0.38372093023255816,0.943664480770011,491.23725669999993,647.2435159625877,0,1.6089837932161675,0.2644376835363449,,10000.0,9478.75602733741,False,-0.026499915882968184
3954a6d1bf34bd00,momentum,60,192,0.0,0,both,1.5,2.0,0.0,72,1000.0,0.02,5,0.06,0.15,5,32,0.0005,0.1,-0.34843292022027705,-0.004110518267066321,-0.0033526151180518823,-0.14230889372212452,0.08911435982166283,104,0,42,42,20,4,7,405,0.2222222222222222,0.8891905014873306,4620.078994999994,6.187207202716699,0,4.321531269856562,0.516482082221315,,10000.0,6515.670797797229,False,-0.19339289136583104
eb25b7e03e21a8e8,momentum,60,192,0.0,0,both,2.5,4.0,0.0,72,1000.0,0.02,5,0.06,0.15,5,32,0.0005,0.1,-0.0746245370848646,-0.0007454500713699463,-6.956947089305862e-05,-0.08801690690808384,0.08338080561448624,104,0,35,52,17,4,4,361,0.14127423822714683,0.9683301641437728,3081.1223574000023,-20.369386551349503,0,2.953284424539774,0.2515018567098982,,10000.0,9253.754629151354,False,-0.038162946497311
eab7bd669fe8366a,momentum,60,192,0.0,0,both,3.0,6.0,0.0,72,1000.0,0.02,5,0.06,0.15,5,32,0.0005,0.1,0.005067999986702931,4.860888233881866e-05,0.0006911498235422428,-0.08015064275251649,0.11635094205077201,104,2,31,56,17,4,9,355,0.1323943661971831,1.0023959042884674,2712.1557631,-13.081962966981342,0,2.549314767070042,0.28709702190065467,,10000.0,10050.67999986703,False,0.0025394472649145072
21de3a5135e065d3,momentum,60,192,0.0,0,both,2.5,8.0,2.0,72,1000.0,0.02,5,0.06,0.15,5,32,0.0005,0.1,-0.23499404322083894,-0.002572374783605391,-0.0018847529537764267,-0.08798255756669648,0.10791281899121552,104,1,31,55,18,7,8,368,0.14402173913043478,0.8731868045598615,2499.3732867000003,50.21274550839365,0,2.9537701758184975,0.28206305810831755,,10000.0,7650.059567791611,False,-0.12575359406621978
e9eaf4bf211c160b,momentum,60,192,0.0,0,both,4.0,8.0,3.0,72,1000.0,0.02,5,0.06,0.15,5,32,0.0005,0.1,-0.27408290866226404,-0.0030752565848607416,-0.0027601251463218743,-0.0652361737131012,0.06272353622415472,104,0,31,56,17,5,8,349,0.12320916905444126,0.7985556094875678,1682.5960464999987,-26.98195987737165,0,2.001113569761181,0.33554346334395724,,10000.0,7259.170913377359,False,-0.14845798185324288
69047327cff7ec99,momentum,60,192,0.0,0,long,1.5,2.0,0.0,72,1000.0,0.02,5,0.06,0.15,5,32,0.0005,0.1,-0.505883415748342,-0.006755766785461859,-0.006266557116547774,-0.10114431738621155,0.06659364557125658,104,0,32,45,27,4,4,196,0.30612244897959184,0.7537126987944128,1859.0206693500013,449.61698813342355,0,4.321688467246881,0.5488817345314617,,10000.0,4941.165842516581,False,-0.29791100682672533
9bb4916564f00dd9,momentum,60,192,0.0,0,long,2.5,4.0,0.0,72,1000.0,0.02,5,0.06,0.15,5,32,0.0005,0.1,-0.46316251953747656,-0.005963492308128537,-0.0054711413490968275,-0.07923514021140976,0.08233213040669551,104,0,29,53,22,5,7,145,0.2413793103448276,0.6834743792999562,781.9475665999996,556.2836287747584,0,2.9509587760781817,0.5237059391093916,,10000.0,5368.374804625235,False,-0.2680855369428575
7321b50cbeb548f7,momentum,60,192,0.0,0,long,3.0,6.0,0.0,72,1000.0,0.02,5,0.06,0.15,5,32,0.0005,0.1,-0.31146055265055395,-0.0035818646463867676,-0.0031960832931572317,-0.058823815107976074,0.08846507657502167,104,0,29,54,21,5,7,129,0.29457364341085274,0.751538695501883,639.2430948499998,548.8479316555324,0,2.547785224658435,0.4061903301731036,,10000.0,6885.394473494461,False,-0.17074556773107963
6572dfa02ff386ec,momentum,60,192,0.0,0,long,2.5,8.0,2.0,72,1000.0,0.02,5,0.06,0.15,5,32,0.0005,0.1,-0.36523288097958373,-0.0043606290450547425,-0.0038328573411872094,-0.08830076185839975,0.10617147638491353,104,2,31,52,21,5,5,151,0.271523178807947,0.7541615164132539,875.7791154000004,581.977094395838,0,2.9531259983826925,0.45643908969803093,,10000.0,6347.6711902041625,False,-0.2038950449042879
6b00dadf7f364605,momentum,60,192,0.0,0,long,4.0,8.0,3.0,72,1000.0,0.02,5,0.06,0.15,5,32,0.0005,0.1,-0.3501112095067688,-0.004135215030013462,-0.003906556554769176,-0.0466250461254607,0.06697481956174389,104,0,32,51,21,5,7,119,0.3277310924369748,0.6538606358350468,460.3240911500001,424.11170391770054,0,2.0025906432605702,0.41094652562228184,,10000.0,6498.887904932312,False,-0.19443592577820357
6463739b471e1baf,momentum,60,192,0.0,200,both,1.5,2.0,0.0,72,1000.0,0.02,5,0.06,0.15,5,32,0.0005,0.1,-0.5370542645346597,-0.007377893288062265,-0.006654717891636444,-0.14230193080427955,0.08919220300157704,104,0,37,46,21,4,7,378,0.21693121693121692,0.8050858100067771,3648.0003692499968,9.073976096576315,0,4.296784423147868,0.6031714102733821,,10000.0,4629.457354653404,False,-0.32049259504679284
f68b46ea3860fd02,momentum,60,192,0.0,200,both,2.5,4.0,0.0,72,1000.0,0.02,5,0.06,0.15,5,32,0.0005,0.1,-0.3655465217031705,-0.0043653604817176506,-0.003773379400190179,-0.09592367312774253,0.09152925322449157,104,0,28,57,19,7,7,327,0.14678899082568808,0.8187188075378673,2427.019603199998,-15.125786168310333,0,2.9339461537031943,0.47700513497530506,,10000.0,6344.534782968295,False,-0.2040924197269679
ce16ebc799a38047,momentum,60,192,0.0,200,both,3.0,6.0,0.0,72,1000.0,0.02,5,0.06,0.15,5,32,0.0005,0.1,-0.13900465771348247,-0.0014380629203685213,-0.0008432271385526008,-0.08905952742732981,0.1250027661970654,104,3,27,58,19,7,7,322,0.14906832298136646,0.9268463489665933,2299.441627099998,32.47695003483276,0,2.533350419625321,0.34517628714140847,,10000.0,8609.953422865176,False,-0.07233864501658394
ef05eee446f731d6,momentum,60,192,0.0,200,both,2.5,8.0,2.0,72,1000.0,0.02,5,0.06,0.15,5,32,0.0005,0.1,-0.4802875719735278,-0.006273313579216788,-0.005679283585554969,-0.09258038935132085,0.1079314238514375,104,1,25,60,19,8,10,335,0.14626865671641792,0.69978320992315,1937.8834224000018,42.38709733525987,0,2.9353004210538254,0.5030405271026925,,10000.0,5197.124280264722,False,-0.27989399039555163
56bf8400f7428bbf,momentum,60,192,0.0,200,both,4.0,8.0,3.0,72,1000.0,0.02,5,0.06,0.15,5,32,0.0005,0.1,-0.2905284665031198,-0.0032948955048055506,-0.003049525633584743,-0.05904028518518323,0.0734633979029995,104,0,27,58,19,8,11,318,0.14779874213836477,0.7751575020765339,1509.4231769499986,62.08418808117117,0,1.9332411965268033,0.35691602787282417,,10000.0,7094.715334968802,False,-0.15819195191751623
2ae995b6364a8979,momentum,60,192,0.0,200,long,1.5,2.0,0.0,72,1000.0,0.02,5,0.06,0.15,5,32,0.0005,0.1,-0.5326946491493056,-0.007288428664186997,-0.0068205449598906795,-0.10104163719379866,0.06629096487877151,104,0,31,46,27,4,4,193,0.3005181347150259,0.7300024229533121,1749.8074486000016,428.02884289306303,0,4.297732820762724,0.5776029419766164,,10000.0,4673.053508506944,False,-0.31728966961654936
b8f776eb9ddbf0a1,momentum,60,192,0.0,200,long,2.5,4.0,0.0,72,1000.0,0.02,5,0.06,0.15,5,32,0.0005,0.1,-0.4761901361142361,-0.00619827360584857,-0.005706432206714147,-0.07917085253763323,0.08240201723201457,104,0,28,53,23,5,7,142,0.23943661971830985,0.6509851472386404,724.5410108000001,514.3395503423725,0,2.4986510093699184,0.5390827255842117,,10000.0,5238.098638857639,False,-0.2770511998841273
7582113ebd1b4a42,momentum,60,192,0.0,200,long,3.0,6.0,0.0,72,1000.0,0.02,5,0.06,0.15,5,32,0.0005,0.1,-0.2855616978357821,-0.003228034775546562,-0.002835827991562265,-0.05881080523246873,0.08817201789752827,104,0,29,54,21,5,7,127,0.2992125984251969,0.7672863827173737,625.7982397500001,544.8686386078018,0,2.144475447652353,0.39473765388975,,10000.0,7144.383021642179,False,-0.15524042704967345
27f634c83cf7f667,momentum,60,192,0.0,200,long,2.5,8.0,2.0,72,1000.0,0.02,5,0.06,0.15,5,32,0.0005,0.1,-0.38113711830019625,-0.0046035206534081885,-0.004081715123969484,-0.08817632715483548,0.10609599390975677,104,2,30,52,22,5,5,148,0.2702702702702703,0.7269733857201452,813.6583625500001,537.0859204519701,0,2.4969401719435864,0.4738499853281438,,10000.0,6188.628816998037,False,-0.21396564972508902
d1f8861e44760e80,momentum,60,192,0.0,200,long,4.0,8.0,3.0,72,1000.0,0.02,5,0.06,0.15,5,32,0.0005,0.1,-0.34873335929780447,-0.004114934726806463,-0.0038953421165629455,-0.046659443443056725,0.06724246817492507,104,0,32,51,21,5,7,117,0.3333333333333333,0.6458059872420749,448.8519573500002,418.23093562804473,0,1.67106317987296,0.4134811805057027,,10000.0,6512.666407021955,False,-0.19357951178480393
7b5fa5d9e5f64466,momentum,60,192,1.0,0,both,1.5,2.0,0.0,72,1000.0,0.02,5,0.06,0.15,5,32,0.0005,0.1,-0.14859630736507878,-0.0015456205315946825,-0.0007637781959210616,-0.13364007265591338,0.0891253484331076,104,0,42,42,20,4,4,300,0.2866666666666667,0.9462131045609788,3592.1591855499983,-102.52541189922309,0,4.320558774312087,0.330972827107744,,10000.0,8514.036926349212,False,-0.0775379149363229
ee249aadf5054de8,momentum,60,192,1.0,0,both,2.5,4.0,0.0,72,1000.0,0.02,5,0.06,0.15,5,32,0.0005,0.1,-0.14106647809806183,-0.0014610830205966652,-0.0008058362280358209,-0.08104087231958956,0.07846971548515969,104,0,33,53,18,4,5,245,0.17959183673469387,0.9236003795222316,1889.7215029500014,-18.336621969384925,0,2.9532770014536336,0.2719364442343616,,10000.0,8589.335219019382,False,-0.07345383475702572
8e19a6a8e24e8411,momentum,60,192,1.0,0,both,3.0,6.0,0.0,72,1000.0,0.02,5,0.06,0.15,5,32,0.0005,0.1,0.2153132439855756,0.001876776806169822,0.002526100999202374,-0.07258842827093936,0.11640179627520908,104,3,35,51,18,4,5,235,0.1829787234042553,1.1245665889249639,1821.7251378499998,-36.06807770575067,0,2.5491895127466195,0.19497160257972468,,10000.0,12153.132439855755,False,0.10277942665823381
cf175b1dc2ba0b15,momentum,60,192,1.0,0,both,2.5,8.0,2.0,72,1000.0,0.02,5,0.06,0.15,5,32,0.0005,0.1,-0.11203541312758136,-0.001141880408166207,-0.0004685423068586754,-0.08106406055287063,0.10813956252897938,104,1,33,53,18,4,6,252,0.19047619047619047,0.9342548236938771,1825.178902300001,-41.82897102421328,0,2.95329205950509,0.29037875676620384,,10000.0,8879.645868724187,False,-0.05787235354747522
10c11f121665a0d3,momentum,60,192,1.0,0,both,4.0,8.0,3.0,72,1000.0,0.02,5,0.06,0.15,5,32,0.0005,0.1,-0.04614728249045397,-0.0004541853228956505,-0.00014248563583118032,-0.05473112144103354,0.0696078668568898,104,0,35,51,18,5,6,232,0.1853448275862069,0.9610843909918766,1197.2869687500006,-39.01364384548321,0,2.0016433966186975,0.17685227039265217,,10000.0,9538.52717509546,False,-0.023424913393382596
716b619fe1867d51,momentum,60,192,1.0,0,long,1.5,2.0,0.0,72,1000.0,0.02,5,0.06,0.15,5,32,0.0005,0.1,-0.313668569982798,-0.003612637835942567,-0.0031553903307885703,-0.08914670921389356,0.07218459726245618,104,0,37,40,27,4,4,161,0.33540372670807456,0.8232983281257888,1747.725917600001,371.537982227979,0,4.320561250939818,0.40444011115193357,,10000.0,6863.31430017202,False,-0.17208080604322995
e5b5dac012780717,momentum,60,192,1.0,0,long,2.5,4.0,0.0,72,1000.0,0.02,5,0.06,0.15,5,32,0.0005,0.1,-0.389268052998596,-0.004730096231077119,-0.004253700841650254,-0.07330426238405874,0.08250880253983994,104,0,28,51,25,5,7,126,0.2619047619047619,0.695063954010124,712.4851818500006,485.2886481359423,0,2.9535994903513765,0.45732633617983165,,10000.0,6107.31947001404,False,-0.21916400754358756
5e64a8f1c155bf88,momentum,60,192,1.0,0,long,3.0,6.0,0.0,72,1000.0,0.02,5,0.06,0.15,5,32,0.0005,0.1,-0.24779966530950492,-0.002734260734988281,-0.0023380390806971383,-0.04858747856999246,0.08853549952302231,104,0,31,50,23,5,7,116,0.3103448275862069,0.7881085124961813,619.1892423000005,503.1040107950391,0,2.54952851665372,0.3329139042257213,,10000.0,7522.00334690495,False,-0.13312656218458685
364a603747467382,momentum,60,192,1.0,0,long,2.5,8.0,2.0,72,1000.0,0.02,5,0.06,0.15,5,32,0.0005,0.1,-0.31627008161309045,-0.0036490212305626546,-0.003140273812133949,-0.07327056371492113,0.10619214602648253,104,2,29,51,24,5,5,130,0.2846153846153846,0.7491252661704593,772.1172263500004,504.2074897809012,0,2.9529214382218796,0.4136303680351253,,10000.0,6837.299183869095,False,-0.17365674897228167
019ef55270d6915b,momentum,60,192,1.0,0,long,4.0,8.0,3.0,72,1000.0,0.02,5,0.06,0.15,5,32,0.0005,0.1,-0.30173199596767863,-0.003447431319586025,-0.0032006729764404067,-0.046357910490929854,0.06707430730458586,104,0,33,48,23,5,7,108,0.35185185185185186,0.6823674566387835,441.07664834999997,385.0626113267965,0,2.001059159613861,0.3586848446788684,,10000.0,6982.680040323214,False,-0.16488774100287706
bb18f28fd4499ee5,momentum,60,192,1.0,200,both,1.5,2.0,0.0,72,1000.0,0.02,5,0.06,0.15,5,32,0.0005,0.1,-0.14899094675877167,-0.001550071551079113,-0.0008020867409577769,-0.13368458761862922,0.0891253484331076,104,0,41,42,21,4,4,288,0.2951388888888889,0.9465282036616922,3507.7241770499973,-109.76740946230301,0,4.234888657004882,0.32730574352921615,,10000.0,8510.090532412283,False,-0.07775245752705107
6e28e389ca180679,momentum,60,192,1.0,200,both,2.5,4.0,0.0,72,1000.0,0.02,5,0.06,0.15,5,32,0.0005,0.1,-0.12359631166460172,-0.0012677386507379262,-0.0006738035196915437,-0.08105410353903264,0.07845259526631398,104,0,30,55,19,6,6,231,0.19047619047619047,0.9295933309410789,1806.6770173999985,-32.93430075398983,0,2.9341941028964555,0.2547678971583499,,10000.0,8764.036883353983,False,-0.06404641999690219
37837afbed7b937c,momentum,60,192,1.0,200,both,3.0,6.0,0.0,72,1000.0,0.02,5,0.06,0.15,5,32,0.0005,0.1,0.1508910196395563,0.001352225376260563,0.00197375465131977,-0.07258842827093936,0.11637189304659645,104,4,31,54,19,6,6,223,0.18834080717488788,1.0910717480931527,1705.5475465999996,-42.05354299553751,0,2.533938856534465,0.1803163739248601,,10000.0,11508.910196395564,False,0.07305323848503376
54092c0ad0b2e25f,momentum,60,192,1.0,200,both,2.5,8.0,2.0,72,1000.0,0.02,5,0.06,0.15,5,32,0.0005,0.1,-0.151300808107505,-0.0015761648548137108,-0.0009590265216047814,-0.0810530040598042,0.10787822899021005,104,2,30,55,19,4,6,238,0.19747899159663865,0.9073839896655412,1729.84041315,-43.88703207499618,0,2.933969085799101,0.27507879789993217,,10000.0,8486.99191892495,False,-0.07900919092356795
751f0b37716c1faa,momentum,60,192,1.0,200,both,4.0,8.0,3.0,72,1000.0,0.02,5,0.06,0.15,5,32,0.0005,0.1,-0.08964814419822231,-0.0009027086542884311,-0.0006224962496958091,-0.07297652261327581,0.06952096652644979,104,0,32,53,19,5,6,219,0.1963470319634703,0.9195925521939219,1100.1895926000007,-48.11755061777703,0,1.9333613134852812,0.1686969555569301,,10000.0,9103.518558017777,False,-0.04602933061734016
b116adec9f8289b3,momentum,60,192,1.0,200,long,1.5,2.0,0.0,72,1000.0,0.02,5,0.06,0.15,5,32,0.0005,0.1,-0.2976931917208878,-0.0033921655009375717,-0.00296319409012921,-0.08906542557291952,0.07218459726245618,104,0,37,40,27,4,4,157,0.3375796178343949,0.8295223887934323,1700.0754163500008,367.2172008588647,0,4.297992282615942,0.39891125924131376,,10000.0,7023.068082791122,False,-0.16246782132366788
550a7707a6d0e262,momentum,60,192,1.0,200,long,2.5,4.0,0.0,72,1000.0,0.02,5,0.06,0.15,5,32,0.0005,0.1,-0.36657914851302786,-0.0043809545896803526,-0.0039022694521149894,-0.07319782767182981,0.08251001688482784,104,0,28,51,25,5,7,125,0.264,0.7101018033132506,707.27732825,484.34685688026076,0,2.497771282340175,0.4427958542243132,,10000.0,6334.2085148697215,False,-0.20474259792003746
3c2122fd1623dd48,momentum,60,192,1.0,200,long,3.0,6.0,0.0,72,1000.0,0.02,5,0.06,0.15,5,32,0.0005,0.1,-0.20531688402336623,-0.0022072895768794343,-0.001803200943501676,-0.04858747856999246,0.08852238425646486,104,0,31,50,23,5,7,114,0.3157894736842105,0.8212468281999769,614.8231128500003,505.71862738365456,0,2.1451707452094952,0.31660626106500256,,10000.0,7946.831159766338,False,-0.108899574586247
3e5980b2a7101d9c,momentum,60,192,1.0,200,long,2.5,8.0,2.0,72,1000.0,0.02,5,0.06,0.15,5,32,0.0005,0.1,-0.2890911356267175,-0.0032754991643828557,-0.002759550127415111,-0.07326546381808607,0.1060946439738466,104,2,29,51,24,5,5,129,0.2868217054263566,0.7711626989879258,770.7221835999999,506.74197266715584,0,2.4970749662668505,0.3952245102556269,,10000.0,7109.088643732825,False,-0.15733675576718986
25bc671831be7f63,momentum,60,192,1.0,200,long,4.0,8.0,3.0,72,1000.0,0.02,5,0.06,0.15,5,32,0.0005,0.1,-0.29690643414247064,-0.0033814363783736257,-0.003145113065535612,-0.046357910490929854,0.06700929533665856,104,0,33,48,23,5,7,107,0.35514018691588783,0.6823395863662584,435.69054884999997,385.4662925747099,0,1.6707013675615923,0.3588146772825447,,10000.0,7030.935658575293,False,-0.1619972295592924
49686bb359a28abc,momentum,240,12,0.0,0,both,1.5,2.0,0.0,72,1000.0,0.02,5,0.06,0.15,5,32,0.0005,0.1,-0.32530033847524176,-0.0037763863829962663,-0.0033073365601007645,-0.06697046706791987,0.08514789565495495,104,0,42,62,0,9,9,423,0.24822695035460993,0.8636167846480824,2189.00126895,100.59341580243223,0,2.144232393335538,0.4439361879020307,,10000.0,6746.996615247583,False,-0.1791504134762384
b9c4a35270b536e9,momentum,240,12,0.0,0,both,2.5,4.0,0.0,72,1000.0,0.02,5,0.06,0.15,5,32,0.0005,0.1,-0.21875183579682222,-0.002370862245939964,-0.0021106145872854948,-0.042069495321778394,0.1003724499425529,104,1,41,63,0,5,5,389,0.2647814910025707,0.8387942556258879,1254.0761976500007,16.76886031822099,0,1.3685940072247247,0.3608480270807337,,10000.0,7812.4816420317775,False,-0.1164898877156012
0ecca5493d672b3e,momentum,240,12,0.0,0,both,3.0,6.0,0.0,72,1000.0,0.02,5,0.06,0.15,5,32,0.0005,0.1,-0.2014693699902833,-0.002160949784913102,-0.0020254757288629068,-0.038541681301232256,0.039114855680621785,104,0,42,62,0,5,5,386,0.25647668393782386,0.825206815276284,1097.3180335000006,100.12026640283834,0,1.159673194745713,0.2704711987136649,,10000.0,7985.306300097167,False,-0.10673765328435969
8c18549bc01a2294,momentum,240,12,0.0,0,both,2.5,8.0,2.0,72,1000.0,0.02,5,0.06,0.15,5,32,0.0005,0.1,-0.30746814890628205,-0.0035264697294253855,-0.0033279148343462813,-0.04225474529742956,0.0664378690637939,104,0,41,63,0,5,5,388,0.2551546391752577,0.7574383576212969,1166.9114214000003,79.32326766280156,0,1.3689084691682056,0.4081858623136593,,10000.0,6925.31851093718,False,-0.168336675809577
3cd531281a05a9d4,momentum,240,12,0.0,0,both,4.0,8.0,3.0,72,1000.0,0.02,5,0.06,0.15,5,32,0.0005,0.1,-0.12553439929247656,-0.0012889985388329084,-0.0012095816106596736,-0.029847562445388776,0.03183378236486689,104,0,43,61,0,5,5,384,0.2578125,0.86025030612238,876.1232414499999,152.91685147476363,0,0.8876779701104285,0.20623014347795465,,10000.0,8744.656007075235,False,-0.06508541373371246
cc1b7745ec71903f,momentum,240,12,0.0,0,long,1.5,2.0,0.0,72,1000.0,0.02,5,0.06,0.15,5,32,0.0005,0.1,-0.47431974968967194,-0.006164212613642861,-0.0057014979281679685,-0.07968958375267465,0.06884881512168972,104,0,44,60,0,5,5,210,0.3523809523809524,0.7421341586226706,895.6288232500009,639.1097736467295,0,1.7983384499768682,0.5360708728098303,,10000.0,5256.80250310328,False,-0.275757214741571
075f4d6c1e8d154e,momentum,240,12,0.0,0,long,2.5,4.0,0.0,72,1000.0,0.02,5,0.06,0.15,5,32,0.0005,0.1,-0.23219893256499136,-0.0025373965664976517,-0.0022056094652238355,-0.07771238500473732,0.07173951681798774,104,0,45,59,0,6,6,176,0.4034090909090909,0.8238533905317577,574.5116572000004,675.6750684499318,0,1.1922383719621548,0.38274060764656714,,10000.0,7678.010674350086,False,-0.12415247669303942
d2c4d4df0fe25ba7,momentum,240,12,0.0,0,long,3.0,6.0,0.0,72,1000.0,0.02,5,0.06,0.15,5,32,0.0005,0.1,-0.24832033046450142,-0.0027409004808386372,-0.0025148489550764976,-0.059244246925536204,0.04905026060120976,104,0,48,56,0,5,5,167,0.41317365269461076,0.7686083471045353,454.45547065,543.2785339950176,0,1.0075974333516589,0.37291176240468815,,10000.0,7516.796695354986,False,-0.13342765856258176
0a5a4b15abe0dbf6,momentum,240,12,0.0,0,long,2.5,8.0,2.0,72,1000.0,0.02,5,0.06,0.15,5,32,0.0005,0.1,-0.25870117009063276,-0.002874240820026741,-0.002562803056516214,-0.07771238500473732,0.05862916111668093,104,0,45,59,0,6,6,176,0.3977272727272727,0.804584587260804,576.8767189500005,677.6094819563239,0,1.1930610225561549,0.38501020599656055,,10000.0,7412.988299093672,False,-0.13945265130732765
dfb6dacc997e7167,momentum,240,12,0.0,0,long,4.0,8.0,3.0,72,1000.0,0.02,5,0.06,0.15,5,32,0.0005,0.1,-0.14928072644362944,-0.0015533411911508033,-0.0014174948923900421,-0.03990740958444583,0.037296708486083574,104,0,52,52,0,5,5,158,0.4240506329113924,0.8152811989080098,340.721873,432.97859143631433,0,0.7683652592301029,0.27488287186724336,,10000.0,8507.192735563705,False,-0.07791002553295867
4644ba9da7e51275,momentum,240,12,0.0,200,both,1.5,2.0,0.0,72,1000.0,0.02,5,0.06,0.15,5,32,0.0005,0.1,0.029938640540568162,0.0002836866562232476,0.0006885055124656549,-0.054127892099388286,0.054350736534866995,104,0,51,53,0,5,5,200,0.42,1.014034807826787,1240.9410520000004,396.53454259429435,0,1.4125866698918854,0.30306279444167417,,10000.0,10299.386405405681,False,0.014910023055675348
6c69a5d80c793753,momentum,240,12,0.0,200,both,2.5,4.0,0.0,72,1000.0,0.02,5,0.06,0.15,5,32,0.0005,0.1,0.055926879622200554,0.0005233959633603735,0.0007968931972001839,-0.043915825267528685,0.07559530592839869,104,0,53,51,0,5,5,163,0.4723926380368098,1.0440806870453587,660.4700206000005,405.9827831779727,0,1.0371954226722304,0.22910308674354618,,10000.0,10559.268796222006,False,0.02767847287327463
2d8c9ae87de8c94b,momentum,240,12,0.0,200,both,3.0,6.0,0.0,72,1000.0,0.02,5,0.06,0.15,5,32,0.0005,0.1,-0.06764360691421767,-0.0006732361726132785,-0.0004829639496578969,-0.042946336548659425,0.04909970867873059,104,0,54,50,0,6,6,157,0.4585987261146497,0.9331732352649149,501.3970812500002,316.85388789218064,0,0.8749728721568408,0.2454298881674185,,10000.0,9323.563930857823,False,-0.03452938284518414
323976e984f8b124,momentum,240,12,0.0,200,both,2.5,8.0,2.0,72,1000.0,0.02,5,0.06,0.15,5,32,0.0005,0.1,0.0781214528923273,0.0007235321151086715,0.0009776537617672053,-0.043915825267528685,0.05873263128054318,104,0,54,50,0,5,5,162,0.47530864197530864,1.065851338868948,659.9762025500006,400.95856852669783,0,1.0375303358763768,0.19797627137437612,,10000.0,10781.214528923272,False,0.038459584193113905
68de0584d321a28f,momentum,240,12,0.0,200,both,4.0,8.0,3.0,72,1000.0,0.02,5,0.06,0.15,5,32,0.0005,0.1,-0.02547515589147642,-0.00024809677802417607,-0.00014053975470816924,-0.03432110400334876,0.03698976740648807,104,0,51,49,4,4,4,141,0.49645390070921985,0.9653205722476945,366.6696296,247.84932931473494,0,0.6889553800946209,0.20877469528247372,,10000.0,9745.248441085236,False,-0.012863228021602557
0774bf9e2a6a065a,momentum,240,12,0.0,200,long,1.5,2.0,0.0,72,1000.0,0.02,5,0.06,0.15,5,32,0.0005,0.1,-0.0984670343106796,-0.000996221416721732,-0.0008105154284666019,-0.047264554274967674,0.0532579225267773,104,0,20,28,56,4,5,82,0.4024390243902439,0.885595481904135,432.3069949000003,523.5947482067933,0,1.281625215254103,0.21418889790958362,,10000.0,9015.329656893204,False,-0.050677068480667886
310cb166250fde94,momentum,240,12,0.0,200,long,2.5,4.0,0.0,72,1000.0,0.02,5,0.06,0.15,5,32,0.0005,0.1,0.04021128397461071,0.0003791473407619428,0.0005114872092675943,-0.04506263613220596,0.05890581444179066,104,0,22,27,55,5,9,65,0.47692307692307695,1.078285684779875,238.84236090000013,523.5857993538926,0,0.797270842151296,0.17911727759576923,,10000.0,10402.112839746107,False,0.019976115649259496
41cc64115f3a4c46,momentum,240,12,0.0,200,long,3.0,6.0,0.0,72,1000.0,0.02,5,0.06,0.15,5,32,0.0005,0.1,0.056711133686363935,0.0005305385770708604,0.0006232844719725355,-0.04076698406573398,0.04905026060120976,104,0,24,25,55,3,5,61,0.4918032786885246,1.1498289569195663,191.19369240000006,438.86477073635604,0,0.6713184223843092,0.1421206883448023,,10000.0,10567.11133686364,False,0.02806134149736561
413175a7fef49091,momentum,240,12,0.0,200,long,2.5,8.0,2.0,72,1000.0,0.02,5,0.06,0.15,5,32,0.0005,0.1,0.03332657122117677,0.00031527352308158285,0.00044119299326577353,-0.0403763864647414,0.05897934579484465,104,0,22,26,56,5,9,65,0.46153846153846156,1.0682987400440989,238.38127070000016,522.7312170882153,0,0.7965427801345344,0.17911727759576923,,10000.0,10333.265712211767,False,0.016583597912515735
fdce53b6808988de,momentum,240,12,0.0,200,long,4.0,8.0,3.0,72,1000.0,0.02,5,0.06,0.15,5,32,0.0005,0.1,0.04691531993564202,0.0004409438203794025,0.0004960469854703975,-0.035486861993477614,0.03724916933563782,104,0,26,23,55,3,5,60,0.5,1.1646682912177058,142.23452340000006,348.35807724358557,0,0.5087627115371546,0.0906373863793184,,10000.0,10469.15319935642,False,0.023268867690916073
3eca5320c3ad5ec6,momentum,240,12,1.0,0,both,1.5,2.0,0.0,72,1000.0,0.02,5,0.06,0.15,5,32,0.0005,0.1,0.13610189071678302,0.001227705021334513,0.0016677570048730596,-0.07530709179591055,0.07726086167166057,104,0,53,51,0,5,5,251,0.3386454183266932,1.0603107526606705,1629.9751120499998,-43.02451921783519,0,1.8460097167668834,0.22069722762439015,,10000.0,11361.01890716783,False,0.06611296216150309
2cf029e264eefccd,momentum,240,12,1.0,0,both,2.5,4.0,0.0,72,1000.0,0.02,5,0.06,0.15,5,32,0.0005,0.1,0.19080099795134609,0.0016805084378772595,0.0019061569600306648,-0.043234829405906505,0.06857318446455474,104,0,49,54,1,5,5,213,0.3474178403755869,1.152831299915264,848.0082995500001,-19.637779063457845,0,1.1674962492633414,0.1604906758586646,,10000.0,11908.009979513461,False,0.09156356752100314
bab574fb67278dca,momentum,240,12,1.0,0,both,3.0,6.0,0.0,72,1000.0,0.02,5,0.06,0.15,5,32,0.0005,0.1,0.18584760655449695,0.0016403612180730942,0.001814869393743987,-0.039190114440709856,0.10769466660640026,104,1,52,51,1,5,5,209,0.3588516746411483,1.1887755282892132,684.5024523999992,-19.953117944967456,0,0.9860269336509419,0.14684098833356296,,10000.0,11858.47606554497,False,0.0892831560754459
bb916193cd9a54af,momentum,240,12,1.0,0,both,2.5,8.0,2.0,72,1000.0,0.02,5,0.06,0.15,5,32,0.0005,0.1,0.08388987615173149,0.0007748799451470223,0.0009507309209627346,-0.03888818127271887,0.050460790371795516,104,0,49,54,1,5,5,211,0.35071090047393366,1.0699324936583157,820.0839187999998,-4.413080317276432,0,1.167848515497949,0.17264218186194702,,10000.0,10838.898761517316,False,0.04124346849387828
ef3ba50ba76cf1cb,momentum,240,12,1.0,0,both,4.0,8.0,3.0,72,1000.0,0.02,5,0.06,0.15,5,32,0.0005,0.1,0.2158481476534857,0.0018810159063267218,0.0019938594886988728,-0.0345506184298181,0.10247897796754546,104,1,56,45,3,5,5,196,0.35714285714285715,1.3300436712486103,506.4139544499997,13.641269015144848,0,0.7532419728163552,0.08431491869752183,,10000.0,12158.481476534856,False,0.10302291507837746
768821397ffca230,momentum,240,12,1.0,0,long,1.5,2.0,0.0,72,1000.0,0.02,5,0.06,0.15,5,32,0.0005,0.1,-0.4455731592863793,-0.005655298428845268,-0.0053436838846516975,-0.07031168860838033,0.041945759473753785,104,0,40,55,9,9,9,135,0.32592592592592595,0.6396805114659035,605.8503588500002,410.5327340138038,0,1.7623500986951248,0.5359461888523416,,10000.0,5544.268407136207,False,-0.2561507411894104
fe526845fb62d4e3,momentum,240,12,1.0,0,long,2.5,4.0,0.0,72,1000.0,0.02,5,0.06,0.15,5,32,0.0005,0.1,-0.2677887234094434,-0.0029924960065209616,-0.002807629608209873,-0.058569554004015534,0.07169078303124055,104,0,36,58,10,9,9,120,0.375,0.6710394778275213,359.96427074999974,374.83026334442604,0,1.1922995860392673,0.38248800202936195,,10000.0,7322.112765905566,False,-0.1447616295993479
333241daf5a73d1a,momentum,240,12,1.0,0,long,3.0,6.0,0.0,72,1000.0,0.02,5,0.06,0.15,5,32,0.0005,0.1,-0.27012938281281285,-0.0030231901340388445,-0.0029092385148981113,-0.039300546709746365,0.04251991026810131,104,0,36,58,10,9,9,116,0.3793103448275862,0.6098998580575499,304.7914597,329.28256842811805,0,1.0064593171883236,0.3275077497906913,,10000.0,7298.706171871871,False,-0.14613435990668333
7a0e2874450eda31,momentum,240,12,1.0,0,long,2.5,8.0,2.0,72,1000.0,0.02,5,0.06,0.15,5,32,0.0005,0.1,-0.30685216788449055,-0.003517951118349516,-0.0033496125863067615,-0.058569554004015534,0.05018446126914666,104,0,36,58,10,9,9,120,0.36666666666666664,0.6287122211287703,358.0763533999998,373.93752544489007,0,1.1913092994078684,0.3836428044255775,,10000.0,6931.478321155095,False,-0.16796562887642685
4e38389d1951fc46,momentum,240,12,1.0,0,long,4.0,8.0,3.0,72,1000.0,0.02,5,0.06,0.15,5,32,0.0005,0.1,-0.1597500708399029,-0.0016722146796052106,-0.001601485966586188,-0.03957855739270266,0.035518253064512395,104,0,40,54,10,5,6,108,0.37962962962962965,0.6759381836677268,227.03530250000006,252.74860589901576,0,0.7700367095776731,0.23797196135544996,,10000.0,8402.49929160097,False,-0.08362078966743203
1d0a263af725fc0b,momentum,240,12,1.0,200,both,1.5,2.0,0.0,72,1000.0,0.02,5,0.06,0.15,5,32,0.0005,0.1,0.02966009269435399,0.000281085080513499,0.0005811423731353957,-0.05382433831789246,0.08348194753220262,104,0,49,46,9,5,5,138,0.42028985507246375,1.0194531816341303,878.6623980500005,240.0439750064576,0,1.8445625492634208,0.21396148660680936,,10000.0,10296.60092694354,False,0.014772303634635886
978849d727994ea6,momentum,240,12,1.0,200,both,2.5,4.0,0.0,72,1000.0,0.02,5,0.06,0.15,5,32,0.0005,0.1,-0.08726611575494136,-0.0008776042459597289,-0.0007019781775403142,-0.04388119481152719,0.0751663725678362,104,0,43,53,8,5,5,121,0.4380165289256198,0.9090958517192052,464.41814130000034,215.7798162494287,0,1.1679894134734103,0.24585257221290302,,10000.0,9127.338842450587,False,-0.04477780494159911
54f2fcf48a42f14b,momentum,240,12,1.0,200,both,3.0,6.0,0.0,72,1000.0,0.02,5,0.06,0.15,5,32,0.0005,0.1,-0.11524132661968323,-0.0011766183623607152,-0.0010462417922155538,-0.043384062054096395,0.05113992080137164,104,0,42,53,9,6,6,114,0.42105263157894735,0.84947520103132,354.8465390500001,181.48542714684686,0,0.986082192355511,0.24959584100065535,,10000.0,8847.586733803168,False,-0.05958042885979731
675dc1b7f6b81409,momentum,240,12,1.0,200,both,2.5,8.0,2.0,72,1000.0,0.02,5,0.06,0.15,5,32,0.0005,0.1,-0.10148723243915614,-0.0010284550368259149,-0.0008677931013472792,-0.04388119481152719,0.057748827280217574,104,0,40,53,11,6,6,119,0.4369747899159664,0.8868188501873775,449.5100867,214.391037691551,0,1.1679991856156582,0.22958738069847406,,10000.0,8985.127675608439,False,-0.05227397930625388
f1c582daf6429c4f,momentum,240,12,1.0,200,both,4.0,8.0,3.0,72,1000.0,0.02,5,0.06,0.15,5,32,0.0005,0.1,-0.08723879882257002,-0.0008773167268782966,-0.000804346171384529,-0.026690752995489064,0.03872600976205165,104,0,39,47,18,4,5,99,0.43434343434343436,0.8334596551145601,248.90278360000005,127.00540462568021,0,0.7518995175320989,0.20321025981970053,,10000.0,9127.6120117743,False,-0.04476346197959258
f3e08bc31582cb97,momentum,240,12,1.0,200,long,1.5,2.0,0.0,72,1000.0,0.02,5,0.06,0.15,5,32,0.0005,0.1,-0.04718562975285079,-0.00046465335105894123,-0.000374383969514291,-0.040092290413840104,0.04025941434454605,104,0,20,20,64,3,5,48,0.3958333333333333,0.9088618465914012,282.30505035,326.32334717849517,0,1.2801699707226566,0.11710861301612341,,10000.0,9528.143702471492,False,-0.023958413739020745
d8fb4d15c73d21e4,momentum,240,12,1.0,200,long,2.5,4.0,0.0,72,1000.0,0.02,5,0.06,0.15,5,32,0.0005,0.1,-0.05480908017950736,-0.0005418564152400718,-0.0004799177179263248,-0.039274388692006945,0.05035967009629938,104,0,20,21,63,3,4,43,0.4418604651162791,0.8363217468848997,154.41344724999996,295.568054545058,0,0.7979585754319841,0.11309261340394305,,10000.0,9451.909198204927,False,-0.02788422909980215
7fee509f7f3b0d59,momentum,240,12,1.0,200,long,3.0,6.0,0.0,72,1000.0,0.02,5,0.06,0.15,5,32,0.0005,0.1,-0.034741829884320174,-0.00033993912707142027,-0.00029407970374411587,-0.03059080202497433,0.042532298311729555,104,0,20,21,63,3,4,41,0.43902439024390244,0.8644878303195757,124.89774429999996,254.26175454319906,0,0.669826100206401,0.10605641162338364,,10000.0,9652.581701156798,False,-0.01758375851123717
46ed477eee875f33,momentum,240,12,1.0,200,long,2.5,8.0,2.0,72,1000.0,0.02,5,0.06,0.15,5,32,0.0005,0.1,-0.05276947654317121,-0.0005211409899747999,-0.00046344184942841577,-0.039274388692006945,0.05035967009629938,104,0,20,21,63,3,4,43,0.4418604651162791,0.8343438358016487,153.51158335,295.90468208169807,0,0.7979585754319841,0.11309261340394305,,10000.0,9472.305234568288,False,-0.026832362044415636
4d819f32b7b3099b,momentum,240,12,1.0,200,long,4.0,8.0,3.0,72,1000.0,0.02,5,0.06,0.15,5,32,0.0005,0.1,-0.032863867659024826,-0.0003212562267567165,-0.0002929195747012977,-0.0259358849569572,0.031784967233654315,104,0,20,21,63,3,4,39,0.4358974358974359,0.8318041361556388,90.2321872,190.08988939024889,0,0.5092652343757258,0.07398854373656427,,10000.0,9671.361323409752,False,-0.016625288639991465
e84e335f0ad741de,momentum,240,48,0.0,0,both,1.5,2.0,0.0,72,1000.0,0.02,5,0.06,0.15,5,32,0.0005,0.1,-0.15169864655019227,-0.0015806661281915213,-0.0012358471206640903,-0.05845407887417575,0.06876262200138306,104,0,36,50,18,4,4,212,0.24528301886792453,0.9025635159441662,1233.1510202,32.38204530193051,0,2.0509953681262996,0.3165216010205636,,10000.0,8483.013534498077,False,-0.07922581609113888
959110ce4aeb9b1d,momentum,240,48,0.0,0,both,2.5,4.0,0.0,72,1000.0,0.02,5,0.06,0.15,5,32,0.0005,0.1,0.0035250586868333933,3.383576693405388e-05,0.00024764656026741034,-0.0578901887235036,0.07530058406723006,104,0,32,55,17,4,6,195,0.23076923076923078,1.003634299955173,735.7438878,-12.784674668315985,0,1.3065407527885753,0.21363492094917302,,10000.0,10035.250586868333,False,0.001766995161300411
0f2c987798d9fbe3,momentum,240,48,0.0,0,both,3.0,6.0,0.0,72,1000.0,0.02,5,0.06,0.15,5,32,0.0005,0.1,-0.009717160685985382,-9.388674986443579e-05,8.827745042884686e-05,-0.054961263056854226,0.10964407538601795,104,1,32,55,17,4,6,189,0.21164021164021163,0.9875313162730527,587.6255495500004,-7.722842690105072,0,1.1054241072949602,0.19530471102897418,,10000.0,9902.828393140146,False,-0.0048870253135187
b4ebb733fc980c50,momentum,240,48,0.0,0,both,2.5,8.0,2.0,72,1000.0,0.02,5,0.06,0.15,5,32,0.0005,0.1,-0.12913145561191486,-0.0013285804856888461,-0.001146145685118209,-0.07616612384843768,0.05346578472190133,104,0,31,55,18,4,4,195,0.22564102564102564,0.861836426924882,697.96546195,19.248194169143776,0,1.30534427204628,0.2250456195605426,,10000.0,8708.685443880851,False,-0.06701681336593857
c9aed8f9af220549,momentum,240,48,0.0,0,both,4.0,8.0,3.0,72,1000.0,0.02,5,0.06,0.15,5,32,0.0005,0.1,-0.05436299346336304,-0.0005373219138081753,-0.00045694485254555844,-0.020609515263784295,0.05426589353098499,104,0,29,57,18,4,9,187,0.20855614973262032,0.9074181634420395,437.0319238000002,3.688610833636952,0,0.8448525577118894,0.16275200949893587,,10000.0,9456.370065366369,False,-0.027654076116663595
38c12e5e4f6593d8,momentum,240,48,0.0,0,long,1.5,2.0,0.0,72,1000.0,0.02,5,0.06,0.15,5,32,0.0005,0.1,-0.14648573988312674,-0.0015218507039526097,-0.0012744431012166953,-0.061453271580188096,0.04406786232167281,104,0,36,43,25,5,5,116,0.3879310344827586,0.86644914881685,594.8758088000001,412.2567900312679,0,1.8293753326037259,0.3363751806099612,,10000.0,8535.142601168733,False,-0.07639136179901185
e4ba1044d599c883,momentum,240,48,0.0,0,long,2.5,4.0,0.0,72,1000.0,0.02,5,0.06,0.15,5,32,0.0005,0.1,-0.24544238232202076,-0.002704256492084278,-0.002557115930079051,-0.042824393043302655,0.050127192005685384,104,0,36,45,23,5,7,101,0.40594059405940597,0.6816386810891293,331.3545218499999,341.6568013702076,0,1.1566656420481094,0.33973381393984226,,10000.0,7545.576176779792,False,-0.13176466247122554
1f1c5c4e5b47518d,momentum,240,48,0.0,0,long,3.0,6.0,0.0,72,1000.0,0.02,5,0.06,0.15,5,32,0.0005,0.1,-0.2607699571403187,-0.0029010349677413005,-0.002796501383510064,-0.039636266987980395,0.036038475113777446,104,0,38,43,23,5,7,97,0.422680412371134,0.601354648671535,274.03881840000014,291.5543530031833,0,1.0637679598953043,0.29837132082471596,,10000.0,7392.300428596813,False,-0.14065837961615624
127885b2bd1e9af0,momentum,240,48,0.0,0,long,2.5,8.0,2.0,72,1000.0,0.02,5,0.06,0.15,5,32,0.0005,0.1,-0.27737785290927064,-0.003118864777571284,-0.0029765941090148604,-0.042912283282588115,0.04312278699070249,104,0,35,46,23,5,7,102,0.38235294117647056,0.6481163694392419,330.9233683,341.38516079271517,0,1.155870293893489,0.3420371429633291,,10000.0,7226.221470907293,False,-0.15039935505650304
6c45c6d1e218a6b7,momentum,240,48,0.0,0,long,4.0,8.0,3.0,72,1000.0,0.02,5,0.06,0.15,5,32,0.0005,0.1,-0.18721113590725058,-0.0019911295175470967,-0.0019288765402428688,-0.03636678374035063,0.027382252778263005,104,0,36,45,23,5,7,94,0.43617021276595747,0.6226613259287137,210.50077960000016,230.16177947250137,0,0.8125741837782826,0.2157710298090637,,10000.0,8127.888640927494,False,-0.09877085368753036
d3f3d2bc87e3688c,momentum,240,48,0.0,200,both,1.5,2.0,0.0,72,1000.0,0.02,5,0.06,0.15,5,32,0.0005,0.1,-0.036431858605575185,-0.0003567831728631399,-0.00011451835817742831,-0.053702960317532744,0.0641253844608074,104,0,36,43,25,5,6,117,0.42735042735042733,0.968112834664805,705.5404485000003,229.77113755575104,0,1.7389820567981047,0.1615622825010159,,10000.0,9635.681413944249,False,-0.018447106004998215
d3aaff1b4962bc82,momentum,240,48,0.0,200,both,2.5,4.0,0.0,72,1000.0,0.02,5,0.06,0.15,5,32,0.0005,0.1,-0.07377744809059317,-0.0007366586911308204,-0.0005792722378089407,-0.04263151991526215,0.07402754885101359,104,0,40,39,25,5,6,102,0.47058823529411764,0.894454467005436,392.59638129999996,197.1738996059077,0,1.0962800077840587,0.22409660832506018,,10000.0,9262.225519094069,False,-0.037721311506164534
a1858c64833ca629,momentum,240,48,0.0,200,both,3.0,6.0,0.0,72,1000.0,0.02,5,0.06,0.15,5,32,0.0005,0.1,-0.10365448853753789,-0.0010516516731651215,-0.0009409547773213272,-0.03904999964138656,0.04731389795954399,104,0,43,37,24,4,6,98,0.47959183673469385,0.8223132513987467,310.94537605000005,139.97380932538235,0,1.0656699357694768,0.21724507119747838,,10000.0,8963.455114624621,False,-0.05342155129877424
d100dbeb4325de1a,momentum,240,48,0.0,200,both,2.5,8.0,2.0,72,1000.0,0.02,5,0.06,0.15,5,32,0.0005,0.1,-0.09313127988499958,-0.0009395350921850287,-0.0007931823912747211,-0.042892661957396716,0.05680432289785142,104,0,40,39,25,5,6,102,0.46078431372549017,0.8648483308989036,386.70142814999997,197.05907069997807,0,1.096170893740978,0.22300197613830997,,10000.0,9068.687201150004,False,-0.04786232298140547
3ba7c8bef4eb2798,momentum,240,48,0.0,200,both,4.0,8.0,3.0,72,1000.0,0.02,5,0.06,0.15,5,32,0.0005,0.1,-0.0747244684748628,-0.0007464877191686314,-0.0006864550235396482,-0.030356292577983002,0.03569396726442564,104,0,41,35,28,4,5,87,0.4942528735632184,0.8154990930678101,221.54204570000005,106.2010390486452,0,0.814529953099174,0.1798771168242107,,10000.0,9252.755315251372,False,-0.0382150596161166
a146e5b1c5c85ab2,momentum,240,48,0.0,200,long,1.5,2.0,0.0,72,1000.0,0.02,5,0.06,0.15,5,32,0.0005,0.1,-0.16203333747208648,-0.0016983346704788627,-0.0016075429715043292,-0.04475125254888801,0.03793456529615735,104,0,16,21,67,3,3,53,0.37735849056603776,0.7220218133826658,277.7696672,329.68830752087354,0,1.1211155838698919,0.1851742508832045,,10000.0,8379.666625279135,False,-0.08487095550730128
2b29d4973668d609,momentum,240,48,0.0,200,long,2.5,4.0,0.0,72,1000.0,0.02,5,0.06,0.15,5,32,0.0005,0.1,-0.16781457177341363,-0.0017647870108494779,-0.001708602987178302,-0.042890236164396134,0.03263077060027442,104,0,17,20,67,2,4,44,0.4318181818181818,0.5456312748180427,150.1986895500001,259.145928184109,0,0.6949576419595348,0.19243235946260306,,10000.0,8321.854282265864,False,-0.08804398815183523
0d9d8322ab2621c6,momentum,240,48,0.0,200,long,3.0,6.0,0.0,72,1000.0,0.02,5,0.06,0.15,5,32,0.0005,0.1,-0.12184716399910267,-0.0012485912797067789,-0.0012066725414624586,-0.035557472778958266,0.027077603255537985,104,0,19,18,67,2,4,41,0.4878048780487805,0.5832483007497133,120.6800071,218.589032891027,0,0.5836649663542844,0.140826870134243,,10000.0,8781.528360008973,False,-0.06310969799181942
3cb819859b46b03b,momentum,240,48,0.0,200,long,2.5,8.0,2.0,72,1000.0,0.02,5,0.06,0.15,5,32,0.0005,0.1,-0.16967390956548056,-0.0017862563504883466,-0.0017299523641496584,-0.04262662676725726,0.03226274212841007,104,0,17,20,67,2,4,44,0.4090909090909091,0.5415726329318167,149.80340500000003,258.6656906547834,0,0.6941387199679205,0.19285767773215445,,10000.0,8303.260904345194,False,-0.08906681935099703
487c8fb457d018f6,momentum,240,48,0.0,200,long,4.0,8.0,3.0,72,1000.0,0.02,5,0.06,0.15,5,32,0.0005,0.1,-0.10550765213266045,-0.0010715306037077932,-0.0010444380591153857,-0.02574702512298621,0.02030894684913709,104,0,19,18,67,2,4,40,0.5,0.5516017548865542,89.67862684999999,170.18479447660695,0,0.44145303834638244,0.1156460589093713,,10000.0,8944.923478673396,False,-0.054403906912773525
49b4a3919386695c,momentum,240,48,1.0,0,both,1.5,2.0,0.0,72,1000.0,0.02,5,0.06,0.15,5,32,0.0005,0.1,0.09398590409122565,0.0008641021518542846,0.0011610172067240058,-0.06553692177015591,0.0718984899756876,104,0,39,44,21,5,5,142,0.36619718309859156,1.0752427453490832,900.8982791499998,-13.829220062271855,0,1.738988989562121,0.2733986664695466,,10000.0,10939.859040912257,False,0.04609817782328318
2647dadf68144903,momentum,240,48,1.0,0,both,2.5,4.0,0.0,72,1000.0,0.02,5,0.06,0.15,5,32,0.0005,0.1,0.1768935062792909,0.0015673649694774028,0.0017309257604809524,-0.04784483514584903,0.07011024993253057,104,0,42,43,19,5,5,129,0.3953488372093023,1.2211038080458139,508.84163915000005,6.975198057093056,0,1.0970290818962927,0.1607200889545236,,10000.0,11768.935062792909,False,0.08514884520286459
6fe0d65499623410,momentum,240,48,1.0,0,both,3.0,6.0,0.0,72,1000.0,0.02,5,0.06,0.15,5,32,0.0005,0.1,0.14566037451064084,0.0013083668684974459,0.0014652933676245483,-0.04331372118628285,0.1096239792950453,104,1,38,46,20,5,8,123,0.3821138211382114,1.222185289397384,401.27702295000023,-5.659868056386878,0,0.9264965843630752,0.1598633563385643,,10000.0,11456.603745106408,False,0.07060369665411348
faeafd0fc408ae7d,momentum,240,48,1.0,0,both,2.5,8.0,2.0,72,1000.0,0.02,5,0.06,0.15,5,32,0.0005,0.1,0.08085137168506762,0.0007478664137081648,0.0008861025339802817,-0.047426833586209693,0.053468858387681895,104,0,40,42,22,5,5,126,0.3968253968253968,1.1039771998107182,494.65631110000015,25.07677204934272,0,1.0972448164714028,0.16067079340447832,,10000.0,10808.513716850677,False,0.03977798616762129
e991278acb895b14,momentum,240,48,1.0,0,both,4.0,8.0,3.0,72,1000.0,0.02,5,0.06,0.15,5,32,0.0005,0.1,0.05233613846516261,0.0004906259573194127,0.0005626070011761053,-0.026495059601072235,0.054105382884813924,104,0,35,44,25,5,7,115,0.3739130434782609,1.1119524812976205,287.39110160000007,14.505513748405916,0,0.7059777763446518,0.15510024318901472,,10000.0,10523.361384651625,False,0.025923680001549432
ea9a02d6b1589606,momentum,240,48,1.0,0,long,1.5,2.0,0.0,72,1000.0,0.02,5,0.06,0.15,5,32,0.0005,0.1,-0.0438552800220634,-0.000431118548003373,-0.0002447564435642695,-0.04014973338273331,0.044602441018906536,104,0,31,35,38,5,6,81,0.4074074074074074,0.9435551336864271,457.6625716,282.7758286206331,0,1.431490167060189,0.25973581966328296,,10000.0,9561.447199779366,False,-0.022248311448393787
970f06e55fc3a49c,momentum,240,48,1.0,0,long,2.5,4.0,0.0,72,1000.0,0.02,5,0.06,0.15,5,32,0.0005,0.1,-0.14489882301247414,-0.0015040166910593733,-0.0013775723561757363,-0.039636293401806855,0.05344181895907596,104,0,32,35,37,5,9,73,0.3972602739726027,0.7351318258140905,247.01600385000006,230.46852627475417,0,0.8942103831876895,0.269947669607125,,10000.0,8551.011769875258,False,-0.07553020889545148
b2881d3bb85b6a46,momentum,240,48,1.0,0,long,3.0,6.0,0.0,72,1000.0,0.02,5,0.06,0.15,5,32,0.0005,0.1,-0.14940804557103748,-0.0015547781062154042,-0.0014540140084785408,-0.04006995433028138,0.04497403419507018,104,0,31,36,37,5,9,70,0.4,0.6789438534090145,200.50852255,196.888233160375,0,0.7522175537519051,0.25467417447533736,,10000.0,8505.919544289625,False,-0.07797926389791376
a48616edb0e563f8,momentum,240,48,1.0,0,long,2.5,8.0,2.0,72,1000.0,0.02,5,0.06,0.15,5,32,0.0005,0.1,-0.1702223324661527,-0.0017925979554718197,-0.001664596418757125,-0.039636293401806855,0.053424159593105536,104,0,31,36,37,5,9,74,0.3783783783783784,0.6993780663829852,247.66613750000002,230.70898716153792,0,0.8939141401177654,0.27660678327958466,,10000.0,8297.776675338473,False,-0.08936872749667557
1eadd2006ef7dd4e,momentum,240,48,1.0,0,long,4.0,8.0,3.0,72,1000.0,0.02,5,0.06,0.15,5,32,0.0005,0.1,-0.11504971939823094,-0.0011745386856167883,-0.0011136469577443476,-0.036545512745655206,0.03421460544262245,104,0,32,36,36,5,9,69,0.4057971014492754,0.681907975383594,153.30127890000003,152.31791508228852,0,0.571963790834769,0.19479574631630603,,10000.0,8849.50280601769,False,-0.05947825608232049
7f427b1bf9721e08,momentum,240,48,1.0,200,both,1.5,2.0,0.0,72,1000.0,0.02,5,0.06,0.15,5,32,0.0005,0.1,-0.038466806246619134,-0.0003771037983355541,-0.00018011823852742586,-0.06577735783759431,0.06415743449739586,104,0,31,40,33,5,6,90,0.4444444444444444,0.9561152250133043,546.3152038000002,153.65585866616746,0,1.7381245807001962,0.16465188799388963,,10000.0,9615.331937533809,False,-0.019487656442046863
8b435f2a57a2c83f,momentum,240,48,1.0,200,both,2.5,4.0,0.0,72,1000.0,0.02,5,0.06,0.15,5,32,0.0005,0.1,-0.07406070244939944,-0.0007395975155758405,-0.0006053372523679104,-0.039636293401806855,0.07529400385083207,104,0,33,38,33,5,7,78,0.44871794871794873,0.8756289261288298,301.97856680000007,107.49605769398788,0,1.0961492597234248,0.21650031833432692,,10000.0,9259.392975506005,False,-0.03786896547999963
603d468d2c26fa2a,momentum,240,48,1.0,200,both,3.0,6.0,0.0,72,1000.0,0.02,5,0.06,0.15,5,32,0.0005,0.1,-0.11928657392938025,-0.001220629314830024,-0.0011284340618967492,-0.04006995433028138,0.04191110272041132,104,0,34,38,32,5,7,77,0.45454545454545453,0.769935453111865,240.81794329999997,71.3765959938,0,0.9264599828567164,0.20217834945069424,,10000.0,8807.134260706198,False,-0.06174009890832022
dcd2f398c21a0ab8,momentum,240,48,1.0,200,both,2.5,8.0,2.0,72,1000.0,0.02,5,0.06,0.15,5,32,0.0005,0.1,-0.10314173263069792,-0.0010461585172993892,-0.0009239470642089115,-0.039636293401806855,0.05751685144483565,104,0,32,38,34,5,7,77,0.44155844155844154,0.8228551820543173,293.69344765000005,108.30717865697328,0,1.0962475172944477,0.2164614489966571,,10000.0,8968.582673693021,False,-0.05314991995668383
0f453c22513cfe0a,momentum,240,48,1.0,200,both,4.0,8.0,3.0,72,1000.0,0.02,5,0.06,0.15,5,32,0.0005,0.1,-0.07846348987467922,-0.0007853922096544563,-0.0007296569444426507,-0.03221905254479718,0.031479110415994604,104,0,34,35,35,5,6,71,0.4507042253521127,0.7917689405943212,175.40776115000003,50.61723759679214,0,0.7053925234915006,0.13259435966853816,,10000.0,9215.365101253208,False,-0.040166937680685244
5c10b2b636b676f6,momentum,240,48,1.0,200,long,1.5,2.0,0.0,72,1000.0,0.02,5,0.06,0.15,5,32,0.0005,0.1,-0.05421922718192562,-0.0005358609712903251,-0.00045698166619855733,-0.04033185643529291,0.037977934950418346,104,0,14,17,73,2,3,36,0.4166666666666667,0.8567832714440351,206.961083,216.47898881927452,0,1.1230651984761089,0.10984771719486552,,10000.0,9457.807728180744,False,-0.027579913190611816
fd8039e8aa692f18,momentum,240,48,1.0,200,long,2.5,4.0,0.0,72,1000.0,0.02,5,0.06,0.15,5,32,0.0005,0.1,-0.11773215538933657,-0.0012036941166398973,-0.0011616986608914874,-0.039636293401806855,0.032368101579928865,104,0,15,16,73,2,3,32,0.40625,0.5512641727932812,111.6684355,175.22311839336697,0,0.6941821576994861,0.11810236759966664,,10000.0,8822.678446106635,False,-0.060909644897402804
166f917c6ade305b,momentum,240,48,1.0,200,long,3.0,6.0,0.0,72,1000.0,0.02,5,0.06,0.15,5,32,0.0005,0.1,-0.08775915329446471,-0.0008827950826377773,-0.0008493350522346079,-0.04006995433028138,0.02713169409727456,104,0,15,16,73,2,3,30,0.43333333333333335,0.5838069944117404,89.79497384999998,150.29865909464124,0,0.584360224189317,0.08851712220892582,,10000.0,9122.408467055353,False,-0.045036714811714895
dca4fc38906c336f,momentum,240,48,1.0,200,long,2.5,8.0,2.0,72,1000.0,0.02,5,0.06,0.15,5,32,0.0005,0.1,-0.11773215538933657,-0.0012036941166398973,-0.0011616986608914874,-0.039636293401806855,0.032368101579928865,104,0,15,16,73,2,3,32,0.40625,0.5512641727932812,111.6684355,175.22311839336697,0,0.6941821576994861,0.11810236759966664,,10000.0,8822.678446106635,False,-0.060909644897402804
acec0ec2885ae4c3,momentum,240,48,1.0,200,long,4.0,8.0,3.0,72,1000.0,0.02,5,0.06,0.15,5,32,0.0005,0.1,-0.09292508583711168,-0.0009373511494684683,-0.000912492291613481,-0.03221905254479718,0.02020480074989317,104,0,16,16,72,2,3,30,0.43333333333333335,0.49921292199011136,67.376721,115.01893737109259,0,0.44190331933077853,0.09316454638418126,,10000.0,9070.749141628883,False,-0.04775371624071756
238a531a2fd50431,momentum,240,192,0.0,0,both,1.5,2.0,0.0,72,1000.0,0.02,5,0.06,0.15,5,32,0.0005,0.1,0.2986249991947274,0.002515716924290201,0.0026553621846301784,-0.045379209160048894,0.06604077471441117,104,0,23,20,61,4,5,64,0.390625,1.7237030973889407,397.6872807000002,15.989127352719025,0,1.431522793310901,0.1445455021474077,,10000.0,12986.249991947274,False,0.1400806264991179
0f07fdb338a01456,momentum,240,192,0.0,0,both,2.5,4.0,0.0,72,1000.0,0.02,5,0.06,0.15,5,32,0.0005,0.1,0.24866587675023766,0.002137624572025265,0.002224972930427357,-0.022034702324222777,0.07591817997765604,104,0,20,24,60,3,6,60,0.36666666666666664,1.9343307975110262,236.79142045000006,29.49631204759676,0,1.000245100353102,0.09891835294437556,,10000.0,12486.658767502377,False,0.11786080653124009
58a0fee4461f30e5,momentum,240,192,0.0,0,both,3.0,6.0,0.0,72,1000.0,0.02,5,0.06,0.15,5,32,0.0005,0.1,0.26815509259023695,0.0022868720785436114,0.0023867406388189726,-0.02108845601420939,0.09639158859047292,104,0,20,24,60,3,6,59,0.3559322033898305,2.1785288139352974,200.73496860000006,21.544905497628278,0,0.8434992723839563,0.08283346618220588,,10000.0,12681.55092590237,False,0.12658061085183991
94b4b963ce91498d,momentum,240,192,0.0,0,both,2.5,8.0,2.0,72,1000.0,0.02,5,0.06,0.15,5,32,0.0005,0.1,0.291542940558712,0.0024630049715108626,0.0025864583309406423,-0.020955456213185064,0.13086961619656967,104,1,21,23,60,3,4,60,0.38333333333333336,2.1317051115037335,255.73601215000002,49.71168226288379,0,1.0005918389633446,0.09363079361230942,,10000.0,12915.42940558712,False,0.136957047113216
b7cb7f181df85bc6,momentum,240,192,0.0,0,both,4.0,8.0,3.0,72,1000.0,0.02,5,0.06,0.15,5,32,0.0005,0.1,0.16828961247684981,0.0014967036518505061,0.001535763745566528,-0.01561772561703434,0.055522131530209684,104,0,20,22,62,3,4,58,0.39655172413793105,2.0210639467080593,144.57816325,31.042211981490986,0,0.6416320573853423,0.05282934488495261,,10000.0,11682.896124768498,False,0.0811614403861931
64a812c9948633b3,momentum,240,192,0.0,0,long,1.5,2.0,0.0,72,1000.0,0.02,5,0.06,0.15,5,32,0.0005,0.1,0.0943329068952099,0.0008671542242115748,0.0009340162687750931,-0.022303804721488074,0.037865621407179084,104,0,19,17,68,4,4,35,0.4857142857142857,1.2824944440131398,231.52918154999995,124.89444949791178,0,1.4891989519603224,0.09416330204079248,,10000.0,10943.329068952098,False,0.04626463760241628
222a0e25fecdac15,momentum,240,192,0.0,0,long,2.5,4.0,0.0,72,1000.0,0.02,5,0.06,0.15,5,32,0.0005,0.1,0.017250849845368732,0.00016447259464813513,0.00022037213865117993,-0.020516219770377764,0.05503613105465943,104,0,17,19,68,4,4,31,0.45161290322580644,1.0728277289744035,123.43162834999998,104.76977319630441,0,0.9991773818003179,0.0849844271548964,,10000.0,10172.508498453688,False,0.008617986011042023
45d806b08e04ee84,momentum,240,192,0.0,0,long,3.0,6.0,0.0,72,1000.0,0.02,5,0.06,0.15,5,32,0.0005,0.1,0.06885927085777332,0.0006405125192554539,0.000713999809147256,-0.020423891674522965,0.09679545923294608,104,0,18,18,68,4,4,30,0.4666666666666667,1.3382402423205781,105.95032514999997,93.16426627225141,0,0.8423347397178652,0.07562132565723956,,10000.0,10688.592708577733,False,0.03397401319914439
2a5e60707298dcc5,momentum,240,192,0.0,0,long,2.5,8.0,2.0,72,1000.0,0.02,5,0.06,0.15,5,32,0.0005,0.1,0.12853880327744638,0.0011634041292976072,0.001278973837528738,-0.020146425110062482,0.13008735823157602,104,1,18,18,68,4,4,31,0.45161290322580644,1.566227035766951,130.41645585,104.3484113755311,0,1.0004188569508057,0.0931355511743337,,10000.0,11285.388032774465,False,0.06254633997324266
8b6c78761daef7d0,momentum,240,192,0.0,0,long,4.0,8.0,3.0,72,1000.0,0.02,5,0.06,0.15,5,32,0.0005,0.1,-0.011051206536121794,-0.00010684741422362087,-7.931016517255102e-05,-0.020302633237080703,0.034230071743790225,104,0,18,18,68,4,4,30,0.4666666666666667,0.9353082096432498,75.48578699999999,68.79887836121834,0,0.640985915480049,0.06746959162067567,,10000.0,9889.487934638782,False,-0.00555981551396223
433d0f405035eb5f,momentum,240,192,0.0,200,both,1.5,2.0,0.0,72,1000.0,0.02,5,0.06,0.15,5,32,0.0005,0.1,0.43386220020750366,0.0034711223913195255,0.003605653381612554,-0.04553315959680482,0.06623608093922084,104,0,26,17,61,4,5,62,0.43548387096774194,2.0122874140968534,424.7451904499999,23.313507474958595,0,1.3424195428035646,0.10760357460034808,,10000.0,14338.622002075037,False,0.1981765731857117
1ef13b48f984dd5c,momentum,240,192,0.0,200,both,2.5,4.0,0.0,72,1000.0,0.02,5,0.06,0.15,5,32,0.0005,0.1,0.2731470955501396,0.0023247351624382517,0.0024104752441062058,-0.020969520542540532,0.07599131795097214,104,0,22,22,60,3,4,58,0.41379310344827586,2.0115037227432846,233.26188120000003,44.713763298597485,0,0.9999724406278739,0.08261947971638206,,10000.0,12731.470955501396,False,0.12880335439682877
64a7a1c5a345e1d7,momentum,240,192,0.0,200,both,3.0,6.0,0.0,72,1000.0,0.02,5,0.06,0.15,5,32,0.0005,0.1,0.2902451484668134,0.002453314442662835,0.002552692457300743,-0.020799063004878993,0.09724706905537417,104,0,22,22,60,3,4,57,0.40350877192982454,2.263212163388113,196.5225886000001,33.995126731888,0,0.8437460162503941,0.06948832710286557,,10000.0,12902.451484668134,False,0.1363837245599
29040cf14e48835b,momentum,240,192,0.0,200,both,2.5,8.0,2.0,72,1000.0,0.02,5,0.06,0.15,5,32,0.0005,0.1,0.3132169503877196,0.0026234334087626987,0.0027467384300682626,-0.02124291097970632,0.13105451694219905,104,1,22,22,60,3,4,57,0.40350877192982454,2.18491580442945,246.02447405000007,42.679722072796395,0,1.0004163793101633,0.09374775297677418,,10000.0,13132.169503877196,False,0.14648983459900244
a540f7b1ce4f3423,momentum,240,192,0.0,200,both,4.0,8.0,3.0,72,1000.0,0.02,5,0.06,0.15,5,32,0.0005,0.1,0.1691454686432392,0.001503755597480172,0.0015421428037365554,-0.015592515895410552,0.05547984067607192,104,0,21,21,62,3,4,55,0.41818181818181815,2.0169172723529334,137.33583014999996,26.72898341758711,0,0.6411690195946579,0.052792430970312276,,10000.0,11691.454686432391,False,0.08155873392273283
9a91567763463b95,momentum,240,192,0.0,200,long,1.5,2.0,0.0,72,1000.0,0.02,5,0.06,0.15,5,32,0.0005,0.1,0.11580621748765996,0.0010541822660625755,0.0011265893303075757,-0.022303804721488074,0.037865621407179084,104,0,19,17,68,4,4,34,0.5,1.3697450886039808,216.93183684999997,123.39208827341002,0,1.4596584190802928,0.09416330204079248,,10000.0,11158.062174876599,False,0.05651485981773141
b46c773ef27dd8bf,momentum,240,192,0.0,200,long,2.5,4.0,0.0,72,1000.0,0.02,5,0.06,0.15,5,32,0.0005,0.1,-0.009551738751454097,-9.228083024326317e-05,-4.537379783052199e-05,-0.020539706056594498,0.05503613105465943,104,0,17,19,68,4,4,31,0.45161290322580644,0.9595838739847175,122.079252,101.20553551453285,0,1.0003212068437641,0.0762170355599866,,10000.0,9904.482612485459,False,-0.004803630683787308
8ef585003b8109c3,momentum,240,192,0.0,200,long,3.0,6.0,0.0,72,1000.0,0.02,5,0.06,0.15,5,32,0.0005,0.1,0.044841996629343406,0.00042187429651030506,0.0004891246511133438,-0.022068531573120387,0.09679545923294608,104,0,18,18,68,4,4,30,0.4666666666666667,1.2207706063040416,104.76873989999997,90.00969380655019,0,0.8436828378162655,0.06919410650690139,,10000.0,10448.419966293433,False,0.022251660061269884
a4ade6fbf9887d0b,momentum,240,192,0.0,200,long,2.5,8.0,2.0,72,1000.0,0.02,5,0.06,0.15,5,32,0.0005,0.1,0.08250771027552539,0.0007626012434021057,0.0008665415490535447,-0.020146425110062482,0.13008735823157602,104,1,18,18,68,4,4,31,0.45161290322580644,1.3634551981660359,128.70472665,100.48767059473683,0,1.0003890702836347,0.0931355511743337,,10000.0,10825.077102755255,False,0.040577098750216756
cf66743c81b4b2d7,momentum,240,192,0.0,200,long,4.0,8.0,3.0,72,1000.0,0.02,5,0.06,0.15,5,32,0.0005,0.1,-0.028110245991124216,-0.00027412494738887627,-0.0002503053150395808,-0.02032443404664197,0.03374651554462349,104,0,18,18,68,4,4,30,0.4666666666666667,0.8351277493217103,74.67424219999998,66.58381771124266,0,0.6416742011675094,0.060106296745525034,,10000.0,9718.897540088758,False,-0.01420328321680775
76a246f46307438d,momentum,240,192,1.0,0,both,1.5,2.0,0.0,72,1000.0,0.02,5,0.06,0.15,5,32,0.0005,0.1,0.23839706531388005,0.0020580558005287575,0.0021953074200646294,-0.0572549069745506,0.06613063710752387,104,0,23,19,62,4,9,54,0.42592592592592593,1.5753589023808896,338.7016141499999,6.505432711197918,0,1.4326471549190865,0.2087993989502136,,10000.0,12383.9706531388,False,0.11323908056966903
56862c90a3480244,momentum,240,192,1.0,0,both,2.5,4.0,0.0,72,1000.0,0.02,5,0.06,0.15,5,32,0.0005,0.1,0.24806097834444563,0.0021329554585576282,0.002220147333664559,-0.02923297237667144,0.07595786917420289,104,0,22,20,62,3,4,48,0.4166666666666667,1.980532432830555,203.06798150000003,10.407235055528238,0,0.9993488766593849,0.10982274188484398,,10000.0,12480.609783444457,False,0.11758908360666664
16396982aeb81355,momentum,240,192,1.0,0,both,3.0,6.0,0.0,72,1000.0,0.02,5,0.06,0.15,5,32,0.0005,0.1,0.2616563909712013,0.0022373592925406527,0.00233502120248566,-0.02784780980587187,0.0964546684558516,104,0,22,21,61,3,5,48,0.4166666666666667,2.1577216087356357,173.5314983,6.010391987999977,0,0.8437418763547694,0.09994284893991434,,10000.0,12616.563909712013,False,0.12368045067269451
3aec3ce99ffc1659,momentum,240,192,1.0,0,both,2.5,8.0,2.0,72,1000.0,0.02,5,0.06,0.15,5,32,0.0005,0.1,0.2459641399033785,0.002116752932115995,0.0022413337680410946,-0.029296231641172343,0.1303986853700636,104,1,21,21,62,3,6,48,0.4166666666666667,1.9485174787905697,212.51721664999997,11.694284316219045,0,0.9998348979693422,0.1191379719661334,,10000.0,12459.641399033786,False,0.11664666652884281
2305cbffde3411c9,momentum,240,192,1.0,0,both,4.0,8.0,3.0,72,1000.0,0.02,5,0.06,0.15,5,32,0.0005,0.1,0.153789297118053,0.0013764422609288118,0.0014139954883886086,-0.020901116246844764,0.055684555343463504,104,0,20,19,65,3,6,45,0.4444444444444444,1.9484805416126925,120.85089510000002,9.797533719480068,0,0.6422367021892326,0.06556157645623262,,10000.0,11537.89297118053,False,0.07440813063998863
eaa707cb8b41ea85,momentum,240,192,1.0,0,long,1.5,2.0,0.0,72,1000.0,0.02,5,0.06,0.15,5,32,0.0005,0.1,0.06966378672356477,0.0006477518264480508,0.0007104097590327432,-0.03197915777055049,0.0378436194447791,104,0,18,15,71,4,4,30,0.4666666666666667,1.240506872574164,205.09224555000006,87.03098721435127,0,1.5246468931549189,0.0941678430767251,,10000.0,10696.637867235648,False,0.03436439738460839
7489f7ea4ca90ebf,momentum,240,192,1.0,0,long,2.5,4.0,0.0,72,1000.0,0.02,5,0.06,0.15,5,32,0.0005,0.1,0.03201021458196873,0.00030301286894607316,0.000356305085080888,-0.020528440692135663,0.05465507537979919,104,0,16,17,71,4,4,27,0.4444444444444444,1.1466403996651824,114.90557375,85.94038043030118,0,0.9997725630150764,0.10098769604132596,,10000.0,10320.102145819688,False,0.015933667435454657
1c5ab94aa6ba959d,momentum,240,192,1.0,0,long,3.0,6.0,0.0,72,1000.0,0.02,5,0.06,0.15,5,32,0.0005,0.1,0.08197694245915366,0.0007578819521725233,0.0008291635756349385,-0.020443855923359178,0.09676694548176079,104,0,17,16,71,4,4,26,0.46153846153846156,1.435413641164157,98.49093955000004,77.69213585845219,0,0.8431581175840785,0.09200622667467862,,10000.0,10819.769424591537,False,0.04032109234171721
5204ab119ba987b8,momentum,240,192,1.0,0,long,2.5,8.0,2.0,72,1000.0,0.02,5,0.06,0.15,5,32,0.0005,0.1,0.14728327468893698,0.0013219959301415951,0.0014346501782437797,-0.019966554576912876,0.13005315701524434,104,1,17,16,71,4,4,27,0.48148148148148145,1.7090424454812512,122.04330745,85.72564566061907,0,0.9995078885539792,0.10097669703457413,,10000.0,11472.83274688937,False,0.07136430552593787
1a4318257725b649,momentum,240,192,1.0,0,long,4.0,8.0,3.0,72,1000.0,0.02,5,0.06,0.15,5,32,0.0005,0.1,-0.0020897128958046185,-2.0114214941413522e-05,5.781042331117886e-06,-0.02033653708560712,0.03427894254007824,104,0,17,16,71,4,4,26,0.46153846153846156,0.986843991718988,69.66105855,56.9143704080418,0,0.6420563130551808,0.08469872804402012,,10000.0,9979.102871041954,False,-0.001048969451775572
cd70dc2df241c180,momentum,240,192,1.0,200,both,1.5,2.0,0.0,72,1000.0,0.02,5,0.06,0.15,5,32,0.0005,0.1,0.2093164513638459,0.0018291254643665322,0.001965175565548603,-0.0574119983748681,0.06596771208113705,104,0,23,19,62,4,9,53,0.4339622641509434,1.4966992408599635,329.97620255,4.630583811533928,0,1.3657115083794977,0.21114462298816616,,10000.0,12093.16451363846,False,0.1000460197638866
d9252c69962337eb,momentum,240,192,1.0,200,both,2.5,4.0,0.0,72,1000.0,0.02,5,0.06,0.15,5,32,0.0005,0.1,0.19068434458896055,0.0016795648659237994,0.0017664254577952803,-0.029278192739222608,0.0758765819767826,104,0,21,21,62,3,4,46,0.41304347826086957,1.7277333070130891,188.27780110000003,7.553153010389906,0,0.9996931989142753,0.11125546722506441,,10000.0,11906.843445889606,False,0.09150991777983752
e5a3f82af19354df,momentum,240,192,1.0,200,both,3.0,6.0,0.0,72,1000.0,0.02,5,0.06,0.15,5,32,0.0005,0.1,0.2043579093341341,0.0017895471162912013,0.0018883635145113447,-0.027705160203849277,0.09685897883773253,104,0,21,22,61,3,5,46,0.41304347826086957,1.853946586174004,160.08883194999999,3.157774708652953,0,0.842434815463211,0.10733156699381907,,10000.0,12043.579093341341,False,0.09778075397637975
4b720bb3b8852c4b,momentum,240,192,1.0,200,both,2.5,8.0,2.0,72,1000.0,0.02,5,0.06,0.15,5,32,0.0005,0.1,0.20835372552565867,0.0018214537178562473,0.001946837991794508,-0.029296231641172343,0.13014675877107518,104,1,20,22,62,3,6,46,0.41304347826086957,1.776425497321399,197.65141224999994,6.179432493412793,0,0.9998327640915309,0.1191379719661334,,10000.0,12083.537255256588,False,0.09960656961756764
ae7e6c46a372a38f,momentum,240,192,1.0,200,both,4.0,8.0,3.0,72,1000.0,0.02,5,0.06,0.15,5,32,0.0005,0.1,0.12174299359000496,0.0011052615045996639,0.0011427855420735001,-0.020901116246844764,0.05559465980748168,104,0,19,20,65,3,6,43,0.4418604651162791,1.728441555138446,112.51600669999999,6.110657399961476,0,0.6421965418523019,0.06556157645623262,,10000.0,11217.42993590005,False,0.059331380007609846
18a7c925a915fa29,momentum,240,192,1.0,200,long,1.5,2.0,0.0,72,1000.0,0.02,5,0.06,0.15,5,32,0.0005,0.1,0.0905977988818949,0.0008342514986354743,0.000902481360697302,-0.03197915777055049,0.0378436194447791,104,0,18,15,71,4,4,29,0.4827586206896552,1.3362735967643573,190.8235736000001,85.56383758104877,0,1.4944597966967117,0.0941678430767251,,10000.0,10905.97798881895,False,0.04447149443310772
98455deb5df275e8,momentum,240,192,1.0,200,long,2.5,4.0,0.0,72,1000.0,0.02,5,0.06,0.15,5,32,0.0005,0.1,0.004807730568679558,4.611847055291385e-05,9.042612431524215e-05,-0.02052572852019685,0.05465507537979919,104,0,16,17,71,4,4,27,0.4444444444444444,1.0220824169747478,113.51569815,82.31009616319615,0,0.9996404752870748,0.08756941697496912,,10000.0,10048.077305686797,False,0.0024091884522485785
fb85764d31a23a51,momentum,240,192,1.0,200,long,3.0,6.0,0.0,72,1000.0,0.02,5,0.06,0.15,5,32,0.0005,0.1,0.05767067762959677,0.0005392705098641315,0.0006043267695382185,-0.022064051863141754,0.09676694548176079,104,0,17,16,71,4,4,26,0.46153846153846156,1.3071407844422207,97.27192055000003,74.48580315402103,0,0.8431520081109521,0.08061256350210066,,10000.0,10576.706776295967,False,0.028529593152507804
4baa9c590eefa4e9,momentum,240,192,1.0,200,long,2.5,8.0,2.0,72,1000.0,0.02,5,0.06,0.15,5,32,0.0005,0.1,0.10050068429520143,0.0009212437363825821,0.001022334205610081,-0.019966554576912876,0.13005315701524434,104,1,17,16,71,4,4,27,0.48148148148148145,1.4838244608269926,120.31002,81.8039370479761,0,1.0001341098285677,0.09311388296246337,,10000.0,11005.006842952014,False,0.04921898898338184
28128cce05fa05ae,momentum,240,192,1.0,200,long,4.0,8.0,3.0,72,1000.0,0.02,5,0.06,0.15,5,32,0.0005,0.1,-0.019320361376593764,-0.00018757316445605632,-0.00016540975600386093,-0.02030815535207786,0.033711299676978834,104,0,17,16,71,4,4,26,0.46153846153846156,0.8780697944745754,68.81217790000002,54.66183586593971,0,0.6411602572954912,0.0774597660090699,,10000.0,9806.796386234062,False,-0.009740270074199864
ff5bb06b4da1ff5b,pullback,15,48,0.0,200,both,1.5,2.0,0.0,72,1000.0,0.02,5,0.06,0.15,5,32,0.0005,0.1,-0.9058237361459998,-0.02246109138402852,-0.02088678655277134,-0.14848018633476634,0.16211569221973465,104,2,32,72,0,12,12,732,0.3319672131147541,0.7487850590444296,5337.703973750012,310.5818877099609,0,4.999071956488166,0.9144801139254495,,10000.0,941.7626385400029,False,-0.6943534324949396
f2ba9558a1343e1f,pullback,15,48,0.0,200,both,2.5,4.0,0.0,72,1000.0,0.02,5,0.06,0.15,5,32,0.0005,0.1,-0.7712049626028932,-0.014081915884627816,-0.011725837717549814,-0.14872238079200706,0.1726671208629138,104,6,39,65,0,7,7,442,0.21040723981900453,0.7692941515453,2905.5481267999967,578.5946992289146,0,4.792084358979335,0.7877888283956661,,10000.0,2287.9503739710685,False,-0.5228773345663731
a2040a77d31247c6,pullback,15,48,0.0,200,both,3.0,6.0,0.0,72,1000.0,0.02,5,0.06,0.15,5,32,0.0005,0.1,-0.5889102470591939,-0.008511109361812208,-0.006069518704381349,-0.1456897662494776,0.2470066274467777,104,8,40,64,0,9,9,363,0.209366391184573,0.8309227422870742,2731.8836253500035,587.1661452419173,0,4.23474272071137,0.6559728226699726,,10000.0,4110.897529408061,False,-0.359809213569671
5ee4848f1a100dc6,pullback,15,48,0.0,200,both,2.5,8.0,2.0,72,1000.0,0.02,5,0.06,0.15,5,32,0.0005,0.1,-0.7930630064156834,-0.015033362319074373,-0.012683750383155805,-0.12822658306561974,0.1888574432340011,104,10,37,67,0,7,7,534,0.2883895131086142,0.7617109350027047,3613.7989004499996,481.15366370683233,0,4.796553371218528,0.8093765197359223,,10000.0,2069.369935843166,False,-0.5463181684732701
0a55e0acd053993c,pullback,15,48,0.0,200,both,4.0,8.0,3.0,72,1000.0,0.02,5,0.06,0.15,5,32,0.0005,0.1,-0.3896034035279682,-0.004735352456777475,-0.0032082734885965614,-0.1001877262807801,0.17071728803351838,104,7,40,64,0,9,9,312,0.27564102564102566,0.8591344290367653,2037.4259573500008,512.4063779296891,0,3.4334453176640505,0.5586886177902012,,10000.0,6103.965964720318,False,-0.2193791457458918
2391d289668ecc4a,pullback,15,48,0.0,200,long,1.5,2.0,0.0,72,1000.0,0.02,5,0.06,0.15,5,32,0.0005,0.1,-0.6784598981924814,-0.010850635307889767,-0.010212755401434117,-0.11638007571362974,0.09951101824014197,104,0,29,60,15,9,9,358,0.33798882681564246,0.7696575063501837,4900.214352749997,580.305129174789,0,4.723014446726011,0.6989556942256654,,10000.0,3215.4010180751857,False,-0.43405196609382113
bdafabc251633e00,pullback,15,48,0.0,200,long,2.5,4.0,0.0,72,1000.0,0.02,5,0.06,0.15,5,32,0.0005,0.1,-0.567102957162448,-0.00801821351646137,-0.007057486321177881,-0.08739023160129478,0.1440559694215906,104,3,32,58,14,6,8,214,0.20093457943925233,0.7708957000684011,2231.2927088000024,1070.2392628244556,0,3.40066950594526,0.5859800699793098,,10000.0,4328.97042837552,False,-0.3429903990472042
1fa378e700acb82d,pullback,15,48,0.0,200,long,3.0,6.0,0.0,72,1000.0,0.02,5,0.06,0.15,5,32,0.0005,0.1,-0.39132327769682373,-0.0047623544907059445,-0.003648096257468666,-0.07690645703607168,0.19302962774262133,104,4,30,60,14,7,8,177,0.192090395480226,0.8239149161924767,1726.2442672000018,1080.524509768229,0,2.6402034076977223,0.4754146577272761,,10000.0,6086.767223031762,False,-0.22048342737206728
4bd1bfe28e962fd7,pullback,15,48,0.0,200,long,2.5,8.0,2.0,72,1000.0,0.02,5,0.06,0.15,5,32,0.0005,0.1,-0.42913622566431464,-0.005375927239209433,-0.004299986210076954,-0.07698802232058666,0.18902302547119554,104,5,30,59,15,7,8,257,0.29571984435797666,0.827748774296402,2966.6081598499977,954.8157967931261,0,3.056110687023482,0.4830494045738568,,10000.0,5708.637743356854,False,-0.24516729499316992
ae751280162685d5,pullback,15,48,0.0,200,long,4.0,8.0,3.0,72,1000.0,0.02,5,0.06,0.15,5,32,0.0005,0.1,-0.2631384983692121,-0.0029318027540264913,-0.0023701362431542286,-0.0561274456790104,0.11941908915218713,104,2,32,59,13,5,7,149,0.2684563758389262,0.840080317850991,1158.3166157999992,917.9509678921114,0,1.9977518146423048,0.3589233798086924,,10000.0,7368.615016307879,False,-0.1420408766898965
d7c647508f6dc01a,pullback,15,48,1.0,200,both,1.5,2.0,0.0,72,1000.0,0.02,5,0.06,0.15,5,32,0.0005,0.1,-0.885008983858616,-0.020582358812348822,-0.019601384583152866,-0.12777943236199274,0.09499830651044938,104,0,32,72,0,10,10,483,0.3084886128364389,0.670296402913831,3924.3768545499993,306.1070840361593,0,4.999701814508449,0.8896619520030549,,10000.0,1149.9101614138394,False,-0.6621462357427037
a58db30c7c62e733,pullback,15,48,1.0,200,both,2.5,4.0,0.0,72,1000.0,0.02,5,0.06,0.15,5,32,0.0005,0.1,-0.7790224999362432,-0.014411438837678037,-0.012935729396869424,-0.09491197720137723,0.1707826172034932,104,3,40,64,0,9,9,333,0.2012012012012012,0.6969856685814763,2176.2074014500004,543.9550979124197,0,4.705288260787495,0.7991856911696266,,10000.0,2209.7750006375677,False,-0.5311272353319513
6f1f729c160fdef3,pullback,15,48,1.0,200,both,3.0,6.0,0.0,72,1000.0,0.02,5,0.06,0.15,5,32,0.0005,0.1,-0.542172518615569,-0.0074839971089165624,-0.005672385703134358,-0.12736810786861608,0.17452784568959911,104,7,38,66,0,10,10,287,0.20557491289198607,0.8125843895533118,2222.907837949998,581.8002482057059,0,3.7127821379205024,0.6634151311303067,,10000.0,4578.27481384431,False,-0.32427211931658284
e3a40c0f94d2a4b0,pullback,15,48,1.0,200,both,2.5,8.0,2.0,72,1000.0,0.02,5,0.06,0.15,5,32,0.0005,0.1,-0.7698706514238329,-0.014026788569262427,-0.012414883365050726,-0.11196261823683373,0.18899109048887897,104,5,31,73,0,12,12,384,0.2708333333333333,0.7019213118715661,2789.6127064500015,462.05470778831574,0,4.705234838713904,0.7840656851086593,,10000.0,2301.2934857616706,False,-0.5214833407572922
5c3eb5c38edb8c91,pullback,15,48,1.0,200,both,4.0,8.0,3.0,72,1000.0,0.02,5,0.06,0.15,5,32,0.0005,0.1,-0.44475799528455173,-0.00564125127413595,-0.004525689755389621,-0.10356320836547472,0.1594634552118357,104,5,35,69,0,10,10,252,0.2698412698412698,0.8289179422671801,1846.7310380999993,613.4625147455213,0,3.0747229476582567,0.5936242707908823,,10000.0,5552.420047154483,False,-0.25560224122167396
72682c279d5a6897,pullback,15,48,1.0,200,long,1.5,2.0,0.0,72,1000.0,0.02,5,0.06,0.15,5,32,0.0005,0.1,-0.6612973368009647,-0.010355933598033329,-0.009840548512702992,-0.09211461069869464,0.1129969339133603,104,1,28,56,20,4,8,259,0.3127413127413127,0.709694171468871,3573.144222,455.46794600961783,0,4.721977276761089,0.6795379748139609,,10000.0,3387.0266319903535,False,-0.41909270186099035
b262b7f2f2dd38a9,pullback,15,48,1.0,200,long,2.5,4.0,0.0,72,1000.0,0.02,5,0.06,0.15,5,32,0.0005,0.1,-0.5422511909691434,-0.0074856371752795026,-0.006598376143016477,-0.07755207626797278,0.14410816887501543,104,3,31,54,19,5,7,173,0.1907514450867052,0.7326048162587802,1763.4675766999999,847.4395329914008,0,3.2648254047922265,0.6010033638486054,,10000.0,4577.488090308566,False,-0.32433037799725106
76726f2df8839eaa,pullback,15,48,1.0,200,long,3.0,6.0,0.0,72,1000.0,0.02,5,0.06,0.15,5,32,0.0005,0.1,-0.21715303895963167,-0.0023512512197688684,-0.0012334479938566538,-0.0770415726653434,0.17467451373257448,104,6,30,55,19,8,11,156,0.19230769230769232,0.9050268063078731,1753.2257735499993,1017.1511160462937,0,2.6413557448454092,0.4656480351365335,,10000.0,7828.469610403683,False,-0.11558322770984719
d681e5e317c61b17,pullback,15,48,1.0,200,long,2.5,8.0,2.0,72,1000.0,0.02,5,0.06,0.15,5,32,0.0005,0.1,-0.5102805108941599,-0.006841131827299063,-0.005917589067129253,-0.0942715226728078,0.18895545856066343,104,4,27,57,20,6,7,203,0.27586206896551724,0.7398564134451994,2174.3190670999998,710.6570418415968,0,3.187784189786108,0.5693055500197985,,10000.0,4897.1948910584015,False,-0.3010525616323766
9ec90faa7b32600c,pullback,15,48,1.0,200,long,4.0,8.0,3.0,72,1000.0,0.02,5,0.06,0.15,5,32,0.0005,0.1,0.04467743394775492,0.00042035911574300755,0.0009913334450138477,-0.05321140730927909,0.11970843771974438,104,3,35,52,17,7,8,126,0.29365079365079366,1.0245965584055634,1322.6258286500004,1051.8141318724447,0,2.0239902650585764,0.30142546444290774,,10000.0,10446.77433947755,False,0.022170879748532935
7b49b0eb33a2e3d4,pullback,60,48,0.0,200,both,1.5,2.0,0.0,72,1000.0,0.02,5,0.06,0.15,5,32,0.0005,0.1,-0.5353873125620302,-0.007343587264178053,-0.006691085219252231,-0.08034632051408341,0.08416648387794368,104,0,35,63,6,8,8,197,0.29949238578680204,0.7202036007322058,1495.9661007500015,199.01992487029193,0,4.796567944018275,0.572701371391916,,10000.0,4646.126874379698,False,-0.3192661501693975
8df8313b64e95987,pullback,60,48,0.0,200,both,2.5,4.0,0.0,72,1000.0,0.02,5,0.06,0.15,5,32,0.0005,0.1,-0.059366916281553106,-0.0005883089658338392,7.288733683259077e-05,-0.07444233769226882,0.11839623519654507,104,1,36,63,5,8,8,145,0.3310344827586207,0.9661345632217513,993.9322512000005,304.68331161553573,0,2.587038118661535,0.28031654354830104,,10000.0,9406.330837184469,False,-0.030238897711079016
63a65c9f49fc6a22,pullback,60,48,0.0,200,both,3.0,6.0,0.0,72,1000.0,0.02,5,0.06,0.15,5,32,0.0005,0.1,-0.2735579266690783,-0.0030683266215104643,-0.0025440030524850996,-0.07363666618774911,0.09184940775942896,104,0,36,64,4,8,8,139,0.35251798561151076,0.798604516197407,695.9388364999999,326.06443019077136,0,2.8870076349984073,0.40673085309412027,,10000.0,7264.420733309217,False,-0.1481490695791633
e50483e5d53b3b89,pullback,60,48,0.0,200,both,2.5,8.0,2.0,72,1000.0,0.02,5,0.06,0.15,5,32,0.0005,0.1,-0.17696278458634385,-0.0018708809865981557,-0.0013372439878763809,-0.058150607917210495,0.0979073694261321,104,0,36,63,5,8,8,151,0.3509933774834437,0.8881855362106782,969.9404581000002,357.4707877634465,0,2.9540422920638068,0.3300755371463566,,10000.0,8230.372154136561,False,-0.09308751546813676
84aa3a1c0799035c,pullback,60,48,0.0,200,both,4.0,8.0,3.0,72,1000.0,0.02,5,0.06,0.15,5,32,0.0005,0.1,-0.054539460520229066,-0.000539115459977646,-0.00021792945108200533,-0.041912223125132986,0.0800851115959258,104,0,43,57,4,8,8,129,0.4496124031007752,0.9513630408357353,580.9292974999998,258.6029077022992,0,2.2808222922089736,0.2325957298660224,,10000.0,9454.605394797709,False,-0.027745115666540254
6d2dbbb3baee0c08,pullback,60,48,0.0,200,long,1.5,2.0,0.0,72,1000.0,0.02,5,0.06,0.15,5,32,0.0005,0.1,-0.35874627101330137,-0.004263290757289595,-0.00405322341583337,-0.0562943371304625,0.06867572414903278,104,0,16,34,54,3,5,79,0.26582278481012656,0.6336347070981183,799.13318465,303.14282548300463,0,2.7487678411693848,0.4085099846984652,,10000.0,6412.537289866987,False,-0.19982384792814578
802bc141b47dcf30,pullback,60,48,0.0,200,long,2.5,4.0,0.0,72,1000.0,0.02,5,0.06,0.15,5,32,0.0005,0.1,-0.20123016504856384,-0.0021580760856916292,-0.0018583596008779368,-0.05584146504659726,0.1185624746740126,104,1,14,36,54,3,11,59,0.2542372881355932,0.7422678926400855,404.20213190000004,430.1843185856364,0,1.78842723176948,0.33983726716242624,,10000.0,7987.698349514361,False,-0.1066034153953399
4ae466809dc8011b,pullback,60,48,0.0,200,long,3.0,6.0,0.0,72,1000.0,0.02,5,0.06,0.15,5,32,0.0005,0.1,-0.22605969432734485,-0.0024610103212954204,-0.0022131596867658405,-0.05579584846617269,0.09185815182331991,104,0,15,35,54,3,11,59,0.2711864406779661,0.6854113638842424,328.01319309999997,445.47055017344184,0,1.5228910995383287,0.34132329152556695,,10000.0,7739.403056726552,False,-0.12064591395604551
d5d6a060361fdde7,pullback,60,48,0.0,200,long,2.5,8.0,2.0,72,1000.0,0.02,5,0.06,0.15,5,32,0.0005,0.1,-0.26862609734949816,-0.003003465692098861,-0.0027506686938637013,-0.05610986678842267,0.0979940444661418,104,0,14,36,54,3,11,63,0.2857142857142857,0.6510181233165978,415.5047425000001,466.94683099497524,0,1.7891203914002891,0.3960940845327974,,10000.0,7313.739026505018,False,-0.1452524740997545
b10d56d17074cd5c,pullback,60,48,0.0,200,long,4.0,8.0,3.0,72,1000.0,0.02,5,0.06,0.15,5,32,0.0005,0.1,-0.17617881428239812,-0.001861743457867604,-0.0017013525761095255,-0.041851547130473565,0.06941328899652288,104,0,16,34,54,2,5,56,0.3392857142857143,0.7022204133116348,243.3728828,379.5058600239965,0,1.173361968510909,0.2605694111055774,,10000.0,8238.211857176018,False,-0.09265421174888877
302174afdf1ef406,pullback,60,48,1.0,200,both,1.5,2.0,0.0,72,1000.0,0.02,5,0.06,0.15,5,32,0.0005,0.1,-0.5580303285171975,-0.00782035694778771,-0.007420107037832967,-0.08036650833054793,0.08097274518041009,104,0,25,56,23,5,8,135,0.25925925925925924,0.5725151293047298,953.2032074000005,167.10667777197767,0,2.7500677514780483,0.5928009342557827,,10000.0,4419.6967148280255,False,-0.3361178150155494
020909425ac7c55a,pullback,60,48,1.0,200,both,2.5,4.0,0.0,72,1000.0,0.02,5,0.06,0.15,5,32,0.0005,0.1,-0.20830149370694273,-0.0022433897689619897,-0.0017578967051623058,-0.05605896050162307,0.11797105752952874,104,1,24,58,22,6,10,109,0.3211009174311927,0.8265832586795878,655.7738454000003,271.54429166942236,0,1.7882326620455071,0.42388921343134534,,10000.0,7916.985062930573,False,-0.1105802238517748
d72b7d6cd5c23c3b,pullback,60,48,1.0,200,both,3.0,6.0,0.0,72,1000.0,0.02,5,0.06,0.15,5,32,0.0005,0.1,-0.27663340157467586,-0.003108994857803915,-0.0027296220436207512,-0.056014662688594785,0.09169979751139867,104,0,26,57,21,8,10,104,0.34615384615384615,0.7463337392124318,525.6353957000001,301.07122004672675,0,1.5228684027993546,0.44012300483591615,,10000.0,7233.665984253242,False,-0.14996034104910017
a160ac030ee63761,pullback,60,48,1.0,200,both,2.5,8.0,2.0,72,1000.0,0.02,5,0.06,0.15,5,32,0.0005,0.1,-0.31752730438593657,-0.003666653264579378,-0.0032677126585786945,-0.056090433298231934,0.09784731587249795,104,0,24,58,22,6,10,112,0.32142857142857145,0.7203452444036735,624.9788985000001,316.3209453593689,0,1.7887077035610066,0.4493864058241138,,10000.0,6824.726956140634,False,-0.17441941985252785
74218e197be4c6db,pullback,60,48,1.0,200,both,4.0,8.0,3.0,72,1000.0,0.02,5,0.06,0.15,5,32,0.0005,0.1,-0.22957813276227568,-0.0025047140583021044,-0.00228683362139365,-0.041851547130473565,0.06880352040225879,104,0,29,53,22,8,8,97,0.4020618556701031,0.734539339078018,377.19593839999993,240.13478922274345,0,1.1737007883167103,0.36217057583358103,,10000.0,7704.218672377243,False,-0.12265384572475058
5ef0e243048e2e36,pullback,60,48,1.0,200,long,1.5,2.0,0.0,72,1000.0,0.02,5,0.06,0.15,5,32,0.0005,0.1,-0.3133231835536965,-0.0036078177137265355,-0.0034382168753161915,-0.0562722809714955,0.06870549229882128,104,0,12,31,61,3,4,62,0.25806451612903225,0.6178439893252219,666.3024105000001,232.50942503695558,0,2.748933804300263,0.3796444271301096,,10000.0,6866.768164463035,False,-0.17187180193681828
d37c431ed3fb6ffd,pullback,60,48,1.0,200,long,2.5,4.0,0.0,72,1000.0,0.02,5,0.06,0.15,5,32,0.0005,0.1,-0.13006346938279623,-0.0013388627619566051,-0.0010591879935923749,-0.05609367911470642,0.11807092474467651,104,1,12,31,61,2,9,50,0.28,0.8102854139146167,375.77266940000004,362.5376244279548,0,1.7876838360742475,0.28370629004996917,,10000.0,8699.365306172038,False,-0.06751789595936297
a5de87cc3d1c7477,pullback,60,48,1.0,200,long,3.0,6.0,0.0,72,1000.0,0.02,5,0.06,0.15,5,32,0.0005,0.1,-0.16025497631596952,-0.0016779846113657015,-0.0014532009940518619,-0.05582729976588119,0.09169379153697155,104,0,11,32,61,4,9,48,0.2916666666666667,0.7376556796741836,292.9302435000002,392.8277196596768,0,1.5229225952655796,0.2879724077074126,,10000.0,8397.450236840305,False,-0.0838970966025353
706516897038da77,pullback,60,48,1.0,200,long,2.5,8.0,2.0,72,1000.0,0.02,5,0.06,0.15,5,32,0.0005,0.1,-0.21516652957845073,-0.002326939654254123,-0.0021075767885973453,-0.05606255163406759,0.09755058108290315,104,0,12,31,61,2,9,52,0.3076923076923077,0.6795249977725282,371.20897220000006,397.46732358449566,0,1.7887496069892366,0.35487573916462534,,10000.0,7848.334704215493,False,-0.11445798466140678
43ed5a4bb320dd1f,pullback,60,48,1.0,200,long,4.0,8.0,3.0,72,1000.0,0.02,5,0.06,0.15,5,32,0.0005,0.1,-0.13610518749406475,-0.001405782714055115,-0.0012627754367330922,-0.041851547130473565,0.06921562568712658,104,0,13,30,61,2,7,46,0.34782608695652173,0.7252197220082347,210.09434405000005,331.3012308906559,0,1.1734157420862559,0.22652076578675617,,10000.0,8638.948125059353,False,-0.0707726393845558
04f72f396e94c347,pullback,240,48,0.0,200,both,1.5,2.0,0.0,72,1000.0,0.02,5,0.06,0.15,5,32,0.0005,0.1,0.33003655714212043,0.0027461332391038873,0.002919598222838775,-0.03955099723715827,0.044907706161411376,104,0,31,27,46,3,4,75,0.5066666666666667,1.4077872302221255,568.55994605,85.35038252878525,0,1.315543471648299,0.08353740170256585,,10000.0,13300.365571421204,False,0.15383362448430837
38856ca091566c04,pullback,240,48,0.0,200,both,2.5,4.0,0.0,72,1000.0,0.02,5,0.06,0.15,5,32,0.0005,0.1,0.19424652011277366,0.0017083369652965974,0.0017787734371518538,-0.03423876827101302,0.03770382515509407,104,0,33,25,46,3,4,61,0.6229508196721312,1.5489050541906557,271.5014621500001,83.78543672226766,0,0.8196136754260397,0.08535623905966216,,10000.0,11942.465201127738,False,0.09314700921513852
c4c9f1517053156e,pullback,240,48,0.0,200,both,3.0,6.0,0.0,72,1000.0,0.02,5,0.06,0.15,5,32,0.0005,0.1,0.13276990411067247,0.001199429085649406,0.0012560685874148626,-0.03194399767205569,0.0317191887395174,104,0,34,24,46,3,3,60,0.6333333333333333,1.4288272669857223,217.75963990000008,68.9463189932791,0,0.6897765690035195,0.07920743602327385,,10000.0,11327.699041106725,False,0.06454311704866877
1ae7a6195e751871,pullback,240,48,0.0,200,both,2.5,8.0,2.0,72,1000.0,0.02,5,0.06,0.15,5,32,0.0005,0.1,0.1642564112077598,0.001463402514503942,0.0015316880397319764,-0.03423876827101302,0.03770382515509407,104,0,32,26,46,3,5,61,0.6065573770491803,1.4648501818080695,269.1034332000001,87.64965472240428,0,0.820304990014704,0.08535623905966216,,10000.0,11642.564112077598,False,0.07928724924298369
be7656f7c27d4ddb,pullback,240,48,0.0,200,both,4.0,8.0,3.0,72,1000.0,0.02,5,0.06,0.15,5,32,0.0005,0.1,0.11081331664781402,0.0010110152001043815,0.0010457785481541486,-0.022337026956856132,0.023949178777586067,104,0,34,24,46,3,3,57,0.6491228070175439,1.503778962975495,155.00057815000002,48.068155371854,0,0.5227760981568679,0.05752592574728288,,10000.0,11108.133166478141,False,0.054140346052584
a97877a60cac1c97,pullback,240,48,0.0,200,long,1.5,2.0,0.0,72,1000.0,0.02,5,0.06,0.15,5,32,0.0005,0.1,0.09861343800440237,0.0009047251111902188,0.0009884714701673286,-0.03955099723715827,0.037995004101105456,104,0,14,13,77,3,3,32,0.5,1.2899163313824666,208.37551539999998,178.964704555973,0,1.105687610680448,0.07708330378113193,,10000.0,10986.134380044023,False,0.048315880317863824
e918446dcb9001ec,pullback,240,48,0.0,200,long,2.5,4.0,0.0,72,1000.0,0.02,5,0.06,0.15,5,32,0.0005,0.1,0.0024217260633025983,2.325794748525567e-05,6.20323866031526e-05,-0.03421895944698006,0.03606975121070155,104,0,14,13,77,1,3,28,0.5357142857142857,1.0115266750551057,106.42215455,147.91648481697743,0,0.707336401310551,0.0653788929331115,,10000.0,10024.217260633026,False,0.0012142640652572645
619bba0606afca1b,pullback,240,48,0.0,200,long,3.0,6.0,0.0,72,1000.0,0.02,5,0.06,0.15,5,32,0.0005,0.1,-0.011855757520787713,-0.0001146722465416028,-8.235391510602063e-05,-0.03203825508311309,0.03021898657103983,104,0,14,13,77,1,3,27,0.5555555555555556,0.9341934812213537,84.98447225,122.41360295786843,0,0.5935636887383392,0.06689803460135257,,10000.0,9881.442424792123,False,-0.00596578782427204
0dc600c30b75acce,pullback,240,48,0.0,200,long,2.5,8.0,2.0,72,1000.0,0.02,5,0.06,0.15,5,32,0.0005,0.1,0.0024217260633025983,2.325794748525567e-05,6.20323866031526e-05,-0.03421895944698006,0.03606975121070155,104,0,14,13,77,1,3,28,0.5357142857142857,1.0115266750551057,106.42215455,147.91648481697743,0,0.707336401310551,0.0653788929331115,,10000.0,10024.217260633026,False,0.0012142640652572645
d92eac21ece3990c,pullback,240,48,0.0,200,long,4.0,8.0,3.0,72,1000.0,0.02,5,0.06,0.15,5,32,0.0005,0.1,-0.020541233218491994,-0.00019954872859961892,-0.00017899370594431598,-0.022337026956856132,0.022852458022211142,104,0,14,14,76,2,3,26,0.5769230769230769,0.8598136695311754,60.72533175000001,91.20650043489964,0,0.45114294602052857,0.06308582776659999,,10000.0,9794.58766781508,False,-0.010358965253572827
880ec812c4d11d5e,pullback,240,48,1.0,200,both,1.5,2.0,0.0,72,1000.0,0.02,5,0.06,0.15,5,32,0.0005,0.1,0.0754918272537548,0.0007000340506666536,0.0008344660404377702,-0.03955099723715827,0.05214471672932497,104,0,17,21,66,3,5,45,0.4444444444444444,1.156897560468812,302.3973037,90.83542376244286,0,1.3151622215453145,0.08522601849596012,,10000.0,10754.918272537549,False,0.03718804450145763
72b2d772cef1574e,pullback,240,48,1.0,200,both,2.5,4.0,0.0,72,1000.0,0.02,5,0.06,0.15,5,32,0.0005,0.1,0.09744973954152458,0.0008945255179049205,0.0009425186369800104,-0.02349021829757547,0.037639366913444716,104,0,21,18,65,3,4,41,0.5853658536585366,1.3781169978730021,176.99080214999992,72.78110243475693,0,0.8192577199008471,0.0549938384504467,,10000.0,10974.497395415247,False,0.04775862745963244
cb8be7b727edc66e,pullback,240,48,1.0,200,both,3.0,6.0,0.0,72,1000.0,0.02,5,0.06,0.15,5,32,0.0005,0.1,0.06752485143601361,0.000628493052539536,0.000664969793114206,-0.02276744577761758,0.03169586258346668,104,0,21,18,65,3,4,41,0.5853658536585366,1.3007579630337511,145.01410010000004,59.18558553986837,0,0.6890461575021143,0.0523407996448767,,10000.0,10675.248514360137,False,0.03332617503823876
3b9dc94dc3b8d450,pullback,240,48,1.0,200,both,2.5,8.0,2.0,72,1000.0,0.02,5,0.06,0.15,5,32,0.0005,0.1,0.06988858641899376,0.0006497736866202253,0.0006954051272707606,-0.02349021829757547,0.037639366913444716,104,0,20,19,65,3,4,41,0.5609756097560976,1.2714780778737944,175.37646010000006,76.49187571006262,0,0.8197221912344397,0.0762968547062125,,10000.0,10698.885864189937,False,0.03447345328772222
2f0f050160712e7c,pullback,240,48,1.0,200,both,4.0,8.0,3.0,72,1000.0,0.02,5,0.06,0.15,5,32,0.0005,0.1,0.03685795933265812,0.0003480889072300375,0.00037196804646522194,-0.022337026956856132,0.023857236789620817,104,0,20,18,66,3,4,38,0.6052631578947368,1.2242763878139293,100.07762874999999,45.61547792340878,0,0.5241309939469339,0.04032490371676467,,10000.0,10368.579593326582,False,0.018325130353663788
1303fe55a4fdc248,pullback,240,48,1.0,200,long,1.5,2.0,0.0,72,1000.0,0.02,5,0.06,0.15,5,32,0.0005,0.1,0.022923422396269766,0.00021795286606396402,0.00027720097501035757,-0.03955099723715827,0.05249930601615738,104,0,7,9,88,1,3,19,0.47368421052631576,1.115462814616946,112.41001695000001,133.89225908730643,0,1.1057421323109495,0.08522601849596012,,10000.0,10229.234223962698,False,0.011435892066945286
ad13bcdf30dd896e,pullback,240,48,1.0,200,long,2.5,4.0,0.0,72,1000.0,0.02,5,0.06,0.15,5,32,0.0005,0.1,0.00972250450839085,9.303841522334544e-05,0.00011445683023101424,-0.02349021829757547,0.02521947308634709,104,0,8,9,87,1,3,17,0.5294117647058824,1.0851774775170662,61.85020150000001,119.43095341609252,0,0.7081677633862594,0.05330235649892723,,10000.0,10097.22504508391,False,0.0048660872306649505
0a997698fdbc1b69,pullback,240,48,1.0,200,long,3.0,6.0,0.0,72,1000.0,0.02,5,0.06,0.15,5,32,0.0005,0.1,-0.005106725441802906,-4.92277241128658e-05,-3.1838445735655494e-05,-0.02276744577761758,0.020768977835814884,104,0,8,9,87,1,3,17,0.5294117647058824,0.9527132418571477,51.247094600000004,100.27035981802975,0,0.5935826202084725,0.054348793928438055,,10000.0,9948.932745581971,False,-0.0025653466595276786
9fc01d1f9d61947d,pullback,240,48,1.0,200,long,2.5,8.0,2.0,72,1000.0,0.02,5,0.06,0.15,5,32,0.0005,0.1,0.00972250450839085,9.303841522334544e-05,0.00011445683023101424,-0.02349021829757547,0.02521947308634709,104,0,8,9,87,1,3,17,0.5294117647058824,1.0851774775170662,61.85020150000001,119.43095341609252,0,0.7081677633862594,0.05330235649892723,,10000.0,10097.22504508391,False,0.0048660872306649505
2e36fa6d1a7d8ce3,pullback,240,48,1.0,200,long,4.0,8.0,3.0,72,1000.0,0.02,5,0.06,0.15,5,32,0.0005,0.1,-0.019399034477000865,-0.00018834442577631005,-0.00017588505796081627,-0.022337026956856132,0.015576733376861274,104,0,8,10,86,2,3,17,0.5294117647058824,0.7974625383144242,37.96524260000001,74.27550216999616,0,0.4506382036557957,0.05119806404949545,,10000.0,9806.009655229991,False,-0.009780127278573025
f57a42601f116d28,reversal,15,48,0.0,0,both,1.5,2.0,0.0,72,1000.0,0.02,5,0.06,0.15,5,32,0.0005,0.1,-0.9976971243629299,-0.05672740676673271,-0.05404817758214027,-0.149836251796158,0.16863805546460098,104,1,25,78,1,19,19,1706,0.31359906213364597,0.735799144625616,4281.170021200011,-249.3245775707114,0,4.922995636519107,0.9977268062892061,,10000.0,23.028756370700954,False,-0.9525065904698882
8a40920848a8931c,reversal,15,48,0.0,0,both,2.5,4.0,0.0,72,1000.0,0.02,5,0.06,0.15,5,32,0.0005,0.1,-0.8403449119047587,-0.017487021705146377,-0.013941115306045807,-0.14989960514438427,0.2881799556974345,104,14,42,62,0,8,8,1335,0.3295880149812734,0.8991868994883433,7841.098549649995,-625.2055306023983,0,4.997404215118118,0.8517465411730332,,10000.0,1596.5508809524129,False,-0.6016806272347035
5bb01636c255324c,reversal,15,48,0.0,0,both,3.0,6.0,0.0,72,1000.0,0.02,5,0.06,0.15,5,32,0.0005,0.1,-0.7754879432354377,-0.014261044327948613,-0.011469061432511158,-0.1450418483813326,0.22904147958459875,104,10,42,62,0,6,6,1170,0.38290598290598293,0.8924834651042683,6238.355737,-591.9527046456079,0,4.994285378066607,0.7875671989075946,,10000.0,2245.1205676456234,False,-0.5273794785453222
71d3fba61fd19538,reversal,15,48,0.0,0,both,2.5,8.0,2.0,72,1000.0,0.02,5,0.06,0.15,5,32,0.0005,0.1,-0.8833506990613507,-0.020447510081904485,-0.01722335398669554,-0.14976787360020383,0.21509648762877887,104,9,46,58,0,8,8,1410,0.32695035460992905,0.8848405242868501,7743.352565900002,-656.4357752864848,0,4.999842124721118,0.8967131217828439,,10000.0,1166.4930093864928,False,-0.659710546543208
7b9f46ec9480dce1,reversal,15,48,0.0,0,both,4.0,8.0,3.0,72,1000.0,0.02,5,0.06,0.15,5,32,0.0005,0.1,-0.6123197395872169,-0.009069909786043828,-0.007271325382303779,-0.14297157681006367,0.16401762676947684,104,3,45,59,0,6,6,979,0.466802860061287,0.9054002884904137,5165.4819245000135,-508.7011286278303,0,4.996791360866773,0.6197286554870615,,10000.0,3876.802604127831,False,-0.3783664012809924
5127e939b83a690c,reversal,15,48,0.0,0,long,1.5,2.0,0.0,72,1000.0,0.02,5,0.06,0.15,5,32,0.0005,0.1,-0.9769600886467935,-0.03560572603814072,-0.03387515405343492,-0.14920770504795888,0.08010532362716138,104,0,31,72,1,14,14,1050,0.3142857142857143,0.6943111412649673,3675.2377504999936,467.6227359679184,0,4.995722455028696,0.9774098567102751,,10000.0,230.39911353206526,False,-0.849184632225662
59a6c4d5f14e05c6,reversal,15,48,0.0,0,long,2.5,4.0,0.0,72,1000.0,0.02,5,0.06,0.15,5,32,0.0005,0.1,-0.8654660743015614,-0.01910305294497594,-0.016374183862930675,-0.1491399708433373,0.20828792333224655,104,9,36,67,1,10,10,596,0.21644295302013422,0.8192270892988438,3555.1990162499983,1754.5570267656062,0,4.993820481767103,0.913136809202653,,10000.0,1345.339256984386,False,-0.6344649234178799
5da3f2ad14e3968c,reversal,15,48,0.0,0,long,3.0,6.0,0.0,72,1000.0,0.02,5,0.06,0.15,5,32,0.0005,0.1,-0.7142072767885806,-0.011970929824736798,-0.009181275876872936,-0.14898584752217325,0.273457380284021,104,7,41,63,0,7,7,483,0.2318840579710145,0.870314626119433,3720.6047196999966,2098.3032481858218,0,4.996917152700506,0.8326666096342034,,10000.0,2857.9272321141934,False,-0.46654571357317687
e6ff96615bd5c972,reversal,15,48,0.0,0,long,2.5,8.0,2.0,72,1000.0,0.02,5,0.06,0.15,5,32,0.0005,0.1,-0.8164166096708158,-0.016166797995887272,-0.013290574893436252,-0.149722295763013,0.2142260871078776,104,8,39,64,1,10,10,737,0.2700135685210312,0.8551421777225806,5328.099683499998,1890.7908132081895,0,4.998133306903603,0.8768949288313302,,10000.0,1835.8339032918427,False,-0.5727714622202664
46bf6ae15b7dcd57,reversal,15,48,0.0,0,long,4.0,8.0,3.0,72,1000.0,0.02,5,0.06,0.15,5,32,0.0005,0.1,-0.777830269801037,-0.01436044512305834,-0.012789119881184752,-0.12568087777038706,0.17031051189673985,104,3,39,65,0,12,12,409,0.2713936430317848,0.7755846039613536,1902.0927309000026,1452.550767110368,0,4.996436287248425,0.8184367209250137,,10000.0,2221.69730198963,False,-0.5298597750252925
353060af8f6e316f,reversal,15,48,1.0,0,both,1.5,2.0,0.0,72,1000.0,0.02,5,0.06,0.15,5,32,0.0005,0.1,-0.9975265618962428,-0.05607913307759993,-0.053159040088383284,-0.149914331080094,0.13747426456010525,104,2,24,79,1,19,19,1592,0.30527638190954776,0.7080138153305929,3875.8001283499952,-229.93440938758357,0,4.998963903326311,0.9975592051189659,,10000.0,24.73438103757225,False,-0.950773201715891
7770df913580c79d,reversal,15,48,1.0,0,both,2.5,4.0,0.0,72,1000.0,0.02,5,0.06,0.15,5,32,0.0005,0.1,-0.894317609438721,-0.021377019426811472,-0.018007372142082437,-0.1497696056681691,0.24960478572634281,104,10,39,65,0,8,8,1223,0.31479967293540473,0.8403148695926539,5017.677297900009,-372.57260351277387,0,4.996111348599238,0.8965573106645609,,10000.0,1056.82390561279,False,-0.6761562278511886
083b437d7d9020cf,reversal,15,48,1.0,0,both,3.0,6.0,0.0,72,1000.0,0.02,5,0.06,0.15,5,32,0.0005,0.1,-0.8574640133417858,-0.01855795572774399,-0.01608724226977424,-0.14524137447439567,0.19801121469733252,104,8,36,68,0,10,10,1079,0.36515291936978683,0.8226326167037862,3925.1855243500054,-339.7562909321395,0,4.651219934406172,0.8593510663673495,,10000.0,1425.359866582142,False,-0.6237138442565701
db4423b3eab04bd0,reversal,15,48,1.0,0,both,2.5,8.0,2.0,72,1000.0,0.02,5,0.06,0.15,5,32,0.0005,0.1,-0.9375471470936912,-0.026314344523950095,-0.02342959209106416,-0.14981650787326883,0.1822998493742385,104,4,43,61,0,8,8,1315,0.30798479087452474,0.804177543016609,4541.102732249995,-344.96496131309215,0,4.998134929944011,0.938324563830409,,10000.0,624.5285290630876,False,-0.7512744080694727
be42ffdc0065e531,reversal,15,48,1.0,0,both,4.0,8.0,3.0,72,1000.0,0.02,5,0.06,0.15,5,32,0.0005,0.1,-0.7355681821650495,-0.012708667929486661,-0.011234343948812483,-0.14291676531978492,0.12214930392235157,104,2,41,63,0,7,7,895,0.44692737430167595,0.8397752950617788,3418.316265750004,-312.569744099508,0,3.79652898074508,0.7382166622688511,,10000.0,2644.318178349505,False,-0.48693675891624666
4ef8920369287efa,reversal,15,48,1.0,0,long,1.5,2.0,0.0,72,1000.0,0.02,5,0.06,0.15,5,32,0.0005,0.1,-0.9786059859881374,-0.03629276812867599,-0.03448671528691819,-0.14899737366936772,0.10068272454964489,104,2,32,71,1,15,15,1008,0.30952380952380953,0.667887920049588,3312.007382900007,437.52887698134873,0,4.999827058411015,0.9790365252468199,,10000.0,213.94014011862558,False,-0.8546897010005321
a15dbeda0a53ee2b,reversal,15,48,1.0,0,long,2.5,4.0,0.0,72,1000.0,0.02,5,0.06,0.15,5,32,0.0005,0.1,-0.861542191660928,-0.018831861183864707,-0.016208986697924532,-0.14785549572496315,0.20845049613646838,104,8,36,67,1,10,10,584,0.21404109589041095,0.81450727825063,3416.605860800001,1705.3604558092698,0,4.998764687978275,0.9105966960120823,,10000.0,1384.5780833907197,False,-0.6291543522444689
c56d6d772fa53bf0,reversal,15,48,1.0,0,long,3.0,6.0,0.0,72,1000.0,0.02,5,0.06,0.15,5,32,0.0005,0.1,-0.7585317122079867,-0.013570702595969819,-0.011015966724210298,-0.1489386590758517,0.18256363201646164,104,7,40,64,0,12,12,480,0.225,0.843352666675609,3194.8273505000047,1929.9047715798595,0,4.994821703914642,0.8280472375850996,,10000.0,2414.6828779201337,False,-0.5097961027813187
a512d941506d6240,reversal,15,48,1.0,0,long,2.5,8.0,2.0,72,1000.0,0.02,5,0.06,0.15,5,32,0.0005,0.1,-0.8386578429077362,-0.017387711829517927,-0.014640806265873857,-0.1496654243368578,0.18348470776013093,104,8,39,64,1,10,10,725,0.2689655172413793,0.8379976629918126,4829.408911699994,1809.756917377409,0,4.998181001473887,0.8918226504890411,,10000.0,1613.4215709226385,False,-0.599574461400983
d8be0c0e82bd26b4,reversal,15,48,1.0,0,long,4.0,8.0,3.0,72,1000.0,0.02,5,0.06,0.15,5,32,0.0005,0.1,-0.7463209824601413,-0.013102686394679375,-0.01158705155179489,-0.1254468986639713,0.1449341638334285,104,2,40,64,0,8,8,401,0.27680798004987534,0.7864746736073978,1959.5266219000018,1469.2706027014176,0,4.99740315996795,0.7949848375386062,,10000.0,2536.790175398586,False,-0.49751217021795724
71acc5e60916f945,reversal,60,48,0.0,0,both,1.5,2.0,0.0,72,1000.0,0.02,5,0.06,0.15,5,32,0.0005,0.1,-0.876415213889806,-0.019903373552391468,-0.01827679344378739,-0.132284944172381,0.1405149207642875,104,5,35,69,0,6,6,631,0.2979397781299525,0.7752126218270468,2937.372041250004,-529.259602351933,0,3.3870159461007954,0.8833445541109004,,10000.0,1235.847861101939,False,-0.6497059715283012
f547ddb2b2eaf311,reversal,60,48,0.0,0,both,2.5,4.0,0.0,72,1000.0,0.02,5,0.06,0.15,5,32,0.0005,0.1,-0.31520386410045964,-0.0036340931114743347,-0.002604993407251242,-0.12028749391433724,0.10801256595318098,104,2,50,54,0,5,5,406,0.3620689655172414,0.9308773440393567,2625.189843850002,-802.2209028453676,0,2.2527883454512616,0.4527307277678966,,10000.0,6847.961358995403,False,-0.17301049532854762
9d07e653c9f6a84a,reversal,60,48,0.0,0,both,3.0,6.0,0.0,72,1000.0,0.02,5,0.06,0.15,5,32,0.0005,0.1,-0.22122506661965646,-0.0024012776189302754,-0.00156763396927312,-0.09544928414994991,0.08863352213206,104,0,53,51,0,5,5,366,0.4098360655737705,0.9420939134434502,2072.335933649999,-636.0779674534208,0,1.927233518043654,0.4038016648460647,,10000.0,7787.749333803436,False,-0.11789425286218946
728980fc90f9d483,reversal,60,48,0.0,0,both,2.5,8.0,2.0,72,1000.0,0.02,5,0.06,0.15,5,32,0.0005,0.1,-0.2873340661044971,-0.0032518407399038107,-0.0022295872866080787,-0.11380127461034717,0.11428385580898115,104,3,45,59,0,6,6,419,0.35083532219570407,0.939132796216763,2906.375799149998,-758.483638105017,0,2.252862480409831,0.46270052978905407,,10000.0,7126.659338955029,False,-0.15629248815308827
9e1db6ebf3c855ab,reversal,60,48,0.0,0,both,4.0,8.0,3.0,72,1000.0,0.02,5,0.06,0.15,5,32,0.0005,0.1,-0.30149248700370435,-0.0034441451289959346,-0.002995884643319496,-0.06271443768018137,0.08168518225459609,104,0,48,56,0,6,6,309,0.44660194174757284,0.8809830385723539,1250.8727952000004,-485.42512516292624,0,1.497000979057247,0.3461366824579518,,10000.0,6985.075129962956,False,-0.16474404082460148
a50461cf64ba640f,reversal,60,48,0.0,0,long,1.5,2.0,0.0,72,1000.0,0.02,5,0.06,0.15,5,32,0.0005,0.1,-0.7060831445953355,-0.011704599974498464,-0.01078229604136652,-0.11679978539113256,0.1223945260229129,104,1,36,55,13,7,7,331,0.2930513595166163,0.7567569665906535,2136.1351758999995,348.7166700533517,0,3.39283799917079,0.7336693281956725,,10000.0,2939.168554046644,False,-0.45899080227801303
5809964f9799f291,reversal,60,48,0.0,0,long,2.5,4.0,0.0,72,1000.0,0.02,5,0.06,0.15,5,32,0.0005,0.1,-0.37679915925344676,-0.004536663069577229,-0.003718053855286441,-0.11868464266455048,0.07507280367458669,104,0,43,51,10,6,6,232,0.33620689655172414,0.8621949530327796,1395.5975797000008,624.6124128344854,0,2.2505802469037763,0.5571644977476706,,10000.0,6232.008407465532,False,-0.21120617770689254
998094fa85dffb6e,reversal,60,48,0.0,0,long,3.0,6.0,0.0,72,1000.0,0.02,5,0.06,0.15,5,32,0.0005,0.1,-0.2904901203449838,-0.0032943775300383615,-0.0026712179743429206,-0.11425875357671988,0.07063393435533571,104,0,43,51,10,4,4,205,0.375609756097561,0.8666892578382308,1021.2805602499998,534.7371431998773,0,1.92690060091848,0.46936213089907963,,10000.0,7095.098796550163,False,-0.1581691251699029
545745b757d2ddec,reversal,60,48,0.0,0,long,2.5,8.0,2.0,72,1000.0,0.02,5,0.06,0.15,5,32,0.0005,0.1,-0.3417112799704177,-0.00401223381499749,-0.0032533491593688753,-0.10505159422082577,0.08341621662515974,104,0,40,54,10,6,6,242,0.32644628099173556,0.8684146375910562,1439.9298388500004,638.6228608541995,0,2.2511572474846724,0.5557768621024535,,10000.0,6582.887200295822,False,-0.18922883920340972
10ff32e21348a278,reversal,60,48,0.0,0,long,4.0,8.0,3.0,72,1000.0,0.02,5,0.06,0.15,5,32,0.0005,0.1,-0.19587664666236448,-0.0020939833689892495,-0.0017482742201333319,-0.06501688646365711,0.07848397471895363,104,0,40,55,9,5,6,174,0.42528735632183906,0.8826396017084713,750.7461630000001,438.61570362364785,0,1.49640861264584,0.4325168002256763,,10000.0,8041.233533376355,False,-0.10360433246629241
2d2c27b924b2066a,reversal,60,48,1.0,0,both,1.5,2.0,0.0,72,1000.0,0.02,5,0.06,0.15,5,32,0.0005,0.1,-0.9131144908941041,-0.023218173673763998,-0.02171536289732022,-0.12050438501092564,0.14401198328562348,104,3,33,71,0,8,8,576,0.2829861111111111,0.7227176776922368,2348.49089825,-398.49228930894856,0,3.384920750011763,0.9197966453592689,,10000.0,868.8550910589584,False,-0.7064630726262809
f59384cc18db6b5a,reversal,60,48,1.0,0,both,2.5,4.0,0.0,72,1000.0,0.02,5,0.06,0.15,5,32,0.0005,0.1,-0.38551288749233437,-0.004671432858718849,-0.0036915371068855377,-0.11421726598528381,0.10328653064839766,104,2,47,57,0,5,5,375,0.36,0.9049202937967761,2298.441221699998,-769.5163467766085,0,2.250747160545982,0.5172625106903104,,10000.0,6144.871125076656,False,-0.2167589558035562
658143867958543b,reversal,60,48,1.0,0,both,3.0,6.0,0.0,72,1000.0,0.02,5,0.06,0.15,5,32,0.0005,0.1,-0.4018273552172489,-0.00492892684473889,-0.0041177473526123965,-0.11181853868488467,0.08400717909329947,104,0,46,58,0,6,6,335,0.39104477611940297,0.8775491040625353,1684.8987068000017,-620.1831546274983,0,1.928308488391154,0.5084079896586751,,10000.0,5981.726447827511,False,-0.22726180853532962
fd9503d107d4f221,reversal,60,48,1.0,0,both,2.5,8.0,2.0,72,1000.0,0.02,5,0.06,0.15,5,32,0.0005,0.1,-0.40196499880447456,-0.0049311287553671646,-0.00399865296249793,-0.08892689904732687,0.10934793421425892,104,3,44,60,0,6,6,387,0.34366925064599485,0.9007494130336643,2443.4620090499984,-706.7821210052518,0,2.2529783172862765,0.5225321718854021,,10000.0,5980.350011955255,False,-0.22735102328048562
ffbe7835af9b7191,reversal,60,48,1.0,0,both,4.0,8.0,3.0,72,1000.0,0.02,5,0.06,0.15,5,32,0.0005,0.1,-0.361760064679035,-0.004308393974141067,-0.0038965284833729747,-0.07843557858128891,0.07085948770459094,104,0,46,58,0,6,6,286,0.4370629370629371,0.8484869761311992,1133.7074924999993,-479.79224570963436,0,1.4970694339453738,0.4297599997067513,,10000.0,6382.39935320965,False,-0.20171283323189682
3db88b8637e2a035,reversal,60,48,1.0,0,long,1.5,2.0,0.0,72,1000.0,0.02,5,0.06,0.15,5,32,0.0005,0.1,-0.7422341256048208,-0.012951015650310205,-0.012011911270337815,-0.11724439232456318,0.14505768534457286,104,1,31,56,17,8,8,313,0.28115015974440893,0.7095622449588752,1821.9546416999988,310.0880143482183,0,3.391001323227083,0.7698800456697165,,10000.0,2577.6587439517916,False,-0.4934668994081458
afe702985db6ac7b,reversal,60,48,1.0,0,long,2.5,4.0,0.0,72,1000.0,0.02,5,0.06,0.15,5,32,0.0005,0.1,-0.46608623759123724,-0.00601568810958697,-0.005231932724540181,-0.11489459653703138,0.07489874724534085,104,0,41,50,13,7,7,226,0.3230088495575221,0.8077753261655476,1191.3321732000013,506.1598027123557,0,2.250397139784186,0.5685339582669098,,10000.0,5339.137624087628,False,-0.27008813327946446
b749f29f0abfcbe7,reversal,60,48,1.0,0,long,3.0,6.0,0.0,72,1000.0,0.02,5,0.06,0.15,5,32,0.0005,0.1,-0.3792403303049877,-0.004574230016902714,-0.003961093751592152,-0.11422038998762796,0.0706622791438638,104,0,40,50,14,4,4,198,0.35858585858585856,0.8054188630424778,880.8902996500008,439.3603033998918,0,1.9267148511945966,0.5023781867977855,,10000.0,6207.596696950122,False,-0.21275787884937047
117d82978e872d98,reversal,60,48,1.0,0,long,2.5,8.0,2.0,72,1000.0,0.02,5,0.06,0.15,5,32,0.0005,0.1,-0.42910620522691156,-0.005375424319276734,-0.004659641537452315,-0.09365227268962384,0.08342271330525786,104,0,39,52,13,7,7,235,0.3148936170212766,0.8131818719579993,1235.6180785999998,520.2045736691435,0,2.2516234069269645,0.5626299819046319,,10000.0,5708.937947730885,False,-0.24514738003138736
009604844cc1ca3f,reversal,60,48,1.0,0,long,4.0,8.0,3.0,72,1000.0,0.02,5,0.06,0.15,5,32,0.0005,0.1,-0.25925141857598366,-0.0028813601942243583,-0.002549836206811227,-0.05984644050096177,0.07898603199086862,104,0,39,52,13,4,4,167,0.40718562874251496,0.8326532066508398,664.3810288999994,364.9643568598049,0,1.495703301806801,0.4265822710843974,,10000.0,7407.485814240164,False,-0.13977318270580263
f7347f32fceb7d75,reversal,240,48,0.0,0,both,1.5,2.0,0.0,72,1000.0,0.02,5,0.06,0.15,5,32,0.0005,0.1,-0.3986908676180936,-0.00487888738783393,-0.0044447858843211525,-0.09555503800051224,0.076872570435073,104,0,44,48,12,8,8,184,0.358695652173913,0.7408104464346761,696.5879337499995,-459.841557569045,0,1.842031128002733,0.505836571883007,,10000.0,6013.091323819064,False,-0.2252316353555447
13e938bda5af980a,reversal,240,48,0.0,0,both,2.5,4.0,0.0,72,1000.0,0.02,5,0.06,0.15,5,32,0.0005,0.1,-0.06612858634160912,-0.0006576348457918435,-0.0004653224726721331,-0.05136561576271248,0.07504436456070263,104,0,46,47,11,5,5,136,0.45588235294117646,0.9314008722912906,442.9464284499998,-340.47706503388747,0,1.1657040960099256,0.24251323565378569,,10000.0,9338.714136583909,False,-0.03374260911699689
a429f3c874d0dedb,reversal,240,48,0.0,0,both,3.0,6.0,0.0,72,1000.0,0.02,5,0.06,0.15,5,32,0.0005,0.1,-0.04906224686609206,-0.0004836010340066865,-0.00034401311072205745,-0.05383148663983062,0.043598978925099674,104,0,47,46,11,5,5,129,0.4806201550387597,0.9381327916590521,347.6929801499998,-281.298011489085,0,0.9850414269542153,0.2445604161816073,,10000.0,9509.37753133908,False,-0.024923350589825533
fa1bd5b5b1f79723,reversal,240,48,0.0,0,both,2.5,8.0,2.0,72,1000.0,0.02,5,0.06,0.15,5,32,0.0005,0.1,-0.11570326833800249,-0.001181634044740143,-0.000997171043481357,-0.05119711834381535,0.06564456900423066,104,0,45,48,11,5,5,137,0.43795620437956206,0.8786432722775593,434.5790563999999,-331.9589730199699,0,1.1653714766700989,0.2769326699141238,,10000.0,8842.967316619975,False,-0.05982680034855181
9068fe8c79e531b0,reversal,240,48,0.0,0,both,4.0,8.0,3.0,72,1000.0,0.02,5,0.06,0.15,5,32,0.0005,0.1,-0.00425794989436723,-4.10283965611713e-05,2.9205452265436736e-05,-0.03004924287893096,0.03265964885752415,104,0,46,45,13,6,6,112,0.5267857142857143,0.9918590364778106,249.2484831999998,-190.07538425632265,0,0.7516489365146977,0.1319501118183528,,10000.0,9957.420501056327,False,-0.0021385131941739077
5a71f12981287b63,reversal,240,48,0.0,0,long,1.5,2.0,0.0,72,1000.0,0.02,5,0.06,0.15,5,32,0.0005,0.1,-0.15954173119264758,-0.0016698348276537045,-0.001446498334036272,-0.09588330112010934,0.0412726440822635,104,0,27,27,50,3,4,84,0.40476190476190477,0.817299485202744,380.75178625000024,93.3638256764831,0,1.8412121624667617,0.29497847466322247,,10000.0,8404.582688073524,False,-0.08350680097577379
45467fc03333df72,reversal,240,48,0.0,0,long,2.5,4.0,0.0,72,1000.0,0.02,5,0.06,0.15,5,32,0.0005,0.1,-0.021731444555931012,-0.00021123778301745944,-0.00011750918632392492,-0.04238895243800256,0.05811910077576288,104,0,27,27,50,3,4,67,0.4925373134328358,0.9563135851839897,221.60279955,85.40374600931881,0,1.1653851453733044,0.19133202222989765,,10000.0,9782.68555444069,False,-0.010962492793517131
b76bbe159f0c0a52,reversal,240,48,0.0,0,long,3.0,6.0,0.0,72,1000.0,0.02,5,0.06,0.15,5,32,0.0005,0.1,0.0055135408450481815,5.28705987321576e-05,0.0001306152792502528,-0.04188463408196874,0.04882293586530406,104,0,29,25,50,3,4,63,0.5396825396825397,1.0142820905027552,175.64971684999998,72.18917469949196,0,0.9843350003702996,0.1439091924690793,,10000.0,10055.135408450482,False,0.002762391132520081
9eb4bfc3e78eb440,reversal,240,48,0.0,0,long,2.5,8.0,2.0,72,1000.0,0.02,5,0.06,0.15,5,32,0.0005,0.1,-0.04817406940035851,-0.0004746287407986216,-0.00038030472911632405,-0.04238895243800256,0.058297818350637964,104,0,26,28,50,3,4,68,0.47058823529411764,0.9077161056692462,222.15260289999995,86.95569110358971,0,1.1663844106862948,0.19753091501944142,,10000.0,9518.259305996415,False,-0.024466540888989252
1108c519e1d26cc5,reversal,240,48,0.0,0,long,4.0,8.0,3.0,72,1000.0,0.02,5,0.06,0.15,5,32,0.0005,0.1,0.0031697677281872227,3.0430795750380213e-05,6.857889447841411e-05,-0.0236257775648544,0.03680483234807119,104,0,28,26,50,3,4,59,0.559322033898305,1.010955874494456,125.43684094999998,54.740181768123406,0,0.7510329816579254,0.09816602687283349,,10000.0,10031.697677281873,False,0.0015890398746942758
18a9d30071a66a04,reversal,240,48,1.0,0,both,1.5,2.0,0.0,72,1000.0,0.02,5,0.06,0.15,5,32,0.0005,0.1,-0.3303450380877082,-0.003848275197604778,-0.0034436949182125587,-0.09536930133719024,0.059159506413131835,104,0,39,44,21,5,6,150,0.35333333333333333,0.7611475490914513,612.8716474000006,-438.5746665229108,0,1.842366632093234,0.46125953310734547,,10000.0,6696.549619122918,False,-0.18223537417926883
db57f9103e332f97,reversal,240,48,1.0,0,both,2.5,4.0,0.0,72,1000.0,0.02,5,0.06,0.15,5,32,0.0005,0.1,-0.016915820782472668,-0.00016403007914045364,1.5267365536026027e-05,-0.04808837872030769,0.06900791039719567,104,0,40,43,21,5,5,114,0.45614035087719296,0.9801321214102625,387.4412908,-314.23868297528173,0,1.1664350925149227,0.15043717924577138,,10000.0,9830.841792175273,False,-0.008522854257045132
33dca4ff2baa0957,reversal,240,48,1.0,0,both,3.0,6.0,0.0,72,1000.0,0.02,5,0.06,0.15,5,32,0.0005,0.1,-0.07114593051244589,-0.000709398603358502,-0.0005803328003147543,-0.046001368386346164,0.048751675708893716,104,0,41,42,21,5,5,111,0.4594594594594595,0.9027691468205707,302.88663155,-260.1498264255281,0,0.9852585768023444,0.18144569155443413,,10000.0,9288.54069487554,False,-0.036350636077288945
0b8e90496a765f06,reversal,240,48,1.0,0,both,2.5,8.0,2.0,72,1000.0,0.02,5,0.06,0.15,5,32,0.0005,0.1,-0.09838664925619267,-0.000995364954294864,-0.0008354008925566387,-0.047645941310678674,0.05820948267827952,104,0,39,44,21,5,5,115,0.43478260869565216,0.8806316619695033,370.61369610000014,-299.2736035380827,0,1.1650739702454267,0.21463872611301482,,10000.0,9016.133507438073,False,-0.0506346018358208
6cbbfca77da9118a,reversal,240,48,1.0,0,both,4.0,8.0,3.0,72,1000.0,0.02,5,0.06,0.15,5,32,0.0005,0.1,0.09918347552387541,0.0009097174766650173,0.0009718882018154904,-0.02357593242414424,0.03680784634713463,104,0,43,38,23,4,4,92,0.5434782608695652,1.2274923608928174,216.09615010000013,-166.84410533874984,0,0.7517163034614873,0.08021885834338649,,10000.0,10991.834755238753,False,0.04858874322033224
515b990856edeaa0,reversal,240,48,1.0,0,long,1.5,2.0,0.0,72,1000.0,0.02,5,0.06,0.15,5,32,0.0005,0.1,-0.1556856443854705,-0.0016258921344097788,-0.0014135874837051703,-0.09588330112010934,0.040035617015635516,104,0,25,23,56,2,4,73,0.3972602739726027,0.8012840134951666,321.0138958500001,78.81424800469117,0,1.8423560336561216,0.2843022059892856,,10000.0,8443.143556145294,False,-0.08139955986867642
5c3b42a719d12d52,reversal,240,48,1.0,0,long,2.5,4.0,0.0,72,1000.0,0.02,5,0.06,0.15,5,32,0.0005,0.1,-0.0009171598680032256,-8.822852582857088e-06,8.334074098297809e-05,-0.042715921601437556,0.056757196613608896,104,0,25,23,56,3,4,57,0.5087719298245614,0.9978142044483579,184.39549725,73.6012014300364,0,1.1660251327219644,0.1469486964721195,,10000.0,9990.828401319968,False,-0.0004602504737122315
a8306cb05593df5e,reversal,240,48,1.0,0,long,3.0,6.0,0.0,72,1000.0,0.02,5,0.06,0.15,5,32,0.0005,0.1,0.009147196037105898,8.755781200830981e-05,0.00016031160012846995,-0.04159189341040237,0.04756684897349284,104,0,26,22,56,2,4,55,0.5454545454545454,1.0258753378152885,148.29999199999995,61.15464762890973,0,0.9840750693888655,0.12171571424659444,,10000.0,10091.47196037106,False,0.0045787985505101325
be58c93dbc68fb0b,reversal,240,48,1.0,0,long,2.5,8.0,2.0,72,1000.0,0.02,5,0.06,0.15,5,32,0.0005,0.1,-0.028642390603899393,-0.00027938970085472636,-0.00018651157869163873,-0.042715921601437556,0.05671709167200789,104,0,24,24,56,3,4,58,0.4827586206896552,0.9357433959376574,185.31988945,75.3083165889952,0,1.165132955378197,0.153903597620204,,10000.0,9713.576093961006,False,-0.014474120979932614
9a08f7c3bc84473c,reversal,240,48,1.0,0,long,4.0,8.0,3.0,72,1000.0,0.02,5,0.06,0.15,5,32,0.0005,0.1,0.04823072430774622,0.0004530229536299224,0.0004893136194497786,-0.0236257775648544,0.03599067204884876,104,0,27,21,56,2,4,49,0.5918367346938775,1.2148290630592122,103.53317890000007,44.02317802255621,0,0.7519243678041414,0.06878345714182676,,10000.0,10482.307243077463,False,0.023913707032898968
