trade_id,entry_index,exit_index,side,quantity,entry_price,exit_price,initial_stop,initial_target,entry_fee,exit_fee,funding_paid,gross_pnl,net_pnl,equity_before,equity_after,entry_exposure,initial_margin_30x,allocated_collateral,reason,exit_at_open,missing_mark_minutes,signal_row,entry_utc,exit_bar_open_utc,exit_utc_upper_bound,hold_hours,overnight,reason_text,target_price_R,net_realized_R,daily_iv_available_utc,weekly_iv_available_utc,signal_upper_wall,signal_lower_wall,additional_collateral
1,883980.0,884007.0,1.0,10.68,3977.15,3943.67,3944.46,4140.6,21.237981,21.0591978,0.0,-357.56640000000016,-399.86357880000014,10000.0,9600.136421199999,4.2475962,1415.8654,1415.8654,1.0,0.0,0.0,0.0,2021-09-05 21:00:00+00:00,2021-09-05 21:27:00+00:00,2021-09-05 21:28:00+00:00,0.45,False,stop,5.0,-1.145316916488221,2021-09-05 00:01:00+00:00,2021-08-30 00:01:00+00:00,3966.3669878082933,2622.968765340793,0.0
2,884160.0,886469.0,-1.0,5.801,3951.76,3645.54,4013.15,3644.81,11.462079880000001,10.57388877,-47.87922998546358,1776.3822200000016,1802.2254813354652,9600.136421199999,11402.361902535464,2.38789937498977,764.1386586666667,871.9169845999992,2.0,0.0,0.0,3.0,2021-09-06 00:00:00+00:00,2021-09-07 14:29:00+00:00,2021-09-07 14:30:00+00:00,38.483333333333334,True,target,5.000000000000015,5.060677090980935,2021-09-05 00:01:00+00:00,2021-08-30 00:01:00+00:00,3966.3669878082933,2622.968765340793,107.77832593333244
3,887205.0,887535.0,-1.0,7.588,3506.32,3227.7200000000003,3562.17,3227.07,13.30297808,12.245969680000002,-2.4737496127161163,2114.0167999999994,2090.9416018527154,11402.361902535464,13493.30350438818,2.333372365078486,886.8652053333334,1022.4238135999993,2.0,0.0,0.0,20.0,2021-09-08 02:45:00+00:00,2021-09-08 08:15:00+00:00,2021-09-08 08:16:00+00:00,5.5,False,target,5.000000000000008,4.933912052278556,2021-09-08 00:01:00+00:00,2021-09-06 00:01:00+00:00,4427.313793932994,3528.7154425350964,135.55860826666594
4,888465.0,891218.0,-1.0,8.166,3509.64,3201.13,3571.4700000000003,3200.48,14.32986012,13.070213790000002,-16.865719294854536,2519.2926599999982,2508.758305384853,13493.30350438818,16002.061809773031,2.123995819902778,955.3240079999999,1149.747485400003,2.0,0.0,0.0,24.0,2021-09-08 23:45:00+00:00,2021-09-10 21:38:00+00:00,2021-09-10 21:39:00+00:00,45.88333333333333,True,target,5.000161733786155,4.968784954204219,2021-09-08 00:01:00+00:00,2021-09-06 00:01:00+00:00,4427.313793932994,3528.7154425350964,194.42347740000298
5,894060.0,898024.0,-1.0,4.577,3321.2400000000002,3457.67,3456.9700000000003,2642.59,7.600657740000001,7.912877795000001,-12.19087287579066,-624.4401099999992,-627.7627726592085,16002.061809773031,15374.299037113822,0.9499598027246723,506.71051600000004,963.2658083,1.0,0.0,0.0,33.0,2021-09-12 21:00:00+00:00,2021-09-15 15:04:00+00:00,2021-09-15 15:05:00+00:00,66.06666666666666,True,stop,5.0,-1.0105057666538924,2021-09-12 00:01:00+00:00,2021-09-06 00:01:00+00:00,3404.825092564807,3135.1953720650095,456.55529229999996
6,902085.0,903587.0,-1.0,4.17,3526.2000000000003,3340.2200000000003,3563.53,3339.55,7.352127,6.964358700000001,-4.31652708049953,775.5366,765.5366413804995,15374.299037113822,16139.835678494323,0.9564178480270014,490.14180000000005,490.14180000000005,2.0,0.0,0.0,37.0,2021-09-18 10:45:00+00:00,2021-09-19 11:47:00+00:00,2021-09-19 11:48:00+00:00,25.033333333333335,True,target,5.000000000000012,4.91781217221027,2021-09-18 00:01:00+00:00,2021-09-13 00:01:00+00:00,3535.102728595175,3271.9651642758727,0.0
7,906660.0,906694.0,-1.0,16.425,2990.39,3026.68,3026.07,2811.98,24.558577875,24.856609499999998,0.0,-596.0632499999995,-645.4784373749994,16139.835678494323,15494.357241119324,3.043225267494304,1637.238525,1691.1800043750047,1.0,0.0,0.0,39.0,2021-09-21 15:00:00+00:00,2021-09-21 15:34:00+00:00,2021-09-21 15:35:00+00:00,0.5666666666666667,False,stop,5.000280269058251,-1.1014163396860888,2021-09-21 00:01:00+00:00,2021-09-20 00:01:00+00:00,3681.480114100933,3009.7614261067324,53.94147937500475
8,907410.0,907597.0,-1.0,12.376,2867.66,2909.18,2908.59,2663.0,17.74508008,18.00200584,0.0,-513.8515199999997,-549.5986059199997,15494.357241119324,14944.758635199323,2.290521614269697,1183.0053386666666,1305.0782836000035,1.0,0.0,0.0,40.0,2021-09-22 03:30:00+00:00,2021-09-22 06:37:00+00:00,2021-09-22 06:38:00+00:00,3.1166666666666667,False,stop,5.000244319569958,-1.084984607867082,2021-09-22 00:01:00+00:00,2021-09-20 00:01:00+00:00,2888.888133731522,2647.343641001903,122.07294493333688
9,907980.0,910626.0,1.0,9.274000000000001,2920.1,2975.36,2865.4700000000003,3193.25,13.540503700000002,13.796744320000002,11.691567660993563,512.4812400000021,473.45242431900857,14944.758635199323,15418.211059518331,1.8120739224396858,902.7002466666668,1115.9612864999967,5.0,1.0,0.0,41.0,2021-09-22 13:00:00+00:00,2021-09-24 09:06:00+00:00,2021-09-24 09:06:00+00:00,44.1,True,daily_risk,5.000000000000033,0.9344973036580029,2021-09-22 00:01:00+00:00,2021-09-20 00:01:00+00:00,2888.888133731522,2647.343641001903,213.26103983332996
10,917715.0,917881.0,-1.0,6.535,2916.64,2946.69,2946.1,2769.33,9.5301212,9.628309575000001,0.4034029627021564,-196.37675000000118,-215.93858373770334,15418.211059518331,15202.272475780628,1.2362162073422445,635.3414133333333,635.3414133333333,1.0,0.0,0.0,42.0,2021-09-29 07:15:00+00:00,2021-09-29 10:01:00+00:00,2021-09-29 10:02:00+00:00,2.7666666666666666,False,stop,5.000339443312959,-1.1216359336078128,2021-09-29 00:01:00+00:00,2021-09-27 00:01:00+00:00,2926.9496907433254,2685.2570356287815,0.0
11,917955.0,918791.0,-1.0,7.553,2918.4900000000002,2954.7000000000003,2954.1,2740.44,11.021677485,11.158424550000001,0.6262805105182778,-273.49413000000027,-296.30051254551853,15202.272475780628,14905.97196323511,1.4500039388925692,734.778499,764.9378168249974,1.0,0.0,0.0,47.0,2021-09-29 11:15:00+00:00,2021-09-30 01:11:00+00:00,2021-09-30 01:12:00+00:00,13.933333333333334,True,stop,5.0000000000000515,-1.1016431652176766,2021-09-29 00:01:00+00:00,2021-09-27 00:01:00+00:00,2926.9496907433254,2685.2570356287815,30.1593178249974
12,918870.0,919378.0,1.0,4.899,2975.8,2951.61,2952.21,3093.76,7.289222100000001,7.229968695000001,1.47056076096264,-118.50681000000027,-134.4965615559629,14905.97196323511,14771.475401679147,0.9780270777348207,485.9481400000001,485.94814,1.0,0.0,0.0,53.0,2021-09-30 02:30:00+00:00,2021-09-30 10:58:00+00:00,2021-09-30 10:59:00+00:00,8.466666666666667,False,stop,5.0004239084357485,-1.1637931624145774,2021-09-30 00:01:00+00:00,2021-09-27 00:01:00+00:00,2967.7997985207767,2733.765474491861,-5.684341886080802e-14
13,919455.0,920792.0,1.0,5.117,2973.9500000000003,3193.07,2930.0,3193.71,7.6088510750000005,8.169469595,2.5605989392617112,1121.2370399999995,1102.8981203907376,14771.475401679147,15874.373522069885,1.030208678292903,507.2567383333334,567.2904483750015,2.0,0.0,0.0,59.0,2021-09-30 12:15:00+00:00,2021-10-01 10:32:00+00:00,2021-10-01 10:33:00+00:00,22.283333333333335,True,target,5.000227531285516,4.904120132208842,2021-09-30 00:01:00+00:00,2021-09-27 00:01:00+00:00,2967.7997985207767,2733.765474491861,60.03371004166809
14,928035.0,930762.0,1.0,10.987,3397.98,3665.94,3344.2400000000002,3666.6800000000003,18.66680313,20.138841390000003,47.19291964867905,2944.0765200000005,2858.0779558313216,15874.373522069885,18732.451477901206,2.3518160391082956,1244.453542,1430.4475208499978,2.0,0.0,0.0,69.0,2021-10-06 11:15:00+00:00,2021-10-08 08:42:00+00:00,2021-10-08 08:43:00+00:00,45.45,True,target,5.000000000000026,4.840578680022957,2021-10-06 00:01:00+00:00,2021-10-04 00:01:00+00:00,3659.784775700563,3381.0160782559637,185.9939788499978
15,940260.0,940353.0,1.0,7.362,3786.69,3763.03,3763.79,3901.2000000000003,13.93880589,13.851713430000002,11.540447384157,-174.18491999999893,-213.51588670415592,18732.451477901206,18518.935591197052,1.4881987983733682,929.253726,929.253726,1.0,0.0,0.0,71.0,2021-10-14 23:00:00+00:00,2021-10-15 00:33:00+00:00,2021-10-15 00:34:00+00:00,1.55,True,stop,5.0004366812226975,-1.2664816418558837,2021-10-14 00:01:00+00:00,2021-10-11 00:01:00+00:00,3782.882103175558,3082.9121770171046,0.0
16,940470.0,940853.0,1.0,18.361,3798.28,3761.7200000000003,3762.48,3977.29,34.87010954000001,34.53447046,27.4083203850274,-671.278159999999,-768.0910603850265,18518.935591197052,17750.844530812028,3.7658870152964363,2324.673969333334,2324.6739693333334,1.0,0.0,0.0,73.0,2021-10-15 02:30:00+00:00,2021-10-15 08:53:00+00:00,2021-10-15 08:54:00+00:00,6.383333333333334,False,stop,5.000279329608906,-1.1685124749552998,2021-10-15 00:01:00+00:00,2021-10-11 00:01:00+00:00,3782.882103175558,3082.9121770171046,-4.547473508864641e-13
17,940980.0,941546.0,1.0,7.5680000000000005,3786.31,3904.67,3762.48,3905.46,14.327397040000003,14.775271280000002,6.614628666050754,895.748480000001,860.0311830139502,17750.844530812028,18610.87571382598,1.6142777900094178,955.1598026666668,955.1598026666668,2.0,0.0,0.0,74.0,2021-10-15 11:00:00+00:00,2021-10-15 20:26:00+00:00,2021-10-15 20:27:00+00:00,9.433333333333334,False,target,5.000000000000019,4.768799161287099,2021-10-15 00:01:00+00:00,2021-10-11 00:01:00+00:00,3782.882103175558,3082.9121770171046,0.0
18,944160.0,944401.0,1.0,12.014000000000001,3790.94,3732.75,3733.5,4078.14,22.772176580000004,22.422629250000004,24.451855964782805,-699.0946600000008,-768.7413217947835,18610.87571382598,17842.134392031192,2.4471902268502714,1518.1451053333335,1714.8321061000006,1.0,0.0,0.0,75.0,2021-10-17 16:00:00+00:00,2021-10-17 20:01:00+00:00,2021-10-17 20:02:00+00:00,4.016666666666667,False,stop,4.999999999999992,-1.1139819841608634,2021-10-17 00:01:00+00:00,2021-10-11 00:01:00+00:00,3782.882103175558,3082.9121770171046,196.6870007666671
19,944520.0,948840.0,1.0,3.6790000000000003,3767.98,4120.1,3615.82,4528.78,6.931199210000001,7.578923950000001,42.84897785504933,1295.4494800000014,1238.0903789849522,17842.134392031192,19080.224771016143,0.7769473155740462,462.0799473333334,871.7006044499996,3.0,1.0,0.0,77.0,2021-10-17 22:00:00+00:00,2021-10-20 22:00:00+00:00,2021-10-20 22:00:00+00:00,72.0,True,max_hold,5.000000000000003,2.211678832129027,2021-10-17 00:01:00+00:00,2021-10-11 00:01:00+00:00,3974.664903932632,3696.9629503763213,409.62065711666617
20,958245.0,959027.0,1.0,9.026,4019.4500000000003,3938.89,3939.6800000000003,4418.3,18.13977785,17.77621057,4.4715100495074,-727.1345600000036,-767.522058469511,19080.224771016143,18312.70271254663,1.9014218194698913,1209.3185233333336,1536.2940232499998,1.0,0.0,0.0,81.0,2021-10-27 10:45:00+00:00,2021-10-27 23:47:00+00:00,2021-10-27 23:48:00+00:00,13.033333333333333,False,stop,5.0,-1.0659969071693671,2021-10-27 00:01:00+00:00,2021-10-25 00:01:00+00:00,4304.250633161778,3969.3118148071035,326.9754999166662
21,959550.0,960065.0,1.0,25.857,4096.17,4212.43,4072.75,4213.28,52.957333845,54.46040125500001,10.741178798999998,3006.1348200000057,2887.975906101006,18312.70271254663,21200.67861864764,5.783672096496953,3530.488923,3530.4889230000003,2.0,0.0,0.0,84.0,2021-10-28 08:30:00+00:00,2021-10-28 17:05:00+00:00,2021-10-28 17:06:00+00:00,8.583333333333334,False,target,5.000426985482464,4.7690133646455966,2021-10-28 00:01:00+00:00,2021-10-25 00:01:00+00:00,4095.135110058518,3759.1925861220293,4.547473508864641e-13
22,976290.0,976324.0,1.0,4.918,4811.41,4782.83,4783.79,4949.51,11.83125719,11.76097897,2.36752753636967,-140.55643999999964,-166.5162036963693,21200.67861864764,21034.162414951268,1.1161206113084978,788.7504793333334,788.7504793333334,1.0,0.0,0.0,86.0,2021-11-08 23:30:00+00:00,2021-11-09 00:04:00+00:00,2021-11-09 00:05:00+00:00,0.5666666666666667,True,stop,5.000000000000033,-1.2258696768669464,2021-11-08 00:01:00+00:00,2021-11-08 00:01:00+00:00,4808.916310931813,4431.782728585353,0.0
23,988080.0,988559.0,-1.0,6.192,4122.87,4254.55,4253.6900000000005,3468.76,12.76440552,13.1720868,-2.590275942790992,-815.3625600000018,-838.7087763772108,21034.162414951268,20195.453638574058,1.2136832708800374,850.960368,1384.4356884000038,1.0,0.0,0.0,87.0,2021-11-17 04:00:00+00:00,2021-11-17 11:59:00+00:00,2021-11-17 12:00:00+00:00,7.983333333333333,False,stop,5.000076440911149,-1.0353950755377515,2021-11-17 00:01:00+00:00,2021-11-15 00:01:00+00:00,5153.441838074487,4158.718655803761,533.4753204000037
24,990090.0,990096.0,-1.0,11.745000000000001,4156.83,4184.18,4183.34,4024.27,24.410984175000003,24.571597050000005,0.0,-321.2257500000043,-370.2083312250043,20195.453638574058,19825.245307349054,2.4174732206434943,1627.3989450000001,1627.3989450000001,1.0,0.0,0.0,99.0,2021-11-18 13:30:00+00:00,2021-11-18 13:36:00+00:00,2021-11-18 13:37:00+00:00,0.1,False,stop,5.000377216144808,-1.1890043379856698,2021-11-18 00:01:00+00:00,2021-11-15 00:01:00+00:00,5153.441838074487,4158.718655803761,0.0
25,990180.0,991216.0,-1.0,16.639,4140.6900000000005,4110.16,4183.34,3927.44,34.448470455000006,34.19447612,-20.183433737330844,507.98867000001087,459.52915716234173,19825.245307349054,20284.774464511396,3.475212530382183,2296.5646970000003,2296.5646970000003,5.0,1.0,0.0,102.0,2021-11-18 15:00:00+00:00,2021-11-19 08:16:00+00:00,2021-11-19 08:16:00+00:00,17.266666666666666,True,daily_risk,5.000000000000053,0.6475403197382859,2021-11-18 00:01:00+00:00,2021-11-15 00:01:00+00:00,5153.441838074487,4158.718655803761,0.0
26,997380.0,998084.0,1.0,11.235,4313.4400000000005,4245.51,4246.36,4648.85,24.2307492,23.849152425,9.676524665731769,-763.1935500000033,-820.949976290735,20284.774464511396,19463.824488220664,2.389057787395385,1615.3832800000002,1844.0275140000094,1.0,0.0,0.0,112.0,2021-11-23 15:00:00+00:00,2021-11-24 02:44:00+00:00,2021-11-24 02:45:00+00:00,11.733333333333333,True,stop,5.000149075730406,-1.0893076759746776,2021-11-23 00:01:00+00:00,2021-11-22 00:01:00+00:00,4270.322279202876,3910.72459477633,228.6442340000092
27,1001295.0,1001524.0,-1.0,10.59,4299.22,3958.51,4367.52,3957.71,22.764369900000002,20.96031045,0.0,3608.1189000000004,3564.39421965,19463.824488220664,23028.218707870663,2.3391466475436826,1517.6246600000002,1747.6936455000018,2.0,0.0,0.0,113.0,2021-11-26 08:15:00+00:00,2021-11-26 12:04:00+00:00,2021-11-26 12:05:00+00:00,3.816666666666667,False,target,5.000146412884324,4.927981478770119,2021-11-26 00:01:00+00:00,2021-11-22 00:01:00+00:00,4721.398346934485,4342.255127214853,230.06898550000165
28,1005030.0,1005122.0,-1.0,12.753,4247.54,4315.4800000000005,4314.61,3912.19,27.08443881,27.517658220000005,-5.479453980000001,-866.4388200000066,-915.5614630500066,23028.218707870663,22112.657244820653,2.3522825758766124,1805.629254,2074.1434564499964,1.0,0.0,0.0,116.0,2021-11-28 22:30:00+00:00,2021-11-29 00:02:00+00:00,2021-11-29 00:03:00+00:00,1.5333333333333334,True,stop,5.00000000000002,-1.0704018189950921,2021-11-28 00:01:00+00:00,2021-11-22 00:01:00+00:00,4265.16986496426,3932.2531903522536,268.51420244999645
29,1012620.0,1014148.0,-1.0,4.509,4017.3,4209.33,4208.4800000000005,3061.39,9.057002850000002,9.489934485,-4.83150246246971,-865.8632699999989,-879.5787048725292,22112.657244820653,21233.07853994812,0.8191691075138771,603.80019,1269.5957482500014,1.0,0.0,0.0,120.0,2021-12-04 05:00:00+00:00,2021-12-05 06:28:00+00:00,2021-12-05 06:29:00+00:00,25.466666666666665,True,stop,5.000052306726639,-1.020356683933719,2021-12-04 00:01:00+00:00,2021-11-29 00:01:00+00:00,4394.216701443152,4040.5223050945374,665.7955582500014
30,1015665.0,1015706.0,1.0,7.0200000000000005,4041.88,3990.4900000000002,3991.29,4294.84,14.186998800000001,14.006619900000002,2.8584036000000004,-360.7577999999991,-391.8098222999991,21233.07853994812,20841.268717648123,1.3363110557245332,945.79992,993.556746000001,1.0,0.0,0.0,127.0,2021-12-06 07:45:00+00:00,2021-12-06 08:26:00+00:00,2021-12-06 08:27:00+00:00,0.6833333333333333,False,stop,5.000197667523213,-1.1032489622454973,2021-12-06 00:01:00+00:00,2021-12-06 00:01:00+00:00,4381.126097038026,4021.6277072718713,47.756826000000956
31,1015920.0,1020240.0,1.0,5.8870000000000005,4045.23,4302.85,3908.39,4729.43,11.907134505000002,12.665438975000002,22.26218331843689,1516.6089400000021,1469.7741832015654,20841.268717648123,22311.04290084969,1.1426496789916816,793.8089670000002,1341.398132725001,3.0,1.0,0.0,128.0,2021-12-06 12:00:00+00:00,2021-12-09 12:00:00+00:00,2021-12-09 12:00:00+00:00,72.0,True,max_hold,4.9999999999999964,1.8244985113051673,2021-12-06 00:01:00+00:00,2021-12-06 00:01:00+00:00,4381.126097038026,4021.6277072718713,547.5891657250008
32,1023810.0,1023922.0,1.0,11.864,4080.82,4047.7400000000002,4048.55,4242.17,24.207424240000005,24.011193680000005,4.8501035114131765,-392.46111999999914,-445.52984143141236,22311.04290084969,21865.513059418277,2.1699948628648005,1613.8282826666668,1613.8282826666668,1.0,0.0,0.0,132.0,2021-12-11 23:30:00+00:00,2021-12-12 01:22:00+00:00,2021-12-12 01:23:00+00:00,1.8666666666666667,True,stop,5.0,-1.163715167496404,2021-12-11 00:01:00+00:00,2021-12-06 00:01:00+00:00,4071.4347352801215,3728.028911030966,0.0
33,1047165.0,1047759.0,1.0,8.504,3911.9500000000003,3850.77,3851.55,4213.96,16.633611400000003,16.373474039999998,0.7504525469704557,-520.2747200000025,-554.0322579869729,21865.513059418277,21311.480801431306,1.5214471624607313,1108.9074266666669,1262.1541130000007,1.0,0.0,0.0,133.0,2021-12-28 04:45:00+00:00,2021-12-28 14:39:00+00:00,2021-12-28 14:40:00+00:00,9.9,False,stop,5.000165562913896,-1.0786358775982556,2021-12-28 00:01:00+00:00,2021-12-27 00:01:00+00:00,4186.118784500514,3893.887538488696,153.24668633333386
34,1050195.0,1052368.0,1.0,4.053,3709.4700000000003,3650.29,3651.03,4001.6800000000003,7.517240955,7.397312685,4.09666609910639,-239.8565400000012,-258.8677597391076,21311.480801431306,21052.6130416922,0.70546397268604,501.149397,575.1331629750002,1.0,0.0,0.0,134.0,2021-12-30 07:15:00+00:00,2021-12-31 19:28:00+00:00,2021-12-31 19:29:00+00:00,36.21666666666667,True,stop,5.000171115674192,-1.0929269981569807,2021-12-30 00:01:00+00:00,2021-12-27 00:01:00+00:00,4453.708073298163,3705.1808394302116,73.98376597500021
35,1052685.0,1057005.0,1.0,11.977,3713.26,3749.66,3660.03,3979.4100000000003,22.236857510000004,22.45483891,28.08188834154593,435.96279999999564,363.1892152384497,21052.6130416922,21415.80225693065,2.112503323550625,1482.4571673333335,1638.1942979500002,3.0,1.0,0.0,148.0,2022-01-01 00:45:00+00:00,2022-01-04 00:45:00+00:00,2022-01-04 00:45:00+00:00,72.0,True,max_hold,5.0,0.5696766620938765,2022-01-01 00:01:00+00:00,2021-12-27 00:01:00+00:00,4453.708073298163,3705.1808394302116,155.73713061666672
36,1059945.0,1059989.0,1.0,5.93,3529.42,3494.83,3495.53,3698.87,10.4647303,10.36217095,0.0,-205.11870000000084,-225.94560125000083,21415.80225693065,21189.85665568065,0.977290523553781,697.6486866666667,697.6486866666667,1.0,0.0,0.0,169.0,2022-01-06 01:45:00+00:00,2022-01-06 02:29:00+00:00,2022-01-06 02:30:00+00:00,0.7333333333333333,False,stop,5.000000000000013,-1.1242881380938414,2022-01-06 00:01:00+00:00,2022-01-03 00:01:00+00:00,4161.603689714192,3517.8464975614797,0.0
37,1060260.0,1060352.0,1.0,6.055,3438.7200000000003,3403.4900000000002,3404.1800000000003,3611.42,10.4107248,10.304065975,2.090831008009135,-213.3176500000001,-236.12327178300924,21189.85665568065,20953.73338389764,0.9826139901903542,694.04832,694.04832,1.0,0.0,0.0,171.0,2022-01-06 07:00:00+00:00,2022-01-06 08:32:00+00:00,2022-01-06 08:33:00+00:00,1.5333333333333334,False,stop,5.0,-1.1290217581024047,2022-01-06 00:01:00+00:00,2022-01-03 00:01:00+00:00,3658.3807450239033,3421.019548368038,0.0
38,1061505.0,1065825.0,-1.0,12.122,3247.41,3148.62,3312.6,2921.4500000000003,19.68255201,19.083785820000003,-16.754190468138837,1197.5323799999996,1175.5202326381384,20953.73338389764,22129.253616535785,1.8786677914996752,1312.170134,1675.9480204500005,3.0,1.0,0.0,172.0,2022-01-07 03:45:00+00:00,2022-01-10 03:45:00+00:00,2022-01-10 03:45:00+00:00,72.0,True,max_hold,5.000153397760382,1.4875612191304566,2022-01-07 00:01:00+00:00,2022-01-03 00:01:00+00:00,3514.44732362168,3298.1860567638346,363.77788645000055
39,1066485.0,1070805.0,1.0,9.837,2997.31,3387.07,2910.88,3429.46,14.742269235,16.659303795,2.5694207284796717,3834.069120000002,3800.098126241522,22129.253616535785,25929.351742777308,1.3323783522444732,982.817949,1513.6140255749983,3.0,1.0,0.0,184.0,2022-01-10 14:45:00+00:00,2022-01-13 14:45:00+00:00,2022-01-13 14:45:00+00:00,72.0,True,max_hold,5.000000000000011,4.469589383006325,2022-01-10 00:01:00+00:00,2022-01-10 00:01:00+00:00,3365.7018537109966,2948.122094967957,530.7960765749983
40,1080840.0,1081296.0,1.0,15.004,3181.26,3160.83,3161.4700000000003,3280.21,23.86581252,23.71254666,4.8916231785916,-306.5317200000044,-359.001702358596,25929.351742777308,25570.35004041871,1.8408337205458973,1591.054168,1591.054168,1.0,0.0,0.0,187.0,2022-01-20 14:00:00+00:00,2022-01-20 21:36:00+00:00,2022-01-20 21:37:00+00:00,7.6,False,stop,5.0,-1.2090483210156815,2022-01-20 00:01:00+00:00,2022-01-17 00:01:00+00:00,3173.3677461109055,2994.8364817620654,0.0
41,1083285.0,1083329.0,1.0,12.354000000000001,2528.34,2448.05,2448.54,2927.35,15.617556180000001,15.121604850000002,0.0,-991.9026599999996,-1022.6418210299996,25570.35004041871,24547.70821938871,1.221536361865484,1041.1704120000002,1688.6392281000026,1.0,0.0,0.0,188.0,2022-01-22 06:45:00+00:00,2022-01-22 07:29:00+00:00,2022-01-22 07:30:00+00:00,0.7333333333333333,False,stop,5.000125313283194,-1.037320739348368,2022-01-22 00:01:00+00:00,2022-01-17 00:01:00+00:00,2662.0848442312654,2475.137846330635,647.4688161000024
42,1083390.0,1083454.0,1.0,15.149000000000001,2497.39,2445.85,2446.34,2752.64,18.916480555000003,18.526090825,0.0,-780.7794599999995,-818.2220313799995,24547.70821938871,23729.486188008712,1.5412013525612178,1261.0987036666668,1624.5980749749958,1.0,0.0,0.0,190.0,2022-01-22 08:30:00+00:00,2022-01-22 09:34:00+00:00,2022-01-22 09:35:00+00:00,1.0666666666666667,False,stop,5.000000000000027,-1.0580141038197894,2022-01-22 00:01:00+00:00,2022-01-17 00:01:00+00:00,2662.0848442312654,2475.137846330635,363.49937130832905
43,1084860.0,1085018.0,1.0,31.657,2517.81,2490.34,2490.84,2652.66,39.853155585,39.41834669000001,0.0,-869.6177899999936,-948.8892922749936,23729.486188008712,22780.59689573372,3.358956470379802,2656.877039,2656.877039,1.0,0.0,0.0,191.0,2022-01-23 09:00:00+00:00,2022-01-23 11:38:00+00:00,2022-01-23 11:39:00+00:00,2.6333333333333333,False,stop,5.000000000000034,-1.1113857990359666,2022-01-23 00:01:00+00:00,2022-01-17 00:01:00+00:00,2502.856820413818,2322.437334085669,0.0
44,1085715.0,1085790.0,1.0,12.221,2536.3,2490.34,2490.84,2763.61,15.498061150000002,15.217222570000002,3.102128668098801,-561.6771600000004,-595.4945723880992,22780.59689573372,22185.10232334562,1.3606369684634936,1033.2040766666667,1252.9794117500005,1.0,0.0,0.0,192.0,2022-01-23 23:15:00+00:00,2022-01-24 00:30:00+00:00,2022-01-24 00:31:00+00:00,1.25,True,stop,5.000219973603162,-1.0718688057848877,2022-01-23 00:01:00+00:00,2022-01-17 00:01:00+00:00,2502.856820413818,2322.437334085669,219.77533508333386
45,1085910.0,1085938.0,1.0,18.875,2453.41,2432.62,2433.11,2554.91,23.154056875,22.95785125,0.0,-392.4112499999993,-438.52315812499927,22185.10232334562,21746.579165220624,2.08735182173442,1543.6037916666667,1543.6037916666667,1.0,0.0,0.0,194.0,2022-01-24 02:30:00+00:00,2022-01-24 02:58:00+00:00,2022-01-24 02:59:00+00:00,0.4666666666666667,False,stop,5.0000000000000675,-1.1444834975369593,2022-01-24 00:01:00+00:00,2022-01-24 00:01:00+00:00,2631.5568726640645,2448.5601641498547,0.0
46,1086000.0,1086191.0,1.0,6.344,2458.2400000000002,2416.18,2416.67,2666.1,7.797537280000001,7.66412296,0.0,-266.82864000000257,-282.2903002400026,21746.579165220624,21464.288864980623,0.7171277119732586,519.8358186666668,614.609257600001,1.0,0.0,0.0,197.0,2022-01-24 04:00:00+00:00,2022-01-24 07:11:00+00:00,2022-01-24 07:12:00+00:00,3.183333333333333,False,stop,5.000240558094752,-1.0704164060620693,2022-01-24 00:01:00+00:00,2022-01-24 00:01:00+00:00,2631.5568726640645,2448.5601641498547,94.7734389333342
47,1087020.0,1087580.0,1.0,4.002,2464.31,2367.33,2367.81,2946.81,4.931084309999999,4.73702733,0.16538786660699997,-388.1139600000001,-397.94745950660706,21464.288864980623,21066.341405474017,0.4594686868983722,328.738954,608.09179395,1.0,0.0,0.0,202.0,2022-01-24 21:00:00+00:00,2022-01-25 06:20:00+00:00,2022-01-25 06:21:00+00:00,9.333333333333334,True,stop,5.0,-1.0304367492590676,2022-01-24 00:01:00+00:00,2022-01-24 00:01:00+00:00,2631.5568726640645,2448.5601641498547,279.35283995000003
48,1090245.0,1091338.0,1.0,11.612,2376.67,2342.2000000000003,2342.67,2546.67,13.79894602,13.598813200000002,-3.310292499745004,-400.2656399999977,-424.3531067202527,21066.341405474017,20641.988298753764,1.3100467475016229,919.9297346666667,1015.7605709000001,1.0,0.0,0.0,205.0,2022-01-27 02:45:00+00:00,2022-01-27 20:58:00+00:00,2022-01-27 20:59:00+00:00,18.216666666666665,False,stop,5.0,-1.074834113595096,2022-01-27 00:01:00+00:00,2022-01-24 00:01:00+00:00,2555.979186006657,2370.7250142232647,95.83083623333334
49,1091445.0,1095765.0,1.0,12.06,2380.19,2556.42,2314.55,2708.39,14.3525457,15.4152126,-2.6279271235009145,2125.3338000000003,2098.193968823501,20641.988298753764,22740.182267577264,1.3906165910254409,956.8363800000001,1437.4829564999986,3.0,1.0,0.0,209.0,2022-01-27 22:45:00+00:00,2022-01-30 22:45:00+00:00,2022-01-30 22:45:00+00:00,72.0,True,max_hold,5.000000000000007,2.650511873932573,2022-01-27 00:01:00+00:00,2022-01-24 00:01:00+00:00,2555.979186006657,2370.7250142232647,480.64657649999856
50,1095975.0,1096320.0,-1.0,22.39,2515.41,2528.21,2527.7000000000003,2453.9500000000003,28.16001495,28.303310950000004,6.046295448205,-286.5920000000041,-349.1016213482091,22740.182267577264,22391.080646229053,2.4766745155029195,1877.3343300000001,1877.33433,1.0,0.0,0.0,215.0,2022-01-31 02:15:00+00:00,2022-01-31 08:00:00+00:00,2022-01-31 08:01:00+00:00,5.75,False,stop,5.000813669649918,-1.2686618762815014,2022-01-31 00:01:00+00:00,2022-01-31 00:01:00+00:00,2687.409651466772,2516.3042034954196,-2.2737367544323206e-13
51,1099620.0,1099894.0,-1.0,34.57,2685.18,2708.39,2707.84,2571.87,46.4133363,46.814521150000004,-0.374659914717,-802.3697000000012,-895.2228975352842,22391.080646229053,21495.85774869377,4.145698640750204,3094.2224199999996,3094.22242,1.0,0.0,0.0,217.0,2022-02-02 15:00:00+00:00,2022-02-02 19:34:00+00:00,2022-02-02 19:35:00+00:00,4.566666666666666,False,stop,5.000441306266478,-1.1428043813724484,2022-02-02 00:01:00+00:00,2022-01-31 00:01:00+00:00,2880.292061764807,2695.5299455441022,4.547473508864641e-13
52,1099995.0,1100185.0,-1.0,13.446,2687.62,2708.39,2707.84,2586.51,18.06886926,18.208505969999997,13.6936915143624,-279.27341999999976,-329.2444867443621,21495.85774869377,21166.613261949406,1.681148942390818,1204.5912839999999,1204.591284,1.0,0.0,0.0,218.0,2022-02-02 21:15:00+00:00,2022-02-03 00:25:00+00:00,2022-02-03 00:26:00+00:00,3.1666666666666665,True,stop,5.000494559841662,-1.211000306844692,2022-02-02 00:01:00+00:00,2022-01-31 00:01:00+00:00,2880.292061764807,2695.5299455441022,2.2737367544323206e-13
53,1100790.0,1100795.0,-1.0,48.071,2585.44,2600.4500000000003,2599.93,2512.9900000000002,62.14234312,62.503115975,0.0,-721.5457100000104,-846.1911690950104,21166.613261949406,20320.4220928544,5.871732274875684,4142.822874666666,4142.822874666667,1.0,0.0,0.0,220.0,2022-02-03 10:30:00+00:00,2022-02-03 10:35:00+00:00,2022-02-03 10:36:00+00:00,0.08333333333333333,False,stop,5.000000000000063,-1.2148340234644917,2022-02-03 00:01:00+00:00,2022-01-31 00:01:00+00:00,2771.466935752216,2587.685210126276,9.094947017729282e-13
54,1100910.0,1100920.0,-1.0,16.743000000000002,2582.14,2600.4500000000003,2599.93,2493.19,21.616385010000002,21.769667175000006,0.0,-306.56433000000675,-349.95038218500673,20320.4220928544,19970.471710669393,2.1275527556685274,1441.0923340000002,1441.0923340000002,1.0,0.0,0.0,222.0,2022-02-03 12:30:00+00:00,2022-02-03 12:40:00+00:00,2022-02-03 12:41:00+00:00,0.16666666666666666,False,stop,5.0,-1.1748901068015987,2022-02-03 00:01:00+00:00,2022-01-31 00:01:00+00:00,2771.466935752216,2587.685210126276,0.0
55,1101420.0,1101420.0,-1.0,3.318,2581.91,2600.4500000000003,2599.93,2491.81,4.28338869,4.31414655,0.0,-61.51572000000139,-70.1132552400014,19970.471710669393,19900.358455429392,0.4289722097762531,285.559246,285.559246,1.0,0.0,0.0,224.0,2022-02-03 21:00:00+00:00,2022-02-03 21:00:00+00:00,2022-02-03 21:01:00+00:00,0.0,False,stop,5.0,-1.1726514983352077,2022-02-03 00:01:00+00:00,2022-01-31 00:01:00+00:00,2771.466935752216,2587.685210126276,0.0
56,1122660.0,1122709.0,1.0,11.222,2850.04,2781.93,2782.4900000000002,3187.79,15.991574439999999,15.609409229999999,0.0,-764.3304200000014,-795.9314036700014,19900.358455429392,19104.42705175939,1.6071644614659728,1066.1049626666666,1477.6669497999965,1.0,0.0,0.0,227.0,2022-02-18 15:00:00+00:00,2022-02-18 15:49:00+00:00,2022-02-18 15:50:00+00:00,0.8166666666666667,False,stop,5.00000000000002,-1.0499775721687699,2022-02-18 00:01:00+00:00,2022-02-14 00:01:00+00:00,2986.2261298217422,2798.4232528629173,411.5619871333299
57,1126170.0,1126179.0,-1.0,20.887,2708.46,2733.3,2732.75,2587.01,28.28580201,28.54521855,0.0,-518.8330800000031,-575.664100560003,19104.42705175939,18528.762951199387,2.9611777347067902,1885.720134,1885.720134,1.0,0.0,0.0,228.0,2022-02-21 01:30:00+00:00,2022-02-21 01:39:00+00:00,2022-02-21 01:40:00+00:00,0.15,False,stop,5.0,-1.1346595306710656,2022-02-21 00:01:00+00:00,2022-02-21 00:01:00+00:00,2717.847311586149,2527.063712932313,0.0
58,1126260.0,1126310.0,1.0,12.586,2720.86,2704.59,2705.14,2799.4700000000003,17.12237198,17.019984870000002,0.0,-204.7742199999998,-238.91657684999979,18528.762951199387,18289.84637434939,1.8481937542291942,1141.4914653333333,1141.4914653333335,1.0,0.0,0.0,231.0,2022-02-21 03:00:00+00:00,2022-02-21 03:50:00+00:00,2022-02-21 03:51:00+00:00,0.8333333333333334,False,stop,5.0006361323154485,-1.2075524809160099,2022-02-21 00:01:00+00:00,2022-02-21 00:01:00+00:00,2717.847311586149,2527.063712932313,2.2737367544323206e-13
59,1126680.0,1126993.0,-1.0,10.629,2712.02,2745.59,2745.04,2546.92,14.413030289999998,14.591438055000001,0.0,-356.81553000000173,-385.81999834500175,18289.84637434939,17904.026376004385,1.5760690379787516,960.8686859999999,999.5559430499998,1.0,0.0,0.0,236.0,2022-02-21 10:00:00+00:00,2022-02-21 15:13:00+00:00,2022-02-21 15:14:00+00:00,5.216666666666667,False,stop,5.0,-1.0992975469412534,2022-02-21 00:01:00+00:00,2022-02-21 00:01:00+00:00,2717.847311586149,2527.063712932313,38.68725704999986
60,1127085.0,1127098.0,1.0,12.484,2722.89,2704.59,2705.14,2811.64,16.99627938,16.88205078,0.0,-228.4571999999966,-262.3355301599966,17904.026376004385,17641.690845844387,1.8985985635922678,1133.085292,1133.085292,1.0,0.0,0.0,240.0,2022-02-21 16:45:00+00:00,2022-02-21 16:58:00+00:00,2022-02-21 16:59:00+00:00,0.21666666666666667,False,stop,5.0,-1.1838726760563227,2022-02-21 00:01:00+00:00,2022-02-21 00:01:00+00:00,2717.847311586149,2527.063712932313,0.0
61,1129680.0,1129747.0,-1.0,10.467,2717.12,2750.28,2749.73,2554.06,14.22004752,14.393590380000001,0.0,-347.0857200000033,-375.69935790000324,17641.690845844387,17265.991487944382,1.6120957615975482,948.003168,981.2310084000012,1.0,0.0,0.0,241.0,2022-02-23 12:00:00+00:00,2022-02-23 13:07:00+00:00,2022-02-23 13:08:00+00:00,1.1166666666666667,False,stop,5.000306654400469,-1.100696105489119,2022-02-23 00:01:00+00:00,2022-02-21 00:01:00+00:00,2730.2771178201506,2544.148057192766,33.22784040000124
62,1134855.0,1135893.0,1.0,11.293000000000001,2705.52,2663.7000000000003,2664.2400000000002,2911.92,15.276718680000002,15.040582050000003,3.3275701787106655,-472.27325999999675,-505.91813090870744,17265.991487944382,16760.073357035675,1.7695732898590448,1018.4479120000001,1153.6273805999972,1.0,0.0,0.0,242.0,2022-02-27 02:15:00+00:00,2022-02-27 19:33:00+00:00,2022-02-27 19:34:00+00:00,17.3,False,stop,5.000000000000033,-1.085253579661216,2022-02-27 00:01:00+00:00,2022-02-21 00:01:00+00:00,2869.2717417761855,2689.92208375572,135.1794685999971
63,1147515.0,1148761.0,1.0,21.765,2476.13,2614.81,2448.29,2615.34,26.946484725,28.455669825,5.649298428706246,3018.3701999999967,2957.3187470212906,16760.073357035675,19717.39210405697,3.215556895362656,1796.4323150000002,1818.5294126250035,2.0,0.0,0.0,243.0,2022-03-07 21:15:00+00:00,2022-03-08 18:01:00+00:00,2022-03-08 18:02:00+00:00,20.766666666666666,True,target,5.000359195402274,4.880566492360393,2022-03-07 00:01:00+00:00,2022-03-07 00:01:00+00:00,2638.699693209475,2463.064445577305,22.097097625003244
64,1173495.0,1174068.0,-1.0,1.401,3105.1,3136.01,3135.38,2953.69,2.17512255,2.196775005,-0.43451466971110203,-43.30491000000043,-47.24229288528933,19717.39210405697,19670.14981117168,0.220629841768218,145.00817,145.00817,1.0,0.0,0.0,255.0,2022-03-25 22:15:00+00:00,2022-03-26 07:48:00+00:00,2022-03-26 07:49:00+00:00,9.55,True,stop,5.000330250990715,-1.1136198451683648,2022-03-25 00:01:00+00:00,2022-03-21 00:01:00+00:00,3114.3459746962703,2627.289545663912,0.0
65,1177785.0,1178476.0,-1.0,11.812,3380.55,3436.59,3435.9,3103.8,19.965528300000003,20.29650054,-7.936193607418224,-661.9444799999995,-694.2703152325813,19670.14981117168,18975.879495939098,2.0300331712431148,1331.0352200000002,1552.242973499999,1.0,0.0,0.0,256.0,2022-03-28 21:45:00+00:00,2022-03-29 09:16:00+00:00,2022-03-29 09:17:00+00:00,11.516666666666667,True,stop,5.000000000000008,-1.0619095660875892,2022-03-28 00:01:00+00:00,2022-03-28 00:01:00+00:00,3389.0061112757066,3203.620927084466,221.20775349999872
66,1183095.0,1183306.0,1.0,34.613,3384.51,3473.17,3366.64,3473.87,58.574022315,60.108416605,11.87987386,3068.788579999995,2938.226267219995,18975.879495939098,21914.105763159092,6.173523849319873,3904.9348210000003,3904.9348210000003,2.0,0.0,0.0,257.0,2022-04-01 14:15:00+00:00,2022-04-01 17:46:00+00:00,2022-04-01 17:47:00+00:00,3.5166666666666666,False,target,5.00055959708998,4.750304420816912,2022-04-01 00:01:00+00:00,2022-03-28 00:01:00+00:00,3379.519959797369,3186.1870836666453,0.0
67,1196520.0,1196764.0,-1.0,23.52,3268.19,3172.1800000000003,3287.52,3171.54,38.4339144,37.304836800000004,-3.5195865949439993,2258.1551999999942,2185.9360353949382,21914.105763159092,24100.04179855403,3.507687223506349,2562.26096,2562.26096,2.0,0.0,0.0,260.0,2022-04-10 22:00:00+00:00,2022-04-11 02:04:00+00:00,2022-04-11 02:05:00+00:00,4.066666666666666,True,target,5.000000000000023,4.808042280765655,2022-04-10 00:01:00+00:00,2022-04-04 00:01:00+00:00,3783.6365173867493,3276.147410206675,0.0
68,1198230.0,1198344.0,-1.0,5.966,2954.39,2989.76,2989.16,2780.54,8.81294537,8.918454080000002,0.0,-211.01742000000206,-228.74881945000206,24100.04179855403,23871.29297910403,0.7313634925337569,587.5296913333333,604.0203616499998,1.0,0.0,0.0,261.0,2022-04-12 02:30:00+00:00,2022-04-12 04:24:00+00:00,2022-04-12 04:25:00+00:00,1.9,False,stop,5.0,-1.102734397469093,2022-04-12 00:01:00+00:00,2022-04-11 00:01:00+00:00,3443.1880261537244,2974.4341522471227,16.490670316666524
69,1198860.0,1198893.0,1.0,36.546,3077.1,3054.04,3054.66,3189.3,56.2278483,55.806472920000004,0.0,-842.750759999998,-954.785081219998,23871.29297910403,22916.507897884032,4.710917699281693,3748.52322,3748.5232199999996,1.0,0.0,0.0,262.0,2022-04-12 13:00:00+00:00,2022-04-12 13:33:00+00:00,2022-04-12 13:34:00+00:00,0.55,False,stop,5.0,-1.1642410873440232,2022-04-12 00:01:00+00:00,2022-04-11 00:01:00+00:00,3066.1531038612447,2893.721812171294,-4.547473508864641e-13
70,1200810.0,1200874.0,-1.0,10.07,3094.4,3124.7400000000002,3124.11,2945.85,15.580304,15.733065900000001,0.0,-305.5238000000015,-336.83716990000147,22916.507897884032,22579.67072798403,1.359745042257384,1038.6869333333334,1038.6869333333334,1.0,0.0,0.0,267.0,2022-04-13 21:30:00+00:00,2022-04-13 22:34:00+00:00,2022-04-13 22:35:00+00:00,1.0666666666666667,False,stop,5.0,-1.1258690676539922,2022-04-13 00:01:00+00:00,2022-04-11 00:01:00+00:00,3110.4686277857422,2944.408957604463,0.0
71,1207200.0,1207458.0,-1.0,13.103,2890.6,2935.41,2934.82,2669.4900000000002,18.9377659,19.231338615,1.670380293456,-587.1454299999992,-626.9849148084553,22579.67072798403,21952.685813175576,1.6774173661026464,1262.5177266666665,1431.6141255000034,1.0,0.0,0.0,268.0,2022-04-18 08:00:00+00:00,2022-04-18 12:18:00+00:00,2022-04-18 12:19:00+00:00,4.3,False,stop,5.0002261420171505,-1.0821005371325119,2022-04-18 00:01:00+00:00,2022-04-18 00:01:00+00:00,3065.50238718785,2908.6179146901495,169.09639883333693
72,1219125.0,1219638.0,-1.0,18.181,2907.18,2779.48,2932.83,2778.92,26.42771979,25.266862940000003,-2.593812678978128,2321.7136999999966,2272.612929948975,21952.685813175576,24225.29874312455,2.4076980844082954,1761.847986,1761.847986,2.0,0.0,0.0,269.0,2022-04-26 14:45:00+00:00,2022-04-26 23:18:00+00:00,2022-04-26 23:19:00+00:00,8.55,False,target,5.000389863547731,4.873268464612805,2022-04-26 00:01:00+00:00,2022-04-25 00:01:00+00:00,3093.2972938053404,2921.3801564424334,0.0
73,1220175.0,1220194.0,1.0,15.677,2891.98,2877.58,2878.16,2961.09,22.66878523,22.55591083,0.0,-225.7488000000014,-270.9734960600014,24225.29874312455,23954.32524706455,1.8714968570972685,1511.2523486666666,1511.2523486666666,1.0,0.0,0.0,273.0,2022-04-27 08:15:00+00:00,2022-04-27 08:34:00+00:00,2022-04-27 08:35:00+00:00,0.31666666666666665,False,stop,5.000723589001397,-1.2507076700434072,2022-04-27 00:01:00+00:00,2022-04-25 00:01:00+00:00,2888.7849075197764,2729.2409600578844,0.0
74,1220280.0,1220531.0,1.0,7.696,2899.13,2853.1,2853.68,3126.39,11.15585224,10.978728799999999,0.0,-354.2468800000015,-376.3814610400015,23954.32524706455,23577.943786024545,0.9314269656889692,743.7234826666667,851.796550800002,1.0,0.0,0.0,278.0,2022-04-27 10:00:00+00:00,2022-04-27 14:11:00+00:00,2022-04-27 14:12:00+00:00,4.183333333333334,False,stop,5.000220022002165,-1.0760421342134192,2022-04-27 00:01:00+00:00,2022-04-25 00:01:00+00:00,2888.7849075197764,2729.2409600578844,108.07306813333537
75,1220700.0,1221186.0,-1.0,15.313,2879.4,2906.21,2905.62,2748.3,22.046126100000002,22.251396865000004,0.7406647305467667,-410.54152999999917,-455.5797176955459,23577.943786024545,23122.364068329,1.8700635051193477,1469.7417400000002,1469.7417400000002,1.0,0.0,0.0,287.0,2022-04-27 17:00:00+00:00,2022-04-28 01:06:00+00:00,2022-04-28 01:07:00+00:00,8.1,True,stop,5.000000000000035,-1.1346748040507935,2022-04-27 00:01:00+00:00,2022-04-25 00:01:00+00:00,2888.7849075197764,2729.2409600578844,0.0
76,1225440.0,1225542.0,-1.0,6.578,2724.55,2752.96,2752.4,2585.3,8.961044950000002,9.05448544,1.2823441877387332,-186.88097999999906,-206.1788545777378,23122.364068329,22916.185213751265,0.7750976434346573,597.4029966666668,597.4029966666667,1.0,0.0,0.0,289.0,2022-05-01 00:00:00+00:00,2022-05-01 01:42:00+00:00,2022-05-01 01:43:00+00:00,1.7,False,stop,5.000000000000016,-1.1254470157460752,2022-04-30 00:01:00+00:00,2022-04-25 00:01:00+00:00,2890.096089233441,2742.576022447179,-1.1368683772161603e-13
77,1229580.0,1232089.0,1.0,20.775000000000002,2783.39,2831.2200000000003,2742.59,2987.39,28.912463625,29.409297750000007,29.31287225718675,993.668250000008,906.0336163678213,22916.185213751265,23822.218830119087,2.5233225648438697,1927.497575,2148.680863124994,5.0,1.0,0.0,290.0,2022-05-03 21:00:00+00:00,2022-05-05 14:49:00+00:00,2022-05-05 14:49:00+00:00,41.81666666666667,True,daily_risk,5.000000000000034,1.068914863226242,2022-05-03 00:01:00+00:00,2022-05-02 00:01:00+00:00,2934.338421334143,2778.1180815175344,221.18328812499408
78,1233330.0,1233338.0,-1.0,29.484,2669.41,2681.67,2681.13,2610.8,39.35244222,39.53317914,0.0,-361.4738400000065,-440.3594613600065,23822.218830119087,23381.85936875908,3.3038435672705364,2623.4961479999997,2623.496148,1.0,0.0,0.0,298.0,2022-05-06 11:30:00+00:00,2022-05-06 11:38:00+00:00,2022-05-06 11:39:00+00:00,0.13333333333333333,False,stop,5.000853242320683,-1.27436348122866,2022-05-06 00:01:00+00:00,2022-05-02 00:01:00+00:00,2823.927960344176,2670.942135500059,4.547473508864641e-13
79,1233420.0,1233456.0,1.0,25.03,2682.35,2647.78,2648.31,2852.55,33.56961025,33.1369667,0.0,-865.2870999999927,-931.9936769499927,23381.85936875908,22449.865691809086,2.871423501490472,2237.9740166666666,2362.653661249999,1.0,0.0,0.0,301.0,2022-05-06 13:00:00+00:00,2022-05-06 13:36:00+00:00,2022-05-06 13:37:00+00:00,0.6,False,stop,5.000000000000013,-1.093862074030545,2022-05-06 00:01:00+00:00,2022-05-02 00:01:00+00:00,2823.927960344176,2670.942135500059,124.67964458333245
80,1233540.0,1235399.0,1.0,5.362,2696.2000000000003,2619.28,2619.81,3078.16,7.228512200000001,7.022289680000001,3.290398332119537,-412.4450400000004,-429.98624021212,22449.865691809086,22019.879451596968,0.6439693046927537,481.9008133333334,734.8862290000017,1.0,0.0,0.0,305.0,2022-05-06 15:00:00+00:00,2022-05-07 21:59:00+00:00,2022-05-07 22:00:00+00:00,30.983333333333334,True,stop,5.000130907186778,-1.0497629442528207,2022-05-06 00:01:00+00:00,2022-05-02 00:01:00+00:00,2823.927960344176,2670.942135500059,252.98541566666825
81,1236030.0,1236167.0,-1.0,12.707,2551.94,2574.63,2574.11,2441.08,16.213750790000002,16.357911705000003,0.0,-288.3218300000007,-320.8934924950007,22019.879451596968,21698.985959101967,1.4726466441962394,1080.9167193333335,1080.9167193333335,1.0,0.0,0.0,306.0,2022-05-08 08:30:00+00:00,2022-05-08 10:47:00+00:00,2022-05-08 10:48:00+00:00,2.283333333333333,False,stop,5.000451059990968,-1.1390746504285056,2022-05-08 00:01:00+00:00,2022-05-02 00:01:00+00:00,2708.8023802031953,2562.858214809764,0.0
82,1237125.0,1237152.0,-1.0,18.364,2439.4700000000003,2458.26,2457.76,2348.02,22.399213540000005,22.571743320000003,0.0,-345.05955999999935,-390.03051685999935,21698.985959101967,21308.955442241968,2.064540120189747,1493.2809026666669,1493.2809026666669,1.0,0.0,0.0,307.0,2022-05-09 02:45:00+00:00,2022-05-09 03:12:00+00:00,2022-05-09 03:13:00+00:00,0.45,False,stop,5.000000000000025,-1.1612282668124663,2022-05-09 00:01:00+00:00,2022-05-09 00:01:00+00:00,2591.641154534408,2448.2005152985244,0.0
83,1237305.0,1237381.0,-1.0,5.077,2444.32,2458.26,2457.76,2377.11,6.20490632,6.24029301,0.0,-70.77338000000027,-83.21857933000028,21308.955442241968,21225.736862911966,0.5823754558798934,413.6604213333333,413.6604213333333,1.0,0.0,0.0,311.0,2022-05-09 05:45:00+00:00,2022-05-09 07:01:00+00:00,2022-05-09 07:02:00+00:00,1.2666666666666666,False,stop,5.00074404761903,-1.219590029761904,2022-05-09 00:01:00+00:00,2022-05-09 00:01:00+00:00,2591.641154534408,2448.2005152985244,0.0
84,1237500.0,1237588.0,1.0,15.561,2464.09,2411.9700000000003,2412.46,2722.25,19.171852245000004,18.766332585,0.0,-811.0393199999983,-848.9775048299982,21225.736862911966,20376.75935808197,1.8064722434677172,1278.123483,1666.1477810250017,1.0,0.0,0.0,317.0,2022-05-09 09:00:00+00:00,2022-05-09 10:28:00+00:00,2022-05-09 10:29:00+00:00,1.4666666666666666,False,stop,5.000193685841552,-1.0567117954677467,2022-05-09 00:01:00+00:00,2022-05-09 00:01:00+00:00,2591.641154534408,2448.2005152985244,388.0242980250016
85,1237665.0,1237892.0,1.0,8.378,2387.16,2350.03,2350.51,2570.41,9.99981324,9.844275670000002,0.0,-311.07513999999713,-330.9192289099971,20376.75935808197,20045.840129171975,0.981492009035657,666.654216,757.0452957999969,1.0,0.0,0.0,321.0,2022-05-09 11:45:00+00:00,2022-05-09 15:32:00+00:00,2022-05-09 15:33:00+00:00,3.783333333333333,False,stop,5.00000000000005,-1.0777242837653491,2022-05-09 00:01:00+00:00,2022-05-09 00:01:00+00:00,2666.482938535249,2379.485395652054,90.39107979999687
86,1238835.0,1238879.0,1.0,28.063,2399.04,2375.42,2375.9,2514.7400000000002,33.66212976,33.330705730000005,0.0,-662.848059999997,-729.8408954899969,20045.840129171975,19315.999233681978,3.3585152373846117,2244.141984,2244.141984,1.0,0.0,0.0,325.0,2022-05-10 07:15:00+00:00,2022-05-10 07:59:00+00:00,2022-05-10 08:00:00+00:00,0.7333333333333333,False,stop,5.000000000000039,-1.1239079515989643,2022-05-10 00:01:00+00:00,2022-05-09 00:01:00+00:00,2388.846960401132,2077.0134012966837,0.0
87,1238955.0,1238962.0,1.0,8.171,2392.68,2377.9900000000002,2378.4700000000003,2463.73,9.775294139999998,9.715278145000001,0.0,-120.03198999999672,-139.52256228499672,19315.999233681978,19176.47667139698,1.0121448051162145,651.6862759999999,651.6862759999999,1.0,0.0,0.0,328.0,2022-05-10 09:15:00+00:00,2022-05-10 09:22:00+00:00,2022-05-10 09:23:00+00:00,0.11666666666666667,False,stop,5.00000000000016,-1.2016421534130965,2022-05-10 00:01:00+00:00,2022-05-09 00:01:00+00:00,2388.846960401132,2077.0134012966837,0.0
88,1239090.0,1239282.0,1.0,6.964,2392.43,2377.9900000000002,2378.4700000000003,2462.23,8.33044126,8.28016118,0.0,-100.56015999999723,-117.17076243999722,19176.47667139698,19059.305908956983,0.8688187515098036,555.3627506666667,555.3627506666667,1.0,0.0,0.0,329.0,2022-05-10 11:30:00+00:00,2022-05-10 14:42:00+00:00,2022-05-10 14:43:00+00:00,3.2,False,stop,5.0000000000001625,-1.2052442693409815,2022-05-10 00:01:00+00:00,2022-05-09 00:01:00+00:00,2388.846960401132,2077.0134012966837,0.0
89,1240440.0,1240505.0,1.0,18.413,2435.93,2411.63,2412.12,2554.98,22.426389545,22.202671595,0.0,-447.435899999995,-492.06496113999503,19059.305908956983,18567.24094781699,2.3533269943960176,1495.0926363333333,1495.0926363333333,1.0,0.0,0.0,331.0,2022-05-11 10:00:00+00:00,2022-05-11 11:05:00+00:00,2022-05-11 11:06:00+00:00,1.0833333333333333,False,stop,5.0000000000000195,-1.1223763124737418,2022-05-11 00:01:00+00:00,2022-05-09 00:01:00+00:00,2422.864498897718,2261.63103305734,0.0
90,1240590.0,1240602.0,-1.0,2.9,2409.66,2254.96,2440.69,2254.5,3.494007,3.269692,0.0,448.6299999999995,441.86630099999945,18567.24094781699,19009.10724881699,0.3763625419436161,232.93379999999996,247.21731500000055,2.0,0.0,0.0,336.0,2022-05-11 12:30:00+00:00,2022-05-11 12:42:00+00:00,2022-05-11 12:43:00+00:00,0.2,False,target,5.000322268772119,4.910334837254233,2022-05-11 00:01:00+00:00,2022-05-09 00:01:00+00:00,2422.864498897718,2261.63103305734,14.283515000000591
91,1246980.0,1250838.0,-1.0,12.235,2128.65,1957.3,2163.0,1956.9,13.022016375,11.973782749999998,-4.532793859658899,2096.4672500000015,2076.0042447346605,19009.10724881699,21085.11149355165,1.3700818459857351,868.134425,1006.2629868749988,2.0,0.0,0.0,337.0,2022-05-15 23:00:00+00:00,2022-05-18 15:18:00+00:00,2022-05-18 15:19:00+00:00,64.3,True,target,5.000000000000013,4.939665287762079,2022-05-15 00:01:00+00:00,2022-05-09 00:01:00+00:00,2140.2997444676225,1973.0998010516669,138.1285618749988
92,1251540.0,1255860.0,1.0,14.917,1945.1200000000001,1974.27,1890.89,2216.28,14.507677520000001,14.725092795,12.547066992961796,434.83054999999797,393.05071269203614,21085.11149355165,21478.162206243687,1.3761063131619493,967.1785013333334,1461.7943984000003,3.0,1.0,0.0,340.0,2022-05-19 03:00:00+00:00,2022-05-22 03:00:00+00:00,2022-05-22 03:00:00+00:00,72.0,True,max_hold,5.00018439977872,0.48587828951031775,2022-05-19 00:01:00+00:00,2022-05-16 00:01:00+00:00,2389.4340031036886,1923.9017101660097,494.6158970666669
93,1262220.0,1262231.0,1.0,15.496,1811.17,1784.26,1784.6200000000001,1943.92,14.03294516,13.82444648,0.0,-416.99736000000127,-444.85475164000127,21478.162206243687,21033.307454603684,1.3067174952166656,935.5296773333334,1042.9013321999994,1.0,0.0,0.0,349.0,2022-05-26 13:00:00+00:00,2022-05-26 13:11:00+00:00,2022-05-26 13:12:00+00:00,0.18333333333333332,False,stop,5.000000000000009,-1.0812698681732629,2022-05-26 00:01:00+00:00,2022-05-23 00:01:00+00:00,2089.6633015689486,1804.771130913007,107.37165486666595
94,1262415.0,1262602.0,1.0,16.783,1884.96,1836.7,1837.07,2124.42,15.817641840000002,15.412668050000002,0.0,-809.9475799999999,-841.1778898899998,21033.307454603684,20192.129564713683,1.5040565421429146,1054.5094560000002,1515.5317528000019,1.0,0.0,0.0,350.0,2022-05-26 16:15:00+00:00,2022-05-26 19:22:00+00:00,2022-05-26 19:23:00+00:00,3.1166666666666667,False,stop,5.000208811860504,-1.04658237627897,2022-05-26 00:01:00+00:00,2022-05-23 00:01:00+00:00,2014.4791216706362,1872.1286110289163,461.02229680000164
95,1285080.0,1286068.0,-1.0,28.159,1594.93,1461.53,1621.67,1461.23,22.455816934999998,20.577611634999997,6.5673245402008895,3756.4106000000024,3706.809846889802,20192.129564713683,23898.93941160349,2.224214822218868,1497.0544623333333,1763.4834220750001,2.0,0.0,0.0,352.0,2022-06-11 10:00:00+00:00,2022-06-12 02:28:00+00:00,2022-06-12 02:29:00+00:00,16.466666666666665,True,target,5.0,4.922907519374369,2022-06-11 00:01:00+00:00,2022-06-06 00:01:00+00:00,1723.3816628343427,1602.7081302219358,266.42895974166686
96,1286175.0,1286790.0,-1.0,38.634,1464.83,1488.09,1487.79,1350.02,28.29612111,28.74543453,5.632512492322386,-898.6268399999997,-961.3009081323221,23898.93941160349,22937.638503471164,2.3679813252517454,1886.408074,2160.3620899500015,1.0,0.0,0.0,353.0,2022-06-12 04:15:00+00:00,2022-06-12 14:30:00+00:00,2022-06-12 14:31:00+00:00,10.25,False,stop,5.0004355400696765,-1.0837217593766144,2022-06-12 00:01:00+00:00,2022-06-06 00:01:00+00:00,1592.1906855982095,1474.4504017858703,273.9540159500016
97,1287645.0,1287888.0,-1.0,30.22,1367.25,1224.04,1395.94,1223.79,20.6591475,18.4952444,0.08488212940800001,4327.806200000001,4288.566925970594,22937.638503471164,27226.205429441758,1.8013316843295477,1377.2765,1796.6734375000015,2.0,0.0,0.0,356.0,2022-06-13 04:45:00+00:00,2022-06-13 08:48:00+00:00,2022-06-13 08:49:00+00:00,4.05,False,target,5.000348553502954,4.9463766536632905,2022-06-13 00:01:00+00:00,2022-06-13 00:01:00+00:00,1495.1841834075822,1375.9909617363644,419.3969375000015
98,1292100.0,1292307.0,-1.0,61.071,1175.16,1111.93,1187.8500000000001,1111.7,35.88409818,33.953338515000006,-4.706778922679257,3861.519330000001,3796.3886722276807,27226.205429441758,31022.594101669438,2.635997019341947,2392.273212,2392.273212,2.0,0.0,0.0,357.0,2022-06-16 07:00:00+00:00,2022-06-16 10:27:00+00:00,2022-06-16 10:28:00+00:00,3.45,False,target,5.000788022064599,4.898622979123492,2022-06-16 00:01:00+00:00,2022-06-13 00:01:00+00:00,1295.4966870078185,1180.170922421489,0.0
99,1297740.0,1297933.0,-1.0,36.32,1068.42,1101.5,1101.27,904.1700000000001,19.4025072,20.00324,0.8529870736270089,-1201.4655999999973,-1241.7243342736242,31022.594101669438,29780.869767395812,1.2508629766042603,1293.50048,2066.2248239999967,1.0,0.0,0.0,358.0,2022-06-20 05:00:00+00:00,2022-06-20 08:13:00+00:00,2022-06-20 08:14:00+00:00,3.216666666666667,False,stop,5.000000000000014,-1.0407441499822545,2022-06-20 00:01:00+00:00,2022-06-20 00:01:00+00:00,1186.957398931128,1071.743009096667,772.7243439999968
100,1300740.0,1301284.0,1.0,32.671,1078.39,1062.92,1063.14,1154.65,17.616039845000003,17.36332966,-3.9426969462529415,-505.4203700000009,-536.457042558748,29780.869767395812,29244.412724837064,1.183044013327381,1174.4026563333334,1290.954543025,1.0,0.0,0.0,360.0,2022-06-22 07:00:00+00:00,2022-06-22 16:04:00+00:00,2022-06-22 16:05:00+00:00,9.066666666666666,False,stop,5.000655737704918,-1.07671975107768,2022-06-22 00:01:00+00:00,2022-06-20 00:01:00+00:00,1179.002796499169,1074.3678680501694,116.5518866916666
101,1302180.0,1302323.0,-1.0,57.686,1099.06,1116.74,1116.51,1011.8000000000001,31.700187579999998,32.21013182,4.089368432253696,-1019.8884800000037,-1087.8881678322573,29244.412724837064,28156.524557004803,2.1679483105555586,2113.3458386666666,2433.1291411000025,1.0,0.0,0.0,364.0,2022-06-23 07:00:00+00:00,2022-06-23 09:23:00+00:00,2022-06-23 09:24:00+00:00,2.3833333333333333,False,stop,5.000573065902559,-1.080732959129744,2022-06-23 00:01:00+00:00,2022-06-20 00:01:00+00:00,1099.4094857312198,1001.6653251518588,319.78330243333585
102,1302690.0,1302928.0,-1.0,39.623,1095.27,1119.43,1119.2,975.61,21.698941605,22.177587445,4.3977575188747,-957.2916800000032,-1005.5659665688779,28156.524557004803,27150.958590435926,1.5413082364671118,1446.596107,1924.6307622250024,1.0,0.0,0.0,371.0,2022-06-23 15:30:00+00:00,2022-06-23 19:28:00+00:00,2022-06-23 19:29:00+00:00,3.966666666666667,False,stop,5.000417885499359,-1.0605240292060183,2022-06-23 00:01:00+00:00,2022-06-20 00:01:00+00:00,1099.4094857312198,1001.6653251518588,478.0346552250023
103,1319805.0,1320156.0,-1.0,45.967,1100.66,1109.45,1109.22,1057.8600000000001,25.29701911,25.499044075,-2.149400302448869,-404.0499299999983,-452.6965928825494,27150.958590435926,26698.261997553378,1.8634346942660813,1686.4679406666667,1686.4679406666667,1.0,0.0,0.0,372.0,2022-07-05 12:45:00+00:00,2022-07-05 18:36:00+00:00,2022-07-05 18:37:00+00:00,5.85,False,stop,5.000000000000027,-1.1505017945689815,2022-07-05 00:01:00+00:00,2022-07-04 00:01:00+00:00,1199.7390693544785,1102.7639981849204,0.0
104,1322790.0,1323447.0,1.0,90.589,1213.28,1264.67,1202.95,1264.93,54.95491096,57.28259531500001,18.82020139619843,4655.368710000009,4524.31100232881,26698.261997553378,31222.572999882188,4.116740705071817,3663.660730666667,3663.6607306666665,2.0,0.0,0.0,379.0,2022-07-07 14:30:00+00:00,2022-07-08 01:27:00+00:00,2022-07-08 01:28:00+00:00,10.95,True,target,5.000000000000044,4.834779407919414,2022-07-07 00:01:00+00:00,2022-07-04 00:01:00+00:00,1209.4789851683997,953.519014503115,-4.547473508864641e-13
105,1330800.0,1331021.0,-1.0,6.771,1051.4,1065.66,1065.44,981.2,3.5595147000000003,3.6077919300000003,0.0,-96.55445999999993,-103.72176662999993,31222.572999882188,31118.85123325219,0.22800905614110864,237.30098,255.24300149999976,1.0,0.0,1.0,381.0,2022-07-13 04:00:00+00:00,2022-07-13 07:41:00+00:00,2022-07-13 07:42:00+00:00,3.683333333333333,False,stop,5.000000000000016,-1.0910633903133926,2022-07-13 00:01:00+00:00,2022-07-11 00:01:00+00:00,1295.6797489913772,1052.5596291534505,17.942021499999754
106,1342980.0,1344061.0,1.0,41.616,1499.54,1639.81,1471.42,1640.14,31.20242832,34.12116648,19.506095433781923,5837.476319999999,5752.646629766216,31118.85123325219,36871.497863018405,2.005371476351833,2080.161888,2574.351194399995,2.0,0.0,0.0,382.0,2022-07-21 15:00:00+00:00,2022-07-22 09:01:00+00:00,2022-07-22 09:02:00+00:00,18.016666666666666,True,target,5.000000000000024,4.915775560121995,2022-07-21 00:01:00+00:00,2022-07-18 00:01:00+00:00,1493.9310799650214,1198.8281232772354,494.1893063999951
107,1348170.0,1348365.0,-1.0,60.258,1515.93,1538.44,1538.13,1404.92,45.67345497000001,46.35165876000001,1.0396631781508465,-1356.4075799999996,-1449.4723569081505,36871.497863018405,35422.02550611026,2.4774396277407456,3044.8969980000006,3393.0330736500027,1.0,0.0,0.0,383.0,2022-07-25 05:30:00+00:00,2022-07-25 08:45:00+00:00,2022-07-25 08:46:00+00:00,3.25,False,stop,5.0004504504504395,-1.0835332670927529,2022-07-25 00:01:00+00:00,2022-07-25 00:01:00+00:00,1671.7123104036928,1527.0982674545965,348.1360756500021
108,1372200.0,1376520.0,1.0,22.373,1860.38,1985.6000000000001,1820.58,2059.39,20.811140870000003,22.2119144,19.950291596470993,2801.547060000001,2738.57371313353,35422.02550611026,38160.59921924379,1.1750395734094938,1387.4093913333336,1826.946739150004,3.0,1.0,0.0,384.0,2022-08-10 22:00:00+00:00,2022-08-13 22:00:00+00:00,2022-08-13 22:00:00+00:00,72.0,True,max_hold,5.000251256281378,3.075509978639361,2022-08-10 00:01:00+00:00,2022-08-08 00:01:00+00:00,1856.0081390719029,1560.8445354386297,439.5373478166705
109,1384350.0,1386457.0,-1.0,34.638,1727.51,1556.33,1761.81,1556.01,29.91874569,26.954079269999998,-1.8090346327739102,5929.332840000002,5874.2690496727755,38160.59921924379,44034.868268916565,1.5680438096953386,1994.583046,2534.426956049998,2.0,0.0,0.0,386.0,2022-08-19 08:30:00+00:00,2022-08-20 19:37:00+00:00,2022-08-20 19:38:00+00:00,35.11666666666667,True,target,5.000000000000006,4.944323815712587,2022-08-19 00:01:00+00:00,2022-08-15 00:01:00+00:00,2158.917105388148,1733.5004170190896,539.8439100499979
110,1386570.0,1386608.0,-1.0,31.346,1547.5900000000001,1582.19,1581.8700000000001,1376.19,24.255378070000003,24.79766387,0.0,-1084.5715999999973,-1133.6246419399972,44034.868268916565,42901.243626976575,1.1016441753328212,1617.025204666667,2166.032893149999,1.0,0.0,0.0,402.0,2022-08-20 21:30:00+00:00,2022-08-20 22:08:00+00:00,2022-08-20 22:09:00+00:00,0.6333333333333333,False,stop,5.000000000000006,-1.0549851225204183,2022-08-20 00:01:00+00:00,2022-08-15 00:01:00+00:00,2409.3060752823853,1553.3450651600413,549.007688483332
111,1416990.0,1417079.0,1.0,9.702,1777.15,1757.25,1757.6100000000001,1874.8500000000001,8.62095465,8.52441975,0.0,-193.06980000000087,-210.21517440000085,42901.243626976575,42691.02845257657,0.40189765709165076,574.73031,577.5200392499996,1.0,0.0,0.0,403.0,2022-09-11 00:30:00+00:00,2022-09-11 01:59:00+00:00,2022-09-11 02:00:00+00:00,1.4833333333333334,False,stop,5.0000000000000115,-1.1088638689867005,2022-09-11 00:01:00+00:00,2022-09-05 00:01:00+00:00,1772.0149669633363,1405.4767629124265,2.7897292499995956
112,1418070.0,1418099.0,1.0,11.044,1773.25,1754.13,1754.49,1867.05,9.7918865,9.686305860000001,0.0,-211.1612799999988,-230.63947235999882,42691.02845257657,42460.388980216565,0.4587327527551763,652.7924333333334,652.7924333333334,1.0,0.0,0.0,405.0,2022-09-11 18:30:00+00:00,2022-09-11 18:59:00+00:00,2022-09-11 19:00:00+00:00,0.48333333333333334,False,stop,5.0,-1.1132030916844298,2022-09-11 00:01:00+00:00,2022-09-05 00:01:00+00:00,1772.0149669633363,1405.4767629124265,0.0
113,1435140.0,1439460.0,1.0,32.129,1283.0,1328.94,1253.81,1428.96,20.610753499999998,21.34875663,-0.3143681946522241,1476.0062600000017,1434.3611180646537,42460.388980216565,43894.75009828121,0.9708226417616241,1374.0502333333332,1865.3294175000017,3.0,1.0,0.0,406.0,2022-09-23 15:00:00+00:00,2022-09-26 15:00:00+00:00,2022-09-26 15:00:00+00:00,72.0,True,max_hold,5.000342583076388,1.5294215334726624,2022-09-23 00:01:00+00:00,2022-09-19 00:01:00+00:00,1378.825186346028,1274.67937944885,491.27918416666853
114,1441605.0,1441624.0,-1.0,58.928000000000004,1270.13,1283.88,1283.6200000000001,1202.68,37.423110320000006,37.828240320000006,0.0,-810.2600000000001,-885.51135064,43894.75009828121,43009.23874764121,1.7051292118628731,2494.874021333334,2494.874021333334,1.0,0.0,0.0,407.0,2022-09-28 02:45:00+00:00,2022-09-28 03:04:00+00:00,2022-09-28 03:05:00+00:00,0.31666666666666665,False,stop,5.0,-1.1139366197183092,2022-09-28 00:01:00+00:00,2022-09-26 00:01:00+00:00,1379.5960689711164,1276.7746557973687,0.0
115,1441860.0,1441902.0,-1.0,37.531,1276.45,1283.88,1283.6200000000001,1240.59,23.953222475,24.092650140000003,0.0,-278.85533000000237,-326.9012026150024,43009.23874764121,42682.33754502621,1.1138640521189733,1596.8814983333332,1596.8814983333332,1.0,0.0,0.0,408.0,2022-09-28 07:00:00+00:00,2022-09-28 07:42:00+00:00,2022-09-28 07:43:00+00:00,0.7,False,stop,5.001394700139437,-1.21480683403068,2022-09-28 00:01:00+00:00,2022-09-26 00:01:00+00:00,1379.5960689711164,1276.7746557973687,0.0
116,1441995.0,1442059.0,-1.0,44.417,1273.72,1290.81,1290.55,1189.57,28.287410620000003,28.666953884999998,0.0,-759.0865299999964,-816.0408945049963,42682.33754502621,41866.29665052121,1.325485540249955,1885.8273746666669,2020.4715878999966,1.0,0.0,0.0,409.0,2022-09-28 09:15:00+00:00,2022-09-28 10:19:00+00:00,2022-09-28 10:20:00+00:00,1.0666666666666667,False,stop,5.000000000000027,-1.0916378490790253,2022-09-28 00:01:00+00:00,2022-09-26 00:01:00+00:00,1379.5960689711164,1276.7746557973687,134.64421323332976
117,1463700.0,1463789.0,-1.0,54.448,1241.67,1257.54,1257.28,1163.6200000000001,33.80322408,34.23526896,0.0,-864.089759999994,-932.128253039994,41866.29665052121,40934.16839748121,1.6148179697942866,2253.548272,2371.078363599994,1.0,0.0,0.0,411.0,2022-10-13 11:00:00+00:00,2022-10-13 12:29:00+00:00,2022-10-13 12:30:00+00:00,1.4833333333333334,False,stop,5.000000000000029,-1.0967075592568867,2022-10-13 00:01:00+00:00,2022-10-10 00:01:00+00:00,1337.9592175057053,1251.5237673100896,117.5300915999942
118,1463850.0,1463894.0,-1.0,72.474,1207.45,1228.3600000000001,1228.1100000000001,1104.14,43.75436565000001,44.51208132000001,0.0,-1515.431340000006,-1603.697786970006,40934.16839748121,39330.470610511205,2.137791842996978,2916.9577100000006,3466.2592942500064,1.0,0.0,0.0,413.0,2022-10-13 13:30:00+00:00,2022-10-13 14:14:00+00:00,2022-10-13 14:15:00+00:00,0.7333333333333333,False,stop,5.000484027105496,-1.0710505808325264,2022-10-13 00:01:00+00:00,2022-10-10 00:01:00+00:00,1383.390417233489,1210.4231311278338,549.3015842500058
119,1481400.0,1481678.0,1.0,40.367,1481.8600000000001,1444.3600000000001,1444.65,1667.92,29.909121310000003,29.15224006,0.0,-1513.7624999999998,-1572.8238613699998,39330.470610511205,37757.64674914121,1.5209134722128999,1993.9414206666668,2847.9665289500017,1.0,0.0,0.0,414.0,2022-10-25 18:00:00+00:00,2022-10-25 22:38:00+00:00,2022-10-25 22:39:00+00:00,4.633333333333334,False,stop,5.0002687449610255,-1.0471139478634763,2022-10-25 00:01:00+00:00,2022-10-24 00:01:00+00:00,1470.7450534057107,1263.9638863957455,854.0251082833349
120,1495620.0,1495683.0,1.0,32.541000000000004,1660.3400000000001,1615.57,1615.9,1882.55,27.014561970000006,26.286131685000004,5.288630442483406,-1456.8605700000069,-1515.4498940974904,37757.64674914121,36242.19685504372,1.4309452148584683,1800.9707980000005,2661.777328650002,1.0,0.0,0.0,418.0,2022-11-04 15:00:00+00:00,2022-11-04 16:03:00+00:00,2022-11-04 16:04:00+00:00,1.05,False,stop,5.0002250225022395,-1.0479405279636622,2022-11-04 00:01:00+00:00,2022-10-31 00:01:00+00:00,1621.8250629418926,1443.883391869805,860.8065306500014
121,1500795.0,1500938.0,-1.0,35.068,1450.69,1490.55,1490.25,1252.89,25.43639846,26.135303699999998,0.0,-1397.8104799999965,-1449.3821821599963,36242.19685504372,34792.81467288373,1.4036896583138607,1695.7598973333334,2531.9280106999977,1.0,0.0,0.0,419.0,2022-11-08 05:15:00+00:00,2022-11-08 07:38:00+00:00,2022-11-08 07:39:00+00:00,2.3833333333333333,False,stop,5.000000000000005,-1.0447578361981789,2022-11-08 00:01:00+00:00,2022-11-07 00:01:00+00:00,1681.3541925073373,1461.3928233264135,836.1681133666643
122,1501350.0,1501443.0,-1.0,77.401,1460.96,1469.01,1468.71,1422.21,56.53988248,56.851421505,-8.918287921169501,-623.0780499999964,-727.5510660638269,34792.81467288373,34065.263606819906,3.250089595313204,3769.3254986666666,3769.3254986666666,1.0,0.0,0.0,420.0,2022-11-08 14:30:00+00:00,2022-11-08 16:03:00+00:00,2022-11-08 16:04:00+00:00,1.55,False,stop,5.0,-1.2128726619999939,2022-11-08 00:01:00+00:00,2022-11-07 00:01:00+00:00,1681.3541925073373,1461.3928233264135,0.0
123,1501680.0,1503306.0,-1.0,12.711,1312.49,1093.46,1356.34,1093.24,8.341530194999999,6.949485030000001,16.57262841671414,2784.0903299999995,2752.226686358286,34065.263606819906,36817.49029317819,0.4897381855768182,556.1020129999999,932.7462087749989,2.0,0.0,0.0,422.0,2022-11-08 20:00:00+00:00,2022-11-09 23:06:00+00:00,2022-11-09 23:07:00+00:00,27.1,True,target,5.000000000000011,4.937815801733406,2022-11-08 00:01:00+00:00,2022-11-07 00:01:00+00:00,1853.3682750284336,1325.5894629804802,376.64419577499893
124,1504680.0,1504987.0,-1.0,32.463,1324.71,1225.56,1344.59,1225.31,21.502030365000003,19.89267714,7.078134580715375,3218.706450000003,3170.2336079142874,36817.49029317819,39987.72390109248,1.1680334641921017,1433.4686910000003,1612.9558064249961,2.0,0.0,0.0,432.0,2022-11-10 22:00:00+00:00,2022-11-11 03:07:00+00:00,2022-11-11 03:08:00+00:00,5.116666666666666,True,target,5.000000000000035,4.912315292603209,2022-11-10 00:01:00+00:00,2022-11-07 00:01:00+00:00,1853.3682750284336,1325.5894629804802,179.48711542499586
125,1531575.0,1532200.0,1.0,27.098,1210.25,1258.14,1200.6200000000001,1258.4,16.39767725,17.046538860000002,6.311251985426987,1297.7232200000026,1257.9677519045756,39987.72390109248,41245.691652997055,0.8201355641325716,1093.1784833333334,1093.1784833333334,2.0,0.0,0.0,435.0,2022-11-29 14:15:00+00:00,2022-11-30 00:40:00+00:00,2022-11-30 00:41:00+00:00,10.416666666666666,True,target,5.000000000000071,4.820654235132215,2022-11-29 00:01:00+00:00,2022-11-28 00:01:00+00:00,1209.1717528316515,1126.7044412090884,0.0
126,1551990.0,1553864.0,1.0,24.085,1317.99,1299.49,1299.75,1409.19,15.871894575,15.649108325000002,12.741841348765611,-445.5725,-489.8353442487656,41245.691652997055,40755.85630874828,0.7696267871336178,1058.126305,1153.5456558750002,1.0,0.0,0.0,436.0,2022-12-13 18:30:00+00:00,2022-12-15 01:44:00+00:00,2022-12-15 01:45:00+00:00,31.233333333333334,True,stop,5.0,-1.1150096702667756,2022-12-13 00:01:00+00:00,2022-12-12 00:01:00+00:00,1315.3985788711566,1235.6095258935204,95.41935087500019
127,1606875.0,1606940.0,-1.0,60.828,1635.79,1660.94,1660.6000000000001,1511.73,49.75091706,50.51582916,0.0,-1529.8242000000057,-1630.0909462200057,40755.85630874828,39125.76536252828,2.441411937617462,3316.727804,3747.9339477000103,1.0,0.0,0.0,441.0,2023-01-20 21:15:00+00:00,2023-01-20 22:20:00+00:00,2023-01-20 22:21:00+00:00,1.0833333333333333,False,stop,5.000403063280898,-1.0801436920596494,2023-01-20 00:01:00+00:00,2023-01-16 00:01:00+00:00,1637.4453735302172,1469.3267152558237,431.2061437000102
128,1619340.0,1619426.0,1.0,27.485,1610.79,1604.98,1605.31,1638.19,22.136281574999998,22.05643765,0.0,-159.6878499999985,-203.88056922499848,39125.76536252828,38921.884793303274,1.1315449740032673,1475.7521049999998,1475.7521049999998,1.0,0.0,0.0,443.0,2023-01-29 13:00:00+00:00,2023-01-29 14:26:00+00:00,2023-01-29 14:27:00+00:00,1.4333333333333333,False,stop,5.0,-1.3536286496350218,2023-01-29 00:01:00+00:00,2023-01-23 00:01:00+00:00,1610.434812373333,1533.5455315700644,0.0
129,1621290.0,1621363.0,-1.0,16.258,1558.1100000000001,1567.19,1566.8700000000001,1514.31,12.66587619,12.73968751,0.0,-147.6226399999988,-173.0282036999988,38921.884793303274,38748.856589603274,0.650835706300597,844.391746,844.391746,1.0,0.0,0.0,444.0,2023-01-30 21:30:00+00:00,2023-01-30 22:43:00+00:00,2023-01-30 22:44:00+00:00,1.2166666666666666,False,stop,5.000000000000026,-1.214914383561637,2023-01-30 00:01:00+00:00,2023-01-30 00:01:00+00:00,1735.5099603190142,1560.4806718609582,0.0
130,1642680.0,1644248.0,1.0,9.94,1545.17,1635.5,1527.04,1635.83,7.6794949,8.128435,1.7785445035631826,897.8801999999993,880.293725596436,38748.856589603274,39629.15031519972,0.39637272301141857,511.96632666666665,525.7894705000011,2.0,0.0,0.0,445.0,2023-02-14 18:00:00+00:00,2023-02-15 20:08:00+00:00,2023-02-15 20:09:00+00:00,26.133333333333333,True,target,5.000551571980106,4.884762105986336,2023-02-14 00:01:00+00:00,2023-02-13 00:01:00+00:00,1544.688925988427,1466.0385559836443,13.823143833334484
131,1647270.0,1650313.0,1.0,14.63,1686.47,1663.63,1663.97,1798.97,12.336528050000002,12.16945345,17.34722457516279,-334.1491999999988,-376.0024060751616,39629.15031519972,39253.14790912456,0.6225986654711766,822.4352033333333,884.31876225,1.0,0.0,0.0,448.0,2023-02-17 22:30:00+00:00,2023-02-20 01:13:00+00:00,2023-02-20 01:14:00+00:00,50.71666666666667,True,stop,5.0,-1.1422568727125741,2023-02-17 00:01:00+00:00,2023-02-13 00:01:00+00:00,1683.6985752887267,1595.4880757319283,61.88355891666663
132,1654080.0,1654266.0,-1.0,17.455000000000002,1612.3600000000001,1627.02,1626.69,1540.71,14.071871900000001,14.199817050000002,0.0,-255.8902999999975,-284.16198894999746,39253.14790912456,38968.98592017456,0.7169805556781313,938.1247933333335,938.1247933333334,1.0,0.0,0.0,450.0,2023-02-22 16:00:00+00:00,2023-02-22 19:06:00+00:00,2023-02-22 19:07:00+00:00,3.1,False,stop,5.000000000000032,-1.1360565247731986,2023-02-22 00:01:00+00:00,2023-02-20 00:01:00+00:00,1704.0012205852652,1615.576683128466,-1.1368683772161603e-13
133,1654350.0,1654479.0,-1.0,11.521,1613.93,1629.43,1629.1000000000001,1538.07,9.297043765,9.386331515000002,0.0,-178.5755,-197.25887528,38968.98592017456,38771.72704489456,0.4771509211989448,619.8029176666666,619.8029176666668,1.0,0.0,0.0,455.0,2023-02-22 20:30:00+00:00,2023-02-22 22:39:00+00:00,2023-02-22 22:40:00+00:00,2.15,False,stop,5.0006591957811315,-1.1286539222148924,2023-02-22 00:01:00+00:00,2023-02-20 00:01:00+00:00,1704.0012205852652,1615.576683128466,1.1368683772161603e-13
134,1657245.0,1658684.0,-1.0,28.785,1608.21,1570.93,1615.73,1570.6100000000001,23.146162425000004,22.609610025000002,-10.639924081232476,1073.1047999999992,1037.9889516312317,38771.72704489456,39809.71599652579,1.1939711841156109,1543.0774950000002,1543.077495,2.0,0.0,0.0,458.0,2023-02-24 20:45:00+00:00,2023-02-25 20:44:00+00:00,2023-02-25 20:45:00+00:00,23.983333333333334,True,target,5.0,4.7952213199806435,2023-02-24 00:01:00+00:00,2023-02-20 00:01:00+00:00,1689.903513516519,1610.4334208033454,-2.2737367544323206e-13
135,1663500.0,1664391.0,1.0,63.531,1658.91,1635.5,1635.83,1774.32,52.69610560500001,51.95247525,21.012463027330284,-1487.2607100000052,-1612.9217538823355,39809.71599652579,38196.79424264346,2.647399223325221,3513.0737070000005,3837.62023222501,1.0,0.0,0.0,461.0,2023-03-01 05:00:00+00:00,2023-03-01 19:51:00+00:00,2023-03-01 19:52:00+00:00,14.85,False,stop,5.000433275563219,-1.0999977670819285,2023-03-01 00:01:00+00:00,2023-02-27 00:01:00+00:00,1640.5494779793246,1569.673035141738,324.54652522500965
136,1664460.0,1665474.0,1.0,9.247,1642.33,1625.06,1625.39,1727.03,7.593312755,7.51346491,3.059133294053431,-159.69568999999984,-177.86160095905328,38196.79424264346,38018.932641684405,0.39758900743155634,506.2208503333333,506.2208503333333,1.0,0.0,0.0,464.0,2023-03-01 21:00:00+00:00,2023-03-02 13:54:00+00:00,2023-03-02 13:55:00+00:00,16.9,True,stop,5.000000000000053,-1.1354497879145913,2023-03-01 00:01:00+00:00,2023-02-27 00:01:00+00:00,1640.5494779793246,1569.673035141738,0.0
137,1665540.0,1666160.0,1.0,26.38,1626.3500000000001,1612.26,1612.5900000000001,1695.15,21.451556500000002,21.2657094,5.049593984962653,-371.69420000000383,-419.46105988496646,38018.932641684405,37599.47158179945,1.1284670562518773,1430.1037666666668,1430.1037666666668,1.0,0.0,0.0,467.0,2023-03-02 15:00:00+00:00,2023-03-03 01:20:00+00:00,2023-03-03 01:21:00+00:00,10.333333333333334,True,stop,5.0,-1.1555757640041973,2023-03-02 00:01:00+00:00,2023-02-27 00:01:00+00:00,1704.2372226552254,1625.611185327613,0.0
138,1666410.0,1669036.0,-1.0,21.148,1567.82,1581.49,1581.17,1501.06,16.57812868,16.72267526,-5.790926833116163,-289.09316000000155,-316.60303710688544,37599.47158179945,37282.868544692574,0.8818277482402105,1105.2085786666664,1105.2085786666667,1.0,0.0,0.0,469.0,2023-03-03 05:30:00+00:00,2023-03-05 01:16:00+00:00,2023-03-05 01:17:00+00:00,43.766666666666666,True,stop,5.00074906367036,-1.1214102186441417,2023-03-03 00:01:00+00:00,2023-02-27 00:01:00+00:00,1726.7612046023428,1571.4763204475103,2.2737367544323206e-13
139,1676700.0,1676742.0,1.0,22.21,1407.1000000000001,1397.49,1397.77,1453.76,15.625845500000002,15.519126450000002,0.0,-213.43810000000283,-244.58307195000282,37282.868544692574,37038.28547274257,0.8382319338582347,1041.7230333333334,1041.7230333333334,1.0,0.0,0.0,477.0,2023-03-10 09:00:00+00:00,2023-03-10 09:42:00+00:00,2023-03-10 09:43:00+00:00,0.7,False,stop,5.001071811361102,-1.1803102893890616,2023-03-10 00:01:00+00:00,2023-03-06 00:01:00+00:00,1471.1055404793708,1402.552270809651,0.0
140,1676805.0,1676970.0,-1.0,43.61,1374.73,1407.31,1407.02,1213.28,29.97598765,30.68639455,0.0,-1420.8137999999967,-1481.4761821999966,37038.28547274257,35556.80929054257,1.618648772069112,1998.3991766666666,2757.086344249998,1.0,0.0,0.0,481.0,2023-03-10 10:45:00+00:00,2023-03-10 13:30:00+00:00,2023-03-10 13:31:00+00:00,2.75,False,stop,5.000000000000007,-1.0520600805202838,2023-03-10 00:01:00+00:00,2023-03-06 00:01:00+00:00,1760.8078867588797,1389.2961872762144,758.6871675833315
141,1677045.0,1677151.0,-1.0,23.773,1388.47,1429.34,1429.05,1185.57,16.504048655,16.989849909999997,0.1724034696192,-971.6025099999974,-1005.2688120346166,35556.80929054257,34551.54047850796,0.9283200030768654,1100.2699103333332,1707.3905294749984,1.0,0.0,0.0,483.0,2023-03-10 14:45:00+00:00,2023-03-10 16:31:00+00:00,2023-03-10 16:32:00+00:00,1.7666666666666666,False,stop,5.0000000000000115,-1.0420442846328233,2023-03-10 00:01:00+00:00,2023-03-06 00:01:00+00:00,1471.1055404793708,1402.552270809651,607.1206191416652
142,1680255.0,1680521.0,1.0,50.018,1520.71,1601.98,1504.39,1602.31,38.03143639,40.06391782,7.899672572446949,4064.962859999999,3978.967833217552,34551.54047850796,38530.508311725505,2.2014321713763607,2535.4290926666667,2535.4290926666667,2.0,0.0,0.0,486.0,2023-03-12 20:15:00+00:00,2023-03-13 00:41:00+00:00,2023-03-13 00:42:00+00:00,4.433333333333334,True,target,5.000000000000014,4.874431274860618,2023-03-12 00:01:00+00:00,2023-03-06 00:01:00+00:00,1511.10619589772,1432.0166688314384,0.0
143,1681905.0,1682411.0,1.0,27.574,1672.9,1655.38,1655.72,1758.81,23.064272300000006,22.822724060000006,9.211472717012043,-483.09647999999953,-538.1949490770116,38530.508311725505,37992.31336264849,1.1971953296541973,1537.6181533333336,1537.6181533333336,1.0,0.0,0.0,487.0,2023-03-13 23:45:00+00:00,2023-03-14 08:11:00+00:00,2023-03-14 08:12:00+00:00,8.433333333333334,True,stop,5.000582072176923,-1.1361003323156527,2023-03-13 00:01:00+00:00,2023-03-13 00:01:00+00:00,1663.0310616738402,1499.7086976173057,0.0
144,1683120.0,1683185.0,1.0,36.514,1721.78,1681.8700000000001,1682.21,1919.63,31.434537460000005,30.705900590000006,0.0,-1457.2737399999949,-1519.414178049995,37992.31336264849,36472.89918459849,1.6547840696062663,2095.635830666667,2859.413165699998,1.0,0.0,0.0,488.0,2023-03-14 20:00:00+00:00,2023-03-14 21:05:00+00:00,2023-03-14 21:06:00+00:00,1.0833333333333333,False,stop,5.0000000000000115,-1.0516003285317141,2023-03-14 00:01:00+00:00,2023-03-13 00:01:00+00:00,1719.7258825810254,1629.2952489583674,763.7773350333309
145,1686405.0,1686849.0,-1.0,44.736000000000004,1699.95,1730.8400000000001,1730.49,1547.25,38.02448160000001,38.71542912000001,-4.558440365606401,-1381.8950400000047,-1454.0765103543981,36472.89918459849,35018.8226742441,2.085081386458947,2534.9654400000004,3077.3391119999987,1.0,0.0,0.0,490.0,2023-03-17 02:45:00+00:00,2023-03-17 10:09:00+00:00,2023-03-17 10:10:00+00:00,7.4,False,stop,5.000000000000007,-1.064292682796337,2023-03-17 00:01:00+00:00,2023-03-13 00:01:00+00:00,1714.2930882650753,1631.8428702475398,542.3736719999984
146,1686975.0,1687543.0,-1.0,42.89,1745.3,1770.8400000000001,1770.48,1619.39,37.4279585,37.9756638,-7.364084330000001,-1095.4106000000081,-1163.450137970008,35018.8226742441,33855.372536274095,2.1375909092185323,2495.1972333333333,2764.2283325000026,1.0,0.0,0.0,497.0,2023-03-17 12:15:00+00:00,2023-03-17 21:43:00+00:00,2023-03-17 21:44:00+00:00,9.466666666666667,False,stop,5.00039714058775,-1.0772983717235949,2023-03-17 00:01:00+00:00,2023-03-13 00:01:00+00:00,1757.067484857589,1592.1169663137523,269.03109916666926
147,1687815.0,1687848.0,1.0,48.513,1818.77,1802.0,1802.3700000000001,1900.77,44.116994504999994,43.710212999999996,0.0,-813.563009999999,-901.390217504999,33855.372536274095,32953.9823187691,2.6062034590067595,2941.1329669999996,2941.132967,1.0,0.0,0.0,507.0,2023-03-18 02:15:00+00:00,2023-03-18 02:48:00+00:00,2023-03-18 02:49:00+00:00,0.55,False,stop,5.000000000000042,-1.1329503048780571,2023-03-18 00:01:00+00:00,2023-03-13 00:01:00+00:00,1810.6816012737552,1377.416187277492,4.547473508864641e-13
148,1687935.0,1688142.0,-1.0,36.516,1804.13,1820.97,1820.6000000000001,1721.78,32.93980554,33.24727026,0.0,-614.9294399999969,-681.1165157999969,32953.9823187691,32272.8658029691,1.999139601482336,2195.987036,2195.987036,1.0,0.0,0.0,510.0,2023-03-18 04:15:00+00:00,2023-03-18 07:42:00+00:00,2023-03-18 07:43:00+00:00,3.45,False,stop,5.0,-1.1325166970248868,2023-03-18 00:01:00+00:00,2023-03-13 00:01:00+00:00,1810.6816012737552,1377.416187277492,0.0
149,1688265.0,1688608.0,1.0,17.683,1813.38,1795.17,1795.53,1902.64,16.03299927,15.871995555000002,0.0,-322.0074300000006,-353.91242482500064,32272.8658029691,31918.9533781441,0.9935900559859773,1068.866618,1068.866618,1.0,0.0,0.0,516.0,2023-03-18 09:45:00+00:00,2023-03-18 15:28:00+00:00,2023-03-18 15:29:00+00:00,5.716666666666667,False,stop,5.000560224089597,-1.1212478991596575,2023-03-18 00:01:00+00:00,2023-03-13 00:01:00+00:00,1810.6816012737552,1377.416187277492,0.0
150,1690545.0,1692786.0,-1.0,3.533,1798.49,1816.76,1816.39,1708.98,3.177032585,3.20930654,-2.488358690661347,-64.54790999999993,-68.4458904343386,31918.9533781441,31850.507487709758,0.19906871928798348,211.80217233333332,211.80217233333332,1.0,0.0,0.0,523.0,2023-03-19 23:45:00+00:00,2023-03-21 13:06:00+00:00,2023-03-21 13:07:00+00:00,37.35,True,stop,5.000558659217851,-1.082307603083746,2023-03-19 00:01:00+00:00,2023-03-13 00:01:00+00:00,1807.1803179432727,1711.1699146432768,0.0
151,1693140.0,1694521.0,1.0,16.264,1787.8400000000001,1765.82,1766.18,1896.15,14.538714880000002,14.359648239999999,3.502664935748924,-358.13328000000337,-390.53430805575226,31850.507487709758,31459.973179654007,0.9129345826348353,969.2476586666668,1006.5204096000014,1.0,0.0,0.0,524.0,2023-03-21 19:00:00+00:00,2023-03-22 18:01:00+00:00,2023-03-22 18:02:00+00:00,23.016666666666666,True,stop,5.000461680517061,-1.1085961711848873,2023-03-21 00:01:00+00:00,2023-03-20 00:01:00+00:00,1778.3643914392283,1686.2795603284987,37.27275093333458
152,1697130.0,1697142.0,1.0,34.131,1770.46,1752.27,1752.63,1859.6100000000001,30.21378513,29.903363685000002,0.0,-620.8428900000018,-680.9600388150019,31459.973179654007,30779.013140839004,1.920776280225188,2014.252342,2014.2523420000002,1.0,0.0,0.0,525.0,2023-03-24 13:30:00+00:00,2023-03-24 13:42:00+00:00,2023-03-24 13:43:00+00:00,0.2,False,stop,5.000000000000026,-1.118977285473928,2023-03-24 00:01:00+00:00,2023-03-20 00:01:00+00:00,1863.6062581828237,1764.2933309882912,2.2737367544323206e-13
153,1697220.0,1700018.0,-1.0,37.626,1761.95,1788.95,1788.5900000000001,1628.74,33.14756535,33.65551635,-9.59034275764471,-1015.9019999999999,-1073.1147389423552,30779.013140839004,29705.89840189665,2.153906962404736,2209.83769,2493.997080750004,1.0,0.0,0.0,527.0,2023-03-24 15:00:00+00:00,2023-03-26 13:38:00+00:00,2023-03-26 13:39:00+00:00,46.63333333333333,True,stop,5.000375375375358,-1.0705917396250813,2023-03-24 00:01:00+00:00,2023-03-20 00:01:00+00:00,1863.6062581828237,1764.2933309882912,284.15939075000415
154,1707300.0,1711620.0,-1.0,46.579,1835.56,1792.5900000000001,1854.15,1742.6000000000001,42.749274619999994,41.748524805,-37.31803077451448,2001.4996299999907,1954.3198613495051,29705.89840189665,31660.218263246155,2.8781674293527213,2849.951641333333,2849.9516413333336,3.0,1.0,0.0,533.0,2023-03-31 15:00:00+00:00,2023-04-03 15:00:00+00:00,2023-04-03 15:00:00+00:00,72.0,True,max_hold,5.0005379236147975,2.2569716060538076,2023-03-31 00:01:00+00:00,2023-03-27 00:01:00+00:00,1839.4945129925704,1747.2323239884438,4.547473508864641e-13
155,1722165.0,1723466.0,1.0,21.196,1906.46,1882.19,1882.57,2025.92,20.204663080000003,19.947449620000004,7.315824429395137,-514.4269199999997,-561.8948571293948,31660.218263246155,31098.32340611676,1.2763438907466582,1346.9775386666668,1415.5822786000022,1.0,0.0,0.0,535.0,2023-04-10 22:45:00+00:00,2023-04-11 20:26:00+00:00,2023-04-11 20:27:00+00:00,21.683333333333334,True,stop,5.000418585182065,-1.1096473914129144,2023-04-10 00:01:00+00:00,2023-04-10 00:01:00+00:00,1902.3879704089302,1814.3352035904973,68.6047399333354
156,1725675.0,1729995.0,1.0,18.422,1983.26,2095.0,1918.08,2309.17,18.26780786,19.297045,34.373572784583295,2058.4742800000004,1986.535854355417,31098.32340611676,33084.85926047218,1.1748419759765498,1217.8538573333333,2022.7973137000013,3.0,1.0,0.0,536.0,2023-04-13 09:15:00+00:00,2023-04-16 09:15:00+00:00,2023-04-16 09:15:00+00:00,72.0,True,max_hold,5.000153421294872,1.6544181038555525,2023-04-13 00:01:00+00:00,2023-04-10 00:01:00+00:00,1963.6863698405778,1871.150259039738,804.943456366668
157,1730700.0,1730915.0,1.0,27.624000000000002,2122.78,2089.21,2089.63,2288.54,29.319837360000005,28.856168520000004,5.851636016080705,-927.3376800000046,-991.3653218960853,33084.85926047218,32093.49393857609,1.7724021208111713,1954.6558240000004,2235.1282812000027,1.0,0.0,0.0,561.0,2023-04-16 21:00:00+00:00,2023-04-17 00:35:00+00:00,2023-04-17 00:36:00+00:00,3.5833333333333335,True,stop,5.000301659125168,-1.0825890375956582,2023-04-16 00:01:00+00:00,2023-04-10 00:01:00+00:00,2106.017659443706,1638.908130766441,280.4724572000023
158,1734330.0,1734636.0,-1.0,25.139,1980.45,1998.73,1998.3300000000002,1891.04,24.893266275,25.123036735,0.0,-459.5409199999993,-509.55722300999923,32093.49393857609,31583.93671556609,1.551296740868623,1659.5510849999998,1659.551085,1.0,0.0,0.0,562.0,2023-04-19 09:30:00+00:00,2023-04-19 14:36:00+00:00,2023-04-19 14:37:00+00:00,5.1,False,stop,5.000559284116306,-1.1336459731543538,2023-04-19 00:01:00+00:00,2023-04-17 00:01:00+00:00,2264.4698126568032,1981.172468285817,2.2737367544323206e-13
159,1735020.0,1737052.0,-1.0,4.936,1978.4,1898.33,1994.49,1897.95,4.8826912,4.68507844,-1.6597668727503092,395.2255200000008,387.31751723275113,31583.93671556609,31971.25423279885,0.30918825882737877,325.51274666666666,325.5127466666667,2.0,0.0,0.0,566.0,2023-04-19 21:00:00+00:00,2023-04-21 06:52:00+00:00,2023-04-21 06:53:00+00:00,33.86666666666667,True,target,5.000000000000028,4.876811216293896,2023-04-19 00:01:00+00:00,2023-04-17 00:01:00+00:00,2264.4698126568032,1981.172468285817,5.684341886080802e-14
160,1738140.0,1738311.0,-1.0,5.148,1846.18,1860.73,1860.3500000000001,1775.32,4.75206732,4.78951902,0.0,-74.90339999999976,-84.44498633999976,31971.25423279885,31886.809246458848,0.29727124781516534,316.804488,316.804488,1.0,0.0,0.0,567.0,2023-04-22 01:00:00+00:00,2023-04-22 03:51:00+00:00,2023-04-22 03:52:00+00:00,2.85,False,stop,5.00070571630203,-1.1576185603387348,2023-04-22 00:01:00+00:00,2023-04-17 00:01:00+00:00,2420.965838294849,1853.1055569374844,0.0
161,1738485.0,1738616.0,1.0,3.448,1856.24,1845.41,1845.78,1908.55,3.20015776,3.1814868400000003,-0.035848773271885674,-37.34183999999975,-43.68763582672786,31886.809246458848,31843.12161063212,0.20071984846557764,213.34385066666667,213.34385066666667,1.0,0.0,0.0,574.0,2023-04-22 06:45:00+00:00,2023-04-22 08:56:00+00:00,2023-04-22 08:57:00+00:00,2.183333333333333,False,stop,5.0009560229445285,-1.2113219908215063,2023-04-22 00:01:00+00:00,2023-04-17 00:01:00+00:00,2420.965838294849,1853.1055569374844,0.0
162,1738800.0,1738967.0,-1.0,4.9750000000000005,1850.75,1860.21,1859.83,1805.3500000000001,4.603740625,4.627272375,0.0,-47.06350000000019,-56.294513000000194,31843.12161063212,31786.82709763212,0.2891513389480543,306.9160416666667,306.91604166666673,1.0,0.0,0.0,578.0,2023-04-22 12:00:00+00:00,2023-04-22 14:47:00+00:00,2023-04-22 14:48:00+00:00,2.783333333333333,False,stop,5.000000000000025,-1.2461982378854768,2023-04-22 00:01:00+00:00,2023-04-17 00:01:00+00:00,2420.965838294849,1853.1055569374844,5.684341886080802e-14
163,1739580.0,1740650.0,1.0,9.421,1856.73,1839.07,1839.44,1943.18,8.746126665,8.662939235,1.0521166428153812,-166.37486000000075,-184.83604254281613,31786.82709763212,31601.991055089304,0.5502988164333974,583.075111,583.075111,1.0,0.0,0.0,585.0,2023-04-23 01:00:00+00:00,2023-04-23 18:50:00+00:00,2023-04-23 18:51:00+00:00,17.833333333333332,False,stop,5.000000000000013,-1.13473555867257,2023-04-23 00:01:00+00:00,2023-04-17 00:01:00+00:00,2420.965838294849,1853.1055569374844,0.0
164,1740840.0,1741403.0,1.0,4.093,1854.16,1830.82,1831.19,1969.02,3.79453844,3.7467731300000002,0.688770584369,-95.5306200000006,-103.76070215436958,31601.991055089304,31498.230352934934,0.24014552965256367,252.96922933333335,264.7704398000001,1.0,0.0,0.0,596.0,2023-04-23 22:00:00+00:00,2023-04-24 07:23:00+00:00,2023-04-24 07:24:00+00:00,9.383333333333333,True,stop,5.000435350457107,-1.1036469365694432,2023-04-23 00:01:00+00:00,2023-04-17 00:01:00+00:00,2420.965838294849,1853.1055569374844,11.801210466666731
165,1741995.0,1743275.0,1.0,46.937,1825.0900000000001,1800.06,1800.43,1948.4,42.832124665,42.24470811,14.11194358344525,-1174.8331100000094,-1274.0218863584546,31498.230352934934,30224.208466576478,2.7196527668424397,2855.4749776666667,3084.912029925004,1.0,0.0,0.0,600.0,2023-04-24 17:15:00+00:00,2023-04-25 14:35:00+00:00,2023-04-25 14:36:00+00:00,21.333333333333332,True,stop,5.0004055150040365,-1.1006987886166497,2023-04-24 00:01:00+00:00,2023-04-24 00:01:00+00:00,1903.5830117693602,1819.9561923910226,229.4370522583372
166,1744845.0,1745016.0,-1.0,11.707,1948.14,1871.97,1963.45,1871.5900000000001,11.403437490000002,10.957576395,0.0,891.7221900000009,869.3611761150008,30224.208466576478,31093.56964269148,0.7545896530332977,760.2291660000002,760.2291660000001,2.0,0.0,0.0,602.0,2023-04-26 16:45:00+00:00,2023-04-26 19:36:00+00:00,2023-04-26 19:37:00+00:00,2.85,False,target,5.000000000000015,4.850420966688461,2023-04-26 00:01:00+00:00,2023-04-24 00:01:00+00:00,1950.073550726271,1784.4030337748234,-1.1368683772161603e-13
167,1745085.0,1749405.0,1.0,17.71,1844.56,1901.17,1776.51,2184.81,16.3335788,16.834860350000003,16.425224865768577,1002.5631000000024,952.9694359842338,31093.56964269148,32046.539078675716,1.0506081474527127,1088.9052533333333,1940.1765459999992,3.0,1.0,0.0,603.0,2023-04-26 20:45:00+00:00,2023-04-29 20:45:00+00:00,2023-04-29 20:45:00+00:00,72.0,True,max_hold,5.0000000000000036,0.7907374016134999,2023-04-26 00:01:00+00:00,2023-04-24 00:01:00+00:00,1907.266945533526,1824.4520873959818,851.2712926666659
168,1751940.0,1752014.0,1.0,7.178,1842.88,1823.45,1823.82,1938.19,6.614096320000001,6.54436205,0.1113160033692,-139.46854000000044,-152.73831437336963,32046.539078675716,31893.80076430235,0.41278069396274536,440.9397546666667,440.9397546666667,1.0,0.0,0.0,626.0,2023-05-01 15:00:00+00:00,2023-05-01 16:14:00+00:00,2023-05-01 16:15:00+00:00,1.2333333333333334,False,stop,5.00052465897162,-1.1164046663903393,2023-05-01 00:01:00+00:00,2023-05-01 00:01:00+00:00,1908.1109872926756,1829.5350487201717,0.0
169,1752435.0,1755245.0,1.0,12.098,1830.31,1902.27,1815.8400000000001,1902.66,11.07154519,11.50683123,10.465703826858904,870.5720800000005,837.5279997531416,31893.80076430235,32731.328764055488,0.6942756852229419,738.1030126666667,738.1030126666667,2.0,0.0,0.0,628.0,2023-05-01 23:15:00+00:00,2023-05-03 22:05:00+00:00,2023-05-03 22:06:00+00:00,46.833333333333336,True,target,5.000000000000078,4.784286994572847,2023-05-01 00:01:00+00:00,2023-05-01 00:01:00+00:00,1908.1109872926756,1829.5350487201717,0.0
170,1757550.0,1757550.0,-1.0,43.762,1909.57,1922.55,1922.16,1846.6100000000001,41.78330117,42.067316549999994,0.0,-568.0307600000008,-651.8813777200007,32731.328764055488,32079.447386335487,2.553107542391319,2785.5534113333333,2785.5534113333333,1.0,0.0,0.0,639.0,2023-05-05 12:30:00+00:00,2023-05-05 12:30:00+00:00,2023-05-05 12:31:00+00:00,0.0,False,stop,5.000794281175463,-1.1831660047656747,2023-05-05 00:01:00+00:00,2023-05-01 00:01:00+00:00,1915.2505340705038,1837.8085343326827,0.0
171,1757700.0,1757762.0,-1.0,52.174,1945.24,1961.6100000000001,1961.21,1865.38,50.74547588,51.172520070000004,-10.189923390516476,-854.0883800000062,-945.8164525594897,32079.447386335487,31133.630933775996,3.1637375338089813,3383.0317253333333,3383.0317253333337,1.0,0.0,0.0,640.0,2023-05-05 15:00:00+00:00,2023-05-05 16:02:00+00:00,2023-05-05 16:03:00+00:00,1.0333333333333334,False,stop,5.000626174076379,-1.1351357833767117,2023-05-05 00:01:00+00:00,2023-05-01 00:01:00+00:00,1955.186798493361,1800.2698154531101,4.547473508864641e-13
172,1757970.0,1758453.0,1.0,24.911,1980.68,1963.68,1964.08,2063.69,24.670359740000006,24.458616240000005,4.963650880165625,-423.487,-477.57962686016566,31133.630933775996,30656.05130691583,1.584804534522559,1644.6906493333336,1644.6906493333333,1.0,0.0,0.0,644.0,2023-05-05 19:30:00+00:00,2023-05-06 03:33:00+00:00,2023-05-06 03:34:00+00:00,8.05,True,stop,5.000602409638512,-1.1549057460466772,2023-05-05 00:01:00+00:00,2023-05-01 00:01:00+00:00,1975.2939197398343,1767.3096105919233,-2.2737367544323206e-13
173,1758735.0,1761224.0,-1.0,34.473,1937.89,1844.21,1956.7,1843.8400000000001,33.402440985,31.787725665,-9.496287288743503,3229.4306400000023,3173.736760638746,30656.05130691583,33829.788067554575,2.17917439206951,2226.829399,2226.8293989999997,2.0,0.0,0.0,647.0,2023-05-06 08:15:00+00:00,2023-05-08 01:44:00+00:00,2023-05-08 01:45:00+00:00,41.483333333333334,True,target,5.000000000000012,4.894440206776492,2023-05-06 00:01:00+00:00,2023-05-01 00:01:00+00:00,2034.8830170516921,1951.1172486723553,-4.547473508864641e-13
174,1762245.0,1765036.0,1.0,47.432,1831.02,1804.31,1804.68,1962.72,43.424470320000005,42.79101596,33.55079271257121,-1266.9087200000017,-1386.674998992573,33829.788067554575,32443.113068561997,2.5672327732757796,2894.964688,3203.4600443999957,1.0,0.0,0.0,649.0,2023-05-08 18:45:00+00:00,2023-05-10 17:16:00+00:00,2023-05-10 17:17:00+00:00,46.516666666666666,True,stop,5.000000000000017,-1.1099092672175805,2023-05-08 00:01:00+00:00,2023-05-08 00:01:00+00:00,1909.853832181937,1829.998815148622,308.49535639999567
175,1767600.0,1767647.0,-1.0,10.164,1763.5900000000001,1776.93,1776.57,1698.69,8.96256438,9.030358260000002,0.0,-135.58775999999915,-153.58068263999917,32443.113068561997,32289.532385922,0.5525095178788436,597.504292,597.5042920000001,1.0,0.0,0.0,655.0,2023-05-12 12:00:00+00:00,2023-05-12 12:47:00+00:00,2023-05-12 12:48:00+00:00,0.7833333333333333,False,stop,5.000000000000088,-1.164118644067809,2023-05-12 00:01:00+00:00,2023-05-08 00:01:00+00:00,1978.1713873488416,1766.7985051002395,1.1368683772161603e-13
176,1767780.0,1767857.0,-1.0,23.167,1765.02,1772.13,1771.77,1731.27,20.44510917,20.527467855000005,0.37490806741640004,-164.71737000000297,-206.06485509241938,32289.532385922,32083.46753082958,1.2663614279477096,1363.007278,1363.007278,1.0,0.0,0.0,656.0,2023-05-12 15:00:00+00:00,2023-05-12 16:17:00+00:00,2023-05-12 16:18:00+00:00,1.2833333333333334,False,stop,5.0,-1.3177419035852043,2023-05-12 00:01:00+00:00,2023-05-08 00:01:00+00:00,1978.1713873488416,1766.7985051002395,0.0
177,1783185.0,1784349.0,1.0,7.676,1852.9,1840.06,1840.43,1915.26,7.111430200000001,7.06215028,3.765885538504336,-98.55984000000112,-116.49930601850545,32083.46753082958,31966.968224811077,0.4433080802856798,474.0953466666667,474.09534666666667,1.0,0.0,0.0,657.0,2023-05-23 07:45:00+00:00,2023-05-24 03:09:00+00:00,2023-05-24 03:10:00+00:00,19.4,True,stop,5.000801924619067,-1.2170878270277556,2023-05-23 00:01:00+00:00,2023-05-22 00:01:00+00:00,1851.2846833390213,1782.702530087117,-5.684341886080802e-14
178,1784640.0,1785686.0,-1.0,35.038000000000004,1812.97,1769.08,1821.82,1768.72,31.761421430000002,30.992512520000005,-4.001424272830801,1537.8178200000036,1479.0653103228344,31966.968224811077,33446.03353513391,1.9871400507320216,2117.4280953333337,2117.4280953333337,2.0,0.0,0.0,671.0,2023-05-24 08:00:00+00:00,2023-05-25 01:26:00+00:00,2023-05-25 01:27:00+00:00,17.433333333333334,True,target,5.0000000000000515,4.769850555548082,2023-05-24 00:01:00+00:00,2023-05-22 00:01:00+00:00,1890.535685063357,1816.915341370499,0.0
179,1791240.0,1791242.0,1.0,29.25,1867.88,1923.2,1856.74,1923.5900000000001,27.317745000000002,28.1268,0.0,1618.109999999998,1562.665454999998,33446.03353513391,35008.698990133904,1.6335416856712561,1821.1830000000002,1821.183,2.0,0.0,0.0,676.0,2023-05-28 22:00:00+00:00,2023-05-28 22:02:00+00:00,2023-05-28 22:03:00+00:00,0.03333333333333333,False,target,5.000897666068181,4.79573249551162,2023-05-28 00:01:00+00:00,2023-05-22 00:01:00+00:00,1860.9843973316256,1797.2704807712466,-2.2737367544323206e-13
180,1822710.0,1824105.0,-1.0,27.284,1738.52,1757.49,1757.13,1645.46,23.71688984,23.97567858,-1.6793237060875494,-517.5774800000007,-563.5907247139132,35008.698990133904,34445.10826541999,1.3549140941617885,1581.1259893333333,1581.125989333333,1.0,0.0,0.0,679.0,2023-06-19 18:30:00+00:00,2023-06-20 17:45:00+00:00,2023-06-20 17:46:00+00:00,23.25,True,stop,5.000537345513128,-1.1099653540038492,2023-06-19 00:01:00+00:00,2023-06-19 00:01:00+00:00,1751.2906810270874,1689.2487535906912,-2.2737367544323206e-13
181,1825320.0,1829640.0,1.0,48.649,1832.79,1890.64,1806.66,1963.44,44.581700355,45.98887268,68.00915798120384,2814.344650000007,2655.764918983803,34445.10826541999,37100.8731844038,2.588564971924115,2972.113357,3277.3748859749944,3.0,1.0,0.0,680.0,2023-06-21 14:00:00+00:00,2023-06-24 14:00:00+00:00,2023-06-24 14:00:00+00:00,72.0,True,max_hold,5.000000000000026,2.0891821305464817,2023-06-21 00:01:00+00:00,2023-06-19 00:01:00+00:00,1825.438123280816,1757.937689573684,305.26152897499423
182,1893150.0,1897470.0,1.0,34.409,1816.96,1850.8500000000001,1796.67,1918.41,31.259888319999998,31.842948825000004,42.89522034445937,1166.1210100000035,1060.122952510544,37100.8731844038,38160.99613691434,1.685129520517097,2083.9925546666664,2104.8535843999985,3.0,1.0,0.0,684.0,2023-08-07 16:30:00+00:00,2023-08-10 16:30:00+00:00,2023-08-10 16:30:00+00:00,72.0,True,max_hold,5.0000000000000115,1.5184557453363585,2023-08-07 00:01:00+00:00,2023-08-07 00:01:00+00:00,1854.5942811377893,1804.508521587185,20.86102973333209
183,1906395.0,1906447.0,-1.0,84.657,1804.08,1813.13,1812.76,1760.67,76.36400028,76.747073205,0.0,-766.1458500000153,-919.2569234850154,38160.99613691434,37241.739213429326,4.002201620000725,5090.933351999999,5090.933351999999,1.0,0.0,0.0,691.0,2023-08-16 21:15:00+00:00,2023-08-16 22:07:00+00:00,2023-08-16 22:08:00+00:00,0.8666666666666667,False,stop,5.001152073732666,-1.2509913594470163,2023-08-16 00:01:00+00:00,2023-08-14 00:01:00+00:00,1850.9923412283777,1805.846347360756,0.0
184,1906620.0,1907462.0,1.0,55.817,1796.3600000000001,1771.46,1771.82,1919.07,50.133713060000005,49.43879141,7.458467641067656,-1389.843300000005,-1496.8742721110727,37241.739213429326,35744.86494131825,2.692340052793337,3342.2475373333336,3625.7662677000103,1.0,0.0,0.0,693.0,2023-08-17 01:00:00+00:00,2023-08-17 15:02:00+00:00,2023-08-17 15:03:00+00:00,14.033333333333333,False,stop,5.000407497962463,-1.0928090295414967,2023-08-17 00:01:00+00:00,2023-08-14 00:01:00+00:00,1831.2643282580468,1783.4321597945698,283.51873036667666
185,1907835.0,1907840.0,-1.0,62.46,1711.55,1720.18,1719.83,1670.15,53.4517065,53.721221400000005,0.0,-539.0298000000068,-646.2027279000068,35744.86494131825,35098.66221341824,2.9907348419276882,3563.4471,3563.4471,1.0,0.0,0.0,696.0,2023-08-17 21:15:00+00:00,2023-08-17 21:20:00+00:00,2023-08-17 21:21:00+00:00,0.08333333333333333,False,stop,5.0,-1.2495006038647516,2023-08-17 00:01:00+00:00,2023-08-14 00:01:00+00:00,1972.41319096987,1716.643968718886,0.0
186,1910520.0,1914840.0,-1.0,9.643,1678.31,1625.57,1699.8400000000001,1570.65,8.091971665,7.837685755000001,5.887264600527671,508.5718200000001,486.75489797947245,35098.66221341824,35585.4171113977,0.4610985806693472,539.4647776666667,571.752514925002,3.0,1.0,0.0,697.0,2023-08-19 18:00:00+00:00,2023-08-22 18:00:00+00:00,2023-08-22 18:00:00+00:00,72.0,True,max_hold,5.000464468183877,2.3445210358110984,2023-08-19 00:01:00+00:00,2023-08-14 00:01:00+00:00,1688.7869671314872,1633.1981660687788,32.287737258335255
187,1976640.0,1976675.0,-1.0,11.445,1631.57,1640.8600000000001,1640.53,1586.76,9.336659325000001,9.38982135,0.0,-106.32405000000219,-125.0505306750022,35585.4171113977,35460.36658072269,0.5247463755038886,622.4439550000001,622.443955,1.0,0.0,0.0,698.0,2023-10-04 16:00:00+00:00,2023-10-04 16:35:00+00:00,2023-10-04 16:36:00+00:00,0.5833333333333334,False,stop,5.001116071428545,-1.2194436383928735,2023-10-04 00:01:00+00:00,2023-10-02 00:01:00+00:00,1680.3522237687225,1632.3554988061403,-1.1368683772161603e-13
188,1988025.0,1988039.0,-1.0,24.467,1542.8400000000001,1546.94,1546.63,1523.89,18.874333140000005,18.92449049,0.0,-100.31469999999777,-138.1135236299978,35460.36658072269,35322.2530570927,1.0645311912968576,1258.288876,1258.288876,1.0,0.0,0.0,700.0,2023-10-12 13:45:00+00:00,2023-10-12 13:59:00+00:00,2023-10-12 14:00:00+00:00,0.23333333333333334,False,stop,5.00000000000006,-1.4894168865435262,2023-10-12 00:01:00+00:00,2023-10-09 00:01:00+00:00,1588.8459662977289,1543.6205251632427,0.0
189,1988100.0,1989894.0,-1.0,14.202,1543.3,1556.75,1556.43,1477.64,10.9589733,11.05448175,-3.716122389304259,-191.01690000000065,-209.3142326606964,35322.2530570927,35112.93882443201,0.6205138320189596,730.59822,730.59822,1.0,0.0,0.0,701.0,2023-10-12 15:00:00+00:00,2023-10-13 20:54:00+00:00,2023-10-13 20:55:00+00:00,29.9,True,stop,5.000761614622948,-1.1224952851469419,2023-10-12 00:01:00+00:00,2023-10-09 00:01:00+00:00,1588.8459662977289,1543.6205251632427,0.0
190,1999620.0,2000992.0,-1.0,10.477,1604.26,1613.1000000000001,1612.77,1561.71,8.403916010000001,8.450224350000001,-2.3043051395272127,-92.61668000000152,-107.16651522047431,35112.93882443201,35005.772309211534,0.47867915881495254,560.2610673333334,560.2610673333334,1.0,0.0,0.0,705.0,2023-10-20 15:00:00+00:00,2023-10-21 13:52:00+00:00,2023-10-21 13:53:00+00:00,22.866666666666667,True,stop,5.0,-1.20196716752475,2023-10-20 00:01:00+00:00,2023-10-16 00:01:00+00:00,1609.0494615710397,1523.8882027317613,0.0
191,2001075.0,2001118.0,-1.0,15.098,1614.99,1628.53,1628.2,1548.93,12.191559510000001,12.293772970000001,0.0,-204.42691999999946,-228.91225247999944,35005.772309211534,34776.86005673154,0.6965456669437271,812.7706340000001,812.770634,1.0,0.0,0.0,706.0,2023-10-21 15:15:00+00:00,2023-10-21 15:58:00+00:00,2023-10-21 15:59:00+00:00,0.7166666666666667,False,stop,5.000757002270989,-1.1477486752460195,2023-10-21 00:01:00+00:00,2023-10-16 00:01:00+00:00,1619.032571347152,1497.8250625817873,-1.1368683772161603e-13
192,2001225.0,2001747.0,1.0,71.08200000000001,1636.18,1623.96,1624.29,1695.64,58.15147338000001,57.71716236000001,8.743345295620717,-868.622040000002,-993.2340210356227,34776.86005673154,33783.62603569592,3.344262436869656,3876.7648920000006,3876.7648920000006,1.0,0.0,0.0,708.0,2023-10-21 17:45:00+00:00,2023-10-22 02:27:00+00:00,2023-10-22 02:28:00+00:00,8.7,True,stop,5.000841042893149,-1.1751954287500344,2023-10-21 00:01:00+00:00,2023-10-16 00:01:00+00:00,1627.5089463377935,1579.1359337121446,0.0
193,2009835.0,2009981.0,-1.0,99.868,1761.03,1772.79,1772.43,1704.02,87.93527201999999,88.52249585999999,0.0,-1174.447679999999,-1350.905447879999,33783.62603569592,32432.720587815922,5.205792411216441,5862.351467999999,5862.351468,1.0,0.0,0.0,710.0,2023-10-27 17:15:00+00:00,2023-10-27 19:41:00+00:00,2023-10-27 19:42:00+00:00,2.433333333333333,False,stop,5.000877192982416,-1.1865710526315687,2023-10-27 00:01:00+00:00,2023-10-23 00:01:00+00:00,1839.6882028639795,1767.6315393758243,9.094947017729282e-13
194,2017335.0,2017821.0,1.0,47.69,1858.26,1832.91,1833.28,1983.16,44.3102097,43.70573895,23.60575153924155,-1208.9414999999956,-1320.5632001892373,32432.720587815922,31112.157387626685,2.7324386543536603,2954.01398,3185.255636500001,1.0,0.0,0.0,712.0,2023-11-01 22:15:00+00:00,2023-11-02 06:21:00+00:00,2023-11-02 06:22:00+00:00,8.1,True,stop,5.0,-1.108509537921162,2023-11-01 00:01:00+00:00,2023-10-30 00:01:00+00:00,1852.8823559142882,1779.2049982975275,231.24165650000077
195,2018700.0,2019851.0,-1.0,7.412,1804.08,1819.49,1819.1200000000001,1728.8700000000001,6.68592048,6.74302994,-4.010863019963052,-114.21892000000061,-123.63700740003756,31112.157387626685,30988.52038022665,0.4297947195818052,445.728032,445.728032,1.0,0.0,0.0,713.0,2023-11-02 21:00:00+00:00,2023-11-03 16:11:00+00:00,2023-11-03 16:12:00+00:00,19.183333333333334,True,stop,5.000664893616945,-1.1090860368037814,2023-11-02 00:01:00+00:00,2023-10-30 00:01:00+00:00,1889.1839500830129,1808.1051555884242,0.0
196,2022795.0,2023013.0,1.0,82.974,1898.01,1884.97,1885.3500000000001,1961.31,78.74274087,78.20175039,0.0,-1081.9809599999971,-1238.925451259997,30988.52038022665,29749.594928966657,5.0820587691075865,5249.516058,5249.516058,1.0,0.0,0.0,714.0,2023-11-05 17:15:00+00:00,2023-11-05 20:53:00+00:00,2023-11-05 20:54:00+00:00,3.6333333333333333,False,stop,5.000000000000054,-1.1794225908372935,2023-11-05 00:01:00+00:00,2023-10-30 00:01:00+00:00,1891.0592426798514,1704.7505796442006,0.0
197,2023200.0,2027520.0,1.0,7.463,1892.8700000000001,1888.04,1847.2,2121.23,7.063244405000001,7.045221260000001,14.082754587680105,-36.04629000000116,-64.23751025268126,29749.594928966657,29685.35741871398,0.4748464254296548,470.88296033333336,658.6812082250005,3.0,1.0,0.0,718.0,2023-11-06 00:00:00+00:00,2023-11-09 00:00:00+00:00,2023-11-09 00:00:00+00:00,72.0,True,max_hold,5.000218962119543,-0.18847087497996806,2023-11-05 00:01:00+00:00,2023-10-30 00:01:00+00:00,1891.0592426798514,1704.7505796442006,187.7982478916672
198,2038815.0,2039083.0,-1.0,46.618,1953.9,1977.4,1977.0,1838.4,45.54345510000001,46.09121660000001,-9.146820923832593,-1095.5230000000001,-1178.0108507761677,29685.35741871398,28507.346567937813,3.068412110227038,3036.2303400000005,3126.331279499996,1.0,0.0,0.0,719.0,2023-11-16 20:15:00+00:00,2023-11-17 00:43:00+00:00,2023-11-17 00:44:00+00:00,4.466666666666667,True,stop,5.0000000000000195,-1.0939152414569744,2023-11-16 00:01:00+00:00,2023-11-13 00:01:00+00:00,2164.62859538068,1959.0775586858667,90.10093949999555
199,2107740.0,2109045.0,-1.0,36.378,2230.9700000000003,2255.53,2255.07,2110.4700000000003,40.579113330000006,41.02583517000001,-16.12626948253787,-893.443679999998,-958.9223590174603,28507.346567937813,27548.42420892035,2.8469232121125785,2705.2742220000005,2705.274222,1.0,0.0,0.0,721.0,2024-01-03 17:00:00+00:00,2024-01-04 14:45:00+00:00,2024-01-04 14:46:00+00:00,21.75,True,stop,5.000000000000019,-1.0937739706085912,2024-01-03 00:01:00+00:00,2024-01-01 00:01:00+00:00,2487.2582255890256,2233.430758313987,-4.547473508864641e-13
200,2129370.0,2129409.0,1.0,32.124,2494.6,2462.78,2463.28,2651.2000000000003,40.0682652,39.55717236,0.0,-1022.1856799999907,-1101.8111175599909,27548.42420892035,26446.61309136036,2.908933367377554,2671.21768,2809.1956139999907,1.0,0.0,0.0,722.0,2024-01-18 17:30:00+00:00,2024-01-18 18:09:00+00:00,2024-01-18 18:10:00+00:00,0.65,False,stop,5.000000000000058,-1.0951050446998734,2024-01-18 00:01:00+00:00,2024-01-15 00:01:00+00:00,2585.376284266286,2477.023411784496,137.97793399999046
201,2135220.0,2135224.0,-1.0,20.113,2367.27,2376.19,2375.71,2325.06,23.806450755,23.896154735,0.0,-179.40796000000145,-227.11056549000145,26446.61309136036,26219.502525870357,1.8003402305437095,1587.096717,1587.0967170000001,1.0,0.0,0.0,723.0,2024-01-22 19:00:00+00:00,2024-01-22 19:04:00+00:00,2024-01-22 19:05:00+00:00,0.06666666666666667,False,stop,5.001184834123195,-1.3378827014218009,2024-01-22 00:01:00+00:00,2024-01-22 00:01:00+00:00,2547.4602682092495,2369.790554042165,2.2737367544323206e-13
202,2136165.0,2136928.0,-1.0,12.963000000000001,2228.32,2246.2200000000003,2245.77,2141.07,14.442856080000002,14.558874930000004,-2.8770464461240324,-232.0377000000012,-258.1623845638772,26219.502525870357,25961.34014130648,1.1016880328487904,962.8570720000001,962.8570720000002,1.0,0.0,0.0,724.0,2024-01-23 10:45:00+00:00,2024-01-23 23:28:00+00:00,2024-01-23 23:29:00+00:00,12.716666666666667,False,stop,5.000000000000052,-1.1412794871711347,2024-01-23 00:01:00+00:00,2024-01-22 00:01:00+00:00,2402.5719395335286,2229.329020607773,1.1368683772161603e-13
203,2165280.0,2165282.0,1.0,25.461000000000002,2557.85,2549.58,2550.1,2596.6,32.562709425,32.45742819,6.511217913,-210.56246999999956,-282.09382552799957,25961.34014130648,25679.246315778477,2.5085538148464255,2170.847295,2170.8472950000005,1.0,0.0,0.0,725.0,2024-02-12 16:00:00+00:00,2024-02-12 16:02:00+00:00,2024-02-12 16:03:00+00:00,0.03333333333333333,False,stop,5.0,-1.4296061935483848,2024-02-12 00:01:00+00:00,2024-02-12 00:01:00+00:00,2556.780180675558,2456.424395600776,4.547473508864641e-13
204,2165670.0,2166576.0,1.0,32.483000000000004,2650.7200000000003,2621.7400000000002,2622.27,2792.98,43.051668880000015,42.58099021000001,17.24969310637151,-941.3573400000007,-1044.2396921963723,25679.246315778477,24635.006623582103,3.3530321217836634,2870.1112586666673,2870.1112586666673,1.0,0.0,0.0,726.0,2024-02-12 22:30:00+00:00,2024-02-13 13:36:00+00:00,2024-02-13 13:37:00+00:00,15.1,True,stop,5.000351493848801,-1.1299566805406578,2024-02-12 00:01:00+00:00,2024-02-12 00:01:00+00:00,2642.428166321542,2376.8052770732374,0.0
205,2177715.0,2177788.0,-1.0,37.29,2932.26,2955.7400000000002,2955.14,2817.86,54.67198770000001,55.1097723,-12.94540494282898,-875.5692000000007,-972.4055550571718,24635.006623582103,23662.60106852493,4.438560828123724,3644.7991800000004,3644.79918,1.0,0.0,0.0,729.0,2024-02-21 07:15:00+00:00,2024-02-21 08:28:00+00:00,2024-02-21 08:29:00+00:00,1.2166666666666666,False,stop,5.00000000000008,-1.1397222523722432,2024-02-21 00:01:00+00:00,2024-02-19 00:01:00+00:00,3090.7102035694993,2945.4577053475255,-4.547473508864641e-13
206,2188380.0,2188410.0,1.0,25.752,3430.3,3396.9700000000003,3397.65,3593.56,44.168542800000004,43.73938572,0.0,-858.3141599999981,-946.222088519998,23662.60106852493,22716.378980004934,3.73319422257017,2944.56952,2944.56952,1.0,0.0,0.0,732.0,2024-02-28 17:00:00+00:00,2024-02-28 17:30:00+00:00,2024-02-28 17:31:00+00:00,0.5,False,stop,5.000306278713608,-1.1253793261868246,2024-02-28 00:01:00+00:00,2024-02-26 00:01:00+00:00,3408.2662592457455,3089.5166044715897,0.0
207,2190195.0,2194515.0,1.0,15.173,3344.2000000000003,3472.54,3288.3,3623.71,25.3707733,26.34442471,217.5036834331913,1947.3028199999953,1678.0839385568038,22716.378980004934,24394.462918561738,2.233698717769366,1691.3848866666667,1989.8554985000017,3.0,1.0,0.0,733.0,2024-02-29 23:15:00+00:00,2024-03-03 23:15:00+00:00,2024-03-03 23:15:00+00:00,72.0,True,max_hold,5.000178890876553,1.978474307774132,2024-02-29 00:01:00+00:00,2024-02-26 00:01:00+00:00,3326.452823346032,2917.4381159081513,298.47061183333494
208,2198280.0,2198347.0,1.0,10.432,3835.67,3745.94,3746.69,4280.57,20.00685472,19.53882304,0.0,-936.0633600000002,-975.6090377600002,24394.462918561738,23418.85388080174,1.6402783522466313,1333.7903146666665,1828.5478224,1.0,0.0,0.0,741.0,2024-03-06 14:00:00+00:00,2024-03-06 15:07:00+00:00,2024-03-06 15:08:00+00:00,1.1166666666666667,False,stop,4.999999999999995,-1.0510317487075747,2024-03-06 00:01:00+00:00,2024-03-04 00:01:00+00:00,3776.768177869196,3347.0633858263272,494.75750773333357
209,2199135.0,2199234.0,1.0,7.088,3791.6,3748.46,3749.21,4003.55,13.4374304,13.28454224,0.0,-305.7763199999991,-332.4982926399991,23418.85388080174,23086.35558816174,1.147573700096033,895.8286933333333,905.1446879999991,1.0,0.0,0.0,742.0,2024-03-07 04:15:00+00:00,2024-03-07 05:54:00+00:00,2024-03-07 05:55:00+00:00,1.65,False,stop,5.000000000000021,-1.1066296296296299,2024-03-07 00:01:00+00:00,2024-03-04 00:01:00+00:00,3774.920268705846,3229.858345347234,9.315994666665802
210,2199330.0,2203650.0,1.0,17.651,3790.28,3945.2400000000002,3742.4900000000002,4029.23,33.451116139999996,34.818715620000006,255.82927127948383,2735.1989600000006,2411.0998569605167,23086.35558816174,25497.45544512226,2.897912233245954,2230.0744093333333,2348.8415162999995,3.0,1.0,0.0,743.0,2024-03-07 07:30:00+00:00,2024-03-10 07:30:00+00:00,2024-03-10 07:30:00+00:00,72.0,True,max_hold,5.0,2.8583068612569265,2024-03-07 00:01:00+00:00,2024-03-04 00:01:00+00:00,3774.920268705846,3229.858345347234,118.76710696666623
211,2205165.0,2206583.0,1.0,17.702,4011.04,3975.11,3975.9100000000003,4186.6900000000005,35.50171504,35.18369861000001,121.61566812124464,-636.0328599999972,-828.3339417712418,25497.45544512226,24669.12150335102,2.7847261164087325,2366.781002666667,2366.781002666667,1.0,0.0,0.0,745.0,2024-03-11 08:45:00+00:00,2024-03-12 08:23:00+00:00,2024-03-12 08:24:00+00:00,23.633333333333333,True,stop,5.000000000000065,-1.3320022889806,2024-03-11 00:01:00+00:00,2024-03-11 00:01:00+00:00,4005.658850789043,3760.64693712813,0.0
212,2210685.0,2210801.0,-1.0,10.024000000000001,3659.14,3753.87,3753.11,3189.28,18.339609680000002,18.81439644,0.0,-949.5735200000003,-986.7275261200002,24669.12150335102,23682.393977231022,1.4868474078015932,1222.6406453333334,1767.2377156000027,1.0,0.0,0.0,749.0,2024-03-15 04:45:00+00:00,2024-03-15 06:41:00+00:00,2024-03-15 06:42:00+00:00,1.9333333333333333,False,stop,5.00010641694156,-1.0475311801638794,2024-03-15 00:01:00+00:00,2024-03-11 00:01:00+00:00,4111.999013705195,3670.5133561060925,544.5970702666693
213,2210940.0,2211540.0,-1.0,5.699,3664.69,3799.46,3798.7000000000003,2994.63,10.442534154999999,10.826561270000001,-7.0597883566282515,-768.0542299999998,-782.2635370683715,23682.393977231022,22900.13044016265,0.8818816345205448,696.1689436666667,1233.6370269750012,1.0,0.0,0.0,750.0,2024-03-15 09:00:00+00:00,2024-03-15 19:00:00+00:00,2024-03-15 19:01:00+00:00,10.0,False,stop,5.00007462129691,-1.0242765339149609,2024-03-15 00:01:00+00:00,2024-03-11 00:01:00+00:00,4111.999013705195,3670.5133561060925,537.4680833083345
214,2213580.0,2213911.0,-1.0,3.6430000000000002,3560.4900000000002,3600.65,3599.9300000000003,3363.29,6.485432535000001,6.558583975,-1.4966264228736001,-146.30287999999948,-157.8502700871259,22900.13044016265,22742.280170075526,0.5664100955185596,432.36216900000005,435.5243840750002,1.0,0.0,0.0,753.0,2024-03-17 05:00:00+00:00,2024-03-17 10:31:00+00:00,2024-03-17 10:32:00+00:00,5.516666666666667,False,stop,5.0,-1.098624429127784,2024-03-17 00:01:00+00:00,2024-03-11 00:01:00+00:00,4219.200172302819,3570.3138209198105,3.1622150750001765
215,2216460.0,2218345.0,-1.0,11.111,3381.1,3348.65,3458.85,2992.35,18.78370105,18.603425075000004,-22.883377602824503,360.551949999998,346.0482014778225,22742.280170075526,23088.328371553347,1.6518749139952769,1252.2467366666667,1709.14679725,5.0,1.0,0.0,755.0,2024-03-19 05:00:00+00:00,2024-03-20 12:25:00+00:00,2024-03-20 12:25:00+00:00,31.416666666666668,True,daily_risk,5.0,0.4005742711189687,2024-03-19 00:01:00+00:00,2024-03-18 00:01:00+00:00,3628.8963870873727,3421.0287758764534,456.90006058333324
216,2221785.0,2221918.0,-1.0,14.911,3277.4900000000002,3336.11,3335.44,2987.7400000000002,24.435326695,24.872368105000003,0.0,-874.0828199999984,-923.3905147999983,23088.328371553347,22164.93785675335,2.1166821869275094,1629.0217796666666,1963.6821512749973,1.0,0.0,0.0,757.0,2024-03-22 21:45:00+00:00,2024-03-22 23:58:00+00:00,2024-03-22 23:59:00+00:00,2.216666666666667,False,stop,5.000000000000016,-1.0686246764452128,2024-03-22 00:01:00+00:00,2024-03-18 00:01:00+00:00,3715.8957019449235,3287.536681722792,334.6603716083307
217,2236860.0,2240271.0,-1.0,12.176,3336.66,3406.1,3405.41,2992.91,20.31358608,20.7363368,-29.246501497924648,-845.5014400000007,-857.3048613820761,22164.93785675335,21307.632995371274,1.8329477133012337,1354.239072,1751.2113736,1.0,0.0,0.0,758.0,2024-04-02 09:00:00+00:00,2024-04-04 17:51:00+00:00,2024-04-04 17:52:00+00:00,56.85,True,stop,5.0,-1.0241367356135183,2024-04-02 00:01:00+00:00,2024-04-01 00:01:00+00:00,3969.126270344797,3354.3071087389326,396.9723015999998
218,2251830.0,2253356.0,-1.0,13.633000000000001,3305.6800000000003,3013.79,3364.1800000000003,3013.18,22.533167720000005,20.543499535000002,-13.319659128000001,3979.3363700000045,3949.579361873004,21307.632995371274,25257.212357244276,2.1150324604234507,1502.2111813333336,1811.5230474000002,2.0,0.0,0.0,761.0,2024-04-12 18:30:00+00:00,2024-04-13 19:56:00+00:00,2024-04-13 19:57:00+00:00,25.433333333333334,True,target,5.000000000000008,4.952261213675218,2024-04-12 00:01:00+00:00,2024-04-08 00:01:00+00:00,3707.1931137548295,3312.7569155579167,309.31186606666665
219,2277240.0,2278508.0,-1.0,18.659,3045.53,2856.16,3083.52,2855.58,28.413272135,26.646544719999998,-3.2189202853102996,3533.454830000006,3481.613933430316,25257.212357244276,28738.82629067459,2.249913548107814,1894.2181423333334,1987.452656074996,2.0,0.0,0.0,762.0,2024-04-30 10:00:00+00:00,2024-05-01 07:08:00+00:00,2024-05-01 07:09:00+00:00,21.133333333333333,True,target,5.0000000000000355,4.911599579144548,2024-04-30 00:01:00+00:00,2024-04-29 00:01:00+00:00,3491.757316960519,3047.883868305025,93.23451374166257
220,2292075.0,2292557.0,-1.0,15.154,2906.2200000000003,2933.75,2933.16,2771.52,22.020428940000002,22.22902375,-3.3404364235619997,-417.1896199999961,-458.09863626643414,28738.82629067459,28280.727654408158,1.5324515147054123,1468.028596,1468.028596,1.0,0.0,0.0,763.0,2024-05-10 17:15:00+00:00,2024-05-11 01:17:00+00:00,2024-05-11 01:18:00+00:00,8.033333333333333,True,stop,5.000000000000084,-1.1221066201559093,2024-05-10 00:01:00+00:00,2024-05-06 00:01:00+00:00,3369.506759354076,2917.260762368771,0.0
221,2294400.0,2294535.0,-1.0,5.929,2905.94,2927.23,2926.64,2802.44,8.61465913,8.677773335,0.0,-126.22840999999978,-143.5208424649998,28280.727654408158,28137.20681194316,0.6092247155215768,574.3106086666667,574.3106086666667,1.0,0.0,0.0,764.0,2024-05-12 08:00:00+00:00,2024-05-12 10:15:00+00:00,2024-05-12 10:16:00+00:00,2.25,False,stop,5.0000000000000435,-1.1694002415459022,2024-05-12 00:01:00+00:00,2024-05-06 00:01:00+00:00,3369.506759354076,2917.260762368771,0.0
222,2306610.0,2310930.0,1.0,5.171,3351.25,3789.2400000000002,3137.48,4420.1,8.664656875,9.797080020000001,20.736486594115338,2264.8462900000013,2225.6480665108857,28137.20681194316,30362.854878454047,0.6158860709174719,577.6437916666667,1495.314229375,3.0,1.0,0.0,765.0,2024-05-20 19:30:00+00:00,2024-05-23 19:30:00+00:00,2024-05-23 19:30:00+00:00,72.0,True,max_hold,5.000000000000002,2.013423795749737,2024-05-20 00:01:00+00:00,2024-05-20 00:01:00+00:00,3147.705262110693,2994.1739825031195,917.6704377083332
223,2315040.0,2315627.0,-1.0,7.9830000000000005,3833.77,3891.98,3891.2000000000003,3546.61,15.302492955000002,15.53483817,-3.0555171990000005,-464.69043000000033,-492.4722439260003,30362.854878454047,29870.382634528047,1.0079745805364888,1020.1661970000001,1147.0758729750025,1.0,0.0,0.0,771.0,2024-05-26 16:00:00+00:00,2024-05-27 01:47:00+00:00,2024-05-27 01:48:00+00:00,9.783333333333333,True,stop,5.000174125021738,-1.074179383597418,2024-05-26 00:01:00+00:00,2024-05-20 00:01:00+00:00,3848.401585333559,3656.356024830082,126.90967597500241
224,2337375.0,2339311.0,-1.0,19.005,3564.25,3623.52,3622.79,3271.55,33.869285624999996,34.432498800000005,-26.623106363158513,-1126.4263499999995,-1168.105028061841,29870.382634528047,28702.277606466207,2.267750369280473,2257.952375,2636.6705531249995,1.0,0.0,0.0,776.0,2024-06-11 04:15:00+00:00,2024-06-12 12:31:00+00:00,2024-06-12 12:32:00+00:00,32.266666666666666,True,stop,5.0,-1.0499323115766488,2024-06-11 00:01:00+00:00,2024-06-10 00:01:00+00:00,3760.869624652238,3580.662415769123,378.71817812499967
225,2339670.0,2339742.0,1.0,1.234,3592.76,3543.42,3544.13,3835.92,2.21673292,2.18629014,0.0,-60.885560000000176,-65.28858306000018,28702.277606466207,28636.989023406208,0.1544639035545111,147.78219466666667,159.76240140000013,1.0,0.0,0.0,785.0,2024-06-12 18:30:00+00:00,2024-06-12 19:42:00+00:00,2024-06-12 19:43:00+00:00,1.2,False,stop,5.000205634382055,-1.0879722393584212,2024-06-12 00:01:00+00:00,2024-06-10 00:01:00+00:00,3588.373632479337,3410.2143864949,11.98020673333346
226,2341080.0,2341778.0,-1.0,9.93,3468.9500000000003,3522.11,3521.4,3206.7000000000003,17.22333675,17.487276150000003,-3.4449056700000003,-527.8787999999986,-559.1445072299986,28636.989023406208,28077.844516176207,1.2028734400758858,1148.2224500000002,1295.8786537499982,1.0,0.0,0.0,786.0,2024-06-13 18:00:00+00:00,2024-06-14 05:38:00+00:00,2024-06-14 05:39:00+00:00,11.633333333333333,True,stop,5.000000000000018,-1.073567416587227,2024-06-13 00:01:00+00:00,2024-06-10 00:01:00+00:00,3649.102777277853,3473.950989113166,147.65620374999799
227,2343720.0,2343752.0,1.0,57.975,3568.92,3553.11,3553.83,3644.38,103.4540685,102.995776125,0.0,-916.5847499999968,-1123.0345946249968,28077.844516176207,26954.809921551212,7.369089065252004,6896.937900000001,6896.9379,1.0,0.0,0.0,787.0,2024-06-15 14:00:00+00:00,2024-06-15 14:32:00+00:00,2024-06-15 14:33:00+00:00,0.5333333333333333,False,stop,5.0006626905234794,-1.2836988071570417,2024-06-15 00:01:00+00:00,2024-06-10 00:01:00+00:00,3564.9464521115565,3398.073441727232,-9.094947017729282e-13
228,2343930.0,2344099.0,1.0,14.104000000000001,3567.76,3539.33,3540.04,3706.37,25.159843520000003,24.959355160000005,0.0,-400.97672000000415,-451.09591868000416,26954.809921551212,26503.71400287121,1.866816615900817,1677.3229013333334,1677.3229013333337,1.0,0.0,0.0,789.0,2024-06-15 17:30:00+00:00,2024-06-15 20:19:00+00:00,2024-06-15 20:20:00+00:00,2.816666666666667,False,stop,5.000360750360692,-1.1538075396825396,2024-06-15 00:01:00+00:00,2024-06-10 00:01:00+00:00,3564.9464521115565,3398.073441727232,2.2737367544323206e-13
229,2344245.0,2344385.0,1.0,4.341,3567.17,3553.11,3553.83,3633.88,7.742542485000001,7.712025255,1.548842487618876,-61.03445999999977,-78.03787022761864,26503.71400287121,26425.676132643588,0.5842609442707715,516.1694990000001,516.1694990000001,1.0,0.0,0.0,791.0,2024-06-15 22:45:00+00:00,2024-06-16 01:05:00+00:00,2024-06-16 01:06:00+00:00,2.3333333333333335,True,stop,5.000749625187354,-1.3475962472740441,2024-06-15 00:01:00+00:00,2024-06-10 00:01:00+00:00,3564.9464521115565,3398.073441727232,0.0
230,2346360.0,2346647.0,-1.0,26.211000000000002,3510.04,3546.83,3546.12,3329.64,46.00082922,46.482980565000005,0.0,-964.3026899999991,-1056.786499784999,26425.676132643588,25368.88963285859,3.4815252400051375,3066.721948,3066.7219480000003,1.0,0.0,0.0,793.0,2024-06-17 10:00:00+00:00,2024-06-17 14:47:00+00:00,2024-06-17 14:48:00+00:00,4.783333333333333,False,stop,5.000000000000012,-1.1174732538802672,2024-06-17 00:01:00+00:00,2024-06-17 00:01:00+00:00,3714.014779210527,3534.1375686151973,4.547473508864641e-13
231,2346720.0,2346841.0,-1.0,12.556000000000001,3495.11,3558.94,3558.2200000000003,3179.55,21.942300580000005,22.343025320000002,0.0,-801.4494799999992,-845.7348058999993,25368.88963285859,24523.15482695859,1.729858964862194,1462.820038666667,1779.8126861000019,1.0,0.0,0.0,796.0,2024-06-17 16:00:00+00:00,2024-06-17 18:01:00+00:00,2024-06-17 18:02:00+00:00,2.0166666666666666,False,stop,5.0001584534938885,-1.0672955949928664,2024-06-17 00:01:00+00:00,2024-06-17 00:01:00+00:00,3714.014779210527,3534.1375686151973,316.9926474333349
232,2347020.0,2350173.0,-1.0,2.114,3512.77,3589.25,3588.53,3133.96,3.7129978899999996,3.7938372499999997,-4.207154698125246,-161.67872000000003,-164.97840044187478,24523.15482695859,24358.176426516715,0.30281567899398143,247.53319266666665,327.2415450500004,1.0,0.0,0.0,798.0,2024-06-17 21:00:00+00:00,2024-06-20 01:33:00+00:00,2024-06-20 01:34:00+00:00,52.55,True,stop,5.00013199577612,-1.030106528470342,2024-06-17 00:01:00+00:00,2024-06-17 00:01:00+00:00,3714.014779210527,3534.1375686151973,79.70835238333376
233,2356425.0,2357130.0,-1.0,13.461,3275.27,3344.33,3343.66,2933.32,22.044204735,22.509013065,-3.270462201279,-929.6166599999993,-970.8994155987203,24358.176426516715,23387.277010917995,1.8100045216030467,1469.613649,1912.5870030749982,1.0,0.0,0.0,799.0,2024-06-24 09:45:00+00:00,2024-06-24 21:30:00+00:00,2024-06-24 21:31:00+00:00,11.75,False,stop,5.000000000000006,-1.0546401763561937,2024-06-24 00:01:00+00:00,2024-06-24 00:01:00+00:00,3509.2147213461467,3331.8450174273885,442.97335407499827
234,2357220.0,2357271.0,-1.0,7.245,3331.08,3362.6,3361.92,3176.87,12.0668373,12.1810185,0.0,-228.36239999999987,-252.61025579999986,23387.277010917995,23134.666755117993,1.0319146854391625,804.4558199999999,804.45582,1.0,0.0,0.0,801.0,2024-06-24 23:00:00+00:00,2024-06-24 23:51:00+00:00,2024-06-24 23:52:00+00:00,0.85,False,stop,5.000324254215283,-1.1305719844357918,2024-06-24 00:01:00+00:00,2024-06-24 00:01:00+00:00,3509.2147213461467,3331.8450174273885,1.1368683772161603e-13
235,2361525.0,2361640.0,1.0,1.419,3452.92,3439.63,3440.32,3515.92,2.44984674,2.4404174849999998,0.489601852577475,-18.85850999999995,-24.238376077577428,23134.666755117993,23110.428379040415,0.21179010408334756,163.323116,163.323116,1.0,0.0,0.0,802.0,2024-06-27 22:45:00+00:00,2024-06-28 00:40:00+00:00,2024-06-28 00:41:00+00:00,1.9166666666666667,True,stop,5.000000000000036,-1.3556593665099277,2024-06-27 00:01:00+00:00,2024-06-24 00:01:00+00:00,3450.8672566528435,3292.512325907475,0.0
236,2369340.0,2371040.0,-1.0,19.026,3337.64,3115.56,3382.1800000000003,3114.9300000000003,31.75096932,29.63832228,-18.606032615865367,4225.294079999999,4182.510821015864,23110.428379040415,27292.939200056277,2.7477612097226176,2116.731288,2276.2116594000076,2.0,0.0,0.0,803.0,2024-07-03 09:00:00+00:00,2024-07-04 13:20:00+00:00,2024-07-04 13:21:00+00:00,28.333333333333332,True,target,5.000224517287775,4.935593324182507,2024-07-03 00:01:00+00:00,2024-07-01 00:01:00+00:00,3496.964578965872,3345.570457096179,159.4803714000077
237,2371425.0,2371522.0,-1.0,5.466,3138.4300000000003,3162.03,3161.39,3023.63,8.57732919,8.641827990000001,0.0,-128.9975999999995,-146.2167571799995,27292.939200056277,27146.72244287628,0.6285383283294248,571.821946,571.8219460000001,1.0,0.0,0.0,809.0,2024-07-04 19:45:00+00:00,2024-07-04 21:22:00+00:00,2024-07-04 21:23:00+00:00,1.6166666666666667,False,stop,5.000000000000099,-1.1650797038327696,2024-07-04 00:01:00+00:00,2024-07-01 00:01:00+00:00,3448.065035044265,3148.2519767382064,1.1368683772161603e-13
238,2371590.0,2371858.0,-1.0,8.454,3141.2400000000002,2953.19,3178.9700000000003,2952.59,13.278021480000001,12.48313413,-2.5862784218212562,1589.7747000000018,1566.599822811823,27146.72244287628,28713.3222656881,0.9782412228909321,885.2014320000001,916.4803866000003,2.0,0.0,0.0,810.0,2024-07-04 22:30:00+00:00,2024-07-05 02:58:00+00:00,2024-07-05 02:59:00+00:00,4.466666666666667,True,target,5.0,4.911442052381768,2024-07-04 00:01:00+00:00,2024-07-01 00:01:00+00:00,3448.065035044265,3148.2519767382064,31.278954600000247
239,2371935.0,2372356.0,-1.0,26.924,2908.7400000000002,2948.46,2947.87,2713.09,39.15745788,39.69216852,-7.40841672492,-1069.4212799999946,-1140.8624896750746,28713.3222656881,27572.459776013027,2.727476640819962,2610.4971920000003,2815.6217245999906,1.0,0.0,0.0,812.0,2024-07-05 04:15:00+00:00,2024-07-05 11:16:00+00:00,2024-07-05 11:17:00+00:00,7.016666666666667,False,stop,5.000000000000046,-1.0828888236647118,2024-07-05 00:01:00+00:00,2024-07-01 00:01:00+00:00,3204.989138558797,2920.252541108041,205.1245325999903
240,2381160.0,2381178.0,1.0,13.453,3179.89,3145.06,3145.69,3350.89,21.389530085,21.15524609,0.0,-468.567989999999,-511.11276617499897,27572.459776013027,27061.347009838028,1.5515141020249532,1425.9686723333332,1425.9686723333332,1.0,0.0,0.0,814.0,2024-07-11 14:00:00+00:00,2024-07-11 14:18:00+00:00,2024-07-11 14:19:00+00:00,0.3,False,stop,5.000000000000027,-1.1108910818713487,2024-07-11 00:01:00+00:00,2024-07-08 00:01:00+00:00,3174.914672089065,3025.1347725450196,0.0
241,2387265.0,2387267.0,1.0,12.92,3401.83,3389.58,3390.26,3459.6800000000003,21.9758218,21.8966868,0.0,-158.27,-202.1425086,27061.347009838028,26859.20450123803,1.6241484056215523,1465.0547866666666,1465.0547866666666,1.0,0.0,0.0,815.0,2024-07-15 19:45:00+00:00,2024-07-15 19:47:00+00:00,2024-07-15 19:48:00+00:00,0.03333333333333333,False,stop,5.000000000000157,-1.3522649092480894,2024-07-15 00:01:00+00:00,2024-07-15 00:01:00+00:00,3400.4681664880645,3093.892063828831,0.0
242,2400645.0,2402067.0,-1.0,17.959,3168.2400000000002,3224.86,3224.21,2888.39,28.44921108,28.95763037,-4.4389999422237185,-1016.838579999998,-1069.8064215077743,26859.20450123803,25789.398079730257,2.1183956567804296,1896.614072,2285.3797285999963,1.0,0.0,0.0,816.0,2024-07-25 02:45:00+00:00,2024-07-26 02:27:00+00:00,2024-07-26 02:28:00+00:00,23.7,True,stop,5.000000000000024,-1.0643090206251744,2024-07-25 00:01:00+00:00,2024-07-22 00:01:00+00:00,3502.6502471078616,3173.9270533161093,388.7656565999962
243,2411625.0,2411631.0,-1.0,49.212,3089.36,3105.13,3104.5,3013.66,76.01679216000001,76.40482878000002,0.0,-776.0732399999991,-928.4948609399992,25789.398079730257,24860.90321879026,5.895197082536569,5067.786144000001,5067.786144000001,1.0,0.0,0.0,823.0,2024-08-01 17:45:00+00:00,2024-08-01 17:51:00+00:00,2024-08-01 17:52:00+00:00,0.1,False,stop,5.00000000000006,-1.2461852708058216,2024-08-01 00:01:00+00:00,2024-07-29 00:01:00+00:00,3373.735685965141,3095.2226144570286,0.0
244,2411700.0,2411712.0,-1.0,12.137,3090.56,3105.13,3104.5,3020.85,18.75506336,18.843481405000002,0.0,-176.836090000002,-214.43463476500202,24860.90321879026,24646.468584025257,1.508799836831723,1250.3375573333333,1250.3375573333333,1.0,0.0,0.0,825.0,2024-08-01 19:00:00+00:00,2024-08-01 19:12:00+00:00,2024-08-01 19:13:00+00:00,0.2,False,stop,5.000717360114761,-1.267420731707324,2024-08-01 00:01:00+00:00,2024-07-29 00:01:00+00:00,3373.735685965141,3095.2226144570286,0.0
245,2416560.0,2416572.0,-1.0,21.945,2311.17,2353.76,2353.28,2100.61,25.359312825,25.826631600000006,0.0,-934.6375500000032,-985.8234944250032,24646.468584025257,23660.645089600253,2.057845548017924,1690.6208550000001,2065.273027125003,1.0,0.0,0.0,826.0,2024-08-05 04:00:00+00:00,2024-08-05 04:12:00+00:00,2024-08-05 04:13:00+00:00,0.2,False,stop,5.000237473284239,-1.0667885300403708,2024-08-05 00:01:00+00:00,2024-08-05 00:01:00+00:00,3097.093583879915,2332.2491117465916,374.65217212500283
246,2416635.0,2417160.0,-1.0,11.335,2302.84,2370.08,2369.6,1969.04,13.051345700000002,13.432428400000001,0.12237024610161464,-762.1653999999976,-788.7715443460992,23660.645089600253,22871.87354525415,1.1032113157165406,870.0897133333334,1344.0351564999974,1.0,0.0,0.0,828.0,2024-08-05 05:15:00+00:00,2024-08-05 14:00:00+00:00,2024-08-05 14:01:00+00:00,8.75,False,stop,5.00000000000002,-1.0423495474391897,2024-08-05 00:01:00+00:00,2024-08-05 00:01:00+00:00,3097.093583879915,2332.2491117465916,473.94544316666395
247,2417790.0,2417957.0,1.0,27.023,2513.27,2481.92,2482.42,2667.52,33.958047605,33.53446208,0.0,-847.1710499999975,-914.6635596849976,22871.87354525415,21957.209985569156,2.969415473359523,2263.8698403333333,2361.7716922249974,1.0,0.0,0.0,833.0,2024-08-06 00:30:00+00:00,2024-08-06 03:17:00+00:00,2024-08-06 03:18:00+00:00,2.783333333333333,False,stop,5.000000000000015,-1.0971667747163698,2024-08-06 00:01:00+00:00,2024-08-05 00:01:00+00:00,2492.061772408526,2347.3037565784166,97.90185189166414
248,2418060.0,2418274.0,1.0,8.321,2498.98,2466.8,2467.3,2657.38,10.39700629,10.263121400000001,-2.238844250527234,-267.7697799999986,-286.19106343947135,21957.209985569156,21671.018922129686,0.9470243529877593,693.1337526666666,731.4745630499986,1.0,0.0,0.0,836.0,2024-08-06 05:00:00+00:00,2024-08-06 08:34:00+00:00,2024-08-06 08:35:00+00:00,3.566666666666667,False,stop,5.000000000000028,-1.0856638409674835,2024-08-06 00:01:00+00:00,2024-08-05 00:01:00+00:00,2492.061772408526,2347.3037565784166,38.34081038333193
249,2418705.0,2418838.0,1.0,15.129,2513.36,2482.61,2483.11,2664.61,19.012311720000003,18.779703345,-0.42426198554212863,-465.21675,-502.58450307945793,21671.018922129686,21168.43441905023,1.7546301619057971,1267.487448,1313.2062774,1.0,0.0,0.0,839.0,2024-08-06 15:45:00+00:00,2024-08-06 17:58:00+00:00,2024-08-06 17:59:00+00:00,2.216666666666667,False,stop,5.0,-1.0981799020532685,2024-08-06 00:01:00+00:00,2024-08-05 00:01:00+00:00,2885.0907639163897,2503.6279101995447,45.718829400000004
250,2419350.0,2419932.0,1.0,2.998,2518.83,2462.91,2463.41,2795.93,3.7757261700000004,3.69190209,-0.046349629233600004,-167.64816000000022,-175.06943863076665,21168.43441905023,20993.364980419465,0.35673173511613965,251.71507800000003,336.0568376500002,1.0,0.0,0.0,841.0,2024-08-07 02:30:00+00:00,2024-08-07 12:12:00+00:00,2024-08-07 12:13:00+00:00,9.7,False,stop,4.999999999999992,-1.0536883763406713,2024-08-07 00:01:00+00:00,2024-08-05 00:01:00+00:00,2885.0907639163897,2503.6279101995447,84.34175965000017
251,2459625.0,2463317.0,1.0,10.645,2372.52,2295.98,2296.44,2752.92,12.627737699999999,12.22035355,5.979686869954541,-814.7682999999996,-845.5960781199542,20993.364980419465,20147.76890229951,1.2030217844331201,841.8491799999999,1378.1197964999992,1.0,0.0,0.0,844.0,2024-09-04 01:45:00+00:00,2024-09-06 15:17:00+00:00,2024-09-06 15:18:00+00:00,61.53333333333333,True,stop,5.000000000000006,-1.0441112864310282,2024-09-04 00:01:00+00:00,2024-09-02 00:01:00+00:00,2488.155163086146,2361.5964509270275,536.2706164999993
252,2463435.0,2463456.0,1.0,22.506,2270.87,2241.2000000000003,2241.65,2416.9700000000003,25.55410011,25.220223600000004,0.0,-667.7530199999915,-718.5273437099916,20147.76890229951,19429.24155858952,2.5366679788632527,1703.6066739999999,1807.5598249499953,1.0,0.0,0.0,845.0,2024-09-06 17:15:00+00:00,2024-09-06 17:36:00+00:00,2024-09-06 17:37:00+00:00,0.35,False,stop,5.000000000000047,-1.0926090006844573,2024-09-06 00:01:00+00:00,2024-09-02 00:01:00+00:00,2595.557448045406,2264.809321375947,103.95315094999546
253,2482260.0,2482794.0,-1.0,3.1950000000000003,2473.53,2502.69,2502.18,2330.28,3.951464175000001,3.9980472750000002,-0.7874237250000001,-93.16619999999955,-100.32828772499956,19429.24155858952,19328.913270864523,0.40675434119074894,263.430945,269.3526378749989,1.0,0.0,0.0,847.0,2024-09-19 19:00:00+00:00,2024-09-20 03:54:00+00:00,2024-09-20 03:55:00+00:00,8.9,True,stop,5.000000000000063,-1.0960438045375307,2024-09-19 00:01:00+00:00,2024-09-16 00:01:00+00:00,2474.416529871606,2165.5733615625522,5.921692874998882
254,2499465.0,2499641.0,1.0,9.413,2495.87,2416.2000000000003,2416.69,2891.77,11.746812155,11.3718453,0.0,-749.9337099999964,-773.0523674549964,19328.913270864523,18555.860903409524,1.2154653487639764,783.1208103333333,1273.9278869749985,1.0,0.0,0.0,848.0,2024-10-01 17:45:00+00:00,2024-10-01 20:41:00+00:00,2024-10-01 20:42:00+00:00,2.933333333333333,False,stop,5.0000000000000115,-1.0372068072745617,2024-10-01 00:01:00+00:00,2024-09-30 00:01:00+00:00,2731.988490374641,2477.2250117246754,490.80707664166516
255,2500080.0,2500937.0,-1.0,25.516000000000002,2488.01,2397.34,2506.2400000000002,2396.86,31.742031580000006,30.585263720000004,-10.618388700119489,2313.535720000002,2261.8268134001214,18555.860903409524,20817.687716809647,3.421240517508687,2116.135438666667,2116.1354386666667,2.0,0.0,0.0,849.0,2024-10-02 04:00:00+00:00,2024-10-02 18:17:00+00:00,2024-10-02 18:18:00+00:00,14.283333333333333,False,target,5.0,4.862505281876461,2024-10-02 00:01:00+00:00,2024-09-30 00:01:00+00:00,2831.804738834462,2491.6723929574814,-4.547473508864641e-13
256,2501025.0,2503676.0,-1.0,25.147000000000002,2377.01,2407.73,2407.2400000000002,2225.86,29.887335235000005,30.273593155000004,-11.87985223907988,-772.515839999995,-820.7969161509151,20817.687716809647,19996.890800658737,2.8713405294159444,1992.489015666667,2105.1238955750005,1.0,0.0,0.0,850.0,2024-10-02 19:45:00+00:00,2024-10-04 15:56:00+00:00,2024-10-04 15:57:00+00:00,44.18333333333333,True,stop,5.0,-1.079720599344152,2024-10-02 00:01:00+00:00,2024-09-30 00:01:00+00:00,2509.468760285108,2385.7937652986725,112.63487990833346
257,2548740.0,2551450.0,1.0,13.025,2405.91,2698.12,2347.36,2698.66,15.668488875,17.571506499999998,19.292724201658324,3806.0352500000004,3753.502530423342,19996.890800658737,23750.39333108208,1.567092507649624,1044.5659249999999,1467.6957493749962,2.0,0.0,0.0,851.0,2024-11-04 23:00:00+00:00,2024-11-06 20:10:00+00:00,2024-11-06 20:11:00+00:00,45.166666666666664,True,target,5.000000000000023,4.9218920199424145,2024-11-04 00:01:00+00:00,2024-11-04 00:01:00+00:00,2522.957516501391,2393.3316770523074,423.12982437499636
258,2554260.0,2554307.0,-1.0,31.871000000000002,2957.76,2983.08,2982.48,2834.16,47.13338448000001,47.536871340000005,0.0,-806.9737199999907,-901.6439758199908,23750.39333108208,22848.74935526209,3.9690613812544036,3142.2256320000006,3142.2256320000006,1.0,0.0,0.0,852.0,2024-11-08 19:00:00+00:00,2024-11-08 19:47:00+00:00,2024-11-08 19:48:00+00:00,0.7833333333333333,False,stop,5.000000000000055,-1.144434466019415,2024-11-08 00:01:00+00:00,2024-11-04 00:01:00+00:00,2967.7692439534894,2825.497971139234,0.0
259,2554485.0,2554603.0,-1.0,8.652000000000001,2959.96,2985.96,2985.36,2832.9500000000003,12.804786960000001,12.917262960000002,-2.5627190375213287,-224.95200000000003,-248.11133088247868,22848.74935526209,22600.63802437961,1.1208304455448057,853.6524640000001,853.6524640000001,1.0,0.0,0.0,853.0,2024-11-08 22:45:00+00:00,2024-11-09 00:43:00+00:00,2024-11-09 00:44:00+00:00,1.9666666666666666,True,stop,5.000393700787375,-1.1290063145132243,2024-11-08 00:01:00+00:00,2024-11-04 00:01:00+00:00,2967.7692439534894,2825.497971139234,0.0
260,2580300.0,2584620.0,1.0,9.955,3327.65,3594.25,3240.79,3761.96,16.563377875000004,17.890379375000002,47.471329613028054,2654.0029999999992,2572.0779131369713,22600.63802437961,25172.71593751658,1.4657442729831667,1104.225191666667,1610.0433043750013,3.0,1.0,0.0,854.0,2024-11-26 21:00:00+00:00,2024-11-29 21:00:00+00:00,2024-11-29 21:00:00+00:00,72.0,True,max_hold,5.000115127791841,2.974562035187549,2024-11-26 00:01:00+00:00,2024-11-25 00:01:00+00:00,3518.921942616702,3317.8747573235773,505.8181127083344
261,2588220.0,2588317.0,1.0,23.808,3606.7400000000002,3574.75,3575.4700000000003,3763.09,42.93463296,42.553824,0.0,-761.6179200000056,-847.1063769600056,25172.71593751658,24325.60956055657,3.411203865849982,2862.308864,2862.308864,1.0,0.0,0.0,855.0,2024-12-02 09:00:00+00:00,2024-12-02 10:37:00+00:00,2024-12-02 10:38:00+00:00,1.6166666666666667,False,stop,5.0,-1.137855612408067,2024-12-02 00:01:00+00:00,2024-12-02 00:01:00+00:00,3821.892953161838,3603.790714809372,0.0
262,2590020.0,2594340.0,1.0,9.898,3582.59,3987.08,3488.53,4052.89,17.73023791,19.73205892,80.20113944076196,4003.6420199999975,3885.9785837292357,24325.60956055657,28211.5881442858,1.457742538032772,1182.0158606666666,1728.8665859499993,3.0,1.0,0.0,856.0,2024-12-03 15:00:00+00:00,2024-12-06 15:00:00+00:00,2024-12-06 15:00:00+00:00,72.0,True,max_hold,5.0,4.17395707933578,2024-12-03 00:01:00+00:00,2024-12-02 00:01:00+00:00,3748.7894860821966,3546.534697923149,546.8507252833326
263,2599230.0,2599392.0,1.0,12.702,3747.57,3662.44,3663.1800000000003,4169.52,23.80081707,23.26015644,0.0,-1081.3212600000013,-1128.3822335100012,28211.5881442858,27083.2059107758,1.6873078501127068,1586.721138,2142.9585481499985,1.0,0.0,0.0,860.0,2024-12-10 00:30:00+00:00,2024-12-10 03:12:00+00:00,2024-12-10 03:13:00+00:00,2.7,False,stop,5.000000000000011,-1.0526721767982017,2024-12-10 00:01:00+00:00,2024-12-09 00:01:00+00:00,4321.693724030688,3715.7777286963465,556.2374101499984
264,2599620.0,2600126.0,1.0,7.396,3740.6800000000003,3622.3,3623.03,4328.93,13.833034640000003,13.395265400000001,2.7620435960000003,-875.5384800000008,-905.5288236360009,27083.2059107758,26177.677087139797,1.021521210271207,922.2023093333335,1492.6259588000007,1.0,0.0,0.0,863.0,2024-12-10 07:00:00+00:00,2024-12-10 15:26:00+00:00,2024-12-10 15:27:00+00:00,8.433333333333334,False,stop,4.9999999999999964,-1.0406709817254571,2024-12-10 00:01:00+00:00,2024-12-09 00:01:00+00:00,4321.693724030688,3715.7777286963465,570.4236494666673
265,2613750.0,2613953.0,1.0,13.211,3431.28,3355.42,3356.1,3807.19,22.665320040000005,22.16422681,0.0,-1002.1864600000017,-1047.0160068500018,26177.677087139797,25130.661080289796,1.7316525041203679,1511.0213360000002,2013.142381800004,1.0,0.0,0.0,865.0,2024-12-20 02:30:00+00:00,2024-12-20 05:53:00+00:00,2024-12-20 05:54:00+00:00,3.3833333333333333,False,stop,5.0001330140994735,-1.0541812982176086,2024-12-20 00:01:00+00:00,2024-12-16 00:01:00+00:00,4612.227865115524,3397.430202552995,502.1210458000037
266,2614125.0,2614214.0,-1.0,26.193,3303.61,3164.3,3331.6,3163.66,43.265728365,41.44125495,0.0,3648.946829999999,3564.239846684999,25130.661080289796,28694.900926974795,3.4432622545639044,2884.381891,2884.381891,2.0,0.0,0.0,868.0,2024-12-20 08:45:00+00:00,2024-12-20 10:14:00+00:00,2024-12-20 10:15:00+00:00,1.4833333333333334,False,target,5.000000000000049,4.86159503394073,2024-12-20 00:01:00+00:00,2024-12-16 00:01:00+00:00,3518.032400677817,3318.2863488553453,0.0
267,2636280.0,2640419.0,1.0,4.58,3633.25,3575.79,3576.51,3916.9500000000003,8.3201425,8.1885591,13.403255121069122,-263.1668000000002,-293.07875672106934,28694.900926974795,28401.82217025372,0.579903901475304,554.6761666666666,634.2756124999989,1.0,0.0,0.0,869.0,2025-01-04 18:00:00+00:00,2025-01-07 14:59:00+00:00,2025-01-07 15:00:00+00:00,68.98333333333333,True,stop,5.000000000000024,-1.1277933541992298,2025-01-04 00:01:00+00:00,2024-12-30 00:01:00+00:00,3627.3684068999,3103.933912580582,79.59944583333231
268,2650170.0,2650299.0,1.0,45.796,3234.55,3212.9700000000003,3213.62,3339.21,74.06472590000001,73.57058706000001,0.0,-988.2776799999966,-1135.9129929599967,28401.82217025372,27265.909177293724,5.215491136872953,4937.648393333334,4937.648393333334,1.0,0.0,0.0,870.0,2025-01-14 09:30:00+00:00,2025-01-14 11:39:00+00:00,2025-01-14 11:40:00+00:00,2.15,False,stop,5.000477783086402,-1.185081700907768,2025-01-14 00:01:00+00:00,2025-01-13 00:01:00+00:00,3225.338152118959,3049.4086622013347,0.0
269,2650785.0,2650797.0,1.0,4.5120000000000005,3230.14,3212.9700000000003,3213.62,3312.7400000000002,7.287195840000001,7.248460320000001,0.0,-77.47103999999828,-92.00669615999828,27265.909177293724,27173.902481133726,0.5345279919048928,485.813056,485.813056,1.0,0.0,0.0,874.0,2025-01-14 19:45:00+00:00,2025-01-14 19:57:00+00:00,2025-01-14 19:58:00+00:00,0.2,False,stop,5.0000000000000275,-1.2343556295399296,2025-01-14 00:01:00+00:00,2025-01-13 00:01:00+00:00,3225.338152118959,3049.4086622013347,0.0
270,2650980.0,2651190.0,1.0,7.492,3234.4500000000003,3212.9700000000003,3213.62,3338.61,12.116249700000001,12.03578562,1.0876606125924,-160.92816000000013,-186.16785593259254,27173.902481133726,26987.734625201134,0.8917563245405815,807.74998,807.74998,1.0,0.0,0.0,876.0,2025-01-14 23:00:00+00:00,2025-01-15 02:30:00+00:00,2025-01-15 02:31:00+00:00,3.5,True,stop,5.000480076812191,-1.192937410931328,2025-01-14 00:01:00+00:00,2025-01-13 00:01:00+00:00,3225.338152118959,3049.4086622013347,0.0
271,2659620.0,2659632.0,1.0,7.23,3318.98,3298.38,3299.04,3418.6800000000003,11.998112700000002,11.923643700000001,0.0,-148.93799999999936,-172.85975639999938,26987.734625201134,26814.874868801136,0.8891530072180397,799.8741800000001,799.87418,1.0,0.0,0.0,877.0,2025-01-20 23:00:00+00:00,2025-01-20 23:12:00+00:00,2025-01-20 23:13:00+00:00,0.2,False,stop,5.0,-1.1990310932798318,2025-01-20 00:01:00+00:00,2025-01-20 00:01:00+00:00,3311.8665582645112,3119.3165668829183,-1.1368683772161603e-13
272,2681220.0,2685389.0,1.0,16.152,2683.04,2619.29,2619.82,2999.14,21.668231040000002,21.15338604,-1.7862981678232899,-1029.69,-1070.7253189121766,26814.874868801136,25744.149549888964,1.6161351597587197,1444.5487360000002,1996.199836799997,1.0,0.0,0.0,878.0,2025-02-04 23:00:00+00:00,2025-02-07 20:29:00+00:00,2025-02-07 20:30:00+00:00,69.48333333333333,True,stop,5.000000000000014,-1.0485696298328053,2025-02-04 00:01:00+00:00,2025-02-03 00:01:00+00:00,3077.4258987494004,2672.9192101238737,551.6511007999968
273,2705235.0,2705245.0,1.0,16.324,2826.94,2766.66,2767.2200000000003,3125.54,23.073484280000006,22.581478920000002,0.0,-984.0107200000034,-1029.6656832000035,25744.149549888964,24714.48386668896,1.7925225484948693,1538.2322853333337,2013.1760725999968,1.0,0.0,0.0,880.0,2025-02-21 15:15:00+00:00,2025-02-21 15:25:00+00:00,2025-02-21 15:26:00+00:00,0.16666666666666666,False,stop,5.000000000000015,-1.0562089752176895,2025-02-21 00:01:00+00:00,2025-02-17 00:01:00+00:00,2805.016196842657,2670.3793743976607,474.9437872666631
274,2708850.0,2709546.0,-1.0,44.001,2736.25,2640.98,2755.41,2640.4500000000003,60.198868125,58.10288049,-1.1061712333360536,4191.975269999999,4074.7796926183346,24714.48386668896,28789.263559307292,4.871545645032719,4013.257875,4013.257875,2.0,0.0,0.0,881.0,2025-02-24 03:30:00+00:00,2025-02-24 15:06:00+00:00,2025-02-24 15:07:00+00:00,11.6,False,target,5.000000000000024,4.83332592296176,2025-02-24 00:01:00+00:00,2025-02-24 00:01:00+00:00,2893.463813863916,2745.5562753319527,0.0
275,2709720.0,2709962.0,-1.0,17.466,2662.73,2555.29,2684.32,2554.77,23.25362109,22.315347570000004,0.0,1876.547040000001,1830.978071340001,28789.263559307292,30620.24163064729,1.6154370216588836,1550.241406,1550.241406,2.0,0.0,0.0,884.0,2025-02-24 18:00:00+00:00,2025-02-24 22:02:00+00:00,2025-02-24 22:03:00+00:00,4.033333333333333,False,target,5.000463177396911,4.855534506716042,2025-02-24 00:01:00+00:00,2025-02-24 00:01:00+00:00,2970.3792893270693,2674.462402880451,0.0
276,2720340.0,2721155.0,1.0,16.057,2066.59,1992.3500000000001,1992.75,2435.8,16.591617815000003,15.995581975,-1.188317460865834,-1192.07168,-1223.4705623291343,30620.24163064729,29396.771068318158,1.0837026052984329,1106.1078543333335,1932.2716816750021,1.0,0.0,0.0,886.0,2025-03-04 03:00:00+00:00,2025-03-04 16:35:00+00:00,2025-03-04 16:36:00+00:00,13.583333333333334,False,stop,5.00013542795232,-1.0318995640000368,2025-03-04 00:01:00+00:00,2025-03-03 00:01:00+00:00,2277.175664928477,2026.5670494704434,826.1638273416686
277,2733480.0,2733626.0,1.0,10.973,1867.5,1853.03,1853.41,1937.95,10.246038750000002,10.166649095,-0.00102663388,-158.77931000000032,-179.1909712111203,29396.771068318158,29217.58009710704,0.6970859980634054,683.0692500000001,683.06925,1.0,0.0,0.0,887.0,2025-03-13 06:00:00+00:00,2025-03-13 08:26:00+00:00,2025-03-13 08:27:00+00:00,2.433333333333333,False,stop,5.000000000000032,-1.1589901660752393,2025-03-13 00:01:00+00:00,2025-03-10 00:01:00+00:00,2189.4779994016308,1862.1646991265782,-1.1368683772161603e-13
278,2734110.0,2734454.0,-1.0,52.405,1856.81,1870.03,1869.65,1792.6000000000001,48.653064025,48.999461075,0.0,-692.7941000000014,-790.4466251000015,29217.58009710704,28427.133472007037,3.3303965532598885,3243.5376016666664,3243.537601666667,1.0,0.0,0.0,894.0,2025-03-13 16:30:00+00:00,2025-03-13 22:14:00+00:00,2025-03-13 22:15:00+00:00,5.733333333333333,False,stop,5.000778816199305,-1.174721183800612,2025-03-13 00:01:00+00:00,2025-03-10 00:01:00+00:00,2189.4779994016308,1862.1646991265782,4.547473508864641e-13
279,2734530.0,2734708.0,-1.0,11.75,1861.64,1890.77,1890.39,1717.89,10.937135,11.10827375,-0.6009895723192915,-342.2774999999986,-363.72191917767935,28427.133472007037,28063.411552829355,0.7694856050660255,729.1423333333333,829.983575,1.0,0.0,0.0,909.0,2025-03-13 23:30:00+00:00,2025-03-14 02:28:00+00:00,2025-03-14 02:29:00+00:00,2.966666666666667,True,stop,5.0,-1.0766976330884126,2025-03-13 00:01:00+00:00,2025-03-10 00:01:00+00:00,2189.4779994016308,1862.1646991265782,100.84124166666663
280,2738130.0,2738228.0,-1.0,30.48,1879.53,1889.71,1889.33,1830.53,28.6440372,28.7991804,0.0,-310.28640000000195,-367.729617600002,28063.411552829355,27695.681935229353,2.041379548318822,1909.60248,1909.60248,1.0,0.0,0.0,910.0,2025-03-16 11:30:00+00:00,2025-03-16 13:08:00+00:00,2025-03-16 13:09:00+00:00,1.6333333333333333,False,stop,5.000000000000023,-1.2310836734694,2025-03-16 00:01:00+00:00,2025-03-10 00:01:00+00:00,1992.10767675174,1881.9974224552043,0.0
281,2738310.0,2738597.0,1.0,10.517,1886.57,1865.64,1866.02,1989.32,9.920528345,9.81046794,-0.5910681329319,-220.12080999999827,-239.26073815206638,27695.681935229353,27456.42119707729,0.7163953116013314,661.3685563333332,662.5481255249995,1.0,0.0,0.0,915.0,2025-03-16 14:30:00+00:00,2025-03-16 19:17:00+00:00,2025-03-16 19:18:00+00:00,4.783333333333333,False,stop,5.000000000000011,-1.107051279284666,2025-03-16 00:01:00+00:00,2025-03-10 00:01:00+00:00,1992.10767675174,1881.9974224552043,1.1795691916662463
282,2738700.0,2743020.0,1.0,23.597,1894.04,2032.88,1849.75,2115.4900000000002,22.34683094,23.984934680000002,20.08564895725933,3276.2074800000037,3209.790065422744,27456.42119707729,30666.211262500037,1.6278036223001124,1489.7887293333333,2050.718522299999,3.0,1.0,0.0,921.0,2025-03-16 21:00:00+00:00,2025-03-19 21:00:00+00:00,2025-03-19 21:00:00+00:00,72.0,True,max_hold,5.000000000000011,3.0712428308200557,2025-03-16 00:01:00+00:00,2025-03-10 00:01:00+00:00,1992.10767675174,1881.9974224552043,560.9297929666659
283,2744100.0,2744136.0,1.0,11.496,2003.03,1970.07,1970.47,2165.83,11.51341644,11.32396236,0.0,-378.9081600000004,-401.7455388000004,30666.211262500037,30264.465723700036,0.7508861359785323,767.561096,892.4134997999994,1.0,0.0,0.0,933.0,2025-03-20 15:00:00+00:00,2025-03-20 15:36:00+00:00,2025-03-20 15:37:00+00:00,0.6,False,stop,5.000000000000007,-1.0732969901719929,2025-03-20 00:01:00+00:00,2025-03-17 00:01:00+00:00,2111.1765156649267,2000.7271361531148,124.85240379999937
284,2768520.0,2768564.0,-1.0,65.346,1747.21,1761.42,1761.06,1677.96,57.08659233000001,57.55087566000001,0.0,-928.5666600000025,-1043.2041279900025,30264.465723700036,29221.26159571003,3.7725161151809545,3805.7728220000004,3805.7728220000004,1.0,0.0,0.0,934.0,2025-04-06 14:00:00+00:00,2025-04-06 14:44:00+00:00,2025-04-06 14:45:00+00:00,0.7333333333333333,False,stop,5.000000000000033,-1.1526581227436925,2025-04-06 00:01:00+00:00,2025-03-31 00:01:00+00:00,1857.6148000533635,1754.1669685267323,0.0
285,2768655.0,2768768.0,-1.0,18.6,1753.47,1661.7,1771.89,1661.3600000000001,16.307271,15.453810000000002,0.0,1706.9219999999998,1675.160919,29221.26159571003,30896.42251471003,1.1161236790949551,1087.1514,1087.1514,2.0,0.0,0.0,936.0,2025-04-06 16:15:00+00:00,2025-04-06 18:08:00+00:00,2025-04-06 18:09:00+00:00,1.8833333333333333,False,target,5.000542888165013,4.889381921824084,2025-04-06 00:01:00+00:00,2025-03-31 00:01:00+00:00,1857.6148000533635,1754.1669685267323,0.0
286,2769090.0,2769094.0,-1.0,85.053,1551.28,1564.25,1563.93,1488.02,65.97050892,66.522077625,0.0,-1103.1374100000023,-1235.6299965450023,30896.42251471003,29660.792518165028,4.270430266713948,4398.033928,4398.033928,1.0,0.0,0.0,940.0,2025-04-06 23:30:00+00:00,2025-04-06 23:34:00+00:00,2025-04-06 23:35:00+00:00,0.06666666666666667,False,stop,5.000790513833955,-1.1484399209486105,2025-04-06 00:01:00+00:00,2025-03-31 00:01:00+00:00,2097.0691482527336,1557.0363346485533,0.0
287,2769360.0,2769499.0,1.0,37.473,1543.0900000000001,1512.96,1513.27,1692.2,28.912105785000005,28.34757504,0.0,-1129.0614900000041,-1186.3211708250042,29660.792518165028,28474.471347340026,1.9495167411520438,1927.4737190000003,2418.4896203250064,1.0,0.0,0.0,942.0,2025-04-07 04:00:00+00:00,2025-04-07 06:19:00+00:00,2025-04-07 06:20:00+00:00,2.316666666666667,False,stop,5.0003353454057375,-1.0616373239436598,2025-04-07 00:01:00+00:00,2025-04-07 00:01:00+00:00,1631.3348803079382,1530.241785750808,491.0159013250061
288,2769660.0,2772080.0,1.0,10.118,1495.34,1402.98,1403.27,1955.69,7.564925059999999,7.097675820000001,-1.3682021446177886,-934.4984799999991,-947.7928787353811,28474.471347340026,27526.678468604645,0.5313478847575995,504.3283373333333,1271.9858876999995,1.0,0.0,0.0,943.0,2025-04-07 09:00:00+00:00,2025-04-09 01:20:00+00:00,2025-04-09 01:21:00+00:00,40.333333333333336,True,stop,5.000000000000005,-1.0174208258433848,2025-04-07 00:01:00+00:00,2025-04-07 00:01:00+00:00,1684.3589739802499,1482.0693444586777,767.6575503666661
289,2823540.0,2824287.0,1.0,13.576,2613.01,2534.4900000000002,2535.0,3003.07,17.73711188,17.204118120000004,3.5415846960000006,-1065.98752,-1104.4703346959998,27526.678468604645,26422.208133908647,1.2887215506389509,1182.4741253333334,1857.233794600003,1.0,0.0,0.0,946.0,2025-05-14 19:00:00+00:00,2025-05-15 07:27:00+00:00,2025-05-15 07:28:00+00:00,12.45,True,stop,5.0001281886937425,-1.0428742597102905,2025-05-14 00:01:00+00:00,2025-05-12 00:01:00+00:00,2754.6663650289365,2604.6146564920327,674.7596692666696
290,2842020.0,2842705.0,1.0,25.761,2660.64,2622.26,2622.79,2849.89,34.27037351999999,33.776019930000004,13.722856133240686,-988.707179999991,-1070.4764295832317,26422.208133908647,25351.731704325415,2.594058251779456,2284.6915679999997,2517.2206583999973,1.0,0.0,0.0,948.0,2025-05-27 15:00:00+00:00,2025-05-28 02:25:00+00:00,2025-05-28 02:26:00+00:00,11.416666666666666,True,stop,5.000000000000012,-1.0978639072941812,2025-05-27 00:01:00+00:00,2025-05-26 00:01:00+00:00,2635.683141819899,2491.212771640768,232.52909039999759
291,2861190.0,2861960.0,1.0,48.426,2660.61,2748.81,2642.86,2749.36,64.42134993,66.55693653,25.935598335037568,4271.173199999991,4114.259315204953,25351.731704325415,29465.99101953037,5.082205088105179,4294.756662000001,4294.756662,2.0,0.0,0.0,949.0,2025-06-09 22:30:00+00:00,2025-06-10 11:20:00+00:00,2025-06-10 11:21:00+00:00,12.833333333333334,True,target,5.0,4.786462999104721,2025-06-09 00:01:00+00:00,2025-06-09 00:01:00+00:00,2652.1785806781986,2372.264548185565,-9.094947017729282e-13
292,2876730.0,2879365.0,-1.0,25.573,2415.76,2200.46,2458.91,2200.01,30.889115240000002,28.136181790000002,2.310939890409126,5505.8669000000045,5444.530663079596,29465.99101953037,34910.52168260997,2.0965943564922944,2059.2743493333337,2493.485135799991,2.0,0.0,0.0,950.0,2025-06-20 17:30:00+00:00,2025-06-22 13:25:00+00:00,2025-06-22 13:26:00+00:00,43.916666666666664,True,target,5.000000000000042,4.933986641998209,2025-06-20 00:01:00+00:00,2025-06-16 00:01:00+00:00,2593.080270902535,2449.329202674236,434.2107864666573
293,2910525.0,2910541.0,1.0,29.477,3050.88,3037.84,3038.4500000000003,3113.03,44.96539488,44.773204840000005,0.0,-384.38007999999894,-474.11867971999897,34910.52168260997,34436.40300288997,2.5760368343277253,2997.692992,2997.692992,1.0,0.0,0.0,953.0,2025-07-14 04:45:00+00:00,2025-07-14 05:01:00+00:00,2025-07-14 05:02:00+00:00,0.26666666666666666,False,stop,5.000000000000073,-1.2939951729686385,2025-07-14 00:01:00+00:00,2025-07-14 00:01:00+00:00,3048.767262861532,2893.9886767935045,0.0
294,2916120.0,2916879.0,1.0,23.525000000000002,3616.29,3561.33,3562.05,3887.4900000000002,42.53661112500001,41.890144125000006,8.4878583193079,-1292.9340000000009,-1385.8486135693088,34436.40300288997,33050.55438932067,2.4704444956942946,2835.7740750000003,3190.143500624995,1.0,0.0,0.0,954.0,2025-07-18 02:00:00+00:00,2025-07-18 14:39:00+00:00,2025-07-18 14:40:00+00:00,12.65,False,stop,5.000000000000025,-1.0860916598244148,2025-07-18 00:01:00+00:00,2025-07-14 00:01:00+00:00,3574.9715320982787,3381.0325799729244,354.3694256249946
295,2922300.0,2922375.0,-1.0,17.431,3648.66,3674.03,3673.29,3525.5,31.79989623,32.021008465,0.0,-442.224470000006,-506.04537469500605,33050.55438932067,32544.509014625666,1.924318476199311,2119.993082,2119.993082,1.0,0.0,0.0,955.0,2025-07-22 09:00:00+00:00,2025-07-22 10:15:00+00:00,2025-07-22 10:16:00+00:00,1.25,False,stop,5.000406008932169,-1.1786985383678528,2025-07-22 00:01:00+00:00,2025-07-21 00:01:00+00:00,3865.1364008934365,3659.5914489150723,0.0
296,2925540.0,2925573.0,1.0,49.769,3734.63,3712.2000000000003,3712.9500000000003,3843.03,92.934400235,92.37624090000001,0.0,-1116.318669999992,-1301.629311134992,32544.509014625666,31242.879703490675,5.7112184542857785,6195.626682333333,6195.6266823333335,1.0,0.0,0.0,956.0,2025-07-24 15:00:00+00:00,2025-07-24 15:33:00+00:00,2025-07-24 15:34:00+00:00,0.55,False,stop,5.000000000000042,-1.2063383302583044,2025-07-24 00:01:00+00:00,2025-07-21 00:01:00+00:00,3725.8917953832956,3531.6870222599464,9.094947017729282e-13
297,2925780.0,2926122.0,1.0,11.292,3740.66,3652.12,3652.86,4179.66,21.11976636,20.61986952,4.184374812000001,-999.7936799999995,-1045.7176906919995,31242.879703490675,30197.162012798675,1.3519730934175282,1407.9844239999998,1941.8270861999965,1.0,0.0,0.0,957.0,2025-07-24 19:00:00+00:00,2025-07-25 00:42:00+00:00,2025-07-25 00:43:00+00:00,5.7,True,stop,5.000000000000015,-1.0547488724373604,2025-07-24 00:01:00+00:00,2025-07-21 00:01:00+00:00,3725.8917953832956,3531.6870222599464,533.8426621999968
298,2938725.0,2938764.0,-1.0,49.954,3387.6,3405.64,3404.9500000000003,3300.84,84.61208520000001,85.06267027999999,0.0,-901.1701599999982,-1070.8449154799982,30197.162012798675,29126.31709731868,5.6039759739102815,5640.80568,5640.80568,1.0,0.0,0.0,961.0,2025-08-02 18:45:00+00:00,2025-08-02 19:24:00+00:00,2025-08-02 19:25:00+00:00,0.65,False,stop,5.000576368875962,-1.2355400576368596,2025-08-02 00:01:00+00:00,2025-07-28 00:01:00+00:00,3583.2309273294927,3392.2246885324134,0.0
299,3011400.0,3011402.0,-1.0,29.877,4216.85,4048.1600000000003,4250.75,4047.35,62.99341372500001,60.47343816000001,0.0,5039.951130000001,4916.484278115001,29126.31709731868,34042.80137543368,4.325532370915448,4199.560915,4199.560915,2.0,0.0,0.0,964.0,2025-09-22 06:00:00+00:00,2025-09-22 06:02:00+00:00,2025-09-22 06:03:00+00:00,0.03333333333333333,False,target,5.0000000000000675,4.854203392330437,2025-09-22 00:01:00+00:00,2025-09-22 00:01:00+00:00,4659.404988759796,4236.664962097302,0.0
300,3012660.0,3013031.0,-1.0,15.515,4141.16,4224.74,4223.89,3727.5,32.1250487,32.773420550000004,-3.648030245484,-1296.7436999999989,-1357.9941390045149,34042.80137543368,32684.80723642917,1.8873328517072283,2141.669913333333,2729.183141500008,1.0,0.0,0.0,966.0,2025-09-23 03:00:00+00:00,2025-09-23 09:11:00+00:00,2025-09-23 09:12:00+00:00,6.183333333333334,False,stop,5.000120875135954,-1.057993723611742,2025-09-23 00:01:00+00:00,2025-09-22 00:01:00+00:00,4731.50023522659,4172.109664738216,587.5132281666747
301,3014100.0,3015653.0,-1.0,6.8950000000000005,4166.61,3965.65,4206.96,3964.85,14.364387975,13.671578375000001,3.292938509408649,1385.6191999999971,1354.2902951405883,32684.80723642917,34039.09753156976,0.8789642154591036,957.625865,957.6258650000001,2.0,0.0,0.0,968.0,2025-09-24 03:00:00+00:00,2025-09-25 04:53:00+00:00,2025-09-25 04:54:00+00:00,25.883333333333333,True,target,5.000247831474546,4.867813790826196,2025-09-24 00:01:00+00:00,2025-09-22 00:01:00+00:00,4731.50023522659,4172.109664738216,1.1368683772161603e-13
302,3021060.0,3021305.0,1.0,16.496,4131.3,4104.2300000000005,4105.06,4262.5,34.0749624,33.851689040000004,2.3988324290268404,-446.54671999999516,-516.872203869022,34039.09753156976,33522.22532770073,2.002107274929776,2271.66416,2271.66416,1.0,0.0,0.0,973.0,2025-09-28 23:00:00+00:00,2025-09-29 03:05:00+00:00,2025-09-29 03:06:00+00:00,4.083333333333333,True,stop,5.000000000000035,-1.1941000013977574,2025-09-28 00:01:00+00:00,2025-09-22 00:01:00+00:00,4118.404821363047,3918.1115116214905,0.0
303,3071715.0,3073990.0,-1.0,17.296,3752.81,3388.6800000000003,3825.77,3388.0,32.45430088,29.305304640000003,-15.148785444768645,6297.9924799999935,6251.381659924762,33522.22532770073,39773.60698762549,1.9362855874118676,2163.6200586666664,2722.359699600001,2.0,0.0,0.0,974.0,2025-11-03 03:15:00+00:00,2025-11-04 17:10:00+00:00,2025-11-04 17:11:00+00:00,37.916666666666664,True,target,5.000137061403506,4.9538803433064516,2025-11-03 00:01:00+00:00,2025-11-03 00:01:00+00:00,4010.189009603692,3802.180646220173,558.7396409333346
304,3114180.0,3114223.0,1.0,32.464,2894.27,3018.46,2869.31,3019.07,46.97979064,48.99564272,0.0,4031.7041600000016,3935.7287266400017,39773.60698762549,43709.33571426549,2.3623600773556457,3131.9860426666664,3131.9860426666664,2.0,0.0,0.0,976.0,2025-12-02 15:00:00+00:00,2025-12-02 15:43:00+00:00,2025-12-02 15:44:00+00:00,0.7166666666666667,False,target,5.0,4.8571167868589695,2025-12-02 00:01:00+00:00,2025-12-01 00:01:00+00:00,2880.177228525161,2717.137793950041,0.0
305,3128625.0,3132591.0,-1.0,30.761,3107.12,3160.82,3160.1800000000003,2841.81,47.78905916,48.61499201,-31.233906646982064,-1651.8657000000082,-1717.0358445230263,43709.33571426549,41992.29986974248,2.18667515207297,3185.937277333333,3782.6863222000125,1.0,0.0,0.0,978.0,2025-12-12 15:45:00+00:00,2025-12-15 09:51:00+00:00,2025-12-15 09:52:00+00:00,66.1,True,stop,5.000188465887636,-1.05199013233209,2025-12-12 00:01:00+00:00,2025-12-08 00:01:00+00:00,3325.5947663835145,3148.371412758157,596.7490448666795
306,3133080.0,3135779.0,-1.0,6.989,2934.82,2989.93,2989.33,2662.27,10.25572849,10.448310385,-0.7845843413901847,-385.16378999999773,-405.08324453360757,41992.29986974248,41587.216625208865,0.4884575754037115,683.7152326666667,842.4781720499983,1.0,0.0,0.0,981.0,2025-12-15 18:00:00+00:00,2025-12-17 14:59:00+00:00,2025-12-17 15:00:00+00:00,44.983333333333334,True,stop,5.000000000000025,-1.063293251041398,2025-12-15 00:01:00+00:00,2025-12-15 00:01:00+00:00,3148.4425310480574,2977.9697065897903,158.76293938333163
307,3167460.0,3167484.0,-1.0,49.607,3075.13,3104.53,3103.9,2931.28,76.273986955,77.00320985500001,0.0,-1458.4458000000045,-1611.7229968100046,41587.216625208865,39975.493628398865,3.6681457978971888,5084.932463666667,5084.932463666667,1.0,0.0,0.0,982.0,2026-01-08 15:00:00+00:00,2026-01-08 15:24:00+00:00,2026-01-08 15:25:00+00:00,0.4,False,stop,5.0,-1.1292954466458156,2026-01-08 00:01:00+00:00,2026-01-05 00:01:00+00:00,3242.7971889998144,3093.990270015796,0.0
308,3175095.0,3179415.0,1.0,16.408,3321.07,3285.84,3227.55,3788.67,27.246058280000007,26.957031360000006,29.318248807382876,-578.0538400000004,-661.5751784473833,39975.493628398865,39313.91844995149,1.3631380531918795,1816.4038853333336,2760.5487826,3.0,1.0,0.0,983.0,2026-01-13 22:15:00+00:00,2026-01-16 22:15:00+00:00,2026-01-16 22:15:00+00:00,72.0,True,max_hold,5.0,-0.4311407343385403,2026-01-13 00:01:00+00:00,2026-01-12 00:01:00+00:00,3236.8656166406845,2957.134178320924,944.1448972666662
309,3182430.0,3182442.0,-1.0,67.852,3202.05,3222.01,3221.36,3105.5,108.6327483,109.30991126,0.0,-1354.3259200000025,-1572.2685795600025,39313.91844995149,37741.649870391484,5.526426903402912,7242.183220000001,7242.183220000001,1.0,0.0,0.0,985.0,2026-01-19 00:30:00+00:00,2026-01-19 00:42:00+00:00,2026-01-19 00:43:00+00:00,0.2,False,stop,5.000000000000024,-1.2000015535991768,2026-01-19 00:01:00+00:00,2026-01-19 00:01:00+00:00,3355.3153538704546,3211.793150968329,0.0
310,3182505.0,3183106.0,-1.0,19.846,3206.4300000000003,3230.21,3229.56,3090.78,31.817404890000002,32.05337383,0.725273935524,-471.93787999999495,-536.5339326555189,37741.649870391484,37205.115937735965,1.6860632748840647,2121.160326,2121.160326,1.0,0.0,0.0,988.0,2026-01-19 01:45:00+00:00,2026-01-19 11:46:00+00:00,2026-01-19 11:47:00+00:00,10.016666666666667,False,stop,5.000000000000079,-1.1688225289234824,2026-01-19 00:01:00+00:00,2026-01-19 00:01:00+00:00,3355.3153538704546,3211.793150968329,0.0
311,3183300.0,3184711.0,-1.0,2.055,3211.09,3045.8,3244.27,3045.19,3.2993949750000007,3.1295595000000005,-1.049863650081681,339.67094999999995,334.29185917508164,37205.115937735965,37539.40779691105,0.17736243480717281,219.95966500000003,219.959665,2.0,0.0,0.0,992.0,2026-01-19 15:00:00+00:00,2026-01-20 14:31:00+00:00,2026-01-20 14:32:00+00:00,23.516666666666666,True,target,5.0000000000000275,4.902725664701176,2026-01-19 00:01:00+00:00,2026-01-19 00:01:00+00:00,3355.3153538704546,3211.793150968329,-2.842170943040401e-14
312,3200220.0,3200546.0,-1.0,17.598,2641.9500000000003,2522.56,2665.93,2522.05,23.246518050000002,22.196005439999997,0.0,2101.0252200000054,2055.5826965100055,37539.40779691105,39594.99049342106,1.2385127744030557,1549.7678700000001,1549.7678700000001,2.0,0.0,0.0,998.0,2026-01-31 09:00:00+00:00,2026-01-31 14:26:00+00:00,2026-01-31 14:27:00+00:00,5.433333333333334,False,target,5.000000000000095,4.871048582151896,2026-01-31 00:01:00+00:00,2026-01-26 00:01:00+00:00,2982.8039071312537,2657.56120311773,0.0
313,3204240.0,3204556.0,1.0,21.932000000000002,2343.57,2273.67,2274.13,2690.78,25.699588620000007,24.933065220000003,0.5143536504,-1533.0468000000021,-1584.1938074904022,39594.99049342106,38010.796685930654,1.298123237295392,1713.3059080000005,2679.4395679000013,1.0,0.0,0.0,1000.0,2026-02-03 04:00:00+00:00,2026-02-03 09:16:00+00:00,2026-02-03 09:17:00+00:00,5.266666666666667,False,stop,5.000144009216586,-1.0402084130184337,2026-02-03 00:01:00+00:00,2026-02-02 00:01:00+00:00,2405.4535704697714,2287.1382220965374,966.1336599000008
314,3207225.0,3207287.0,1.0,28.336000000000002,2118.64,2067.08,2067.5,2374.34,30.01689152,29.286389440000004,0.0,-1461.0041599999986,-1520.3074409599985,38010.796685930654,36490.48924497066,1.5793876549349188,2001.1261013333335,2799.8631583999963,1.0,0.0,0.0,1001.0,2026-02-05 05:45:00+00:00,2026-02-05 06:47:00+00:00,2026-02-05 06:48:00+00:00,1.0333333333333334,False,stop,5.000000000000018,-1.0491368791552615,2026-02-05 00:01:00+00:00,2026-02-02 00:01:00+00:00,2430.7700278237407,2118.0705960116966,798.7370570666628
315,3207585.0,3207619.0,1.0,30.945,2088.06,2050.82,2051.2400000000002,2272.16,32.30750835,31.73131245,0.0,-1152.3917999999933,-1216.4306207999932,36490.48924497066,35274.05862417067,1.7707358283475367,2153.83389,2593.232775749991,1.0,0.0,0.0,1002.0,2026-02-05 11:45:00+00:00,2026-02-05 12:19:00+00:00,2026-02-05 12:20:00+00:00,0.5666666666666667,False,stop,5.000000000000037,-1.0676110809342774,2026-02-05 00:01:00+00:00,2026-02-02 00:01:00+00:00,2213.7863440145456,2082.247888357971,439.3988857499912
316,3207870.0,3207982.0,1.0,4.198,1986.0,1930.02,1930.41,2263.9500000000003,4.168614000000001,4.05111198,0.0,-235.0040400000001,-243.22376598000008,35274.05862417067,35030.83485819067,0.23635579020915737,277.90760000000006,420.9544499999997,1.0,0.0,0.0,1003.0,2026-02-05 16:30:00+00:00,2026-02-05 18:22:00+00:00,2026-02-05 18:23:00+00:00,1.8666666666666667,False,stop,5.000000000000012,-1.042237992444686,2026-02-05 00:01:00+00:00,2026-02-02 00:01:00+00:00,2604.0276628733873,1977.145863311949,143.04684999999967
317,3278550.0,3278651.0,-1.0,44.368,2035.8500000000001,2054.53,2054.11,1944.55,45.16329640000001,45.57769352000001,0.0,-828.7942400000029,-919.535229920003,35030.83485819067,34111.299628270666,2.578488156666939,3010.886426666667,3010.886426666667,1.0,0.0,0.0,1006.0,2026-03-26 18:30:00+00:00,2026-03-26 20:11:00+00:00,2026-03-26 20:12:00+00:00,1.6833333333333333,False,stop,5.000000000000012,-1.1350049288061377,2026-03-26 00:01:00+00:00,2026-03-23 00:01:00+00:00,2297.583758231361,2045.7247676655531,0.0
318,3286500.0,3286548.0,1.0,27.772000000000002,2150.71,2134.59,2135.02,2229.17,29.864759060000004,29.640916740000005,0.0,-447.684639999997,-507.190315799997,34111.299628270666,33604.10931247067,1.7510185413896557,1990.9839373333336,1990.9839373333334,1.0,0.0,0.0,1007.0,2026-04-01 07:00:00+00:00,2026-04-01 07:48:00+00:00,2026-04-01 07:49:00+00:00,0.8,False,stop,5.000637348629685,-1.1639674952198742,2026-04-01 00:01:00+00:00,2026-03-30 00:01:00+00:00,2142.9873039416125,1835.7711342312211,-2.2737367544323206e-13
319,3287130.0,3291450.0,-1.0,35.908,2140.34,2056.81,2175.17,1966.19,38.42766436,36.92796674,20.424859740114183,2999.395240000007,2903.6147491598927,33604.10931247067,36507.724061630564,2.287081261561025,2561.844290666667,2979.9205361999975,3.0,1.0,0.0,1010.0,2026-04-01 17:30:00+00:00,2026-04-04 17:30:00+00:00,2026-04-04 17:30:00+00:00,72.0,True,max_hold,5.000000000000013,2.3216369267093895,2026-04-01 00:01:00+00:00,2026-03-30 00:01:00+00:00,2142.9873039416125,1835.7711342312211,418.0762455333306
320,3296130.0,3297668.0,1.0,13.823,2270.01,2166.59,2167.03,2784.91,15.689174115000002,14.974386785,7.971239298055217,-1429.5746600000011,-1468.2094601980564,36507.724061630564,35039.51460143251,0.8594988878799621,1045.9449410000002,2129.5053751750006,1.0,0.0,0.0,1015.0,2026-04-07 23:30:00+00:00,2026-04-09 01:08:00+00:00,2026-04-09 01:09:00+00:00,25.633333333333333,True,stop,4.999999999999996,-1.0314135261980764,2026-04-07 00:01:00+00:00,2026-04-06 00:01:00+00:00,2223.5605841814563,1994.920098492809,1083.5604341750004
321,3302160.0,3304694.0,-1.0,16.306,2212.26,2295.9500000000003,2295.4900000000002,1796.1100000000001,18.036555780000004,18.718880350000003,1.4322160609359416,-1364.649140000001,-1402.8367921909369,35039.51460143251,33636.67780924156,1.0294980387235513,1202.4370520000002,2168.7933901000006,1.0,0.0,0.0,1017.0,2026-04-12 04:00:00+00:00,2026-04-13 22:14:00+00:00,2026-04-13 22:15:00+00:00,42.233333333333334,True,stop,5.0,-1.033665008826033,2026-04-12 00:01:00+00:00,2026-04-06 00:01:00+00:00,2344.5880339520645,2224.6854231819557,966.3563381000004
322,3304755.0,3305926.0,1.0,22.506,2353.13,2316.62,2317.09,2533.33,26.479771890000002,26.06892486,12.537222923147999,-821.6940600000049,-886.779979673153,33636.67780924156,32749.897829568406,1.5744582173168584,1765.318126,2002.7059750499989,1.0,0.0,0.0,1019.0,2026-04-13 23:15:00+00:00,2026-04-14 18:46:00+00:00,2026-04-14 18:47:00+00:00,19.516666666666666,True,stop,5.0,-1.0932834727525045,2026-04-13 00:01:00+00:00,2026-04-13 00:01:00+00:00,2347.1261404812576,2044.5496735919116,237.38784904999898
323,3327510.0,3329480.0,-1.0,20.51,2230.62,2292.2200000000003,2291.76,1924.91,22.8750081,23.506716100000006,10.396765433803001,-1263.4160000000077,-1320.1944896338107,32749.897829568406,31429.703339934596,1.3969514176222673,1525.00054,2283.3567645000066,1.0,0.0,0.0,1022.0,2026-04-29 18:30:00+00:00,2026-05-01 03:20:00+00:00,2026-05-01 03:21:00+00:00,32.833333333333336,True,stop,5.000163559044785,-1.0528022900768732,2026-04-29 00:01:00+00:00,2026-04-27 00:01:00+00:00,2340.731445855033,2237.179863658873,758.3562245000066
324,3330120.0,3330232.0,1.0,33.499,2317.52,2297.42,2297.88,2415.7200000000003,38.81730124,38.48063629,0.0,-673.329899999997,-750.627837529997,31429.703339934596,30679.075502404598,2.4701029354406105,2587.8200826666666,2587.8200826666666,1.0,0.0,0.0,1026.0,2026-05-01 14:00:00+00:00,2026-05-01 15:52:00+00:00,2026-05-01 15:53:00+00:00,1.8666666666666667,False,stop,5.000000000000046,-1.14090987780041,2026-05-01 00:01:00+00:00,2026-04-27 00:01:00+00:00,2306.6636305863303,2207.4077262863543,0.0
325,3330360.0,3330522.0,1.0,8.702,2311.17,2289.93,2290.39,2415.08,10.055900670000002,9.963485429999999,0.0,-184.83048000000207,-204.84986610000206,30679.075502404598,30474.225636304596,0.6555543480579673,670.3933780000001,670.393378,1.0,0.0,0.0,1029.0,2026-05-01 18:00:00+00:00,2026-05-01 20:42:00+00:00,2026-05-01 20:43:00+00:00,2.7,False,stop,5.000481231953747,-1.1328464870067378,2026-05-01 00:01:00+00:00,2026-04-27 00:01:00+00:00,2306.6636305863303,2207.4077262863543,-1.1368683772161603e-13
326,3338805.0,3340410.0,-1.0,65.762,2294.87,2306.3,2305.83,2240.06,75.45762047,75.83345030000001,17.304989030242066,-751.6596600000191,-920.2557198002611,30474.225636304596,29553.96991650434,4.952225619810711,5030.508031333333,5030.508031333333,1.0,0.0,0.0,1030.0,2026-05-07 14:45:00+00:00,2026-05-08 17:30:00+00:00,2026-05-08 17:31:00+00:00,26.75,True,stop,5.000912408759103,-1.276800248441041,2026-05-07 00:01:00+00:00,2026-05-04 00:01:00+00:00,2401.512471415764,2299.0053791996966,0.0
327,3344550.0,3344606.0,-1.0,65.26,2311.39,2327.18,2326.71,2234.78,75.4206557,75.93588340000001,0.0,-1030.4553999999978,-1181.8119390999977,29553.96991650434,28372.157977404342,5.1039272160781035,5028.0437133333335,5028.0437133333335,1.0,0.0,0.0,1037.0,2026-05-11 14:30:00+00:00,2026-05-11 15:26:00+00:00,2026-05-11 15:27:00+00:00,0.9333333333333333,False,stop,5.000652741514285,-1.1820682114882357,2026-05-11 00:01:00+00:00,2026-05-11 00:01:00+00:00,2421.5714625824194,2319.9379125937285,0.0
328,3345615.0,3346704.0,-1.0,59.003,2283.3,2296.9900000000002,2296.53,2217.15,67.36077495,67.764650485,-7.052320048631827,-807.7510700000032,-935.8241753863713,28372.157977404342,27436.33380201797,4.748371625707589,4490.718330000001,4490.71833,1.0,0.0,0.0,1039.0,2026-05-12 08:15:00+00:00,2026-05-13 02:24:00+00:00,2026-05-13 02:25:00+00:00,18.15,True,stop,5.0,-1.198837507879732,2026-05-12 00:01:00+00:00,2026-05-11 00:01:00+00:00,2388.2739245139173,2289.9788319772074,-9.094947017729282e-13
329,3347520.0,3347542.0,-1.0,51.744,2234.94,2246.3,2245.85,2180.39,57.822367680000006,58.11627360000001,0.0,-587.8118400000066,-703.7504812800065,27436.33380201797,26732.583320737962,4.2150214454488895,3854.824512,3854.824512,1.0,0.0,0.0,1042.0,2026-05-13 16:00:00+00:00,2026-05-13 16:22:00+00:00,2026-05-13 16:23:00+00:00,0.36666666666666664,False,stop,5.0000000000000835,-1.246619615032109,2026-05-13 00:01:00+00:00,2026-05-11 00:01:00+00:00,2508.5340367535723,2239.5133419717986,0.0
330,3350265.0,3353741.0,-1.0,52.988,2222.9900000000002,2135.9700000000003,2240.48,2135.54,58.89589706,56.59038918000001,-42.78775035439166,4611.015759999999,4538.317224114391,26732.583320737962,31270.900544852353,4.40630045763749,3926.3931373333335,3926.393137333334,2.0,0.0,0.0,1043.0,2026-05-15 13:45:00+00:00,2026-05-17 23:41:00+00:00,2026-05-17 23:42:00+00:00,57.93333333333333,True,target,5.000000000000078,4.896970776121061,2026-05-15 00:01:00+00:00,2026-05-11 00:01:00+00:00,2331.145206939146,2234.008344095378,4.547473508864641e-13
331,3354900.0,3354903.0,-1.0,43.289,2079.95,2106.75,2106.32,1948.0900000000001,45.019477775,45.599550375,0.0,-1160.145200000008,-1250.764228150008,31270.900544852353,30020.136316702345,2.8793208376220467,3001.2985183333335,3167.4074298750143,1.0,0.0,0.0,1050.0,2026-05-18 19:00:00+00:00,2026-05-18 19:03:00+00:00,2026-05-18 19:04:00+00:00,0.05,False,stop,5.000379218809175,-1.095690178232833,2026-05-18 00:01:00+00:00,2026-05-18 00:01:00+00:00,2176.9051120020627,2083.87071599458,166.10891154168075
332,3360675.0,3362198.0,-1.0,31.541,2088.14,2124.1,2123.67,1910.48,32.93101187,33.49811905,-10.71278620032935,-1134.214360000001,-1189.9307047196717,30020.136316702345,28830.20561198267,2.1939282035623617,2195.400791333333,2602.547264150006,1.0,0.0,0.0,1051.0,2026-05-22 19:15:00+00:00,2026-05-23 20:38:00+00:00,2026-05-23 20:39:00+00:00,25.383333333333333,True,stop,5.0002814522938035,-1.0618202541120112,2026-05-22 00:01:00+00:00,2026-05-18 00:01:00+00:00,2174.5699621156323,2091.793139630484,407.14647281667294
333,3363705.0,3363721.0,-1.0,63.057,2068.14,2081.05,2080.63,2005.68,65.20535199,65.612384925,0.0,-814.0658700000196,-944.8836069150195,28830.20561198267,27885.32200506765,4.523405269291507,4347.023466,4347.023466000001,1.0,0.0,0.0,1054.0,2026-05-24 21:45:00+00:00,2026-05-24 22:01:00+00:00,2026-05-24 22:02:00+00:00,0.26666666666666666,False,stop,5.0008006405123,-1.1997273819055265,2026-05-24 00:01:00+00:00,2026-05-18 00:01:00+00:00,2159.483755498723,2074.99912930123,9.094947017729282e-13
334,3366405.0,3367205.0,-1.0,44.076,2066.28,2086.93,2086.51,1965.13,45.536678640000005,45.99176334,-9.536095848601843,-910.169399999984,-992.1617461313822,27885.32200506765,26893.160258936266,3.2659962565054506,3035.778576,3035.778576,1.0,0.0,0.0,1055.0,2026-05-26 18:45:00+00:00,2026-05-27 08:05:00+00:00,2026-05-27 08:06:00+00:00,13.333333333333334,True,stop,5.0,-1.1127162261133965,2026-05-26 00:01:00+00:00,2026-05-25 00:01:00+00:00,2151.520249122574,2072.4989650543444,0.0
335,3368025.0,3368358.0,-1.0,106.476,2031.31,1993.45,2038.96,1993.05,108.14288178,106.12729110000001,-5.217232109234049,4031.181359999989,3822.128419229223,26893.160258936266,30715.28867816549,8.042407864212645,7209.525452,7209.525452000001,2.0,0.0,0.0,1057.0,2026-05-27 21:45:00+00:00,2026-05-28 03:18:00+00:00,2026-05-28 03:19:00+00:00,5.55,True,target,5.001307189542423,4.692368514638025,2026-05-27 00:01:00+00:00,2026-05-25 00:01:00+00:00,2113.069170375991,2033.6710223903165,9.094947017729282e-13
336,3368670.0,3369019.0,-1.0,16.428,1985.42,2000.5900000000001,2000.18,1911.6200000000001,16.308239880000002,16.43284626,0.0,-249.2127600000012,-281.95384614000125,30715.28867816549,30433.334832025488,1.061897223293428,1087.2159920000001,1087.2159920000001,1.0,0.0,0.0,1062.0,2026-05-28 08:30:00+00:00,2026-05-28 14:19:00+00:00,2026-05-28 14:20:00+00:00,5.816666666666666,False,stop,5.0,-1.1628052168021739,2026-05-28 00:01:00+00:00,2026-05-25 00:01:00+00:00,2213.8616913395344,1990.0787105784466,0.0
337,3370470.0,3370491.0,-1.0,66.482,1986.02,1995.65,1995.25,1939.8600000000001,66.01729082,66.33740165,0.0,-640.2216600000072,-772.5763524700071,30433.334832025488,29660.75847955548,4.338485491936884,4401.152721333333,4401.152721333333,1.0,0.0,0.0,1068.0,2026-05-29 14:30:00+00:00,2026-05-29 14:51:00+00:00,2026-05-29 14:52:00+00:00,0.35,False,stop,5.001083423618609,-1.259028710725903,2026-05-29 00:01:00+00:00,2026-05-25 00:01:00+00:00,2213.8616913395344,1990.0787105784466,0.0
338,3374850.0,3374856.0,-1.0,51.456,1960.28,1979.52,1979.1200000000001,1866.07,50.43408384,50.929090560000006,0.0,-990.0134400000005,-1091.3766144000006,29660.75847955548,28569.38186515548,3.400727858983318,3362.2722559999997,3362.2722559999997,1.0,0.0,0.0,1069.0,2026-06-01 15:30:00+00:00,2026-06-01 15:36:00+00:00,2026-06-01 15:37:00+00:00,0.1,False,stop,5.000530785562596,-1.1257908704883146,2026-06-01 00:01:00+00:00,2026-06-01 00:01:00+00:00,2045.7825082984002,1967.599097055564,0.0
339,3376230.0,3380025.0,-1.0,22.519000000000002,1935.46,1693.89,1983.8400000000001,1693.55,21.792311870000002,19.072354455000006,-18.871379945832164,5439.914829999999,5417.921543620831,28569.38186515548,33987.30340877631,1.525571114758972,1452.8207913333333,2070.1232541500026,2.0,0.0,0.0,1070.0,2026-06-02 14:30:00+00:00,2026-06-05 05:45:00+00:00,2026-06-05 05:46:00+00:00,63.25,True,target,5.0002066969822145,4.972991842413702,2026-06-02 00:01:00+00:00,2026-06-01 00:01:00+00:00,2045.16129793546,1967.5885731175165,617.3024628166693
340,3397710.0,3397753.0,-1.0,64.706,1745.73,1760.13,1759.77,1675.53,56.47960269,56.94548589000001,0.0,-931.7664000000059,-1045.1914885800059,33987.30340877631,32942.1119201963,3.3235706881891467,3765.306846,3765.3068460000004,1.0,0.0,0.0,1087.0,2026-06-17 12:30:00+00:00,2026-06-17 13:13:00+00:00,2026-06-17 13:14:00+00:00,0.7166666666666667,False,stop,5.000000000000016,-1.150493589743599,2026-06-17 00:01:00+00:00,2026-06-15 00:01:00+00:00,1830.7347523033511,1754.7113137816843,4.547473508864641e-13
341,3397860.0,3397910.0,-1.0,36.258,1753.74,1776.77,1776.41,1640.38,31.793552460000004,32.21106333,0.0,-835.0217399999991,-899.0263557899991,32942.1119201963,32043.085564406298,1.9302680129932936,2119.570164,2252.6787207000025,1.0,0.0,0.0,1088.0,2026-06-17 15:00:00+00:00,2026-06-17 15:50:00+00:00,2026-06-17 15:51:00+00:00,0.8333333333333334,False,stop,5.000441111601215,-1.0937474636082882,2026-06-17 00:01:00+00:00,2026-06-15 00:01:00+00:00,1830.7347523033511,1754.7113137816843,133.10855670000228
342,3398130.0,3402450.0,-1.0,11.72,1739.66,1726.1000000000001,1790.41,1485.91,10.1944076,10.114946000000002,-3.648503767531685,158.92319999999938,142.26235016753105,32043.085564406298,32185.34791457383,0.6362937538901701,679.6271733333334,1053.538342,3.0,1.0,0.0,1089.0,2026-06-17 19:30:00+00:00,2026-06-20 19:30:00+00:00,2026-06-20 19:30:00+00:00,72.0,True,max_hold,5.0,0.23918080359039498,2026-06-17 00:01:00+00:00,2026-06-15 00:01:00+00:00,1830.7347523033511,1754.7113137816843,373.91116866666664
343,3405120.0,3406097.0,-1.0,18.359,1743.67,1657.41,1760.99,1657.07,16.006018765000004,15.214195095000003,-0.8550347237888893,1583.64734,1553.282160863789,32185.34791457383,33738.63007543762,0.9946152396726042,1067.0679176666667,1067.0679176666667,2.0,0.0,0.0,1094.0,2026-06-22 16:00:00+00:00,2026-06-23 08:17:00+00:00,2026-06-23 08:18:00+00:00,16.283333333333335,True,target,5.000000000000027,4.884874887724249,2026-06-22 00:01:00+00:00,2026-06-22 00:01:00+00:00,1745.723043395991,1667.786781594067,0.0
344,3406245.0,3406428.0,-1.0,20.794,1649.27,1663.3400000000001,1663.0,1580.6200000000001,17.14746019,17.293745980000004,0.0,-292.5715800000034,-327.0127861700034,33738.63007543762,33411.61728926762,1.0164882303554872,1143.1640126666668,1143.1640126666668,1.0,0.0,0.0,1100.0,2026-06-23 10:45:00+00:00,2026-06-23 13:48:00+00:00,2026-06-23 13:49:00+00:00,3.05,False,stop,4.999999999999983,-1.1453973051711683,2026-06-23 00:01:00+00:00,2026-06-22 00:01:00+00:00,1804.7053896868067,1653.2528796391455,0.0
345,3407985.0,3408023.0,-1.0,125.635,1626.28,1635.28,1634.95,1582.92,102.15884390000001,102.72420140000001,-0.08739957075100001,-1130.7150000000001,-1335.5106457292493,33411.61728926762,32076.106643538373,6.115169045277863,6810.589593333334,6810.589593333334,1.0,0.0,0.0,1101.0,2026-06-24 15:45:00+00:00,2026-06-24 16:23:00+00:00,2026-06-24 16:24:00+00:00,0.6333333333333333,False,stop,5.001153402537432,-1.2260766248442805,2026-06-24 00:01:00+00:00,2026-06-22 00:01:00+00:00,1703.5598276708822,1630.0507413329772,0.0
346,3408120.0,3408896.0,-1.0,10.859,1558.98,1655.9,1655.56,1076.08,8.46448191,8.990709050000001,-0.09543700150119999,-1052.4542800000008,-1069.8140339584995,32076.106643538373,31006.292609579876,0.527774895130868,564.298794,1429.6639059499994,1.0,0.0,0.0,1106.0,2026-06-24 18:00:00+00:00,2026-06-25 06:56:00+00:00,2026-06-25 06:57:00+00:00,12.933333333333334,True,stop,5.000000000000004,-1.0200730094553754,2026-06-24 00:01:00+00:00,2026-06-22 00:01:00+00:00,1741.5482996003636,1594.4943706914235,865.3651119499993
347,3409305.0,3413625.0,-1.0,57.171,1591.5,1582.2,1611.26,1492.7,45.493823250000005,45.2279781,14.885087094451833,531.6902999999974,426.0834115555456,31006.292609579876,31432.376021135424,2.9344897065148627,3032.92155,3176.921006249999,3.0,1.0,0.0,1107.0,2026-06-25 13:45:00+00:00,2026-06-28 13:45:00+00:00,2026-06-28 13:45:00+00:00,72.0,True,max_hold,5.0,0.3771654455232443,2026-06-25 00:01:00+00:00,2026-06-22 00:01:00+00:00,1812.5789528906082,1606.2714462489473,143.99945624999918
348,3416415.0,3416779.0,-1.0,16.276,1572.0,1581.08,1580.76,1528.2,12.792936,12.866829039999999,-0.7789742917783624,-147.7860799999988,-172.66687074822045,31432.376021135424,31259.7091503872,0.8139973886414383,852.8624,852.8624,1.0,0.0,0.0,1115.0,2026-06-30 12:15:00+00:00,2026-06-30 18:19:00+00:00,2026-06-30 18:20:00+00:00,6.066666666666666,False,stop,5.0,-1.2110364950902626,2026-06-30 00:01:00+00:00,2026-06-29 00:01:00+00:00,1649.2020153685999,1575.871767182587,0.0
349,3417990.0,3418043.0,-1.0,47.806000000000004,1604.66,1621.78,1621.45,1520.71,38.35618798,38.76540734,0.0,-818.4387199999949,-895.5603153199949,31259.7091503872,30364.148835067204,2.4540335801252904,2557.079198666667,2557.079198666667,1.0,0.0,0.0,1118.0,2026-07-01 14:30:00+00:00,2026-07-01 15:23:00+00:00,2026-07-01 15:24:00+00:00,0.8833333333333333,False,stop,5.000000000000013,-1.1157367480643199,2026-07-01 00:01:00+00:00,2026-06-29 00:01:00+00:00,1608.279773709282,1535.5027161750518,0.0
350,3420720.0,3425040.0,1.0,10.522,1742.01,1758.15,1711.29,1895.6100000000001,9.16471461,9.24962715,11.078490941635614,169.82508000000107,140.33224729836544,30364.148835067204,30504.481082365564,0.6036536482403075,610.9809740000001,735.6479974500003,3.0,1.0,0.0,1119.0,2026-07-03 12:00:00+00:00,2026-07-06 12:00:00+00:00,2026-07-06 12:00:00+00:00,72.0,True,max_hold,5.0,0.4341481665472657,2026-07-03 00:01:00+00:00,2026-06-29 00:01:00+00:00,1737.077051249326,1663.518614745226,124.66702345000022
351,3426075.0,3426093.0,-1.0,101.21300000000001,1757.08,1767.3700000000001,1767.01,1707.42,88.91966902,89.44040990500001,0.0,-1041.4817700000194,-1219.8418489250193,30504.481082365564,29284.639233440543,5.829941429254724,5927.977934666666,5927.977934666667,1.0,0.0,0.0,1125.0,2026-07-07 05:15:00+00:00,2026-07-07 05:33:00+00:00,2026-07-07 05:34:00+00:00,0.3,False,stop,5.001007049345371,-1.2137185297079671,2026-07-07 00:01:00+00:00,2026-07-06 00:01:00+00:00,1836.3921587826796,1762.0557407220615,9.094947017729282e-13
352,3427710.0,3427727.0,-1.0,58.926,1729.91,1739.31,1738.96,1684.66,50.96833833000001,51.24529053,0.0,-553.9043999999919,-656.118028859992,29284.639233440543,28628.52120458055,3.4808923493104564,3397.8892220000002,3397.8892220000002,1.0,0.0,0.0,1126.0,2026-07-08 08:30:00+00:00,2026-07-08 08:47:00+00:00,2026-07-08 08:48:00+00:00,0.2833333333333333,False,stop,5.000000000000025,-1.230343646408831,2026-07-08 00:01:00+00:00,2026-07-06 00:01:00+00:00,1808.088301859904,1734.026068126694,0.0
353,3428100.0,3429060.0,-1.0,19.544,1728.53,1755.97,1755.6100000000001,1593.1200000000001,16.89119516,17.15933884,-3.9757279575476163,-536.2873600000011,-566.3621660424535,28628.52120458055,28062.159038538095,1.1800256841277164,1126.0796773333334,1289.355302200003,1.0,0.0,0.0,1127.0,2026-07-08 15:00:00+00:00,2026-07-09 07:00:00+00:00,2026-07-09 07:01:00+00:00,16.0,True,stop,5.000369276218578,-1.0701191109332107,2026-07-08 00:01:00+00:00,2026-07-06 00:01:00+00:00,1808.088301859904,1734.026068126694,163.27562486666966
354,3435480.0,3435923.0,-1.0,27.661,1752.3400000000001,1791.14,1790.78,1560.14,24.235738370000004,24.772361770000003,-0.06190022882614406,-1073.2467999999988,-1122.1929999111728,28062.159038538095,26939.96603862692,1.7272896455840605,1615.7158913333335,2153.8970666499954,1.0,0.0,0.0,1130.0,2026-07-13 18:00:00+00:00,2026-07-14 01:23:00+00:00,2026-07-14 01:24:00+00:00,7.383333333333334,True,stop,5.000000000000024,-1.0553980797082174,2026-07-13 00:01:00+00:00,2026-07-13 00:01:00+00:00,1842.433397598959,1770.1302259556062,538.1811753166619
355,3439200.0,3439210.0,1.0,55.199,1910.3,1898.76,1899.14,1966.1000000000001,52.72332485,52.40482662,6.40888499418584,-636.996459999998,-748.5334964641839,26939.96603862692,26191.432542162733,3.914134470281404,3514.888323333333,3514.888323333333,1.0,0.0,0.0,1132.0,2026-07-16 08:00:00+00:00,2026-07-16 08:10:00+00:00,2026-07-16 08:11:00+00:00,0.16666666666666666,False,stop,5.000000000000082,-1.2151106713600692,2026-07-16 00:01:00+00:00,2026-07-13 00:01:00+00:00,1904.1396235074549,1712.766756248971,0.0
356,3439485.0,3439530.0,-1.0,50.153,1868.79,1885.66,1885.28,1786.3400000000001,46.862712435,47.28575299,0.0,-846.0811100000059,-940.2295754250059,26191.432542162733,25251.20296673773,3.578476462450905,3124.180829,3124.180829,1.0,0.0,0.0,1135.0,2026-07-16 12:45:00+00:00,2026-07-16 13:30:00+00:00,2026-07-16 13:31:00+00:00,0.75,False,stop,4.999999999999986,-1.136884475439667,2026-07-16 00:01:00+00:00,2026-07-13 00:01:00+00:00,1954.1632970877786,1880.3668831443333,0.0
357,3439635.0,3443955.0,-1.0,14.671000000000001,1872.19,1874.08,1895.3500000000001,1756.38,13.733449745000001,13.74731384,-8.192559722470577,-27.728189999998133,-47.016393862527565,25251.20296673773,25204.1865728752,1.0877461769318837,915.5633163333334,957.785598525001,3.0,1.0,0.0,1138.0,2026-07-16 15:15:00+00:00,2026-07-19 15:15:00+00:00,2026-07-19 15:15:00+00:00,72.0,True,max_hold,5.000431778929168,-0.13837290025393872,2026-07-16 00:01:00+00:00,2026-07-13 00:01:00+00:00,1954.1632970877786,1880.3668831443333,42.222282191667546
358,3449715.0,3450670.0,-1.0,53.31,1883.13,1900.14,1899.76,1799.98,50.19483015,50.648231700000004,4.424330958657,-906.8030999999995,-1012.0704928086566,25204.1865728752,24192.116080066546,3.983054958339325,3346.3220100000003,3346.3220100000003,1.0,0.0,0.0,1150.0,2026-07-23 15:15:00+00:00,2026-07-24 07:10:00+00:00,2026-07-24 07:11:00+00:00,15.916666666666666,True,stop,5.000000000000041,-1.1415891470054196,2026-07-23 00:01:00+00:00,2026-07-20 00:01:00+00:00,1972.8714407654916,1894.541873772446,0.0
359,3455940.0,3456924.0,-1.0,32.224000000000004,1892.0900000000001,1920.21,1919.82,1753.44,30.485354080000004,30.938423520000004,1.3312828427376524,-906.1388799999966,-968.8939404427342,24192.116080066546,23223.222139623813,2.520271809138587,2032.356938666667,2265.4124535999936,1.0,0.0,0.0,1152.0,2026-07-27 23:00:00+00:00,2026-07-28 15:24:00+00:00,2026-07-28 15:25:00+00:00,16.4,True,stop,5.000000000000041,-1.0842936673303345,2026-07-27 00:01:00+00:00,2026-07-27 00:01:00+00:00,1993.8487948334448,1914.536034022016,233.05551493332655
360,3461145.0,3462885.0,-1.0,45.435,1874.94,1827.0,1884.6000000000001,1826.63,42.593949450000004,41.504872500000005,-10.840462564262786,2178.1539000000025,2104.8955406142654,23223.222139623813,25328.11768023808,3.6682204729313215,2839.59663,2839.5966300000005,2.0,0.0,0.0,1153.0,2026-07-31 13:45:00+00:00,2026-08-01 18:45:00+00:00,2026-08-01 18:46:00+00:00,29.0,True,target,5.001035196687322,4.795820162660984,2026-07-31 00:01:00+00:00,2026-07-27 00:01:00+00:00,1955.8605631380865,1879.5192793303759,4.547473508864641e-13
361,3464610.0,3464707.0,1.0,6.829,1883.39,1870.03,1870.41,1948.3,6.430835155,6.3852174349999995,1.286843102,-91.23544000000086,-105.33833569200087,25328.11768023808,25222.77934454608,0.5078020590545165,428.72234366666663,428.7223436666667,1.0,0.0,0.0,1157.0,2026-08-02 23:30:00+00:00,2026-08-03 01:07:00+00:00,2026-08-03 01:08:00+00:00,1.6166666666666667,True,stop,5.000770416024635,-1.188378120184908,2026-08-02 00:01:00+00:00,2026-07-27 00:01:00+00:00,1881.3164350901395,1807.7570181525841,5.684341886080802e-14
362,3465300.0,3465475.0,-1.0,11.996,1845.02,1858.8600000000001,1858.48,1777.71,11.066429959999999,11.14944228,0.0,-166.02464000000174,-188.24051224000172,25222.77934454608,25034.53883230608,0.8774948873660026,737.7619973333333,737.7619973333334,1.0,0.0,0.0,1159.0,2026-08-03 11:00:00+00:00,2026-08-03 13:55:00+00:00,2026-08-03 13:56:00+00:00,2.9166666666666665,False,stop,5.000742942050502,-1.1658202080237816,2026-08-03 00:01:00+00:00,2026-08-03 00:01:00+00:00,1921.5264130046514,1847.9320777837281,1.1368683772161603e-13
363,3490080.0,3494400.0,1.0,12.366,2325.59,2437.19,2247.36,2716.7400000000002,14.379122970000001,15.069145769999999,29.42734879538145,1380.0455999999988,1321.1699824646173,25034.53883230608,26355.708814770696,1.1487427882189956,958.608198,1614.45271365,3.0,1.0,0.0,1160.0,2026-08-20 16:00:00+00:00,2026-08-23 16:00:00+00:00,2026-08-23 16:00:00+00:00,72.0,True,max_hold,5.0,1.365702565907259,2026-08-20 00:01:00+00:00,2026-08-17 00:01:00+00:00,2299.0943289847255,2206.1838010099746,655.8445156500001
