trade_id,entry_index,exit_index,side,quantity,entry_price,exit_price,initial_stop,initial_target,entry_fee,exit_fee,funding_paid,gross_pnl,net_pnl,equity_before,equity_after,entry_exposure,initial_margin_30x,allocated_collateral,reason,exit_at_open,missing_mark_minutes,signal_row,entry_utc,exit_bar_open_utc,exit_utc_upper_bound,hold_hours,overnight,reason_text,target_price_R,net_realized_R,daily_iv_available_utc,weekly_iv_available_utc,signal_upper_wall,signal_lower_wall,additional_collateral
1,891255.0,891439.0,-1.0,0.47300000000000003,3172.98,3272.09,3270.78,2683.9700000000003,1.5008195400000002,1.5476985700000003,-0.151848117894979,-46.879030000000064,-49.77569999210509,10000.0,9950.224300007894,0.15008195400000002,50.02731800000001,80.7782494200001,1.0,0.0,0.0,28.0,2021-09-10 22:15:00+00:00,2021-09-11 01:19:00+00:00,2021-09-11 01:20:00+00:00,3.066666666666667,True,stop,5.000102249488741,-1.0760126588780872,2021-09-10 00:01:00+00:00,2021-09-06 00:01:00+00:00,3667.196728628381,3181.8990751981923,30.750931420000086
2,905340.0,905773.0,-1.0,1.012,3090.01,2882.87,3131.67,2881.71,3.1270901200000005,2.91746444,-0.301410032,209.62568000000033,203.88253547200034,9950.224300007894,10154.106835479894,0.3142733294964536,104.23633733333334,114.08299275999987,2.0,0.0,0.0,30.0,2021-09-20 17:00:00+00:00,2021-09-21 00:13:00+00:00,2021-09-21 00:14:00+00:00,7.216666666666667,True,target,5.000000000000022,4.8359326932309425,2021-09-20 00:01:00+00:00,2021-09-20 00:01:00+00:00,3534.430914801684,3111.1687109731893,9.84665542666653
3,907125.0,907273.0,-1.0,0.534,2754.87,2844.29,2843.15,2313.46,1.47110058,1.5188508600000001,-0.14762733642866402,-47.75028000000004,-50.592604103571375,10154.106835479894,10103.51423137632,0.14487739826212634,49.036686,80.97683334000011,1.0,0.0,0.0,32.0,2021-09-21 22:45:00+00:00,2021-09-22 01:13:00+00:00,2021-09-22 01:14:00+00:00,2.466666666666667,True,stop,5.000113275940177,-1.0732068907318062,2021-09-21 00:01:00+00:00,2021-09-20 00:01:00+00:00,3177.1529425481253,2768.6566890554536,31.94014734000011
4,911340.0,911345.0,-1.0,2.109,2941.21,2959.25,2958.06,2856.96,6.20301189,6.24105825,0.0,-38.04635999999992,-50.49043013999992,10103.51423137632,10053.02380123632,0.6139459744349777,206.76706299999998,206.767063,1.0,0.0,0.0,33.0,2021-09-24 21:00:00+00:00,2021-09-24 21:05:00+00:00,2021-09-24 21:06:00+00:00,0.08333333333333333,False,stop,5.000000000000027,-1.4207988130563853,2021-09-24 00:01:00+00:00,2021-09-20 00:01:00+00:00,3347.1475049081055,2942.7323050515934,2.842170943040401e-14
5,921015.0,921041.0,1.0,1.087,3226.29,3186.5,3187.78,3418.84,3.50697723,3.4637255000000002,0.0,-43.25172999999996,-50.22243272999996,10053.02380123632,10002.801368506322,0.34884799830760493,116.899241,122.52084628999975,1.0,0.0,0.0,34.0,2021-10-01 14:15:00+00:00,2021-10-01 14:41:00+00:00,2021-10-01 14:42:00+00:00,0.43333333333333335,False,stop,5.0000000000000355,-1.1997608413399181,2021-10-01 00:01:00+00:00,2021-09-27 00:01:00+00:00,3197.321382250152,2790.8647730079133,5.621605289999749
6,987105.0,987118.0,-1.0,1.25,4261.55,4293.0,4291.28,4112.9,5.3269375000000005,5.36625,0.0,-39.31249999999977,-50.00568749999977,10002.801368506322,9952.795681006322,0.5325445646428397,177.56458333333333,177.56458333333336,1.0,0.0,0.0,36.0,2021-11-16 11:45:00+00:00,2021-11-16 11:58:00+00:00,2021-11-16 11:59:00+00:00,0.21666666666666667,False,stop,5.0000000000000915,-1.3455953582240299,2021-11-16 00:01:00+00:00,2021-11-15 00:01:00+00:00,4848.225784700754,4275.026454859395,2.842170943040401e-14
7,987585.0,989298.0,-1.0,0.863,4257.86,4306.93,4305.2,4021.15,3.6745331799999996,3.71688059,-1.4546790975474622,-42.34741000000054,-48.284144672453074,9952.795681006322,9904.511536333872,0.3691960829671598,122.48443933333331,125.3686831400001,1.0,0.0,0.0,39.0,2021-11-16 19:45:00+00:00,2021-11-18 00:18:00+00:00,2021-11-18 00:19:00+00:00,28.55,True,stop,5.000211237853799,-1.1818585277297518,2021-11-16 00:01:00+00:00,2021-11-15 00:01:00+00:00,4848.225784700754,4275.026454859395,2.884243806666788
8,990705.0,990721.0,-1.0,0.927,3970.89,4016.28,4014.67,3751.98,3.68101503,3.7230915600000003,-0.37059926911455604,-42.076530000000304,-49.110037320885745,9904.511536333872,9855.401499012985,0.37165033495054295,122.700501,125.24740569000018,1.0,0.0,0.0,41.0,2021-11-18 23:45:00+00:00,2021-11-19 00:01:00+00:00,2021-11-19 00:02:00+00:00,0.26666666666666666,True,stop,5.000228414801253,-1.2100819218403855,2021-11-18 00:01:00+00:00,2021-11-15 00:01:00+00:00,4568.6282263228395,3995.6239388616873,2.5469046900001757
9,1012860.0,1013203.0,-1.0,0.767,3937.14,3993.38,3991.78,3663.9300000000003,3.01978638,3.0629224600000002,0.0,-43.136080000000184,-49.21878884000019,9855.401499012985,9806.182710172985,0.30640927011471125,100.659546,111.36396674000024,1.0,0.0,0.0,42.0,2021-12-04 09:00:00+00:00,2021-12-04 14:43:00+00:00,2021-12-04 14:44:00+00:00,5.716666666666667,False,stop,5.00018301610538,-1.1744238653001438,2021-12-04 00:01:00+00:00,2021-11-29 00:01:00+00:00,4478.896915451556,3942.3800700215083,10.70442074000023
10,1047975.0,1048127.0,-1.0,0.932,3793.57,3838.52,3836.98,3576.52,3.5356072400000005,3.5775006400000002,0.0,-41.89339999999983,-49.00650787999983,9806.182710172985,9757.176202292985,0.36054878279313957,117.85357466666667,121.77708651999986,1.0,0.0,0.0,46.0,2021-12-28 18:15:00+00:00,2021-12-28 20:47:00+00:00,2021-12-28 20:48:00+00:00,2.533333333333333,False,stop,5.000000000000021,-1.2112897949781154,2021-12-28 00:01:00+00:00,2021-12-27 00:01:00+00:00,4240.863484758935,3821.0646182688542,3.9235118533331814
11,1059660.0,1061491.0,-1.0,0.629,3590.87,3248.52,3659.6,3247.2200000000003,2.25865723,2.04331908,-0.4707725970038424,215.33814999999996,211.50694628700379,9757.176202292985,9968.683148579988,0.23148677272725732,75.28857433333333,95.18028629000001,2.0,0.0,0.0,48.0,2022-01-05 21:00:00+00:00,2022-01-07 03:31:00+00:00,2022-01-07 03:32:00+00:00,30.516666666666666,True,target,4.999999999999994,4.892464078279716,2022-01-05 00:01:00+00:00,2022-01-03 00:01:00+00:00,3947.8312965607447,3610.8329193906175,19.891711956666683
12,1061625.0,1061786.0,-1.0,1.439,3227.36,3255.51,3254.2000000000003,3093.15,4.644171040000001,4.68467889,-0.46072812693116805,-40.50785000000013,-49.37597180306897,9968.683148579988,9919.30717677692,0.4658760812015125,154.80570133333333,154.80570133333336,1.0,0.0,0.0,53.0,2022-01-07 05:45:00+00:00,2022-01-07 08:26:00+00:00,2022-01-07 08:27:00+00:00,2.683333333333333,False,stop,5.000372578241405,-1.2784164519332306,2022-01-07 00:01:00+00:00,2022-01-03 00:01:00+00:00,3553.0144922559766,3243.4236858374643,2.842170943040401e-14
13,1062060.0,1062232.0,-1.0,1.2610000000000001,3239.65,3083.39,3271.15,3082.15,4.085198650000001,3.88815479,0.0,197.0438600000003,189.07050656000033,9919.30717677692,10108.37768333692,0.4118431435982008,136.17328833333335,136.17328833333335,2.0,0.0,0.0,55.0,2022-01-07 13:00:00+00:00,2022-01-07 15:52:00+00:00,2022-01-07 15:53:00+00:00,2.8666666666666667,False,target,5.0,4.7599034920635,2022-01-07 00:01:00+00:00,2022-01-03 00:01:00+00:00,3553.0144922559766,3243.4236858374643,0.0
14,1063860.0,1064021.0,-1.0,0.578,3006.91,3088.12,3086.88,2607.05,1.7379939799999997,1.78493336,0.0,-46.939380000000014,-50.46230734000001,10108.37768333692,10057.91537599692,0.17193599551241373,57.93313266666666,86.19652154000013,1.0,0.0,0.0,58.0,2022-01-08 19:00:00+00:00,2022-01-08 21:41:00+00:00,2022-01-08 21:42:00+00:00,2.683333333333333,False,stop,5.000125046892565,-1.0917222708515661,2022-01-08 00:01:00+00:00,2022-01-03 00:01:00+00:00,3342.9020249426403,3038.0299350479777,28.263388873333476
15,1066515.0,1066578.0,-1.0,0.715,2987.75,3051.9700000000003,3050.7400000000002,2672.79,2.13624125,2.18215855,-0.03434867270783777,-45.91730000000018,-50.20135112729234,10057.91537599692,10007.714024869627,0.21239403694905917,71.20804166666667,94.17139875000018,1.0,0.0,0.0,63.0,2022-01-10 15:15:00+00:00,2022-01-10 16:18:00+00:00,2022-01-10 16:19:00+00:00,1.05,False,stop,5.000158755357975,-1.1146480377569568,2022-01-10 00:01:00+00:00,2022-01-10 00:01:00+00:00,3293.102842010769,2994.639940383077,22.963357083333506
16,1077060.0,1077130.0,-1.0,1.266,3190.7200000000003,3223.82,3222.53,3031.67,4.039451520000001,4.081356120000001,-0.3066479486274,-41.90459999999989,-49.71875969137249,10007.714024869627,9957.995265178255,0.40363378789219784,134.64838400000002,134.64838400000002,1.0,0.0,0.0,64.0,2022-01-17 23:00:00+00:00,2022-01-18 00:10:00+00:00,2022-01-18 00:11:00+00:00,1.1666666666666667,True,stop,5.000000000000014,-1.2345904442345168,2022-01-17 00:01:00+00:00,2022-01-17 00:01:00+00:00,3471.5268347841115,3203.3735025205237,0.0
17,1081740.0,1081909.0,-1.0,1.5210000000000001,2859.76,2886.73,2885.57,2730.71,4.349694960000001,4.39071633,0.0,-41.0213699999997,-49.7617812899997,9957.995265178255,9908.233483888256,0.436804280798394,144.98983200000004,144.98983200000004,1.0,0.0,0.0,65.0,2022-01-21 05:00:00+00:00,2022-01-21 07:49:00+00:00,2022-01-21 07:50:00+00:00,2.816666666666667,False,stop,5.000000000000018,-1.2675896939170814,2022-01-21 00:01:00+00:00,2022-01-17 00:01:00+00:00,3117.526913156762,2865.6592835262572,0.0
18,1083480.0,1083654.0,-1.0,0.451,2386.92,2491.67,2490.67,1868.17,1.07650092,1.12374317,0.0,-47.24225,-49.44249409,9908.233483888256,9858.790989798255,0.10864710866477807,35.883364,71.55077116,1.0,0.0,0.0,68.0,2022-01-22 10:00:00+00:00,2022-01-22 12:54:00+00:00,2022-01-22 12:55:00+00:00,2.9,False,stop,5.0,-1.056661108433735,2022-01-22 00:01:00+00:00,2022-01-17 00:01:00+00:00,2692.4984189107586,2424.9905570796177,35.667407159999996
19,1083915.0,1084197.0,-1.0,0.8140000000000001,2411.05,2466.68,2465.69,2137.85,1.9625947000000004,2.00787752,0.0,-45.282819999999724,-49.25329221999973,9858.790989798255,9809.537697578255,0.19907052518213106,65.41982333333334,89.61663809999992,1.0,0.0,0.0,70.0,2022-01-22 17:15:00+00:00,2022-01-22 21:57:00+00:00,2022-01-22 21:58:00+00:00,4.7,False,stop,5.000000000000017,-1.1073889092240081,2022-01-22 00:01:00+00:00,2022-01-17 00:01:00+00:00,2692.4984189107586,2424.9905570796177,24.196814766666577
20,1086300.0,1087012.0,-1.0,0.654,2382.03,2452.11,2451.12,2036.5800000000002,1.5578476200000002,1.6036799400000004,-0.14866158818698802,-45.83231999999995,-48.84518597181296,9809.537697578255,9760.692511606441,0.15880948399684486,51.92825400000001,81.01535525999981,1.0,0.0,0.0,75.0,2022-01-24 09:00:00+00:00,2022-01-24 20:52:00+00:00,2022-01-24 20:53:00+00:00,11.866666666666667,False,stop,5.000000000000023,-1.0810077971208314,2022-01-24 00:01:00+00:00,2022-01-24 00:01:00+00:00,2661.315224572834,2398.684318523191,29.0871012599998
21,1089810.0,1089830.0,1.0,0.536,2646.32,2560.58,2561.61,3069.87,1.4184275200000003,1.37247088,0.0,-45.95664000000013,-48.74753840000013,9760.692511606441,9711.94497320644,0.14532037745409435,47.28091733333334,78.02839296000003,1.0,0.0,0.0,77.0,2022-01-26 19:30:00+00:00,2022-01-26 19:50:00+00:00,2022-01-26 19:51:00+00:00,0.3333333333333333,False,stop,4.999999999999995,-1.0736264903789423,2022-01-26 00:01:00+00:00,2022-01-24 00:01:00+00:00,2576.404493845979,2322.0478448120857,30.74747562666669
22,1102500.0,1106232.0,1.0,0.8150000000000001,2827.28,3089.9900000000002,2774.4900000000002,3091.23,2.3042332,2.51834185,1.4849002614110167,214.10865000000004,207.80117468858901,9711.94497320644,9919.746147895028,0.23725764575035968,76.80777333333334,96.02121359999998,2.0,0.0,0.0,78.0,2022-02-04 15:00:00+00:00,2022-02-07 05:12:00+00:00,2022-02-07 05:13:00+00:00,62.2,True,target,5.0,4.829906544593037,2022-02-04 00:01:00+00:00,2022-01-31 00:01:00+00:00,2823.1161588160353,2552.0178841461584,19.213440266666638
23,1125210.0,1125259.0,-1.0,1.47,2610.34,2638.81,2637.75,2473.29,3.8371998000000005,3.8790507,0.0,-41.850899999999704,-49.567150499999705,9919.746147895028,9870.178997395029,0.3868243947769021,127.90666000000002,128.54829539999977,1.0,0.0,0.0,80.0,2022-02-20 09:30:00+00:00,2022-02-20 10:19:00+00:00,2022-02-20 10:20:00+00:00,0.8166666666666667,False,stop,5.000000000000033,-1.2301769427216338,2022-02-20 00:01:00+00:00,2022-02-14 00:01:00+00:00,2876.845905104234,2630.4259812582272,0.6416353999997568
24,1125420.0,1125615.0,-1.0,0.908,2622.48,2671.4900000000002,2670.42,2382.77,2.38121184,2.4257129200000005,-0.0785796714655438,-44.5010800000002,-49.22942508853466,9870.178997395029,9820.949572306496,0.24125315666802571,79.373728,98.29739232000004,1.0,0.0,0.0,83.0,2022-02-20 13:00:00+00:00,2022-02-20 16:15:00+00:00,2022-02-20 16:16:00+00:00,3.25,False,stop,5.000208594075923,-1.1309434399583227,2022-02-20 00:01:00+00:00,2022-02-14 00:01:00+00:00,2876.845905104234,2630.4259812582272,18.923664320000043
25,1126080.0,1126135.0,-1.0,1.178,2619.67,2656.07,2655.0,2443.02,3.08597126,3.12885046,0.0,-42.879200000000104,-49.09402172000011,9820.949572306496,9771.855550586495,0.31422330776465285,102.86570866666666,112.5960789799999,1.0,0.0,0.0,85.0,2022-02-21 00:00:00+00:00,2022-02-21 00:55:00+00:00,2022-02-21 00:56:00+00:00,0.9166666666666666,False,stop,5.000000000000012,-1.179613359750925,2022-02-20 00:01:00+00:00,2022-02-14 00:01:00+00:00,2876.845905104234,2630.4259812582272,9.730370313333239
26,1131345.0,1131378.0,-1.0,0.891,2432.98,2482.89,2481.89,2188.43,2.16778518,2.21225499,0.13422427464724007,-44.46980999999987,-48.984074444647106,9771.855550586495,9722.871476141849,0.2218396668655107,72.259506,93.43786913999988,1.0,0.0,0.0,86.0,2022-02-24 15:45:00+00:00,2022-02-24 16:18:00+00:00,2022-02-24 16:19:00+00:00,0.55,False,stop,5.000000000000019,-1.1240342369295364,2022-02-24 00:01:00+00:00,2022-02-21 00:01:00+00:00,2704.4031680038966,2434.6053338713614,21.178363139999874
27,1149480.0,1150274.0,1.0,2.029,2715.36,2696.83,2697.91,2802.62,5.5094654400000005,5.471868069999999,1.116036062396756,-37.5973700000004,-49.69473957239716,9722.871476141849,9673.176736569452,0.5666500327109355,183.648848,183.648848,1.0,0.0,0.0,87.0,2022-03-09 06:00:00+00:00,2022-03-09 19:14:00+00:00,2022-03-09 19:15:00+00:00,13.233333333333333,False,stop,5.000573065902487,-1.4035663275738577,2022-03-09 00:01:00+00:00,2022-03-07 00:01:00+00:00,2706.2716582466087,2425.342930279055,0.0
28,1150440.0,1150667.0,1.0,1.27,2707.78,2675.1,2676.18,2865.79,3.4388806000000005,3.397377,0.34624899000000003,-41.50360000000037,-48.686106590000364,9673.176736569452,9624.490629979451,0.35550685091892403,114.62935333333334,119.22625380000045,1.0,0.0,0.0,90.0,2022-03-09 22:00:00+00:00,2022-03-10 01:47:00+00:00,2022-03-10 01:48:00+00:00,3.783333333333333,True,stop,5.0003164556961375,-1.213149272151894,2022-03-09 00:01:00+00:00,2022-03-07 00:01:00+00:00,2706.2716582466087,2425.342930279055,4.596900466667108
29,1160595.0,1162948.0,1.0,1.822,2755.57,2850.9700000000003,2736.26,2852.12,5.02064854,5.194467340000001,2.269465037023377,173.81880000000018,161.33421908297683,9624.490629979451,9785.824849062426,0.5216534290512078,167.35495133333333,167.35495133333333,2.0,0.0,0.0,93.0,2022-03-16 23:15:00+00:00,2022-03-18 14:28:00+00:00,2022-03-18 14:29:00+00:00,39.21666666666667,True,target,5.0,4.585596580461068,2022-03-16 00:01:00+00:00,2022-03-14 00:01:00+00:00,2751.652756301196,2463.1218615282287,0.0
30,1163355.0,1163440.0,1.0,1.714,2954.4500000000003,2931.81,2932.9900000000002,3061.76,5.0639273000000005,5.02512234,0.0,-38.80496000000056,-48.89400964000057,9785.824849062426,9736.930839422426,0.5174757752265688,168.79757666666669,168.79757666666666,1.0,0.0,0.0,94.0,2022-03-18 21:15:00+00:00,2022-03-18 22:40:00+00:00,2022-03-18 22:41:00+00:00,1.4166666666666667,False,stop,5.000465983224593,-1.3292758620689786,2022-03-18 00:01:00+00:00,2022-03-14 00:01:00+00:00,2942.770279792692,2660.0871096658043,-2.842170943040401e-14
31,1168170.0,1168201.0,1.0,1.907,3027.08,3007.6,3008.81,3118.4300000000003,5.77264156,5.7354932,0.0,-37.14836000000003,-48.65649476000004,9736.930839422426,9688.274344662426,0.592860487067239,192.42138533333335,192.42138533333332,1.0,0.0,0.0,96.0,2022-03-22 05:30:00+00:00,2022-03-22 06:01:00+00:00,2022-03-22 06:02:00+00:00,0.5166666666666667,False,stop,5.000000000000025,-1.3965342090859356,2022-03-22 00:01:00+00:00,2022-03-21 00:01:00+00:00,3022.6059409863215,2732.1131656424627,-2.842170943040401e-14
32,1176450.0,1177652.0,1.0,1.339,3288.4700000000003,3428.54,3260.1800000000003,3429.92,4.40326133,4.59081506,1.3351038107568072,187.5537299999996,177.2245497992428,9688.274344662426,9865.498894461667,0.454493873042096,146.77537766666669,146.77537766666666,2.0,0.0,0.0,97.0,2022-03-27 23:30:00+00:00,2022-03-28 19:32:00+00:00,2022-03-28 19:33:00+00:00,20.033333333333335,True,target,5.0,4.6785401122441455,2022-03-27 00:01:00+00:00,2022-03-21 00:01:00+00:00,3268.4492814798873,2998.3035882632466,-2.842170943040401e-14
33,1183185.0,1183261.0,1.0,1.149,3441.05,3404.98,3406.35,3614.56,3.9537664500000003,3.91232202,0.39435978,-41.44443000000019,-49.70487825000019,9865.498894461667,9815.794016211667,0.40076700553071687,131.792215,131.792215,1.0,0.0,0.0,98.0,2022-04-01 15:45:00+00:00,2022-04-01 17:01:00+00:00,2022-04-01 17:02:00+00:00,1.2666666666666666,False,stop,5.000288184437994,-1.246664265129678,2022-04-01 00:01:00+00:00,2022-03-28 00:01:00+00:00,3421.615557024155,3123.484700482066,0.0
34,1190355.0,1192797.0,-1.0,1.061,3240.2000000000003,3279.9,3278.58,3048.3,3.4378522000000005,3.4799739,0.01969412761467143,-42.121699999999805,-49.059220227614475,9815.794016211667,9766.73479598405,0.35023679126946616,114.59507333333335,119.79178059999964,1.0,0.0,0.0,100.0,2022-04-06 15:15:00+00:00,2022-04-08 07:57:00+00:00,2022-04-08 07:58:00+00:00,40.7,True,stop,5.000000000000047,-1.2047592979283732,2022-04-06 00:01:00+00:00,2022-04-04 00:01:00+00:00,3545.217715650974,3252.229380407165,5.196707266666294
35,1197360.0,1200356.0,-1.0,1.085,3048.03,3086.89,3085.65,2859.93,3.3071125500000003,3.3492756499999996,1.0764351600587552,-42.163099999999645,-49.895923360058404,9766.73479598405,9716.838872623994,0.33860984444461834,110.23708500000001,116.88128864999987,1.0,0.0,0.0,103.0,2022-04-11 12:00:00+00:00,2022-04-13 13:56:00+00:00,2022-04-13 13:57:00+00:00,49.93333333333333,True,stop,5.000000000000024,-1.2224089882589795,2022-04-11 00:01:00+00:00,2022-04-11 00:01:00+00:00,3328.4466255771604,3058.3966611044307,6.6442036499998665
36,1237740.0,1237776.0,-1.0,1.224,2392.16,2427.02,2426.04,2222.75,2.92800384,2.9706724799999997,0.0,-42.66864000000015,-48.56731632000015,9716.838872623994,9668.271556303995,0.30133296212714744,97.600128,108.81320832000014,1.0,0.0,0.0,105.0,2022-05-09 13:00:00+00:00,2022-05-09 13:36:00+00:00,2022-05-09 13:37:00+00:00,0.6,False,stop,5.000295159386048,-1.171168240850059,2022-05-09 00:01:00+00:00,2022-05-09 00:01:00+00:00,2621.2193048671966,2393.7939733364387,11.213080320000145
37,1237860.0,1238151.0,-1.0,1.302,2383.13,2227.38,2414.46,2226.48,3.1028352600000004,2.9000487600000002,-0.3029201002842,202.78650000000002,197.08653608028422,9668.271556303995,9865.358092384278,0.32092967620224333,103.42784200000001,112.15687097999991,2.0,0.0,0.0,107.0,2022-05-09 15:00:00+00:00,2022-05-09 19:51:00+00:00,2022-05-09 19:52:00+00:00,4.85,False,target,5.000000000000014,4.831539978522194,2022-05-09 00:01:00+00:00,2022-05-09 00:01:00+00:00,2621.2193048671966,2393.7939733364387,8.729028979999896
38,1240980.0,1241527.0,-1.0,1.014,2176.03,1960.27,2219.34,1959.48,2.2064944200000003,1.98771378,0.393206174088,218.78064000000023,214.19322562591222,9865.358092384278,10079.55131801019,0.22366085440966804,73.54981400000001,94.66571165999994,2.0,0.0,0.0,110.0,2022-05-11 19:00:00+00:00,2022-05-12 04:07:00+00:00,2022-05-12 04:08:00+00:00,9.116666666666667,True,target,5.000000000000011,4.877301378619268,2022-05-11 00:01:00+00:00,2022-05-09 00:01:00+00:00,2456.348228344251,2200.8076616717126,21.11589765999993
39,1241685.0,1241750.0,-1.0,0.6920000000000001,1866.3,1935.23,1934.45,1525.54,1.2914796000000002,1.3391791600000003,0.0,-47.69956000000005,-50.33021876000005,10079.55131801019,10029.22109925019,0.12812867946734677,43.04932,76.86383080000006,1.0,0.0,0.0,112.0,2022-05-12 06:45:00+00:00,2022-05-12 07:50:00+00:00,2022-05-12 07:51:00+00:00,1.0833333333333333,False,stop,5.00014673514306,-1.0672271460014668,2022-05-12 00:01:00+00:00,2022-05-09 00:01:00+00:00,2214.159719042976,1927.5138294329704,33.81451080000006
40,1241880.0,1241919.0,-1.0,1.036,1912.3,1956.8,1956.01,1693.74,1.9811428000000002,2.0272448,0.0,-46.102000000000004,-50.1103876,10029.22109925019,9979.11071165019,0.19753705501099336,66.03809333333334,90.84984440000004,1.0,0.0,0.0,114.0,2022-05-12 10:00:00+00:00,2022-05-12 10:39:00+00:00,2022-05-12 10:40:00+00:00,0.65,False,stop,5.0002287805994,-1.1065911690688621,2022-05-12 00:01:00+00:00,2022-05-09 00:01:00+00:00,2214.159719042976,1927.5138294329704,24.8117510666667
41,1242030.0,1242038.0,-1.0,0.878,1921.66,1974.56,1973.77,1661.1100000000001,1.6872174800000002,1.7336636799999998,0.0,-46.446199999999884,-49.867081159999884,9979.11071165019,9929.243630490191,0.16907493350386874,56.24058266666667,84.55858203999992,1.0,0.0,0.0,116.0,2022-05-12 12:30:00+00:00,2022-05-12 12:38:00+00:00,2022-05-12 12:39:00+00:00,0.13333333333333333,False,stop,5.000000000000009,-1.089929380157359,2022-05-12 00:01:00+00:00,2022-05-09 00:01:00+00:00,2214.159719042976,1927.5138294329704,28.31799937333325
42,1242120.0,1242174.0,-1.0,0.628,1906.66,1981.81,1981.01,1534.91,1.19738248,1.24457668,0.0,-47.19419999999992,-49.63615915999992,9929.243630490191,9879.607471330191,0.12059150974230724,39.91274933333333,74.23159703999994,1.0,0.0,0.0,117.0,2022-05-12 14:00:00+00:00,2022-05-12 14:54:00+00:00,2022-05-12 14:55:00+00:00,0.9,False,stop,5.000000000000006,-1.0630594485541354,2022-05-12 00:01:00+00:00,2022-05-09 00:01:00+00:00,2214.159719042976,1927.5138294329704,34.31884770666661
43,1262205.0,1262287.0,-1.0,1.43,1805.58,1836.46,1835.72,1654.8700000000001,2.5819794,2.6261378,0.0,-44.15840000000016,-49.36651720000016,9879.607471330191,9830.240954130191,0.2613443304800005,86.06598,102.48572620000014,1.0,0.0,0.0,120.0,2022-05-26 12:45:00+00:00,2022-05-26 14:07:00+00:00,2022-05-26 14:08:00+00:00,1.3666666666666667,False,stop,5.000331785003295,-1.1453895155938951,2022-05-26 00:01:00+00:00,2022-05-23 00:01:00+00:00,2048.038866189804,1813.3175603374984,16.419746200000148
44,1268235.0,1268590.0,1.0,2.217,1923.14,2010.14,1905.58,2010.95,4.26360138,4.45648038,0.0,192.87900000000002,184.15891824000002,9830.240954130191,10014.399872370192,0.4337229778898391,142.120046,142.12004600000003,2.0,0.0,0.0,122.0,2022-05-30 17:15:00+00:00,2022-05-30 23:10:00+00:00,2022-05-30 23:11:00+00:00,5.916666666666667,False,target,5.000569476081952,4.730451025056901,2022-05-30 00:01:00+00:00,2022-05-30 00:01:00+00:00,1915.1881913444035,1689.8924219907822,2.842170943040401e-14
45,1278975.0,1279196.0,-1.0,2.5340000000000003,1748.45,1764.69,1763.98,1670.8,4.430572300000001,4.471724460000001,0.0,-41.15216000000003,-50.054456760000036,10014.399872370192,9964.345415610193,0.4424201506296932,147.68574333333336,147.68574333333333,1.0,0.0,0.0,124.0,2022-06-07 04:15:00+00:00,2022-06-07 07:56:00+00:00,2022-06-07 07:57:00+00:00,3.683333333333333,False,stop,5.000000000000014,-1.2719343206696745,2022-06-07 00:01:00+00:00,2022-06-06 00:01:00+00:00,1950.0775262551847,1750.6712354834806,-2.842170943040401e-14
46,1279500.0,1279533.0,-1.0,3.15,1749.31,1761.6100000000001,1760.9,1691.3500000000001,5.510326500000001,5.5490715,0.0,-38.74500000000057,-49.804398000000575,9964.345415610193,9914.541017610192,0.5530043640766904,183.67755,183.67755,1.0,0.0,0.0,125.0,2022-06-07 13:00:00+00:00,2022-06-07 13:33:00+00:00,2022-06-07 13:34:00+00:00,0.55,False,stop,5.00086281276955,-1.3641863675582384,2022-06-07 00:01:00+00:00,2022-06-06 00:01:00+00:00,1950.0775262551847,1750.6712354834806,0.0
47,1284165.0,1285019.0,-1.0,2.262,1673.33,1584.66,1691.19,1584.02,3.78507246,3.5845009200000004,1.2085580223154508,200.57153999999966,191.99340859768418,9914.541017610192,10106.534426207876,0.3817698119637571,126.16908199999999,127.45598658000029,2.0,0.0,0.0,127.0,2022-06-10 18:45:00+00:00,2022-06-11 08:59:00+00:00,2022-06-11 09:00:00+00:00,14.233333333333333,True,target,5.000559910414295,4.752392084759912,2022-06-10 00:01:00+00:00,2022-06-06 00:01:00+00:00,1880.9008291009773,1676.0854974649963,1.2869045800002965
48,1285665.0,1286223.0,-1.0,1.987,1546.3400000000001,1438.52,1568.02,1437.94,3.072577580000001,2.8583392400000003,0.18343359471878237,214.23834000000033,208.12398958528155,10106.534426207876,10314.658415793157,0.3040189099868211,102.41925266666668,113.74744433999969,2.0,0.0,0.0,128.0,2022-06-11 19:45:00+00:00,2022-06-12 05:03:00+00:00,2022-06-12 05:04:00+00:00,9.3,True,target,5.000000000000042,4.831311030584479,2022-06-11 00:01:00+00:00,2022-06-06 00:01:00+00:00,1753.4802025435495,1549.8072581716754,11.32819167333301
49,1287765.0,1288946.0,-1.0,1.095,1310.09,1091.1200000000001,1353.97,1090.68,1.43454855,1.1947764000000003,0.12615539295868627,239.77214999999978,237.01666965704112,10314.658415793157,10551.675085450199,0.13907862889608727,47.818284999999996,81.04321665000012,2.0,0.0,0.0,130.0,2022-06-13 06:45:00+00:00,2022-06-14 02:26:00+00:00,2022-06-14 02:27:00+00:00,19.683333333333334,True,target,5.000227894257049,4.932852771090948,2022-06-13 00:01:00+00:00,2022-06-13 00:01:00+00:00,1524.880323934199,1323.3017315078393,33.22493165000012
50,1290735.0,1290930.0,-1.0,0.729,1051.1100000000001,1121.29,1120.84,702.46,0.7662591900000001,0.81742041,0.0,-51.16121999999988,-52.744899599999876,10551.675085450199,10498.930185850199,0.07261967259175767,25.541973000000002,68.45713136999984,1.0,0.0,0.0,132.0,2022-06-15 08:15:00+00:00,2022-06-15 11:30:00+00:00,2022-06-15 11:31:00+00:00,3.25,False,stop,5.000000000000016,-1.0376079162483873,2022-06-15 00:01:00+00:00,2022-06-13 00:01:00+00:00,1301.3710544385237,1093.2696228892642,42.915158369999844
51,1291290.0,1291314.0,-1.0,1.62,1073.35,1103.56,1103.1100000000001,924.54,1.7388270000000001,1.7877672,0.0,-48.94020000000006,-52.46679420000006,10498.930185850199,10446.463391650199,0.1656194459073061,57.9609,88.20422100000035,1.0,0.0,0.0,133.0,2022-06-15 17:30:00+00:00,2022-06-15 17:54:00+00:00,2022-06-15 17:55:00+00:00,0.4,False,stop,5.000336021505338,-1.0882698252688106,2022-06-15 00:01:00+00:00,2022-06-13 00:01:00+00:00,1301.3710544385237,1093.2696228892642,30.243321000000343
52,1292460.0,1295737.0,-1.0,1.276,1115.47,924.98,1153.64,924.61,1.4233397200000002,1.18027448,1.1733395944842921,243.06524000000002,239.2882862055157,10446.463391650199,10685.751677855715,0.1362508694701087,47.44465733333334,81.4417335600001,2.0,0.0,0.0,135.0,2022-06-16 13:00:00+00:00,2022-06-18 19:37:00+00:00,2022-06-18 19:38:00+00:00,54.61666666666667,True,target,5.000261985852755,4.913020824292808,2022-06-16 00:01:00+00:00,2022-06-13 00:01:00+00:00,1323.0160099070026,1126.005263769688,33.99707622666676
53,1304400.0,1304676.0,1.0,2.44,1227.66,1208.21,1208.7,1322.47,2.9954904,2.9480324,-0.117352330944,-47.45800000000011,-53.284170469056114,10685.751677855715,10632.467507386658,0.28032566077757654,99.84968,115.1586792000001,1.0,0.0,0.0,140.0,2022-06-24 20:00:00+00:00,2022-06-25 00:36:00+00:00,2022-06-25 00:37:00+00:00,4.6,True,stop,5.000527426160325,-1.1517813703797473,2022-06-24 00:01:00+00:00,2022-06-20 00:01:00+00:00,1219.954170073781,1045.8618070816979,15.308999200000088
54,1338150.0,1338262.0,1.0,3.406,1434.46,1494.72,1422.29,1495.32,4.885770760000001,5.0910163200000005,-0.042806154121715546,205.24555999999998,195.31157907412168,10632.467507386658,10827.779086460781,0.4595142902252676,162.85902533333334,162.85902533333334,2.0,0.0,0.0,143.0,2022-07-18 06:30:00+00:00,2022-07-18 08:22:00+00:00,2022-07-18 08:23:00+00:00,1.8666666666666667,False,target,5.000821692686897,4.71186424541834,2022-07-18 00:01:00+00:00,2022-07-18 00:01:00+00:00,1428.1451688405023,1233.5560918366186,0.0
55,1353420.0,1353492.0,1.0,1.637,1757.04,1727.47,1728.17,1901.39,2.87627448,2.8278683900000003,0.0,-48.4060899999999,-54.1102328699999,10827.779086460781,10773.668853590782,0.2656384524501924,95.875816,113.41450303999981,1.0,0.0,0.0,144.0,2022-07-28 21:00:00+00:00,2022-07-28 22:12:00+00:00,2022-07-28 22:13:00+00:00,1.2,False,stop,5.000000000000024,-1.1449431936266041,2022-07-28 00:01:00+00:00,2022-07-25 00:01:00+00:00,1748.7990456074376,1509.9031455870322,17.538687039999814
56,1371750.0,1372006.0,1.0,2.811,1829.3700000000001,1813.8600000000001,1814.5900000000001,1903.27,5.14235907,5.09876046,0.516559176661341,-43.59860999999997,-54.35628870666131,10773.668853590782,10719.31256488412,0.47730806839177087,171.41196900000003,171.41196900000003,1.0,0.0,0.0,145.0,2022-08-10 14:30:00+00:00,2022-08-10 18:46:00+00:00,2022-08-10 18:47:00+00:00,4.266666666666667,False,stop,5.0,-1.3083216165244267,2022-08-10 00:01:00+00:00,2022-08-08 00:01:00+00:00,1825.307570330883,1570.2045741623738,0.0
57,1384905.0,1386405.0,-1.0,2.017,1707.72,1596.2,1730.15,1595.56,3.44447124,3.2195354,-0.0562183223994222,224.93583999999996,218.32805168239935,10719.31256488412,10937.64061656652,0.32133322161757827,114.815708,124.46414852000012,2.0,0.0,0.0,148.0,2022-08-19 17:45:00+00:00,2022-08-20 18:45:00+00:00,2022-08-20 18:46:00+00:00,25.0,True,target,5.000445831475692,4.8258560966160955,2022-08-19 00:01:00+00:00,2022-08-15 00:01:00+00:00,1969.6012116487632,1711.7026026839048,9.648440520000122
58,1399290.0,1400122.0,1.0,3.451,1529.91,1590.18,1517.73,1590.82,5.279719410000001,5.487711180000001,-0.5075120995249305,207.99176999999995,197.73185150952486,10937.64061656652,11135.372468076042,0.48271099728794886,175.99064700000002,175.990647,2.0,0.0,0.0,149.0,2022-08-29 17:30:00+00:00,2022-08-30 07:22:00+00:00,2022-08-30 07:23:00+00:00,13.866666666666667,True,target,5.000821018062359,4.704184920330173,2022-08-29 00:01:00+00:00,2022-08-29 00:01:00+00:00,1527.6181460086302,1312.642633599849,-2.842170943040401e-14
59,1421175.0,1421488.0,-1.0,2.823,1585.78,1602.31,1601.66,1506.3700000000001,4.47665694,4.523321129999999,4.932041215251869,-46.66418999999992,-60.59620928525179,11135.372468076042,11074.776258790791,0.4020213021912029,149.22189799999998,149.22189799999998,1.0,0.0,0.0,151.0,2022-09-13 22:15:00+00:00,2022-09-14 03:28:00+00:00,2022-09-14 03:29:00+00:00,5.216666666666667,True,stop,5.000629722921871,-1.351711723983083,2022-09-13 00:01:00+00:00,2022-09-12 00:01:00+00:00,1834.4239467322934,1587.9951975766057,0.0
60,1423770.0,1424176.0,-1.0,3.662,1510.3600000000001,1453.6000000000001,1521.83,1453.01,5.530938320000001,5.3230832,0.041831907493258866,207.85511999999997,196.95926657250672,11074.776258790791,11271.735525363298,0.49941761266822204,184.36461066666666,184.36461066666666,2.0,0.0,0.0,153.0,2022-09-15 17:30:00+00:00,2022-09-16 00:16:00+00:00,2022-09-16 00:17:00+00:00,6.766666666666667,True,target,5.0000000000000995,4.689155776746933,2022-09-15 00:01:00+00:00,2022-09-12 00:01:00+00:00,1748.8973174927378,1512.9493599644761,0.0
61,1428165.0,1429762.0,-1.0,2.2600000000000002,1368.77,1390.94,1390.38,1260.71,3.0934202000000006,3.1435244000000004,0.6194355546791448,-50.10420000000017,-56.96058015467932,11271.735525363298,11214.774945208617,0.274440452673795,103.11400666666668,119.98726460000029,1.0,0.0,0.0,155.0,2022-09-18 18:45:00+00:00,2022-09-19 21:22:00+00:00,2022-09-19 21:23:00+00:00,26.616666666666667,True,stop,5.000462748727409,-1.1663024770300332,2022-09-18 00:01:00+00:00,2022-09-12 00:01:00+00:00,1549.5016287725834,1376.849857359669,16.873257933333605
62,1463910.0,1463949.0,-1.0,3.9530000000000003,1219.95,1231.68,1231.18,1163.8,4.822462350000001,4.868831040000001,0.0,-46.36869000000007,-56.05998339000008,11214.774945208617,11158.714961818618,0.4300097303388457,160.748745,160.748745,1.0,0.0,0.0,157.0,2022-10-13 14:30:00+00:00,2022-10-13 15:09:00+00:00,2022-10-13 15:10:00+00:00,0.65,False,stop,5.0,-1.2628343722172748,2022-10-13 00:01:00+00:00,2022-10-10 00:01:00+00:00,1356.4502032071944,1223.8645653266744,0.0
63,1482540.0,1484427.0,1.0,2.689,1524.67,1506.96,1507.57,1610.18,4.09983763,4.05221544,0.840198340723425,-47.622190000000096,-56.61444141072352,11158.714961818618,11102.100520407892,0.3674112694901044,136.66125433333335,140.2781654900004,1.0,0.0,0.0,158.0,2022-10-26 13:00:00+00:00,2022-10-27 20:27:00+00:00,2022-10-27 20:28:00+00:00,31.45,True,stop,5.000584795321597,-1.2312331898143198,2022-10-26 00:01:00+00:00,2022-10-24 00:01:00+00:00,1523.4086250354242,1388.0713193608115,3.6169111566670438
64,1486620.0,1488106.0,1.0,1.637,1628.8400000000001,1598.18,1598.82,1778.95,2.6664110800000005,2.61622066,0.7199595143811212,-50.19042000000013,-56.19301125438126,11102.100520407892,11045.90750915351,0.24017176525276462,88.88036933333335,110.47019484000033,1.0,0.0,0.0,160.0,2022-10-29 09:00:00+00:00,2022-10-30 09:46:00+00:00,2022-10-30 09:47:00+00:00,24.766666666666666,True,stop,5.000333111259122,-1.1434651640177342,2022-10-29 00:01:00+00:00,2022-10-24 00:01:00+00:00,1622.907959971902,1479.2899509529611,21.589825506666983
65,1500765.0,1501446.0,-1.0,1.08,1469.8600000000001,1518.0,1517.39,1232.21,1.5874488000000004,1.63944,0.06144176273298654,-51.991199999999864,-55.27953056273285,11045.90750915351,10990.627978590777,0.14371375087873178,52.914960000000015,87.84372239999996,1.0,0.0,0.0,170.0,2022-11-08 04:45:00+00:00,2022-11-08 16:06:00+00:00,2022-11-08 16:07:00+00:00,11.35,False,stop,5.000000000000004,-1.0768935518840514,2022-11-08 00:01:00+00:00,2022-11-07 00:01:00+00:00,1646.3006599553453,1482.865638517834,34.92876239999995
66,1501560.0,1505880.0,-1.0,0.5660000000000001,1445.72,1274.3,1539.06,979.02,0.8182775200000001,0.7212538000000001,1.7957209889562866,97.02372000000005,93.68846769104377,10990.627978590777,11084.316446281822,0.0744522989581638,27.275917333333336,71.65082295999996,3.0,1.0,0.0,175.0,2022-11-08 18:00:00+00:00,2022-11-11 18:00:00+00:00,2022-11-11 18:00:00+00:00,72.0,True,max_hold,5.000000000000004,1.7733804164993485,2022-11-08 00:01:00+00:00,2022-11-07 00:01:00+00:00,1646.3006599553453,1482.865638517834,44.37490562666662
67,1519125.0,1522227.0,-1.0,3.257,1142.65,1157.3600000000001,1156.89,1071.45,3.7216110500000004,3.769521520000001,0.5465380351498293,-47.91047000000012,-55.948140605149945,11084.316446281822,11028.368305676671,0.3357546735548493,124.05370166666668,131.97673415000006,1.0,0.0,0.0,176.0,2022-11-20 22:45:00+00:00,2022-11-23 02:27:00+00:00,2022-11-23 02:28:00+00:00,51.7,True,stop,5.0,-1.2063071716999754,2022-11-20 00:01:00+00:00,2022-11-14 00:01:00+00:00,1278.2254372096274,1149.0810494816483,7.9230324833333725
68,1532220.0,1536540.0,1.0,0.807,1274.98,1290.39,1209.65,1601.63,1.02890886,1.0413447300000003,0.4699781231877177,12.435870000000067,9.89563828681235,11028.368305676671,11038.263943963484,0.09329656314346939,34.296962,76.38621377999995,3.0,1.0,0.0,177.0,2022-11-30 01:00:00+00:00,2022-12-03 01:00:00+00:00,2022-12-03 01:00:00+00:00,72.0,True,max_hold,5.000000000000007,0.187697124498848,2022-11-30 00:01:00+00:00,2022-11-28 00:01:00+00:00,1269.5502042566898,1156.590858327686,42.08925177999995
69,1551855.0,1551895.0,1.0,4.354,1328.45,1318.43,1318.96,1375.9,5.784071300000001,5.7404442200000005,0.0,-43.62707999999992,-55.15159551999992,11038.263943963484,10983.112348443483,0.5240019018718198,192.80237666666667,192.80237666666667,1.0,0.0,0.0,184.0,2022-12-13 16:15:00+00:00,2022-12-13 16:55:00+00:00,2022-12-13 16:56:00+00:00,0.6666666666666666,False,stop,5.0,-1.3347608008429894,2022-12-13 00:01:00+00:00,2022-12-12 00:01:00+00:00,1327.1637075779504,1219.4093866039182,0.0
70,1556100.0,1556575.0,-1.0,5.325,1213.5,1177.07,1220.88,1176.59,6.4618875,6.26789775,0.24217300302653744,193.98975000000036,181.0177917469738,10983.112348443483,11164.130140190457,0.5883475735287159,215.39624999999998,215.39625,2.0,0.0,0.0,186.0,2022-12-16 15:00:00+00:00,2022-12-16 22:55:00+00:00,2022-12-16 22:56:00+00:00,7.916666666666667,False,target,5.001355013550072,4.60622649075591,2022-12-16 00:01:00+00:00,2022-12-12 00:01:00+00:00,1313.0682825180272,1216.3946173475651,2.842170943040401e-14
71,1561695.0,1561811.0,1.0,6.0440000000000005,1214.2,1207.39,1207.88,1245.8,7.338624800000001,7.297465160000002,0.0,-41.159639999999676,-55.795729959999676,11164.130140190457,11108.334410230456,0.6573395963543297,244.6208266666667,244.62082666666672,1.0,0.0,0.0,187.0,2022-12-20 12:15:00+00:00,2022-12-20 14:11:00+00:00,2022-12-20 14:12:00+00:00,1.9333333333333333,False,stop,5.000000000000036,-1.4606946202531705,2022-12-20 00:01:00+00:00,2022-12-19 00:01:00+00:00,1213.0441134947334,1117.864549444418,2.842170943040401e-14
72,1561890.0,1564713.0,1.0,2.496,1218.77,1198.95,1199.43,1315.47,3.04204992,2.9925792,1.464679562434924,-49.470719999999844,-56.970028682434766,11108.334410230456,11051.364381548019,0.27385292949034373,101.401664,118.23978815999979,1.0,0.0,0.0,189.0,2022-12-20 15:30:00+00:00,2022-12-22 14:33:00+00:00,2022-12-22 14:34:00+00:00,47.05,True,stop,5.000000000000023,-1.1801722193448505,2022-12-20 00:01:00+00:00,2022-12-19 00:01:00+00:00,1213.0441134947334,1117.864549444418,16.838124159999794
73,1583535.0,1583804.0,1.0,4.381,1256.49,1246.39,1246.89,1304.49,5.504682690000001,5.460434590000001,0.0,-44.2480999999996,-55.213217279999604,11051.364381548019,10996.15116426802,0.4980998273109996,183.48942300000002,183.48942300000002,1.0,0.0,0.0,190.0,2023-01-04 16:15:00+00:00,2023-01-04 20:44:00+00:00,2023-01-04 20:45:00+00:00,4.483333333333333,False,stop,5.000000000000047,-1.312800000000003,2023-01-04 00:01:00+00:00,2023-01-02 00:01:00+00:00,1252.4313524978268,1177.4577555360129,0.0
74,1590705.0,1590998.0,1.0,3.66,1332.3700000000001,1320.01,1320.54,1391.53,4.8764742000000005,4.8312366,0.48890029019526005,-45.23760000000047,-55.43421109019573,10996.15116426802,10940.716953177824,0.4434710042770327,162.54914000000002,162.54914000000002,1.0,0.0,0.0,195.0,2023-01-09 15:45:00+00:00,2023-01-09 20:38:00+00:00,2023-01-09 20:39:00+00:00,4.883333333333334,False,stop,5.000845308537539,-1.2803008718732822,2023-01-09 00:01:00+00:00,2023-01-09 00:01:00+00:00,1327.519149445591,1253.9539297892031,0.0
75,1620660.0,1622437.0,-1.0,3.211,1585.63,1599.47,1598.83,1519.63,5.091457930000001,5.13589817,-2.0291882288532403,-44.44023999999973,-52.63840787114649,10940.716953177824,10888.078545306676,0.46536785036936207,169.71526433333335,169.71526433333332,1.0,0.0,0.0,196.0,2023-01-30 11:00:00+00:00,2023-01-31 16:37:00+00:00,2023-01-31 16:38:00+00:00,29.616666666666667,True,stop,5.000000000000069,-1.2419053790272836,2023-01-30 00:01:00+00:00,2023-01-30 00:01:00+00:00,1704.3141478851003,1592.783326994027,-2.842170943040401e-14
76,1625445.0,1625480.0,1.0,1.559,1708.19,1676.67,1677.3500000000001,1862.39,2.66306821,2.6139285300000004,0.0,-49.13967999999997,-54.41667673999997,10888.078545306676,10833.661868566676,0.24458569057144794,88.76894033333333,109.33012882999986,1.0,0.0,0.0,198.0,2023-02-02 18:45:00+00:00,2023-02-02 19:20:00+00:00,2023-02-02 19:21:00+00:00,0.5833333333333334,False,stop,5.000000000000015,-1.131804798962389,2023-02-02 00:01:00+00:00,2023-01-30 00:01:00+00:00,1699.831972037046,1588.5164294380843,20.56118849666653
77,1641225.0,1641265.0,-1.0,2.89,1467.19,1482.98,1482.38,1391.23,4.240179100000001,4.2858122000000005,0.0,-45.6330999999999,-54.1590912999999,10833.661868566676,10779.502777266676,0.3913892782921965,141.33930333333333,141.42321930000017,1.0,0.0,0.0,199.0,2023-02-13 17:45:00+00:00,2023-02-13 18:25:00+00:00,2023-02-13 18:26:00+00:00,0.6666666666666666,False,stop,5.000658327847252,-1.2337175773535152,2023-02-13 00:01:00+00:00,2023-02-13 00:01:00+00:00,1563.0319198272814,1468.6548321458547,0.08391596666683654
78,1642515.0,1646835.0,1.0,0.734,1561.91,1666.95,1492.2,1910.47,1.1464419399999999,1.2235413000000002,0.8582431265286994,77.09935999999998,73.87113363347127,10779.502777266676,10853.373910900147,0.10635387955164102,38.21473133333333,77.53530462000002,3.0,1.0,0.0,200.0,2023-02-14 15:15:00+00:00,2023-02-17 15:15:00+00:00,2023-02-17 15:15:00+00:00,72.0,True,max_hold,5.000143451441684,1.4437221551462762,2023-02-14 00:01:00+00:00,2023-02-13 00:01:00+00:00,1554.2273458278994,1457.222683861471,39.320573286666686
79,1646985.0,1650006.0,1.0,1.532,1701.02,1668.99,1669.66,1857.82,2.6059626400000004,2.55689268,1.559118906402556,-49.06995999999996,-55.79193422640251,10853.373910900147,10797.581976673744,0.24010622516034458,86.86542133333334,107.98066071999985,1.0,0.0,0.0,205.0,2023-02-17 17:45:00+00:00,2023-02-19 20:06:00+00:00,2023-02-19 20:07:00+00:00,50.35,True,stop,5.000000000000014,-1.1612790700265654,2023-02-17 00:01:00+00:00,2023-02-13 00:01:00+00:00,1696.8272629412963,1585.582620874332,21.115239386666502
80,1654155.0,1654226.0,-1.0,4.243,1604.5900000000001,1614.0900000000001,1613.44,1560.3400000000001,6.808275370000001,6.8485838700000015,0.0,-40.3085,-53.965359240000005,10797.581976673744,10743.616617433743,0.6305370391915588,226.94251233333338,226.94251233333338,1.0,0.0,0.0,207.0,2023-02-22 17:15:00+00:00,2023-02-22 18:26:00+00:00,2023-02-22 18:27:00+00:00,1.1833333333333333,False,stop,5.0000000000000515,-1.4371389830508623,2023-02-22 00:01:00+00:00,2023-02-20 00:01:00+00:00,1717.1578339907476,1605.6442558967935,0.0
81,1675935.0,1676800.0,-1.0,2.196,1475.97,1372.17,1496.84,1371.6200000000001,3.2412301200000004,3.0132853200000005,0.2650415120460744,227.94479999999993,221.42524304795384,10743.616617433743,10965.041860481697,0.30168892240071493,108.041004,120.37881275999976,2.0,0.0,0.0,208.0,2023-03-09 20:15:00+00:00,2023-03-10 10:40:00+00:00,2023-03-10 10:41:00+00:00,14.416666666666666,True,target,5.000000000000022,4.831392771628054,2023-03-09 00:01:00+00:00,2023-03-06 00:01:00+00:00,1574.9997568780993,1487.5676358260728,12.33780875999976
82,1676925.0,1676970.0,-1.0,3.84,1391.29,1402.77,1402.2,1336.73,5.3425536,5.3866368,0.0,-44.08320000000007,-54.81239040000007,10965.041860481697,10910.229470081696,0.4872351303331276,178.08512,178.08512,1.0,0.0,0.0,209.0,2023-03-10 12:45:00+00:00,2023-03-10 13:30:00+00:00,2023-03-10 13:31:00+00:00,0.75,False,stop,5.000916590284101,-1.308346471127398,2023-03-10 00:01:00+00:00,2023-03-06 00:01:00+00:00,1478.5283815614516,1392.3889016512985,0.0
83,1681365.0,1685685.0,1.0,1.047,1638.04,1656.74,1589.82,1879.14,1.7150278799999998,1.7346067799999998,2.119511663709201,19.578900000000047,14.009753676290845,10910.229470081696,10924.239223757988,0.1571944829119307,57.167595999999996,89.93198124000003,3.0,1.0,0.0,210.0,2023-03-13 14:45:00+00:00,2023-03-16 14:45:00+00:00,2023-03-16 14:45:00+00:00,72.0,True,max_hold,5.0,0.277495926151328,2023-03-13 00:01:00+00:00,2023-03-13 00:01:00+00:00,1631.631639105604,1526.8955912670738,32.76438524000003
84,1686870.0,1687122.0,1.0,2.039,1732.5,1709.16,1709.8500000000001,1845.75,3.5325675000000003,3.4849772400000005,0.0,-47.59025999999984,-54.607804739999835,10924.239223757988,10869.631419017987,0.32336965784467514,117.75225,127.43240249999972,1.0,0.0,0.0,212.0,2023-03-17 10:30:00+00:00,2023-03-17 14:42:00+00:00,2023-03-17 14:43:00+00:00,4.2,False,stop,5.00000000000003,-1.182413245033116,2023-03-17 00:01:00+00:00,2023-03-13 00:01:00+00:00,1726.532973286758,1619.7036827774523,9.680152499999721
85,1694730.0,1694899.0,-1.0,3.408,1729.22,1741.69,1740.99,1670.3700000000001,5.893181760000001,5.93567952,-0.06634844454239999,-42.49776000000009,-54.26027283545769,10869.631419017987,10815.37114618253,0.5421694198102274,196.43939200000003,196.439392,1.0,0.0,0.0,213.0,2023-03-22 21:30:00+00:00,2023-03-23 00:19:00+00:00,2023-03-23 00:20:00+00:00,2.816666666666667,True,stop,5.0,-1.3527138113593926,2023-03-22 00:01:00+00:00,2023-03-20 00:01:00+00:00,1868.0556383307464,1736.55046647316,-2.842170943040401e-14
86,1701675.0,1702178.0,-1.0,3.074,1713.07,1727.22,1726.52,1645.81,5.26597718,5.30947428,0.077889297882,-43.49710000000028,-54.150440757882286,10815.37114618253,10761.220705424646,0.4868975006797355,175.53257266666665,175.53257266666665,1.0,0.0,0.0,214.0,2023-03-27 17:15:00+00:00,2023-03-28 01:38:00+00:00,2023-03-28 01:39:00+00:00,8.383333333333333,True,stop,5.000743494423774,-1.3097121258736086,2023-03-27 00:01:00+00:00,2023-03-27 00:01:00+00:00,1835.0535522163577,1714.2572326132497,0.0
87,1725765.0,1726596.0,1.0,2.691,1987.29,2062.61,1972.06,2063.44,5.34779739,5.55048351,1.0787374412212318,202.68612000000041,190.7091016587792,10761.220705424646,10951.929807083425,0.49695081407485836,178.25991299999998,178.25991299999998,2.0,0.0,0.0,221.0,2023-04-13 10:45:00+00:00,2023-04-14 00:36:00+00:00,2023-04-14 00:37:00+00:00,13.85,True,target,5.0,4.6532653569040106,2023-04-13 00:01:00+00:00,2023-04-10 00:01:00+00:00,1985.5541590634464,1860.4104820221692,0.0
88,1737720.0,1742040.0,-1.0,1.968,1880.14,1834.5,1903.41,1763.79,3.70011552,3.610296,-0.8055814101511194,89.8195200000002,83.31468989015131,10951.929807083425,11035.244496973573,0.33785055101493267,123.33718400000001,130.89801695999995,3.0,1.0,0.0,225.0,2023-04-21 18:00:00+00:00,2023-04-24 18:00:00+00:00,2023-04-24 18:00:00+00:00,72.0,True,max_hold,5.00000000000001,1.8192823441097825,2023-04-21 00:01:00+00:00,2023-04-17 00:01:00+00:00,2009.2485531686766,1886.423903431584,7.560832959999942
89,1752225.0,1752522.0,-1.0,2.229,1814.5,1835.5900000000001,1834.8500000000001,1712.74,4.0445205,4.091530110000001,-0.4045125299028,-47.00961000000033,-54.741148080097524,11035.244496973573,10980.503348893477,0.36650936924045624,134.81735,138.3841215000003,1.0,0.0,0.0,228.0,2023-05-01 19:45:00+00:00,2023-05-02 00:42:00+00:00,2023-05-02 00:43:00+00:00,4.95,True,stop,5.0004914004913665,-1.2068114430859942,2023-05-01 00:01:00+00:00,2023-05-01 00:01:00+00:00,1928.0651035127748,1817.5399094061133,3.5667715000003
90,1757685.0,1758721.0,1.0,2.158,1949.81,1928.26,1929.04,2053.66,4.2076899800000005,4.16118508,1.27404869087171,-46.5048999999999,-56.14782375087161,10980.503348893477,10924.355525142604,0.3831964570571363,140.25633266666668,141.59852953999996,1.0,0.0,0.0,232.0,2023-05-05 14:45:00+00:00,2023-05-06 08:01:00+00:00,2023-05-06 08:02:00+00:00,17.266666666666666,True,stop,5.0,-1.2526939821254202,2023-05-05 00:01:00+00:00,2023-05-01 00:01:00+00:00,1934.9072082181483,1825.9811527432516,1.342196873333279
91,1766610.0,1766703.0,-1.0,3.269,1786.97,1800.08,1799.3600000000001,1725.01,5.841604930000001,5.88446152,0.0,-42.85658999999968,-54.58265644999968,10924.355525142604,10869.772868692606,0.5347322243912183,194.72016433333334,194.72016433333334,1.0,0.0,0.0,233.0,2023-05-11 19:30:00+00:00,2023-05-11 21:03:00+00:00,2023-05-11 21:04:00+00:00,1.55,False,stop,5.00080710250198,-1.347623083131539,2023-05-11 00:01:00+00:00,2023-05-08 00:01:00+00:00,1896.827062228717,1790.18951920165,0.0
92,1805265.0,1806518.0,-1.0,2.714,1838.3700000000001,1854.7,1853.95,1760.47,4.9893361800000005,5.033655800000001,-0.7319153562655298,-44.3196199999998,-53.61069662373427,10869.772868692606,10816.162172068873,0.45901015966675923,166.311206,166.311206,1.0,0.0,0.0,234.0,2023-06-07 15:45:00+00:00,2023-06-08 12:38:00+00:00,2023-06-08 12:39:00+00:00,20.883333333333333,True,stop,5.000000000000029,-1.2678683303267164,2023-06-07 00:01:00+00:00,2023-06-05 00:01:00+00:00,1930.748537089594,1840.5904243655093,0.0
93,1824405.0,1825345.0,1.0,3.456,1784.92,1841.04,1773.55,1841.78,6.168683520000001,6.362634239999999,0.6828537751784368,193.95071999999962,180.73654846482117,10816.162172068873,10996.898720533696,0.5703209162238438,205.62278400000002,205.62278400000002,2.0,0.0,0.0,240.0,2023-06-20 22:45:00+00:00,2023-06-21 14:25:00+00:00,2023-06-21 14:26:00+00:00,15.666666666666666,True,target,5.000879507475752,4.599512312718332,2023-06-20 00:01:00+00:00,2023-06-19 00:01:00+00:00,1782.9843456200654,1693.2890940049174,0.0
94,1832745.0,1832874.0,-1.0,4.071,1847.3500000000001,1857.15,1856.4,1802.1000000000001,7.52056185,7.56045765,0.0,-39.89579999999981,-54.976819499999806,10996.898720533696,10941.921901033696,0.6838802503434365,250.685395,250.685395,1.0,0.0,0.0,241.0,2023-06-26 17:45:00+00:00,2023-06-26 19:54:00+00:00,2023-06-26 19:55:00+00:00,2.15,False,stop,5.000000000000025,-1.4922099447513837,2023-06-26 00:01:00+00:00,2023-06-26 00:01:00+00:00,1958.9080432907576,1849.3015148015925,0.0
95,1872645.0,1872692.0,-1.0,4.627,1846.9,1855.02,1854.27,1810.05,8.5456063,8.58317754,0.0,-37.57123999999949,-54.700023839999496,10941.921901033696,10887.221877193697,0.7809968282804766,284.85354333333333,284.85354333333333,1.0,0.0,0.0,244.0,2023-07-24 10:45:00+00:00,2023-07-24 11:32:00+00:00,2023-07-24 11:33:00+00:00,0.7833333333333333,False,stop,5.000000000000092,-1.6040597014925464,2023-07-24 00:01:00+00:00,2023-07-24 00:01:00+00:00,1935.3375988184616,1847.8318586497876,0.0
96,1872900.0,1873261.0,-1.0,4.101,1842.25,1851.83,1851.08,1798.1000000000001,7.5550672500000005,7.5943548299999994,-0.5415248500672928,-39.2875799999997,-53.89547722993241,10887.221877193697,10833.326399963764,0.6939389437654597,251.835575,251.83557499999998,1.0,0.0,0.0,245.0,2023-07-24 15:00:00+00:00,2023-07-24 21:01:00+00:00,2023-07-24 21:02:00+00:00,6.016666666666667,False,stop,5.000000000000026,-1.4883389552511668,2023-07-24 00:01:00+00:00,2023-07-24 00:01:00+00:00,1935.3375988184616,1847.8318586497876,-2.842170943040401e-14
97,1886040.0,1886144.0,-1.0,3.68,1830.3400000000001,1841.38,1840.64,1778.8400000000001,6.735651200000001,6.776278400000002,0.0,-40.62719999999987,-54.13912959999987,10833.326399963764,10779.187270363764,0.6217528163854208,224.52170666666672,224.5217066666667,1.0,0.0,0.0,247.0,2023-08-02 18:00:00+00:00,2023-08-02 19:44:00+00:00,2023-08-02 19:45:00+00:00,1.7333333333333334,False,stop,5.000000000000022,-1.4283223300970902,2023-08-02 00:01:00+00:00,2023-07-31 00:01:00+00:00,1918.6344691243771,1832.958737918235,-2.842170943040401e-14
98,1907490.0,1907861.0,-1.0,2.5100000000000002,1766.8700000000001,1681.6000000000001,1784.06,1680.92,4.4348437,4.220816000000001,-0.3118098469856583,214.02769999999998,205.68385014698563,10779.187270363764,10984.871120510748,0.4114265378980041,147.82812333333334,147.82812333333337,2.0,0.0,0.0,249.0,2023-08-17 15:30:00+00:00,2023-08-17 21:41:00+00:00,2023-08-17 21:42:00+00:00,6.183333333333334,False,target,5.000000000000053,4.7670597458215465,2023-08-17 00:01:00+00:00,2023-08-14 00:01:00+00:00,1843.5875210477072,1771.9706976383,2.842170943040401e-14
99,1914960.0,1915215.0,-1.0,2.604,1623.55,1641.3700000000001,1640.71,1537.74,4.2277242,4.27412748,0.08762628947520001,-46.40328000000043,-54.992757969475626,10984.871120510748,10929.878362541274,0.38486789272439176,140.92414,141.9222966000002,1.0,0.0,0.0,250.0,2023-08-22 20:00:00+00:00,2023-08-23 00:15:00+00:00,2023-08-23 00:16:00+00:00,4.25,True,stop,5.000582750582724,-1.2306859352447588,2023-08-22 00:01:00+00:00,2023-08-21 00:01:00+00:00,1706.2989316833277,1627.4991873125455,0.9981566000002147
100,1929240.0,1929281.0,-1.0,3.266,1604.8500000000001,1618.3500000000001,1617.7,1540.6000000000001,5.241440100000001,5.2855311,0.0,-44.091,-54.6179712,10929.878362541274,10875.260391341273,0.4795515490788434,174.71467,174.71467,1.0,0.0,0.0,251.0,2023-09-01 18:00:00+00:00,2023-09-01 18:41:00+00:00,2023-09-01 18:42:00+00:00,0.6833333333333333,False,stop,5.0000000000000355,-1.3014163424124605,2023-09-01 00:01:00+00:00,2023-08-28 00:01:00+00:00,1681.2673144659989,1609.3811035512886,0.0
101,1943445.0,1944208.0,-1.0,2.066,1568.6200000000001,1591.77,1591.13,1456.07,3.24076892,3.28859682,0.18011774064029534,-47.827899999999715,-54.53738348064002,10875.260391341273,10820.723007860634,0.2979946045779514,108.02563066666667,121.04334515999997,1.0,0.0,0.0,253.0,2023-09-11 14:45:00+00:00,2023-09-12 03:28:00+00:00,2023-09-12 03:29:00+00:00,12.716666666666667,True,stop,5.00000000000001,-1.172704214511525,2023-09-11 00:01:00+00:00,2023-09-11 00:01:00+00:00,1653.1534930451928,1579.4821905240112,13.017714493333301
102,1953480.0,1953488.0,1.0,5.3,1656.82,1649.92,1650.5900000000001,1687.97,8.781146,8.744576,0.0,-36.569999999999276,-54.09572199999928,10820.723007860634,10766.627285860635,0.811511947364423,292.70486666666665,292.70486666666665,1.0,0.0,0.0,254.0,2023-09-18 14:00:00+00:00,2023-09-18 14:08:00+00:00,2023-09-18 14:09:00+00:00,0.13333333333333333,False,stop,5.000000000000182,-1.6383210272873525,2023-09-18 00:01:00+00:00,2023-09-18 00:01:00+00:00,1655.4753704459006,1587.7289958040876,0.0
103,1953570.0,1953591.0,1.0,5.813,1658.58,1653.0900000000001,1653.76,1682.68,9.64132554,9.60941217,0.0,-31.91336999999873,-51.16410770999873,10766.627285860635,10715.463178150636,0.8954824276922405,321.377518,321.37751799999995,1.0,0.0,0.0,257.0,2023-09-18 15:30:00+00:00,2023-09-18 15:51:00+00:00,2023-09-18 15:52:00+00:00,0.35,False,stop,5.000000000000094,-1.826072614107863,2023-09-18 00:01:00+00:00,2023-09-18 00:01:00+00:00,1655.4753704459006,1587.7289958040876,-5.684341886080802e-14
104,1957755.0,1958486.0,-1.0,4.176,1585.18,1594.82,1594.18,1540.18,6.619711680000001,6.65996832,-0.10599030257185835,-40.25663999999947,-53.43032969742761,10715.463178150636,10662.03284845321,0.6177718657554554,220.657056,220.657056,1.0,0.0,0.0,259.0,2023-09-21 13:15:00+00:00,2023-09-22 01:26:00+00:00,2023-09-22 01:27:00+00:00,12.183333333333334,True,stop,5.0,-1.421624353379832,2023-09-21 00:01:00+00:00,2023-09-18 00:01:00+00:00,1655.6448975518279,1587.7119178585624,0.0
105,1966395.0,1966428.0,1.0,4.9110000000000005,1626.8400000000001,1619.24,1619.89,1661.6000000000001,7.989411240000002,7.952087640000001,0.0,-37.323600000000674,-53.26509888000068,10662.03284845321,10608.76774957321,0.7493328292605159,266.313708,266.313708,1.0,0.0,0.0,261.0,2023-09-27 13:15:00+00:00,2023-09-27 13:48:00+00:00,2023-09-27 13:49:00+00:00,0.55,False,stop,5.001438848920829,-1.5605870503597217,2023-09-27 00:01:00+00:00,2023-09-25 00:01:00+00:00,1625.7796821071195,1561.4009723175354,0.0
106,1967925.0,1972245.0,1.0,2.225,1644.32,1679.99,1624.41,1743.8700000000001,3.658612,3.73797775,0.20528872844427087,79.36575000000016,71.76387152155588,10608.76774957321,10680.531621094764,0.34486682019664217,121.95373333333333,128.44782599999968,3.0,1.0,0.0,262.0,2023-09-28 14:45:00+00:00,2023-10-01 14:45:00+00:00,2023-10-01 14:45:00+00:00,72.0,True,max_hold,5.000000000000045,1.6199610950751733,2023-09-28 00:01:00+00:00,2023-09-25 00:01:00+00:00,1628.2718193601463,1568.011128615738,6.494092666666347
107,1978125.0,1978658.0,-1.0,3.2960000000000003,1610.03,1622.99,1622.3400000000001,1548.47,5.30665888,5.349375040000001,-0.5310284480000002,-42.71616000000012,-52.84116547200012,10680.531621094764,10627.690455622766,0.49685344028372086,176.88862933333334,176.88862933333334,1.0,0.0,0.0,263.0,2023-10-05 16:45:00+00:00,2023-10-06 01:38:00+00:00,2023-10-06 01:39:00+00:00,8.883333333333333,True,stop,5.000812347684734,-1.3023482534524622,2023-10-05 00:01:00+00:00,2023-10-02 00:01:00+00:00,1679.2533944594302,1612.516038783956,0.0
108,1988220.0,1988706.0,-1.0,2.388,1527.55,1546.72,1546.1000000000001,1434.79,3.6477893999999997,3.6935673600000003,-0.13561503263027885,-45.77796000000017,-52.9837017273699,10627.690455622766,10574.706753895396,0.3432344416909577,121.59297999999998,128.19655620000043,1.0,0.0,0.0,264.0,2023-10-12 17:00:00+00:00,2023-10-13 01:06:00+00:00,2023-10-13 01:07:00+00:00,8.1,True,stop,5.000539083557902,-1.1960905544652594,2023-10-12 00:01:00+00:00,2023-10-09 00:01:00+00:00,1598.3927184723932,1532.045958934022,6.603576200000447
109,1994175.0,1994226.0,1.0,4.413,1592.07,1583.27,1583.91,1632.8700000000001,7.02580491,6.98697051,0.0,-38.8343999999998,-52.8471754199998,10574.706753895396,10521.859578475396,0.6643971387113794,234.193497,234.193497,1.0,0.0,0.0,268.0,2023-10-16 20:15:00+00:00,2023-10-16 21:06:00+00:00,2023-10-16 21:07:00+00:00,0.85,False,stop,5.000000000000111,-1.4675661764706087,2023-10-16 00:01:00+00:00,2023-10-16 00:01:00+00:00,1589.4188560839184,1522.7990459190794,0.0
110,1994295.0,1994647.0,1.0,4.212,1591.66,1582.3500000000001,1582.99,1635.02,6.7040719200000005,6.6648582,0.1317723922008,-39.21371999999977,-52.71442251220057,10521.859578475396,10469.145155963197,0.6371565662893414,223.469064,223.469064,1.0,0.0,0.0,269.0,2023-10-16 22:15:00+00:00,2023-10-17 04:07:00+00:00,2023-10-17 04:08:00+00:00,5.866666666666666,True,stop,5.001153402537432,-1.4435173002767983,2023-10-16 00:01:00+00:00,2023-10-16 00:01:00+00:00,1589.4188560839184,1522.7990459190794,0.0
111,2004240.0,2004420.0,1.0,2.448,1708.54,1794.27,1691.25,1794.99,4.18250592,4.392372959999999,0.0,209.86704000000003,201.29216112000003,10469.145155963197,10670.437317083197,0.3995078736316552,139.41686399999998,139.416864,2.0,0.0,0.0,270.0,2023-10-23 20:00:00+00:00,2023-10-23 23:00:00+00:00,2023-10-23 23:01:00+00:00,3.0,False,target,5.000000000000013,4.755765760555245,2023-10-23 00:01:00+00:00,2023-10-23 00:01:00+00:00,1704.9159892270811,1616.890725488225,2.842170943040401e-14
112,2004645.0,2005410.0,1.0,0.876,1834.1000000000001,1776.82,1777.54,2116.91,1.6066716,1.55649432,0.15851083369842,-50.177280000000174,-53.49895675369859,10670.437317083197,10616.938360329497,0.15057223544415982,53.55572,86.50000680000016,1.0,0.0,0.0,272.0,2023-10-24 02:45:00+00:00,2023-10-24 15:30:00+00:00,2023-10-24 15:31:00+00:00,12.75,False,stop,5.000176803394605,-1.079771365634636,2023-10-24 00:01:00+00:00,2023-10-23 00:01:00+00:00,1814.5604410081257,1714.4246162296108,32.944286800000164
113,2007885.0,2007999.0,1.0,2.848,1844.72,1829.76,1830.5,1915.82,5.25376256,5.21115648,0.0,-42.6060800000001,-53.070999040000096,10616.938360329497,10563.867361289498,0.49484723200718944,175.12541866666666,175.12541866666666,1.0,0.0,0.0,278.0,2023-10-26 08:45:00+00:00,2023-10-26 10:39:00+00:00,2023-10-26 10:40:00+00:00,1.9,False,stop,4.999999999999984,-1.3104416315049225,2023-10-26 00:01:00+00:00,2023-10-23 00:01:00+00:00,1837.9754965658071,1733.0017606005592,0.0
114,2035890.0,2036853.0,-1.0,1.187,1970.71,2011.22,2010.41,1772.2,2.33923277,2.3873181400000005,-0.470527428559232,-48.08536999999999,-52.34139348144076,10563.867361289498,10511.525967808057,0.22143715838121403,77.97442566666668,100.92625371000005,1.0,0.0,0.0,281.0,2023-11-14 19:30:00+00:00,2023-11-15 11:33:00+00:00,2023-11-15 11:34:00+00:00,16.05,True,stop,5.0002518891687595,-1.1107186264600488,2023-11-14 00:01:00+00:00,2023-11-13 00:01:00+00:00,2129.7393883175937,1979.9191176801442,22.95182804333338
115,2038755.0,2043075.0,-1.0,1.703,1967.3500000000001,1976.5900000000001,1993.43,1836.95,3.3503970500000007,3.36613277,-2.99630719789856,-15.735720000000017,-19.455942622101457,10511.525967808057,10492.070025185953,0.31873555373983925,111.67990166666668,121.47337214999988,3.0,1.0,0.0,284.0,2023-11-16 19:15:00+00:00,2023-11-19 19:15:00+00:00,2023-11-19 19:15:00+00:00,72.0,True,max_hold,5.000000000000018,-0.4380564121349709,2023-11-16 00:01:00+00:00,2023-11-13 00:01:00+00:00,2136.5596207049553,1981.8309025291994,9.793470483333195
116,2046210.0,2046339.0,-1.0,2.541,1947.13,1963.8600000000001,1963.07,1867.43,4.94765733,4.990168260000001,-0.49131210725450697,-42.510930000000045,-51.95744348274554,10492.070025185953,10440.112581703208,0.47156160015357046,164.921911,164.92191100000002,1.0,0.0,0.0,285.0,2023-11-21 23:30:00+00:00,2023-11-22 01:39:00+00:00,2023-11-22 01:40:00+00:00,2.15,True,stop,5.000000000000057,-1.2827877139318218,2023-11-21 00:01:00+00:00,2023-11-20 00:01:00+00:00,2090.9129112092232,1951.690753464746,2.842170943040401e-14
117,2054655.0,2054733.0,-1.0,1.922,1992.2,2015.3400000000001,2014.53,1880.55,3.8290084,3.8734834800000004,0.0,-44.47508000000019,-52.17757188000019,10440.112581703208,10387.935009823208,0.3667593016870832,127.63361333333334,130.98545319999982,1.0,0.0,0.0,286.0,2023-11-27 20:15:00+00:00,2023-11-27 21:33:00+00:00,2023-11-27 21:34:00+00:00,1.3,False,stop,5.00000000000002,-1.2157429467084722,2023-11-27 00:01:00+00:00,2023-11-27 00:01:00+00:00,2127.2898591490384,1997.0349473259555,3.351839866666481
118,2061840.0,2066160.0,1.0,1.301,2159.96,2272.85,2125.19,2333.81,2.81010796,2.95697785,2.578040601498322,146.86988999999983,138.52476358850151,10387.935009823208,10526.459773411709,0.2705165133727406,93.67026533333333,109.86825307999997,3.0,1.0,0.0,287.0,2023-12-02 20:00:00+00:00,2023-12-05 20:00:00+00:00,2023-12-05 20:00:00+00:00,72.0,True,max_hold,5.0,3.0622837543939583,2023-12-02 00:01:00+00:00,2023-11-27 00:01:00+00:00,2150.9315751580198,2024.2712549437445,16.19798774666664
119,2080380.0,2080534.0,-1.0,2.942,2237.6,2251.0,2250.09,2175.14,6.5830192,6.622442,0.0,-39.42280000000027,-52.628261200000274,10526.459773411709,10473.83151221171,0.6253782697795264,219.4339733333333,219.4339733333333,1.0,0.0,0.0,288.0,2023-12-15 17:00:00+00:00,2023-12-15 19:34:00+00:00,2023-12-15 19:35:00+00:00,2.566666666666667,False,stop,5.000800640512318,-1.4322337870296038,2023-12-15 00:01:00+00:00,2023-12-11 00:01:00+00:00,2398.718477833034,2239.6229659502483,0.0
120,2080740.0,2080980.0,-1.0,2.177,2231.06,2250.62,2249.7200000000003,2137.75,4.85701762,4.899599739999999,-0.48360460017684503,-42.58211999999988,-51.855132759823036,10473.83151221171,10421.976379451886,0.46372882878028715,161.90058733333333,161.90058733333333,1.0,0.0,0.0,290.0,2023-12-15 23:00:00+00:00,2023-12-16 03:00:00+00:00,2023-12-16 03:01:00+00:00,4.0,True,stop,5.000535905680515,-1.276502536254799,2023-12-15 00:01:00+00:00,2023-12-11 00:01:00+00:00,2398.718477833034,2239.6229659502483,0.0
121,2087475.0,2087574.0,1.0,1.543,2262.4,2233.13,2234.03,2404.25,3.4908832,3.4457195900000004,0.8033485137426017,-45.16360999999997,-52.90356130374257,10421.976379451886,10369.072818148145,0.3349540502589004,116.36277333333332,124.06522359999981,1.0,0.0,0.0,291.0,2023-12-20 15:15:00+00:00,2023-12-20 16:54:00+00:00,2023-12-20 16:55:00+00:00,1.65,False,stop,5.000000000000016,-1.2085361524156824,2023-12-20 00:01:00+00:00,2023-12-18 00:01:00+00:00,2258.6705930986122,2102.6450266263228,7.702450266666489
122,2090415.0,2090445.0,1.0,2.709,2327.14,2312.65,2313.58,2394.94,6.3042222599999995,6.264968850000001,0.0,-39.25340999999941,-51.82260110999941,10369.072818148145,10317.250217038145,0.6079832180333647,210.140742,210.140742,1.0,0.0,0.0,292.0,2023-12-22 16:15:00+00:00,2023-12-22 16:45:00+00:00,2023-12-22 16:46:00+00:00,0.5,False,stop,5.000000000000034,-1.4107514749262433,2023-12-22 00:01:00+00:00,2023-12-18 00:01:00+00:00,2324.922044933868,2163.664898774436,0.0
123,2115075.0,2115392.0,1.0,1.5170000000000001,2343.5,2314.17,2315.1,2485.51,3.5550895000000007,3.5105958900000007,0.35362090804251906,-44.49360999999989,-51.91291629804241,10317.250217038145,10265.337300740102,0.34457722990269674,118.50298333333335,124.84985850000014,1.0,0.0,0.0,294.0,2024-01-08 19:15:00+00:00,2024-01-09 00:32:00+00:00,2024-01-09 00:33:00+00:00,5.283333333333333,True,stop,5.000352112676048,-1.2049568806586908,2024-01-08 00:01:00+00:00,2024-01-08 00:01:00+00:00,2323.7606087801764,2123.2419209195696,6.346875166666791
124,2117760.0,2117806.0,1.0,1.272,2451.0,2415.53,2416.5,2623.5,3.117672,3.07255416,0.31168498399125605,-45.117839999999745,-51.619751143991,10265.337300740102,10213.717549596111,0.3037086759706595,103.9224,115.59045599999999,1.0,0.0,0.0,295.0,2024-01-10 16:00:00+00:00,2024-01-10 16:46:00+00:00,2024-01-10 16:47:00+00:00,0.7666666666666667,False,stop,5.0,-1.1762772569499362,2024-01-10 00:01:00+00:00,2024-01-08 00:01:00+00:00,2445.2189432993564,2247.605783207287,11.668055999999993
125,2117970.0,2118012.0,1.0,0.969,2463.38,2415.57,2416.54,2697.59,2.3870152200000003,2.34068733,0.0,-46.32788999999995,-51.05559254999995,10213.717549596111,10162.661957046112,0.23370679758952134,79.56717400000001,100.28931006000013,1.0,0.0,0.0,296.0,2024-01-10 19:30:00+00:00,2024-01-10 20:12:00+00:00,2024-01-10 20:13:00+00:00,0.7,False,stop,5.000213492741232,-1.124870836891541,2024-01-10 00:01:00+00:00,2024-01-08 00:01:00+00:00,2445.2189432993564,2247.605783207287,20.722136060000125
126,2134770.0,2134870.0,-1.0,3.165,2383.15,2394.42,2393.46,2331.6,7.54266975,7.5783393000000006,0.0,-35.669549999999944,-50.79055904999995,10162.661957046112,10111.87139799611,0.7421942973091235,251.422325,251.422325,1.0,0.0,0.0,299.0,2024-01-22 11:30:00+00:00,2024-01-22 13:10:00+00:00,2024-01-22 13:11:00+00:00,1.6666666666666667,False,stop,5.000000000000044,-1.556505334626583,2024-01-22 00:01:00+00:00,2024-01-22 00:01:00+00:00,2527.5888695587264,2384.892089796693,0.0
127,2134935.0,2136069.0,-1.0,1.954,2378.42,2278.7400000000002,2398.54,2277.82,4.64743268,4.452657960000001,-1.371096775477628,194.7747199999997,187.0457261354773,10111.87139799611,10298.917124131587,0.45960164019896366,154.91442266666667,154.9144226666667,2.0,0.0,0.0,302.0,2024-01-22 14:15:00+00:00,2024-01-23 09:09:00+00:00,2024-01-23 09:10:00+00:00,18.9,True,target,5.000000000000022,4.757680277991171,2024-01-22 00:01:00+00:00,2024-01-22 00:01:00+00:00,2527.5888695587264,2384.892089796693,2.842170943040401e-14
128,2136945.0,2137010.0,-1.0,2.817,2237.31,2251.1,2250.19,2172.9,6.30250227,6.3413487,-0.631549661005359,-38.8464299999999,-50.858731308994535,10298.917124131587,10248.058392822593,0.6119577615817966,210.083409,210.08340900000002,1.0,0.0,0.0,305.0,2024-01-23 23:45:00+00:00,2024-01-24 00:50:00+00:00,2024-01-24 00:51:00+00:00,1.0833333333333333,True,stop,5.000776397515474,-1.4017249780336032,2024-01-23 00:01:00+00:00,2024-01-22 00:01:00+00:00,2382.27833803521,2244.03698711371,2.842170943040401e-14
129,2160930.0,2162093.0,1.0,2.07,2491.19,2471.41,2472.4,2585.14,5.1567633,5.115818699999999,1.4159628305907388,-40.94460000000041,-52.63314483059115,10248.058392822593,10195.425247992003,0.5031941761389288,171.89210999999997,171.89210999999997,1.0,0.0,0.0,306.0,2024-02-09 15:30:00+00:00,2024-02-10 10:53:00+00:00,2024-02-10 10:54:00+00:00,19.383333333333333,True,stop,5.0,-1.3532006394240759,2024-02-09 00:01:00+00:00,2024-02-05 00:01:00+00:00,2488.0157491682303,2347.9679672876346,0.0
130,2168130.0,2172393.0,1.0,1.4020000000000001,2757.03,2726.17,2727.27,2905.84,3.8653560600000008,3.822090340000001,4.049655651608255,-43.26572000000018,-55.00282205160844,10195.425247992003,10140.422425940393,0.3791265166464033,128.84520200000003,130.62670938000034,1.0,0.0,0.0,311.0,2024-02-14 15:30:00+00:00,2024-02-17 14:33:00+00:00,2024-02-17 14:34:00+00:00,71.05,True,stop,5.000336021505338,-1.3182689775840588,2024-02-14 00:01:00+00:00,2024-02-12 00:01:00+00:00,2732.0346080455647,2551.777267274493,1.7815073800003063
131,2197200.0,2197730.0,-1.0,0.212,3376.17,3608.1,3606.65,2223.77,0.7157480399999999,0.7649172,-0.1551036847888231,-49.16915999999996,-50.49472155521114,10140.422425940393,10089.927704385182,0.07058365124603018,23.858268,65.32396492,1.0,0.0,0.0,313.0,2024-03-05 20:00:00+00:00,2024-03-06 04:50:00+00:00,2024-03-06 04:51:00+00:00,8.833333333333334,True,stop,5.0,-1.0334200314358537,2024-03-05 00:01:00+00:00,2024-03-04 00:01:00+00:00,3831.024813050052,3467.7636769018445,41.46569692
132,2197875.0,2198347.0,1.0,0.961,3781.5,3736.55,3738.05,3998.75,3.6340215,3.5908245500000002,1.3970915838012,-43.19694999999982,-51.818887633801026,10089.927704385182,10038.10881675138,0.360163284264229,121.13404999999999,125.33794449999982,1.0,0.0,0.0,314.0,2024-03-06 07:15:00+00:00,2024-03-06 15:07:00+00:00,2024-03-06 15:08:00+00:00,7.866666666666666,False,stop,5.000000000000021,-1.2410089613164568,2024-03-06 00:01:00+00:00,2024-03-04 00:01:00+00:00,3756.886983826947,3394.01976791875,4.203894499999834
133,2210610.0,2211536.0,-1.0,0.394,3668.98,3788.66,3787.14,3078.1800000000003,1.4455781200000002,1.4927320400000001,-0.8309846068212023,-47.153919999999935,-49.26124555317873,10038.10881675138,9988.847571198203,0.14400901070006836,48.185937333333335,79.80333675999995,1.0,0.0,0.0,316.0,2024-03-15 03:30:00+00:00,2024-03-15 18:56:00+00:00,2024-03-15 18:57:00+00:00,15.433333333333334,False,stop,5.0000000000000036,-1.0581291639568733,2024-03-15 00:01:00+00:00,2024-03-11 00:01:00+00:00,4093.2031299008063,3718.9145150402674,31.617399426666616
134,2211600.0,2215920.0,-1.0,0.383,3688.52,3483.4900000000002,3809.78,3082.21,1.41270316,1.3341766700000002,-2.841262836047015,78.52648999999991,78.6208730060469,9988.847571198203,10067.46844420425,0.141428042617587,47.090105333333334,78.93475268000009,3.0,1.0,0.0,324.0,2024-03-15 20:00:00+00:00,2024-03-18 20:00:00+00:00,2024-03-18 20:00:00+00:00,72.0,True,max_hold,5.000082467425358,1.692861873867618,2024-03-15 00:01:00+00:00,2024-03-11 00:01:00+00:00,4093.2031299008063,3718.9145150402674,31.844647346666754
135,2221470.0,2222359.0,-1.0,0.891,3323.67,3373.46,3372.11,3081.4700000000003,2.9613899700000004,3.0057528600000003,-0.3138273689652719,-44.36288999999997,-50.0162054610347,10067.46844420425,10017.452238743217,0.29415438314135917,98.71299900000001,111.27200931000006,1.0,0.0,0.0,327.0,2024-03-22 16:30:00+00:00,2024-03-23 07:19:00+00:00,2024-03-23 07:20:00+00:00,14.816666666666666,True,stop,4.99999999999999,-1.1588544742088895,2024-03-22 00:01:00+00:00,2024-03-18 00:01:00+00:00,3697.582196676098,3334.310109731016,12.559010310000048
136,2235840.0,2236152.0,-1.0,0.737,3444.65,3505.66,3504.25,3146.65,2.53870705,2.58367142,0.0,-44.964369999999825,-50.086748469999826,10017.452238743217,9967.365490273218,0.2534284156785263,84.62356833333334,102.31546214999992,1.0,0.0,0.0,330.0,2024-04-01 16:00:00+00:00,2024-04-01 21:12:00+00:00,2024-04-01 21:13:00+00:00,5.2,False,stop,5.000000000000008,-1.1402736577181185,2024-04-01 00:01:00+00:00,2024-04-01 00:01:00+00:00,3866.8801055537665,3477.549676775008,17.69189381666658
137,2236935.0,2238606.0,-1.0,1.219,3330.9500000000003,3365.13,3363.78,3166.8,4.0604280500000005,4.102093470000001,-1.3025872631810167,-41.665419999999806,-48.52535425681879,9967.365490273218,9918.840136016399,0.40737224434705654,135.3476016666667,135.3476016666667,1.0,0.0,0.0,331.0,2024-04-02 10:15:00+00:00,2024-04-03 14:06:00+00:00,2024-04-03 14:07:00+00:00,27.85,True,stop,5.000000000000014,-1.2125345612135925,2024-04-02 00:01:00+00:00,2024-04-01 00:01:00+00:00,3709.22248531698,3345.1861303965597,0.0
138,2278560.0,2278810.0,-1.0,0.853,2867.33,2919.66,2918.4900000000002,2611.52,2.44583249,2.49046998,0.0,-44.637489999999936,-49.57379246999994,9918.840136016399,9869.266343546398,0.24658452565627237,81.52774966666667,99.89362727000025,1.0,0.0,0.0,332.0,2024-05-01 08:00:00+00:00,2024-05-01 12:10:00+00:00,2024-05-01 12:11:00+00:00,4.166666666666667,False,stop,5.000195465207161,-1.135984949179038,2024-05-01 00:01:00+00:00,2024-04-29 00:01:00+00:00,3166.5609099612243,2880.0212787501996,18.365877603333587
139,2292030.0,2293398.0,-1.0,1.766,2917.69,2939.76,2938.58,2813.2400000000002,5.15264054,5.191616160000001,-0.734374964058,-38.97562000000029,-48.585501735942294,9869.266343546398,9820.680841810457,0.5220895212103945,171.7546846666667,171.75468466666666,1.0,0.0,0.0,334.0,2024-05-10 16:30:00+00:00,2024-05-11 15:18:00+00:00,2024-05-11 15:19:00+00:00,22.8,True,stop,5.000000000000022,-1.3169750663954205,2024-05-10 00:01:00+00:00,2024-05-06 00:01:00+00:00,3163.6510689752567,2919.97065791096,-2.842170943040401e-14
140,2301975.0,2305533.0,1.0,1.8920000000000001,3065.9500000000003,3046.12,3047.34,3159.01,5.800777400000001,5.76325904,3.0704211569303705,-37.518360000000726,-52.1528175969311,9820.680841810457,9768.528024213525,0.590669577133984,193.3592466666667,193.35924666666668,1.0,0.0,0.0,337.0,2024-05-17 14:15:00+00:00,2024-05-20 01:33:00+00:00,2024-05-20 01:34:00+00:00,59.3,True,stop,5.000537345513128,-1.4811882946417319,2024-05-17 00:01:00+00:00,2024-05-13 00:01:00+00:00,3064.4922839211954,2831.8983181424983,-2.842170943040401e-14
141,2337615.0,2339162.0,-1.0,0.928,3507.38,3552.9,3551.4700000000003,3286.92,3.25484864,3.2970912000000006,-0.9719171177211842,-42.24255999999998,-47.8225827222788,9768.528024213525,9720.705441491247,0.33319745123647243,108.49495466666667,115.77703872000014,1.0,0.0,0.0,339.0,2024-06-11 08:15:00+00:00,2024-06-12 10:02:00+00:00,2024-06-12 10:03:00+00:00,25.783333333333335,True,stop,5.000226808800166,-1.1688127811226312,2024-06-11 00:01:00+00:00,2024-06-10 00:01:00+00:00,3828.352631389218,3530.1381708182744,7.282084053333463
142,2356890.0,2356908.0,-1.0,1.175,3266.34,3301.11,3299.79,3099.09,3.8379495,3.8788042500000004,0.0,-40.85474999999998,-48.571503749999984,9720.705441491247,9672.133937741246,0.3948221168824166,127.93165,127.93165,1.0,0.0,0.0,344.0,2024-06-24 17:30:00+00:00,2024-06-24 17:48:00+00:00,2024-06-24 17:49:00+00:00,0.3,False,stop,5.0000000000000275,-1.2357982062780333,2024-06-24 00:01:00+00:00,2024-06-24 00:01:00+00:00,3569.9310798246865,3275.443498120994,0.0
143,2369490.0,2369636.0,-1.0,1.447,3293.27,3320.05,3318.7200000000003,3166.01,4.765361690000001,4.8041123500000005,0.0,-38.750660000000295,-48.3201340400003,9672.133937741246,9623.813803701245,0.49268979531034757,158.84538966666668,158.84538966666668,1.0,0.0,0.0,345.0,2024-07-03 11:30:00+00:00,2024-07-03 13:56:00+00:00,2024-07-03 13:57:00+00:00,2.433333333333333,False,stop,5.000392927308385,-1.3121147347740607,2024-07-03 00:01:00+00:00,2024-07-01 00:01:00+00:00,3544.0946700694285,3299.955357828654,0.0
144,2370150.0,2370261.0,-1.0,0.305,3294.15,3311.85,3310.52,3212.3,1.00471575,1.01011425,-0.10049018000000001,-5.398499999999944,-7.312839819999944,9623.813803701245,9616.500963881246,0.10439891819328362,33.490525,33.490525,1.0,0.0,0.0,349.0,2024-07-03 22:30:00+00:00,2024-07-04 00:21:00+00:00,2024-07-04 00:22:00+00:00,1.85,True,stop,5.0000000000000275,-1.4646624312767242,2024-07-03 00:01:00+00:00,2024-07-01 00:01:00+00:00,3544.0946700694285,3299.955357828654,0.0
145,2371875.0,2376195.0,-1.0,0.264,2917.11,2877.87,3091.46,2045.3600000000001,0.7701170400000001,0.7597576800000001,-0.5036390776769826,10.359360000000063,9.333124357677045,9616.500963881246,9625.834088238926,0.08008287451875622,25.670568000000003,63.74109191999998,3.0,1.0,0.0,352.0,2024-07-05 03:15:00+00:00,2024-07-08 03:15:00+00:00,2024-07-08 03:15:00+00:00,72.0,True,max_hold,5.000000000000003,0.2027688200692844,2024-07-05 00:01:00+00:00,2024-07-01 00:01:00+00:00,3175.675747520222,2943.278647441686,38.07052391999998
146,2376600.0,2376655.0,1.0,2.182,3051.2400000000002,3035.28,3036.5,3124.9500000000003,6.657805680000001,6.62298096,0.0,-34.82472000000008,-48.10550664000008,9625.834088238926,9577.728581598925,0.6916601324070883,221.92685600000002,221.92685600000002,1.0,0.0,0.0,358.0,2024-07-08 10:00:00+00:00,2024-07-08 10:55:00+00:00,2024-07-08 10:56:00+00:00,0.9166666666666666,False,stop,5.000678426051483,-1.4956933514246733,2024-07-08 00:01:00+00:00,2024-07-08 00:01:00+00:00,3048.3537221626357,2812.7274368176413,0.0
147,2376720.0,2376823.0,1.0,1.293,3054.08,3023.14,3024.35,3202.73,3.9489254399999996,3.9089200199999996,0.0,-40.005420000000065,-47.86326546000006,9577.728581598925,9529.865316138925,0.41230291779063527,131.630848,131.630848,1.0,0.0,0.0,361.0,2024-07-08 12:00:00+00:00,2024-07-08 13:43:00+00:00,2024-07-08 13:44:00+00:00,1.7166666666666666,False,stop,5.0,-1.2451133535149688,2024-07-08 00:01:00+00:00,2024-07-08 00:01:00+00:00,3048.3537221626357,2812.7274368176413,0.0
148,2387010.0,2387440.0,1.0,1.7870000000000001,3373.4700000000003,3464.94,3354.9,3466.33,6.028390890000001,6.191847780000001,0.2821139327352919,163.45688999999965,150.95453739726437,9529.865316138925,9680.81985353619,0.632578813028014,200.94636300000002,200.94636300000005,2.0,0.0,0.0,365.0,2024-07-15 15:30:00+00:00,2024-07-15 22:40:00+00:00,2024-07-15 22:41:00+00:00,7.166666666666667,False,target,5.000538502961705,4.548934833826876,2024-07-15 00:01:00+00:00,2024-07-15 00:01:00+00:00,3368.40315382333,3118.667620849183,2.842170943040401e-14
149,2400345.0,2404665.0,-1.0,0.799,3328.4900000000002,3286.09,3380.96,3066.14,2.6594635100000006,2.6255859100000003,-0.9828254703418869,33.87760000000007,29.575376050341955,9680.81985353619,9710.395229586531,0.27471469877921106,88.64878366666669,103.09119072999985,3.0,1.0,0.0,368.0,2024-07-24 21:45:00+00:00,2024-07-27 21:45:00+00:00,2024-07-27 21:45:00+00:00,72.0,True,max_hold,5.000000000000026,0.7054600614581373,2024-07-24 00:01:00+00:00,2024-07-22 00:01:00+00:00,3627.1130006676535,3336.042561208581,14.442407063333164
150,2411550.0,2411751.0,-1.0,1.098,3096.66,3134.63,3133.37,2913.1,3.40013268,3.4418237400000002,0.0,-41.691060000000284,-48.53301642000028,9710.395229586531,9661.86221316653,0.3501538917427543,113.337756,118.51063164000004,1.0,0.0,0.0,373.0,2024-08-01 16:30:00+00:00,2024-08-01 19:51:00+00:00,2024-08-01 19:52:00+00:00,3.35,False,stop,5.000272405339138,-1.2040667393080962,2024-08-01 00:01:00+00:00,2024-07-29 00:01:00+00:00,3344.1691067262664,3118.0852505636117,5.1728756400000435
151,2420340.0,2420712.0,-1.0,1.059,2342.13,2382.9900000000002,2382.03,2142.62,2.48031567,2.52358641,0.10853507728109373,-43.27074000000013,-48.38317715728123,9661.86221316653,9613.47903600925,0.25671196869481266,82.677189,99.30136041000009,1.0,0.0,0.0,375.0,2024-08-07 19:00:00+00:00,2024-08-08 01:12:00+00:00,2024-08-08 01:13:00+00:00,6.2,True,stop,5.00025062656641,-1.1450528388317613,2024-08-07 00:01:00+00:00,2024-08-05 00:01:00+00:00,2574.711719063347,2343.36908687242,16.624171410000088
152,2427180.0,2427221.0,1.0,1.5010000000000001,2684.73,2658.07,2659.14,2812.69,4.0297797300000004,3.9897630700000004,0.0,-40.01665999999978,-48.036202799999785,9613.47903600925,9565.44283320925,0.4191801651520367,134.32599100000002,134.32599100000002,1.0,0.0,0.0,380.0,2024-08-12 13:00:00+00:00,2024-08-12 13:41:00+00:00,2024-08-12 13:42:00+00:00,0.6833333333333333,False,stop,5.000390777647492,-1.2505978898006906,2024-08-12 00:01:00+00:00,2024-08-12 00:01:00+00:00,2676.8549555303603,2431.688765003615,0.0
153,2427285.0,2431605.0,1.0,0.431,2690.29,2652.59,2585.84,3212.54,1.15951499,1.1432662900000001,0.19553211778480017,-16.24869999999992,-18.74701339778472,9565.44283320925,9546.695819811464,0.12121916467624502,38.65049966666666,71.68679476999992,3.0,1.0,0.0,381.0,2024-08-12 14:45:00+00:00,2024-08-15 14:45:00+00:00,2024-08-15 14:45:00+00:00,72.0,True,max_hold,5.000000000000009,-0.41643418675849864,2024-08-12 00:01:00+00:00,2024-08-12 00:01:00+00:00,2676.8549555303603,2431.688765003615,33.03629510333326
154,2443365.0,2447132.0,1.0,1.6340000000000001,2729.46,2705.7000000000003,2706.79,2842.82,4.459937640000001,4.421113800000001,0.4632563722942722,-38.82383999999961,-48.16814781229389,9546.695819811464,9498.527671999169,0.46717081220338685,148.664588,148.664588,1.0,0.0,0.0,385.0,2024-08-23 18:45:00+00:00,2024-08-26 09:32:00+00:00,2024-08-26 09:33:00+00:00,62.78333333333333,True,stop,5.000441111601225,-1.300338360465757,2024-08-23 00:01:00+00:00,2024-08-19 00:01:00+00:00,2726.459754063918,2515.8048038429397,0.0
155,2457330.0,2457371.0,1.0,2.229,2528.02,2511.76,2512.77,2604.27,5.63495658,5.598713040000001,0.0,-36.24353999999948,-47.47720961999948,9498.527671999169,9451.05046237917,0.5932452664860219,187.831886,187.831886,1.0,0.0,0.0,387.0,2024-09-02 11:30:00+00:00,2024-09-02 12:11:00+00:00,2024-09-02 12:12:00+00:00,0.6833333333333333,False,stop,5.0,-1.3967068852458864,2024-09-02 00:01:00+00:00,2024-09-02 00:01:00+00:00,2524.822241572029,2315.914323809,0.0
156,2479200.0,2479231.0,1.0,1.964,2383.64,2364.34,2365.29,2475.39,4.681468959999999,4.64356376,0.26816151776399993,-37.90519999999946,-47.498394237763456,9451.05046237917,9403.552068141405,0.49533847889555177,156.0489653333333,156.04896533333334,1.0,0.0,0.0,388.0,2024-09-17 16:00:00+00:00,2024-09-17 16:31:00+00:00,2024-09-17 16:32:00+00:00,0.5166666666666667,False,stop,5.000000000000025,-1.3179574087738333,2024-09-17 00:01:00+00:00,2024-09-16 00:01:00+00:00,2379.138667842815,2187.8655582329734,2.842170943040401e-14
157,2482185.0,2482595.0,1.0,1.937,2468.85,2449.5,2450.4900000000002,2560.65,4.7821624499999995,4.7446814999999996,0.4773833350000001,-37.48094999999982,-47.48517728499982,9403.552068141405,9356.066890856408,0.5085485160657153,159.405415,159.405415,1.0,0.0,0.0,389.0,2024-09-19 17:45:00+00:00,2024-09-20 00:35:00+00:00,2024-09-20 00:36:00+00:00,6.833333333333333,True,stop,5.0000000000000995,-1.335229030501108,2024-09-19 00:01:00+00:00,2024-09-16 00:01:00+00:00,2458.6925494988154,2266.7548864512382,0.0
158,2483520.0,2483651.0,1.0,1.111,2560.2200000000003,2523.21,2524.2200000000003,2740.2200000000003,2.8444044200000005,2.80328631,0.284323787,-41.11811000000024,-47.05012451700024,9356.066890856408,9309.016766339406,0.3040171103073033,94.81348066666668,105.41730165999999,1.0,0.0,0.0,392.0,2024-09-20 16:00:00+00:00,2024-09-20 18:11:00+00:00,2024-09-20 18:12:00+00:00,2.183333333333333,False,stop,5.0,-1.176370750000006,2024-09-20 00:01:00+00:00,2024-09-16 00:01:00+00:00,2556.9117496941208,2350.3772125396476,10.603820993333315
159,2487105.0,2488361.0,1.0,0.773,2680.61,2625.77,2626.83,2949.52,2.0721115300000004,2.02972021,0.35208453796448325,-42.391320000000114,-46.8452362779646,9309.016766339406,9262.171530061441,0.2225918786066188,69.07038433333334,89.23050519000016,1.0,0.0,0.0,395.0,2024-09-23 03:45:00+00:00,2024-09-24 00:41:00+00:00,2024-09-24 00:42:00+00:00,20.933333333333334,True,stop,5.000185942729618,-1.1268474908307005,2024-09-23 00:01:00+00:00,2024-09-23 00:01:00+00:00,2671.6833271158557,2461.9257630051893,20.160120856666822
160,2527155.0,2527369.0,1.0,1.6560000000000001,2750.7000000000003,2728.2200000000003,2729.32,2857.61,4.555159200000001,4.517932320000001,0.4549008665453041,-37.22688000000003,-46.75487238654533,9262.171530061441,9215.416657674898,0.4918025092944682,151.83864000000003,151.83864000000003,1.0,0.0,0.0,400.0,2024-10-20 23:15:00+00:00,2024-10-21 02:49:00+00:00,2024-10-21 02:50:00+00:00,3.566666666666667,True,stop,5.000467726847488,-1.3205621417637452,2024-10-20 00:01:00+00:00,2024-10-14 00:01:00+00:00,2744.3703541207055,2536.3962709290468,0.0
161,2531295.0,2531471.0,-1.0,2.549,2507.07,2520.11,2519.1,2446.92,6.390521430000001,6.423760390000001,0.0,-33.238959999999906,-46.053241819999904,9215.416657674898,9169.363415854898,0.6934598474912979,213.01738100000003,213.017381,1.0,0.0,0.0,402.0,2024-10-23 20:15:00+00:00,2024-10-23 23:11:00+00:00,2024-10-23 23:12:00+00:00,2.933333333333333,False,stop,5.000000000000114,-1.5018437240233038,2024-10-23 00:01:00+00:00,2024-10-21 00:01:00+00:00,2718.8507714545035,2510.6027376161273,-2.842170943040401e-14
162,2539860.0,2539889.0,1.0,1.375,2666.6,2638.57,2639.63,2801.4500000000003,3.666575,3.62803375,0.0,-38.54124999999965,-45.83585874999965,9169.363415854898,9123.527557104899,0.39987236122194314,122.21916666666667,122.21916666666667,1.0,0.0,0.0,404.0,2024-10-29 19:00:00+00:00,2024-10-29 19:29:00+00:00,2024-10-29 19:30:00+00:00,0.48333333333333334,False,stop,5.000000000000051,-1.2360092695587688,2024-10-29 00:01:00+00:00,2024-10-28 00:01:00+00:00,2661.869493908268,2456.246353840879,0.0
163,2551815.0,2552082.0,1.0,1.348,2827.64,2799.44,2800.57,2962.9900000000002,3.81165872,3.7736451200000003,0.0,-38.013599999999755,-45.59890383999975,9123.527557104899,9077.928653264898,0.4177834391514158,127.05529066666666,127.05529066666668,1.0,0.0,0.0,406.0,2024-11-07 02:15:00+00:00,2024-11-07 06:42:00+00:00,2024-11-07 06:43:00+00:00,4.45,False,stop,5.0000000000000675,-1.24961507203547,2024-11-07 00:01:00+00:00,2024-11-04 00:01:00+00:00,2824.2271216215,2612.5854266630195,1.4210854715202004e-14
164,2552175.0,2552189.0,1.0,1.737,2826.15,2805.66,2806.79,2922.96,4.90902255,4.87343142,0.0,-35.59113000000041,-45.37358397000042,9077.928653264898,9032.555069294898,0.5407646102433796,163.63408500000003,163.634085,1.0,0.0,0.0,408.0,2024-11-07 08:15:00+00:00,2024-11-07 08:29:00+00:00,2024-11-07 08:30:00+00:00,0.23333333333333334,False,stop,5.000516528925584,-1.349267045454549,2024-11-07 00:01:00+00:00,2024-11-04 00:01:00+00:00,2824.2271216215,2612.5854266630195,-2.842170943040401e-14
165,2555730.0,2558424.0,1.0,0.8240000000000001,3083.69,3319.4700000000003,3036.27,3320.8,2.5409605600000007,2.7352432800000006,2.9363309035411307,194.28272000000018,186.07018525645907,9032.555069294898,9218.625254551358,0.28131138315864745,84.69868533333334,97.51617288000007,2.0,0.0,0.0,409.0,2024-11-09 19:30:00+00:00,2024-11-11 16:24:00+00:00,2024-11-11 16:25:00+00:00,44.9,True,target,5.000210881484601,4.761985061617797,2024-11-09 00:01:00+00:00,2024-11-04 00:01:00+00:00,3073.5411972673796,2846.826170739065,12.817487546666726
166,2558655.0,2558777.0,1.0,1.01,3325.26,3286.25,3287.57,3513.7200000000003,3.3585126000000005,3.3191125,0.0,-39.40010000000022,-46.07772510000022,9218.625254551358,9172.547529451358,0.36431816103402814,111.95042000000002,115.31268980000006,1.0,0.0,0.0,413.0,2024-11-11 20:15:00+00:00,2024-11-11 22:17:00+00:00,2024-11-11 22:18:00+00:00,2.033333333333333,False,stop,5.000265322366669,-1.2104407004510522,2024-11-11 00:01:00+00:00,2024-11-11 00:01:00+00:00,3317.0967684490956,3050.897872026626,3.3622698000000355
167,2581350.0,2581742.0,1.0,1.216,3492.33,3637.62,3462.98,3639.08,4.24667328,4.42334592,0.6788353777221124,176.67263999999994,167.3237854222778,9172.547529451358,9339.871314873635,0.4629764268176006,141.555776,141.555776,2.0,0.0,0.0,416.0,2024-11-27 14:30:00+00:00,2024-11-27 21:02:00+00:00,2024-11-27 21:03:00+00:00,6.533333333333333,False,target,5.000000000000015,4.688306549310678,2024-11-27 00:01:00+00:00,2024-11-25 00:01:00+00:00,3485.9193540970145,3167.6541427967595,0.0
168,2611965.0,2616285.0,-1.0,0.363,3672.67,3362.7200000000003,3792.1,3075.52,1.33317921,1.2206673600000002,-0.9771629520786205,112.51184999999992,110.93516638207855,9339.871314873635,9450.806481255713,0.14274064010677834,44.439307,74.01621182999995,3.0,1.0,0.0,418.0,2024-12-18 20:45:00+00:00,2024-12-21 20:45:00+00:00,2024-12-21 20:45:00+00:00,72.0,True,max_hold,5.000000000000008,2.5588756506647785,2024-12-18 00:01:00+00:00,2024-12-16 00:01:00+00:00,4071.8547550725198,3699.4317421908045,29.576904829999947
169,2649450.0,2649463.0,-1.0,2.114,3101.07,3117.19,3115.94,3026.7200000000003,6.55566198,6.58973966,0.0,-34.077679999999766,-47.22308163999977,9450.806481255713,9403.583399615713,0.6936616460195426,218.522066,218.522066,1.0,0.0,0.0,428.0,2025-01-13 21:30:00+00:00,2025-01-13 21:43:00+00:00,2025-01-13 21:44:00+00:00,0.21666666666666667,False,stop,5.00000000000003,-1.502236718224617,2025-01-13 00:01:00+00:00,2025-01-13 00:01:00+00:00,3413.794748736118,3107.823642555977,0.0
170,2658720.0,2658896.0,1.0,0.989,3384.69,3343.9,3345.2400000000002,3581.94,3.34745841,3.3071171,0.334465857512171,-40.341309999999964,-47.33035136751214,9403.583399615713,9356.2530482482,0.3559768938867281,111.581947,116.00759342999982,1.0,0.0,0.0,429.0,2025-01-20 08:00:00+00:00,2025-01-20 10:56:00+00:00,2025-01-20 10:57:00+00:00,2.933333333333333,False,stop,5.000000000000023,-1.2130995159046687,2025-01-20 00:01:00+00:00,2025-01-20 00:01:00+00:00,3376.9829792098903,3033.266622855129,4.425646429999816
171,2668800.0,2669090.0,-1.0,1.556,3067.89,3091.79,3090.55,2954.58,4.77363684,4.81082524,0.0,-37.188400000000144,-46.772862080000145,9356.2530482482,9309.480186168199,0.5102081800677444,159.121228,159.121228,1.0,0.0,0.0,431.0,2025-01-27 08:00:00+00:00,2025-01-27 12:50:00+00:00,2025-01-27 12:51:00+00:00,4.833333333333333,False,stop,5.000441306266478,-1.3265525154457052,2025-01-27 00:01:00+00:00,2025-01-27 00:01:00+00:00,3372.521276786667,3080.582413540816,0.0
172,2678085.0,2678514.0,-1.0,0.611,2926.34,2582.33,2995.35,2581.29,1.78799374,1.57780363,-0.05672899662767602,210.19011000000012,206.8810416266278,9309.480186168199,9516.361227794827,0.1920616086230634,59.599791333333336,83.28896601999986,2.0,0.0,0.0,433.0,2025-02-02 18:45:00+00:00,2025-02-03 01:54:00+00:00,2025-02-03 01:55:00+00:00,7.15,True,target,5.0000000000000195,4.906450893324564,2025-02-02 00:01:00+00:00,2025-01-27 00:01:00+00:00,3250.344634141704,2970.9712648351865,23.689174686666526
173,2679360.0,2679411.0,-1.0,1.196,2697.67,2731.9900000000002,2730.89,2531.57,3.2264133200000003,3.26746004,0.8109429384991999,-41.04672000000019,-48.3515362984994,9516.361227794827,9468.009691496327,0.3390385508461451,107.54711066666667,113.93862635999974,1.0,0.0,0.0,437.0,2025-02-03 16:00:00+00:00,2025-02-03 16:51:00+00:00,2025-02-03 16:52:00+00:00,0.85,False,stop,5.0000000000000275,-1.2169688722215655,2025-02-03 00:01:00+00:00,2025-02-03 00:01:00+00:00,2995.3447618860414,2724.0647879280145,6.391515693333076
174,2679525.0,2679541.0,-1.0,1.819,2719.98,2740.53,2739.43,2622.73,4.94764362,4.985024070000001,0.0,-37.38045000000033,-47.31311769000033,9468.009691496327,9420.696573806326,0.5225642749862958,164.92145399999998,164.92145399999998,1.0,0.0,0.0,439.0,2025-02-03 18:45:00+00:00,2025-02-03 19:01:00+00:00,2025-02-03 19:02:00+00:00,0.26666666666666666,False,stop,5.000000000000047,-1.3373012853470656,2025-02-03 00:01:00+00:00,2025-02-03 00:01:00+00:00,2995.3447618860414,2724.0647879280145,0.0
175,2679645.0,2679712.0,-1.0,0.725,2709.4500000000003,2768.93,2767.82,2417.6,1.9643512500000002,2.00747425,0.0,-43.122999999999685,-47.094825499999686,9420.696573806326,9373.601748306326,0.2085144378242432,65.478375,87.49832874999993,1.0,0.0,0.0,440.0,2025-02-03 20:45:00+00:00,2025-02-03 21:52:00+00:00,2025-02-03 21:53:00+00:00,1.1166666666666667,False,stop,5.000000000000016,-1.1128727085831709,2025-02-03 00:01:00+00:00,2025-02-03 00:01:00+00:00,2995.3447618860414,2724.0647879280145,22.019953749999928
176,2680230.0,2680482.0,-1.0,0.975,2694.58,2737.21,2736.11,2486.92,2.6272154999999997,2.66877975,-0.02818765222933042,-41.56425000000011,-46.83205759777078,9373.601748306326,9326.769690708556,0.28027812259835977,87.57385,100.91770650000018,1.0,0.0,0.0,441.0,2025-02-04 06:30:00+00:00,2025-02-04 10:42:00+00:00,2025-02-04 10:43:00+00:00,4.2,False,stop,5.000240789790485,-1.1565827013594263,2025-02-04 00:01:00+00:00,2025-02-03 00:01:00+00:00,3012.3711772734605,2726.482192251803,13.343856500000186
177,2706795.0,2706892.0,1.0,2.04,2782.12,2764.82,2765.93,2863.07,5.675524800000001,5.640232800000001,0.0,-35.29199999999945,-46.607757599999445,9326.769690708556,9280.161933108555,0.6085198828972939,189.18416,189.18416,1.0,0.0,0.0,444.0,2025-02-22 17:15:00+00:00,2025-02-22 18:52:00+00:00,2025-02-22 18:53:00+00:00,1.6166666666666667,False,stop,5.0,-1.411176034589231,2025-02-22 00:01:00+00:00,2025-02-17 00:01:00+00:00,2775.638860762589,2533.711170721592,0.0
178,2709315.0,2709331.0,-1.0,2.265,2674.36,2689.4700000000003,2688.39,2604.21,6.057425400000001,6.091649550000001,0.0,-34.22415000000029,-46.37322495000029,9280.161933108555,9233.788708158554,0.6527284161269974,201.91418000000004,201.91418000000002,1.0,0.0,0.0,445.0,2025-02-24 11:15:00+00:00,2025-02-24 11:31:00+00:00,2025-02-24 11:32:00+00:00,0.26666666666666666,False,stop,5.000000000000097,-1.4592893799002493,2025-02-24 00:01:00+00:00,2025-02-24 00:01:00+00:00,2948.178150679709,2679.0939892872616,-2.842170943040401e-14
179,2709480.0,2710013.0,-1.0,1.311,2671.92,2529.19,2700.67,2528.17,3.50288712,3.31576809,-0.10738325311536642,187.11903,180.40775804311536,9233.788708158554,9414.196466201669,0.3793553470532641,116.76290399999999,118.25765376,2.0,0.0,0.0,446.0,2025-02-24 14:00:00+00:00,2025-02-24 22:53:00+00:00,2025-02-24 22:54:00+00:00,8.883333333333333,False,target,5.0,4.7864625886144765,2025-02-24 00:01:00+00:00,2025-02-24 00:01:00+00:00,2948.178150679709,2679.0939892872616,1.4947497600000048
180,2710560.0,2710809.0,-1.0,0.546,2365.88,2447.19,2446.21,1964.23,1.29177048,1.3361657400000002,0.0,-44.39525999999997,-47.02319621999997,9414.196466201669,9367.17326998167,0.13721516059683306,43.05901600000001,73.57090103999997,1.0,0.0,0.0,450.0,2025-02-25 08:00:00+00:00,2025-02-25 12:09:00+00:00,2025-02-25 12:10:00+00:00,4.15,False,stop,5.000000000000005,-1.0721158969251838,2025-02-25 00:01:00+00:00,2025-02-24 00:01:00+00:00,2622.100745812806,2390.4351877635036,30.51188503999996
181,2710995.0,2711085.0,-1.0,0.774,2372.94,2428.59,2427.61,2099.58,1.8366555600000003,1.8797286600000003,-0.05430497240367658,-43.073100000000075,-46.73517924759639,9367.17326998167,9320.438090734073,0.1960736186962403,61.221852000000005,84.55765788000005,1.0,0.0,0.0,455.0,2025-02-25 15:15:00+00:00,2025-02-25 16:45:00+00:00,2025-02-25 16:46:00+00:00,1.5,False,stop,5.000182915675869,-1.1044698836097706,2025-02-25 00:01:00+00:00,2025-02-24 00:01:00+00:00,2622.100745812806,2390.4351877635036,23.335805880000045
182,2714565.0,2715398.0,-1.0,0.514,2144.36,2230.6,2229.7000000000003,1717.65,1.1022010400000002,1.1465284,-0.027444269548575435,-44.32735999999989,-46.548645170451316,9320.438090734073,9273.889445563622,0.11825635547064627,36.74003466666667,69.21538392000008,1.0,0.0,0.0,457.0,2025-02-28 02:45:00+00:00,2025-02-28 16:38:00+00:00,2025-02-28 16:39:00+00:00,13.883333333333333,False,stop,5.000117178345434,-1.0611854520679296,2025-02-28 00:01:00+00:00,2025-02-24 00:01:00+00:00,2408.495267383959,2190.053499275771,32.475349253333405
183,2719215.0,2719615.0,-1.0,2.085,2378.55,2297.02,2395.04,2296.1,4.95927675,4.7892867,0.0,169.99005000000042,160.24148655000045,9273.889445563622,9434.130932113623,0.5347569408833511,165.309225,165.30922500000003,2.0,0.0,0.0,458.0,2025-03-03 08:15:00+00:00,2025-03-03 14:55:00+00:00,2025-03-03 14:56:00+00:00,6.666666666666667,False,target,5.000000000000083,4.660668890236582,2025-03-03 00:01:00+00:00,2025-03-03 00:01:00+00:00,2631.610113500807,2385.666888894561,2.842170943040401e-14
184,2742645.0,2742846.0,1.0,2.244,2028.18,2011.21,2012.02,2108.9900000000002,4.551235920000001,4.5131552400000015,0.30679025789280007,-38.080680000000065,-47.45186141789287,9434.130932113623,9386.679070695729,0.482422382384759,151.70786400000003,151.70786400000003,1.0,0.0,0.0,459.0,2025-03-19 14:45:00+00:00,2025-03-19 18:06:00+00:00,2025-03-19 18:07:00+00:00,3.35,False,stop,5.000618811881173,-1.3085461510643517,2025-03-19 00:01:00+00:00,2025-03-17 00:01:00+00:00,2020.676809302488,1824.0333166690598,0.0
185,2755485.0,2756196.0,-1.0,1.774,1888.6000000000001,1911.24,1910.47,1779.25,3.3503764,3.3905397600000002,0.024844858267699433,-40.16335999999978,-46.92912101826748,9386.679070695729,9339.749949677462,0.3569288323129678,111.67921333333334,115.8560371999998,1.0,0.0,0.0,463.0,2025-03-28 12:45:00+00:00,2025-03-29 00:36:00+00:00,2025-03-29 00:37:00+00:00,11.85,True,stop,5.000000000000031,-1.2095951071507334,2025-03-28 00:01:00+00:00,2025-03-24 00:01:00+00:00,2089.920067056501,1906.1107948806234,4.176823866666467
186,2761425.0,2762049.0,1.0,1.0030000000000001,1920.2,1877.45,1878.21,2130.15,1.9259606000000005,1.8830823500000005,0.13395827079400002,-42.87825000000001,-46.82125122079401,9339.749949677462,9292.928698456666,0.20621115237314372,64.19868666666667,86.41306380000002,1.0,0.0,0.0,464.0,2025-04-01 15:45:00+00:00,2025-04-02 02:09:00+00:00,2025-04-02 02:10:00+00:00,10.4,True,stop,5.0,-1.1117220194808288,2025-04-01 00:01:00+00:00,2025-03-31 00:01:00+00:00,1910.5287348849292,1721.8283137878398,22.214377133333343
187,2769540.0,2769951.0,-1.0,0.391,1429.91,1545.74,1545.1200000000001,853.85,0.55909481,0.6043843400000001,0.005507704786500001,-45.28952999999997,-46.458516854786474,9292.928698456666,9246.470181601879,0.060163467098682505,18.63649366666667,57.90629063000002,1.0,0.0,0.0,466.0,2025-04-07 07:00:00+00:00,2025-04-07 13:51:00+00:00,2025-04-07 13:52:00+00:00,6.85,False,stop,5.000086798021004,-1.0313317958640733,2025-04-07 00:01:00+00:00,2025-04-07 00:01:00+00:00,1669.4166482343687,1475.233873666155,39.26979696333335
188,2777595.0,2777757.0,1.0,3.872,1650.45,1641.81,1642.47,1690.3500000000001,6.3905424,6.35708832,0.0,-33.45408000000039,-46.20171072000039,9246.470181601879,9200.268470881878,0.6911331864472512,213.01808,213.01808,1.0,0.0,0.0,467.0,2025-04-12 21:15:00+00:00,2025-04-12 23:57:00+00:00,2025-04-12 23:58:00+00:00,2.7,False,stop,5.0,-1.4952706766917385,2025-04-12 00:01:00+00:00,2025-04-07 00:01:00+00:00,1648.8880570166082,1467.401577946783,0.0
189,2815785.0,2816077.0,1.0,0.792,2340.08,2286.68,2287.6,2602.48,1.8533433600000002,1.81105056,0.0,-42.29280000000007,-45.957193920000066,9200.268470881878,9154.311276961877,0.20144448674141252,61.778112,84.19105728000001,1.0,0.0,0.0,471.0,2025-05-09 09:45:00+00:00,2025-05-09 14:37:00+00:00,2025-05-09 14:38:00+00:00,4.866666666666666,False,stop,5.0,-1.1056928353658548,2025-05-09 00:01:00+00:00,2025-05-05 00:01:00+00:00,2310.695299261238,2084.2771778711385,22.41294528000001
190,2816205.0,2817955.0,1.0,0.913,2314.39,2536.4700000000003,2269.77,2537.4900000000002,2.11303807,2.3157971100000005,0.6288517605216,202.75904000000037,197.70135305947878,9154.311276961877,9352.012630021354,0.23082436308646836,70.43460233333333,89.3379356099999,2.0,0.0,0.0,473.0,2025-05-09 16:45:00+00:00,2025-05-10 21:55:00+00:00,2025-05-10 21:56:00+00:00,29.166666666666668,True,target,5.00000000000002,4.852988901766045,2025-05-09 00:01:00+00:00,2025-05-05 00:01:00+00:00,2310.695299261238,2084.2771778711385,18.903333276666572
191,2822100.0,2822938.0,1.0,0.665,2669.89,2604.86,2605.91,2989.79,1.77547685,1.7322319000000002,0.27433683422086846,-43.24494999999983,-47.0269955842207,9352.012630021354,9304.985634437135,0.18984970617987135,59.182561666666665,83.38266755000001,1.0,0.0,0.0,476.0,2025-05-13 19:00:00+00:00,2025-05-14 08:58:00+00:00,2025-05-14 08:59:00+00:00,13.966666666666667,True,stop,5.0,-1.1053030102033925,2025-05-13 00:01:00+00:00,2025-05-12 00:01:00+00:00,2628.3934628355805,2345.2545434217213,24.200105883333343
192,2855325.0,2858312.0,-1.0,0.361,2416.73,2540.44,2539.42,1803.27,0.87243953,0.91709884,-0.22591684701348297,-44.65931000000001,-46.222931522986535,9304.985634437135,9258.762702914148,0.09376043814309172,29.081317666666667,64.35719919000002,1.0,0.0,0.0,477.0,2025-06-05 20:45:00+00:00,2025-06-07 22:32:00+00:00,2025-06-07 22:33:00+00:00,49.78333333333333,True,stop,5.000081506235225,-1.043616933405489,2025-06-05 00:01:00+00:00,2025-06-02 00:01:00+00:00,2732.756868581332,2459.716814651722,35.275881523333354
193,2878545.0,2878549.0,-1.0,0.738,2237.86,2295.9900000000002,2295.07,1951.81,1.65154068,1.6944406200000002,0.0,-42.89994000000008,-46.245921300000084,9258.762702914148,9212.516781614147,0.17837595940116124,55.051356000000006,80.20641564000003,1.0,0.0,0.0,478.0,2025-06-21 23:45:00+00:00,2025-06-21 23:49:00+00:00,2025-06-21 23:50:00+00:00,0.06666666666666667,False,stop,5.0,-1.095330361824857,2025-06-21 00:01:00+00:00,2025-06-16 00:01:00+00:00,2526.835263947128,2255.8369406182264,25.155059640000026
194,2879790.0,2879814.0,-1.0,0.676,2128.34,2192.08,2191.2000000000003,1814.03,1.4387578400000003,1.48184608,0.0,-43.08823999999986,-46.008843919999855,9212.516781614147,9166.507937694147,0.15617424359773183,47.95859466666668,75.5847903200001,1.0,0.0,0.0,479.0,2025-06-22 20:30:00+00:00,2025-06-22 20:54:00+00:00,2025-06-22 20:55:00+00:00,0.4,False,stop,5.000159083678008,-1.0827301940820815,2025-06-22 00:01:00+00:00,2025-06-16 00:01:00+00:00,2418.3859412993374,2141.610890608966,27.62619565333342
195,2881335.0,2885655.0,1.0,0.554,2403.77,2410.62,2326.73,2788.9700000000003,1.33168858,1.3354834800000002,0.21488951113937732,3.79489999999995,0.9128384288605722,9166.507937694147,9167.420776123008,0.14527763342939828,44.389619333333336,73.30899733999999,3.0,1.0,0.0,480.0,2025-06-23 22:15:00+00:00,2025-06-26 22:15:00+00:00,2025-06-26 22:15:00+00:00,72.0,True,max_hold,5.000000000000006,0.02138788675723269,2025-06-23 00:01:00+00:00,2025-06-23 00:01:00+00:00,2339.592042854645,2081.9158566848296,28.919378006666655
196,2905785.0,2910105.0,1.0,0.296,2958.81,2957.88,2810.9700000000003,3698.01,0.8758077599999999,0.87553248,0.5914597995257806,-0.2752799999999515,-2.618080039525732,9167.420776123008,9164.802696083481,0.0955348054145266,29.193592,63.904218479999905,3.0,1.0,0.0,481.0,2025-07-10 21:45:00+00:00,2025-07-13 21:45:00+00:00,2025-07-13 21:45:00+00:00,72.0,True,max_hold,5.000000000000012,-0.05982727948050434,2025-07-10 00:01:00+00:00,2025-07-07 00:01:00+00:00,2898.5262938023097,2617.884816009486,34.7106264799999
197,2919870.0,2919940.0,1.0,1.0070000000000001,3792.52,3754.6,3756.11,3974.57,3.81906764,3.7808822000000006,0.0,-38.18544000000008,-45.78538984000008,9164.802696083481,9119.01730624348,0.41671029553446404,127.30225466666667,127.30225466666668,1.0,0.0,0.0,482.0,2025-07-20 16:30:00+00:00,2025-07-20 17:40:00+00:00,2025-07-20 17:41:00+00:00,1.1666666666666667,False,stop,5.000000000000025,-1.2487536391101415,2025-07-20 00:01:00+00:00,2025-07-14 00:01:00+00:00,3771.553960197886,3390.73001475994,1.4210854715202004e-14
198,2941620.0,2941681.0,1.0,2.032,3676.35,3661.26,3662.73,3744.4500000000003,7.4703432,7.439680320000001,0.0,-30.662879999999372,-45.57290351999937,9119.01730624348,9073.44440272348,0.8192048495055834,249.01144000000002,249.01144,1.0,0.0,0.0,483.0,2025-08-04 19:00:00+00:00,2025-08-04 20:01:00+00:00,2025-08-04 20:02:00+00:00,1.0166666666666666,False,stop,5.000000000000067,-1.6466674008810478,2025-08-04 00:01:00+00:00,2025-08-04 00:01:00+00:00,3672.9465103638354,3296.560966590745,-2.842170943040401e-14
199,2997990.0,2999022.0,1.0,0.518,4715.5,4637.400000000001,4639.26,5096.7,2.442629,2.4021732,0.48348475078053865,-40.45579999999972,-45.784086950780264,9073.44440272348,9027.6603157727,0.26920636657748426,81.42096666666666,95.67278699999987,1.0,0.0,0.0,486.0,2025-09-12 22:30:00+00:00,2025-09-13 15:42:00+00:00,2025-09-13 15:43:00+00:00,17.2,True,stop,5.0000000000000115,-1.159316215172479,2025-09-12 00:01:00+00:00,2025-09-08 00:01:00+00:00,4666.2609064377875,4245.5943646187825,14.251820333333214
200,3016185.0,3016215.0,-1.0,0.676,3955.7400000000002,4014.51,4012.9,3669.94,2.6740802400000003,2.7138087600000005,0.0,-39.72851999999999,-45.11640899999999,9027.6603157727,8982.5439067727,0.2962096652360716,89.136008,100.1440055199999,1.0,0.0,0.0,487.0,2025-09-25 13:45:00+00:00,2025-09-25 14:15:00+00:00,2025-09-25 14:16:00+00:00,0.5,False,stop,5.000000000000016,-1.1676040937718712,2025-09-25 00:01:00+00:00,2025-09-22 00:01:00+00:00,4341.175871060255,3973.8397476726077,11.00799751999989
201,3036060.0,3036283.0,-1.0,0.462,4324.52,4412.83,4411.06,3891.82,1.9979282400000002,2.03872746,0.0,-40.799219999999764,-44.83587569999976,8982.5439067727,8937.7080310727,0.2224234315730528,66.59760800000001,85.93382951999999,1.0,0.0,0.0,488.0,2025-10-09 09:00:00+00:00,2025-10-09 12:43:00+00:00,2025-10-09 12:44:00+00:00,3.716666666666667,False,stop,5.000000000000005,-1.1214161081580716,2025-10-09 00:01:00+00:00,2025-10-06 00:01:00+00:00,4728.7042574939815,4348.964453850381,19.33622151999998
202,3036450.0,3036867.0,-1.0,0.664,4312.82,4371.35,4369.6,4028.9100000000003,2.8637124800000002,2.9025764000000005,-0.16473270167534837,-38.863920000000434,-44.46547617832509,8937.7080310727,8893.242554894376,0.32040792449742833,95.45708266666666,103.56730704000043,1.0,0.0,0.0,490.0,2025-10-09 15:30:00+00:00,2025-10-09 22:27:00+00:00,2025-10-09 22:28:00+00:00,6.95,False,stop,5.000176118351464,-1.1793955368406854,2025-10-09 00:01:00+00:00,2025-10-06 00:01:00+00:00,4728.7042574939815,4348.964453850381,8.110224373333764
203,3061365.0,3063074.0,1.0,0.482,4153.89,4070.02,4071.65,4565.1,2.00217498,1.96174964,0.6383101581880001,-40.42534000000016,-45.02757477818816,8893.242554894376,8848.214980116187,0.22513441724336053,66.739166,85.68970454000011,1.0,0.0,0.0,492.0,2025-10-26 22:45:00+00:00,2025-10-28 03:14:00+00:00,2025-10-28 03:15:00+00:00,28.483333333333334,True,stop,5.000121595330725,-1.135921752602141,2025-10-26 00:01:00+00:00,2025-10-20 00:01:00+00:00,4150.313569089356,3783.148595566287,18.95053854000011
204,3071865.0,3073290.0,-1.0,0.9480000000000001,3733.38,3546.7000000000003,3771.0,3545.28,3.5392442400000004,3.3622716000000006,-0.370798305825625,176.97263999999987,170.44192246582548,8848.214980116187,9018.656902582012,0.39999528130288786,117.97480800000001,117.97480800000001,2.0,0.0,0.0,494.0,2025-11-03 05:45:00+00:00,2025-11-04 05:30:00+00:00,2025-11-04 05:31:00+00:00,23.75,True,target,5.000000000000012,4.779134966863449,2025-11-03 00:01:00+00:00,2025-11-03 00:01:00+00:00,4088.6695858507846,3740.9655616462737,0.0
205,3087360.0,3091680.0,-1.0,0.803,3228.83,3095.28,3277.1,2987.48,2.59275049,2.48550984,-1.5978898090668425,107.24064999999979,103.76027947906663,9018.656902582012,9122.417182061079,0.28748742944835876,86.42501633333333,98.39407126999998,3.0,1.0,0.0,495.0,2025-11-14 00:00:00+00:00,2025-11-17 00:00:00+00:00,2025-11-17 00:00:00+00:00,72.0,True,max_hold,5.0,2.676937852409861,2025-11-13 00:01:00+00:00,2025-11-10 00:01:00+00:00,3591.0959715584713,3253.7695934144303,11.969054936666652
206,3097035.0,3097346.0,-1.0,0.486,2816.75,2904.84,2903.67,2382.14,1.3689405,1.41175224,0.0,-42.81174000000007,-45.59243274000007,9122.417182061079,9076.824749321078,0.15006335192518652,45.63135,73.72875150000004,1.0,0.0,0.0,496.0,2025-11-20 17:15:00+00:00,2025-11-20 22:26:00+00:00,2025-11-20 22:27:00+00:00,5.183333333333334,False,stop,5.000115048320292,-1.0792865853658544,2025-11-20 00:01:00+00:00,2025-11-17 00:01:00+00:00,3191.402970216556,2864.7538579306815,28.097401500000046
207,3097410.0,3097894.0,-1.0,1.0150000000000001,2862.29,2674.55,2900.05,2673.48,2.9052243500000006,2.714668250000001,-0.09591430918553544,190.55609999999982,185.03212170918536,9076.824749321078,9261.856871030264,0.32007055663571155,96.84081166666668,105.14656005000025,2.0,0.0,0.0,497.0,2025-11-20 23:30:00+00:00,2025-11-21 07:34:00+00:00,2025-11-21 07:35:00+00:00,8.066666666666666,True,target,5.000264830508444,4.827798115898813,2025-11-20 00:01:00+00:00,2025-11-17 00:01:00+00:00,3191.402970216556,2864.7538579306815,8.305748383333565
208,3103095.0,3103214.0,1.0,1.241,2969.06,2937.68,2938.86,3120.06,3.6846034600000004,3.64566088,0.14727894627600002,-38.94258000000014,-46.420123286276144,9261.856871030264,9215.436747743986,0.3978255668714663,122.82011533333335,122.82011533333333,1.0,0.0,0.0,498.0,2025-11-24 22:15:00+00:00,2025-11-25 00:14:00+00:00,2025-11-25 00:15:00+00:00,1.9833333333333334,True,stop,5.00000000000003,-1.238589987947031,2025-11-24 00:01:00+00:00,2025-11-24 00:01:00+00:00,2962.1693321267962,2645.610021578042,-1.4210854715202004e-14
209,3112020.0,3114163.0,-1.0,1.033,2835.66,2874.53,2873.38,2647.05,2.9292367799999997,2.96938949,-0.5172291658613939,-40.152710000000354,-45.534107104138954,9215.436747743986,9169.902640639848,0.31786195925191507,97.64122599999999,106.33720594000026,1.0,0.0,0.0,499.0,2025-12-01 03:00:00+00:00,2025-12-02 14:43:00+00:00,2025-12-02 14:44:00+00:00,35.71666666666667,True,stop,5.000265111346724,-1.1685971401886897,2025-12-01 00:01:00+00:00,2025-12-01 00:01:00+00:00,3137.126571561817,2845.7624390015794,8.69597994000027
210,3115995.0,3117310.0,1.0,1.125,3149.6800000000003,3115.21,3116.46,3315.79,3.5433900000000005,3.50461125,0.9321775225544651,-38.77875000000029,-46.75892877255475,9169.902640639848,9123.143711867291,0.38641522586032095,118.11300000000001,118.8704700000003,1.0,0.0,0.0,501.0,2025-12-03 21:15:00+00:00,2025-12-04 19:10:00+00:00,2025-12-04 19:11:00+00:00,21.916666666666668,True,stop,5.000301023479783,-1.2511587068714802,2025-12-03 00:01:00+00:00,2025-12-01 00:01:00+00:00,3138.5172097767568,2853.372261725931,0.7574700000002821
211,3136170.0,3136228.0,-1.0,1.8880000000000001,2817.87,2836.37,2835.23,2731.06,5.32013856,5.35506656,0.0,-34.928000000000004,-45.60320512,9123.143711867291,9077.540506747291,0.5831475123075853,177.337952,177.337952,1.0,0.0,0.0,502.0,2025-12-17 21:30:00+00:00,2025-12-17 22:28:00+00:00,2025-12-17 22:29:00+00:00,0.9666666666666667,False,stop,5.0005760368663195,-1.3913732718893905,2025-12-17 00:01:00+00:00,2025-12-15 00:01:00+00:00,3099.4027403801356,2820.8036332975257,0.0
212,3158940.0,3159797.0,1.0,0.916,3131.94,3088.66,3089.9,3342.14,2.8688570400000004,2.82921256,0.1484251356588,-39.644480000000186,-45.49097473565899,9077.540506747291,9032.04953201163,0.3160390237716475,95.62856800000002,104.49235191999998,1.0,0.0,0.0,504.0,2026-01-02 17:00:00+00:00,2026-01-03 07:17:00+00:00,2026-01-03 07:18:00+00:00,14.283333333333333,True,stop,5.0,-1.1813186530518611,2026-01-02 00:01:00+00:00,2025-12-29 00:01:00+00:00,3121.759261577681,2883.9540840052305,8.86378391999996
213,3192210.0,3192545.0,-1.0,0.993,2817.56,2857.36,2856.21,2624.3,2.79783708,2.8373584800000002,0.38105445507671926,-39.52140000000018,-45.5376500150769,9032.04953201163,8986.511881996554,0.3097676856270364,93.261236,102.72970284000009,1.0,0.0,0.0,507.0,2026-01-25 19:30:00+00:00,2026-01-26 01:05:00+00:00,2026-01-26 01:06:00+00:00,5.583333333333333,True,stop,5.000258732212142,-1.1865112713985424,2026-01-25 00:01:00+00:00,2026-01-19 00:01:00+00:00,3058.5481393999344,2844.9124726772816,9.46846684000009
214,3193380.0,3197700.0,1.0,0.738,2922.56,2873.65,2868.69,3191.91,2.15684928,2.1207537000000003,1.2787694624873607,-36.09557999999989,-41.65195244248726,8986.511881996554,8944.859929554068,0.24000961756040184,71.894976,89.36359343999992,3.0,1.0,0.0,508.0,2026-01-26 15:00:00+00:00,2026-01-29 15:00:00+00:00,2026-01-29 15:00:00+00:00,72.0,True,max_hold,5.000000000000009,-1.0476881371666946,2026-01-26 00:01:00+00:00,2026-01-26 00:01:00+00:00,2918.49336960455,2710.343565827222,17.468617439999917
215,3198390.0,3198492.0,-1.0,0.926,2713.33,2756.14,2755.03,2504.82,2.51254358,2.5521856400000003,0.0,-39.64205999999995,-44.70678921999995,8944.859929554068,8900.153140334069,0.2808924454701058,83.75145266666667,96.40270234000025,1.0,0.0,0.0,511.0,2026-01-30 02:30:00+00:00,2026-01-30 04:12:00+00:00,2026-01-30 04:13:00+00:00,1.7,False,stop,5.000239808153439,-1.1577810551558663,2026-01-30 00:01:00+00:00,2026-01-26 00:01:00+00:00,2923.206309588795,2715.7874440005753,12.65124967333358
216,3199275.0,3199379.0,-1.0,1.0130000000000001,2709.83,2748.27,2747.17,2523.12,2.74505779,2.7839975100000003,0.0,-38.93972000000006,-44.468775300000054,8900.153140334069,8855.684365034069,0.3084281524954709,91.50192633333334,100.96174917000015,1.0,0.0,0.0,512.0,2026-01-30 17:15:00+00:00,2026-01-30 18:59:00+00:00,2026-01-30 19:00:00+00:00,1.7333333333333334,False,stop,5.0002678093197455,-1.1756320299946406,2026-01-30 00:01:00+00:00,2026-01-26 00:01:00+00:00,2923.206309588795,2715.7874440005753,9.459822836666802
217,3199470.0,3200803.0,-1.0,0.525,2680.33,2293.09,2757.96,2292.17,1.40717325,1.20387225,0.1918509918811524,203.3009999999999,200.49810350811876,8855.684365034069,9056.182468542187,0.15890056510551645,46.905775,73.12073475000007,2.0,0.0,0.0,513.0,2026-01-30 20:30:00+00:00,2026-01-31 18:43:00+00:00,2026-01-31 18:44:00+00:00,22.216666666666665,True,target,5.000128816179303,4.91950469585564,2026-01-30 00:01:00+00:00,2026-01-26 00:01:00+00:00,2923.206309588795,2715.7874440005753,26.21495975000007
218,3202035.0,3203500.0,-1.0,0.741,2335.63,2391.98,2391.02,2058.68,1.73070183,1.7724571800000002,0.5180868405222534,-41.75534999999993,-45.776595850522185,9056.182468542187,9010.405872691665,0.19110721719795457,57.690061,80.8501320899999,1.0,0.0,0.0,514.0,2026-02-01 15:15:00+00:00,2026-02-02 15:40:00+00:00,2026-02-02 15:41:00+00:00,24.416666666666668,True,stop,5.000000000000016,-1.1153056964130994,2026-02-01 00:01:00+00:00,2026-01-26 00:01:00+00:00,2550.5464639209604,2344.146674927157,23.160071089999903
219,3203595.0,3203621.0,1.0,1.258,2373.9900000000002,2342.91,2343.85,2524.7000000000003,2.98647942,2.94738078,0.0,-39.09864000000048,-45.032500200000484,9010.405872691665,8965.373372491664,0.33144782401548506,99.54931400000001,106.60514666000041,1.0,0.0,0.0,520.0,2026-02-02 17:15:00+00:00,2026-02-02 17:41:00+00:00,2026-02-02 17:42:00+00:00,0.43333333333333335,False,stop,5.000331785003265,-1.1876874585268744,2026-02-02 00:01:00+00:00,2026-02-02 00:01:00+00:00,2365.540950781796,2164.130844567717,7.055832660000405
220,3206490.0,3206555.0,-1.0,0.788,2106.86,2159.42,2158.55,1848.4,1.6602056800000002,1.7016229600000001,0.0,-41.417279999999955,-44.779108639999954,8965.373372491664,8920.594263851664,0.18517975894835426,55.34018933333334,78.91645064000005,1.0,0.0,0.0,521.0,2026-02-04 17:30:00+00:00,2026-02-04 18:35:00+00:00,2026-02-04 18:36:00+00:00,1.0833333333333333,False,stop,5.0001934610176,-1.0993669955503942,2026-02-04 00:01:00+00:00,2026-02-02 00:01:00+00:00,2334.0562175648274,2117.8194854526837,23.57626130666671
221,3222390.0,3223296.0,-1.0,1.75,1969.42,1990.93,1990.13,1865.8600000000001,3.446485,3.4841275,0.3870661998932269,-37.642499999999984,-44.96017869989321,8920.594263851664,8875.63408515177,0.3863515028327164,114.88283333333334,115.51165500000005,1.0,0.0,0.0,523.0,2026-02-15 18:30:00+00:00,2026-02-16 09:36:00+00:00,2026-02-16 09:37:00+00:00,15.1,True,stop,5.0004828585224415,-1.24053745464284,2026-02-15 00:01:00+00:00,2026-02-09 00:01:00+00:00,2174.973310963954,1978.3913237283596,0.6288216666667097
222,3233010.0,3233182.0,-1.0,1.964,1856.5,1875.3500000000001,1874.6000000000001,1765.99,3.6461660000000005,3.6831874000000004,0.0,-37.02140000000027,-44.35075340000027,8875.63408515177,8831.28333175177,0.410806255082073,121.53886666666668,121.53886666666666,1.0,0.0,0.0,524.0,2026-02-23 03:30:00+00:00,2026-02-23 06:22:00+00:00,2026-02-23 06:23:00+00:00,2.8666666666666667,False,stop,5.000552486187807,-1.2476160220994457,2026-02-23 00:01:00+00:00,2026-02-23 00:01:00+00:00,2039.9875709231992,1857.4200413106498,-1.4210854715202004e-14
223,3233940.0,3235750.0,-1.0,1.715,1855.88,1877.88,1877.1200000000001,1749.68,3.1828342000000003,3.2205642000000005,0.22820959719692993,-37.730000000000004,-44.361607997196934,8831.28333175177,8786.921723754573,0.36040449393764995,106.09447333333334,109.63178660000003,1.0,0.0,0.0,525.0,2026-02-23 19:00:00+00:00,2026-02-25 01:10:00+00:00,2026-02-25 01:11:00+00:00,30.166666666666668,True,stop,5.0,-1.217835537689406,2026-02-23 00:01:00+00:00,2026-02-23 00:01:00+00:00,2039.9875709231992,1857.4200413106498,3.537313266666686
224,3243825.0,3244840.0,1.0,0.449,2062.14,1968.53,1969.32,2526.2400000000002,0.9259008599999999,0.88386997,-0.04219660567678048,-42.03088999999996,-43.798464224323176,8786.921723754573,8743.12325953025,0.10537260819075225,30.863362,62.971899779999966,1.0,0.0,0.0,528.0,2026-03-02 15:45:00+00:00,2026-03-03 08:40:00+00:00,2026-03-03 08:41:00+00:00,16.916666666666668,True,stop,5.000000000000007,-1.0509231945999657,2026-03-02 00:01:00+00:00,2026-03-02 00:01:00+00:00,2023.5294162969114,1831.4336602902215,32.10853777999996
225,3246435.0,3246454.0,1.0,2.366,2075.06,2060.73,2061.56,2142.56,4.90959196,4.87568718,0.0,-33.90477999999983,-43.69005913999983,8743.12325953025,8699.43320039025,0.561537543766,163.65306533333333,163.65306533333333,1.0,0.0,0.0,529.0,2026-03-04 11:15:00+00:00,2026-03-04 11:34:00+00:00,2026-03-04 11:35:00+00:00,0.31666666666666665,False,stop,5.0,-1.3678362962962909,2026-03-04 00:01:00+00:00,2026-03-02 00:01:00+00:00,2070.789515964838,1870.5338832911539,0.0
226,3246660.0,3246912.0,1.0,1.748,2079.89,2178.51,2059.9900000000002,2179.39,3.63564772,3.8080354800000005,0.24852398886000002,172.3877600000006,164.6955528111406,8699.43320039025,8864.12875320139,0.41791776961249705,121.18825733333333,121.18825733333334,2.0,0.0,0.0,530.0,2026-03-04 15:00:00+00:00,2026-03-04 19:12:00+00:00,2026-03-04 19:13:00+00:00,4.2,False,target,5.0000000000000915,4.7346444123116616,2026-03-04 00:01:00+00:00,2026-03-02 00:01:00+00:00,2070.789515964838,1870.5338832911539,1.4210854715202004e-14
227,3254160.0,3254330.0,1.0,1.339,2033.48,2004.43,2005.24,2174.69,2.7228297200000005,2.68393177,0.0,-38.89794999999994,-44.30471148999994,8864.12875320139,8819.82404171139,0.3071739813139127,90.76099066666667,100.43844356,1.0,0.0,0.0,531.0,2026-03-09 20:00:00+00:00,2026-03-09 22:50:00+00:00,2026-03-09 22:51:00+00:00,2.8333333333333335,False,stop,5.000354107648725,-1.1716682011331425,2026-03-09 00:01:00+00:00,2026-03-09 00:01:00+00:00,2027.7760041475178,1822.5550692987817,9.677452893333324
228,3263790.0,3263910.0,1.0,1.07,2299.9500000000003,2263.34,2264.25,2478.46,2.4609465000000004,2.4217738000000004,0.0,-39.17270000000014,-44.05542030000014,8819.82404171139,8775.768621411391,0.27902444406617444,82.03155000000001,94.8007695000003,1.0,0.0,0.0,533.0,2026-03-16 12:30:00+00:00,2026-03-16 14:30:00+00:00,2026-03-16 14:31:00+00:00,2.0,False,stop,5.0002801120447735,-1.153313445378146,2026-03-16 00:01:00+00:00,2026-03-16 00:01:00+00:00,2278.5473413922787,2054.6963222979234,12.76921950000029
229,3264030.0,3264336.0,1.0,1.822,2282.9,2375.0,2264.29,2375.96,4.1594438,4.32725,0.0,167.80619999999985,159.31950619999986,8775.768621411391,8935.088127611392,0.4739691734638104,138.64812666666666,138.64812666666666,2.0,0.0,0.0,537.0,2026-03-16 16:30:00+00:00,2026-03-16 21:36:00+00:00,2026-03-16 21:37:00+00:00,5.1,False,target,5.000537345513128,4.698662009672183,2026-03-16 00:01:00+00:00,2026-03-16 00:01:00+00:00,2278.5473413922787,2054.6963222979234,0.0
230,3273945.0,3274073.0,1.0,1.1360000000000001,2168.94,2133.95,2134.81,2339.6,2.4639158400000003,2.4241672,0.0,-39.74864000000027,-44.63672304000027,8935.088127611392,8890.451404571391,0.27575730701367757,82.130528,95.44174432000014,1.0,0.0,0.0,539.0,2026-03-23 13:45:00+00:00,2026-03-23 15:53:00+00:00,2026-03-23 15:54:00+00:00,2.1333333333333333,False,stop,5.000292997363004,-1.151271315558163,2026-03-23 00:01:00+00:00,2026-03-23 00:01:00+00:00,2151.734183303248,1932.2464499754215,13.311216320000142
231,3274335.0,3274471.0,1.0,2.174,2159.68,2143.55,2144.41,2236.03,4.69514432,4.6600776999999995,0.0,-35.06661999999925,-44.42184201999925,8890.451404571391,8846.029562551392,0.5281109030735828,156.50481066666666,156.50481066666666,1.0,0.0,0.0,540.0,2026-03-23 20:15:00+00:00,2026-03-23 22:31:00+00:00,2026-03-23 22:32:00+00:00,2.2666666666666666,False,stop,5.00000000000003,-1.3381290111329194,2026-03-23 00:01:00+00:00,2026-03-23 00:01:00+00:00,2151.734183303248,1932.2464499754215,0.0
232,3283965.0,3284029.0,1.0,2.9410000000000003,2074.2400000000002,2063.35,2064.18,2124.55,6.100339840000002,6.06831235,0.0,-32.02749000000097,-44.19614219000097,8846.029562551392,8801.83342036139,0.6896133227753455,203.3446613333334,203.34466133333336,1.0,0.0,0.0,541.0,2026-03-30 12:45:00+00:00,2026-03-30 13:49:00+00:00,2026-03-30 13:50:00+00:00,1.0666666666666667,False,stop,5.000994035785084,-1.4937962226639891,2026-03-30 00:01:00+00:00,2026-03-30 00:01:00+00:00,2072.678997244184,1872.3711862698128,-2.842170943040401e-14
233,3310050.0,3310161.0,1.0,1.919,2444.13,2426.07,2427.05,2529.53,4.690285470000001,4.655628330000001,0.08519719756947951,-34.6571399999999,-44.088250997569375,8801.83342036139,8757.745169363821,0.5328759641315075,156.34284900000003,156.342849,1.0,0.0,0.0,543.0,2026-04-17 15:30:00+00:00,2026-04-17 17:21:00+00:00,2026-04-17 17:22:00+00:00,1.85,False,stop,5.000000000000027,-1.3451169006828534,2026-04-17 00:01:00+00:00,2026-04-13 00:01:00+00:00,2442.01424841408,2230.6485366207503,-2.842170943040401e-14
234,3376245.0,3378364.0,-1.0,0.932,1934.8,1724.19,1977.06,1723.5,1.8032336,1.6069450800000002,-0.5644680706316663,196.28851999999992,193.4428093906316,8757.745169363821,8951.187978754453,0.20590158369851155,60.10778666666667,80.86069279999998,2.0,0.0,0.0,546.0,2026-06-02 14:45:00+00:00,2026-06-04 02:04:00+00:00,2026-06-04 02:05:00+00:00,35.31666666666667,True,target,5.0,4.911421259732609,2026-06-02 00:01:00+00:00,2026-06-01 00:01:00+00:00,2060.3868659258355,1935.608324695366,20.752906133333312
235,3399480.0,3399562.0,-1.0,2.995,1677.91,1689.48,1688.8,1623.46,5.025340450000001,5.0599926,0.0,-34.65214999999981,-44.73748304999981,8951.187978754453,8906.450495704454,0.5614160334837779,167.51134833333336,167.51134833333336,1.0,0.0,0.0,549.0,2026-06-18 18:00:00+00:00,2026-06-18 19:22:00+00:00,2026-06-18 19:23:00+00:00,1.3666666666666667,False,stop,5.000000000000063,-1.3716611570248034,2026-06-18 00:01:00+00:00,2026-06-15 00:01:00+00:00,1804.0432514938373,1678.6599870971052,0.0
236,3406365.0,3406441.0,-1.0,3.87,1656.58,1664.76,1664.0900000000001,1619.02,6.410964600000001,6.4426212000000005,0.0,-31.656600000000246,-44.510185800000244,8906.450495704454,8861.940309904454,0.7198113999614081,213.69882,213.69882,1.0,0.0,0.0,550.0,2026-06-23 12:45:00+00:00,2026-06-23 14:01:00+00:00,2026-06-23 14:02:00+00:00,1.2666666666666666,False,stop,5.001331557922617,-1.5314700399467014,2026-06-23 00:01:00+00:00,2026-06-22 00:01:00+00:00,1780.4938498340593,1657.5172213206472,0.0
237,3406515.0,3407131.0,-1.0,1.915,1655.4,1675.19,1674.52,1559.8,3.170091,3.2079888500000004,-0.023685127868330588,-37.897849999999934,-44.2522447221316,8861.940309904454,8817.688065182323,0.3577197418557403,105.6697,109.52689299999979,1.0,0.0,0.0,552.0,2026-06-23 15:15:00+00:00,2026-06-24 01:31:00+00:00,2026-06-24 01:32:00+00:00,10.266666666666667,True,stop,5.0000000000000355,-1.2085890055969677,2026-06-23 00:01:00+00:00,2026-06-22 00:01:00+00:00,1780.4938498340593,1657.5172213206472,3.857192999999782
238,3415305.0,3415927.0,1.0,0.839,1630.77,1581.47,1582.1100000000001,1874.07,1.3682160300000001,1.32685333,0.06073764455371265,-41.36269999999996,-44.11850700455367,8817.688065182323,8773.56955817777,0.15516720708260953,45.607201,72.29470868999987,1.0,0.0,0.0,554.0,2026-06-29 17:45:00+00:00,2026-06-30 04:07:00+00:00,2026-06-30 04:08:00+00:00,10.366666666666667,True,stop,5.000000000000014,-1.080654190335651,2026-06-29 00:01:00+00:00,2026-06-29 00:01:00+00:00,1622.406872636709,1501.150762459278,26.687507689999862
239,3418110.0,3418135.0,1.0,2.867,1623.14,1611.08,1611.73,1680.2,4.65354238,4.61896636,0.0,-34.5760200000005,-43.848528740000496,8773.56955817777,8729.721029437771,0.5304046829676607,155.11807933333333,155.11807933333333,1.0,0.0,0.0,557.0,2026-07-01 16:30:00+00:00,2026-07-01 16:55:00+00:00,2026-07-01 16:56:00+00:00,0.4166666666666667,False,stop,5.000876424189267,-1.3404224364592516,2026-07-01 00:01:00+00:00,2026-06-29 00:01:00+00:00,1620.927831594007,1504.3493400451023,0.0
240,3418200.0,3418338.0,1.0,2.62,1622.76,1609.3400000000001,1609.99,1686.6100000000001,4.2516312,4.216470800000001,0.0,-35.1603999999996,-43.6285019999996,8729.721029437771,8686.092527437771,0.4870294463778325,141.72104,141.72104000000002,1.0,0.0,0.0,559.0,2026-07-01 18:00:00+00:00,2026-07-01 20:18:00+00:00,2026-07-01 20:19:00+00:00,2.3,False,stop,5.000000000000018,-1.3040015661707023,2026-07-01 00:01:00+00:00,2026-06-29 00:01:00+00:00,1620.927831594007,1504.3493400451023,2.842170943040401e-14
241,3468645.0,3468781.0,1.0,2.867,1921.21,1909.9,1910.67,1973.91,5.508109070000001,5.475683300000001,0.0,-32.425769999999844,-43.40956236999985,8686.092527437771,8642.682965067772,0.634129679438815,183.6036356666667,183.60363566666666,1.0,0.0,0.0,560.0,2026-08-05 18:45:00+00:00,2026-08-05 21:01:00+00:00,2026-08-05 21:02:00+00:00,2.2666666666666666,False,stop,5.000000000000021,-1.4365379506641365,2026-08-05 00:01:00+00:00,2026-08-03 00:01:00+00:00,1919.6391268361888,1801.3052765937139,-2.842170943040401e-14
242,3488595.0,3491086.0,1.0,0.497,2011.8700000000001,2421.51,1929.75,2422.48,0.99989939,1.2034904700000002,0.6653245523091931,203.59108000000006,200.7223655876909,8642.682965067772,8843.405330655465,0.11569317005395434,33.32997966666667,63.811325970000055,2.0,0.0,0.0,562.0,2026-08-19 15:15:00+00:00,2026-08-21 08:46:00+00:00,2026-08-21 08:47:00+00:00,41.516666666666666,True,target,5.000121773015091,4.918021661084152,2026-08-19 00:01:00+00:00,2026-08-17 00:01:00+00:00,1967.2620083482034,1852.794579465939,30.48134630333339
243,3491475.0,3493728.0,1.0,1.241,2402.9,2372.07,2373.02,2552.31,2.9819989000000007,2.9437388700000007,1.5107233541588172,-38.260029999999915,-45.69649112415873,8843.405330655465,8797.708839531308,0.33720029654899664,99.39996333333335,105.66705470000015,1.0,0.0,0.0,569.0,2026-08-21 15:15:00+00:00,2026-08-23 04:48:00+00:00,2026-08-23 04:49:00+00:00,37.55,True,stop,5.0003346720213955,-1.232339811142463,2026-08-21 00:01:00+00:00,2026-08-17 00:01:00+00:00,2396.5948340215064,2238.844629622953,6.267091366666804
