trade_id,entry_index,exit_index,side,quantity,entry_price,exit_price,entry_fee,exit_fee,funding_paid,gross_pnl,net_pnl,balance_after,reason_code,equity_before,entry_leverage,exit_epoch_upper_bound,signal_available_utc,entry_utc_simulated,exit_bar_open_utc,exit_utc_upper_bound,initial_stop,initial_target,forecast_expires_utc,planned_price_RR,realized_net_R,exit_reason,intrabar_precision
1,832325.0,832363.0,-1.0,215.0,1.1837,1.1749,0.12724775,0.12630175000000002,0.0,1.8919999999999826,1.6384504999999825,10001.638450499999,2.0,10000.0,0.025449549999999998,1630457040.0,2021-09-01 00:05:00+00:00,2021-09-01 00:05:00+00:00,2021-09-01 00:43:00+00:00,2021-09-01 00:44:00+00:00,1.6461585095436277,1.1746182582960065,2021-09-06 00:00:00+00:00,0.019637959982519666,0.016478667475532723,target,minute interval; not exact exchange fill
2,833765.0,835243.0,-1.0,176.0,1.2297,1.2212,0.10821360000000001,0.10746560000000001,-0.5629583156075648,1.4959999999999916,1.8432791156075563,10003.481729615605,2.0,10001.638450499999,0.021639174528367444,1630629840.0,2021-09-02 00:05:00+00:00,2021-09-02 00:05:00+00:00,2021-09-03 00:43:00+00:00,2021-09-03 00:44:00+00:00,1.7932174748132708,1.220891133775087,2021-09-07 00:00:00+00:00,0.015631930895899898,0.018585362941398016,target,minute interval; not exact exchange fill
3,836645.0,836715.0,-1.0,183.0,1.2932000000000001,1.2802,0.11832780000000001,0.1171383,0.0,2.3790000000000227,2.1435339000000226,10005.625263515605,2.0,10003.481729615605,0.023657323159732884,1630718160.0,2021-09-04 00:05:00+00:00,2021-09-04 00:05:00+00:00,2021-09-04 01:15:00+00:00,2021-09-04 01:16:00+00:00,1.8371571797667383,1.2799191033321011,2021-09-09 00:00:00+00:00,0.024415334812924367,0.021533496450994664,target,minute interval; not exact exchange fill
4,838085.0,841829.0,-1.0,302.0,1.2568000000000001,1.2347000000000001,0.18977680000000002,0.1864397,-1.5550497324898604,6.674200000000003,7.853033232489863,10013.478296748095,2.0,10005.625263515605,0.037934021113503004,1631025000.0,2021-09-05 00:05:00+00:00,2021-09-05 00:05:00+00:00,2021-09-07 14:29:00+00:00,2021-09-07 14:30:00+00:00,1.5853660824126936,1.234403712301043,2021-09-10 00:00:00+00:00,0.06816372382231,0.07914213514885528,target,minute interval; not exact exchange fill
5,843845.0,843937.0,-1.0,213.0,1.1089,1.0868,0.11809784999999999,0.11574419999999999,0.0,4.707300000000002,4.473457950000002,10017.951754698095,2.0,10013.478296748095,0.02358777769326221,1631151480.0,2021-09-09 00:05:00+00:00,2021-09-09 00:05:00+00:00,2021-09-09 01:37:00+00:00,2021-09-09 01:38:00+00:00,1.5751723904857007,1.0865008572866317,2021-09-14 00:00:00+00:00,0.04803874981753871,0.04504266267647277,target,minute interval; not exact exchange fill
6,845285.0,845793.0,-1.0,206.0,1.0941,1.0734000000000001,0.11269230000000001,0.11056020000000001,-0.022628231710000002,4.264199999999988,4.063575731709988,10022.015330429807,2.0,10017.951754698095,0.022498072013004248,1631262840.0,2021-09-10 00:05:00+00:00,2021-09-10 00:05:00+00:00,2021-09-10 08:33:00+00:00,2021-09-10 08:34:00+00:00,1.5771453004388611,1.0731261403878607,2021-09-15 00:00:00+00:00,0.0434200676273716,0.04083694793651484,target,minute interval; not exact exchange fill
7,846725.0,850050.0,-1.0,178.0,1.0546,1.0439,0.0938594,0.0929071,-0.116729565884,1.9045999999999879,1.834563065883988,10023.849893495692,2.0,10022.015330429807,0.018730643868606955,1631518260.0,2021-09-11 00:05:00+00:00,2021-09-11 00:05:00+00:00,2021-09-13 07:30:00+00:00,2021-09-13 07:31:00+00:00,1.6130453946640728,1.043622635521037,2021-09-16 00:00:00+00:00,0.019657006009632057,0.018455759822676526,target,minute interval; not exact exchange fill
8,851045.0,856088.0,-1.0,242.0,1.0632000000000001,1.0517,0.12864720000000002,0.1272557,-0.3058689364326002,2.783000000000016,2.832966036432616,10026.682859532124,2.0,10023.849893495692,0.02566822156494523,1631880540.0,2021-09-14 00:05:00+00:00,2021-09-14 00:05:00+00:00,2021-09-17 12:08:00+00:00,2021-09-17 12:09:00+00:00,1.4752939076914395,1.051455622005512,2021-09-19 00:00:00+00:00,0.028499275954552292,0.02840729019875134,target,minute interval; not exact exchange fill
9,856805.0,858948.0,-1.0,210.0,1.0631000000000002,1.0570000000000002,0.11162550000000002,0.11098500000000001,-0.09351656538,1.2809999999999988,1.1519060653799988,10027.834765597505,2.0,10026.682859532124,0.022265688775402,1632052140.0,2021-09-18 00:05:00+00:00,2021-09-18 00:05:00+00:00,2021-09-19 11:48:00+00:00,2021-09-19 11:49:00+00:00,1.5374645275224423,1.056765348259347,2021-09-23 00:00:00+00:00,0.013353974365955033,0.011563400422558972,target,minute interval; not exact exchange fill
10,859685.0,859692.0,-1.0,282.0,1.0438,1.0386,0.14717580000000002,0.1464426,0.0,1.4664000000000263,1.1727816000000262,10029.007547197505,2.0,10027.834765597505,0.029353455345099234,1632096780.0,2021-09-20 00:05:00+00:00,2021-09-20 00:05:00+00:00,2021-09-20 00:12:00+00:00,2021-09-20 00:13:00+00:00,1.3968923948866194,1.0383035744454348,2021-09-25 00:00:00+00:00,0.015566536221575243,0.011778220262533593,target,minute interval; not exact exchange fill
11,861125.0,861125.0,-1.0,300.0,0.9142,0.912,0.13713,0.1368,0.0,0.6599999999999939,0.3860699999999939,10029.393617197506,2.0,10029.007547197505,0.027346674006306727,1632182760.0,2021-09-21 00:05:00+00:00,2021-09-21 00:05:00+00:00,2021-09-21 00:05:00+00:00,2021-09-21 00:06:00+00:00,1.246302603541796,0.9117837792728185,2021-09-26 00:00:00+00:00,0.007275524796894341,0.003875007260634199,target,minute interval; not exact exchange fill
12,862565.0,869760.0,-1.0,366.0,0.8816,0.9436,0.16133280000000003,0.1726788,-0.5226732679080001,-22.69199999999998,-22.503338332091978,10006.890278865412,4.0,10029.393617197506,0.03217199486983161,1632700800.0,2021-09-22 00:05:00+00:00,2021-09-22 00:05:00+00:00,2021-09-27 00:00:00+00:00,2021-09-27 00:00:00+00:00,1.153991086693018,0.8659136307959875,2021-09-27 00:00:00+00:00,0.057587674378240354,-0.2257215230808649,timeout,minute interval; not exact exchange fill
13,871205.0,872060.0,-1.0,388.0,0.9212,0.913,0.17871280000000003,0.17712200000000003,-0.03596567552,3.181599999999994,2.861730875519994,10009.752009740934,2.0,10006.890278865412,0.03571794933685684,1632838860.0,2021-09-28 00:05:00+00:00,2021-09-28 00:05:00+00:00,2021-09-28 14:20:00+00:00,2021-09-28 14:21:00+00:00,1.177544419053743,0.9128002371355456,2021-10-03 00:00:00+00:00,0.03276748873824091,0.028772208371946967,target,minute interval; not exact exchange fill
14,872645.0,872653.0,-1.0,437.0,0.8955000000000001,0.888,0.19566675,0.194028,0.0,3.2775000000000274,2.8878052500000275,10012.639814990935,2.0,10009.752009740934,0.03909522429918104,1632874440.0,2021-09-29 00:05:00+00:00,2021-09-29 00:05:00+00:00,2021-09-29 00:13:00+00:00,2021-09-29 00:14:00+00:00,1.122809645526638,0.8877302003358095,2021-10-04 00:00:00+00:00,0.03418156605800535,0.029071577603712616,target,minute interval; not exact exchange fill
15,874085.0,881280.0,-1.0,344.0,0.9234,1.0438,0.15882480000000002,0.17953360000000002,-0.5245290971280001,-41.41760000000002,-41.231429302872016,9971.408385688062,4.0,10012.639814990935,0.03172486036343929,1633392000.0,2021-09-30 00:05:00+00:00,2021-09-30 00:05:00+00:00,2021-10-05 00:00:00+00:00,2021-10-05 00:00:00+00:00,1.21238692633003,0.9174312533277735,2021-10-05 00:00:00+00:00,0.02065403701138374,-0.4147551158633329,timeout,minute interval; not exact exchange fill
16,882725.0,882727.0,-1.0,342.0,1.0826,1.079,0.18512460000000003,0.18450899999999998,0.0,1.2312000000000163,0.8615664000000163,9972.269952088061,2.0,9971.408385688062,0.03713108376259243,1633478880.0,2021-10-06 00:05:00+00:00,2021-10-06 00:05:00+00:00,2021-10-06 00:07:00+00:00,2021-10-06 00:08:00+00:00,1.3723360889067704,1.0787031602414472,2021-10-11 00:00:00+00:00,0.0134496181447618,0.008694809160658828,target,minute interval; not exact exchange fill
17,884165.0,884174.0,-1.0,323.0,1.0756000000000001,1.0695000000000001,0.1737094,0.17272425000000002,0.0,1.9702999999999982,1.6238663499999983,9973.893818438062,2.0,9972.269952088061,0.034838487292179164,1633565700.0,2021-10-07 00:05:00+00:00,2021-10-07 00:05:00+00:00,2021-10-07 00:14:00+00:00,2021-10-07 00:15:00+00:00,1.381780120278909,1.0692821140989068,2021-10-12 00:00:00+00:00,0.020634539875868232,0.016419909938699923,target,minute interval; not exact exchange fill
18,885605.0,885794.0,-1.0,355.0,1.068,1.0608,0.18957000000000002,0.18829200000000001,0.0,2.556000000000034,2.178138000000034,9976.071956438062,2.0,9973.893818438062,0.03801323804942756,1633662900.0,2021-10-08 00:05:00+00:00,2021-10-08 00:05:00+00:00,2021-10-08 03:14:00+00:00,2021-10-08 03:15:00+00:00,1.346733140331786,1.0605666113309737,2021-10-13 00:00:00+00:00,0.026668478172986877,0.022012452457919694,target,minute interval; not exact exchange fill
19,887045.0,894240.0,-1.0,248.0,1.0595,1.1288,0.13137800000000002,0.13997120000000002,-1.0262752800658816,-17.186399999999978,-16.4314739199341,9959.640482518127,4.0,9976.071956438062,0.02633862317226274,1634169600.0,2021-10-09 00:05:00+00:00,2021-10-09 00:05:00+00:00,2021-10-14 00:00:00+00:00,2021-10-14 00:00:00+00:00,1.4598849237587102,1.0540919671651505,2021-10-14 00:00:00+00:00,0.013507084093178067,-0.1654806145135213,timeout,minute interval; not exact exchange fill
20,895685.0,895704.0,-1.0,547.0,1.1303,1.1254,0.30913705,0.3077969,0.0,2.680300000000069,2.0633660500000692,9961.703848568126,2.0,9959.640482518127,0.062077953625458565,1634257500.0,2021-10-15 00:05:00+00:00,2021-10-15 00:05:00+00:00,2021-10-15 00:24:00+00:00,2021-10-15 00:25:00+00:00,1.3104242947788003,1.125077572218058,2021-10-20 00:00:00+00:00,0.028993466918804597,0.020941927931667832,target,minute interval; not exact exchange fill
21,897125.0,897167.0,-1.0,403.0,1.1451,1.1381000000000001,0.23073765000000002,0.22932715000000004,0.0,2.820999999999958,2.360935199999958,9964.064783768126,2.0,9961.703848568126,0.04632493667901315,1634345280.0,2021-10-16 00:05:00+00:00,2021-10-16 00:05:00+00:00,2021-10-16 00:47:00+00:00,2021-10-16 00:48:00+00:00,1.3900847015473083,1.1378540245382407,2021-10-21 00:00:00+00:00,0.02957725693071517,0.023913329946721577,target,minute interval; not exact exchange fill
22,898565.0,898565.0,-1.0,592.0,1.1308,1.1246,0.33471680000000004,0.3328816,0.0,3.67039999999999,3.0028015999999904,9967.067585368126,2.0,9964.064783768126,0.06718478999559849,1634429160.0,2021-10-17 00:05:00+00:00,2021-10-17 00:05:00+00:00,2021-10-17 00:05:00+00:00,2021-10-17 00:06:00+00:00,1.2973030479482268,1.1242925482555144,2021-10-22 00:00:00+00:00,0.03908307880651586,0.030463706595792693,target,minute interval; not exact exchange fill
23,900005.0,900224.0,-1.0,489.0,1.0929,1.0888,0.26721405,0.2662116,0.0,2.0048999999999966,1.4714743499999967,9968.539059718127,2.0,9967.067585368126,0.053619391603660055,1634528700.0,2021-10-18 00:05:00+00:00,2021-10-18 00:05:00+00:00,2021-10-18 03:44:00+00:00,2021-10-18 03:45:00+00:00,1.2948867630249585,1.0885810774901008,2021-10-23 00:00:00+00:00,0.021382205671395964,0.014897758422061385,target,minute interval; not exact exchange fill
24,901445.0,902305.0,-1.0,635.0,1.0792000000000002,1.0776000000000001,0.34264600000000006,0.34213800000000005,-0.22803839076,1.016000000000029,0.559254390760029,9969.098314108887,2.0,9968.539059718127,0.06874547974328524,1634653560.0,2021-10-19 00:05:00+00:00,2021-10-19 00:05:00+00:00,2021-10-19 14:25:00+00:00,2021-10-19 14:26:00+00:00,1.2344469142596206,1.0773729247623318,2021-10-24 00:00:00+00:00,0.01176883448139208,0.005672998914021694,target,minute interval; not exact exchange fill
25,902885.0,902908.0,-1.0,588.0,1.0908,1.0889,0.3206952,0.3201366,0.0,1.1172000000000075,0.47636820000000746,9969.574682308887,2.0,9969.098314108887,0.06433785481804954,1634689740.0,2021-10-20 00:05:00+00:00,2021-10-20 00:05:00+00:00,2021-10-20 00:28:00+00:00,2021-10-20 00:29:00+00:00,1.2585030192639906,1.0885976819620504,2021-10-25 00:00:00+00:00,0.013132250376976093,0.004830861147017937,target,minute interval; not exact exchange fill
26,904325.0,904334.0,-1.0,629.0,1.1423,1.1414,0.35925335,0.3589703,0.0,0.5661000000000773,-0.15212364999992273,9969.422558658887,2.0,9969.574682308887,0.07206994509755743,1634775300.0,2021-10-21 00:05:00+00:00,2021-10-21 00:05:00+00:00,2021-10-21 00:14:00+00:00,2021-10-21 00:15:00+00:00,1.2988991688168592,1.1410798689860466,2021-10-26 00:00:00+00:00,0.007791427139567974,-0.0015443887846091821,target,minute interval; not exact exchange fill
27,905765.0,906602.0,-1.0,749.0,1.096,1.0814000000000001,0.41045200000000004,0.4049843000000001,-0.151268138814072,10.93539999999996,10.271231838814032,9979.6937904977,2.0,9969.422558658887,0.08234218132192705,1634911380.0,2021-10-22 00:05:00+00:00,2021-10-22 00:05:00+00:00,2021-10-22 14:02:00+00:00,2021-10-22 14:03:00+00:00,1.227297717613416,1.0811322639032774,2021-10-27 00:00:00+00:00,0.11323682061632016,0.10444401000407583,target,minute interval; not exact exchange fill
28,907205.0,907208.0,-1.0,630.0,1.087,1.0859,0.34240499999999996,0.34205850000000004,0.0,0.6929999999999237,0.008536499999923675,9979.702326997702,2.0,9979.6937904977,0.06862034190388196,1634947740.0,2021-10-23 00:05:00+00:00,2021-10-23 00:05:00+00:00,2021-10-23 00:08:00+00:00,2021-10-23 00:09:00+00:00,1.243634350260601,1.085615877619977,2021-10-28 00:00:00+00:00,0.008836646480929734,8.650720596941203e-05,target,minute interval; not exact exchange fill
29,908645.0,909051.0,-1.0,1147.0,1.0946,1.0852,0.6277531000000001,0.6223622,0.0,10.781800000000086,9.531684700000087,9989.234011697703,2.0,9979.702326997702,0.12580597685799985,1635058320.0,2021-10-24 00:05:00+00:00,2021-10-24 00:05:00+00:00,2021-10-24 06:51:00+00:00,2021-10-24 06:52:00+00:00,1.1798629363330884,1.0849310855242902,2021-10-29 00:00:00+00:00,0.11340114346915328,0.09746438906978085,target,minute interval; not exact exchange fill
30,910085.0,913440.0,-1.0,871.0,1.0802,1.0779,0.4704271,0.46942545,-4.237602306137591,2.0032999999999728,5.301049756137564,9994.535061453838,2.0,9989.234011697703,0.09418682142176572,1635321660.0,2021-10-25 00:05:00+00:00,2021-10-25 00:05:00+00:00,2021-10-27 08:00:00+00:00,2021-10-27 08:01:00+00:00,1.193155522647923,1.0776429395686824,2021-10-30 00:00:00+00:00,0.022637763708888207,0.053881075529175884,target,minute interval; not exact exchange fill
31,914405.0,914451.0,-1.0,789.0,0.999,0.9890000000000001,0.3941055,0.3901605,0.0,7.88999999999992,7.105733999999919,10001.640795453839,2.0,9994.535061453838,0.07886419879999343,1635382320.0,2021-10-28 00:05:00+00:00,2021-10-28 00:05:00+00:00,2021-10-28 00:51:00+00:00,2021-10-28 00:52:00+00:00,1.1240655939773194,0.988771496194932,2021-11-02 00:00:00+00:00,0.08178511355347615,0.07201021251002998,target,minute interval; not exact exchange fill
32,915845.0,923040.0,-1.0,739.0,1.0623,1.1364,0.39251985,0.41989980000000005,-4.502815498701573,-54.75990000000004,-51.06950415129847,9950.57129130254,4.0,10001.640795453839,0.07849109121743636,1635897600.0,2021-10-29 00:05:00+00:00,2021-10-29 00:05:00+00:00,2021-11-03 00:00:00+00:00,2021-11-03 00:00:00+00:00,1.1958680644524389,1.0479850400240478,2021-11-03 00:00:00+00:00,0.10717352261288117,-0.5173858775945422,timeout,minute interval; not exact exchange fill
33,924485.0,924522.0,-1.0,553.0,1.2136,1.2037,0.33556040000000004,0.33282305,0.0,5.474700000000011,4.806316550000011,9955.377607852539,2.0,9950.57129130254,0.06744545417071723,1635986580.0,2021-11-04 00:05:00+00:00,2021-11-04 00:05:00+00:00,2021-11-04 00:42:00+00:00,2021-11-04 00:43:00+00:00,1.3913930868541347,1.2034262479767401,2021-11-09 00:00:00+00:00,0.05722242750420687,0.04888463412039521,target,minute interval; not exact exchange fill
34,925925.0,925932.0,-1.0,641.0,1.1966,1.1936,0.3835103,0.38254879999999997,0.0,1.9230000000000729,1.156940900000073,9956.53454875254,2.0,9955.377607852539,0.07704585704463832,1636071180.0,2021-11-05 00:05:00+00:00,2021-11-05 00:05:00+00:00,2021-11-05 00:12:00+00:00,2021-11-05 00:13:00+00:00,1.3498876533021844,1.193271825380292,2021-11-10 00:00:00+00:00,0.021711954929253253,0.01177459476427639,target,minute interval; not exact exchange fill
35,927365.0,927807.0,-1.0,530.0,1.1565,1.151,0.30647250000000004,0.305015,0.0,2.915000000000032,2.303512500000032,9958.838061252538,2.0,9956.53454875254,0.061562082368990155,1636183680.0,2021-11-06 00:05:00+00:00,2021-11-06 00:05:00+00:00,2021-11-06 07:27:00+00:00,2021-11-06 07:28:00+00:00,1.3425163820783144,1.1507011265003224,2021-11-11 00:00:00+00:00,0.031173993574589047,0.023364877606157596,target,minute interval; not exact exchange fill
36,928805.0,930552.0,-1.0,636.0,1.1494,1.2881,0.3655092,0.40961580000000003,-0.73795723519428,-88.21320000000003,-88.25036776480574,9870.587693487732,1.0,9958.838061252538,0.07340398503357716,1636348380.0,2021-11-07 00:05:00+00:00,2021-11-07 00:05:00+00:00,2021-11-08 05:12:00+00:00,2021-11-08 05:13:00+00:00,1.2877727110992865,1.138567034927184,2021-11-12 00:00:00+00:00,0.07828830545238856,-1.002787607320975,stop,minute interval; not exact exchange fill
37,931685.0,931685.0,-1.0,437.0,1.278,1.2756,0.279243,0.27871860000000004,0.0,1.0487999999999815,0.49083839999998147,9871.078531887732,2.0,9870.587693487732,0.0565808255134058,1636416360.0,2021-11-09 00:05:00+00:00,2021-11-09 00:05:00+00:00,2021-11-09 00:05:00+00:00,2021-11-09 00:06:00+00:00,1.5018687260136137,1.2752958886494459,2021-11-14 00:00:00+00:00,0.01207900450726517,0.005017226032418905,target,minute interval; not exact exchange fill
38,933125.0,933156.0,-1.0,405.0,1.2601,1.2528000000000001,0.25517025000000004,0.25369200000000003,0.0,2.956499999999944,2.447637749999944,9873.526169637731,2.0,9871.078531887732,0.05170058148675302,1636504620.0,2021-11-10 00:05:00+00:00,2021-11-10 00:05:00+00:00,2021-11-10 00:36:00+00:00,2021-11-10 00:37:00+00:00,1.501819324953867,1.2524651679898469,2021-11-15 00:00:00+00:00,0.031585525946716396,0.025002345183420056,target,minute interval; not exact exchange fill
39,934565.0,934567.0,-1.0,511.0,1.1887,1.1823000000000001,0.30371285000000003,0.30207765000000003,0.0,3.27039999999998,2.6646094999999796,9876.19077913773,2.0,9873.526169637731,0.06152064516402523,1636589280.0,2021-11-11 00:05:00+00:00,2021-11-11 00:05:00+00:00,2021-11-11 00:07:00+00:00,2021-11-11 00:08:00+00:00,1.3798357274487838,1.182053899524521,2021-11-16 00:00:00+00:00,0.034771628330240216,0.02728166036565417,target,minute interval; not exact exchange fill
40,936005.0,936076.0,-1.0,602.0,1.2144000000000001,1.2069,0.3655344000000001,0.3632769,0.0,4.515000000000038,3.7861887000000376,9879.97696783773,2.0,9876.19077913773,0.07402335742078771,1636679820.0,2021-11-12 00:05:00+00:00,2021-11-12 00:05:00+00:00,2021-11-12 01:16:00+00:00,2021-11-12 01:17:00+00:00,1.3764305551969798,1.2066394421156292,2021-11-17 00:00:00+00:00,0.047895644589605,0.038815827004691404,target,minute interval; not exact exchange fill
41,937445.0,937557.0,-1.0,491.0,1.1939,1.1801000000000001,0.29310244999999996,0.28971455,0.0,6.775799999999908,6.1929829999999075,9886.169950837731,2.0,9879.97696783773,0.05933261807272138,1636768680.0,2021-11-13 00:05:00+00:00,2021-11-13 00:05:00+00:00,2021-11-13 01:57:00+00:00,2021-11-13 01:58:00+00:00,1.3930861304522153,1.179813186321516,2021-11-18 00:00:00+00:00,0.07072186023445738,0.0633226820128707,target,minute interval; not exact exchange fill
42,938885.0,939378.0,-1.0,434.0,1.1904000000000001,1.1755,0.2583168,0.2550835,-0.139269023712,6.466600000000058,6.092468723712058,9892.262419561443,2.0,9886.169950837731,0.0522582155242255,1636877940.0,2021-11-14 00:05:00+00:00,2021-11-14 00:05:00+00:00,2021-11-14 08:18:00+00:00,2021-11-14 08:19:00+00:00,1.4160108052104907,1.1751879922245831,2021-11-19 00:00:00+00:00,0.06742588308757848,0.06222195942655759,target,minute interval; not exact exchange fill
43,940325.0,941446.0,-1.0,685.0,1.1938,1.1806,0.4088765,0.40435550000000003,-0.47014325849598304,9.041999999999916,8.698911258495901,9900.961330819939,2.0,9892.262419561443,0.08266592264909342,1637002020.0,2021-11-15 00:05:00+00:00,2021-11-15 00:05:00+00:00,2021-11-15 18:46:00+00:00,2021-11-15 18:47:00+00:00,1.3363064894176806,1.1803470797070736,2021-11-20 00:00:00+00:00,0.09440215914305752,0.08911271742952719,target,minute interval; not exact exchange fill
44,944645.0,945194.0,-1.0,642.0,1.0919,1.0895000000000001,0.35049990000000003,0.3497295,-0.07109910084599999,1.5407999999999729,0.9116697008459729,9901.873000520784,2.0,9900.961330819939,0.07080118551901741,1637226900.0,2021-11-18 00:05:00+00:00,2021-11-18 00:05:00+00:00,2021-11-18 09:14:00+00:00,2021-11-18 09:15:00+00:00,1.244160473624858,1.0892731435945064,2021-11-23 00:00:00+00:00,0.017252385618908204,0.009326427464679337,target,minute interval; not exact exchange fill
45,947525.0,947842.0,-1.0,575.0,1.0909,1.0829,0.31363375000000004,0.31133375,0.0,4.600000000000004,3.9750325000000037,9905.848033020784,2.0,9901.873000520784,0.06334836853260077,1637385780.0,2021-11-20 00:05:00+00:00,2021-11-20 00:05:00+00:00,2021-11-20 05:22:00+00:00,2021-11-20 05:23:00+00:00,1.2611687582030162,1.0826430241949823,2021-11-25 00:00:00+00:00,0.04849378060990316,0.040601106585609344,target,minute interval; not exact exchange fill
46,948965.0,949101.0,-1.0,515.0,1.0959,1.0855000000000001,0.28219425000000004,0.27951625,0.0,5.355999999999982,4.794289499999982,9910.642322520784,2.0,9905.848033020784,0.056975283501082545,1637461320.0,2021-11-21 00:05:00+00:00,2021-11-21 00:05:00+00:00,2021-11-21 02:21:00+00:00,2021-11-21 02:22:00+00:00,1.286273862853675,1.0852198474159787,2021-11-26 00:00:00+00:00,0.05610093961391338,0.04890009510998512,target,minute interval; not exact exchange fill
47,951845.0,952343.0,-1.0,622.0,1.0377,1.0311000000000001,0.32272470000000003,0.32067210000000007,-0.06448896,4.105199999999963,3.5262921599999624,9914.168614680784,2.0,9910.642322520784,0.06512689884219626,1637655840.0,2021-11-23 00:05:00+00:00,2021-11-23 00:05:00+00:00,2021-11-23 08:23:00+00:00,2021-11-23 08:24:00+00:00,1.1952544225857547,1.0308194246105578,2021-11-28 00:00:00+00:00,0.043671102826055644,0.03598299499916756,target,minute interval; not exact exchange fill
48,953285.0,953352.0,-1.0,572.0,1.0707,1.0634000000000001,0.3062202,0.3041324,0.0,4.175599999999921,3.5652473999999215,9917.733862080784,2.0,9914.168614680784,0.06177425700558546,1637716380.0,2021-11-24 00:05:00+00:00,2021-11-24 00:05:00+00:00,2021-11-24 01:12:00+00:00,2021-11-24 01:13:00+00:00,1.242098565180598,1.063120557546883,2021-11-29 00:00:00+00:00,0.044221154623615325,0.03636524024242777,target,minute interval; not exact exchange fill
49,954725.0,954731.0,-1.0,692.0,1.0316,1.0270000000000001,0.3569336,0.35534200000000005,0.0,3.1831999999999567,2.470924399999957,9920.204786480785,2.0,9917.733862080784,0.07197886230133499,1637799120.0,2021-11-25 00:05:00+00:00,2021-11-25 00:05:00+00:00,2021-11-25 00:11:00+00:00,2021-11-25 00:12:00+00:00,1.1732344662247902,1.0267276109510577,2021-11-30 00:00:00+00:00,0.03440115375031203,0.025210671492437633,target,minute interval; not exact exchange fill
50,956165.0,956215.0,-1.0,847.0,1.046,1.0387,0.442981,0.43988944999999996,0.0,6.1831000000000715,5.300229550000072,9925.505016030784,2.0,9920.204786480785,0.08930884181013939,1637888160.0,2021-11-26 00:05:00+00:00,2021-11-26 00:05:00+00:00,2021-11-26 00:55:00+00:00,2021-11-26 00:56:00+00:00,1.1613682588624976,1.0384428016328344,2021-12-01 00:00:00+00:00,0.06550500494397436,0.05424065563352488,target,minute interval; not exact exchange fill
51,957605.0,959139.0,-1.0,602.0,0.9365,0.9323,0.28188650000000004,0.2806223,-0.171488439836,2.528399999999989,2.1373796398359888,9927.642395670618,2.0,9925.505016030784,0.056800434747596676,1638063600.0,2021-11-27 00:05:00+00:00,2021-11-27 00:05:00+00:00,2021-11-28 01:39:00+00:00,2021-11-28 01:40:00+00:00,1.099800712316939,0.9320504031876471,2021-12-02 00:00:00+00:00,0.0272478714221221,0.021741880164669027,target,minute interval; not exact exchange fill
52,960485.0,964989.0,-1.0,934.0,0.9697,0.9624,0.4528499,0.44944080000000003,-0.8370093322679999,6.818199999999975,6.752918632267975,9934.395314302887,2.0,9927.642395670618,0.09123009914166226,1638414600.0,2021-11-29 00:05:00+00:00,2021-11-29 00:05:00+00:00,2021-12-02 03:09:00+00:00,2021-12-02 03:10:00+00:00,1.0743602167124062,0.9621903787983043,2021-12-04 00:00:00+00:00,0.0717523949174621,0.0690816991318434,target,minute interval; not exact exchange fill
53,966245.0,966347.0,-1.0,869.0,0.9709000000000001,0.9665,0.42185605000000004,0.41994425,0.0,3.823600000000061,2.981799700000061,9937.377114002888,2.0,9934.395314302887,0.08492837996745299,1638496080.0,2021-12-03 00:05:00+00:00,2021-12-03 00:05:00+00:00,2021-12-03 01:47:00+00:00,2021-12-03 01:48:00+00:00,1.0835482716031104,0.9662363518663728,2021-12-08 00:00:00+00:00,0.041400086013379446,0.03046029869050676,target,minute interval; not exact exchange fill
54,967685.0,967711.0,-1.0,686.0,0.9173,0.9153,0.31463389999999997,0.3139479,0.0,1.3720000000000012,0.7434182000000011,9938.120532202887,2.0,9937.377114002888,0.06332332896104853,1638577920.0,2021-12-04 00:05:00+00:00,2021-12-04 00:05:00+00:00,2021-12-04 00:31:00+00:00,2021-12-04 00:32:00+00:00,1.0606521534049085,0.9150394837267752,2021-12-09 00:00:00+00:00,0.01576897325594946,0.007559705063788005,target,minute interval; not exact exchange fill
55,969125.0,969154.0,-1.0,655.0,0.8498,0.8350000000000001,0.27830950000000004,0.27346250000000005,0.0,9.693999999999951,9.14222799999995,9947.262760202888,2.0,9938.120532202887,0.05600847747784557,1638664500.0,2021-12-05 00:05:00+00:00,2021-12-05 00:05:00+00:00,2021-12-05 00:34:00+00:00,2021-12-05 00:35:00+00:00,1.000109339836779,0.8347715956706414,2021-12-10 00:00:00+00:00,0.09998317034508925,0.09285916640414017,target,minute interval; not exact exchange fill
56,972005.0,972744.0,-1.0,745.0,0.8277,0.8204,0.30831824999999996,0.305599,-0.061869607485,5.43849999999998,4.88645235748498,9952.149212560375,2.0,9947.262760202888,0.06199057116165119,1638879900.0,2021-12-07 00:05:00+00:00,2021-12-07 00:05:00+00:00,2021-12-07 12:24:00+00:00,2021-12-07 12:25:00+00:00,0.9597314496436291,0.820217439772453,2021-12-12 00:00:00+00:00,0.05667255981619121,0.04967753115415757,target,minute interval; not exact exchange fill
57,974885.0,974996.0,-1.0,732.0,0.866,0.8562000000000001,0.316956,0.3133692,0.0,7.173599999999942,6.543274799999941,9958.692487360373,2.0,9952.149212560375,0.06369599032940086,1639015020.0,2021-12-09 00:05:00+00:00,2021-12-09 00:05:00+00:00,2021-12-09 01:56:00+00:00,2021-12-09 01:57:00+00:00,1.0005094207903509,0.8559779286428135,2021-12-14 00:00:00+00:00,0.07450832289886276,0.0664555682975713,target,minute interval; not exact exchange fill
58,976325.0,976444.0,-1.0,923.0,0.8604,0.8526,0.39707460000000006,0.3934749,0.0,7.199400000000027,6.408850500000027,9965.101337860373,2.0,9958.692487360373,0.07974432396702062,1639101900.0,2021-12-10 00:05:00+00:00,2021-12-10 00:05:00+00:00,2021-12-10 02:04:00+00:00,2021-12-10 02:05:00+00:00,0.9667869187781432,0.8524176366293817,2021-12-15 00:00:00+00:00,0.0750314367809124,0.06526648275696234,target,minute interval; not exact exchange fill
59,977765.0,977770.0,-1.0,723.0,0.7979,0.7927000000000001,0.28844085,0.28656105000000004,0.0,3.7595999999999874,3.184598099999987,9968.285935960374,2.0,9965.101337860373,0.05789019904978342,1639181460.0,2021-12-11 00:05:00+00:00,2021-12-11 00:05:00+00:00,2021-12-11 00:10:00+00:00,2021-12-11 00:11:00+00:00,0.9342926041021357,0.7924522039655145,2021-12-16 00:00:00+00:00,0.03994201936643154,0.032294273058248724,target,minute interval; not exact exchange fill
60,979205.0,979286.0,-1.0,594.0,0.8396,0.8282,0.2493612,0.2459754,0.0,6.77159999999998,6.27626339999998,9974.562199360375,2.0,9968.285935960374,0.050030908343115424,1639272420.0,2021-12-12 00:05:00+00:00,2021-12-12 00:05:00+00:00,2021-12-12 01:26:00+00:00,2021-12-12 01:27:00+00:00,1.0058319680717362,0.8279774995511137,2021-12-17 00:00:00+00:00,0.06991736056370784,0.0635623828711469,target,minute interval; not exact exchange fill
61,980645.0,980694.0,-1.0,728.0,0.8427,0.8330000000000001,0.3067428,0.30321200000000004,0.0,7.06159999999995,6.451645199999949,9981.013844560375,2.0,9974.562199360375,0.0615050152315798,1639356900.0,2021-12-13 00:05:00+00:00,2021-12-13 00:05:00+00:00,2021-12-13 00:54:00+00:00,2021-12-13 00:55:00+00:00,0.9781997595937612,0.832772361049193,2021-12-18 00:00:00+00:00,0.07326683811521723,0.06540343707302025,target,minute interval; not exact exchange fill
62,983525.0,983537.0,-1.0,548.0,0.8067000000000001,0.8065,0.22103580000000003,0.220981,0.0,0.10960000000004877,-0.3324167999999513,9980.681427760375,2.0,9981.013844560375,0.04429125205962196,1639527480.0,2021-12-15 00:05:00+00:00,2021-12-15 00:05:00+00:00,2021-12-15 00:17:00+00:00,2021-12-15 00:18:00+00:00,0.9873739509887699,0.8062662276977797,2021-12-20 00:00:00+00:00,0.0024008569018750046,-0.0033574292070339216,target,minute interval; not exact exchange fill
63,984965.0,985318.0,-1.0,671.0,0.8264,0.8197,0.27725720000000004,0.27500935,0.0,4.495700000000026,3.943433450000026,9984.624861210375,2.0,9980.681427760375,0.055558771614297564,1639634340.0,2021-12-16 00:05:00+00:00,2021-12-16 00:05:00+00:00,2021-12-16 05:58:00+00:00,2021-12-16 05:59:00+00:00,0.973655078700357,0.81952940688381,2021-12-21 00:00:00+00:00,0.046657766759750675,0.03990999870339816,target,minute interval; not exact exchange fill
64,986405.0,987234.0,-1.0,965.0,0.8069000000000001,0.7992,0.38932925,0.38561400000000007,-0.078407239125,7.4305000000000385,6.733963989125038,9991.3588251995,2.0,9984.624861210375,0.0779857541794122,1639749300.0,2021-12-17 00:05:00+00:00,2021-12-17 00:05:00+00:00,2021-12-17 13:54:00+00:00,2021-12-17 13:55:00+00:00,0.9090334266832588,0.7989425325247769,2021-12-22 00:00:00+00:00,0.07791246934171006,0.06832436012003379,target,minute interval; not exact exchange fill
65,987845.0,987852.0,-1.0,756.0,0.7974,0.7906000000000001,0.3014172,0.2988468,0.0,5.140799999999937,4.540535999999937,9995.899361199501,2.0,9991.3588251995,0.060335577026777734,1639786380.0,2021-12-18 00:05:00+00:00,2021-12-18 00:05:00+00:00,2021-12-18 00:12:00+00:00,2021-12-18 00:13:00+00:00,0.9281982590256137,0.7904136910946122,2021-12-23 00:00:00+00:00,0.05341285853062968,0.045918042371066926,target,minute interval; not exact exchange fill
66,989285.0,995179.0,-1.0,645.0,0.8271000000000001,0.9807,0.26673975,0.31627575,0.22342061047287598,-99.07199999999997,-99.87843611047285,9896.020925089026,1.0,9995.899361199501,0.0533698350416348,1640226000.0,2021-12-19 00:05:00+00:00,2021-12-19 00:05:00+00:00,2021-12-23 02:19:00+00:00,2021-12-23 02:20:00+00:00,0.9804895327558605,0.8137676679510581,2021-12-24 00:00:00+00:00,0.08691813456503622,-1.0095231777635916,stop,minute interval; not exact exchange fill
67,996485.0,996489.0,-1.0,510.0,0.993,0.9863000000000001,0.253215,0.2515065,0.0,3.4169999999999634,2.9122784999999634,9898.933203589026,2.0,9896.020925089026,0.051175114102281885,1640304600.0,2021-12-24 00:05:00+00:00,2021-12-24 00:05:00+00:00,2021-12-24 00:09:00+00:00,2021-12-24 00:10:00+00:00,1.1851976480522708,0.986045448012472,2021-12-29 00:00:00+00:00,0.036184376125334525,0.02971082142715357,target,minute interval; not exact exchange fill
68,999365.0,999516.0,-1.0,484.0,0.9217000000000001,0.9161,0.22305140000000004,0.2216962,0.0,2.710400000000024,2.2656524000000235,9901.198855989025,2.0,9898.933203589026,0.04506574504798739,1640486220.0,2021-12-26 00:05:00+00:00,2021-12-26 00:05:00+00:00,2021-12-26 02:36:00+00:00,2021-12-26 02:37:00+00:00,1.124451922075478,0.9158254415354562,2021-12-31 00:00:00+00:00,0.02897411972428537,0.02308782058429723,target,minute interval; not exact exchange fill
69,1000805.0,1002250.0,-1.0,569.0,0.9227000000000001,0.9099,0.26250815,0.25886655000000003,-0.15840348325,7.283200000000019,6.920228783250019,9908.119084772276,2.0,9901.198855989025,0.05302552828564076,1640650260.0,2021-12-27 00:05:00+00:00,2021-12-27 00:05:00+00:00,2021-12-28 00:10:00+00:00,2021-12-28 00:11:00+00:00,1.095099048781646,0.9096777632196045,2022-01-01 00:00:00+00:00,0.07553543289492892,0.07054615054984478,target,minute interval; not exact exchange fill
70,1003685.0,1004124.0,-1.0,522.0,0.8505,0.8476,0.2219805,0.22122360000000002,0.0,1.5138000000000071,1.0705959000000072,9909.189680672274,2.0,9908.119084772276,0.04480779815033923,1640762700.0,2021-12-29 00:05:00+00:00,2021-12-29 00:05:00+00:00,2021-12-29 07:24:00+00:00,2021-12-29 07:25:00+00:00,1.0388471129169767,0.8473485626188685,2022-01-03 00:00:00+00:00,0.016732071611422584,0.010889203281305784,target,minute interval; not exact exchange fill
71,1005125.0,1005132.0,-1.0,649.0,0.8149000000000001,0.8107000000000001,0.26443505000000006,0.26307215,0.0,2.725799999999988,2.198292799999988,9911.387973472274,2.0,9909.189680672274,0.05337167992974776,1640823180.0,2021-12-30 00:05:00+00:00,2021-12-30 00:05:00+00:00,2021-12-30 00:12:00+00:00,2021-12-30 00:13:00+00:00,0.9660834375918612,0.8104787001736785,2022-01-04 00:00:00+00:00,0.029244604413992858,0.02240457059287246,target,minute interval; not exact exchange fill
72,1006565.0,1006627.0,-1.0,638.0,0.8420000000000001,0.8321000000000001,0.268598,0.2654399,0.0,6.316200000000013,5.782162100000013,9917.170135572274,2.0,9911.387973472274,0.054199876085751005,1640912880.0,2021-12-31 00:05:00+00:00,2021-12-31 00:05:00+00:00,2021-12-31 01:07:00+00:00,2021-12-31 01:08:00+00:00,0.9958896034449362,0.8318837941268237,2022-01-05 00:00:00+00:00,0.06573677263907002,0.05889254242729188,target,minute interval; not exact exchange fill
73,1008005.0,1012102.0,-1.0,609.0,0.8327,0.8235,0.25355715,0.25075575,-0.412375619376,5.602799999999991,5.510862719375992,9922.680998291651,2.0,9917.170135572274,0.05113498034898206,1641241380.0,2022-01-01 00:05:00+00:00,2022-01-01 00:05:00+00:00,2022-01-03 20:22:00+00:00,2022-01-03 20:23:00+00:00,0.9940508861247407,0.823278333656864,2022-01-06 00:00:00+00:00,0.05839240533114957,0.05608296230244536,target,minute interval; not exact exchange fill
74,1012325.0,1012374.0,-1.0,712.0,0.8308000000000001,0.8277,0.29576480000000005,0.2946612,0.0,2.207200000000073,1.616774000000073,9924.297772291651,2.0,9922.680998291651,0.05961388863572672,1641257700.0,2022-01-04 00:05:00+00:00,2022-01-04 00:05:00+00:00,2022-01-04 00:54:00+00:00,2022-01-04 00:55:00+00:00,0.9686184841207913,0.8274609589174421,2022-01-09 00:00:00+00:00,0.024227817508364807,0.01647638206504942,target,minute interval; not exact exchange fill
75,1013765.0,1014840.0,-1.0,628.0,0.8216,0.8196,0.2579824,0.2573544,-0.10408822424,1.2560000000000011,0.8447514242400012,9925.142523715891,2.0,9924.297772291651,0.05199005630812072,1641405660.0,2022-01-05 00:05:00+00:00,2022-01-05 00:05:00+00:00,2022-01-05 18:00:00+00:00,2022-01-05 18:01:00+00:00,0.9781841722111648,0.8193951881570235,2022-01-10 00:00:00+00:00,0.014080681411421011,0.008590559064845826,target,minute interval; not exact exchange fill
76,1015205.0,1015312.0,-1.0,773.0,0.7701,0.7666000000000001,0.29764365,0.2962909,0.0,2.7054999999999594,2.1115654499999597,9927.254089165892,2.0,9925.142523715891,0.05997770798530854,1641433980.0,2022-01-06 00:05:00+00:00,2022-01-06 00:05:00+00:00,2022-01-06 01:52:00+00:00,2022-01-06 01:53:00+00:00,0.8971744062500863,0.7663534348340051,2022-01-11 00:00:00+00:00,0.029483239596032947,0.02149646085793215,target,minute interval; not exact exchange fill
77,1016645.0,1016659.0,-1.0,702.0,0.7772,0.7733,0.27279719999999996,0.2714283,0.0,2.7378000000000102,2.19357450000001,9929.447663665893,2.0,9927.254089165892,0.05495924604120231,1641514800.0,2022-01-07 00:05:00+00:00,2022-01-07 00:05:00+00:00,2022-01-07 00:19:00+00:00,2022-01-07 00:20:00+00:00,0.9171625210560641,0.7731279480364346,2022-01-12 00:00:00+00:00,0.02909387408029249,0.022325619576031706,target,minute interval; not exact exchange fill
78,1018085.0,1018983.0,-1.0,673.0,0.7625000000000001,0.7584000000000001,0.25658125000000004,0.25520160000000003,-0.051933948244,2.759299999999995,2.2994510982439955,9931.747114764137,2.0,9929.447663665893,0.05168087061657803,1641654240.0,2022-01-08 00:05:00+00:00,2022-01-08 00:05:00+00:00,2022-01-08 15:03:00+00:00,2022-01-08 15:04:00+00:00,0.9085695602618176,0.7581650995291586,2022-01-13 00:00:00+00:00,0.029676959820181287,0.02339103247710072,target,minute interval; not exact exchange fill
79,1019525.0,1021726.0,-1.0,636.0,0.7424000000000001,0.7342000000000001,0.23608320000000002,0.2334756,-0.189457516572,5.2151999999999905,4.93509871657199,9936.68221348071,2.0,9931.747114764137,0.04754112187352177,1641818820.0,2022-01-09 00:05:00+00:00,2022-01-09 00:05:00+00:00,2022-01-10 12:46:00+00:00,2022-01-10 12:47:00+00:00,0.897154857703183,0.7339825797508366,2022-01-14 00:00:00+00:00,0.05439196141621568,0.050141167082992225,target,minute interval; not exact exchange fill
80,1022405.0,1022406.0,-1.0,929.0,0.737,0.7357,0.3423365,0.34173265,0.0,1.2076999999999702,0.5236308499999702,9937.20584433071,2.0,9936.68221348071,0.06890358223101176,1641859620.0,2022-01-11 00:05:00+00:00,2022-01-11 00:05:00+00:00,2022-01-11 00:06:00+00:00,2022-01-11 00:07:00+00:00,0.8426542117292234,0.7355111019091904,2022-01-16 00:00:00+00:00,0.014092179255715572,0.00533485594918376,target,minute interval; not exact exchange fill
81,1023845.0,1024007.0,-1.0,772.0,0.7737,0.7673,0.29864820000000003,0.2961778,0.0,4.940800000000056,4.345974000000057,9941.55181833071,2.0,9937.20584433071,0.0601070773169869,1641955680.0,2022-01-12 00:05:00+00:00,2022-01-12 00:05:00+00:00,2022-01-12 02:47:00+00:00,2022-01-12 02:48:00+00:00,0.9011083195981471,0.7671032392593213,2022-01-17 00:00:00+00:00,0.05177653046116041,0.044184712723280804,target,minute interval; not exact exchange fill
82,1025285.0,1025335.0,-1.0,916.0,0.8006000000000001,0.7936000000000001,0.3666748000000001,0.36346880000000004,0.0,6.412000000000006,5.681856400000006,9947.23367473071,2.0,9941.55181833071,0.07376610949689111,1642035360.0,2022-01-13 00:05:00+00:00,2022-01-13 00:05:00+00:00,2022-01-13 00:55:00+00:00,2022-01-13 00:56:00+00:00,0.9077724853660399,0.7933838204149064,2022-01-18 00:00:00+00:00,0.06733239002946835,0.05787772840029278,target,minute interval; not exact exchange fill
83,1026725.0,1027375.0,-1.0,931.0,0.7647,0.7634000000000001,0.35596785000000003,0.35536270000000003,-0.07268740605,1.21029999999997,0.5716568560499699,9947.80533158676,2.0,9947.23367473071,0.07157122505411267,1642157760.0,2022-01-14 00:05:00+00:00,2022-01-14 00:05:00+00:00,2022-01-14 10:55:00+00:00,2022-01-14 10:56:00+00:00,0.8702617921919316,0.7631760400447272,2022-01-19 00:00:00+00:00,0.014436662391085871,0.005816731008919909,target,minute interval; not exact exchange fill
84,1028165.0,1028441.0,-1.0,867.0,0.7714000000000001,0.7688,0.33440190000000003,0.33327480000000004,0.0,2.2542000000000404,1.5865233000000403,9949.39185488676,2.0,9947.80533158676,0.06723129149666623,1642221720.0,2022-01-15 00:05:00+00:00,2022-01-15 00:05:00+00:00,2022-01-15 04:41:00+00:00,2022-01-15 04:42:00+00:00,0.8847361140832177,0.768575789435513,2022-01-20 00:00:00+00:00,0.024918893570088575,0.016145780317264387,target,minute interval; not exact exchange fill
85,1029605.0,1030406.0,-1.0,805.0,0.7782,0.7695000000000001,0.3132255,0.3097237500000001,-0.0628222,7.003499999999944,6.443372949999945,9955.83522783676,2.0,9949.39185488676,0.06296374784880056,1642339620.0,2022-01-16 00:05:00+00:00,2022-01-16 00:05:00+00:00,2022-01-16 13:26:00+00:00,2022-01-16 13:27:00+00:00,0.900450192925142,0.7692556342057598,2022-01-21 00:00:00+00:00,0.0731644309119179,0.0654738435046984,target,minute interval; not exact exchange fill
86,1031045.0,1031253.0,-1.0,755.0,0.7792,0.7716000000000001,0.294148,0.291279,0.0,5.737999999999955,5.152572999999955,9960.98780083676,2.0,9955.83522783676,0.05909057216566923,1642390440.0,2022-01-17 00:05:00+00:00,2022-01-17 00:05:00+00:00,2022-01-17 03:33:00+00:00,2022-01-17 03:34:00+00:00,0.8854340866622741,0.7714435478581667,2022-01-22 00:00:00+00:00,0.0730128378332241,0.06424115097535354,target,minute interval; not exact exchange fill
87,1032485.0,1032685.0,-1.0,1199.0,0.7617,0.7585000000000001,0.45663915000000005,0.45472075,0.0,3.8367999999999767,2.925440099999977,9963.91324093676,2.0,9960.98780083676,0.09168551535855524,1642476360.0,2022-01-18 00:05:00+00:00,2022-01-18 00:05:00+00:00,2022-01-18 03:25:00+00:00,2022-01-18 03:26:00+00:00,0.843507976724016,0.7583443145806734,2022-01-23 00:00:00+00:00,0.04101904916493937,0.029824720005374623,target,minute interval; not exact exchange fill
88,1033925.0,1033971.0,-1.0,1084.0,0.7488,0.7486,0.40584960000000003,0.4057412000000001,0.0,0.21679999999997612,-0.5947908000000239,9963.31845013676,2.0,9963.91324093676,0.08146389680162329,1642553520.0,2022-01-19 00:05:00+00:00,2022-01-19 00:05:00+00:00,2022-01-19 00:51:00+00:00,2022-01-19 00:52:00+00:00,0.8394208537150881,0.7483861437252437,2022-01-24 00:00:00+00:00,0.004566898873602348,-0.006054897713997867,target,minute interval; not exact exchange fill
89,1035365.0,1036676.0,-1.0,1408.0,0.7377,0.735,0.5193408,0.5174399999999999,-0.21184767999999998,3.8016000000000503,2.9766668800000504,9966.29511701676,2.0,9963.31845013676,0.10425056723804134,1642715820.0,2022-01-20 00:05:00+00:00,2022-01-20 00:05:00+00:00,2022-01-20 21:56:00+00:00,2022-01-20 21:57:00+00:00,0.807194167666005,0.7347904989206535,2022-01-25 00:00:00+00:00,0.041866838283894904,0.030421401838505804,target,minute interval; not exact exchange fill
90,1038245.0,1038249.0,-1.0,987.0,0.6374000000000001,0.6329,0.31455690000000003,0.31233615000000003,0.0,4.441500000000059,3.8146069500000586,9970.10972396676,2.0,9966.29511701676,0.06312413917242243,1642810200.0,2022-01-22 00:05:00+00:00,2022-01-22 00:05:00+00:00,2022-01-22 00:09:00+00:00,2022-01-22 00:10:00+00:00,0.737203409606798,0.6327121639944516,2022-01-27 00:00:00+00:00,0.046970699939184735,0.038724628900221596,target,minute interval; not exact exchange fill
91,1039685.0,1041670.0,-1.0,905.0,0.5922000000000001,0.5882000000000001,0.2679705,0.2661605,0.022145305087564994,3.620000000000003,3.0637236949124382,9973.173447661675,2.0,9970.10972396676,0.05375477450480533,1643015460.0,2022-01-23 00:05:00+00:00,2022-01-23 00:05:00+00:00,2022-01-24 09:10:00+00:00,2022-01-24 09:11:00+00:00,0.7012303058615594,0.5880375395262054,2022-01-28 00:00:00+00:00,0.03817709618351351,0.031049441005196368,target,minute interval; not exact exchange fill
92,1042565.0,1042567.0,-1.0,986.0,0.6094,0.6082000000000001,0.30043420000000004,0.29984260000000007,0.0,1.1831999999999792,0.5829231999999791,9973.756370861674,2.0,9973.173447661675,0.06024846586227582,1643069280.0,2022-01-25 00:05:00+00:00,2022-01-25 00:05:00+00:00,2022-01-25 00:07:00+00:00,2022-01-25 00:08:00+00:00,0.7094262497435864,0.6080469870656761,2022-01-30 00:00:00+00:00,0.013526578651028041,0.0059104485224178525,target,minute interval; not exact exchange fill
93,1045445.0,1045508.0,-1.0,1102.0,0.6191,0.6153000000000001,0.3411241,0.3390303,0.0,4.187599999999906,3.5074455999999055,9977.263816461675,2.0,9973.756370861674,0.06840433780728672,1643245740.0,2022-01-27 00:05:00+00:00,2022-01-27 00:05:00+00:00,2022-01-27 01:08:00+00:00,2022-01-27 01:09:00+00:00,0.7085151076443416,0.6150789300482169,2022-02-01 00:00:00+00:00,0.04497081150734989,0.0355957744038049,target,minute interval; not exact exchange fill
94,1046885.0,1046970.0,-1.0,1037.0,0.6094,0.6047,0.31597390000000003,0.31353695,0.0,4.873900000000039,4.244389150000039,9981.508205611675,2.0,9977.263816461675,0.0633387882314325,1643333460.0,2022-01-28 00:05:00+00:00,2022-01-28 00:05:00+00:00,2022-01-28 01:30:00+00:00,2022-01-28 01:31:00+00:00,0.7045164886913803,0.6044967638807887,2022-02-02 00:00:00+00:00,0.051549801581939,0.0430309198364148,target,minute interval; not exact exchange fill
95,1048325.0,1050906.0,-1.0,946.0,0.6116,0.6071000000000001,0.2892868,0.28715830000000003,-0.2690836729940788,4.256999999999952,3.94963857299403,9985.45784418467,2.0,9981.508205611675,0.057964546848212964,1643569620.0,2022-01-29 00:05:00+00:00,2022-01-29 00:05:00+00:00,2022-01-30 19:06:00+00:00,2022-01-30 19:07:00+00:00,0.7160455804792469,0.6069740475071472,2022-02-03 00:00:00+00:00,0.04429055276084151,0.03997386590988721,target,minute interval; not exact exchange fill
96,1051205.0,1051206.0,-1.0,984.0,0.5994,0.5952000000000001,0.2949048,0.29283840000000005,0.0,4.132799999999982,3.545056799999982,9989.002900984671,2.0,9985.45784418467,0.05906685594226341,1643587620.0,2022-01-31 00:05:00+00:00,2022-01-31 00:05:00+00:00,2022-01-31 00:06:00+00:00,2022-01-31 00:07:00+00:00,0.6998191503229281,0.5950439334501654,2022-02-05 00:00:00+00:00,0.04337884293808925,0.03587662301876101,target,minute interval; not exact exchange fill
97,1052645.0,1052650.0,-1.0,1052.0,0.6161,0.6141,0.3240686,0.3230166,0.0,2.104000000000002,1.456914800000002,9990.45981578467,2.0,9989.002900984671,0.06488507475917436,1643674260.0,2022-02-01 00:05:00+00:00,2022-02-01 00:05:00+00:00,2022-02-01 00:10:00+00:00,2022-02-01 00:11:00+00:00,0.70998576900292,0.6139184624258659,2022-02-06 00:00:00+00:00,0.023236083565191176,0.014750904367166967,target,minute interval; not exact exchange fill
98,1054085.0,1054086.0,-1.0,931.0,0.6277,0.6258,0.29219435000000005,0.2913099,0.0,1.768900000000012,1.185395750000012,9991.64521153467,2.0,9990.45981578467,0.05849467499750922,1643760420.0,2022-02-02 00:05:00+00:00,2022-02-02 00:05:00+00:00,2022-02-02 00:06:00+00:00,2022-02-02 00:07:00+00:00,0.7339088847577097,0.6256582972765637,2022-02-07 00:00:00+00:00,0.019223464478456298,0.011988168437175768,target,minute interval; not exact exchange fill
99,1055525.0,1055540.0,-1.0,1163.0,0.5987,0.5968,0.34814405,0.3470392,0.0,2.209700000000015,1.514516750000015,9993.159728284669,2.0,9991.64521153467,0.06968703204114805,1643847660.0,2022-02-03 00:05:00+00:00,2022-02-03 00:05:00+00:00,2022-02-03 00:20:00+00:00,2022-02-03 00:21:00+00:00,0.6835084856614637,0.5966449261586334,2022-02-08 00:00:00+00:00,0.02423193652543209,0.015355185154446694,target,minute interval; not exact exchange fill
100,1056965.0,1056976.0,-1.0,1031.0,0.6069,0.606,0.31285694999999997,0.312393,0.0,0.9279000000000123,0.3026500500000124,9993.462378334669,2.0,9993.159728284669,0.06261421982768649,1643933820.0,2022-02-04 00:05:00+00:00,2022-02-04 00:05:00+00:00,2022-02-04 00:16:00+00:00,2022-02-04 00:17:00+00:00,0.7027096971266636,0.605809694349224,2022-02-09 00:00:00+00:00,0.011379909168635884,0.0030638861076027514,target,minute interval; not exact exchange fill
101,1059845.0,1062371.0,-1.0,742.0,0.6668000000000001,0.8005,0.24738280000000004,0.2969855,-0.2387069055016912,-99.20539999999995,-99.51106139449827,9893.95131694017,1.0,9993.462378334669,0.049508927063419715,1644257520.0,2022-02-06 00:05:00+00:00,2022-02-06 00:05:00+00:00,2022-02-07 18:11:00+00:00,2022-02-07 18:12:00+00:00,0.8002899810088984,0.6549396903370551,2022-02-11 00:00:00+00:00,0.08884793879890011,-1.0046592378438242,stop,minute interval; not exact exchange fill
102,1062725.0,1062729.0,-1.0,487.0,0.8342,0.8234,0.20312770000000002,0.2004979,0.0,5.259600000000016,4.855974400000015,9898.80729134017,2.0,9893.95131694017,0.04106098635278505,1644279000.0,2022-02-08 00:05:00+00:00,2022-02-08 00:05:00+00:00,2022-02-08 00:09:00+00:00,2022-02-08 00:10:00+00:00,1.0356496943166817,0.8232311869411278,2022-02-13 00:00:00+00:00,0.0544493904350586,0.04949722080156234,target,minute interval; not exact exchange fill
103,1064165.0,1064170.0,-1.0,409.0,0.8732000000000001,0.8702000000000001,0.17856940000000004,0.17795590000000003,0.0,1.2270000000000012,0.8704747000000012,9899.677766040171,2.0,9898.80729134017,0.03607897289933484,1644365460.0,2022-02-09 00:05:00+00:00,2022-02-09 00:05:00+00:00,2022-02-09 00:10:00+00:00,2022-02-09 00:11:00+00:00,1.1135112478996043,0.869932192829677,2022-02-14 00:00:00+00:00,0.01359822812658461,0.008856431060143931,target,minute interval; not exact exchange fill
104,1065605.0,1065774.0,-1.0,468.0,0.872,0.8607,0.204048,0.20140380000000002,0.0,5.288399999999989,4.882948199999989,9904.560714240171,2.0,9899.677766040171,0.04122315994970376,1644461700.0,2022-02-10 00:05:00+00:00,2022-02-10 00:05:00+00:00,2022-02-10 02:54:00+00:00,2022-02-10 02:55:00+00:00,1.0820390458295914,0.8604961322874126,2022-02-15 00:00:00+00:00,0.05477013889084547,0.04967481145608036,target,minute interval; not exact exchange fill
105,1068485.0,1068882.0,-1.0,486.0,0.7602,0.7516,0.1847286,0.18263880000000002,0.0,4.179599999999971,3.8122325999999713,9908.372946840173,2.0,9904.560714240171,0.037301724999152866,1644648180.0,2022-02-12 00:05:00+00:00,2022-02-12 00:05:00+00:00,2022-02-12 06:42:00+00:00,2022-02-12 06:43:00+00:00,0.9624901720489032,0.7513928148902621,2022-02-17 00:00:00+00:00,0.043537385037216554,0.03877647599263323,target,minute interval; not exact exchange fill
106,1069925.0,1070885.0,-1.0,399.0,0.8195,0.8109000000000001,0.16349025,0.16177455000000002,-0.0261554743881312,3.4313999999999765,3.1322906743881074,9911.50523751456,2.0,9908.372946840173,0.03300042315265047,1644768360.0,2022-02-13 00:05:00+00:00,2022-02-13 00:05:00+00:00,2022-02-13 16:05:00+00:00,2022-02-13 16:06:00+00:00,1.0661312991657859,0.8106984919568654,2022-02-18 00:00:00+00:00,0.03568690621549309,0.031830317538536435,target,minute interval; not exact exchange fill
107,1071365.0,1071452.0,-1.0,463.0,0.8028000000000001,0.7874,0.18584820000000002,0.1822831,0.0,7.130200000000038,6.762068700000038,9918.26730621456,2.0,9911.50523751456,0.03750150871061919,1644802380.0,2022-02-14 00:05:00+00:00,2022-02-14 00:05:00+00:00,2022-02-14 01:32:00+00:00,2022-02-14 01:33:00+00:00,1.0152874543538548,0.787221633007617,2022-02-19 00:00:00+00:00,0.07331429067073489,0.06873299905828127,target,minute interval; not exact exchange fill
108,1072805.0,1076574.0,-1.0,613.0,0.8034,0.7941,0.2462421,0.24339165000000001,-0.1204508951569525,5.700899999999985,5.3317171451569365,9923.599023359717,2.0,9918.26730621456,0.049654257623347235,1645109700.0,2022-02-15 00:05:00+00:00,2022-02-15 00:05:00+00:00,2022-02-17 14:54:00+00:00,2022-02-17 14:55:00+00:00,0.96374953301241,0.7938564156606348,2022-02-20 00:00:00+00:00,0.059517381560609775,0.05424240380337951,target,minute interval; not exact exchange fill
109,1077125.0,1078069.0,-1.0,434.0,0.7654000000000001,0.76,0.1660918,0.16492,0.062524486458,2.343600000000031,1.9500637135420313,9925.54908707326,2.0,9923.599023359717,0.033474105434737375,1645199400.0,2022-02-18 00:05:00+00:00,2022-02-18 00:05:00+00:00,2022-02-18 15:49:00+00:00,2022-02-18 15:50:00+00:00,0.9923319287346062,0.7598065729622514,2022-02-23 00:00:00+00:00,0.024648039035045248,0.019799921448051722,target,minute interval; not exact exchange fill
110,1078565.0,1079252.0,-1.0,419.0,0.7859,0.7755000000000001,0.16464605000000002,0.16246725,-0.025571260673752802,4.3575999999999855,4.056057960673739,9929.605145033933,2.0,9925.54908707326,0.03317620991153631,1645270380.0,2022-02-19 00:05:00+00:00,2022-02-19 00:05:00+00:00,2022-02-19 11:32:00+00:00,2022-02-19 11:33:00+00:00,1.021169048844835,0.7753383204856342,2022-02-24 00:00:00+00:00,0.04489192082946479,0.04114578313331624,target,minute interval; not exact exchange fill
111,1080005.0,1080021.0,-1.0,367.0,0.8196,0.8093,0.15039660000000002,0.14850655000000001,0.0,3.780099999999991,3.481196849999991,9933.086341883933,2.0,9929.605145033933,0.03029256406539337,1645316520.0,2022-02-20 00:05:00+00:00,2022-02-20 00:05:00+00:00,2022-02-20 00:21:00+00:00,2022-02-20 00:22:00+00:00,1.0882726688904705,0.8090686192564883,2022-02-25 00:00:00+00:00,0.03919781192111131,0.03530522862326179,target,minute interval; not exact exchange fill
112,1081445.0,1082231.0,-1.0,417.0,0.77,0.7573000000000001,0.16054500000000002,0.15789705,0.0219713115085578,5.295899999999972,4.955486638491415,9938.041828522422,2.0,9933.086341883933,0.03232530041001348,1645449120.0,2022-02-21 00:05:00+00:00,2022-02-21 00:05:00+00:00,2022-02-21 13:11:00+00:00,2022-02-21 13:12:00+00:00,1.0064587616321239,0.757135749833081,2022-02-26 00:00:00+00:00,0.05440377881591424,0.05025680131939798,target,minute interval; not exact exchange fill
113,1082885.0,1083030.0,-1.0,569.0,0.7020000000000001,0.6943,0.19971900000000004,0.19752835000000002,0.0,4.381300000000023,3.984052650000023,9942.025881172422,2.0,9938.041828522422,0.040192827409279284,1645497060.0,2022-02-22 00:05:00+00:00,2022-02-22 00:05:00+00:00,2022-02-22 02:30:00+00:00,2022-02-22 02:31:00+00:00,0.87530060054554,0.6941385015297042,2022-02-27 00:00:00+00:00,0.045363365421402436,0.0404029182700962,target,minute interval; not exact exchange fill
114,1084325.0,1084353.0,-1.0,593.0,0.7200000000000001,0.7154,0.21348000000000003,0.21211610000000003,0.0,2.7278000000000286,2.3022039000000287,9944.32808507242,2.0,9942.025881172422,0.042944969677513094,1645576440.0,2022-02-23 00:05:00+00:00,2022-02-23 00:05:00+00:00,2022-02-23 00:33:00+00:00,2022-02-23 00:34:00+00:00,0.8863422166245994,0.7152157797019659,2022-02-28 00:00:00+00:00,0.028761311440445532,0.02333923449368005,target,minute interval; not exact exchange fill
115,1085765.0,1085933.0,-1.0,545.0,0.6976,0.6882,0.19009600000000001,0.18753450000000002,0.0,5.122999999999981,4.745369499999981,9949.07345457242,2.0,9944.32808507242,0.038232045116322326,1645671240.0,2022-02-24 00:05:00+00:00,2022-02-24 00:05:00+00:00,2022-02-24 02:53:00+00:00,2022-02-24 02:54:00+00:00,0.8788832627323246,0.687966080066245,2022-03-01 00:00:00+00:00,0.053142908995299803,0.048030357953433946,target,minute interval; not exact exchange fill
116,1087205.0,1087263.0,-1.0,595.0,0.6946,0.6880000000000001,0.20664349999999998,0.20468,0.0,3.926999999999964,3.5156764999999637,9952.589131072422,2.0,9949.07345457242,0.04154025014360111,1645751040.0,2022-02-25 00:05:00+00:00,2022-02-25 00:05:00+00:00,2022-02-25 01:03:00+00:00,2022-02-25 01:04:00+00:00,0.8604330782604801,0.6878621746387911,2022-03-02 00:00:00+00:00,0.04063016517504172,0.03563040656291097,target,minute interval; not exact exchange fill
117,1088645.0,1088982.0,-1.0,433.0,0.7769,0.7608,0.16819885000000004,0.1647132,0.0,6.971300000000001,6.63838795,9959.22751902242,2.0,9952.589131072422,0.03380001882623202,1645854180.0,2022-02-26 00:05:00+00:00,2022-02-26 00:05:00+00:00,2022-02-26 05:42:00+00:00,2022-02-26 05:43:00+00:00,1.005417586980867,0.760604562011027,2022-03-03 00:00:00+00:00,0.07130933861268805,0.06708958466852542,target,minute interval; not exact exchange fill
118,1090085.0,1090111.0,-1.0,378.0,0.7461,0.7379,0.1410129,0.1394631,0.0,3.0995999999999944,2.8191239999999946,9962.04664302242,2.0,9959.22751902242,0.028318039673390565,1645921920.0,2022-02-27 00:05:00+00:00,2022-02-27 00:05:00+00:00,2022-02-27 00:31:00+00:00,2022-02-27 00:32:00+00:00,1.0082502473957986,0.7376798706952599,2022-03-04 00:00:00+00:00,0.03211947876603479,0.02844933420466996,target,minute interval; not exact exchange fill
119,1091525.0,1098630.0,-1.0,616.0,0.7161000000000001,0.7057,0.22055880000000003,0.2173556,-0.49058438665180565,6.406400000000047,6.459069986651852,9968.50571300907,2.0,9962.04664302242,0.044279816769274616,1646433060.0,2022-02-28 00:05:00+00:00,2022-02-28 00:05:00+00:00,2022-03-04 22:30:00+00:00,2022-03-04 22:31:00+00:00,0.8764542793107384,0.7054695150343712,2022-03-05 00:00:00+00:00,0.06629374040607236,0.0653896065022694,target,minute interval; not exact exchange fill
120,1098725.0,1098753.0,-1.0,639.0,0.7102,0.7063,0.22690890000000002,0.22566285000000003,0.0,2.4921000000000095,2.0395282500000094,9970.54524125907,2.0,9968.50571300907,0.04552515823989147,1646440440.0,2022-03-05 00:05:00+00:00,2022-03-05 00:05:00+00:00,2022-03-05 00:33:00+00:00,2022-03-05 00:34:00+00:00,0.8647705487697762,0.7061449690356921,2022-03-10 00:00:00+00:00,0.02623417589302642,0.020649147107279414,target,minute interval; not exact exchange fill
121,1100165.0,1100375.0,-1.0,538.0,0.7563000000000001,0.7442000000000001,0.2034447,0.20018980000000003,0.0,6.5098,6.1061654999999995,9976.651406759069,2.0,9970.54524125907,0.04080914234421732,1646537760.0,2022-03-06 00:05:00+00:00,2022-03-06 00:05:00+00:00,2022-03-06 03:35:00+00:00,2022-03-06 03:36:00+00:00,0.9401819063953871,0.7440381223845136,2022-03-11 00:00:00+00:00,0.06668343751625407,0.061723038565825554,target,minute interval; not exact exchange fill
122,1101605.0,1101622.0,-1.0,636.0,0.7195,0.7100000000000001,0.22880100000000003,0.22578000000000004,0.0,6.04199999999997,5.5874189999999695,9982.23882575907,2.0,9976.651406759069,0.04586729367831573,1646612580.0,2022-03-07 00:05:00+00:00,2022-03-07 00:05:00+00:00,2022-03-07 00:22:00+00:00,2022-03-07 00:23:00+00:00,0.8750461071151925,0.7098363341994588,2022-03-12 00:00:00+00:00,0.06212733947359179,0.056480037738867214,target,minute interval; not exact exchange fill
123,1103045.0,1103426.0,-1.0,804.0,0.7182000000000001,0.7139,0.28871640000000004,0.2869878,0.0,3.4572000000000656,2.8814958000000654,9985.12032155907,2.0,9982.23882575907,0.057846021326392265,1646720820.0,2022-03-08 00:05:00+00:00,2022-03-08 00:05:00+00:00,2022-03-08 06:26:00+00:00,2022-03-08 06:27:00+00:00,0.8410765895639192,0.7137405088765515,2022-03-13 00:00:00+00:00,0.03629243893629377,0.029167069274296128,target,minute interval; not exact exchange fill
124,1104485.0,1108860.0,-1.0,950.0,0.7207,0.8248000000000001,0.3423325,0.39178,-0.52570050697051,-98.89500000000008,-99.10341199302957,9886.01690956604,1.0,9985.12032155907,0.06856852776443026,1647046860.0,2022-03-09 00:05:00+00:00,2022-03-09 00:05:00+00:00,2022-03-12 01:00:00+00:00,2022-03-12 01:01:00+00:00,0.824569025317895,0.715299762604585,2022-03-14 00:00:00+00:00,0.05199083537067308,-1.0043358039224972,stop,minute interval; not exact exchange fill
125,1110245.0,1111602.0,-1.0,521.0,0.7873,0.7756000000000001,0.20509165,0.2020438,-0.036675193765999994,6.095699999999965,5.7252397437659654,9891.742149309808,2.0,9886.01690956604,0.04149126020643288,1647211380.0,2022-03-13 00:05:00+00:00,2022-03-13 00:05:00+00:00,2022-03-13 22:42:00+00:00,2022-03-13 22:43:00+00:00,0.9754714884244825,0.7754241543838967,2022-03-18 00:00:00+00:00,0.06311182270777105,0.05839855940986536,target,minute interval; not exact exchange fill
126,1111685.0,1111693.0,-1.0,715.0,0.7595000000000001,0.7462000000000001,0.27152125,0.2667665,0.0,9.509499999999985,8.971212249999986,9900.713361559807,2.0,9891.742149309808,0.05489857012072343,1647216840.0,2022-03-14 00:05:00+00:00,2022-03-14 00:05:00+00:00,2022-03-14 00:13:00+00:00,2022-03-14 00:14:00+00:00,0.896442539349603,0.7460115967480686,2022-03-19 00:00:00+00:00,0.09849680980061776,0.09162346528399144,target,minute interval; not exact exchange fill
127,1113125.0,1113136.0,-1.0,795.0,0.7737,0.769,0.30754575,0.3056775,0.0,3.7365000000000297,3.12327675000003,9903.836638309807,2.0,9900.713361559807,0.062125977951057,1647303420.0,2022-03-15 00:05:00+00:00,2022-03-15 00:05:00+00:00,2022-03-15 00:16:00+00:00,2022-03-15 00:17:00+00:00,0.8968147740898736,0.7688320811478182,2022-03-20 00:00:00+00:00,0.03953968066113884,0.0319104675214051,target,minute interval; not exact exchange fill
128,1114565.0,1114620.0,-1.0,742.0,0.7658,0.7626000000000001,0.2841118,0.2829246,0.0,2.3743999999999854,1.8073635999999855,9905.644001909808,2.0,9903.836638309807,0.057374088522624635,1647392460.0,2022-03-16 00:05:00+00:00,2022-03-16 00:05:00+00:00,2022-03-16 01:00:00+00:00,2022-03-16 01:01:00+00:00,0.8778658905963159,0.7623496280681904,2022-03-21 00:00:00+00:00,0.03078877893576537,0.02173542714057596,target,minute interval; not exact exchange fill
129,1116005.0,1116407.0,-1.0,923.0,0.7908000000000001,0.7855000000000001,0.3649542,0.36250825000000003,0.0,4.891899999999974,4.164437549999974,9909.808439459808,2.0,9905.644001909808,0.07368611267064248,1647499680.0,2022-03-17 00:05:00+00:00,2022-03-17 00:05:00+00:00,2022-03-17 06:47:00+00:00,2022-03-17 06:48:00+00:00,0.8967438281239604,0.7853095094125742,2022-03-22 00:00:00+00:00,0.05182454404990647,0.0425871905885905,target,minute interval; not exact exchange fill
130,1117445.0,1117494.0,-1.0,1053.0,0.7933,0.7878000000000001,0.41767245000000003,0.4147767,0.0,5.791499999999947,4.959050849999946,9914.767490309809,2.0,9909.808439459808,0.0842947575730874,1647564900.0,2022-03-18 00:05:00+00:00,2022-03-18 00:05:00+00:00,2022-03-18 00:54:00+00:00,2022-03-18 00:55:00+00:00,0.8860571288592185,0.787547789591931,2022-03-23 00:00:00+00:00,0.06201367462332126,0.05077183886478079,target,minute interval; not exact exchange fill
131,1118885.0,1119106.0,-1.0,741.0,0.7969,0.7914,0.29525145,0.2932137,0.0,4.075500000000044,3.4870348500000445,9918.25452515981,2.0,9914.767490309809,0.059557917074417294,1647661620.0,2022-03-19 00:05:00+00:00,2022-03-19 00:05:00+00:00,2022-03-19 03:46:00+00:00,2022-03-19 03:47:00+00:00,0.9293132011170012,0.7912187641535364,2022-03-24 00:00:00+00:00,0.04290535836712875,0.03553913024005771,target,minute interval; not exact exchange fill
132,1120325.0,1120354.0,-1.0,668.0,0.8199000000000001,0.8115,0.27384660000000005,0.271041,0.0,5.61120000000005,5.06631240000005,9923.32083755981,2.0,9918.25452515981,0.05522072443398757,1647736500.0,2022-03-20 00:05:00+00:00,2022-03-20 00:05:00+00:00,2022-03-20 00:34:00+00:00,2022-03-20 00:35:00+00:00,0.9669081772405882,0.8113127639275381,2022-03-25 00:00:00+00:00,0.05841332253517008,0.05159100767291258,target,minute interval; not exact exchange fill
133,1121765.0,1121916.0,-1.0,888.0,0.8041,0.7941,0.3570204,0.3525804,0.0,8.880000000000008,8.170399200000007,9931.491236759808,2.0,9923.32083755981,0.07195583128758194,1647830220.0,2022-03-21 00:05:00+00:00,2022-03-21 00:05:00+00:00,2022-03-21 02:36:00+00:00,2022-03-21 02:37:00+00:00,0.91441966706416,0.7939374355917079,2022-03-26 00:00:00+00:00,0.09211924472525593,0.08340217338263838,target,minute interval; not exact exchange fill
134,1123205.0,1124311.0,-1.0,963.0,0.8387,0.8321000000000001,0.40383405,0.40065615000000004,-0.162181615959,6.355799999999942,5.713491415958941,9937.204728175768,2.0,9931.491236759808,0.08132395032586316,1647973920.0,2022-03-22 00:05:00+00:00,2022-03-22 00:05:00+00:00,2022-03-22 18:31:00+00:00,2022-03-22 18:32:00+00:00,0.9404121028750455,0.8318643058551662,2022-03-27 00:00:00+00:00,0.06720630044618671,0.05833143475844477,target,minute interval; not exact exchange fill
135,1124645.0,1124703.0,-1.0,1046.0,0.8391000000000001,0.8339000000000001,0.43884930000000005,0.43612970000000006,0.0,5.439199999999982,4.564220999999981,9941.768949175766,2.0,9937.204728175768,0.08832449607397033,1647997440.0,2022-03-23 00:05:00+00:00,2022-03-23 00:05:00+00:00,2022-03-23 01:03:00+00:00,2022-03-23 01:04:00+00:00,0.9326737123417679,0.8336473583842768,2022-03-28 00:00:00+00:00,0.058271083611688396,0.04663168630162681,target,minute interval; not exact exchange fill
136,1126085.0,1126242.0,-1.0,1149.0,0.8377,0.8288000000000001,0.48125865,0.47614560000000006,0.0,10.226099999999894,9.268695749999894,9951.037644925767,2.0,9941.768949175766,0.09681549681154063,1648089780.0,2022-03-24 00:05:00+00:00,2022-03-24 00:05:00+00:00,2022-03-24 02:42:00+00:00,2022-03-24 02:43:00+00:00,0.9228011493477464,0.8285657016967644,2022-03-29 00:00:00+00:00,0.1073346056221923,0.09479014163530247,target,minute interval; not exact exchange fill
137,1127525.0,1127556.0,-1.0,1198.0,0.8408,0.8381000000000001,0.5036392000000001,0.5020219,0.0,3.2345999999999098,2.2289388999999096,9953.266583825767,2.0,9951.037644925767,0.1012234538690175,1648168620.0,2022-03-25 00:05:00+00:00,2022-03-25 00:05:00+00:00,2022-03-25 00:36:00+00:00,2022-03-25 00:37:00+00:00,0.9224675355754294,0.8378828313727982,2022-03-30 00:00:00+00:00,0.03572005211921051,0.022782002504305912,target,minute interval; not exact exchange fill
138,1128965.0,1136160.0,-1.0,913.0,0.8235,0.8617,0.37592775,0.39336605,-1.1697343784060001,-34.87660000000001,-34.47615942159401,9918.790424404173,4.0,9953.266583825767,0.07553856753136487,1648684800.0,2022-03-26 00:05:00+00:00,2022-03-26 00:05:00+00:00,2022-03-31 00:00:00+00:00,2022-03-31 00:00:00+00:00,0.9311223587103047,0.8195819298300105,2022-03-31 00:00:00+00:00,0.03640572662541277,-0.3508694827962771,timeout,minute interval; not exact exchange fill
139,1137605.0,1137746.0,-1.0,1972.0,0.8183,0.8116,0.8068438,0.8002376000000001,0.0,13.212400000000077,11.605318600000077,9930.395743004174,2.0,9918.790424404173,0.1626899582462884,1648780020.0,2022-04-01 00:05:00+00:00,2022-04-01 00:05:00+00:00,2022-04-01 02:26:00+00:00,2022-04-01 02:27:00+00:00,0.8672410938704651,0.8113730548321891,2022-04-06 00:00:00+00:00,0.14153637812315348,0.12024761881245043,target,minute interval; not exact exchange fill
140,1139045.0,1140131.0,-1.0,1275.0,0.8260000000000001,0.8253,0.526575,0.52612875,-0.2134848882,0.8925000000000433,0.05328113820004321,9930.449024142374,2.0,9930.395743004174,0.10605317524650815,1648923120.0,2022-04-02 00:05:00+00:00,2022-04-02 00:05:00+00:00,2022-04-02 18:11:00+00:00,2022-04-02 18:12:00+00:00,0.9024723420667954,0.8250975272575672,2022-04-07 00:00:00+00:00,0.011801295972399454,0.0005464606793856644,target,minute interval; not exact exchange fill
141,1140485.0,1140557.0,-1.0,1248.0,0.8227,0.8198000000000001,0.5133648,0.5115552000000001,0.0,3.6191999999998785,2.5942799999998787,9933.043304142375,2.0,9930.449024142374,0.10339206187996838,1648948680.0,2022-04-03 00:05:00+00:00,2022-04-03 00:05:00+00:00,2022-04-03 01:17:00+00:00,2022-04-03 01:18:00+00:00,0.9008619825053585,0.819617246306489,2022-04-08 00:00:00+00:00,0.039440577051632744,0.026595410369195664,target,minute interval; not exact exchange fill
142,1141925.0,1141946.0,-1.0,1414.0,0.8407,0.8363,0.5943749,0.5912641,0.0,6.221599999999943,5.035960999999943,9938.079265142374,2.0,9933.043304142375,0.11967629291460513,1649032020.0,2022-04-04 00:05:00+00:00,2022-04-04 00:05:00+00:00,2022-04-04 00:26:00+00:00,2022-04-04 00:27:00+00:00,0.9095462474027527,0.836046969249352,2022-04-09 00:00:00+00:00,0.06758582967387709,0.05173121461748051,target,minute interval; not exact exchange fill
143,1143365.0,1143748.0,-1.0,1725.0,0.8287,0.8230000000000001,0.71475375,0.7098375000000001,0.0,9.832499999999875,8.407908749999875,9946.487173892374,2.0,9938.079265142374,0.14384142668432626,1649140140.0,2022-04-05 00:05:00+00:00,2022-04-05 00:05:00+00:00,2022-04-05 06:28:00+00:00,2022-04-05 06:29:00+00:00,0.8849254452681007,0.8228319968620434,2022-04-10 00:00:00+00:00,0.10436561435798422,0.08668939795422588,target,minute interval; not exact exchange fill
144,1144805.0,1144805.0,-1.0,1796.0,0.8151,0.8150000000000001,0.7319598,0.73187,0.0,0.17959999999998022,-1.2842298000000198,9945.202944092374,2.0,9946.487173892374,0.14717955941696773,1649203560.0,2022-04-06 00:05:00+00:00,2022-04-06 00:05:00+00:00,2022-04-06 00:05:00+00:00,2022-04-06 00:06:00+00:00,0.8691154139807501,0.8148106801315376,2022-04-11 00:00:00+00:00,0.0053562464330197705,-0.013237887989803054,target,minute interval; not exact exchange fill
145,1146245.0,1146296.0,-1.0,1909.0,0.7646000000000001,0.7533000000000001,0.7298107000000001,0.7190248500000002,0.0,21.571699999999957,20.122864449999955,9965.325808542373,2.0,9945.202944092374,0.14676637653402952,1649293020.0,2022-04-07 00:05:00+00:00,2022-04-07 00:05:00+00:00,2022-04-07 00:56:00+00:00,2022-04-07 00:57:00+00:00,0.8154035895951327,0.753117894740557,2022-04-12 00:00:00+00:00,0.22600972393775717,0.20748632299419026,target,minute interval; not exact exchange fill
146,1147685.0,1148124.0,-1.0,1558.0,0.786,0.7835000000000001,0.612294,0.6103465000000001,0.0,3.894999999999917,2.672359499999917,9967.998168042373,2.0,9965.325808542373,0.12288489343221186,1649402700.0,2022-04-08 00:05:00+00:00,2022-04-08 00:05:00+00:00,2022-04-08 07:24:00+00:00,2022-04-08 07:25:00+00:00,0.848642755490028,0.7832471302242013,2022-04-13 00:00:00+00:00,0.04394554093708283,0.02738145834394204,target,minute interval; not exact exchange fill
147,1149125.0,1152008.0,-1.0,1167.0,0.7568,0.7519,0.4415928,0.43873365000000003,-0.53113671,5.718300000000018,5.369110260000019,9973.367278302374,2.0,9967.998168042373,0.08860210296100504,1649635740.0,2022-04-09 00:05:00+00:00,2022-04-09 00:05:00+00:00,2022-04-11 00:08:00+00:00,2022-04-11 00:09:00+00:00,0.8409011013321325,0.7517482202593482,2022-04-14 00:00:00+00:00,0.0600679380012081,0.05470534781501369,target,minute interval; not exact exchange fill
148,1153445.0,1157951.0,-1.0,1416.0,0.6980000000000001,0.7674000000000001,0.494184,0.5433192,-0.678625722595668,-98.27040000000002,-98.62927747740436,9874.738000824971,1.0,9973.367278302374,0.0991007322221303,1649992320.0,2022-04-12 00:05:00+00:00,2022-04-12 00:05:00+00:00,2022-04-15 03:11:00+00:00,2022-04-15 03:12:00+00:00,0.7672323575842537,0.6907807479302495,2022-04-17 00:00:00+00:00,0.10427569306685822,-1.006082227684121,stop,minute interval; not exact exchange fill
149,1159205.0,1159209.0,-1.0,793.0,0.7826000000000001,0.7816000000000001,0.31030090000000005,0.3099044,0.0,0.7930000000000007,0.17279470000000063,9874.910795524971,2.0,9874.738000824971,0.06284741933893868,1650067800.0,2022-04-16 00:05:00+00:00,2022-04-16 00:05:00+00:00,2022-04-16 00:09:00+00:00,2022-04-16 00:10:00+00:00,0.9058082241132597,0.7813896835353293,2022-04-21 00:00:00+00:00,0.009823341529199768,0.0017685507730368344,target,minute interval; not exact exchange fill
150,1160645.0,1160788.0,-1.0,764.0,0.7823,0.7735000000000001,0.2988386,0.29547700000000005,0.0,6.723199999999938,6.128884399999938,9881.039679924972,2.0,9874.910795524971,0.06052482016048695,1650162540.0,2022-04-17 00:05:00+00:00,2022-04-17 00:05:00+00:00,2022-04-17 02:28:00+00:00,2022-04-17 02:29:00+00:00,0.9102275142196561,0.7733178092939745,2022-04-22 00:00:00+00:00,0.07021312624430989,0.0627081675817267,target,minute interval; not exact exchange fill
151,1162085.0,1162339.0,-1.0,907.0,0.7499,0.7409,0.34007965,0.33599815,0.0,8.163000000000007,7.4869222000000075,9888.526602124974,2.0,9881.039679924972,0.06883479087548453,1650255600.0,2022-04-18 00:05:00+00:00,2022-04-18 00:05:00+00:00,2022-04-18 04:19:00+00:00,2022-04-18 04:20:00+00:00,0.8574915296822536,0.7407090720191561,2022-04-23 00:00:00+00:00,0.08542427092529607,0.07672165294403785,target,minute interval; not exact exchange fill
152,1163525.0,1163956.0,-1.0,948.0,0.769,0.7652,0.36450600000000005,0.3627048,0.0,3.6024000000000242,2.8751892000000243,9891.401791324974,2.0,9888.526602124974,0.07372301550398222,1650352620.0,2022-04-19 00:05:00+00:00,2022-04-19 00:05:00+00:00,2022-04-19 07:16:00+00:00,2022-04-19 07:17:00+00:00,0.8719382720112273,0.764985136748745,2022-04-24 00:00:00+00:00,0.03900262917583367,0.029463288442118325,target,minute interval; not exact exchange fill
153,1164965.0,1164982.0,-1.0,1035.0,0.7729,0.7691,0.39997575,0.39800925000000004,0.0,3.9330000000000265,3.1350150000000268,9894.536806324973,2.0,9891.401791324974,0.08087342086351998,1650414180.0,2022-04-20 00:05:00+00:00,2022-04-20 00:05:00+00:00,2022-04-20 00:22:00+00:00,2022-04-20 00:23:00+00:00,0.8671254784143759,0.76887974875389,2022-04-25 00:00:00+00:00,0.04266628637776898,0.03214629472804984,target,minute interval; not exact exchange fill
154,1166405.0,1167635.0,-1.0,1274.0,0.7522000000000001,0.7407,0.4791514000000001,0.4718259,-0.19195539799800002,14.651000000000083,13.891978097998082,9908.42878442297,2.0,9894.536806324973,0.0968517090549823,1650573360.0,2022-04-21 00:05:00+00:00,2022-04-21 00:05:00+00:00,2022-04-21 20:35:00+00:00,2022-04-21 20:36:00+00:00,0.8285774664014983,0.7404673827750323,2022-04-26 00:00:00+00:00,0.1536135954457062,0.14276751954142022,target,minute interval; not exact exchange fill
155,1169285.0,1169467.0,-1.0,962.0,0.7236,0.7144,0.3480516,0.3436264,0.0,8.850399999999986,8.158721999999987,9916.58750642297,2.0,9908.42878442297,0.07025364113171435,1650683280.0,2022-04-23 00:05:00+00:00,2022-04-23 00:05:00+00:00,2022-04-23 03:07:00+00:00,2022-04-23 03:08:00+00:00,0.8252965548507848,0.7142029699899372,2022-04-28 00:00:00+00:00,0.09240263865231962,0.08339515544497858,target,minute interval; not exact exchange fill
156,1170725.0,1171538.0,-1.0,866.0,0.7073,0.6993,0.3062609,0.3027969,-0.061546619999999996,6.928000000000006,6.380488820000006,9922.967995242969,2.0,9916.58750642297,0.061767397262744855,1650807540.0,2022-04-24 00:05:00+00:00,2022-04-24 00:05:00+00:00,2022-04-24 13:38:00+00:00,2022-04-24 13:39:00+00:00,0.8205088692231675,0.6990996627511027,2022-04-29 00:00:00+00:00,0.07243546645388811,0.06508120830600297,target,minute interval; not exact exchange fill
157,1172165.0,1172182.0,-1.0,1022.0,0.6967,0.6883,0.3560137,0.3517213,0.0,8.584799999999962,7.877064999999962,9930.845060242968,2.0,9922.967995242969,0.07175548690082877,1650846180.0,2022-04-25 00:05:00+00:00,2022-04-25 00:05:00+00:00,2022-04-25 00:22:00+00:00,2022-04-25 00:23:00+00:00,0.7925419053052698,0.688140509813432,2022-04-30 00:00:00+00:00,0.0893084309969091,0.08041889375477775,target,minute interval; not exact exchange fill
158,1173605.0,1173608.0,-1.0,1124.0,0.6929000000000001,0.6891,0.38940980000000003,0.3872742,0.0,4.271200000000029,3.4945160000000284,9934.339576242968,2.0,9930.845060242968,0.0784243027935173,1650931740.0,2022-04-26 00:05:00+00:00,2022-04-26 00:05:00+00:00,2022-04-26 00:08:00+00:00,2022-04-26 00:09:00+00:00,0.7800795309937151,0.6889100533104677,2022-05-01 00:00:00+00:00,0.0457670125550456,0.0356620409006807,target,minute interval; not exact exchange fill
159,1175045.0,1175085.0,-1.0,1380.0,0.6442,0.6374000000000001,0.444498,0.43980600000000003,0.0,9.383999999999887,8.499695999999886,9942.839272242967,2.0,9934.339576242968,0.08948717659359558,1651020360.0,2022-04-27 00:05:00+00:00,2022-04-27 00:05:00+00:00,2022-04-27 00:45:00+00:00,2022-04-27 00:46:00+00:00,0.7150500541161898,0.6372161307652641,2022-05-02 00:00:00+00:00,0.09857253211525856,0.0869328905507849,target,minute interval; not exact exchange fill
160,1176485.0,1177271.0,-1.0,1528.0,0.6503,0.6428,0.4968292,0.49109920000000007,-0.076094601696,11.459999999999926,10.548166201695924,9953.387438444664,2.0,9942.839272242967,0.09993708766609122,1651151520.0,2022-04-28 00:05:00+00:00,2022-04-28 00:05:00+00:00,2022-04-28 13:11:00+00:00,2022-04-28 13:12:00+00:00,0.7142540771970715,0.6426202300356381,2022-05-03 00:00:00+00:00,0.12008257019637823,0.10794073551757945,target,minute interval; not exact exchange fill
161,1177925.0,1178095.0,-1.0,1461.0,0.6424000000000001,0.6406000000000001,0.4692732000000001,0.46795830000000005,0.0,2.629800000000035,1.692568500000035,9955.080006944665,2.0,9953.387438444664,0.09429416927697323,1651200960.0,2022-04-29 00:05:00+00:00,2022-04-29 00:05:00+00:00,2022-04-29 02:55:00+00:00,2022-04-29 02:56:00+00:00,0.7094092229044822,0.6404695005646716,2022-05-04 00:00:00+00:00,0.02880945863348311,0.01728866489992581,target,minute interval; not exact exchange fill
162,1179365.0,1180425.0,-1.0,1127.0,0.6123000000000001,0.6077,0.34503105000000006,0.34243895,-0.136852430456,5.184200000000055,4.6335824304560544,9959.713589375122,2.0,9955.080006944665,0.06931758454162223,1651340760.0,2022-04-30 00:05:00+00:00,2022-04-30 00:05:00+00:00,2022-04-30 17:45:00+00:00,2022-04-30 17:46:00+00:00,0.6995083990628039,0.607512103373708,2022-05-05 00:00:00+00:00,0.054901783288603234,0.04714489398021361,target,minute interval; not exact exchange fill
163,1180805.0,1180831.0,-1.0,1048.0,0.5858,0.5789000000000001,0.30695920000000004,0.30334360000000005,0.0,7.231199999999902,6.620897199999902,9966.334486575122,2.0,9959.713589375122,0.06164016610426622,1651365120.0,2022-05-01 00:05:00+00:00,2022-05-01 00:05:00+00:00,2022-05-01 00:31:00+00:00,2022-05-01 00:32:00+00:00,0.6797475254843912,0.5787435845567228,2022-05-06 00:00:00+00:00,0.07511017886734604,0.0672465822535107,target,minute interval; not exact exchange fill
164,1182245.0,1183308.0,-1.0,1252.0,0.6059,0.5987,0.3792934,0.3747862,-0.018530627892,9.01439999999998,8.27885102789198,9974.613337603014,2.0,9966.334486575122,0.07611492480227647,1651513740.0,2022-05-02 00:05:00+00:00,2022-05-02 00:05:00+00:00,2022-05-02 17:48:00+00:00,2022-05-02 17:49:00+00:00,0.6844155142788679,0.5985462155971634,2022-05-07 00:00:00+00:00,0.09366027173582256,0.08421903469311805,target,minute interval; not exact exchange fill
165,1183685.0,1184649.0,-1.0,1394.0,0.6155,0.6112000000000001,0.42900350000000004,0.42600640000000006,-0.17216139071000003,5.9941999999999585,5.311351490709958,9979.924689093725,2.0,9974.613337603014,0.0860190737184191,1651594200.0,2022-05-03 00:05:00+00:00,2022-05-03 00:05:00+00:00,2022-05-03 16:09:00+00:00,2022-05-03 16:10:00+00:00,0.6859659025492179,0.6110552755673436,2022-05-08 00:00:00+00:00,0.06307624357116476,0.05407085664359044,target,minute interval; not exact exchange fill
166,1185125.0,1187468.0,-1.0,1551.0,0.6041000000000001,0.6008,0.4684795500000001,0.46592039999999996,-0.390191001024,5.118300000000125,4.574091051024125,9984.498780144748,2.0,9979.924689093725,0.09388438582346509,1651763340.0,2022-05-04 00:05:00+00:00,2022-05-04 00:05:00+00:00,2022-05-05 15:08:00+00:00,2022-05-05 15:09:00+00:00,0.6673838661315793,0.6006219561083573,2022-05-09 00:00:00+00:00,0.054959409155111195,0.04660151163755214,target,minute interval; not exact exchange fill
167,1188005.0,1188008.0,-1.0,1549.0,0.5969,0.596,0.46229905,0.461602,0.0,1.3941000000000185,0.4701989500000186,9984.968979094749,2.0,9984.498780144748,0.09260335649884228,1651795740.0,2022-05-06 00:05:00+00:00,2022-05-06 00:05:00+00:00,2022-05-06 00:08:00+00:00,2022-05-06 00:09:00+00:00,0.6603000027669453,0.5957941680300917,2022-05-11 00:00:00+00:00,0.0174421438745562,0.004787854680635327,target,minute interval; not exact exchange fill
168,1189445.0,1189545.0,-1.0,1132.0,0.6006,0.5985,0.33993960000000006,0.338751,0.0,2.3771999999999895,1.6985093999999894,9986.667488494748,2.0,9984.968979094749,0.0680902666221041,1651887960.0,2022-05-07 00:05:00+00:00,2022-05-07 00:05:00+00:00,2022-05-07 01:45:00+00:00,2022-05-07 01:46:00+00:00,0.6877307916023984,0.598312419970358,2022-05-12 00:00:00+00:00,0.026254553500223852,0.01722066301023586,target,minute interval; not exact exchange fill
169,1190885.0,1191005.0,-1.0,1068.0,0.5796,0.5756,0.3095064,0.30737040000000004,0.0,4.272000000000004,3.655123200000004,9990.322611694746,2.0,9986.667488494748,0.061983920132831154,1651975560.0,2022-05-08 00:05:00+00:00,2022-05-08 00:05:00+00:00,2022-05-08 02:05:00+00:00,2022-05-08 02:06:00+00:00,0.672066266531963,0.5754542129414912,2022-05-13 00:00:00+00:00,0.04483567049909691,0.03701241683438117,target,minute interval; not exact exchange fill
170,1192325.0,1192479.0,-1.0,1338.0,0.5646,0.5586,0.3777174,0.3737034,0.0,8.028000000000008,7.276579200000008,9997.599190894745,2.0,9990.322611694746,0.07561665717538314,1652064000.0,2022-05-09 00:05:00+00:00,2022-05-09 00:05:00+00:00,2022-05-09 02:39:00+00:00,2022-05-09 02:40:00+00:00,0.6382290550655951,0.5584122959972491,2022-05-14 00:00:00+00:00,0.08403888922978006,0.07386214579495837,target,minute interval; not exact exchange fill
171,1193765.0,1193768.0,-1.0,1296.0,0.48810000000000003,0.4837,0.31628880000000004,0.31343760000000004,0.0,5.7024000000000195,5.072673600000019,10002.671864494745,2.0,9997.599190894745,0.06327295062759832,1652141340.0,2022-05-10 00:05:00+00:00,2022-05-10 00:05:00+00:00,2022-05-10 00:08:00+00:00,2022-05-10 00:09:00+00:00,0.5643002373608885,0.4835808169987208,2022-05-15 00:00:00+00:00,0.059306678795187195,0.05136598172867393,target,minute interval; not exact exchange fill
172,1195205.0,1195319.0,-1.0,1267.0,0.513,0.5084000000000001,0.3249855,0.32207140000000006,0.0,5.828199999999921,5.18114309999992,10007.853007594746,2.0,10002.671864494745,0.06497973829443733,1652234400.0,2022-05-11 00:05:00+00:00,2022-05-11 00:05:00+00:00,2022-05-11 01:59:00+00:00,2022-05-11 02:00:00+00:00,0.5910010601831344,0.5082166610514934,2022-05-16 00:00:00+00:00,0.06132402479243284,0.052426210495074,target,minute interval; not exact exchange fill
173,1196645.0,1196759.0,-1.0,1267.0,0.4123,0.4061,0.26119205,0.25726435000000003,0.0,7.855399999999979,7.336943599999979,10015.189951194745,2.0,10007.853007594746,0.052197419326959926,1652320800.0,2022-05-12 00:05:00+00:00,2022-05-12 00:05:00+00:00,2022-05-12 01:59:00+00:00,2022-05-12 02:00:00+00:00,0.4904547639414089,0.40598341891686107,2022-05-17 00:00:00+00:00,0.08082144663470987,0.07409401177823571,target,minute interval; not exact exchange fill
174,1198085.0,1198086.0,-1.0,1284.0,0.38570000000000004,0.3831,0.24761940000000005,0.2459502,0.0,3.33840000000006,2.8448304000000597,10018.034781594746,2.0,10015.189951194745,0.049448767563407166,1652400420.0,2022-05-13 00:05:00+00:00,2022-05-13 00:05:00+00:00,2022-05-13 00:06:00+00:00,2022-05-13 00:07:00+00:00,0.4629033792155233,0.38295647654428877,2022-05-18 00:00:00+00:00,0.03553631309391742,0.028698225680185718,target,minute interval; not exact exchange fill
175,1199525.0,1200171.0,-1.0,772.0,0.42210000000000003,0.4178,0.1629306,0.16127080000000002,-0.023824034255999996,3.31960000000002,3.0192226342560198,10021.054004229003,2.0,10018.034781594746,0.03252745744092206,1652525520.0,2022-05-14 00:05:00+00:00,2022-05-14 00:05:00+00:00,2022-05-14 10:51:00+00:00,2022-05-14 10:52:00+00:00,0.551007096630605,0.4177046829767499,2022-05-19 00:00:00+00:00,0.03409678084555202,0.030338982493780735,target,minute interval; not exact exchange fill
176,1200965.0,1201059.0,-1.0,678.0,0.4242,0.4188,0.1438038,0.1419732,0.0,3.6612000000000107,3.3754230000000107,10024.429427229003,2.0,10021.054004229003,0.028700334304018936,1652578800.0,2022-05-15 00:05:00+00:00,2022-05-15 00:05:00+00:00,2022-05-15 01:39:00+00:00,2022-05-15 01:40:00+00:00,0.5710189732079615,0.41867393687483867,2022-05-20 00:00:00+00:00,0.03763861716519411,0.033909105146432465,target,minute interval; not exact exchange fill
177,1202405.0,1202592.0,-1.0,756.0,0.4454,0.4355,0.1683612,0.16461900000000002,0.0,7.484400000000015,7.151419800000015,10031.580847029003,2.0,10024.429427229003,0.03359018111149278,1652670780.0,2022-05-16 00:05:00+00:00,2022-05-16 00:05:00+00:00,2022-05-16 03:12:00+00:00,2022-05-16 03:13:00+00:00,0.5770665934063423,0.43539853308480103,2022-05-21 00:00:00+00:00,0.07596055048172323,0.07184472351924892,target,minute interval; not exact exchange fill
178,1203845.0,1204940.0,-1.0,888.0,0.4228,0.41850000000000004,0.1877232,0.18581400000000003,0.14133191328,3.818399999999974,3.3035308867199733,10034.884377915723,2.0,10031.580847029003,0.03742644411934275,1652811660.0,2022-05-17 00:05:00+00:00,2022-05-17 00:05:00+00:00,2022-05-17 18:20:00+00:00,2022-05-17 18:21:00+00:00,0.5349217013980828,0.4183569966057382,2022-05-22 00:00:00+00:00,0.039626614106462024,0.0331799499437812,target,minute interval; not exact exchange fill
179,1205285.0,1205398.0,-1.0,961.0,0.4384,0.4318,0.2106512,0.20747990000000002,0.0,6.342599999999995,5.924468899999995,10040.808846815724,2.0,10034.884377915723,0.041983782187583696,1652839140.0,2022-05-18 00:05:00+00:00,2022-05-18 00:05:00+00:00,2022-05-18 01:58:00+00:00,2022-05-18 01:59:00+00:00,0.541909119905689,0.4316169675464191,2022-05-23 00:00:00+00:00,0.06553077119930291,0.05955900316433047,target,minute interval; not exact exchange fill
180,1206725.0,1206852.0,-1.0,1331.0,0.4038,0.39280000000000004,0.2687289,0.26140840000000004,0.0,14.64099999999994,14.11086269999994,10054.919709515723,2.0,10040.808846815724,0.05352734109368548,1652926380.0,2022-05-19 00:05:00+00:00,2022-05-19 00:05:00+00:00,2022-05-19 02:12:00+00:00,2022-05-19 02:13:00+00:00,0.4784356929952159,0.39267413934416756,2022-05-24 00:00:00+00:00,0.1490689000039913,0.14204597793015092,target,minute interval; not exact exchange fill
181,1208165.0,1209038.0,-1.0,961.0,0.4194,0.4166,0.20152170000000003,0.20017630000000003,-0.04117478016500001,2.6907999999999705,2.3302767801649704,10057.249986295887,2.0,10054.919709515723,0.04008419874487609,1653057540.0,2022-05-20 00:05:00+00:00,2022-05-20 00:05:00+00:00,2022-05-20 14:38:00+00:00,2022-05-20 14:39:00+00:00,0.523141589279012,0.4164473297672422,2022-05-25 00:00:00+00:00,0.028461779439455333,0.02337390223007255,target,minute interval; not exact exchange fill
182,1209605.0,1209673.0,-1.0,858.0,0.4097,0.40490000000000004,0.1757613,0.17370210000000003,0.0,4.118399999999975,3.7689365999999755,10061.018922895886,2.0,10057.249986295887,0.03495215893797891,1653095640.0,2022-05-21 00:05:00+00:00,2022-05-21 00:05:00+00:00,2022-05-21 01:13:00+00:00,2022-05-21 01:14:00+00:00,0.5260208998621031,0.4047908056219634,2022-05-26 00:00:00+00:00,0.042203889274037544,0.03776363495474554,target,minute interval; not exact exchange fill
183,1211045.0,1213832.0,-1.0,823.0,0.4138,0.40700000000000003,0.17027869999999998,0.1674805,-0.006722541935823802,5.596399999999978,5.265363341935802,10066.284286237824,2.0,10061.018922895886,0.03384919585281692,1653345180.0,2022-05-22 00:05:00+00:00,2022-05-22 00:05:00+00:00,2022-05-23 22:32:00+00:00,2022-05-23 22:33:00+00:00,0.5351911673438075,0.4069029946727762,2022-05-27 00:00:00+00:00,0.05681636875350184,0.05270373848198227,target,minute interval; not exact exchange fill
184,1213925.0,1214666.0,-1.0,957.0,0.405,0.40040000000000003,0.19379250000000003,0.19159140000000002,0.039330265392,4.4021999999999935,3.9774858346079935,10070.261772072432,2.0,10066.284286237824,0.038503283732001195,1653395220.0,2022-05-24 00:05:00+00:00,2022-05-24 00:05:00+00:00,2022-05-24 12:26:00+00:00,2022-05-24 12:27:00+00:00,0.5094137702497539,0.4002765696356392,2022-05-29 00:00:00+00:00,0.04523761907134067,0.039805118942247864,target,minute interval; not exact exchange fill
185,1215365.0,1215871.0,-1.0,1142.0,0.40790000000000004,0.4031,0.23291090000000003,0.23017010000000002,0.08991499085600001,5.4816000000000304,4.92860400914403,10075.190376081575,2.0,10070.261772072432,0.04625716893396459,1653467520.0,2022-05-25 00:05:00+00:00,2022-05-25 00:05:00+00:00,2022-05-25 08:31:00+00:00,2022-05-25 08:32:00+00:00,0.4953002993588012,0.4030004632732749,2022-05-30 00:00:00+00:00,0.05605858060750202,0.04937929690930093,target,minute interval; not exact exchange fill
186,1216805.0,1217301.0,-1.0,1432.0,0.4063,0.3942,0.2909108,0.28224720000000003,0.017824145167708794,17.327199999999998,16.73621785483229,10091.926593936407,2.0,10075.190376081575,0.05774795098475162,1653553320.0,2022-05-26 00:05:00+00:00,2022-05-26 00:05:00+00:00,2022-05-26 08:21:00+00:00,2022-05-26 08:22:00+00:00,0.47584212358741623,0.39410594650892006,2022-05-31 00:00:00+00:00,0.17534772972170887,0.16806077192279523,target,minute interval; not exact exchange fill
187,1218245.0,1218305.0,-1.0,1127.0,0.3924,0.3885,0.22111740000000002,0.21891975,0.0,4.395300000000017,3.955262850000017,10095.881856786407,2.0,10091.926593936407,0.043820651674746684,1653613560.0,2022-05-27 00:05:00+00:00,2022-05-27 00:05:00+00:00,2022-05-27 01:05:00+00:00,2022-05-27 01:06:00+00:00,0.48119593487154344,0.38833634076478735,2022-06-01 00:00:00+00:00,0.0457640233316015,0.03952376879726649,target,minute interval; not exact exchange fill
188,1219685.0,1226880.0,-1.0,1363.0,0.381,0.39780000000000004,0.2596515,0.27110070000000003,0.0841569407752668,-22.898400000000052,-23.51330914077532,10072.368547645628,4.0,10095.881856786407,0.051437111424885266,1654128000.0,2022-05-28 00:05:00+00:00,2022-05-28 00:05:00+00:00,2022-06-02 00:00:00+00:00,2022-06-02 00:00:00+00:00,0.45429269686934964,0.3773152064302522,2022-06-02 00:00:00+00:00,0.050275044133200296,-0.23537329966825,timeout,minute interval; not exact exchange fill
189,1228325.0,1228802.0,-1.0,2048.0,0.4048,0.4032,0.41451520000000003,0.4128768,-0.08265728000000001,3.27679999999998,2.5320652799999803,10074.900612925629,2.0,10072.368547645628,0.08230739334828868,1654243380.0,2022-06-03 00:05:00+00:00,2022-06-03 00:05:00+00:00,2022-06-03 08:02:00+00:00,2022-06-03 08:03:00+00:00,0.45319152277492075,0.40303749301587843,2022-06-08 00:00:00+00:00,0.03642181281046585,0.025549103006131117,target,minute interval; not exact exchange fill
190,1229765.0,1229823.0,-1.0,2465.0,0.38970000000000005,0.38830000000000003,0.4803052500000001,0.4785797500000001,0.0,3.4510000000000303,2.49211500000003,10077.39272792563,2.0,10074.900612925629,0.09534689590561138,1654304640.0,2022-06-04 00:05:00+00:00,2022-06-04 00:05:00+00:00,2022-06-04 01:03:00+00:00,2022-06-04 01:04:00+00:00,0.42981687830321413,0.38814893612713186,2022-06-09 00:00:00+00:00,0.038663623354360487,0.025201362687261055,target,minute interval; not exact exchange fill
191,1231205.0,1234118.0,-1.0,2155.0,0.393,0.3889,0.42345750000000004,0.41903975000000004,-0.24973921338666852,8.835499999999984,8.242741963386653,10085.635469889017,2.0,10077.39272792563,0.08404108313186008,1654562340.0,2022-06-05 00:05:00+00:00,2022-06-05 00:05:00+00:00,2022-06-07 00:38:00+00:00,2022-06-07 00:39:00+00:00,0.4390105737670161,0.38880298955935333,2022-06-10 00:00:00+00:00,0.09121838953582945,0.0831317228392119,target,minute interval; not exact exchange fill
192,1235525.0,1235588.0,-1.0,2980.0,0.4087,0.4052,0.608963,0.6037480000000001,0.0,10.430000000000009,9.21728900000001,10094.852758889017,2.0,10085.635469889017,0.12075847909000444,1654650540.0,2022-06-08 00:05:00+00:00,2022-06-08 00:05:00+00:00,2022-06-08 01:08:00+00:00,2022-06-08 01:09:00+00:00,0.44176886708121016,0.40502365750396274,2022-06-13 00:00:00+00:00,0.11117231464292215,0.09353359437455555,target,minute interval; not exact exchange fill
193,1236965.0,1238416.0,-1.0,3531.0,0.3996,0.3956,0.7054938,0.6984318,0.14398912363624802,14.124000000000013,12.576085276363766,10107.42884416538,2.0,10094.852758889017,0.1397729747724706,1654820220.0,2022-06-09 00:05:00+00:00,2022-06-09 00:05:00+00:00,2022-06-10 00:16:00+00:00,2022-06-10 00:17:00+00:00,0.4274265747932037,0.3954612652970724,2022-06-14 00:00:00+00:00,0.14873317085142937,0.12799352627697072,target,minute interval; not exact exchange fill
194,1239845.0,1240380.0,-1.0,3347.0,0.38130000000000003,0.3798,0.63810555,0.6355953000000001,0.19760145786000002,5.020500000000005,3.549197692140005,10110.978041857521,2.0,10107.42884416538,0.12626466331610203,1654938060.0,2022-06-11 00:05:00+00:00,2022-06-11 00:05:00+00:00,2022-06-11 09:00:00+00:00,2022-06-11 09:01:00+00:00,0.41076328396939216,0.3796256236926304,2022-06-16 00:00:00+00:00,0.0568292492143452,0.03599095135157398,target,minute interval; not exact exchange fill
195,1241285.0,1241351.0,-1.0,2704.0,0.35960000000000003,0.35700000000000004,0.48617920000000003,0.48266400000000004,0.0,7.030399999999976,6.061556799999977,10117.039598657522,2.0,10110.978041857521,0.09616857993110278,1654996320.0,2022-06-12 00:05:00+00:00,2022-06-12 00:05:00+00:00,2022-06-12 01:11:00+00:00,2022-06-12 01:12:00+00:00,0.3962873921164609,0.3568301595063264,2022-06-17 00:00:00+00:00,0.0754984296752686,0.061102735045432316,target,minute interval; not exact exchange fill
196,1242725.0,1242779.0,-1.0,2991.0,0.3421,0.33990000000000004,0.5116105500000001,0.50832045,0.0,6.580199999999939,5.560268999999939,10122.599867657522,2.0,10117.039598657522,0.10113839033859036,1655082000.0,2022-06-13 00:05:00+00:00,2022-06-13 00:05:00+00:00,2022-06-13 00:59:00+00:00,2022-06-13 01:00:00+00:00,0.3752453052861267,0.33979423922348656,2022-06-18 00:00:00+00:00,0.06956522972436023,0.05608637434327941,target,minute interval; not exact exchange fill
197,1245605.0,1245650.0,-1.0,2736.0,0.32030000000000003,0.319,0.4381704,0.436392,0.0,3.556800000000064,2.6822376000000636,10125.282105257522,2.0,10122.599867657522,0.0865726998456173,1655254260.0,2022-06-15 00:05:00+00:00,2022-06-15 00:05:00+00:00,2022-06-15 00:50:00+00:00,2022-06-15 00:51:00+00:00,0.3566443780174318,0.31888879330289294,2022-06-20 00:00:00+00:00,0.038828748050943065,0.026973910504943015,target,minute interval; not exact exchange fill
198,1247045.0,1247157.0,-1.0,3167.0,0.3462,0.33740000000000003,0.5482077000000001,0.5342729,0.0,27.86959999999992,26.78711939999992,10152.069224657522,2.0,10125.282105257522,0.10828492367937974,1655344680.0,2022-06-16 00:05:00+00:00,2022-06-16 00:05:00+00:00,2022-06-16 01:57:00+00:00,2022-06-16 01:58:00+00:00,0.37747833013979115,0.3373096446982904,2022-06-21 00:00:00+00:00,0.28423369348607375,0.2704172493287857,target,minute interval; not exact exchange fill
199,1248485.0,1250333.0,-1.0,2164.0,0.3118,0.31120000000000003,0.33736760000000005,0.33671840000000003,-0.167417474267,1.2983999999999771,0.791731474266977,10152.86095613179,2.0,10152.069224657522,0.06646282497376904,1655535240.0,2022-06-17 00:05:00+00:00,2022-06-17 00:05:00+00:00,2022-06-18 06:53:00+00:00,2022-06-18 06:54:00+00:00,0.358063690886783,0.31108257772303266,2022-06-22 00:00:00+00:00,0.015507242574377484,0.0079082497469849,target,minute interval; not exact exchange fill
200,1251365.0,1251440.0,-1.0,2164.0,0.3079,0.3039,0.33314780000000005,0.3288198,0.0,8.656000000000008,7.994032400000007,10160.85498853179,2.0,10152.86095613179,0.06562638874686773,1655601660.0,2022-06-19 00:05:00+00:00,2022-06-19 00:05:00+00:00,2022-06-19 01:20:00+00:00,2022-06-19 01:21:00+00:00,0.35418315471586836,0.3037398339960078,2022-06-24 00:00:00+00:00,0.08988510030336992,0.0798152161985939,target,minute interval; not exact exchange fill
201,1252805.0,1252835.0,-1.0,2303.0,0.32680000000000003,0.322,0.3763102000000001,0.37078300000000003,0.0,11.054400000000062,10.307306800000061,10171.162295331791,2.0,10160.85498853179,0.07407057780565288,1655685360.0,2022-06-20 00:05:00+00:00,2022-06-20 00:05:00+00:00,2022-06-20 00:35:00+00:00,2022-06-20 00:36:00+00:00,0.37025000528639845,0.3219101965835329,2022-06-25 00:00:00+00:00,0.11253861499523941,0.10300574120760965,target,minute interval; not exact exchange fill
202,1254245.0,1254271.0,-1.0,2036.0,0.32220000000000004,0.3204,0.32799960000000006,0.32616720000000005,0.0,3.6648000000000485,3.0106332000000484,10174.17292853179,2.0,10171.162295331791,0.06449599180037476,1655771520.0,2022-06-21 00:05:00+00:00,2022-06-21 00:05:00+00:00,2022-06-21 00:31:00+00:00,2022-06-21 00:32:00+00:00,0.37150150488540884,0.3202776162634395,2022-06-26 00:00:00+00:00,0.03899239467494446,0.029992999269230373,target,minute interval; not exact exchange fill
203,1255685.0,1255688.0,-1.0,2294.0,0.3276,0.3264,0.3757572,0.3743808,0.0,2.7527999999999517,2.002661999999952,10176.175590531791,2.0,10174.17292853179,0.07386491317564514,1655856540.0,2022-06-22 00:05:00+00:00,2022-06-22 00:05:00+00:00,2022-06-22 00:08:00+00:00,2022-06-22 00:09:00+00:00,0.3712914827068501,0.32626658747428844,2022-06-27 00:00:00+00:00,0.030518820674000774,0.019981011078461466,target,minute interval; not exact exchange fill
204,1257125.0,1258627.0,-1.0,2938.0,0.32220000000000004,0.3563,0.47331180000000006,0.5234047000000001,0.134711131152,-100.18579999999989,-101.3172276311519,10074.858362900639,1.0,10176.175590531791,0.09302351277043275,1656032880.0,2022-06-23 00:05:00+00:00,2022-06-23 00:05:00+00:00,2022-06-24 01:07:00+00:00,2022-06-24 01:08:00+00:00,0.3561735928318889,0.3162645851595207,2022-06-28 00:00:00+00:00,0.17470671617951847,-1.0150560605892414,stop,minute interval; not exact exchange fill
205,1260005.0,1260006.0,-1.0,2037.0,0.36660000000000004,0.36460000000000004,0.37338210000000005,0.37134510000000004,0.0,4.074000000000003,3.329272800000003,10078.187635700639,2.0,10074.858362900639,0.07412155815012374,1656115620.0,2022-06-25 00:05:00+00:00,2022-06-25 00:05:00+00:00,2022-06-25 00:06:00+00:00,2022-06-25 00:07:00+00:00,0.41533455217079474,0.3644475229022056,2022-06-30 00:00:00+00:00,0.04416737205773169,0.03353678093259372,target,minute interval; not exact exchange fill
206,1261445.0,1261535.0,-1.0,1404.0,0.3668,0.36310000000000003,0.25749360000000004,0.2548962,0.0,5.194799999999973,4.682410199999973,10082.870045900638,2.0,10078.187635700639,0.05109918753404892,1656207360.0,2022-06-26 00:05:00+00:00,2022-06-26 00:05:00+00:00,2022-06-26 01:35:00+00:00,2022-06-26 01:36:00+00:00,0.4277639322965351,0.36297837647265446,2022-07-01 00:00:00+00:00,0.06268663098628165,0.05470529662978335,target,minute interval; not exact exchange fill
207,1262885.0,1263703.0,-1.0,1856.0,0.35950000000000004,0.3539,0.333616,0.3284192,-0.05245976575999999,10.393600000000092,9.784024565760092,10092.654070466398,2.0,10082.870045900638,0.06617480905362602,1656337440.0,2022-06-27 00:05:00+00:00,2022-06-27 00:05:00+00:00,2022-06-27 13:43:00+00:00,2022-06-27 13:44:00+00:00,0.4130940811257201,0.35373146200260097,2022-07-02 00:00:00+00:00,0.1076338632220848,0.09836095421869635,target,minute interval; not exact exchange fill
208,1264325.0,1264407.0,-1.0,1596.0,0.35350000000000004,0.3509,0.28209300000000004,0.2800182,0.0,4.149600000000074,3.5874888000000738,10096.241559266398,2.0,10092.654070466398,0.05590065765267312,1656379680.0,2022-06-28 00:05:00+00:00,2022-06-28 00:05:00+00:00,2022-06-28 01:27:00+00:00,2022-06-28 01:28:00+00:00,0.4160119031577646,0.3508268198208187,2022-07-03 00:00:00+00:00,0.04276273868090193,0.03595795178923214,target,minute interval; not exact exchange fill
209,1265765.0,1265908.0,-1.0,1988.0,0.3365,0.3342,0.33448100000000003,0.3321948,0.0,4.572400000000048,3.905724200000048,10100.147283466398,2.0,10096.241559266398,0.06625851769424258,1656469740.0,2022-06-29 00:05:00+00:00,2022-06-29 00:05:00+00:00,2022-06-29 02:28:00+00:00,2022-06-29 02:29:00+00:00,0.3866140890296287,0.3340336630093612,2022-07-04 00:00:00+00:00,0.04921444325129104,0.03920354610932816,target,minute interval; not exact exchange fill
210,1267205.0,1267251.0,-1.0,2184.0,0.3294,0.32430000000000003,0.35970480000000005,0.3541356,0.0,11.138399999999987,10.424559599999988,10110.571843066398,2.0,10100.147283466398,0.07122763458881926,1656550320.0,2022-06-30 00:05:00+00:00,2022-06-30 00:05:00+00:00,2022-06-30 00:51:00+00:00,2022-06-30 00:52:00+00:00,0.374977882632613,0.324180608619068,2022-07-05 00:00:00+00:00,0.11451588093733257,0.10472513693702383,target,minute interval; not exact exchange fill
211,1270085.0,1270137.0,-1.0,2371.0,0.3131,0.3119,0.37118005,0.36975745,0.0,2.84519999999995,2.10426249999995,10112.676105566397,2.0,10110.571843066398,0.07342414568856397,1656723480.0,2022-07-02 00:05:00+00:00,2022-07-02 00:05:00+00:00,2022-07-02 00:57:00+00:00,2022-07-02 00:58:00+00:00,0.35508954404163534,0.31179798821910976,2022-07-07 00:00:00+00:00,0.031007999982071828,0.021136214270866226,target,minute interval; not exact exchange fill
212,1271525.0,1271812.0,-1.0,1874.0,0.31520000000000004,0.3119,0.29534240000000006,0.29225029999999996,0.0,6.184200000000047,5.596607300000047,10118.272712866397,2.0,10112.676105566397,0.05841033509170386,1656823980.0,2022-07-03 00:05:00+00:00,2022-07-03 00:05:00+00:00,2022-07-03 04:52:00+00:00,2022-07-03 04:53:00+00:00,0.36614304052063806,0.31178375213474624,2022-07-08 00:00:00+00:00,0.06706014855689281,0.058623316737251976,target,minute interval; not exact exchange fill
213,1272965.0,1273137.0,-1.0,2299.0,0.3206,0.3174,0.3685297,0.36485130000000005,0.0,7.356799999999955,6.623418999999956,10124.896131866399,2.0,10118.272712866397,0.07284438964199444,1656903480.0,2022-07-04 00:05:00+00:00,2022-07-04 00:05:00+00:00,2022-07-04 02:57:00+00:00,2022-07-04 02:58:00+00:00,0.3639553751132703,0.31730410385293034,2022-07-09 00:00:00+00:00,0.07602047355048346,0.06645081474841531,target,minute interval; not exact exchange fill
214,1274405.0,1274529.0,-1.0,1949.0,0.32780000000000004,0.32630000000000003,0.3194411000000001,0.31797935,0.0,2.9235000000000024,2.2860795500000024,10127.182211416399,2.0,10124.896131866399,0.06310012386094771,1656987000.0,2022-07-05 00:05:00+00:00,2022-07-05 00:05:00+00:00,2022-07-05 02:09:00+00:00,2022-07-05 02:10:00+00:00,0.37908068310412246,0.3262102013197496,2022-07-10 00:00:00+00:00,0.031001901379169413,0.02287313524311669,target,minute interval; not exact exchange fill
215,1275845.0,1275864.0,-1.0,2661.0,0.32580000000000003,0.3225,0.43347690000000005,0.42908625,0.0,8.781300000000067,7.918736850000067,10135.1009482664,2.0,10127.182211416399,0.0856066161249356,1657067100.0,2022-07-06 00:05:00+00:00,2022-07-06 00:05:00+00:00,2022-07-06 00:24:00+00:00,2022-07-06 00:25:00+00:00,0.36319806706528757,0.32241186579357495,2022-07-11 00:00:00+00:00,0.09059650597744166,0.0795722943328848,target,minute interval; not exact exchange fill
216,1277285.0,1277417.0,-1.0,3022.0,0.3311,0.3286,0.5002921,0.49651460000000003,0.0,7.555000000000007,6.558193300000006,10141.6591415664,2.0,10135.1009482664,0.09872464074185162,1657160280.0,2022-07-07 00:05:00+00:00,2022-07-07 00:05:00+00:00,2022-07-07 02:17:00+00:00,2022-07-07 02:18:00+00:00,0.3639712424406875,0.3284493311649045,2022-07-12 00:00:00+00:00,0.08063792659733966,0.06601971324679302,target,minute interval; not exact exchange fill
217,1278725.0,1279377.0,-1.0,2633.0,0.342,0.3415,0.45024300000000006,0.44958475000000003,-0.09323453000000001,1.3165000000000011,0.509906780000001,10142.169048346403,2.0,10141.6591415664,0.08879079718911931,1657277880.0,2022-07-08 00:05:00+00:00,2022-07-08 00:05:00+00:00,2022-07-08 10:57:00+00:00,2022-07-08 10:58:00+00:00,0.3798346056094206,0.34133924288288003,2022-07-13 00:00:00+00:00,0.017464358527777744,0.005118594389464977,target,minute interval; not exact exchange fill
218,1280165.0,1281747.0,-1.0,4190.0,0.34140000000000004,0.3385,0.7152330000000001,0.7091575,-0.28238116848330297,12.151000000000057,11.00899066848336,10153.178039014887,2.0,10142.169048346403,0.14104142744822676,1657420080.0,2022-07-09 00:05:00+00:00,2022-07-09 00:05:00+00:00,2022-07-10 02:27:00+00:00,2022-07-10 02:28:00+00:00,0.364927246022215,0.3384064763582168,2022-07-14 00:00:00+00:00,0.12723646613618456,0.11167665230103099,target,minute interval; not exact exchange fill
219,1283045.0,1283316.0,-1.0,3363.0,0.32430000000000003,0.3215,0.5453104500000001,0.5406022500000001,0.0,9.416400000000083,8.330487300000083,10161.508526314889,2.0,10153.178039014887,0.10741670202267208,1657514220.0,2022-07-11 00:05:00+00:00,2022-07-11 00:05:00+00:00,2022-07-11 04:36:00+00:00,2022-07-11 04:37:00+00:00,0.35383540679676295,0.32136477438875594,2022-07-16 00:00:00+00:00,0.09937989449211844,0.08386882960662369,target,minute interval; not exact exchange fill
220,1284485.0,1284614.0,-1.0,2953.0,0.31570000000000004,0.3131,0.4661310500000001,0.46229215,0.0,7.677800000000138,6.749376800000138,10168.257903114889,2.0,10161.508526314889,0.09174445876670329,1657592100.0,2022-07-12 00:05:00+00:00,2022-07-12 00:05:00+00:00,2022-07-12 02:14:00+00:00,2022-07-12 02:15:00+00:00,0.3494673481400594,0.3130314842556035,2022-07-17 00:00:00+00:00,0.07902651204139935,0.06768668923955445,target,minute interval; not exact exchange fill
221,1287365.0,1287529.0,-1.0,3376.0,0.324,0.32020000000000004,0.5469120000000001,0.5404976,0.0,12.828799999999898,11.741390399999897,10179.99929351489,2.0,10168.257903114889,0.10757240919950742,1657767000.0,2022-07-14 00:05:00+00:00,2022-07-14 00:05:00+00:00,2022-07-14 02:49:00+00:00,2022-07-14 02:50:00+00:00,0.35346248836302574,0.3200619998325829,2022-07-19 00:00:00+00:00,0.1336614925017389,0.11804501904749491,target,minute interval; not exact exchange fill
222,1288805.0,1288807.0,-1.0,3415.0,0.3335,0.33330000000000004,0.5694512500000001,0.5691097500000001,0.0,0.6829999999999248,-0.4555610000000754,10179.54373251489,2.0,10179.99929351489,0.11187648124155877,1657843680.0,2022-07-15 00:05:00+00:00,2022-07-15 00:05:00+00:00,2022-07-15 00:07:00+00:00,2022-07-15 00:08:00+00:00,0.3626393816041176,0.3331658920283168,2022-07-20 00:00:00+00:00,0.011465856627375866,-0.004577996946276021,target,minute interval; not exact exchange fill
223,1290245.0,1290263.0,-1.0,4311.0,0.3342,0.33280000000000004,0.7203681000000001,0.7173504,0.0,6.035399999999814,4.597681499999814,10184.141414014892,2.0,10179.54373251489,0.14153249279710706,1657931040.0,2022-07-16 00:05:00+00:00,2022-07-16 00:05:00+00:00,2022-07-16 00:23:00+00:00,2022-07-16 00:24:00+00:00,0.35417599696781127,0.3326821365807357,2022-07-21 00:00:00+00:00,0.07598436371962501,0.05338907498426653,target,minute interval; not exact exchange fill
224,1291685.0,1291777.0,-1.0,3331.0,0.35150000000000003,0.3476,0.5854232500000001,0.5789278000000001,0.0,12.990900000000048,11.826548950000047,10195.96796296489,2.0,10184.141414014892,0.11496761998893115,1658021880.0,2022-07-17 00:05:00+00:00,2022-07-17 00:05:00+00:00,2022-07-17 01:37:00+00:00,2022-07-17 01:38:00+00:00,0.38137773585926815,0.3475124841184221,2022-07-22 00:00:00+00:00,0.13346111299598312,0.11883263232272868,target,minute interval; not exact exchange fill
225,1293125.0,1293792.0,-1.0,3517.0,0.34450000000000003,0.3698,0.60580325,0.6502933000000001,-0.08843736225894679,-88.98009999999996,-90.14775918774102,10105.82020377715,1.0,10195.96796296489,0.11883192497278859,1658142780.0,2022-07-18 00:05:00+00:00,2022-07-18 00:05:00+00:00,2022-07-18 11:12:00+00:00,2022-07-18 11:13:00+00:00,0.36964784454901045,0.3394185670147296,2022-07-23 00:00:00+00:00,0.20206236663214835,-1.019252535477766,stop,minute interval; not exact exchange fill
226,1294565.0,1294566.0,-1.0,2433.0,0.3642,0.3633,0.44304930000000003,0.44195445,0.0,2.189700000000029,1.304696250000029,10107.12490002715,2.0,10105.82020377715,0.087682007212914,1658189220.0,2022-07-19 00:05:00+00:00,2022-07-19 00:05:00+00:00,2022-07-19 00:06:00+00:00,2022-07-19 00:07:00+00:00,0.40502305127920013,0.3631468851210108,2022-07-24 00:00:00+00:00,0.025797064305328216,0.01313596076717662,target,minute interval; not exact exchange fill
227,1296005.0,1296010.0,-1.0,2407.0,0.3709,0.37060000000000004,0.44637815000000003,0.44601710000000006,0.0,0.7220999999999205,-0.1702952500000796,10106.95460477715,2.0,10107.12490002715,0.08832940216238962,1658275860.0,2022-07-20 00:05:00+00:00,2022-07-20 00:05:00+00:00,2022-07-20 00:10:00+00:00,2022-07-20 00:11:00+00:00,0.41215788612695653,0.37044235748620924,2022-07-25 00:00:00+00:00,0.011092243368517121,-0.0017148236771589562,target,minute interval; not exact exchange fill
228,1297445.0,1297584.0,-1.0,2357.0,0.3614,0.3594,0.4259099,0.4235529,0.0,4.714000000000004,3.8645372000000044,10110.81914197715,2.0,10106.95460477715,0.08428056059511528,1658370300.0,2022-07-21 00:05:00+00:00,2022-07-21 00:05:00+00:00,2022-07-21 02:24:00+00:00,2022-07-21 02:25:00+00:00,0.4035626969993923,0.3593187133724475,2022-07-26 00:00:00+00:00,0.049363223315209745,0.03888745542116611,target,minute interval; not exact exchange fill
229,1300325.0,1300326.0,-1.0,3559.0,0.35710000000000003,0.3564,0.63545945,0.6342138,0.0,2.4913000000001206,1.2216267500001208,10112.040768727149,2.0,10110.81914197715,0.12569890551434337,1658534820.0,2022-07-23 00:05:00+00:00,2022-07-23 00:05:00+00:00,2022-07-23 00:06:00+00:00,2022-07-23 00:07:00+00:00,0.38480842096788687,0.35624483286037223,2022-07-28 00:00:00+00:00,0.030863077351788122,0.012387930744875342,target,minute interval; not exact exchange fill
230,1301765.0,1301990.0,-1.0,3301.0,0.3604,0.3562,0.5948402,0.5879081,0.0,13.86419999999994,12.68145169999994,10124.72222042715,2.0,10112.040768727149,0.11764988168157384,1658634660.0,2022-07-24 00:05:00+00:00,2022-07-24 00:05:00+00:00,2022-07-24 03:50:00+00:00,2022-07-24 03:51:00+00:00,0.3903229956179848,0.35603304650256545,2022-07-29 00:00:00+00:00,0.14593971650384666,0.12838621002540881,target,minute interval; not exact exchange fill
231,1303205.0,1303225.0,-1.0,3262.0,0.35860000000000003,0.3569,0.5848766000000001,0.5821039,0.0,5.545400000000114,4.378419500000113,10129.10063992715,2.0,10124.72222042715,0.11553434993406167,1658708760.0,2022-07-25 00:05:00+00:00,2022-07-25 00:05:00+00:00,2022-07-25 00:25:00+00:00,2022-07-25 00:26:00+00:00,0.38892984224866856,0.35673953801902875,2022-07-30 00:00:00+00:00,0.06134097123610849,0.044255093349816525,target,minute interval; not exact exchange fill
232,1304645.0,1304648.0,-1.0,2569.0,0.3356,0.3342,0.4310782,0.4292799,0.0,3.5966000000000315,2.7362419000000315,10131.83688182715,2.0,10129.10063992715,0.08511677696255972,1658794140.0,2022-07-26 00:05:00+00:00,2022-07-26 00:05:00+00:00,2022-07-26 00:08:00+00:00,2022-07-26 00:09:00+00:00,0.3743490459832813,0.3341195538053779,2022-07-31 00:00:00+00:00,0.038206003710668804,0.027487128340128994,target,minute interval; not exact exchange fill
233,1306085.0,1306203.0,-1.0,2658.0,0.337,0.335,0.4478730000000001,0.445215,0.0,5.316000000000004,4.422912000000004,10136.25979382715,2.0,10131.83688182715,0.08840904274787964,1658887440.0,2022-07-27 00:05:00+00:00,2022-07-27 00:05:00+00:00,2022-07-27 02:03:00+00:00,2022-07-27 02:04:00+00:00,0.37443402331336134,0.3348579420549051,2022-08-01 00:00:00+00:00,0.05722222073656607,0.04445154040939196,target,minute interval; not exact exchange fill
234,1307525.0,1307631.0,-1.0,2231.0,0.35860000000000003,0.3552,0.4000183,0.39622560000000007,0.0,7.585400000000032,6.789156100000032,10143.04894992715,2.0,10136.25979382715,0.07892818616263288,1658973120.0,2022-07-28 00:05:00+00:00,2022-07-28 00:05:00+00:00,2022-07-28 01:51:00+00:00,2022-07-28 01:52:00+00:00,0.4033167164298906,0.3551006431023368,2022-08-02 00:00:00+00:00,0.07825612381780589,0.0680528500962534,target,minute interval; not exact exchange fill
235,1310405.0,1310438.0,-1.0,2981.0,0.3688,0.36610000000000004,0.5496964000000001,0.5456720500000001,0.0,8.048699999999942,6.953331549999941,10150.002281477151,2.0,10143.04894992715,0.10838878974432005,1659141540.0,2022-07-30 00:05:00+00:00,2022-07-30 00:05:00+00:00,2022-07-30 00:38:00+00:00,2022-07-30 00:39:00+00:00,0.40210269259228654,0.3660011486804782,2022-08-04 00:00:00+00:00,0.08404279358991085,0.07004088313688603,target,minute interval; not exact exchange fill
236,1311845.0,1312370.0,-1.0,2363.0,0.38630000000000003,0.3845,0.45641345,0.45428675,-0.09259475047599999,4.253400000000056,3.435294550476056,10153.437576027627,2.0,10150.002281477151,0.08993366451412801,1659257460.0,2022-07-31 00:05:00+00:00,2022-07-31 00:05:00+00:00,2022-07-31 08:50:00+00:00,2022-07-31 08:51:00+00:00,0.4285074352306557,0.3843658137045273,2022-08-05 00:00:00+00:00,0.045825724422788136,0.03444381882138446,target,minute interval; not exact exchange fill
237,1313285.0,1313730.0,-1.0,2662.0,0.3796,0.377,0.5052476,0.501787,0.0,6.921199999999977,5.914165399999977,10159.351741427627,2.0,10153.437576027627,0.09952247132397699,1659339060.0,2022-08-01 00:05:00+00:00,2022-08-01 00:05:00+00:00,2022-08-01 07:30:00+00:00,2022-08-01 07:31:00+00:00,0.4170098413100111,0.3768428621220347,2022-08-06 00:00:00+00:00,0.07370087071787305,0.059388116126690156,target,minute interval; not exact exchange fill
238,1314725.0,1314830.0,-1.0,2006.0,0.3793,0.3769,0.3804379,0.37803070000000005,0.0,4.814400000000027,4.055931400000027,10163.407672827627,2.0,10159.351741427627,0.07489412901192445,1659405060.0,2022-08-02 00:05:00+00:00,2022-08-02 00:05:00+00:00,2022-08-02 01:50:00+00:00,2022-08-02 01:51:00+00:00,0.42919331303713554,0.3767421409417448,2022-08-07 00:00:00+00:00,0.051266570659507404,0.04052446864963881,target,minute interval; not exact exchange fill
239,1316165.0,1316183.0,-1.0,2121.0,0.37060000000000004,0.369,0.3930213000000001,0.3913245,0.0,3.393600000000097,2.609254200000097,10166.016927027627,2.0,10163.407672827627,0.07734045758112448,1659486240.0,2022-08-03 00:05:00+00:00,2022-08-03 00:05:00+00:00,2022-08-03 00:23:00+00:00,2022-08-03 00:24:00+00:00,0.4177869241296633,0.3688561306560909,2022-08-08 00:00:00+00:00,0.03695662254054146,0.026070781740713245,target,minute interval; not exact exchange fill
240,1317605.0,1318460.0,-1.0,1996.0,0.3694,0.3653,0.3686612,0.36456940000000004,0.06891626525200001,8.183599999999984,7.381453134747985,10173.398380162374,2.0,10166.016927027627,0.0725281499423571,1659622860.0,2022-08-04 00:05:00+00:00,2022-08-04 00:05:00+00:00,2022-08-04 14:20:00+00:00,2022-08-04 14:21:00+00:00,0.41958973049336123,0.3651565645487618,2022-08-09 00:00:00+00:00,0.08454788279445982,0.07368285855787084,target,minute interval; not exact exchange fill
241,1319045.0,1319118.0,-1.0,2556.0,0.37120000000000003,0.3705,0.4743936000000001,0.473499,0.0,1.7892000000000867,0.8413074000000867,10174.239687562374,2.0,10173.398380162374,0.09326157932142796,1659662340.0,2022-08-05 00:05:00+00:00,2022-08-05 00:05:00+00:00,2022-08-05 01:18:00+00:00,2022-08-05 01:19:00+00:00,0.41027898239810723,0.37033069172817873,2022-08-10 00:00:00+00:00,0.022244905534270155,0.008422686052745744,target,minute interval; not exact exchange fill
242,1320485.0,1320534.0,-1.0,2618.0,0.3768,0.37470000000000003,0.4932312000000001,0.4904823000000001,0.0,5.497799999999976,4.5140864999999755,10178.753774062374,2.0,10174.239687562374,0.09695686658590452,1659747300.0,2022-08-06 00:05:00+00:00,2022-08-06 00:05:00+00:00,2022-08-06 00:54:00+00:00,2022-08-06 00:55:00+00:00,0.4149216108476647,0.3745502303633691,2022-08-11 00:00:00+00:00,0.059015597363424294,0.04523025028743289,target,minute interval; not exact exchange fill
243,1321925.0,1321977.0,-1.0,2181.0,0.37070000000000003,0.36810000000000004,0.40424835000000003,0.40141305000000005,0.0,5.670599999999981,4.864938599999981,10183.618712662374,2.0,10178.753774062374,0.07942983177962526,1659833880.0,2022-08-07 00:05:00+00:00,2022-08-07 00:05:00+00:00,2022-08-07 00:57:00+00:00,2022-08-07 00:58:00+00:00,0.4065714788934983,0.3679986345119517,2022-08-12 00:00:00+00:00,0.07530677773471887,0.062183106713347355,target,minute interval; not exact exchange fill
244,1323365.0,1325428.0,-1.0,1797.0,0.37160000000000004,0.3703,0.33388260000000003,0.33271455000000005,-0.25686131651099997,2.336100000000042,1.9263641665110418,10185.545076828883,2.0,10183.618712662374,0.0655724864452846,1660040940.0,2022-08-08 00:05:00+00:00,2022-08-08 00:05:00+00:00,2022-08-09 10:28:00+00:00,2022-08-09 10:29:00+00:00,0.4032457215810687,0.37019440807432286,2022-08-13 00:00:00+00:00,0.04441649156510463,0.03387468856584129,target,minute interval; not exact exchange fill
245,1326245.0,1326273.0,-1.0,2496.0,0.36610000000000004,0.3652,0.45689280000000004,0.45576960000000005,0.0,2.2464000000000297,1.3337376000000296,10186.878814428883,2.0,10185.545076828883,0.0897139616100441,1660091640.0,2022-08-10 00:05:00+00:00,2022-08-10 00:05:00+00:00,2022-08-10 00:33:00+00:00,2022-08-10 00:34:00+00:00,0.4061829716939446,0.36511560681017985,2022-08-15 00:00:00+00:00,0.024558887433211517,0.01333109740665106,target,minute interval; not exact exchange fill
246,1327685.0,1328630.0,-1.0,2141.0,0.3809,0.37770000000000004,0.4077534500000001,0.40432785000000004,-0.08133680409999999,6.851199999999959,6.120455504099959,10192.999269932983,2.0,10186.878814428883,0.08005463840846924,1660233060.0,2022-08-11 00:05:00+00:00,2022-08-11 00:05:00+00:00,2022-08-11 15:50:00+00:00,2022-08-11 15:51:00+00:00,0.427745047817526,0.37754620964545704,2022-08-16 00:00:00+00:00,0.07159327422627228,0.06102438215316475,target,minute interval; not exact exchange fill
247,1329125.0,1329126.0,-1.0,2743.0,0.3799,0.3796,0.5210328500000001,0.5206214,0.0,0.8229000000000617,-0.21875424999993842,10192.780515682984,2.0,10192.999269932983,0.1022334714644644,1660262820.0,2022-08-12 00:05:00+00:00,2022-08-12 00:05:00+00:00,2022-08-12 00:06:00+00:00,2022-08-12 00:07:00+00:00,0.4153004955523948,0.37948646866424035,2022-08-17 00:00:00+00:00,0.011681512625935267,-0.002252793322679423,target,minute interval; not exact exchange fill
248,1330565.0,1330582.0,-1.0,2710.0,0.3784,0.3781,0.512732,0.5123255,0.0,0.8130000000000609,-0.21205749999993906,10192.568458182985,2.0,10192.780515682984,0.10060689508836021,1660350180.0,2022-08-13 00:05:00+00:00,2022-08-13 00:05:00+00:00,2022-08-13 00:22:00+00:00,2022-08-13 00:23:00+00:00,0.41527976165663144,0.3779616934229166,2022-08-18 00:00:00+00:00,0.011884745383234417,-0.0021217599161437966,target,minute interval; not exact exchange fill
249,1332005.0,1333021.0,-1.0,2978.0,0.3775,0.3748,0.5620975,0.5580772,-0.22351018516078003,8.040599999999941,7.143935485160721,10199.712393668146,2.0,10192.568458182985,0.11029555549341963,1660496520.0,2022-08-14 00:05:00+00:00,2022-08-14 00:05:00+00:00,2022-08-14 17:01:00+00:00,2022-08-14 17:02:00+00:00,0.410988090810047,0.37467017791068774,2022-08-19 00:00:00+00:00,0.0845023416044747,0.07163453429212119,target,minute interval; not exact exchange fill
250,1333445.0,1333451.0,-1.0,3653.0,0.37560000000000004,0.374,0.6860334,0.683111,0.0,5.844800000000167,4.475655600000167,10204.188049268147,2.0,10199.712393668146,0.1345201459652688,1660522320.0,2022-08-15 00:05:00+00:00,2022-08-15 00:05:00+00:00,2022-08-15 00:11:00+00:00,2022-08-15 00:12:00+00:00,0.4027931953832253,0.37390109037099634,2022-08-20 00:00:00+00:00,0.062475542320845505,0.04505538914179388,target,minute interval; not exact exchange fill
251,1334885.0,1334897.0,-1.0,2745.0,0.375,0.37370000000000003,0.5146875,0.51290325,0.0,3.568499999999912,2.540909249999912,10206.728958518148,2.0,10204.188049268147,0.10087769796381081,1660609080.0,2022-08-16 00:05:00+00:00,2022-08-16 00:05:00+00:00,2022-08-16 00:17:00+00:00,2022-08-16 00:18:00+00:00,0.4114430688918357,0.37356245584090264,2022-08-21 00:00:00+00:00,0.03944629809756256,0.02539989161580573,target,minute interval; not exact exchange fill
252,1336325.0,1336976.0,-1.0,3491.0,0.3771,0.3754,0.65822805,0.6552607,-0.105124667188651,5.9346999999999275,4.726335917188578,10211.455294435336,2.0,10206.728958518148,0.12897923569346237,1660733820.0,2022-08-17 00:05:00+00:00,2022-08-17 00:05:00+00:00,2022-08-17 10:56:00+00:00,2022-08-17 10:57:00+00:00,0.40560883832554556,0.3753156274898881,2022-08-22 00:00:00+00:00,0.06259015150796146,0.0474892395579598,target,minute interval; not exact exchange fill
253,1337765.0,1337785.0,-1.0,3451.0,0.37970000000000004,0.3771,0.6551723500000001,0.65068605,0.0,8.972600000000162,7.666741600000161,10219.122036035336,2.0,10211.455294435336,0.12832105338737207,1660782360.0,2022-08-18 00:05:00+00:00,2022-08-18 00:05:00+00:00,2022-08-18 00:25:00+00:00,2022-08-18 00:26:00+00:00,0.4085501842903153,0.3769903132621011,2022-08-23 00:00:00+00:00,0.09392268384256279,0.077004707409991,target,minute interval; not exact exchange fill
254,1339205.0,1339205.0,-1.0,4276.0,0.36970000000000003,0.3698,0.7904186000000001,0.7906324000000001,0.0,-0.4275999999999529,-2.0086509999999533,10217.113385035336,2.0,10219.122036035336,0.15469403285581174,1660867560.0,2022-08-19 00:05:00+00:00,2022-08-19 00:05:00+00:00,2022-08-19 00:05:00+00:00,2022-08-19 00:06:00+00:00,0.3928798119578483,0.3696621904247242,2022-08-24 00:00:00+00:00,0.001631142450360778,-0.020265479325467073,target,minute interval; not exact exchange fill
255,1340645.0,1341817.0,-1.0,3639.0,0.3355,0.3331,0.6104422500000001,0.6060754500000001,0.274384544676,8.733600000000049,7.242697755324048,10224.35608279066,2.0,10217.113385035336,0.11949407371637753,1661024280.0,2022-08-20 00:05:00+00:00,2022-08-20 00:05:00+00:00,2022-08-20 19:37:00+00:00,2022-08-20 19:38:00+00:00,0.36289952495944594,0.3329408275543795,2022-08-25 00:00:00+00:00,0.09340207355450046,0.07263990594529861,target,minute interval; not exact exchange fill
256,1342085.0,1344002.0,-1.0,3630.0,0.33590000000000003,0.3341,0.6096585,0.6063915000000001,0.6002133349237739,6.534000000000086,4.717736665076312,10229.07381945574,2.0,10224.35608279066,0.1192561164856454,1661155380.0,2022-08-21 00:05:00+00:00,2022-08-21 00:05:00+00:00,2022-08-22 08:02:00+00:00,2022-08-22 08:03:00+00:00,0.3633883459566783,0.33402184652951916,2022-08-26 00:00:00+00:00,0.06832544502462415,0.0472801083011135,target,minute interval; not exact exchange fill
257,1344965.0,1345011.0,-1.0,2728.0,0.34340000000000004,0.3423,0.4683976000000001,0.4668972,0.0,3.000800000000124,2.065505200000124,10231.13932465574,2.0,10229.07381945574,0.09158162474282001,1661215920.0,2022-08-23 00:05:00+00:00,2022-08-23 00:05:00+00:00,2022-08-23 00:51:00+00:00,2022-08-23 00:52:00+00:00,0.3802100521391128,0.3421623459626261,2022-08-28 00:00:00+00:00,0.03362271894363434,0.02056910968608846,target,minute interval; not exact exchange fill
258,1346405.0,1346419.0,-1.0,2832.0,0.3468,0.34540000000000004,0.4910688,0.4890864000000001,0.0,3.9647999999998778,2.9846447999998778,10234.12396945574,2.0,10231.13932465574,0.095994939452459,1661300400.0,2022-08-24 00:05:00+00:00,2022-08-24 00:05:00+00:00,2022-08-24 00:19:00+00:00,2022-08-24 00:20:00+00:00,0.38223108573382214,0.3453117139471446,2022-08-29 00:00:00+00:00,0.042005093042765264,0.029745066462750675,target,minute interval; not exact exchange fill
259,1347845.0,1350184.0,-1.0,3154.0,0.34640000000000004,0.34240000000000004,0.5462728000000001,0.5399648000000001,0.09628753410149757,12.61600000000001,11.433474865898512,10245.557444321637,2.0,10234.12396945574,0.10675516568499244,1661526300.0,2022-08-25 00:05:00+00:00,2022-08-25 00:05:00+00:00,2022-08-26 15:04:00+00:00,2022-08-26 15:05:00+00:00,0.37815485581023933,0.3422845025819808,2022-08-30 00:00:00+00:00,0.12960214471174578,0.11415801467115168,target,minute interval; not exact exchange fill
260,1350725.0,1350726.0,-1.0,4010.0,0.3382,0.338,0.678091,0.67769,0.0,0.8019999999999117,-0.5537810000000883,10245.003663321637,2.0,10245.557444321637,0.1323678098893128,1661558820.0,2022-08-27 00:05:00+00:00,2022-08-27 00:05:00+00:00,2022-08-27 00:06:00+00:00,2022-08-27 00:07:00+00:00,0.3630705388973649,0.3378855254403559,2022-09-01 00:00:00+00:00,0.012644461020401824,-0.00555275462948067,target,minute interval; not exact exchange fill
261,1352165.0,1353508.0,-1.0,2892.0,0.33430000000000004,0.331,0.4833978000000001,0.47862600000000005,0.0281619286078392,9.543600000000072,8.553414271392233,10253.55707759303,2.0,10245.003663321637,0.09436752116168064,1661725740.0,2022-08-28 00:05:00+00:00,2022-08-28 00:05:00+00:00,2022-08-28 22:28:00+00:00,2022-08-28 22:29:00+00:00,0.35600076558956883,0.3309104451349065,2022-09-02 00:00:00+00:00,0.15619517436393457,0.13629068130476932,target,minute interval; not exact exchange fill
262,1353605.0,1353607.0,-1.0,4056.0,0.32180000000000003,0.321,0.6526104,0.6509880000000001,0.0,3.244800000000093,1.941201600000093,10255.49827919303,2.0,10253.55707759303,0.12729443939530827,1661731680.0,2022-08-29 00:05:00+00:00,2022-08-29 00:05:00+00:00,2022-08-29 00:07:00+00:00,2022-08-29 00:08:00+00:00,0.3464252396375982,0.3208554646628074,2022-09-03 00:00:00+00:00,0.03835639169782947,0.01943534386034115,target,minute interval; not exact exchange fill
263,1355045.0,1355057.0,-1.0,2588.0,0.33240000000000003,0.3321,0.43012560000000005,0.42973740000000005,0.0,0.7764000000000582,-0.08346299999994194,10255.414816193032,2.0,10255.49827919303,0.08388195059671837,1661818680.0,2022-08-30 00:05:00+00:00,2022-08-30 00:05:00+00:00,2022-08-30 00:17:00+00:00,2022-08-30 00:18:00+00:00,0.37134683925970197,0.3320186857922113,2022-09-04 00:00:00+00:00,0.009790632950882247,-0.0008280517909279085,target,minute interval; not exact exchange fill
264,1356485.0,1357384.0,-1.0,3113.0,0.32730000000000004,0.325,0.5094424500000001,0.5058625,0.155452810128,7.159900000000076,5.989142239872076,10261.403958432904,2.0,10255.414816193032,0.09935092029541384,1661958300.0,2022-08-31 00:05:00+00:00,2022-08-31 00:05:00+00:00,2022-08-31 15:04:00+00:00,2022-08-31 15:05:00+00:00,0.3595829367811233,0.324920878716888,2022-09-05 00:00:00+00:00,0.07369593724518758,0.059595363242324055,target,minute interval; not exact exchange fill
265,1357925.0,1358087.0,-1.0,3291.0,0.3279,0.3244,0.53955945,0.5338002000000001,0.0,11.51850000000001,10.44514035000001,10271.849098782903,2.0,10261.403958432904,0.10516289041648844,1662000420.0,2022-09-01 00:05:00+00:00,2022-09-01 00:05:00+00:00,2022-09-01 02:47:00+00:00,2022-09-01 02:47:00+00:00,0.3584209666128109,0.3243402910694166,2022-09-06 00:00:00+00:00,0.11663159216881694,0.10398917046971273,target,minute interval; not exact exchange fill
266,1359365.0,1359365.0,-1.0,3484.0,0.33280000000000004,0.3326,0.5797376000000001,0.5793891999999999,0.0,0.6968000000001167,-0.46232679999988335,10271.386771982903,2.0,10271.849098782903,0.11287891681911338,1662077160.0,2022-09-02 00:05:00+00:00,2022-09-02 00:05:00+00:00,2022-09-02 00:05:00+00:00,2022-09-02 00:06:00+00:00,0.36161446379890383,0.3324705879403713,2022-09-07 00:00:00+00:00,0.011432177323433374,-0.00460532602397463,target,minute interval; not exact exchange fill
267,1362245.0,1364017.0,-1.0,4579.0,0.3291,0.326,0.75347445,0.7463770000000001,-0.227250044532875,14.194899999999961,12.922298594532835,10284.309070577434,2.0,10271.386771982903,0.14671328550400617,1662356280.0,2022-09-04 00:05:00+00:00,2022-09-04 00:05:00+00:00,2022-09-05 05:37:00+00:00,2022-09-05 05:38:00+00:00,0.35086968578993055,0.3259327379801204,2022-09-09 00:00:00+00:00,0.14548956059552326,0.12963341670876705,target,minute interval; not exact exchange fill
268,1365125.0,1365248.0,-1.0,2842.0,0.3337,0.33140000000000003,0.4741877,0.47091940000000004,0.0,6.536599999999911,5.591492899999912,10289.900563477435,2.0,10284.309070577434,0.09221576223464777,1662430140.0,2022-09-06 00:05:00+00:00,2022-09-06 00:05:00+00:00,2022-09-06 02:08:00+00:00,2022-09-06 02:09:00+00:00,0.36921820916550685,0.3312681526232822,2022-09-11 00:00:00+00:00,0.06846762361767593,0.05539271394095618,target,minute interval; not exact exchange fill
269,1366565.0,1366579.0,-1.0,3072.0,0.3221,0.3194,0.49474559999999995,0.49059840000000005,0.0,8.29439999999994,7.30905599999994,10297.209619477433,2.0,10289.900563477435,0.09616139571961081,1662510000.0,2022-09-07 00:05:00+00:00,2022-09-07 00:05:00+00:00,2022-09-07 00:19:00+00:00,2022-09-07 00:20:00+00:00,0.35493577408786803,0.31927632853561666,2022-09-12 00:00:00+00:00,0.08599375354536291,0.07245908056356898,target,minute interval; not exact exchange fill
270,1368005.0,1368035.0,-1.0,2773.0,0.33640000000000003,0.33340000000000003,0.4664186,0.46225910000000003,0.0,8.319000000000008,7.390322300000008,10304.599941777433,2.0,10297.209619477433,0.09059126059117169,1662597360.0,2022-09-08 00:05:00+00:00,2022-09-08 00:05:00+00:00,2022-09-08 00:35:00+00:00,2022-09-08 00:36:00+00:00,0.3728560841826343,0.3332827966772772,2022-09-13 00:00:00+00:00,0.08550570892656863,0.07310439559686764,target,minute interval; not exact exchange fill
271,1369445.0,1371275.0,-1.0,4354.0,0.3393,0.3614,0.7386560999999999,0.7867678,-0.2833181120883344,-96.22340000000004,-97.46550578791171,10207.13443598952,1.0,10304.599941777433,0.1433643429484929,1662791760.0,2022-09-09 00:05:00+00:00,2022-09-09 00:05:00+00:00,2022-09-10 06:35:00+00:00,2022-09-10 06:36:00+00:00,0.3612891367285993,0.3390692359114984,2022-09-14 00:00:00+00:00,0.010494458757057755,-1.018015373272561,stop,minute interval; not exact exchange fill
272,1372325.0,1372613.0,-1.0,3268.0,0.3573,0.3542,0.5838282,0.5787628,0.0,10.130799999999972,8.968208999999973,10216.102644989518,2.0,10207.13443598952,0.11439610277718489,1662872040.0,2022-09-11 00:05:00+00:00,2022-09-11 00:05:00+00:00,2022-09-11 04:53:00+00:00,2022-09-11 04:54:00+00:00,0.3763604676133307,0.3540857724054012,2022-09-16 00:00:00+00:00,0.16863319724385104,0.14397600602834593,target,minute interval; not exact exchange fill
273,1373765.0,1373789.0,-1.0,4201.0,0.3546,0.3536,0.7448373,0.7427368000000001,0.0,4.201000000000004,2.7134259000000043,10218.816070889518,2.0,10216.102644989518,0.1458163305290017,1662942600.0,2022-09-12 00:05:00+00:00,2022-09-12 00:05:00+00:00,2022-09-12 00:29:00+00:00,2022-09-12 00:30:00+00:00,0.37821612703799007,0.35348270878609356,2022-09-17 00:00:00+00:00,0.04731051844822565,0.027349954501895046,target,minute interval; not exact exchange fill
274,1376645.0,1378947.0,-1.0,2523.0,0.33180000000000004,0.3306,0.41856570000000004,0.4170519,0.819122425299339,3.0276000000000867,1.3728599747007473,10220.188930864217,2.0,10218.816070889518,0.08192058592626478,1663252080.0,2022-09-14 00:05:00+00:00,2022-09-14 00:05:00+00:00,2022-09-15 14:27:00+00:00,2022-09-15 14:28:00+00:00,0.37162855113083226,0.3304744778269755,2022-09-19 00:00:00+00:00,0.03328070279710588,0.013662006413931642,target,minute interval; not exact exchange fill
275,1379525.0,1379525.0,-1.0,3149.0,0.32580000000000003,0.3256,0.5129721,0.5126572,0.0,0.6298000000001054,-0.3958292999998947,10219.793101564217,2.0,10220.188930864217,0.10038407381117234,1663286760.0,2022-09-16 00:05:00+00:00,2022-09-16 00:05:00+00:00,2022-09-16 00:05:00+00:00,2022-09-16 00:06:00+00:00,0.3575889384853805,0.3255348204387376,2022-09-21 00:00:00+00:00,0.008341881607162953,-0.003954205644764617,target,minute interval; not exact exchange fill
276,1380965.0,1380966.0,-1.0,3114.0,0.3544,0.3536,0.5518008,0.5505552,0.0,2.4911999999998984,1.3888439999998983,10221.181945564216,2.0,10219.793101564217,0.10798668711121807,1663373220.0,2022-09-17 00:05:00+00:00,2022-09-17 00:05:00+00:00,2022-09-17 00:06:00+00:00,2022-09-17 00:07:00+00:00,0.3865196913956191,0.3534361455080701,2022-09-22 00:00:00+00:00,0.030008211475572737,0.013885563049363501,target,minute interval; not exact exchange fill
277,1382405.0,1382467.0,-1.0,2903.0,0.3743,0.371,0.54329645,0.5385065,0.0,9.579900000000073,8.498097050000073,10229.680042614216,2.0,10221.181945564216,0.10630795007729602,1663463280.0,2022-09-18 00:05:00+00:00,2022-09-18 00:05:00+00:00,2022-09-18 01:07:00+00:00,2022-09-18 01:08:00+00:00,0.4087771084893168,0.37088519546803805,2022-09-23 00:00:00+00:00,0.09904556041931685,0.08490706234564611,target,minute interval; not exact exchange fill
278,1383845.0,1383849.0,-1.0,2693.0,0.3603,0.35550000000000004,0.48514395000000005,0.47868075000000004,0.0,12.926399999999921,11.962575299999921,10241.642617914216,2.0,10229.680042614216,0.09485026862600103,1663546200.0,2022-09-19 00:05:00+00:00,2022-09-19 00:05:00+00:00,2022-09-19 00:09:00+00:00,2022-09-19 00:10:00+00:00,0.3975792011560138,0.35540110010370124,2022-09-24 00:00:00+00:00,0.13141107492611842,0.11915759625346428,target,minute interval; not exact exchange fill
279,1385285.0,1385293.0,-1.0,1682.0,0.38720000000000004,0.3821,0.32563520000000007,0.32134609999999997,0.0,8.578200000000082,7.931218700000082,10249.573836614216,2.0,10241.642617914216,0.06359042433884848,1663632840.0,2022-09-20 00:05:00+00:00,2022-09-20 00:05:00+00:00,2022-09-20 00:13:00+00:00,2022-09-20 00:14:00+00:00,0.44731447709939737,0.38199457052898333,2022-09-25 00:00:00+00:00,0.08659194460611712,0.07843950787766767,target,minute interval; not exact exchange fill
280,1386725.0,1386725.0,-1.0,1211.0,0.4126,0.4103,0.24982930000000003,0.24843664999999998,0.0,2.785300000000029,2.2870340500000292,10251.860870664215,2.0,10249.573836614216,0.048749207329487794,1663718760.0,2022-09-21 00:05:00+00:00,2022-09-21 00:05:00+00:00,2022-09-21 00:05:00+00:00,2022-09-21 00:06:00+00:00,0.49645661764565996,0.4101511092727413,2022-09-26 00:00:00+00:00,0.029203309124709,0.022521180236247787,target,minute interval; not exact exchange fill
281,1388165.0,1389334.0,-1.0,1404.0,0.3957,0.4681,0.2777814,0.3286062,0.1393504854628536,-101.64960000000002,-102.39533808546287,10149.465532578752,1.0,10251.860870664215,0.054191410418936485,1663875300.0,2022-09-22 00:05:00+00:00,2022-09-22 00:05:00+00:00,2022-09-22 19:34:00+00:00,2022-09-22 19:35:00+00:00,0.4679307271611221,0.3873548647532984,2022-09-27 00:00:00+00:00,0.11553442107936221,-1.0096970548259732,stop,minute interval; not exact exchange fill
282,1391045.0,1391058.0,-1.0,929.0,0.5071,0.5023,0.23554794999999998,0.23331834999999998,0.0,4.459200000000025,3.990333700000025,10153.455866278751,2.0,10149.465532578752,0.046415833275932614,1663978740.0,2022-09-24 00:05:00+00:00,2022-09-24 00:05:00+00:00,2022-09-24 00:18:00+00:00,2022-09-24 00:19:00+00:00,0.6153914005158042,0.5021643282239668,2022-09-29 00:00:00+00:00,0.04557768901800136,0.03966427601398658,target,minute interval; not exact exchange fill
283,1392485.0,1392606.0,-1.0,1011.0,0.48810000000000003,0.4761,0.24673455000000002,0.24066855,0.0,12.13200000000001,11.64459690000001,10165.100463178751,2.0,10153.455866278751,0.04860109764586555,1664071620.0,2022-09-25 00:05:00+00:00,2022-09-25 00:05:00+00:00,2022-09-25 02:06:00+00:00,2022-09-25 02:07:00+00:00,0.5876082602662179,0.47593025587012333,2022-09-30 00:00:00+00:00,0.1222988332558379,0.11574817979116281,target,minute interval; not exact exchange fill
284,1393925.0,1394087.0,-1.0,918.0,0.48950000000000005,0.4863,0.22468050000000003,0.2232117,0.0,2.937600000000033,2.4897078000000334,10167.590170978752,2.0,10165.100463178751,0.04420625272005225,1664160480.0,2022-09-26 00:05:00+00:00,2022-09-26 00:05:00+00:00,2022-09-26 02:47:00+00:00,2022-09-26 02:48:00+00:00,0.5992707404487714,0.486144769497256,2022-10-01 00:00:00+00:00,0.030565800039491404,0.024706948216913417,target,minute interval; not exact exchange fill
285,1395365.0,1396333.0,-1.0,680.0,0.4655,0.461,0.15827000000000002,0.15674000000000002,0.075832306175424,3.0600000000000027,2.669157693824579,10170.259328672575,2.0,10167.590170978752,0.031132254022540846,1664295240.0,2022-09-27 00:05:00+00:00,2022-09-27 00:05:00+00:00,2022-09-27 16:13:00+00:00,2022-09-27 16:14:00+00:00,0.614151532152107,0.4608320225298207,2022-10-02 00:00:00+00:00,0.031402148384201266,0.026405593308427712,target,minute interval; not exact exchange fill
286,1396805.0,1396893.0,-1.0,604.0,0.44730000000000003,0.4344,0.13508460000000003,0.13118880000000002,0.0,7.791600000000013,7.525326600000013,10177.784655272575,2.0,10170.259328672575,0.026564632352915882,1664328840.0,2022-09-28 00:05:00+00:00,2022-09-28 00:05:00+00:00,2022-09-28 01:33:00+00:00,2022-09-28 01:34:00+00:00,0.6146842279643515,0.43426080704351855,2022-10-03 00:00:00+00:00,0.07789977057610525,0.07443443239259973,target,minute interval; not exact exchange fill
287,1398245.0,1398258.0,-1.0,751.0,0.4505,0.447,0.16916275000000003,0.1678485,0.0,2.6285000000000025,2.2914887500000027,10180.076144022574,2.0,10177.784655272575,0.03324156596541187,1664410740.0,2022-09-29 00:05:00+00:00,2022-09-29 00:05:00+00:00,2022-09-29 00:18:00+00:00,2022-09-29 00:19:00+00:00,0.5850795386456623,0.4469076609928191,2022-10-04 00:00:00+00:00,0.026693054853154746,0.022672465894192972,target,minute interval; not exact exchange fill
288,1401125.0,1401151.0,-1.0,882.0,0.4771,0.4756,0.2104011,0.2097396,0.0,1.3230000000000013,0.9028593000000014,10180.979003322574,2.0,10180.076144022574,0.04133585977616504,1664584320.0,2022-10-01 00:05:00+00:00,2022-10-01 00:05:00+00:00,2022-10-01 00:31:00+00:00,2022-10-01 00:32:00+00:00,0.5915876004368088,0.47549131946198836,2022-10-06 00:00:00+00:00,0.014051133326875626,0.008941142936828371,target,minute interval; not exact exchange fill
289,1402565.0,1403166.0,-1.0,987.0,0.47600000000000003,0.4632,0.234906,0.22858920000000002,-0.04694536203,12.633600000000033,12.217050162030032,10193.196053484604,2.0,10180.979003322574,0.046146053326175836,1664705220.0,2022-10-02 00:05:00+00:00,2022-10-02 00:05:00+00:00,2022-10-02 10:06:00+00:00,2022-10-02 10:07:00+00:00,0.5782523872561527,0.46301938153113076,2022-10-07 00:00:00+00:00,0.12694685001682654,0.12105305335309163,target,minute interval; not exact exchange fill
290,1404005.0,1404258.0,-1.0,925.0,0.44670000000000004,0.4433,0.20659875000000003,0.20502625000000002,0.0,3.145000000000013,2.733375000000013,10195.929428484606,2.0,10193.196053484604,0.04053659890694892,1664770740.0,2022-10-03 00:05:00+00:00,2022-10-03 00:05:00+00:00,2022-10-03 04:18:00+00:00,2022-10-03 04:19:00+00:00,0.5560054780009616,0.4432026541299994,2022-10-08 00:00:00+00:00,0.031996071321968904,0.027034326678247726,target,minute interval; not exact exchange fill
291,1405445.0,1405494.0,-1.0,674.0,0.4601,0.45470000000000005,0.1550537,0.1532339,0.0,3.639599999999973,3.331312399999973,10199.260740884605,2.0,10195.929428484606,0.030414824089861365,1664844900.0,2022-10-04 00:05:00+00:00,2022-10-04 00:05:00+00:00,2022-10-04 00:54:00+00:00,2022-10-04 00:55:00+00:00,0.610309605465014,0.45454595403966447,2022-10-09 00:00:00+00:00,0.036975304895725584,0.032904686652353694,target,minute interval; not exact exchange fill
292,1406885.0,1414080.0,-1.0,549.0,0.47840000000000005,0.5327000000000001,0.13132080000000002,0.14622615000000003,-0.2468532593854152,-29.810700000000008,-29.841393690614595,10169.419347193989,4.0,10199.260740884605,0.02575104281305201,1665360000.0,2022-10-05 00:05:00+00:00,2022-10-05 00:05:00+00:00,2022-10-10 00:00:00+00:00,2022-10-10 00:00:00+00:00,0.6630116031287224,0.4623839538955807,2022-10-10 00:00:00+00:00,0.08675536008022211,-0.2944338678640637,timeout,minute interval; not exact exchange fill
293,1415525.0,1415528.0,-1.0,667.0,0.4884,0.4868,0.1628814,0.16234780000000001,0.0,1.0671999999999935,0.7419707999999934,10170.161317993989,2.0,10169.419347193989,0.03203356935908898,1665446940.0,2022-10-11 00:05:00+00:00,2022-10-11 00:05:00+00:00,2022-10-11 00:08:00+00:00,2022-10-11 00:09:00+00:00,0.6399534597644344,0.48668716386085636,2022-10-16 00:00:00+00:00,0.01130186101858688,0.007339984199166669,target,minute interval; not exact exchange fill
294,1416965.0,1418500.0,-1.0,604.0,0.4853,0.47490000000000004,0.14656059999999999,0.14341980000000001,-0.046194723139706004,6.281599999999979,6.037814323139685,10176.199132317128,2.0,10170.161317993989,0.028821686385778648,1665625260.0,2022-10-12 00:05:00+00:00,2022-10-12 00:05:00+00:00,2022-10-13 01:40:00+00:00,2022-10-13 01:41:00+00:00,0.6526385780292285,0.47472603306719957,2022-10-17 00:00:00+00:00,0.06318905692477866,0.059737458316129755,target,minute interval; not exact exchange fill
295,1419845.0,1419851.0,-1.0,1675.0,0.47900000000000004,0.4781,0.40116250000000003,0.40040875,0.0,1.5075000000000198,0.7059287500000198,10176.905061067127,2.0,10176.199132317128,0.07884328810469239,1665706320.0,2022-10-14 00:05:00+00:00,2022-10-14 00:05:00+00:00,2022-10-14 00:11:00+00:00,2022-10-14 00:12:00+00:00,0.5388599665357321,0.47795311553168496,2022-10-19 00:00:00+00:00,0.01748889163996049,0.00704059865700788,target,minute interval; not exact exchange fill
296,1421285.0,1421793.0,-1.0,2314.0,0.4893,0.48350000000000004,0.5661201,0.5594095000000001,-0.00076473072,13.421199999999935,12.296435130719935,10189.201496197846,2.0,10176.905061067127,0.11125584774604115,1665822840.0,2022-10-15 00:05:00+00:00,2022-10-15 00:05:00+00:00,2022-10-15 08:33:00+00:00,2022-10-15 08:34:00+00:00,0.5323923955879485,0.4833655984806209,2022-10-20 00:00:00+00:00,0.13771342805176479,0.12331480780999104,target,minute interval; not exact exchange fill
297,1422725.0,1423705.0,-1.0,2367.0,0.48250000000000004,0.47500000000000003,0.57103875,0.5621625,0.021644307040357802,17.752500000000015,16.59765444295966,10205.799150640805,2.0,10189.201496197846,0.11208704631331241,1665937560.0,2022-10-16 00:05:00+00:00,2022-10-16 00:05:00+00:00,2022-10-16 16:25:00+00:00,2022-10-16 16:26:00+00:00,0.5246560749226361,0.4748533411957424,2022-10-21 00:00:00+00:00,0.1813892497888055,0.16633678109110192,target,minute interval; not exact exchange fill
298,1424165.0,1424194.0,-1.0,1761.0,0.47550000000000003,0.4736,0.41867775,0.41700480000000006,0.0,3.3459000000000225,2.5102174500000225,10208.309368090806,2.0,10205.799150640805,0.082047029109663,1665966900.0,2022-10-17 00:05:00+00:00,2022-10-17 00:05:00+00:00,2022-10-17 00:34:00+00:00,2022-10-17 00:35:00+00:00,0.5325789185978408,0.4734362129734906,2022-10-22 00:00:00+00:00,0.03615672961588862,0.024973318258589717,target,minute interval; not exact exchange fill
299,1425605.0,1425686.0,-1.0,1321.0,0.4778,0.4763,0.3155869,0.31459615,0.0,1.9815000000000018,1.3513169500000017,10209.660685040806,2.0,10208.309368090806,0.06182941535578133,1666056420.0,2022-10-18 00:05:00+00:00,2022-10-18 00:05:00+00:00,2022-10-18 01:26:00+00:00,2022-10-18 01:27:00+00:00,0.5541698577964093,0.47615582624928743,2022-10-23 00:00:00+00:00,0.021529092735719086,0.013394682529421944,target,minute interval; not exact exchange fill
300,1427045.0,1427181.0,-1.0,1163.0,0.46540000000000004,0.4596,0.27063010000000004,0.26725740000000003,0.0,6.745400000000032,6.207512500000032,10215.868197540807,2.0,10209.660685040806,0.05301451406637386,1666146120.0,2022-10-19 00:05:00+00:00,2022-10-19 00:05:00+00:00,2022-10-19 02:21:00+00:00,2022-10-19 02:22:00+00:00,0.5522703142460705,0.45943306095027703,2022-10-24 00:00:00+00:00,0.06868789530127568,0.06144216291057638,target,minute interval; not exact exchange fill
301,1428485.0,1429557.0,-1.0,1720.0,0.45,0.44930000000000003,0.387,0.386398,-0.10861678308331602,1.2039999999999629,0.5392187830832789,10216.40741632389,2.0,10215.868197540807,0.07576448570336092,1666288680.0,2022-10-20 00:05:00+00:00,2022-10-20 00:05:00+00:00,2022-10-20 17:57:00+00:00,2022-10-20 17:58:00+00:00,0.5085525541277288,0.44912374914116004,2022-10-25 00:00:00+00:00,0.014965203002562091,0.005354152302329954,target,minute interval; not exact exchange fill
302,1429925.0,1429927.0,-1.0,2329.0,0.44720000000000004,0.44570000000000004,0.5207644,0.51901765,0.0,3.493500000000003,2.4537179500000033,10218.86113427389,2.0,10216.40741632389,0.10194667827516685,1666310880.0,2022-10-21 00:05:00+00:00,2022-10-21 00:05:00+00:00,2022-10-21 00:07:00+00:00,2022-10-21 00:08:00+00:00,0.4902211946925729,0.44557150569414755,2022-10-26 00:00:00+00:00,0.037853302714850726,0.024489092121420912,target,minute interval; not exact exchange fill
303,1431365.0,1431442.0,-1.0,2732.0,0.45930000000000004,0.4576,0.6274038000000001,0.6250816,0.0,4.644400000000095,3.3919146000000953,10222.25304887389,2.0,10218.86113427389,0.12279329208138433,1666401780.0,2022-10-22 00:05:00+00:00,2022-10-22 00:05:00+00:00,2022-10-22 01:22:00+00:00,2022-10-22 01:23:00+00:00,0.4958609111532558,0.45744166660171315,2022-10-27 00:00:00+00:00,0.05082842138417022,0.03395839876078893,target,minute interval; not exact exchange fill
304,1432805.0,1432874.0,-1.0,3236.0,0.4655,0.4602,0.7531790000000002,0.7446036,0.0,17.150800000000086,15.653017400000087,10237.90606627389,2.0,10222.25304887389,0.14736066430736075,1666487700.0,2022-10-23 00:05:00+00:00,2022-10-23 00:05:00+00:00,2022-10-23 01:14:00+00:00,2022-10-23 01:15:00+00:00,0.49623483412119984,0.4600767561504455,2022-10-28 00:00:00+00:00,0.17645267998416622,0.1573833123980822,target,minute interval; not exact exchange fill
305,1434245.0,1434293.0,-1.0,2368.0,0.4686,0.4667,0.5548224,0.5525728000000001,0.0,4.49920000000003,3.3918048000000303,10241.297871073892,2.0,10237.90606627389,0.10838591337103934,1666572840.0,2022-10-24 00:05:00+00:00,2022-10-24 00:05:00+00:00,2022-10-24 00:53:00+00:00,2022-10-24 00:54:00+00:00,0.5109643701225313,0.46659964944125254,2022-10-29 00:00:00+00:00,0.047217757586429966,0.03381025129978801,target,minute interval; not exact exchange fill
306,1435685.0,1435755.0,-1.0,1820.0,0.45280000000000004,0.4499,0.4120480000000001,0.409409,0.0,5.278000000000025,4.456543000000025,10245.754414073892,2.0,10241.297871073892,0.08046792607484098,1666660560.0,2022-10-25 00:05:00+00:00,2022-10-25 00:05:00+00:00,2022-10-25 01:15:00+00:00,2022-10-25 01:16:00+00:00,0.5082355330972249,0.4497779287195245,2022-10-30 00:00:00+00:00,0.054515057610708406,0.04417112749155819,target,minute interval; not exact exchange fill
307,1437125.0,1444216.0,-1.0,1538.0,0.4605,0.45570000000000005,0.3541245,0.35043330000000006,-0.3868756004841404,7.382399999999955,7.064717800484096,10252.819131874377,2.0,10245.754414073892,0.0691260956857532,1667168220.0,2022-10-26 00:05:00+00:00,2022-10-26 00:05:00+00:00,2022-10-30 22:16:00+00:00,2022-10-30 22:17:00+00:00,0.5262568934873074,0.45551065512707056,2022-10-31 00:00:00+00:00,0.07587561711522331,0.06985495147489612,target,minute interval; not exact exchange fill
308,1444325.0,1444353.0,-1.0,3444.0,0.45830000000000004,0.4565,0.7891926000000001,0.786093,0.0,6.199200000000082,4.623914400000082,10257.443046274379,2.0,10252.819131874377,0.15394645898834328,1667176440.0,2022-10-31 00:05:00+00:00,2022-10-31 00:05:00+00:00,2022-10-31 00:33:00+00:00,2022-10-31 00:34:00+00:00,0.48722165005196805,0.4563190410428728,2022-11-05 00:00:00+00:00,0.06849398127588667,0.046421971000533045,target,minute interval; not exact exchange fill
309,1445765.0,1445785.0,-1.0,2688.0,0.46330000000000005,0.46130000000000004,0.6226752,0.6199872000000001,0.0,5.376000000000005,4.133337600000005,10261.576383874379,2.0,10257.443046274379,0.12140943843235139,1667262360.0,2022-11-01 00:05:00+00:00,2022-11-01 00:05:00+00:00,2022-11-01 00:25:00+00:00,2022-11-01 00:26:00+00:00,0.5006060831213607,0.4611228301732465,2022-11-06 00:00:00+00:00,0.05835964659358554,0.041218478900550914,target,minute interval; not exact exchange fill
310,1447205.0,1447326.0,-1.0,2070.0,0.4625,0.45990000000000003,0.4786875,0.47599650000000004,0.0,5.381999999999982,4.427315999999982,10266.003699874378,2.0,10261.576383874379,0.09329706900632471,1667354820.0,2022-11-02 00:05:00+00:00,2022-11-02 00:05:00+00:00,2022-11-02 02:06:00+00:00,2022-11-02 02:07:00+00:00,0.5112025930263153,0.4597531829612476,2022-11-07 00:00:00+00:00,0.05639981093549218,0.04391552619886873,target,minute interval; not exact exchange fill
311,1448645.0,1448646.0,-1.0,2550.0,0.4491,0.4489,0.5726025,0.5723475000000001,0.0,0.5099999999999438,-0.6349500000000563,10265.368749874378,2.0,10266.003699874378,0.11155314506793071,1667434020.0,2022-11-03 00:05:00+00:00,2022-11-03 00:05:00+00:00,2022-11-03 00:06:00+00:00,2022-11-03 00:07:00+00:00,0.4885298925097022,0.4488025482675975,2022-11-08 00:00:00+00:00,0.007543812916286409,-0.006315005802735898,target,minute interval; not exact exchange fill
312,1450085.0,1450086.0,-1.0,3230.0,0.4534,0.4534,0.732241,0.732241,0.0,-0.0,-1.464482,10263.904267874379,2.0,10265.368749874378,0.1426623860947929,1667520420.0,2022-11-04 00:05:00+00:00,2022-11-04 00:05:00+00:00,2022-11-04 00:06:00+00:00,2022-11-04 00:07:00+00:00,0.48434385482156367,0.45327883041230665,2022-11-09 00:00:00+00:00,0.003915788397796251,-0.014652343821237233,target,minute interval; not exact exchange fill
313,1451525.0,1451526.0,-1.0,2468.0,0.5037,0.5021,0.6215658000000001,0.6195914,0.0,3.948800000000113,2.707642800000113,10266.611910674379,2.0,10263.904267874379,0.12111683503235253,1667606820.0,2022-11-05 00:05:00+00:00,2022-11-05 00:05:00+00:00,2022-11-05 00:06:00+00:00,2022-11-05 00:07:00+00:00,0.5443710240126655,0.5019626655611198,2022-11-10 00:00:00+00:00,0.042716761651715944,0.026974978541440122,target,minute interval; not exact exchange fill
314,1452965.0,1453079.0,-1.0,2662.0,0.4924,0.48710000000000003,0.6553844000000001,0.6483301,0.0,14.108599999999925,12.804885499999923,10279.41679617438,2.0,10266.611910674379,0.12767296664220554,1667700000.0,2022-11-06 00:05:00+00:00,2022-11-06 00:05:00+00:00,2022-11-06 01:59:00+00:00,2022-11-06 02:00:00+00:00,0.5300682819793495,0.4869311941779071,2022-11-11 00:00:00+00:00,0.1451833089996252,0.1277002758617195,target,minute interval; not exact exchange fill
315,1454405.0,1454773.0,-1.0,1673.0,0.47090000000000004,0.4682,0.39390785000000006,0.3916493,0.0,4.51710000000006,3.73154285000006,10283.14833902438,2.0,10279.41679617438,0.07664011642111798,1667801640.0,2022-11-07 00:05:00+00:00,2022-11-07 00:05:00+00:00,2022-11-07 06:13:00+00:00,2022-11-07 06:14:00+00:00,0.5314499745959603,0.4680541558445201,2022-11-12 00:00:00+00:00,0.04699992319517529,0.03683651421628911,target,minute interval; not exact exchange fill
316,1455845.0,1456009.0,-1.0,1478.0,0.46580000000000005,0.4595,0.3442262000000001,0.33957050000000005,0.0,9.311400000000042,8.627603300000041,10291.775942324379,2.0,10283.14833902438,0.06694957393421376,1667875800.0,2022-11-08 00:05:00+00:00,2022-11-08 00:05:00+00:00,2022-11-08 02:49:00+00:00,2022-11-08 02:50:00+00:00,0.5344845125503341,0.4593755930505548,2022-11-13 00:00:00+00:00,0.09353501555008109,0.08498786383207192,target,minute interval; not exact exchange fill
317,1457285.0,1457338.0,-1.0,960.0,0.4025,0.39880000000000004,0.1932,0.19142400000000004,0.0,3.551999999999982,3.1673759999999818,10294.943318324378,2.0,10291.775942324379,0.03754454062791541,1667955540.0,2022-11-09 00:05:00+00:00,2022-11-09 00:05:00+00:00,2022-11-09 00:58:00+00:00,2022-11-09 00:59:00+00:00,0.5089219593824016,0.39865817105207174,2022-11-14 00:00:00+00:00,0.0360999644267364,0.031002530108890074,target,minute interval; not exact exchange fill
318,1458725.0,1464504.0,-1.0,967.0,0.33130000000000004,0.3309,0.16018355000000004,0.15999015,0.6313828483390181,0.3868000000000111,-0.5647565483390071,10294.378561776039,2.0,10294.943318324378,0.031118879443441515,1668385500.0,2022-11-10 00:05:00+00:00,2022-11-10 00:05:00+00:00,2022-11-14 00:24:00+00:00,2022-11-14 00:25:00+00:00,0.4370277137787199,0.3308026236282796,2022-11-15 00:00:00+00:00,0.004704314071913039,-0.005523901933665362,target,minute interval; not exact exchange fill
319,1465925.0,1466086.0,-1.0,721.0,0.38420000000000004,0.3677,0.13850410000000002,0.13255585000000003,0.0,11.89650000000001,11.62544005000001,10306.004001826039,2.0,10294.378561776039,0.026908685972415722,1668480420.0,2022-11-15 00:05:00+00:00,2022-11-15 00:05:00+00:00,2022-11-15 02:46:00+00:00,2022-11-15 02:47:00+00:00,0.5260461507226999,0.36761404747371035,2022-11-20 00:00:00+00:00,0.11692916897487173,0.11367280619071223,target,minute interval; not exact exchange fill
320,1467365.0,1468076.0,-1.0,525.0,0.3874,0.37720000000000004,0.1016925,0.09901500000000002,0.008688187200000001,5.354999999999993,5.1456043127999935,10311.149606138839,2.0,10306.004001826039,0.019734612946391623,1668599820.0,2022-11-16 00:05:00+00:00,2022-11-16 00:05:00+00:00,2022-11-16 11:56:00+00:00,2022-11-16 11:57:00+00:00,0.5829314717040669,0.3770475722151651,2022-11-21 00:00:00+00:00,0.05294507167880942,0.05012569581041072,target,minute interval; not exact exchange fill
321,1468805.0,1468810.0,-1.0,648.0,0.3755,0.37310000000000004,0.121662,0.12088440000000002,0.0,1.5551999999999726,1.3126535999999727,10312.462259738839,2.0,10311.149606138839,0.02359814465839336,1668643860.0,2022-11-17 00:05:00+00:00,2022-11-17 00:05:00+00:00,2022-11-17 00:10:00+00:00,2022-11-17 00:11:00+00:00,0.5337964820787446,0.37301616695349665,2022-11-22 00:00:00+00:00,0.015691018611947195,0.012796873142084565,target,minute interval; not exact exchange fill
322,1470245.0,1470613.0,-1.0,843.0,0.38220000000000004,0.3776,0.16109730000000003,0.1591584,0.0,3.877800000000041,3.557544300000041,10316.019804038839,2.0,10312.462259738839,0.031243227066913848,1668752040.0,2022-11-18 00:05:00+00:00,2022-11-18 00:05:00+00:00,2022-11-18 06:13:00+00:00,2022-11-18 06:14:00+00:00,0.5037525153103066,0.3774578061203466,2022-11-23 00:00:00+00:00,0.03901353968321682,0.03471832721212492,target,minute interval; not exact exchange fill
323,1471685.0,1471998.0,-1.0,1327.0,0.38220000000000004,0.3753,0.25358970000000003,0.24901155000000003,0.0,9.156300000000023,8.653698750000023,10324.673502788839,2.0,10316.019804038839,0.04916425226340042,1668835140.0,2022-11-19 00:05:00+00:00,2022-11-19 00:05:00+00:00,2022-11-19 05:18:00+00:00,2022-11-19 05:19:00+00:00,0.459200253883725,0.3751323824590828,2022-11-24 00:00:00+00:00,0.09178693815204501,0.08469127919821538,target,minute interval; not exact exchange fill
324,1473125.0,1473841.0,-1.0,1654.0,0.385,0.37120000000000003,0.318395,0.30698240000000004,-0.037096155804562,22.825199999999967,22.23691875580453,10346.910421544642,2.0,10324.673502788839,0.06167652660667614,1668945720.0,2022-11-20 00:05:00+00:00,2022-11-20 00:05:00+00:00,2022-11-20 12:01:00+00:00,2022-11-20 12:02:00+00:00,0.446662767756937,0.3710696113447034,2022-11-25 00:00:00+00:00,0.22591247785385798,0.21802991718435338,target,minute interval; not exact exchange fill
325,1474565.0,1474566.0,-1.0,848.0,0.35900000000000004,0.3562,0.15221600000000002,0.15102880000000002,0.0,2.374400000000021,2.0711552000000206,10348.981576744642,2.0,10346.910421544642,0.029422502717922707,1668989220.0,2022-11-21 00:05:00+00:00,2022-11-21 00:05:00+00:00,2022-11-21 00:06:00+00:00,2022-11-21 00:07:00+00:00,0.4803000204687501,0.35612157920550946,2022-11-26 00:00:00+00:00,0.023729763468853915,0.02013519858085472,target,minute interval; not exact exchange fill
326,1476005.0,1476332.0,-1.0,711.0,0.3655,0.35500000000000004,0.12993525,0.12620250000000002,0.0,7.465499999999967,7.209362249999967,10356.190938994643,2.0,10348.981576744642,0.025110731724941812,1669095180.0,2022-11-22 00:05:00+00:00,2022-11-22 00:05:00+00:00,2022-11-22 05:32:00+00:00,2022-11-22 05:33:00+00:00,0.510317095370796,0.35491986807547726,2022-11-27 00:00:00+00:00,0.07305858398439011,0.07001763137174999,target,minute interval; not exact exchange fill
327,1477445.0,1484640.0,-1.0,533.0,0.3738,0.3961,0.0996177,0.10556064999999999,-0.0232213842054922,-11.885899999999992,-12.0678569657945,10344.123082028847,4.0,10356.190938994643,0.019238289557776476,1669593600.0,2022-11-23 00:05:00+00:00,2022-11-23 00:05:00+00:00,2022-11-28 00:00:00+00:00,2022-11-28 00:00:00+00:00,0.5670884097466575,0.36436085079613084,2022-11-28 00:00:00+00:00,0.04883453289434706,-0.11713781858266914,timeout,minute interval; not exact exchange fill
328,1486085.0,1493280.0,-1.0,757.0,0.3886,0.387,0.14708510000000002,0.1464795,-0.129845084100218,1.2111999999999927,1.0474804841002108,10345.17056251295,4.0,10344.123082028847,0.028438389379866397,1670112000.0,2022-11-29 00:05:00+00:00,2022-11-29 00:05:00+00:00,2022-12-04 00:00:00+00:00,2022-12-04 00:00:00+00:00,0.5243850848030449,0.37948045325046814,2022-12-04 00:00:00+00:00,0.0671616235520984,0.010190558651423851,timeout,minute interval; not exact exchange fill
329,1494725.0,1495876.0,-1.0,2541.0,0.38880000000000003,0.38780000000000003,0.49397040000000003,0.4926999000000001,-0.1409777039549109,2.541000000000002,1.6953074039549128,10346.865869916905,2.0,10345.17056251295,0.09549777783074259,1670267820.0,2022-12-05 00:05:00+00:00,2022-12-05 00:05:00+00:00,2022-12-05 19:16:00+00:00,2022-12-05 19:17:00+00:00,0.4287662981069284,0.3876266911987184,2022-12-10 00:00:00+00:00,0.029357455077337696,0.016693594895376147,target,minute interval; not exact exchange fill
330,1496165.0,1496274.0,-1.0,2267.0,0.3894,0.3865,0.4413849,0.43809775,0.0,6.574300000000031,5.694817350000031,10352.560687266905,2.0,10346.865869916905,0.08531760352346092,1670291700.0,2022-12-06 00:05:00+00:00,2022-12-06 00:05:00+00:00,2022-12-06 01:54:00+00:00,2022-12-06 01:55:00+00:00,0.434294937675696,0.38634873161301264,2022-12-11 00:00:00+00:00,0.06796464245097276,0.05595397009226546,target,minute interval; not exact exchange fill
331,1497605.0,1497685.0,-1.0,1915.0,0.39080000000000004,0.38880000000000003,0.37419100000000005,0.372276,0.0,3.8300000000000036,3.0835330000000036,10355.644220266904,2.0,10352.560687266905,0.07228955449838317,1670376360.0,2022-12-07 00:05:00+00:00,2022-12-07 00:05:00+00:00,2022-12-07 01:25:00+00:00,2022-12-07 01:26:00+00:00,0.4441070837424911,0.38866843020581926,2022-12-12 00:00:00+00:00,0.03998661424582308,0.03020611684140043,target,minute interval; not exact exchange fill
332,1499045.0,1499745.0,-1.0,2254.0,0.3829,0.3825,0.43152830000000003,0.4310775,0.098400510036633,0.9016000000000258,-0.05940631003660721,10355.584813956868,2.0,10355.644220266904,0.08334166196159216,1670499960.0,2022-12-08 00:05:00+00:00,2022-12-08 00:05:00+00:00,2022-12-08 11:45:00+00:00,2022-12-08 11:46:00+00:00,0.4281041408719816,0.38239259133812675,2022-12-13 00:00:00+00:00,0.011224827019946022,-0.000583042812695606,target,minute interval; not exact exchange fill
333,1500485.0,1500710.0,-1.0,2752.0,0.3941,0.39030000000000004,0.5422816,0.5370528000000001,0.0,10.457599999999918,9.378265599999917,10364.963079556868,2.0,10355.584813956868,0.10473220194558848,1670557860.0,2022-12-09 00:05:00+00:00,2022-12-09 00:05:00+00:00,2022-12-09 03:50:00+00:00,2022-12-09 03:51:00+00:00,0.43097566205552323,0.390124346032479,2022-12-14 00:00:00+00:00,0.10781240921274683,0.09241325606219321,target,minute interval; not exact exchange fill
334,1501925.0,1502456.0,-1.0,3166.0,0.38820000000000005,0.3861,0.6145206000000001,0.6111962999999999,0.0999145341333576,6.648600000000147,5.322968565866789,10370.286048122734,2.0,10364.963079556868,0.11857651499252085,1670662560.0,2022-12-10 00:05:00+00:00,2022-12-10 00:05:00+00:00,2022-12-10 08:56:00+00:00,2022-12-10 08:56:00+00:00,0.4124916543773163,0.3860671756098416,2022-12-15 00:00:00+00:00,0.08780070542046282,0.06921271692003209,target,minute interval; not exact exchange fill
335,1503365.0,1504576.0,-1.0,4765.0,0.386,0.38270000000000004,0.919645,0.9117827500000001,0.693536306392309,15.724499999999855,13.199535943607545,10383.485584066342,2.0,10370.286048122734,0.1773615492827177,1670789820.0,2022-12-11 00:05:00+00:00,2022-12-11 00:05:00+00:00,2022-12-11 20:16:00+00:00,2022-12-11 20:17:00+00:00,0.40234954639796466,0.38254332306337757,2022-12-16 00:00:00+00:00,0.2114234152118592,0.16942989820281606,target,minute interval; not exact exchange fill
336,1504805.0,1504965.0,-1.0,3219.0,0.3801,0.3794,0.61177095,0.6106443,0.0,2.2532999999999306,1.0308847499999305,10384.516468816342,2.0,10383.485584066342,0.11783537330446613,1670813160.0,2022-12-12 00:05:00+00:00,2022-12-12 00:05:00+00:00,2022-12-12 02:45:00+00:00,2022-12-12 02:46:00+00:00,0.4116163354494526,0.37927220685664803,2022-12-17 00:00:00+00:00,0.02626552648164368,0.010161397111463378,target,minute interval; not exact exchange fill
337,1506245.0,1506318.0,-1.0,2808.0,0.38680000000000003,0.385,0.5430672000000001,0.54054,0.0,5.054400000000067,3.9707928000000665,10388.487261616343,2.0,10384.516468816342,0.10459171625964024,1670894340.0,2022-12-13 00:05:00+00:00,2022-12-13 00:05:00+00:00,2022-12-13 01:18:00+00:00,2022-12-13 01:19:00+00:00,0.4230387717030325,0.38486637883095653,2022-12-18 00:00:00+00:00,0.05335780100079088,0.03902174200572288,target,minute interval; not exact exchange fill
338,1507685.0,1507757.0,-1.0,2191.0,0.394,0.393,0.43162700000000004,0.4305315,0.0,2.191000000000002,1.328841500000002,10389.816103116344,2.0,10388.487261616343,0.08309718039406697,1670980680.0,2022-12-14 00:05:00+00:00,2022-12-14 00:05:00+00:00,2022-12-14 01:17:00+00:00,2022-12-14 01:18:00+00:00,0.44064543524137684,0.3928861757656058,2022-12-19 00:00:00+00:00,0.02387852591857036,0.013002344106374748,target,minute interval; not exact exchange fill
339,1509125.0,1509203.0,-1.0,3053.0,0.385,0.3846,0.5877025,0.5870919,0.0,1.221200000000035,0.04640560000003491,10389.862508716342,2.0,10389.816103116344,0.11313049127476342,1671067440.0,2022-12-15 00:05:00+00:00,2022-12-15 00:05:00+00:00,2022-12-15 01:23:00+00:00,2022-12-15 01:24:00+00:00,0.4182884308766125,0.38444379705343695,2022-12-20 00:00:00+00:00,0.016708596107298898,0.00045661509418548553,target,minute interval; not exact exchange fill
340,1510565.0,1511094.0,-1.0,3892.0,0.3771,0.37520000000000003,0.7338366,0.7301392000000001,-0.1477014,7.394799999999834,6.078525599999834,10395.94103431634,2.0,10389.862508716342,0.14126011761644858,1671180900.0,2022-12-16 00:05:00+00:00,2022-12-16 00:05:00+00:00,2022-12-16 08:54:00+00:00,2022-12-16 08:55:00+00:00,0.4030653392781273,0.37504685973703045,2022-12-21 00:00:00+00:00,0.07907234490477338,0.060149416237960954,target,minute interval; not exact exchange fill
341,1512005.0,1513046.0,-1.0,5311.0,0.35150000000000003,0.3481,0.93340825,0.9243795500000002,-0.04804957298,18.057400000000076,16.247661772980074,10412.188696089319,2.0,10395.94103431634,0.17957167069703048,1671298020.0,2022-12-17 00:05:00+00:00,2022-12-17 00:05:00+00:00,2022-12-17 17:26:00+00:00,2022-12-17 17:27:00+00:00,0.3703793183061865,0.3479650044038271,2022-12-22 00:00:00+00:00,0.18724169691098272,0.1620422480507439,target,minute interval; not exact exchange fill
342,1513445.0,1514060.0,-1.0,5658.0,0.35300000000000004,0.3497,0.9986370000000001,0.9893013,-0.059561805606,18.67140000000014,16.74302350560614,10428.931719594926,2.0,10412.188696089319,0.19182076490317065,1671358860.0,2022-12-18 00:05:00+00:00,2022-12-18 00:05:00+00:00,2022-12-18 10:20:00+00:00,2022-12-18 10:21:00+00:00,0.37070740659779206,0.3496211299869535,2022-12-23 00:00:00+00:00,0.19081676327847252,0.1671152119683642,target,minute interval; not exact exchange fill
343,1514885.0,1515057.0,-1.0,3390.0,0.3504,0.34740000000000004,0.593928,0.5888430000000001,0.0,10.16999999999982,8.98722899999982,10437.918948594926,2.0,10428.931719594926,0.11390006492881113,1671418680.0,2022-12-19 00:05:00+00:00,2022-12-19 00:05:00+00:00,2022-12-19 02:57:00+00:00,2022-12-19 02:58:00+00:00,0.38046665018919623,0.34727325406543424,2022-12-24 00:00:00+00:00,0.10399382421688162,0.08817410597182383,target,minute interval; not exact exchange fill
344,1516325.0,1516332.0,-1.0,2906.0,0.3383,0.3366,0.4915499,0.48907980000000006,0.0,4.9401999999999395,3.95957029999994,10441.878518894926,2.0,10437.918948594926,0.0941854219065705,1671495180.0,2022-12-20 00:05:00+00:00,2022-12-20 00:05:00+00:00,2022-12-20 00:12:00+00:00,2022-12-20 00:13:00+00:00,0.37353540651151407,0.33643631598265356,2022-12-25 00:00:00+00:00,0.05289236599945079,0.0386699100393444,target,minute interval; not exact exchange fill
345,1517765.0,1517869.0,-1.0,2319.0,0.3488,0.3463,0.4044336,0.40153485,0.0,5.797500000000005,4.991531550000005,10446.870050444926,2.0,10441.878518894926,0.07746376272586661,1671587400.0,2022-12-21 00:05:00+00:00,2022-12-21 00:05:00+00:00,2022-12-21 01:49:00+00:00,2022-12-21 01:50:00+00:00,0.3931252472936617,0.34613281555077474,2022-12-26 00:00:00+00:00,0.060173030317343564,0.04856036077451938,target,minute interval; not exact exchange fill
346,1519205.0,1519303.0,-1.0,2756.0,0.34490000000000004,0.3441,0.4752722000000001,0.47416980000000003,0.0,2.204800000000063,1.255358000000063,10448.125408444927,2.0,10446.870050444926,0.09098843916025517,1671673440.0,2022-12-22 00:05:00+00:00,2022-12-22 00:05:00+00:00,2022-12-22 01:43:00+00:00,2022-12-22 01:44:00+00:00,0.38211492672192104,0.34399142907163843,2022-12-27 00:00:00+00:00,0.02441415336245777,0.012239712398297322,target,minute interval; not exact exchange fill
347,1520645.0,1524260.0,-1.0,3331.0,0.34840000000000004,0.34600000000000003,0.5802602000000001,0.5762630000000001,0.630216286573769,7.994400000000044,6.207660513426275,10454.333068958354,2.0,10448.125408444927,0.1110745090274265,1671970860.0,2022-12-23 00:05:00+00:00,2022-12-23 00:05:00+00:00,2022-12-25 12:20:00+00:00,2022-12-25 12:21:00+00:00,0.3790702797055413,0.3459048327864774,2022-12-28 00:00:00+00:00,0.08135456335834647,0.06076249365160867,target,minute interval; not exact exchange fill
348,1524965.0,1529407.0,-1.0,3317.0,0.34540000000000004,0.34340000000000004,0.5728459,0.5695289,1.1465172811078417,6.634000000000006,4.345107918892165,10458.678176877247,2.0,10454.333068958354,0.10959013764367793,1672279680.0,2022-12-26 00:05:00+00:00,2022-12-26 00:05:00+00:00,2022-12-29 02:07:00+00:00,2022-12-29 02:08:00+00:00,0.37622836802879633,0.343290759950599,2022-12-31 00:00:00+00:00,0.06841880333823844,0.042491744454704744,target,minute interval; not exact exchange fill
349,1530725.0,1530817.0,-1.0,2922.0,0.3421,0.3387,0.49980810000000003,0.4948407,0.0,9.934800000000042,8.940151200000043,10467.618328077247,2.0,10458.678176877247,0.09557768038125689,1672364280.0,2022-12-30 00:05:00+00:00,2022-12-30 00:05:00+00:00,2022-12-30 01:37:00+00:00,2022-12-30 01:38:00+00:00,0.37720913380545074,0.33853390967441505,2023-01-04 00:00:00+00:00,0.10157158377491304,0.087145413981276,target,minute interval; not exact exchange fill
350,1532165.0,1532216.0,-1.0,3989.0,0.3436,0.3415,0.6853102,0.6811217500000001,0.0,8.376899999999964,7.010468049999964,10474.628796127246,2.0,10467.618328077247,0.1309390882473801,1672448220.0,2022-12-31 00:05:00+00:00,2022-12-31 00:05:00+00:00,2022-12-31 00:56:00+00:00,2022-12-31 00:57:00+00:00,0.36915438811878626,0.34138297738284845,2023-01-05 00:00:00+00:00,0.08675702219305836,0.06877292431463096,target,minute interval; not exact exchange fill
351,1533605.0,1535106.0,-1.0,4690.0,0.3383,0.33340000000000003,0.7933135,0.7818230000000002,-0.47462435587,22.980999999999813,21.880487855869813,10496.509283983118,2.0,10474.628796127246,0.15147333913986707,1672621620.0,2023-01-01 00:05:00+00:00,2023-01-01 00:05:00+00:00,2023-01-02 01:06:00+00:00,2023-01-02 01:07:00+00:00,0.3599556100116027,0.33330329591834873,2023-01-06 00:00:00+00:00,0.23073485710973324,0.2154337476755605,target,minute interval; not exact exchange fill
352,1536485.0,1536506.0,-1.0,2319.0,0.3471,0.34550000000000003,0.4024624500000001,0.40060725,0.0,3.7103999999999777,2.9073302999999773,10499.416614283118,2.0,10496.509283983118,0.07668500815106741,1672705620.0,2023-01-03 00:05:00+00:00,2023-01-03 00:05:00+00:00,2023-01-03 00:26:00+00:00,2023-01-03 00:27:00+00:00,0.39167479199419974,0.34534928038499757,2023-01-08 00:00:00+00:00,0.03927600189879206,0.028125762205758076,target,minute interval; not exact exchange fill
353,1537925.0,1538820.0,-1.0,1948.0,0.3428,0.3411,0.3338872,0.3322314,-0.068103340356,3.3115999999999595,2.7135847403559596,10502.130199023473,2.0,10499.416614283118,0.06360109561626291,1672844460.0,2023-01-04 00:05:00+00:00,2023-01-04 00:05:00+00:00,2023-01-04 15:00:00+00:00,2023-01-04 15:01:00+00:00,0.39599492927133156,0.34100716409602044,2023-01-09 00:00:00+00:00,0.03370313540290327,0.02618690664846352,target,minute interval; not exact exchange fill
354,1539365.0,1539408.0,-1.0,2294.0,0.3477,0.34650000000000003,0.39881190000000005,0.39743550000000005,0.0,2.7527999999999517,1.9565525999999516,10504.086751623472,2.0,10502.130199023473,0.07594876323987738,1672879740.0,2023-01-05 00:05:00+00:00,2023-01-05 00:05:00+00:00,2023-01-05 00:48:00+00:00,2023-01-05 00:49:00+00:00,0.3927803380575973,0.3463874857797438,2023-01-10 00:00:00+00:00,0.02911500394205658,0.01891955643523044,target,minute interval; not exact exchange fill
355,1540805.0,1541106.0,-1.0,3466.0,0.337,0.33490000000000003,0.5840210000000001,0.5803817,0.0,7.278599999999968,6.114197299999968,10510.200948923472,2.0,10504.086751623472,0.11119881505352876,1672981620.0,2023-01-06 00:05:00+00:00,2023-01-06 00:05:00+00:00,2023-01-06 05:06:00+00:00,2023-01-06 05:07:00+00:00,0.36663125211502207,0.33482665370779274,2023-01-11 00:00:00+00:00,0.07334642099398377,0.05953342751606763,target,minute interval; not exact exchange fill
356,1542245.0,1542617.0,-1.0,3192.0,0.3437,0.3413,0.5485452000000001,0.5447147999999999,0.0,7.660800000000043,6.567540000000042,10516.768488923472,2.0,10510.200948923472,0.10438338955948999,1673072280.0,2023-01-07 00:05:00+00:00,2023-01-07 00:05:00+00:00,2023-01-07 06:17:00+00:00,2023-01-07 06:18:00+00:00,0.3644948440930988,0.34120292613089204,2023-01-12 00:00:00+00:00,0.1200813941152209,0.09894279518464091,target,minute interval; not exact exchange fill
357,1543685.0,1543719.0,-1.0,1541.0,0.3442,0.3395,0.2652061,0.26158475000000003,0.0,7.242699999999973,6.715909149999972,10523.484398073471,2.0,10516.768488923472,0.05043490313195005,1673138400.0,2023-01-08 00:05:00+00:00,2023-01-08 00:05:00+00:00,2023-01-08 00:39:00+00:00,2023-01-08 00:40:00+00:00,0.36122312523096584,0.3394206657585945,2023-01-13 00:00:00+00:00,0.28075539459180543,0.25601350755925306,target,minute interval; not exact exchange fill
358,1545125.0,1545951.0,-1.0,3816.0,0.3447,0.3431,0.6576876,0.6546348000000001,-0.13314024,6.1055999999999635,4.926417839999964,10528.41081591347,2.0,10523.484398073471,0.12499426523032665,1673272320.0,2023-01-09 00:05:00+00:00,2023-01-09 00:05:00+00:00,2023-01-09 13:51:00+00:00,2023-01-09 13:52:00+00:00,0.3715920160519408,0.34301324761013724,2023-01-14 00:00:00+00:00,0.06272316611015236,0.048006441670512816,target,minute interval; not exact exchange fill
359,1546565.0,1546719.0,-1.0,3517.0,0.34990000000000004,0.34640000000000004,0.61529915,0.6091444,0.0,12.30950000000001,11.08505645000001,10539.49587236347,2.0,10528.41081591347,0.11688357545280972,1673318400.0,2023-01-10 00:05:00+00:00,2023-01-10 00:05:00+00:00,2023-01-10 02:39:00+00:00,2023-01-10 02:40:00+00:00,0.3791422542498325,0.34630927020566044,2023-01-15 00:00:00+00:00,0.12279250989551128,0.10778409807506757,target,minute interval; not exact exchange fill
360,1548005.0,1548089.0,-1.0,2516.0,0.35050000000000003,0.34890000000000004,0.440929,0.4389162000000001,0.0,4.025599999999976,3.1457547999999758,10542.64162716347,2.0,10539.49587236347,0.08367174395052393,1673400600.0,2023-01-11 00:05:00+00:00,2023-01-11 00:05:00+00:00,2023-01-11 01:29:00+00:00,2023-01-11 01:30:00+00:00,0.39168902550447277,0.3488030097652652,2023-01-16 00:00:00+00:00,0.04120005787829516,0.03035517312406966,target,minute interval; not exact exchange fill
361,1549445.0,1549455.0,-1.0,2491.0,0.3735,0.37210000000000004,0.46519425000000003,0.46345055000000007,0.0,3.4873999999998926,2.5587551999998923,10545.20038236347,2.0,10542.64162716347,0.08825003570289469,1673482560.0,2023-01-12 00:05:00+00:00,2023-01-12 00:05:00+00:00,2023-01-12 00:15:00+00:00,2023-01-12 00:16:00+00:00,0.4150931952252516,0.3719605754266765,2023-01-17 00:00:00+00:00,0.03701145259426744,0.02469634742983953,target,minute interval; not exact exchange fill
362,1550885.0,1551667.0,-1.0,3153.0,0.3753,0.36970000000000003,0.5916604500000001,0.5828320500000002,-0.118659604722,17.65679999999998,16.60096710472198,10561.801349468193,2.0,10545.20038236347,0.11221416920432055,1673615280.0,2023-01-13 00:05:00+00:00,2023-01-13 00:05:00+00:00,2023-01-13 13:07:00+00:00,2023-01-13 13:08:00+00:00,0.40801360453181734,0.3696077262990968,2023-01-18 00:00:00+00:00,0.17400325590434196,0.1609463080987946,target,minute interval; not exact exchange fill
363,1552325.0,1552880.0,-1.0,3041.0,0.3861,0.38230000000000003,0.5870650500000001,0.58128715,-0.123051811619,11.555799999999909,10.51049961161891,10572.311849079812,2.0,10561.801349468193,0.11116759927122846,1673688060.0,2023-01-14 00:05:00+00:00,2023-01-14 00:05:00+00:00,2023-01-14 09:20:00+00:00,2023-01-14 09:21:00+00:00,0.42008578780644723,0.38222102194416496,2023-01-19 00:00:00+00:00,0.11413529908225871,0.10169734121462101,target,minute interval; not exact exchange fill
364,1553765.0,1553792.0,-1.0,3721.0,0.3945,0.3895,0.7339672500000001,0.7246647500000001,0.0,18.605000000000018,17.14636800000002,10589.458217079811,2.0,10572.311849079812,0.1388470677894131,1673742780.0,2023-01-15 00:05:00+00:00,2023-01-15 00:05:00+00:00,2023-01-15 00:32:00+00:00,2023-01-15 00:33:00+00:00,0.42215684802035663,0.3894081061989622,2023-01-20 00:00:00+00:00,0.18410969309626155,0.16661334641634945,target,minute interval; not exact exchange fill
365,1555205.0,1555689.0,-1.0,2809.0,0.3856,0.38220000000000004,0.5415752,0.5367999000000001,-0.11047575089,9.550599999999884,8.582700650889883,10598.0409177307,2.0,10589.458217079811,0.10228572395261724,1673856600.0,2023-01-16 00:05:00+00:00,2023-01-16 00:05:00+00:00,2023-01-16 08:09:00+00:00,2023-01-16 08:10:00+00:00,0.4225469193689057,0.38204323354301145,2023-01-21 00:00:00+00:00,0.09626692881956213,0.08269780707539554,target,minute interval; not exact exchange fill
366,1556645.0,1556712.0,-1.0,2131.0,0.3856,0.38280000000000003,0.4108568,0.4078734,0.0,5.966799999999934,5.148069799999934,10603.1889875307,2.0,10598.0409177307,0.07753448079496084,1673917980.0,2023-01-17 00:05:00+00:00,2023-01-17 00:05:00+00:00,2023-01-17 01:12:00+00:00,2023-01-17 01:13:00+00:00,0.43458334630722617,0.3826283156690486,2023-01-22 00:00:00+00:00,0.060667238050925394,0.04931880286103653,target,minute interval; not exact exchange fill
367,1558085.0,1558591.0,-1.0,1901.0,0.388,0.38480000000000003,0.368794,0.36575240000000003,-0.07392989,6.083199999999963,5.422583489999963,10608.611571020701,2.0,10603.1889875307,0.06956284575021722,1674030720.0,2023-01-18 00:05:00+00:00,2023-01-18 00:05:00+00:00,2023-01-18 08:31:00+00:00,2023-01-18 08:32:00+00:00,0.44302828546867473,0.3846370706010276,2023-01-23 00:00:00+00:00,0.061112741753271575,0.05183679585335768,target,minute interval; not exact exchange fill
368,1559525.0,1559632.0,-1.0,2994.0,0.37870000000000004,0.3775,0.5669139,0.5651174999999999,0.0,3.592800000000103,2.4607686000001032,10611.072339620701,2.0,10608.611571020701,0.10687805773728687,1674093180.0,2023-01-19 00:05:00+00:00,2023-01-19 00:05:00+00:00,2023-01-19 01:52:00+00:00,2023-01-19 01:53:00+00:00,0.41339617830559927,0.37737677079740317,2023-01-24 00:00:00+00:00,0.038137606711091974,0.023688487900910896,target,minute interval; not exact exchange fill
369,1560965.0,1561248.0,-1.0,3019.0,0.3925,0.38820000000000005,0.59247875,0.5859879000000001,0.0,12.981699999999911,11.80323334999991,10622.8755729707,2.0,10611.072339620701,0.11167179546740862,1674190140.0,2023-01-20 00:05:00+00:00,2023-01-20 00:05:00+00:00,2023-01-20 04:48:00+00:00,2023-01-20 04:49:00+00:00,0.4268922687985893,0.38806726382865614,2023-01-25 00:00:00+00:00,0.12888757637081788,0.11367816479034773,target,minute interval; not exact exchange fill
370,1562405.0,1562411.0,-1.0,2960.0,0.41090000000000004,0.4093,0.6081320000000001,0.605764,0.0,4.736000000000136,3.5221040000001356,10626.397676970702,2.0,10622.8755729707,0.11449479866776509,1674259920.0,2023-01-21 00:05:00+00:00,2023-01-21 00:05:00+00:00,2023-01-21 00:11:00+00:00,2023-01-21 00:12:00+00:00,0.4460093129589389,0.40920282536617253,2023-01-26 00:00:00+00:00,0.04833972786116315,0.033891292643398074,target,minute interval; not exact exchange fill
371,1563845.0,1565093.0,-1.0,4096.0,0.4043,0.3962,0.8280064,0.8114176,-0.33181696000000005,33.177599999999984,31.869992959999987,10658.267669930703,2.0,10626.397676970702,0.1558395281581523,1674420840.0,2023-01-22 00:05:00+00:00,2023-01-22 00:05:00+00:00,2023-01-22 20:53:00+00:00,2023-01-22 20:54:00+00:00,0.4294766910261489,0.39602359571815143,2023-01-27 00:00:00+00:00,0.32873280580250047,0.30904617258553885,target,minute interval; not exact exchange fill
372,1565285.0,1568242.0,-1.0,2641.0,0.401,0.3977,0.5295205000000001,0.5251628500000001,-0.66315943124,8.715300000000067,8.323776081240066,10666.591446011942,2.0,10658.267669930703,0.09936333302904239,1674609780.0,2023-01-23 00:05:00+00:00,2023-01-23 00:05:00+00:00,2023-01-25 01:22:00+00:00,2023-01-25 01:23:00+00:00,0.44058947413718685,0.39759450187357603,2023-01-28 00:00:00+00:00,0.08602029202568183,0.07961084880992521,target,minute interval; not exact exchange fill
373,1569605.0,1569617.0,-1.0,1612.0,0.4172,0.4161,0.33626320000000004,0.3353766,0.0,1.7731999999999837,1.1015601999999836,10667.69300621194,2.0,10666.591446011942,0.06304979462314049,1674692280.0,2023-01-26 00:05:00+00:00,2023-01-26 00:05:00+00:00,2023-01-26 00:17:00+00:00,2023-01-26 00:18:00+00:00,0.48255893369300384,0.41601153297988963,2023-01-31 00:00:00+00:00,0.018183696595980427,0.010455341930909395,target,minute interval; not exact exchange fill
374,1571045.0,1571122.0,-1.0,2065.0,0.4103,0.4031,0.42363475,0.41620075000000006,0.0,14.867999999999967,14.028164499999967,10681.721170711942,2.0,10667.69300621194,0.0794238735129164,1674782580.0,2023-01-27 00:05:00+00:00,2023-01-27 00:05:00+00:00,2023-01-27 01:22:00+00:00,2023-01-27 01:23:00+00:00,0.46118349507065465,0.4029677157402468,2023-02-01 00:00:00+00:00,0.1440994619094441,0.1335069454361792,target,minute interval; not exact exchange fill
375,1572485.0,1572932.0,-1.0,2544.0,0.4117,0.40900000000000003,0.5236824,0.520248,0.0,6.86879999999995,5.82486959999995,10687.546040311941,2.0,10681.721170711942,0.09805206326408843,1674891180.0,2023-01-28 00:05:00+00:00,2023-01-28 00:05:00+00:00,2023-01-28 07:32:00+00:00,2023-01-28 07:33:00+00:00,0.4528969589880851,0.4088866594276016,2023-02-02 00:00:00+00:00,0.06829000590097135,0.05557813140193649,target,minute interval; not exact exchange fill
376,1573925.0,1575953.0,-1.0,3018.0,0.4071,0.39930000000000004,0.6143139,0.6025437,-0.496703411796,23.54039999999992,22.82024581179592,10710.366286123739,2.0,10687.546040311941,0.11495883108861345,1675072440.0,2023-01-29 00:05:00+00:00,2023-01-29 00:05:00+00:00,2023-01-30 09:53:00+00:00,2023-01-30 09:54:00+00:00,0.4417407157027007,0.39913585169762494,2023-02-03 00:00:00+00:00,0.2299071523442621,0.2182801414062722,target,minute interval; not exact exchange fill
377,1576805.0,1576831.0,-1.0,1600.0,0.3937,0.3896,0.31495999999999996,0.31168,0.0,6.559999999999988,5.933359999999988,10716.29964612374,2.0,10710.366286123739,0.05881404829413902,1675125120.0,2023-01-31 00:05:00+00:00,2023-01-31 00:05:00+00:00,2023-01-31 00:31:00+00:00,2023-01-31 00:32:00+00:00,0.45986865580801767,0.38951651190340486,2023-02-05 00:00:00+00:00,0.06322461965576485,0.056043907114562405,target,minute interval; not exact exchange fill
378,1578245.0,1578300.0,-1.0,1355.0,0.4052,0.40280000000000005,0.274523,0.27289700000000006,0.0,3.251999999999943,2.704579999999943,10719.00422612374,2.0,10716.29964612374,0.05123466290890801,1675213260.0,2023-02-01 00:05:00+00:00,2023-02-01 00:05:00+00:00,2023-02-01 01:00:00+00:00,2023-02-01 01:01:00+00:00,0.48349676358764737,0.4026667537360844,2023-02-06 00:00:00+00:00,0.032354418597134234,0.025492752299596463,target,minute interval; not exact exchange fill
379,1579685.0,1579687.0,-1.0,1503.0,0.4128,0.41240000000000004,0.31021920000000003,0.30991860000000004,0.0,0.6011999999999338,-0.018937800000066285,10718.985288323738,2.0,10719.00422612374,0.05788209304814931,1675296480.0,2023-02-02 00:05:00+00:00,2023-02-02 00:05:00+00:00,2023-02-02 00:07:00+00:00,2023-02-02 00:08:00+00:00,0.48332599104068885,0.41225625429545354,2023-02-07 00:00:00+00:00,0.007709862655212539,-0.000178657539073428,target,minute interval; not exact exchange fill
380,1581125.0,1584774.0,-1.0,2232.0,0.4098,0.4038,0.4573368,0.4506408,-0.6418712546640002,13.392000000000012,13.125893654664011,10732.111181978402,2.0,10718.985288323738,0.08533210704154617,1675601700.0,2023-02-03 00:05:00+00:00,2023-02-03 00:05:00+00:00,2023-02-05 12:54:00+00:00,2023-02-05 12:55:00+00:00,0.45704863607986823,0.40367627950643237,2023-02-08 00:00:00+00:00,0.12960629134809742,0.1244644759069711,target,minute interval; not exact exchange fill
381,1585445.0,1585767.0,-1.0,2331.0,0.3985,0.39430000000000004,0.46445175,0.45955665000000007,0.0,9.790199999999956,8.866191599999956,10740.977373578402,2.0,10732.111181978402,0.08655365978315947,1675661280.0,2023-02-06 00:05:00+00:00,2023-02-06 00:05:00+00:00,2023-02-06 05:27:00+00:00,2023-02-06 05:28:00+00:00,0.4437790023966886,0.39413303010722034,2023-02-11 00:00:00+00:00,0.09644580625961525,0.08400361754167429,target,minute interval; not exact exchange fill
382,1586885.0,1589945.0,-1.0,1728.0,0.3917,0.38870000000000005,0.3384288,0.33583680000000005,-0.41304329395200007,5.183999999999909,4.922777693951908,10745.900151272353,2.0,10740.977373578402,0.0630163882166807,1675911960.0,2023-02-07 00:05:00+00:00,2023-02-07 00:05:00+00:00,2023-02-09 03:05:00+00:00,2023-02-09 03:06:00+00:00,0.45308334728111277,0.3886034127386577,2023-02-12 00:00:00+00:00,0.050446699284108006,0.04641046489291912,target,minute interval; not exact exchange fill
383,1591205.0,1595378.0,-1.0,2578.0,0.38170000000000004,0.3763,0.4920113000000001,0.4850507,-0.3935931700766523,13.921200000000042,13.337731170076694,10759.237882442432,2.0,10745.900151272353,0.09157190985842989,1676237940.0,2023-02-10 00:05:00+00:00,2023-02-10 00:05:00+00:00,2023-02-12 21:38:00+00:00,2023-02-12 21:39:00+00:00,0.4226402501135575,0.37616145859334027,2023-02-15 00:00:00+00:00,0.13528352639022276,0.1263713296754297,target,minute interval; not exact exchange fill
384,1595525.0,1595612.0,-1.0,3095.0,0.3748,0.3713,0.580003,0.57458675,0.0,10.83250000000001,9.67791025000001,10768.915792692433,2.0,10759.237882442432,0.10781488546628078,1676251980.0,2023-02-13 00:05:00+00:00,2023-02-13 00:05:00+00:00,2023-02-13 01:32:00+00:00,2023-02-13 01:33:00+00:00,0.4088374159207403,0.37120914764442836,2023-02-18 00:00:00+00:00,0.10549720824675235,0.09186801980742126,target,minute interval; not exact exchange fill
385,1596965.0,1596987.0,-1.0,3383.0,0.3703,0.36810000000000004,0.6263624500000001,0.6226411500000001,0.0,7.442599999999931,6.193596399999931,10775.109389092431,2.0,10768.915792692433,0.11632785733639721,1676334480.0,2023-02-14 00:05:00+00:00,2023-02-14 00:05:00+00:00,2023-02-14 00:27:00+00:00,2023-02-14 00:28:00+00:00,0.40140773515169503,0.3679427777271192,2023-02-19 00:00:00+00:00,0.0757760814596745,0.05885352922905485,target,minute interval; not exact exchange fill
386,1598405.0,1598418.0,-1.0,2232.0,0.381,0.3798,0.425196,0.42385680000000003,0.0,2.678399999999953,1.8293471999999527,10776.938736292432,2.0,10775.109389092431,0.07892189019081755,1676420340.0,2023-02-15 00:05:00+00:00,2023-02-15 00:05:00+00:00,2023-02-15 00:18:00+00:00,2023-02-15 00:19:00+00:00,0.4285234179466503,0.37965282906558423,2023-02-20 00:00:00+00:00,0.028347517763307933,0.017246234286432443,target,minute interval; not exact exchange fill
387,1601285.0,1605674.0,-1.0,2563.0,0.3836,0.3786,0.4915834,0.48517590000000005,-0.8069110409019166,12.815000000000012,12.645151740901929,10789.583888033332,2.0,10776.938736292432,0.09122876394287055,1676855700.0,2023-02-17 00:05:00+00:00,2023-02-17 00:05:00+00:00,2023-02-20 01:14:00+00:00,2023-02-20 01:15:00+00:00,0.42490393536090787,0.3784641723277871,2023-02-22 00:00:00+00:00,0.12434233269388864,0.11944940936100332,target,minute interval; not exact exchange fill
388,1607045.0,1607108.0,-1.0,2332.0,0.3982,0.3957,0.4643012,0.46138619999999997,0.0,5.830000000000005,4.904312600000005,10794.488200633332,2.0,10789.583888033332,0.08606470922663735,1676941740.0,2023-02-21 00:05:00+00:00,2023-02-21 00:05:00+00:00,2023-02-21 01:08:00+00:00,2023-02-21 01:09:00+00:00,0.4437015305931773,0.3955303818204157,2023-02-26 00:00:00+00:00,0.05867095336754608,0.04621932433005546,target,minute interval; not exact exchange fill
389,1608485.0,1608526.0,-1.0,1958.0,0.39180000000000004,0.3894,0.38357220000000003,0.3812226,0.0,4.699200000000026,3.9344052000000262,10798.422605833332,2.0,10794.488200633332,0.07106815865109661,1677026820.0,2023-02-22 00:05:00+00:00,2023-02-22 00:05:00+00:00,2023-02-22 00:46:00+00:00,2023-02-22 00:47:00+00:00,0.4461728205888602,0.38932060496361454,2023-02-27 00:00:00+00:00,0.04559989732983387,0.03695596399521154,target,minute interval; not exact exchange fill
390,1609925.0,1609925.0,-1.0,1821.0,0.3947,0.3946,0.35937435,0.3592833,0.0,0.18209999999997994,-0.5365576500000201,10797.88604818333,2.0,10798.422605833332,0.06656052705436166,1677110760.0,2023-02-23 00:05:00+00:00,2023-02-23 00:05:00+00:00,2023-02-23 00:05:00+00:00,2023-02-23 00:06:00+00:00,0.4532446555747175,0.3945120554875499,2023-02-28 00:00:00+00:00,0.003210276166202977,-0.005032910299112864,target,minute interval; not exact exchange fill
391,1611365.0,1612271.0,-1.0,2735.0,0.389,0.383,0.5319575,0.5237525000000001,-0.106215221045,16.410000000000014,15.460505221045013,10813.346553404377,2.0,10797.88604818333,0.09852993403083711,1677251520.0,2023-02-24 00:05:00+00:00,2023-02-24 00:05:00+00:00,2023-02-24 15:11:00+00:00,2023-02-24 15:12:00+00:00,0.4277261217386962,0.3828338648301226,2023-03-01 00:00:00+00:00,0.15922418494377769,0.14596957539777453,target,minute interval; not exact exchange fill
392,1612805.0,1614045.0,-1.0,4660.0,0.37820000000000004,0.36920000000000003,0.8812060000000002,0.8602360000000001,-0.3518851511,41.94000000000004,40.55044315110004,10853.896996555477,2.0,10813.346553404377,0.162984880887327,1677357960.0,2023-02-25 00:05:00+00:00,2023-02-25 00:05:00+00:00,2023-02-25 20:45:00+00:00,2023-02-25 20:46:00+00:00,0.4006703637761567,0.36904328500667116,2023-03-02 00:00:00+00:00,0.4075018582051203,0.38725727458998704,target,minute interval; not exact exchange fill
393,1614245.0,1621440.0,-1.0,1710.0,0.3774,0.3773,0.32267700000000005,0.3225915,-0.878641978528296,0.17099999999998117,0.4043734785282771,10854.301370034009,4.0,10853.896996555477,0.059458275696259645,1677801600.0,2023-02-26 00:05:00+00:00,2023-02-26 00:05:00+00:00,2023-03-03 00:00:00+00:00,2023-03-03 00:00:00+00:00,0.40346916086801254,0.37051244409527656,2023-03-03 00:00:00+00:00,0.2642032069844889,0.009071090536241624,timeout,minute interval; not exact exchange fill
394,1622885.0,1624127.0,-1.0,5649.0,0.3783,0.37,1.06850835,1.0450650000000001,-0.424047235206,46.88670000000017,45.19717388520616,10899.498543919217,2.0,10854.301370034009,0.1968820126829871,1677962880.0,2023-03-04 00:05:00+00:00,2023-03-04 00:05:00+00:00,2023-03-04 20:47:00+00:00,2023-03-04 20:48:00+00:00,0.3967836214799714,0.3699005769241974,2023-03-09 00:00:00+00:00,0.4544251831224797,0.4328651667461223,target,minute interval; not exact exchange fill
395,1624325.0,1625488.0,-1.0,4603.0,0.37310000000000004,0.36760000000000004,0.8586896500000002,0.8460314000000001,-0.1533031165708936,25.316500000000023,23.765082066570915,10923.263625985788,2.0,10899.498543919217,0.15756498274483635,1678044540.0,2023-03-05 00:05:00+00:00,2023-03-05 00:05:00+00:00,2023-03-05 19:28:00+00:00,2023-03-05 19:29:00+00:00,0.39605176760783695,0.3674970503456698,2023-03-10 00:00:00+00:00,0.24411843785038553,0.22494803589891302,target,minute interval; not exact exchange fill
396,1625765.0,1625873.0,-1.0,3118.0,0.36660000000000004,0.36360000000000003,0.5715294000000001,0.5668524000000001,0.0,9.354000000000008,8.215618200000009,10931.479244185788,2.0,10923.263625985788,0.10464443953185674,1678067640.0,2023-03-06 00:05:00+00:00,2023-03-06 00:05:00+00:00,2023-03-06 01:53:00+00:00,2023-03-06 01:54:00+00:00,0.40044584189155513,0.3635189626189573,2023-03-11 00:00:00+00:00,0.09103148891715156,0.07785003571317395,target,minute interval; not exact exchange fill
397,1627205.0,1627319.0,-1.0,3059.0,0.3698,0.36710000000000004,0.5656091,0.5614794500000001,0.0,8.25929999999994,7.132211449999939,10938.611455635788,2.0,10931.479244185788,0.10348262798940683,1678154400.0,2023-03-07 00:05:00+00:00,2023-03-07 00:05:00+00:00,2023-03-07 01:59:00+00:00,2023-03-07 02:00:00+00:00,0.40481600864546646,0.36696897169582504,2023-03-12 00:00:00+00:00,0.08084954321432954,0.06658525886278727,target,minute interval; not exact exchange fill
398,1628645.0,1628749.0,-1.0,2769.0,0.38130000000000003,0.37820000000000004,0.52790985,0.5236179000000001,0.0,8.583899999999977,7.532372249999977,10946.143827885788,2.0,10938.611455635788,0.09652227837894552,1678240200.0,2023-03-08 00:05:00+00:00,2023-03-08 00:05:00+00:00,2023-03-08 01:49:00+00:00,2023-03-08 01:50:00+00:00,0.4200642966512895,0.3780394767708247,2023-03-13 00:00:00+00:00,0.0841115023575913,0.07017410955422307,target,minute interval; not exact exchange fill
399,1631525.0,1631568.0,-1.0,3788.0,0.371,0.3668,0.702674,0.6947192,0.0,15.90959999999993,14.51220679999993,10960.656034685788,2.0,10946.143827885788,0.12838749628155016,1678409340.0,2023-03-10 00:05:00+00:00,2023-03-10 00:05:00+00:00,2023-03-10 00:48:00+00:00,2023-03-10 00:49:00+00:00,0.39917156014470506,0.3666394571877044,2023-03-15 00:00:00+00:00,0.1547852795477912,0.1359917583662845,target,minute interval; not exact exchange fill
400,1632965.0,1633423.0,-1.0,5751.0,0.36970000000000003,0.3618,1.06307235,1.0403559,0.0,45.4329000000001,43.3294717500001,11003.985506435787,2.0,10960.656034685788,0.1939796936672095,1678520640.0,2023-03-11 00:05:00+00:00,2023-03-11 00:05:00+00:00,2023-03-11 07:43:00+00:00,2023-03-11 07:44:00+00:00,0.3880407584992432,0.3616645430037098,2023-03-16 00:00:00+00:00,0.4381202116925426,0.4107927161415338,target,minute interval; not exact exchange fill
401,1634405.0,1634870.0,-1.0,4687.0,0.3629,0.3582,0.85045615,0.8394417000000001,0.0,22.028899999999915,20.339002149999914,11024.324508585787,2.0,11003.985506435787,0.15457238643264343,1678607460.0,2023-03-12 00:05:00+00:00,2023-03-12 00:05:00+00:00,2023-03-12 07:50:00+00:00,2023-03-12 07:51:00+00:00,0.38566584644105617,0.3580998452065103,2023-03-17 00:00:00+00:00,0.21084894892522288,0.19061228455684262,target,minute interval; not exact exchange fill
402,1635845.0,1635846.0,-1.0,3326.0,0.36960000000000004,0.36860000000000004,0.6146448,0.6129818,0.0,3.326000000000003,2.0983734000000034,11026.422881985787,2.0,11024.324508585787,0.11150702240691704,1678666020.0,2023-03-13 00:05:00+00:00,2023-03-13 00:05:00+00:00,2023-03-13 00:06:00+00:00,2023-03-13 00:07:00+00:00,0.40202054758584066,0.3684674515197928,2023-03-18 00:00:00+00:00,0.0349330460014145,0.0194598810624513,target,minute interval; not exact exchange fill
403,1637285.0,1637286.0,-1.0,3501.0,0.37120000000000003,0.3703,0.6497856000000001,0.64821015,0.0,3.150900000000042,1.8529042500000417,11028.275786235787,2.0,11026.422881985787,0.11785972784729219,1678752420.0,2023-03-14 00:05:00+00:00,2023-03-14 00:05:00+00:00,2023-03-14 00:06:00+00:00,2023-03-14 00:07:00+00:00,0.401969768950303,0.3701402675867007,2023-03-19 00:00:00+00:00,0.034440701033892046,0.01720032415111133,target,minute interval; not exact exchange fill
404,1638725.0,1638745.0,-1.0,2994.0,0.37260000000000004,0.3708,0.5577822000000001,0.5550876000000001,0.0,5.389200000000072,4.276330200000071,11032.552116435787,2.0,11028.275786235787,0.1011549240899759,1678839960.0,2023-03-15 00:05:00+00:00,2023-03-15 00:05:00+00:00,2023-03-15 00:25:00+00:00,2023-03-15 00:26:00+00:00,0.4087064233955126,0.3707114804598826,2023-03-20 00:00:00+00:00,0.05230425399465459,0.03955805825335605,target,minute interval; not exact exchange fill
405,1640165.0,1640170.0,-1.0,2767.0,0.35910000000000003,0.3584,0.49681485000000003,0.4958464,0.0,1.9369000000000938,0.9442387500000937,11033.496355185787,2.0,11032.552116435787,0.09006344946422111,1678925460.0,2023-03-16 00:05:00+00:00,2023-03-16 00:05:00+00:00,2023-03-16 00:10:00+00:00,2023-03-16 00:11:00+00:00,0.3982558362224562,0.3582543854492265,2023-03-21 00:00:00+00:00,0.021596130547930074,0.008715175895140875,target,minute interval; not exact exchange fill
406,1641605.0,1645139.0,-1.0,3882.0,0.36410000000000003,0.3919,0.7067181,0.7606779,-0.8284674842140188,-107.91959999999996,-108.55852851578595,10924.93782667,1.0,11033.496355185787,0.12810410721128118,1679223600.0,2023-03-17 00:05:00+00:00,2023-03-17 00:05:00+00:00,2023-03-19 10:59:00+00:00,2023-03-19 11:00:00+00:00,0.3918064653052626,0.3607054961431795,2023-03-22 00:00:00+00:00,0.12251666964446027,-1.0093163148341053,stop,minute interval; not exact exchange fill
407,1645925.0,1646124.0,-1.0,2716.0,0.38670000000000004,0.3829,0.5251386000000001,0.5199782000000001,0.0,10.32080000000007,9.275683200000069,10934.21350987,2.0,10924.93782667,0.09613575991581934,1679282700.0,2023-03-20 00:05:00+00:00,2023-03-20 00:05:00+00:00,2023-03-20 03:24:00+00:00,2023-03-20 03:25:00+00:00,0.4261806483826182,0.3827532259718908,2023-03-25 00:00:00+00:00,0.09996730524432923,0.08650313862382282,target,minute interval; not exact exchange fill
408,1647365.0,1648162.0,-1.0,2744.0,0.3739,0.4132,0.5129908000000001,0.5669104,-0.047740962639999995,-107.8392,-108.87136023736,10825.342149632641,1.0,10934.21350987,0.09383222662278141,1679404980.0,2023-03-21 00:05:00+00:00,2023-03-21 00:05:00+00:00,2023-03-21 13:22:00+00:00,2023-03-21 13:23:00+00:00,0.4130214176414125,0.3705875902990089,2023-03-26 00:00:00+00:00,0.08466998132206542,-1.0141798043637433,stop,minute interval; not exact exchange fill
409,1648805.0,1648835.0,-1.0,688.0,0.4698,0.463,0.1616112,0.15927200000000002,0.0,4.678399999999981,4.357516799999981,10829.699666432642,2.0,10825.342149632641,0.029857938486588027,1679445360.0,2023-03-22 00:05:00+00:00,2023-03-22 00:05:00+00:00,2023-03-22 00:35:00+00:00,2023-03-22 00:36:00+00:00,0.6261886867223045,0.46283787091120654,2023-03-27 00:00:00+00:00,0.04451811211354395,0.04049909320644393,target,minute interval; not exact exchange fill
410,1650245.0,1650246.0,-1.0,593.0,0.42000000000000004,0.4193,0.12453000000000002,0.12432245,0.0,0.4151000000000201,0.1662475500000201,10829.865913982643,2.0,10829.699666432642,0.02299786768528565,1679530020.0,2023-03-23 00:05:00+00:00,2023-03-23 00:05:00+00:00,2023-03-23 00:06:00+00:00,2023-03-23 00:07:00+00:00,0.6018047389993898,0.4191618275858813,2023-03-28 00:00:00+00:00,0.004610289141701519,0.0015420390114306915,target,minute interval; not exact exchange fill
411,1651685.0,1651920.0,-1.0,692.0,0.44160000000000005,0.43110000000000004,0.15279360000000003,0.14916060000000003,0.0,7.266000000000006,6.964045800000006,10836.829959782643,2.0,10829.865913982643,0.028217080657060647,1679630460.0,2023-03-24 00:05:00+00:00,2023-03-24 00:05:00+00:00,2023-03-24 04:00:00+00:00,2023-03-24 04:01:00+00:00,0.597232366844971,0.4309506633752255,2023-03-29 00:00:00+00:00,0.06842623318440325,0.06466296313558377,target,minute interval; not exact exchange fill
412,1653125.0,1658565.0,-1.0,1126.0,0.42450000000000004,0.5201,0.23899350000000003,0.29281630000000003,-0.28580833576955117,-107.64559999999996,-107.89160146423042,10728.938358318415,1.0,10836.829959782643,0.04410764049762641,1680029160.0,2023-03-25 00:05:00+00:00,2023-03-25 00:05:00+00:00,2023-03-28 18:45:00+00:00,2023-03-28 18:46:00+00:00,0.5199102122665473,0.39645201254967244,2023-03-30 00:00:00+00:00,0.2939725924932439,-1.0042790126240464,stop,minute interval; not exact exchange fill
413,1658885.0,1663589.0,-1.0,520.0,0.5169,0.5062,0.134394,0.131612,-0.15531465237886,5.564000000000022,5.453308652378882,10734.391666970796,2.0,10728.938358318415,0.025052618537192164,1680330600.0,2023-03-29 00:05:00+00:00,2023-03-29 00:05:00+00:00,2023-04-01 06:29:00+00:00,2023-04-01 06:30:00+00:00,0.7221107878110562,0.5060503443208316,2023-04-03 00:00:00+00:00,0.052870786155540764,0.05110419454878447,target,minute interval; not exact exchange fill
414,1664645.0,1667294.0,-1.0,611.0,0.5087,0.4975,0.15540785000000004,0.15198625000000002,-0.040332829897919004,6.843200000000026,6.576138729897944,10740.967805700693,2.0,10734.391666970796,0.02895512942352988,1680552900.0,2023-04-02 00:05:00+00:00,2023-04-02 00:05:00+00:00,2023-04-03 20:14:00+00:00,2023-04-03 20:15:00+00:00,0.6833724624269719,0.49737884399231735,2023-04-07 00:00:00+00:00,0.06481362803490506,0.0616176758985628,target,minute interval; not exact exchange fill
415,1667525.0,1667574.0,-1.0,476.0,0.49310000000000004,0.49010000000000004,0.11735780000000001,0.11664380000000002,0.0,1.4280000000000013,1.1939984000000012,10742.161804100693,2.0,10740.967805700693,0.02185236975344311,1680569700.0,2023-04-04 00:05:00+00:00,2023-04-04 00:05:00+00:00,2023-04-04 00:54:00+00:00,2023-04-04 00:55:00+00:00,0.7175043209293851,0.4899077534220908,2023-04-09 00:00:00+00:00,0.014225423845175235,0.011178037880961032,target,minute interval; not exact exchange fill
416,1668965.0,1670491.0,-1.0,644.0,0.501,0.4944,0.161322,0.1591968,-0.04197467925169682,4.250399999999996,3.971855879251693,10746.133659979945,2.0,10742.161804100693,0.030035295118793916,1680744720.0,2023-04-05 00:05:00+00:00,2023-04-05 00:05:00+00:00,2023-04-06 01:31:00+00:00,2023-04-06 01:32:00+00:00,0.6667426649633713,0.49423531075107596,2023-04-10 00:00:00+00:00,0.04081441100527144,0.03721116753332759,target,minute interval; not exact exchange fill
417,1671845.0,1679040.0,-1.0,733.0,0.5023,0.5166000000000001,0.18409295,0.18933390000000003,-0.10597772420004709,-10.481900000000067,-10.74934912580002,10735.384310854146,4.0,10746.133659979945,0.034262173880376535,1681257600.0,2023-04-07 00:05:00+00:00,2023-04-07 00:05:00+00:00,2023-04-12 00:00:00+00:00,2023-04-12 00:00:00+00:00,0.6478913882029871,0.4860113313386929,2023-04-12 00:00:00+00:00,0.11187934164483002,-0.10072621316416921,timeout,minute interval; not exact exchange fill
418,1680485.0,1687680.0,-1.0,1326.0,0.504,0.5111,0.334152,0.33885930000000003,-0.8854920474660002,-9.414599999999993,-9.202119252533992,10726.182191601614,4.0,10735.384310854146,0.062252452324813634,1681776000.0,2023-04-13 00:05:00+00:00,2023-04-13 00:05:00+00:00,2023-04-18 00:00:00+00:00,2023-04-18 00:00:00+00:00,0.584052640491606,0.5011629464437697,2023-04-18 00:00:00+00:00,0.035439849813920885,-0.08668993385330831,timeout,minute interval; not exact exchange fill
419,1689125.0,1689142.0,-1.0,2571.0,0.5369,0.5298,0.6901849500000001,0.6810579,0.0,18.254099999999987,16.88285714999999,10743.065048751616,2.0,10726.182191601614,0.12869163280489512,1681863780.0,2023-04-19 00:05:00+00:00,2023-04-19 00:05:00+00:00,2023-04-19 00:22:00+00:00,2023-04-19 00:23:00+00:00,0.5776645029898534,0.5296336373021109,2023-04-24 00:00:00+00:00,0.17825220878316178,0.16108745399482716,target,minute interval; not exact exchange fill
420,1690565.0,1690745.0,-1.0,1679.0,0.4929,0.48850000000000005,0.41378955,0.4100957500000001,0.0,7.3875999999999316,6.563714699999932,10749.628763451616,2.0,10743.065048751616,0.07703379773318675,1681959960.0,2023-04-20 00:05:00+00:00,2023-04-20 00:05:00+00:00,2023-04-20 03:05:00+00:00,2023-04-20 03:06:00+00:00,0.555962049119426,0.48835976564408856,2023-04-25 00:00:00+00:00,0.07199630236107948,0.06199132528339796,target,minute interval; not exact exchange fill
421,1692005.0,1692149.0,-1.0,1922.0,0.4758,0.4706,0.45724380000000003,0.4522466,0.0,9.994399999999967,9.084909599999966,10758.713673051616,2.0,10749.628763451616,0.08507155178318603,1682044200.0,2023-04-21 00:05:00+00:00,2023-04-21 00:05:00+00:00,2023-04-21 02:29:00+00:00,2023-04-21 02:30:00+00:00,0.5308447291665714,0.47046064214553146,2023-04-26 00:00:00+00:00,0.09700034745036265,0.08587198214194428,target,minute interval; not exact exchange fill
422,1693445.0,1700387.0,-1.0,2484.0,0.4501,0.444,0.5590242,0.5514479999999999,0.3380476089116988,15.152399999999986,13.703880191088286,10772.417553242703,2.0,10758.713673051616,0.1039202672342218,1682538480.0,2023-04-22 00:05:00+00:00,2023-04-22 00:05:00+00:00,2023-04-26 19:47:00+00:00,2023-04-26 19:48:00+00:00,0.49258003141303763,0.4438354775217565,2023-04-27 00:00:00+00:00,0.14746981746159532,0.12986948918818603,target,minute interval; not exact exchange fill
423,1700645.0,1700724.0,-1.0,1584.0,0.45980000000000004,0.45880000000000004,0.36416160000000003,0.36336960000000007,0.0,1.5840000000000014,0.8564688000000013,10773.274022042702,2.0,10772.417553242703,0.06761000456956487,1682558700.0,2023-04-27 00:05:00+00:00,2023-04-27 00:05:00+00:00,2023-04-27 01:24:00+00:00,2023-04-27 01:25:00+00:00,0.5269483625848669,0.4586455858024879,2023-05-02 00:00:00+00:00,0.01719199326793912,0.008052318465943618,target,minute interval; not exact exchange fill
424,1702085.0,1706499.0,-1.0,1825.0,0.46580000000000005,0.462,0.42504250000000005,0.42157500000000003,-0.7073135728250001,6.935000000000047,6.795696072825047,10780.069718115528,2.0,10773.274022042702,0.07890683911508053,1682905200.0,2023-04-28 00:05:00+00:00,2023-04-28 00:05:00+00:00,2023-05-01 01:39:00+00:00,2023-05-01 01:40:00+00:00,0.5239494829955692,0.4618514225413809,2023-05-03 00:00:00+00:00,0.06790391341776887,0.06403615112594827,target,minute interval; not exact exchange fill
425,1707845.0,1707909.0,-1.0,1620.0,0.4637,0.46240000000000003,0.375597,0.37454400000000004,0.0,2.105999999999948,1.355858999999948,10781.425577115528,2.0,10780.069718115528,0.06968359385817745,1682989800.0,2023-05-02 00:05:00+00:00,2023-05-02 00:05:00+00:00,2023-05-02 01:09:00+00:00,2023-05-02 01:10:00+00:00,0.5293602373534353,0.46221757703948924,2023-05-07 00:00:00+00:00,0.022577179435572144,0.012746679478096334,target,minute interval; not exact exchange fill
426,1709285.0,1709558.0,-1.0,2010.0,0.4642,0.45930000000000004,0.466521,0.4615965000000001,0.0,9.84899999999992,8.92088249999992,10790.346459615528,2.0,10781.425577115528,0.08654161672093338,1683088740.0,2023-05-03 00:05:00+00:00,2023-05-03 00:05:00+00:00,2023-05-03 04:38:00+00:00,2023-05-03 04:39:00+00:00,0.5169792725994197,0.4591380211173999,2023-05-08 00:00:00+00:00,0.09590846241893423,0.08409077619703233,target,minute interval; not exact exchange fill
427,1710725.0,1710756.0,-1.0,1628.0,0.46230000000000004,0.4607,0.37631220000000004,0.3750098,0.0,2.6048000000000746,1.8534780000000746,10792.199937615529,2.0,10790.346459615528,0.06974979003842077,1683160620.0,2023-05-04 00:05:00+00:00,2023-05-04 00:05:00+00:00,2023-05-04 00:36:00+00:00,2023-05-04 00:37:00+00:00,0.5276970481064703,0.4605850496947586,2023-05-09 00:00:00+00:00,0.02622366536253127,0.01740904265505226,target,minute interval; not exact exchange fill
428,1712165.0,1712910.0,-1.0,1915.0,0.46030000000000004,0.4566,0.44073725,0.43719450000000004,-0.0882049,7.08550000000007,6.29577315000007,10798.495710765528,2.0,10792.199937615529,0.08167699867454054,1683289860.0,2023-05-05 00:05:00+00:00,2023-05-05 00:05:00+00:00,2023-05-05 12:30:00+00:00,2023-05-05 12:31:00+00:00,0.5157854765315455,0.456436218536243,2023-05-10 00:00:00+00:00,0.06963590664235077,0.059251721450583814,target,minute interval; not exact exchange fill
429,1713605.0,1714065.0,-1.0,2243.0,0.4661,0.462,0.52273115,0.5181330000000001,0.0,9.196299999999983,8.155435849999982,10806.651146615528,2.0,10798.495710765528,0.09681554986938871,1683359160.0,2023-05-06 00:05:00+00:00,2023-05-06 00:05:00+00:00,2023-05-06 07:45:00+00:00,2023-05-06 07:46:00+00:00,0.5133805499635044,0.46187467319225467,2023-05-11 00:00:00+00:00,0.08936712476920967,0.07690160124631729,target,minute interval; not exact exchange fill
430,1715045.0,1715265.0,-1.0,1834.0,0.4581,0.4556,0.4200777,0.4177852,0.0,4.585000000000004,3.747137100000004,10810.398283715527,2.0,10806.651146615528,0.07774428808716781,1683431160.0,2023-05-07 00:05:00+00:00,2023-05-07 00:05:00+00:00,2023-05-07 03:45:00+00:00,2023-05-07 03:46:00+00:00,0.5106797471874778,0.4554898536090306,2023-05-12 00:00:00+00:00,0.049641668714432846,0.03885811760781141,target,minute interval; not exact exchange fill
431,1716485.0,1716582.0,-1.0,1624.0,0.448,0.446,0.36377600000000004,0.362152,0.0,3.248000000000003,2.5220720000000028,10812.920355715527,2.0,10810.398283715527,0.06730112812734786,1683510180.0,2023-05-08 00:05:00+00:00,2023-05-08 00:05:00+00:00,2023-05-08 01:42:00+00:00,2023-05-08 01:43:00+00:00,0.5137385075195858,0.4458140728746112,2023-05-13 00:00:00+00:00,0.033251852040259995,0.023623901098413412,target,minute interval; not exact exchange fill
432,1717925.0,1717945.0,-1.0,948.0,0.4272,0.4259,0.20249280000000003,0.2018766,0.0,1.2324000000000221,0.828030600000022,10813.748386315528,2.0,10812.920355715527,0.03745385951963768,1683591960.0,2023-05-09 00:05:00+00:00,2023-05-09 00:05:00+00:00,2023-05-09 00:25:00+00:00,2023-05-09 00:26:00+00:00,0.48407240931768064,0.42573548559925306,2023-05-14 00:00:00+00:00,0.02575087671363471,0.015358062204136009,target,minute interval; not exact exchange fill
433,1719365.0,1719862.0,-1.0,2711.0,0.42760000000000004,0.42500000000000004,0.5796118,0.5760875000000001,0.01742649777,7.048599999999976,5.875474202229976,10819.623860517759,2.0,10813.748386315528,0.10719905425827758,1683706980.0,2023-05-10 00:05:00+00:00,2023-05-10 00:05:00+00:00,2023-05-10 08:22:00+00:00,2023-05-10 08:23:00+00:00,0.46668373992597795,0.42484231811347617,2023-05-15 00:00:00+00:00,0.07055829078145383,0.055452009815454326,target,minute interval; not exact exchange fill
434,1720805.0,1720812.0,-1.0,2281.0,0.42910000000000004,0.4282,0.4893885500000001,0.4883621000000001,0.0,2.0529000000000273,1.075149350000027,10820.699009867758,2.0,10819.623860517759,0.09046313555979404,1683763980.0,2023-05-11 00:05:00+00:00,2023-05-11 00:05:00+00:00,2023-05-11 00:12:00+00:00,2023-05-11 00:13:00+00:00,0.47571901844669545,0.42805918233295065,2023-05-16 00:00:00+00:00,0.02232603134361285,0.010110680484166724,target,minute interval; not exact exchange fill
435,1722245.0,1722404.0,-1.0,3070.0,0.4204,0.4179,0.6453139999999999,0.6414765,0.0,7.675000000000007,6.388209500000007,10827.087219367759,2.0,10820.699009867758,0.11927399503701498,1683859500.0,2023-05-12 00:05:00+00:00,2023-05-12 00:05:00+00:00,2023-05-12 02:44:00+00:00,2023-05-12 02:45:00+00:00,0.45485137483062804,0.4177511526083772,2023-05-17 00:00:00+00:00,0.07688655110703782,0.06039962150218981,target,minute interval; not exact exchange fill
436,1723685.0,1723696.0,-1.0,2878.0,0.4293,0.4277,0.6177627,0.6154603000000001,0.0,4.6047999999999725,3.3715769999999723,10830.458796367759,2.0,10827.087219367759,0.11411429269636453,1683937020.0,2023-05-13 00:05:00+00:00,2023-05-13 00:05:00+00:00,2023-05-13 00:16:00+00:00,2023-05-13 00:17:00+00:00,0.45517010388975954,0.42761212505720814,2023-05-18 00:00:00+00:00,0.06524422746752132,0.0452839310190679,target,minute interval; not exact exchange fill
437,1725125.0,1725162.0,-1.0,3531.0,0.4237,0.42260000000000003,0.7480423500000001,0.7461003,0.0,3.884099999999964,2.389957349999964,10832.848753717759,2.0,10830.458796367759,0.13813677962578522,1684024980.0,2023-05-14 00:05:00+00:00,2023-05-14 00:05:00+00:00,2023-05-14 00:42:00+00:00,2023-05-14 00:43:00+00:00,0.45187727929688387,0.4224868842568405,2023-05-19 00:00:00+00:00,0.043052976491370486,0.02402112684012197,target,minute interval; not exact exchange fill
438,1726565.0,1726575.0,-1.0,1564.0,0.4252,0.42350000000000004,0.33250640000000004,0.33117700000000005,0.0,2.6587999999999674,1.9951165999999672,10834.843870317758,2.0,10832.848753717759,0.06138854285875378,1684109760.0,2023-05-15 00:05:00+00:00,2023-05-15 00:05:00+00:00,2023-05-15 00:15:00+00:00,2023-05-15 00:16:00+00:00,0.46029474634454953,0.4233868099602961,2023-05-20 00:00:00+00:00,0.051665569025704884,0.0363487454069631,target,minute interval; not exact exchange fill
439,1728005.0,1728033.0,-1.0,3381.0,0.4277,0.4259,0.7230268500000001,0.71998395,0.0,6.085800000000081,4.642789200000081,10839.486659517757,2.0,10834.843870317758,0.1334632706578716,1684197240.0,2023-05-16 00:05:00+00:00,2023-05-16 00:05:00+00:00,2023-05-16 00:33:00+00:00,2023-05-16 00:34:00+00:00,0.45893984366407087,0.4257354724388576,2023-05-21 00:00:00+00:00,0.06288531985842875,0.04395668604383416,target,minute interval; not exact exchange fill
440,1729445.0,1730316.0,-1.0,3186.0,0.4398,0.43970000000000004,0.7006014,0.7004421000000001,-0.14305140000000002,0.3185999999999649,-0.9393921000000351,10838.547267417758,2.0,10839.486659517757,0.12926837257275972,1684334220.0,2023-05-17 00:05:00+00:00,2023-05-17 00:05:00+00:00,2023-05-17 14:36:00+00:00,2023-05-17 14:37:00+00:00,0.47300499009217756,0.4395262227967467,2023-05-22 00:00:00+00:00,0.008245062037161409,-0.008879689443710212,target,minute interval; not exact exchange fill
441,1730885.0,1730888.0,-1.0,2678.0,0.4469,0.4469,0.5983991,0.5983991,0.0,-0.0,-1.1967982,10837.35046921776,2.0,10838.547267417758,0.1104205361172109,1684368540.0,2023-05-18 00:05:00+00:00,2023-05-18 00:05:00+00:00,2023-05-18 00:08:00+00:00,2023-05-18 00:09:00+00:00,0.4865394028579628,0.44673155352729116,2023-05-23 00:00:00+00:00,0.004249470490573324,-0.011274135526242577,target,minute interval; not exact exchange fill
442,1732325.0,1736144.0,-1.0,3333.0,0.46190000000000003,0.457,0.7697563500000001,0.7615905000000001,-0.8837646671854177,16.33170000000005,15.684117817185468,10853.034587034945,2.0,10837.35046921776,0.1420561883988903,1684683900.0,2023-05-19 00:05:00+00:00,2023-05-19 00:05:00+00:00,2023-05-21 15:44:00+00:00,2023-05-21 15:45:00+00:00,0.49356696404934125,0.456870320965411,2023-05-24 00:00:00+00:00,0.1588304779312636,0.14859984393878484,target,minute interval; not exact exchange fill
443,1736645.0,1736669.0,-1.0,2129.0,0.4586,0.4554,0.48817970000000005,0.4847733,0.0,6.8127999999999584,5.839846999999959,10858.874434034944,2.0,10853.034587034945,0.08996188044644775,1684715400.0,2023-05-22 00:05:00+00:00,2023-05-22 00:05:00+00:00,2023-05-22 00:29:00+00:00,2023-05-22 00:30:00+00:00,0.4990305929043297,0.4552959485659465,2023-05-27 00:00:00+00:00,0.0817215676720798,0.06784466422470478,target,minute interval; not exact exchange fill
444,1738085.0,1738584.0,-1.0,2380.0,0.4615,0.46,0.549185,0.5474,-0.10999964206,3.570000000000003,2.583414642060003,10861.457848677004,2.0,10858.874434034944,0.1011495258253822,1684830300.0,2023-05-23 00:05:00+00:00,2023-05-23 00:05:00+00:00,2023-05-23 08:24:00+00:00,2023-05-23 08:25:00+00:00,0.5062702439937946,0.45983199714096196,2023-05-28 00:00:00+00:00,0.03725695261498373,0.02424530760096937,target,minute interval; not exact exchange fill
445,1739525.0,1739558.0,-1.0,3124.0,0.46390000000000003,0.46190000000000003,0.7246118,0.7214878000000001,0.0,6.2480000000000055,4.801900400000005,10866.259749077004,2.0,10861.457848677004,0.13342809226815946,1684888740.0,2023-05-24 00:05:00+00:00,2023-05-24 00:05:00+00:00,2023-05-24 00:38:00+00:00,2023-05-24 00:39:00+00:00,0.4978112220355639,0.4617602139862088,2023-05-29 00:00:00+00:00,0.06309964328466715,0.04532717807656689,target,minute interval; not exact exchange fill
446,1740965.0,1740978.0,-1.0,3367.0,0.45320000000000005,0.45080000000000003,0.7629622,0.7589218000000001,0.0,8.080800000000044,6.5589160000000435,10872.818665077004,2.0,10866.259749077004,0.1404277493117735,1684973940.0,2023-05-25 00:05:00+00:00,2023-05-25 00:05:00+00:00,2023-05-25 00:18:00+00:00,2023-05-25 00:19:00+00:00,0.48463085839063885,0.45067912936874194,2023-05-30 00:00:00+00:00,0.08020368390603395,0.06197730828058436,target,minute interval; not exact exchange fill
447,1742405.0,1746601.0,-1.0,3048.0,0.45320000000000005,0.4837,0.6906768000000001,0.7371588,-1.0168748049452305,-92.96399999999991,-93.37496079505469,10779.443704281948,1.0,10872.818665077004,0.1270465039977945,1685311320.0,2023-05-26 00:05:00+00:00,2023-05-26 00:05:00+00:00,2023-05-28 22:01:00+00:00,2023-05-28 22:02:00+00:00,0.4835783545138257,0.45069988563087804,2023-05-31 00:00:00+00:00,0.08229920313768703,-1.0084426937353637,stop,minute interval; not exact exchange fill
448,1746725.0,1746801.0,-1.0,2705.0,0.48210000000000003,0.48040000000000005,0.65204025,0.6497410000000001,0.0,4.598499999999944,3.2967187499999437,10782.74042303195,2.0,10779.443704281948,0.12097846009270187,1685323320.0,2023-05-29 00:05:00+00:00,2023-05-29 00:05:00+00:00,2023-05-29 01:21:00+00:00,2023-05-29 01:22:00+00:00,0.5210724865438393,0.480212406776326,2023-06-03 00:00:00+00:00,0.04843399513527917,0.03127206160245984,target,minute interval; not exact exchange fill
449,1748165.0,1748205.0,-1.0,2583.0,0.4968,0.4928,0.6416172,0.6364512,0.0,10.33200000000001,9.05393160000001,10791.79435463195,2.0,10782.74042303195,0.11900818805384664,1685407560.0,2023-05-30 00:05:00+00:00,2023-05-30 00:05:00+00:00,2023-05-30 00:45:00+00:00,2023-05-30 00:46:00+00:00,0.5376426131515569,0.49267504591745864,2023-06-04 00:00:00+00:00,0.10099633114156249,0.08582212864277482,target,minute interval; not exact exchange fill
450,1749605.0,1749630.0,-1.0,2743.0,0.5197,0.5167,0.7127685500000002,0.7086540500000001,0.0,8.229000000000008,6.807577400000008,10798.60193203195,2.0,10791.79435463195,0.13209453897610132,1685493060.0,2023-05-31 00:05:00+00:00,2023-05-31 00:05:00+00:00,2023-05-31 00:30:00+00:00,2023-05-31 00:31:00+00:00,0.5581113877342055,0.5165870969619709,2023-06-05 00:00:00+00:00,0.08104115007688419,0.06461104756675976,target,minute interval; not exact exchange fill
451,1751045.0,1751046.0,-1.0,2526.0,0.5154,0.5145000000000001,0.6509502,0.6498135000000002,0.0,2.2733999999997496,0.9726362999997494,10799.57456833195,2.0,10798.60193203195,0.12056194016543623,1685578020.0,2023-06-01 00:05:00+00:00,2023-06-01 00:05:00+00:00,2023-06-01 00:06:00+00:00,2023-06-01 00:07:00+00:00,0.5572205011081428,0.5143248729825454,2023-06-06 00:00:00+00:00,0.02570813330702212,0.009207206747815081,target,minute interval; not exact exchange fill
452,1752485.0,1752503.0,-1.0,2650.0,0.5067,0.5045000000000001,0.6713775000000001,0.6684625000000001,0.0,5.829999999999947,4.490159999999946,10804.064728331949,2.0,10799.57456833195,0.1243340644118906,1685665440.0,2023-06-02 00:05:00+00:00,2023-06-02 00:05:00+00:00,2023-06-02 00:23:00+00:00,2023-06-02 00:24:00+00:00,0.5465292053303181,0.5043223025167308,2023-06-07 00:00:00+00:00,0.05969733675452735,0.04254164716437861,target,minute interval; not exact exchange fill
453,1753925.0,1753963.0,-1.0,2145.0,0.523,0.521,0.5609175000000001,0.5587725,0.0,4.290000000000004,3.1703100000000037,10807.235038331948,2.0,10804.064728331949,0.10383453155904976,1685753040.0,2023-06-03 00:05:00+00:00,2023-06-03 00:05:00+00:00,2023-06-03 00:43:00+00:00,2023-06-03 00:44:00+00:00,0.5724212809424445,0.5208580392058126,2023-06-08 00:00:00+00:00,0.043340859511146364,0.0299061451224072,target,minute interval; not exact exchange fill
454,1755365.0,1755393.0,-1.0,1278.0,0.5189,0.5171,0.3315771,0.3304269,0.0,2.3004000000000304,1.6383960000000304,10808.873434331948,2.0,10807.235038331948,0.061362059550650355,1685838840.0,2023-06-04 00:05:00+00:00,2023-06-04 00:05:00+00:00,2023-06-04 00:33:00+00:00,2023-06-04 00:34:00+00:00,0.5727314204098117,0.5169786360084985,2023-06-09 00:00:00+00:00,0.03569224027295693,0.02381508773575585,target,minute interval; not exact exchange fill
455,1756805.0,1756873.0,-1.0,1722.0,0.5356000000000001,0.5331,0.4611516000000001,0.4589991,0.0,4.305000000000099,3.3848493000000994,10812.258283631949,2.0,10808.873434331948,0.08532833746304329,1685927640.0,2023-06-05 00:05:00+00:00,2023-06-05 00:05:00+00:00,2023-06-05 01:13:00+00:00,2023-06-05 01:14:00+00:00,0.5974045632869035,0.5329737209559794,2023-06-10 00:00:00+00:00,0.04249328697347501,0.03180428588865355,target,minute interval; not exact exchange fill
456,1758245.0,1758314.0,-1.0,1623.0,0.5087,0.5065000000000001,0.41281005000000004,0.41102475000000005,0.0,3.570599999999967,2.7467651999999667,10815.005048831948,2.0,10812.258283631949,0.07635963536404403,1686014100.0,2023-06-06 00:05:00+00:00,2023-06-06 00:05:00+00:00,2023-06-06 01:14:00+00:00,2023-06-06 01:15:00+00:00,0.5743893706708939,0.5063379777231483,2023-06-11 00:00:00+00:00,0.0359574502347663,0.02576368113616075,target,minute interval; not exact exchange fill
457,1759685.0,1759787.0,-1.0,2079.0,0.528,0.5252,0.548856,0.5459453999999999,0.0,5.821200000000052,4.726398600000052,10819.731447431948,2.0,10815.005048831948,0.10149898174282924,1686102480.0,2023-06-07 00:05:00+00:00,2023-06-07 00:05:00+00:00,2023-06-07 01:47:00+00:00,2023-06-07 01:48:00+00:00,0.5790629745794998,0.5250445868538716,2023-06-12 00:00:00+00:00,0.05787781010538634,0.044521495637912245,target,minute interval; not exact exchange fill
458,1761125.0,1764261.0,-1.0,1865.0,0.5169,0.515,0.48200925,0.48023750000000004,-0.49011593806386655,3.543500000000024,3.0713691880638905,10822.802816620011,2.0,10819.731447431948,0.0890981910857694,1686370920.0,2023-06-08 00:05:00+00:00,2023-06-08 00:05:00+00:00,2023-06-10 04:21:00+00:00,2023-06-10 04:22:00+00:00,0.5739874070694392,0.514803985818548,2023-06-13 00:00:00+00:00,0.03671587639113614,0.028847811350565373,target,minute interval; not exact exchange fill
459,1765445.0,1765498.0,-1.0,1362.0,0.5051,0.5044000000000001,0.3439731,0.34349640000000004,0.0,0.953399999999895,0.26593049999989504,10823.06874712001,2.0,10822.802816620011,0.06356451389316241,1686445140.0,2023-06-11 00:05:00+00:00,2023-06-11 00:05:00+00:00,2023-06-11 00:58:00+00:00,2023-06-11 00:59:00+00:00,0.5836405352967554,0.5042404911713709,2023-06-16 00:00:00+00:00,0.010943506119248084,0.0024859774543450164,target,minute interval; not exact exchange fill
460,1766885.0,1766905.0,-1.0,1221.0,0.5202,0.5175000000000001,0.31758210000000003,0.31593375,0.0,3.296699999999908,2.663184149999908,10825.731931270011,2.0,10823.06874712001,0.05868614667804042,1686529560.0,2023-06-12 00:05:00+00:00,2023-06-12 00:05:00+00:00,2023-06-12 00:25:00+00:00,2023-06-12 00:26:00+00:00,0.6078931621557082,0.5173691774283387,2023-06-17 00:00:00+00:00,0.03228099548554223,0.024872520803013907,target,minute interval; not exact exchange fill
461,1768325.0,1768367.0,-1.0,1284.0,0.5255000000000001,0.5221,0.33737100000000003,0.3351882,0.0,4.365600000000089,3.693040800000089,10829.424972070012,2.0,10825.731931270011,0.062327610205367735,1686617280.0,2023-06-13 00:05:00+00:00,2023-06-13 00:05:00+00:00,2023-06-13 00:47:00+00:00,2023-06-13 00:48:00+00:00,0.6088616521345644,0.5219774433189952,2023-06-18 00:00:00+00:00,0.04225632039200325,0.03450267510722123,target,minute interval; not exact exchange fill
462,1769765.0,1769777.0,-1.0,1904.0,0.5186000000000001,0.5128,0.49370720000000007,0.48818560000000005,0.0,11.043200000000052,10.061307200000053,10839.486279270013,2.0,10829.424972070012,0.09117883937019962,1686701880.0,2023-06-14 00:05:00+00:00,2023-06-14 00:05:00+00:00,2023-06-14 00:17:00+00:00,2023-06-14 00:18:00+00:00,0.5745433192048376,0.5126627184878482,2023-06-19 00:00:00+00:00,0.10613030468235937,0.09445810643897376,target,minute interval; not exact exchange fill
463,1771205.0,1771612.0,-1.0,1479.0,0.4776,0.47600000000000003,0.35318520000000003,0.35200200000000004,0.0,2.366399999999986,1.6612127999999857,10841.147492070013,2.0,10839.486279270013,0.06516640934828238,1686811980.0,2023-06-15 00:05:00+00:00,2023-06-15 00:05:00+00:00,2023-06-15 06:52:00+00:00,2023-06-15 06:53:00+00:00,0.5499737989639244,0.475891116380379,2023-06-20 00:00:00+00:00,0.023611909891213947,0.015519428523571955,target,minute interval; not exact exchange fill
464,1772645.0,1772660.0,-1.0,1472.0,0.4776,0.4771,0.3515136,0.3511456,0.0,0.7360000000000007,0.03334080000000067,10841.180832870012,2.0,10841.147492070013,0.064848043116676,1686874860.0,2023-06-16 00:05:00+00:00,2023-06-16 00:05:00+00:00,2023-06-16 00:20:00+00:00,2023-06-16 00:21:00+00:00,0.5503339821896801,0.4769477099810532,2023-06-21 00:00:00+00:00,0.008968160401911757,0.00031140877095017864,target,minute interval; not exact exchange fill
465,1774085.0,1774191.0,-1.0,1369.0,0.47340000000000004,0.47040000000000004,0.3240423,0.3219888,0.0,4.107000000000004,3.4609689000000037,10844.64180177001,2.0,10841.180832870012,0.05977989021592872,1686966720.0,2023-06-17 00:05:00+00:00,2023-06-17 00:05:00+00:00,2023-06-17 01:51:00+00:00,2023-06-17 01:52:00+00:00,0.5516761323280219,0.4702369475296315,2023-06-22 00:00:00+00:00,0.040408900852606226,0.03229720126443925,target,minute interval; not exact exchange fill
466,1775525.0,1775536.0,-1.0,1265.0,0.4787,0.4767,0.30277775,0.30151275,0.0,2.530000000000002,1.9257095000000017,10846.567511270012,2.0,10844.64180177001,0.05583914259862084,1687047420.0,2023-06-18 00:05:00+00:00,2023-06-18 00:05:00+00:00,2023-06-18 00:16:00+00:00,2023-06-18 00:17:00+00:00,0.563550267281926,0.4765505192421176,2023-06-23 00:00:00+00:00,0.025332633906036812,0.017941015965712428,target,minute interval; not exact exchange fill
467,1776965.0,1777012.0,-1.0,1159.0,0.48610000000000003,0.4832,0.28169495,0.28001440000000005,0.0,3.361100000000016,2.799390650000016,10849.366901920013,2.0,10846.567511270012,0.05194176862077479,1687135980.0,2023-06-19 00:05:00+00:00,2023-06-19 00:05:00+00:00,2023-06-19 00:52:00+00:00,2023-06-19 00:53:00+00:00,0.5787258760335867,0.48301208035556886,2023-06-24 00:00:00+00:00,0.03333754860587199,0.02607640654458365,target,minute interval; not exact exchange fill
468,1778405.0,1778508.0,-1.0,1270.0,0.4927,0.4903,0.31286450000000005,0.3113405,0.0,3.048000000000017,2.423795000000017,10851.790696920014,2.0,10849.366901920013,0.05767424087107467,1687225740.0,2023-06-20 00:05:00+00:00,2023-06-20 00:05:00+00:00,2023-06-20 01:48:00+00:00,2023-06-20 01:49:00+00:00,0.5771961174430004,0.4901096855988262,2023-06-25 00:00:00+00:00,0.030656016862801262,0.022586836623439594,target,minute interval; not exact exchange fill
469,1779845.0,1781949.0,-1.0,1810.0,0.49060000000000004,0.4863,0.4439930000000001,0.4401015,-0.25415494738,7.783000000000047,7.153060447380048,10858.943757367395,2.0,10851.790696920014,0.081828522572964,1687432200.0,2023-06-21 00:05:00+00:00,2023-06-21 00:05:00+00:00,2023-06-22 11:09:00+00:00,2023-06-22 11:10:00+00:00,0.5496446834516953,0.48612315391750716,2023-06-26 00:00:00+00:00,0.07582132413590484,0.06693180261069825,target,minute interval; not exact exchange fill
470,1782725.0,1783204.0,-1.0,1700.0,0.4949,0.49110000000000004,0.420665,0.41743500000000006,-0.083657,6.459999999999949,5.705556999999949,10864.649314367394,2.0,10858.943757367395,0.0774780695801273,1687507500.0,2023-06-23 00:05:00+00:00,2023-06-23 00:05:00+00:00,2023-06-23 08:04:00+00:00,2023-06-23 08:05:00+00:00,0.557858622715997,0.49098094896213107,2023-06-28 00:00:00+00:00,0.06224804274305001,0.053308186475737526,target,minute interval; not exact exchange fill
471,1784165.0,1784200.0,-1.0,1478.0,0.4938,0.49160000000000004,0.3649182,0.36329240000000007,0.0,3.25159999999997,2.52338939999997,10867.172703767394,2.0,10864.649314367394,0.06717532972139888,1687567260.0,2023-06-24 00:05:00+00:00,2023-06-24 00:05:00+00:00,2023-06-24 00:40:00+00:00,2023-06-24 00:41:00+00:00,0.5663803963755488,0.4914115541658137,2023-06-29 00:00:00+00:00,0.03290758873550217,0.02352288062972252,target,minute interval; not exact exchange fill
472,1785605.0,1785622.0,-1.0,1263.0,0.4864,0.4842,0.30716160000000003,0.30577230000000005,0.0,2.778599999999974,2.165666099999974,10869.338369867393,2.0,10867.172703767394,0.056530177328186625,1687652580.0,2023-06-25 00:05:00+00:00,2023-06-25 00:05:00+00:00,2023-06-25 00:22:00+00:00,2023-06-25 00:23:00+00:00,0.5604767808235165,0.4840248397546135,2023-06-30 00:00:00+00:00,0.032063491676901486,0.02314760416067688,target,minute interval; not exact exchange fill
473,1787045.0,1787089.0,-1.0,1400.0,0.48850000000000005,0.4872,0.34195000000000003,0.34104,0.0,1.8200000000000327,1.1370100000000327,10870.475379867394,2.0,10869.338369867393,0.06292011314101208,1687740600.0,2023-06-26 00:05:00+00:00,2023-06-26 00:05:00+00:00,2023-06-26 00:49:00+00:00,2023-06-26 00:50:00+00:00,0.5652301914025352,0.48700419972765774,2023-07-01 00:00:00+00:00,0.019494285691210807,0.010584490735066647,target,minute interval; not exact exchange fill
474,1788485.0,1788558.0,-1.0,1604.0,0.47840000000000005,0.4763,0.38367680000000004,0.3819926,0.0,3.368400000000074,2.602730600000074,10873.078110467393,2.0,10870.475379867394,0.07059062029809415,1687828740.0,2023-06-27 00:05:00+00:00,2023-06-27 00:05:00+00:00,2023-06-27 01:18:00+00:00,2023-06-27 01:19:00+00:00,0.5452640831547548,0.4761525705538386,2023-07-02 00:00:00+00:00,0.033611908518357464,0.02426788678526369,target,minute interval; not exact exchange fill
475,1789925.0,1790286.0,-1.0,2337.0,0.4838,0.4786,0.5653203,0.5592441,0.0,12.15239999999996,11.027835599999959,10884.105946067393,2.0,10873.078110467393,0.1039853285806477,1687932420.0,2023-06-28 00:05:00+00:00,2023-06-28 00:05:00+00:00,2023-06-28 06:06:00+00:00,2023-06-28 06:07:00+00:00,0.5294415629116836,0.4784283931997844,2023-07-03 00:00:00+00:00,0.117691123124106,0.10338822115120934,target,minute interval; not exact exchange fill
476,1791365.0,1791408.0,-1.0,2049.0,0.46430000000000005,0.46180000000000004,0.47567535000000005,0.4731141000000001,0.0,5.122500000000005,4.1737105500000045,10888.279656617393,2.0,10884.105946067393,0.0874073354958235,1687999740.0,2023-06-29 00:05:00+00:00,2023-06-29 00:05:00+00:00,2023-06-29 00:48:00+00:00,2023-06-29 00:49:00+00:00,0.5165495988472735,0.4616320972190554,2023-07-04 00:00:00+00:00,0.05106073232720834,0.038984988304963754,target,minute interval; not exact exchange fill
477,1792805.0,1792815.0,-1.0,1977.0,0.4738,0.4722,0.46835129999999997,0.4667697,0.0,3.1631999999999807,2.2280789999999806,10890.507735617393,2.0,10888.279656617393,0.08602852145065133,1688084160.0,2023-06-30 00:05:00+00:00,2023-06-30 00:05:00+00:00,2023-06-30 00:15:00+00:00,2023-06-30 00:16:00+00:00,0.5279880314741067,0.47209410500909377,2023-07-05 00:00:00+00:00,0.031481029011385664,0.020797950568448284,target,minute interval; not exact exchange fill
478,1794245.0,1794253.0,-1.0,2025.0,0.47150000000000003,0.4697,0.47739375,0.47557125000000006,0.0,3.6450000000000484,2.692035000000048,10893.199770617393,2.0,10890.507735617393,0.08767153223511963,1688170440.0,2023-07-01 00:05:00+00:00,2023-07-01 00:05:00+00:00,2023-07-01 00:13:00+00:00,2023-07-01 00:14:00+00:00,0.5243995526690325,0.4695672260509223,2023-07-06 00:00:00+00:00,0.03653667850785353,0.025130647291432735,target,minute interval; not exact exchange fill
479,1795685.0,1795686.0,-1.0,1938.0,0.4721,0.4717,0.4574649,0.45707729999999996,0.0,0.7752000000000222,-0.13934219999997777,10893.060428417393,2.0,10893.199770617393,0.08399091353009719,1688256420.0,2023-07-02 00:05:00+00:00,2023-07-02 00:05:00+00:00,2023-07-02 00:06:00+00:00,2023-07-02 00:07:00+00:00,0.5274392719571905,0.4715832515965098,2023-07-07 00:00:00+00:00,0.00933782439150888,-0.0012992581480943425,target,minute interval; not exact exchange fill
480,1797125.0,1797152.0,-1.0,1769.0,0.48560000000000003,0.48200000000000004,0.42951320000000004,0.426329,0.0,6.368399999999986,5.512557799999986,10898.572986217392,2.0,10893.060428417393,0.07885996829311673,1688344380.0,2023-07-03 00:05:00+00:00,2023-07-03 00:05:00+00:00,2023-07-03 00:32:00+00:00,2023-07-03 00:33:00+00:00,0.5462868356641407,0.48188834232715594,2023-07-08 00:00:00+00:00,0.06116083714408064,0.05134886282827443,target,minute interval; not exact exchange fill
481,1798565.0,1798667.0,-1.0,1767.0,0.4883,0.48650000000000004,0.43141305,0.42982275000000003,0.0,3.180599999999944,2.319364199999944,10900.89235041739,2.0,10898.572986217392,0.07916872246404658,1688435280.0,2023-07-04 00:05:00+00:00,2023-07-04 00:05:00+00:00,2023-07-04 01:47:00+00:00,2023-07-04 01:48:00+00:00,0.5490793698600729,0.4863813764209044,2023-07-09 00:00:00+00:00,0.031567019919961255,0.02159614360961383,target,minute interval; not exact exchange fill
482,1800005.0,1800589.0,-1.0,3919.0,0.4872,0.48400000000000004,0.9546684000000001,0.9483980000000001,-0.19144315,12.540799999999924,10.829176749999922,10911.721527167392,2.0,10900.89235041739,0.17515417441278486,1688550600.0,2023-07-05 00:05:00+00:00,2023-07-05 00:05:00+00:00,2023-07-05 09:49:00+00:00,2023-07-05 09:50:00+00:00,0.51413266827613,0.48387548785200163,2023-07-10 00:00:00+00:00,0.12343790499751024,0.10259844927615305,target,minute interval; not exact exchange fill
483,1801445.0,1801487.0,-1.0,1296.0,0.4766,0.4757,0.3088368,0.3082536,0.0,1.1664000000000154,0.5493096000000154,10912.270836767391,2.0,10911.721527167392,0.05660642992603422,1688604480.0,2023-07-06 00:05:00+00:00,2023-07-06 00:05:00+00:00,2023-07-06 00:47:00+00:00,2023-07-06 00:48:00+00:00,0.508765076807124,0.4755264539860333,2023-07-11 00:00:00+00:00,0.03337613711927857,0.013177335236648232,target,minute interval; not exact exchange fill
484,1802885.0,1810080.0,-1.0,3053.0,0.46090000000000003,0.4751,0.70356385,0.7252401500000001,-1.1429151263181392,-43.352599999999974,-43.63848887368184,10868.632347893708,4.0,10912.270836767391,0.12894911802031866,1689120000.0,2023-07-07 00:05:00+00:00,2023-07-07 00:05:00+00:00,2023-07-12 00:00:00+00:00,2023-07-12 00:00:00+00:00,0.49579684682769015,0.46037614813895084,2023-07-12 00:00:00+00:00,0.015011438243570117,-0.4095969478470732,timeout,minute interval; not exact exchange fill
485,1811525.0,1812447.0,-1.0,3177.0,0.4707,0.5042,0.74770695,0.8009217,-0.111092548104,-106.42949999999992,-107.86703610189592,10760.765311791813,1.0,10868.632347893708,0.13758988731363284,1689262080.0,2023-07-13 00:05:00+00:00,2023-07-13 00:05:00+00:00,2023-07-13 15:27:00+00:00,2023-07-13 15:28:00+00:00,0.504044892129576,0.4688251171704907,2023-07-18 00:00:00+00:00,0.05622698739655978,-1.0182213850344122,stop,minute interval; not exact exchange fill
486,1812965.0,1812985.0,-1.0,209.0,0.8222,0.7983,0.0859199,0.08342234999999999,0.0,4.995100000000007,4.825757750000006,10765.591069541812,2.0,10760.765311791813,0.015969105822956225,1689294360.0,2023-07-14 00:05:00+00:00,2023-07-14 00:05:00+00:00,2023-07-14 00:25:00+00:00,2023-07-14 00:26:00+00:00,1.3346404661993518,0.7981194794488948,2023-07-19 00:00:00+00:00,0.04699184030040536,0.04505840487432848,target,minute interval; not exact exchange fill
487,1814405.0,1821600.0,-1.0,203.0,0.7219,0.8195,0.07327285,0.08317925,-0.22280667528700002,-19.812800000000003,-19.746445424713002,10745.8446241171,4.0,10765.591069541812,0.01361241561688234,1689811200.0,2023-07-15 00:05:00+00:00,2023-07-15 00:05:00+00:00,2023-07-20 00:00:00+00:00,2023-07-20 00:00:00+00:00,1.2484620248713838,0.6910234540689896,2023-07-20 00:00:00+00:00,0.058638003639841306,-0.18473252072205473,timeout,minute interval; not exact exchange fill
488,1823045.0,1823497.0,-1.0,202.0,0.7926000000000001,0.7768,0.08005260000000002,0.07845680000000001,0.0,3.1916000000000073,3.033090600000007,10748.8777147171,2.0,10745.8446241171,0.014899266237357734,1689925080.0,2023-07-21 00:05:00+00:00,2023-07-21 00:05:00+00:00,2023-07-21 07:37:00+00:00,2023-07-21 07:38:00+00:00,1.3219100204752001,0.7765984880545421,2023-07-26 00:00:00+00:00,0.030230887998478166,0.028367685135678538,target,minute interval; not exact exchange fill
489,1824485.0,1825584.0,-1.0,186.0,0.7697,0.7474000000000001,0.07158210000000001,0.0695082,-0.028658880000000005,4.1477999999999975,4.035368579999998,10752.913083297102,2.0,10748.8777147171,0.013318990484372439,1690050300.0,2023-07-22 00:05:00+00:00,2023-07-22 00:05:00+00:00,2023-07-22 18:24:00+00:00,2023-07-22 18:25:00+00:00,1.343900881448095,0.7472333881348433,2023-07-27 00:00:00+00:00,0.03912674569307087,0.03778386745991292,target,minute interval; not exact exchange fill
490,1825925.0,1825932.0,-1.0,131.0,0.7316,0.7187,0.047919800000000005,0.04707485,0.0,1.6899000000000028,1.5949053500000028,10754.507988647103,2.0,10752.913083297102,0.00891289637120486,1690071180.0,2023-07-23 00:05:00+00:00,2023-07-23 00:05:00+00:00,2023-07-23 00:12:00+00:00,2023-07-23 00:13:00+00:00,1.5489917629017615,0.7184912950856902,2023-07-28 00:00:00+00:00,0.01603723637705081,0.014894754941961972,target,minute interval; not exact exchange fill
491,1827365.0,1827793.0,-1.0,135.0,0.7365,0.7181000000000001,0.04971375000000001,0.04847175000000001,0.0,2.4839999999999964,2.3858144999999964,10756.893803147103,2.0,10754.507988647103,0.009245192816348245,1690182840.0,2023-07-24 00:05:00+00:00,2023-07-24 00:05:00+00:00,2023-07-24 07:13:00+00:00,2023-07-24 07:14:00+00:00,1.5303327960657132,0.7178587445417722,2023-07-29 00:00:00+00:00,0.023482596776821373,0.02226249669651723,target,minute interval; not exact exchange fill
492,1828805.0,1829204.0,-1.0,112.0,0.7015,0.686,0.039284,0.038416000000000006,0.0,1.7359999999999953,1.6582999999999952,10758.552103147102,2.0,10756.893803147103,0.007303967245359777,1690267500.0,2023-07-25 00:05:00+00:00,2023-07-25 00:05:00+00:00,2023-07-25 06:44:00+00:00,2023-07-25 06:45:00+00:00,1.6601141929969223,0.6858326870446227,2023-07-30 00:00:00+00:00,0.01634371060832767,0.015445473380392037,target,minute interval; not exact exchange fill
493,1830245.0,1837440.0,-1.0,231.0,0.7073,0.7046,0.08169315,0.0813813,-0.2227350448607823,0.6237000000000082,0.6833605948607906,10759.235463741965,4.0,10758.552103147102,0.015186643930664805,1690761600.0,2023-07-26 00:05:00+00:00,2023-07-26 00:05:00+00:00,2023-07-31 00:00:00+00:00,2023-07-31 00:00:00+00:00,1.171313879289409,0.6716348911135235,2023-07-31 00:00:00+00:00,0.07686215968602947,0.006375393292014525,timeout,minute interval; not exact exchange fill
494,1838885.0,1839010.0,-1.0,171.0,0.6964,0.6818000000000001,0.0595422,0.05829390000000001,0.0,2.496599999999991,2.378763899999991,10761.614227641965,2.0,10759.235463741965,0.01106810984863264,1690855860.0,2023-08-01 00:05:00+00:00,2023-08-01 00:05:00+00:00,2023-08-01 02:10:00+00:00,2023-08-01 02:11:00+00:00,1.3225893542176193,0.6815910247305847,2023-08-06 00:00:00+00:00,0.02364935649204396,0.022215165279168097,target,minute interval; not exact exchange fill
495,1840325.0,1842163.0,-1.0,268.0,0.7062,0.6746,0.09463080000000001,0.0903964,-0.038554902173217595,8.46880000000002,8.322327702173236,10769.936555344137,2.0,10761.614227641965,0.017586729648222128,1691045040.0,2023-08-02 00:05:00+00:00,2023-08-02 00:05:00+00:00,2023-08-03 06:43:00+00:00,2023-08-03 06:44:00+00:00,1.1055909746221528,0.6743798795056394,2023-08-07 00:00:00+00:00,0.07967160631124517,0.07775203634646892,target,minute interval; not exact exchange fill
496,1843205.0,1843595.0,-1.0,1294.0,0.6639,0.6595000000000001,0.4295433000000001,0.4266965000000001,0.0,5.693599999999948,4.837360199999948,10774.773915544136,2.0,10769.936555344137,0.07976709942397142,1691130960.0,2023-08-04 00:05:00+00:00,2023-08-04 00:05:00+00:00,2023-08-04 06:35:00+00:00,2023-08-04 06:36:00+00:00,0.745998253585053,0.6592977408643856,2023-08-09 00:00:00+00:00,0.056057941973717045,0.04553446433701685,target,minute interval; not exact exchange fill
497,1844645.0,1844691.0,-1.0,1182.0,0.634,0.6307,0.374694,0.37274370000000007,0.0,3.9005999999999643,3.1531622999999644,10777.927077844135,2.0,10774.773915544136,0.06955022962652625,1691196720.0,2023-08-05 00:05:00+00:00,2023-08-05 00:05:00+00:00,2023-08-05 00:51:00+00:00,2023-08-05 00:52:00+00:00,0.7240651714686702,0.6305508002031257,2023-08-10 00:00:00+00:00,0.0382967104889611,0.029619107547337875,target,minute interval; not exact exchange fill
498,1846085.0,1846888.0,-1.0,935.0,0.6277,0.626,0.29344975,0.292655,0.002757469642081,1.5895000000000326,1.0006377803579516,10778.927715624495,2.0,10777.927077844135,0.05445383845716231,1691328540.0,2023-08-06 00:05:00+00:00,2023-08-06 00:05:00+00:00,2023-08-06 13:28:00+00:00,2023-08-06 13:29:00+00:00,0.7417845082768262,0.6258007270916027,2023-08-11 00:00:00+00:00,0.016647947535424548,0.009380772646278948,target,minute interval; not exact exchange fill
499,1847525.0,1847906.0,-1.0,983.0,0.6246,0.6203000000000001,0.3069909,0.30487745,0.0,4.226899999999971,3.6150316499999713,10782.542747274494,2.0,10778.927715624495,0.05696130600356549,1691389620.0,2023-08-07 00:05:00+00:00,2023-08-07 00:05:00+00:00,2023-08-07 06:26:00+00:00,2023-08-07 06:27:00+00:00,0.7331454828727216,0.6201113809722131,2023-08-12 00:00:00+00:00,0.041352425812599104,0.03388026754012599,target,minute interval; not exact exchange fill
500,1848965.0,1848996.0,-1.0,1292.0,0.622,0.6207,0.401812,0.40097220000000006,0.0,1.6795999999999585,0.8768157999999584,10783.419563074494,2.0,10782.542747274494,0.07453010100081747,1691455020.0,2023-08-08 00:05:00+00:00,2023-08-08 00:05:00+00:00,2023-08-08 00:36:00+00:00,2023-08-08 00:37:00+00:00,0.70436731789319,0.6204899584587028,2023-08-13 00:00:00+00:00,0.018333018239774925,0.008239311626973321,target,minute interval; not exact exchange fill
501,1850405.0,1850557.0,-1.0,2215.0,0.6403,0.6366,0.70913225,0.7050345000000001,0.0,8.195499999999836,6.781333249999836,10790.200896324493,2.0,10783.419563074494,0.1315227040647238,1691548680.0,2023-08-09 00:05:00+00:00,2023-08-09 00:05:00+00:00,2023-08-09 02:37:00+00:00,2023-08-09 02:38:00+00:00,0.6878662118167773,0.6364055337073381,2023-08-14 00:00:00+00:00,0.08187463629988381,0.06436396515646155,target,minute interval; not exact exchange fill
502,1851845.0,1851883.0,-1.0,2023.0,0.6419,0.6406000000000001,0.64928185,0.6479669,0.0,2.629899999999935,1.3326512499999348,10791.533547574494,2.0,10790.200896324493,0.12034657301351402,1691628240.0,2023-08-10 00:05:00+00:00,2023-08-10 00:05:00+00:00,2023-08-10 00:43:00+00:00,2023-08-10 00:44:00+00:00,0.6941328177763672,0.6403780648094706,2023-08-15 00:00:00+00:00,0.029137528000989045,0.012611802848170693,target,minute interval; not exact exchange fill
503,1853285.0,1853765.0,-1.0,1155.0,0.6324000000000001,0.6307,0.36521100000000006,0.36422925000000006,-0.07297290000000001,1.9635000000000402,1.30703265000004,10792.840580224494,2.0,10791.533547574494,0.0676847268073563,1691741160.0,2023-08-11 00:05:00+00:00,2023-08-11 00:05:00+00:00,2023-08-11 08:05:00+00:00,2023-08-11 08:06:00+00:00,0.6785050562708826,0.630545832708517,2023-08-16 00:00:00+00:00,0.04021613769624684,0.024544596439733883,target,minute interval; not exact exchange fill
504,1854725.0,1854935.0,-1.0,1884.0,0.6301,0.6286,0.5935542,0.5921412,0.0,2.825999999999898,1.6403045999998977,10794.480884824494,2.0,10792.840580224494,0.10999035806895129,1691811360.0,2023-08-12 00:05:00+00:00,2023-08-12 00:05:00+00:00,2023-08-12 03:35:00+00:00,2023-08-12 03:36:00+00:00,0.685121656423726,0.6284488224652256,2023-08-17 00:00:00+00:00,0.03000959335099891,0.01582376934083923,target,minute interval; not exact exchange fill
505,1856165.0,1857500.0,-1.0,379.0,0.6269,0.6258,0.11879755,0.1185891,-0.047637057655,0.41689999999999616,0.22715040765499614,10794.708035232148,2.0,10794.480884824494,0.02201079445460179,1691965260.0,2023-08-13 00:05:00+00:00,2023-08-13 00:05:00+00:00,2023-08-13 22:20:00+00:00,2023-08-13 22:21:00+00:00,0.7002285234266614,0.6256130595623911,2023-08-18 00:00:00+00:00,0.01755033890592417,0.008173373974990968,target,minute interval; not exact exchange fill
506,1857605.0,1859885.0,-1.0,1805.0,0.6264000000000001,0.6232,0.565326,0.562438,-0.42973210765000003,5.776000000000165,5.077968107650165,10799.786003339797,2.0,10794.708035232148,0.10474132290653329,1692108360.0,2023-08-14 00:05:00+00:00,2023-08-14 00:05:00+00:00,2023-08-15 14:05:00+00:00,2023-08-15 14:06:00+00:00,0.685126576564475,0.6230434978731564,2023-08-19 00:00:00+00:00,0.05715473850512366,0.047904694851596555,target,minute interval; not exact exchange fill
507,1860485.0,1860608.0,-1.0,2975.0,0.6094,0.6062000000000001,0.9064825000000001,0.9017225000000001,0.0,9.519999999999943,7.711794999999944,10807.497798339797,2.0,10799.786003339797,0.16787045589971383,1692151740.0,2023-08-16 00:05:00+00:00,2023-08-16 00:05:00+00:00,2023-08-16 02:08:00+00:00,2023-08-16 02:09:00+00:00,0.6446394471767354,0.6060520123183324,2023-08-21 00:00:00+00:00,0.09500681622150889,0.07355961025720406,target,minute interval; not exact exchange fill
508,1861925.0,1861952.0,-1.0,2686.0,0.5888,0.5868,0.7907584,0.7880724,0.0,5.372000000000005,3.7931692000000057,10811.290967539797,2.0,10807.497798339797,0.1463351489410385,1692232380.0,2023-08-17 00:05:00+00:00,2023-08-17 00:05:00+00:00,2023-08-17 00:32:00+00:00,2023-08-17 00:33:00+00:00,0.6280040540838112,0.5865904745659175,2023-08-22 00:00:00+00:00,0.056359616007031155,0.036021784812891346,target,minute interval; not exact exchange fill
509,1863365.0,1863431.0,-1.0,1790.0,0.5096,0.5027,0.45609200000000005,0.44991650000000005,0.0,12.351000000000031,11.44499150000003,10822.735959039797,2.0,10811.290967539797,0.08437327260350069,1692321120.0,2023-08-18 00:05:00+00:00,2023-08-18 00:05:00+00:00,2023-08-18 01:11:00+00:00,2023-08-18 01:12:00+00:00,0.5690704031282762,0.5025124624387295,2023-08-23 00:00:00+00:00,0.11917756040736646,0.10751314374326079,target,minute interval; not exact exchange fill
510,1864805.0,1865222.0,-1.0,1271.0,0.5061,0.5015000000000001,0.32162655,0.31870325000000005,0.0,5.8465999999999205,5.20627019999992,10827.942229239798,2.0,10822.735959039797,0.05943535002927947,1692428580.0,2023-08-19 00:05:00+00:00,2023-08-19 00:05:00+00:00,2023-08-19 07:02:00+00:00,2023-08-19 07:03:00+00:00,0.5902793227970502,0.5013375674657378,2023-08-24 00:00:00+00:00,0.056574849690155894,0.04866040571359259,target,minute interval; not exact exchange fill
511,1866245.0,1866271.0,-1.0,837.0,0.5184,0.517,0.21695040000000002,0.2163645,0.0,1.1717999999999638,0.7384850999999638,10828.680714339798,2.0,10827.942229239798,0.040072323144493084,1692491520.0,2023-08-20 00:05:00+00:00,2023-08-20 00:05:00+00:00,2023-08-20 00:31:00+00:00,2023-08-20 00:32:00+00:00,0.6467369041324718,0.5168586908200256,2023-08-25 00:00:00+00:00,0.012009867234941607,0.006874873645769342,target,minute interval; not exact exchange fill
512,1867685.0,1867754.0,-1.0,805.0,0.5386000000000001,0.534,0.21678650000000002,0.21493500000000001,0.0,3.703000000000039,3.271278500000039,10831.951992839799,2.0,10828.680714339798,0.040039318864194075,1692580500.0,2023-08-21 00:05:00+00:00,2023-08-21 00:05:00+00:00,2023-08-21 01:14:00+00:00,2023-08-21 01:15:00+00:00,0.6720153872309513,0.533810435382312,2023-08-26 00:00:00+00:00,0.035899641841139536,0.030459005399171107,target,minute interval; not exact exchange fill
513,1869125.0,1869174.0,-1.0,968.0,0.5241,0.5205000000000001,0.2536644,0.25192200000000003,0.0,3.4847999999999386,2.9792135999999387,10834.9312064398,2.0,10831.951992839799,0.046836322791622184,1692665700.0,2023-08-22 00:05:00+00:00,2023-08-22 00:05:00+00:00,2023-08-22 00:54:00+00:00,2023-08-22 00:55:00+00:00,0.6349893490056258,0.5203259827793917,2023-08-27 00:00:00+00:00,0.03403408221304339,0.027754694455315053,target,minute interval; not exact exchange fill
514,1870565.0,1872926.0,-1.0,1586.0,0.521,0.5135000000000001,0.41315300000000005,0.40720550000000005,-0.0017434563392064346,11.894999999999923,11.07638495633913,10846.007591396141,2.0,10834.9312064398,0.07626315149180464,1692890820.0,2023-08-23 00:05:00+00:00,2023-08-23 00:05:00+00:00,2023-08-24 15:26:00+00:00,2023-08-24 15:27:00+00:00,0.5883687740965416,0.5133719269092216,2023-08-28 00:00:00+00:00,0.11322861656718175,0.10366596947265613,target,minute interval; not exact exchange fill
515,1873445.0,1873647.0,-1.0,1543.0,0.518,0.5151,0.399637,0.39739965,0.0,4.474700000000021,3.6776633500000204,10849.68525474614,2.0,10846.007591396141,0.07369292278884661,1692934080.0,2023-08-25 00:05:00+00:00,2023-08-25 00:05:00+00:00,2023-08-25 03:27:00+00:00,2023-08-25 03:28:00+00:00,0.5873462941437748,0.5149446449656849,2023-08-30 00:00:00+00:00,0.044059384456514125,0.03437025769622867,target,minute interval; not exact exchange fill
516,1874885.0,1875188.0,-1.0,1136.0,0.5252,0.5207,0.2983136,0.2957576,0.0,5.1119999999999415,4.517928799999941,10854.20318354614,2.0,10849.68525474614,0.05499027722845771,1693026540.0,2023-08-26 00:05:00+00:00,2023-08-26 00:05:00+00:00,2023-08-26 05:08:00+00:00,2023-08-26 05:09:00+00:00,0.6197153967395482,0.520551401166266,2023-08-31 00:00:00+00:00,0.049183508656732,0.042078329427736774,target,minute interval; not exact exchange fill
517,1876325.0,1877630.0,-1.0,814.0,0.5224,0.5198,0.2126168,0.2115586,-0.0535206931124646,2.1163999999999477,1.7457452931124122,10855.948928839254,2.0,10854.20318354614,0.03917686013512355,1693173060.0,2023-08-27 00:05:00+00:00,2023-08-27 00:05:00+00:00,2023-08-27 21:50:00+00:00,2023-08-27 21:51:00+00:00,0.654812036184935,0.5196498916144924,2023-09-01 00:00:00+00:00,0.020769323278637782,0.016196792217918025,target,minute interval; not exact exchange fill
518,1877765.0,1877812.0,-1.0,834.0,0.5225000000000001,0.519,0.21788250000000003,0.216423,0.0,2.919000000000049,2.484694500000049,10858.433623339255,2.0,10855.948928839254,0.04014066415164991,1693183980.0,2023-08-28 00:05:00+00:00,2023-08-28 00:05:00+00:00,2023-08-28 00:52:00+00:00,2023-08-28 00:53:00+00:00,0.6517140808151147,0.518879915587111,2023-09-02 00:00:00+00:00,0.02801617586916754,0.023056697700484397,target,minute interval; not exact exchange fill
519,1879205.0,1879566.0,-1.0,993.0,0.5222,0.5194,0.25927229999999996,0.2578821,0.0,2.7804000000000246,2.2632456000000243,10860.696868939256,2.0,10858.433623339255,0.04775500942285392,1693289220.0,2023-08-29 00:05:00+00:00,2023-08-29 00:05:00+00:00,2023-08-29 06:06:00+00:00,2023-08-29 06:07:00+00:00,0.6305321771271981,0.5192219681490761,2023-09-03 00:00:00+00:00,0.027489818167572518,0.021038993773049575,target,minute interval; not exact exchange fill
520,1880645.0,1880712.0,-1.0,1489.0,0.5382,0.5321,0.40068990000000004,0.39614845000000004,0.0,9.082899999999992,8.286061649999992,10868.982930589256,2.0,10860.696868939256,0.07378714364930704,1693357980.0,2023-08-30 00:05:00+00:00,2023-08-30 00:05:00+00:00,2023-08-30 01:12:00+00:00,2023-08-30 01:13:00+00:00,0.6101731172813575,0.5319652678731337,2023-09-04 00:00:00+00:00,0.08662584534852766,0.07731845180813651,target,minute interval; not exact exchange fill
521,1882085.0,1882126.0,-1.0,1380.0,0.5273,0.5241,0.363837,0.36162900000000003,0.0,4.415999999999974,3.6905339999999733,10872.673464589256,2.0,10868.982930589256,0.06694959451560657,1693442820.0,2023-08-31 00:05:00+00:00,2023-08-31 00:05:00+00:00,2023-08-31 00:46:00+00:00,2023-08-31 00:47:00+00:00,0.6050820021572046,0.5239139793390921,2023-09-05 00:00:00+00:00,0.04353218697127918,0.034381989738384106,target,minute interval; not exact exchange fill
522,1883525.0,1883614.0,-1.0,1553.0,0.5111,0.5073,0.39686915,0.39391845000000003,0.0,5.90140000000004,5.11061240000004,10877.784076989255,2.0,10872.673464589256,0.07300304774029058,1693532100.0,2023-09-01 00:05:00+00:00,2023-09-01 00:05:00+00:00,2023-09-01 01:34:00+00:00,2023-09-01 01:35:00+00:00,0.5801666307056097,0.5071189115776222,2023-09-06 00:00:00+00:00,0.05764127164892112,0.047646742955027944,target,minute interval; not exact exchange fill
523,1884965.0,1891636.0,-1.0,898.0,0.4969,0.4929,0.2231081,0.2213121,-0.06044052658618339,3.592000000000003,3.2080203265861864,10880.992097315839,2.0,10877.784076989255,0.04102087307872941,1694013420.0,2023-09-02 00:05:00+00:00,2023-09-02 00:05:00+00:00,2023-09-06 15:16:00+00:00,2023-09-06 15:17:00+00:00,0.5883314582422744,0.4927363422533616,2023-09-07 00:00:00+00:00,0.04553856874518589,0.03907195376264447,target,minute interval; not exact exchange fill
524,1892165.0,1892182.0,-1.0,667.0,0.5025000000000001,0.5013000000000001,0.16758375,0.16718355000000004,0.0,0.8003999999999859,0.4656326999999858,10881.457730015838,2.0,10880.992097315839,0.030803027610201126,1694046180.0,2023-09-07 00:05:00+00:00,2023-09-07 00:05:00+00:00,2023-09-07 00:22:00+00:00,2023-09-07 00:23:00+00:00,0.5381242677847918,0.5011176942965982,2023-09-12 00:00:00+00:00,0.03880236112507341,0.019596192242244542,target,minute interval; not exact exchange fill
525,1893605.0,1893782.0,-1.0,3166.0,0.5038,0.5031,0.7975154,0.7964072999999999,0.0,2.216200000000107,0.6222773000001073,10882.080007315839,2.0,10881.457730015838,0.1465824560987086,1694142180.0,2023-09-08 00:05:00+00:00,2023-09-08 00:05:00+00:00,2023-09-08 03:02:00+00:00,2023-09-08 03:03:00+00:00,0.5372561899539053,0.5029080869217091,2023-09-13 00:00:00+00:00,0.02665913481241575,0.005874847084226659,target,minute interval; not exact exchange fill
526,1895045.0,1895204.0,-1.0,1693.0,0.5037,0.5025000000000001,0.42638205000000007,0.42536625000000006,0.0,2.031599999999964,1.179851699999964,10883.25985901584,2.0,10882.080007315839,0.07836407188944587,1694227500.0,2023-09-09 00:05:00+00:00,2023-09-09 00:05:00+00:00,2023-09-09 02:44:00+00:00,2023-09-09 02:45:00+00:00,0.5452488935359631,0.5023619667415106,2023-09-14 00:00:00+00:00,0.03220382408815102,0.01677300983711565,target,minute interval; not exact exchange fill
527,1896485.0,1896499.0,-1.0,642.0,0.5029,0.5024000000000001,0.16143090000000002,0.16127040000000004,0.0,0.32099999999996465,-0.001701300000035405,10883.25815771584,2.0,10883.25985901584,0.029665909312322165,1694305200.0,2023-09-10 00:05:00+00:00,2023-09-10 00:05:00+00:00,2023-09-10 00:19:00+00:00,2023-09-10 00:20:00+00:00,0.552979618231939,0.5022757287767641,2023-09-15 00:00:00+00:00,0.01246557472432571,-5.291573884972378e-05,target,minute interval; not exact exchange fill
528,1897925.0,1897957.0,-1.0,1865.0,0.4969,0.49520000000000003,0.46335925000000006,0.461774,0.0,3.1704999999999615,2.2453667499999614,10885.503524465841,2.0,10883.25815771584,0.0851508331944685,1694392680.0,2023-09-11 00:05:00+00:00,2023-09-11 00:05:00+00:00,2023-09-11 00:37:00+00:00,2023-09-11 00:38:00+00:00,0.5418442952683489,0.49507156321717116,2023-09-16 00:00:00+00:00,0.040682288417513285,0.02678760436250154,target,minute interval; not exact exchange fill
529,1899365.0,1899381.0,-1.0,2057.0,0.4733,0.4726,0.48678905,0.48606910000000003,0.0,1.4398999999999555,0.46704184999995546,10885.97056631584,2.0,10885.503524465841,0.08943804003295053,1694478120.0,2023-09-12 00:05:00+00:00,2023-09-12 00:05:00+00:00,2023-09-12 00:21:00+00:00,2023-09-12 00:22:00+00:00,0.5186992359482369,0.4724819503002355,2023-09-17 00:00:00+00:00,0.0180190191019345,0.005001185488206352,target,minute interval; not exact exchange fill
530,1900805.0,1901030.0,-1.0,3635.0,0.4788,0.47690000000000005,0.8702190000000001,0.8667657500000001,0.0,6.906499999999845,5.1695152499998445,10891.14008156584,2.0,10885.97056631584,0.15987899190039973,1694577060.0,2023-09-13 00:05:00+00:00,2023-09-13 00:05:00+00:00,2023-09-13 03:50:00+00:00,2023-09-13 03:51:00+00:00,0.5078770741367843,0.476803262978781,2023-09-18 00:00:00+00:00,0.06867049318050203,0.048909666540377594,target,minute interval; not exact exchange fill
531,1902245.0,1902320.0,-1.0,3360.0,0.48210000000000003,0.48140000000000005,0.809928,0.8087520000000001,0.0,2.3519999999999275,0.7333199999999274,10891.87340156584,2.0,10891.14008156584,0.14873153663148095,1694654460.0,2023-09-14 00:05:00+00:00,2023-09-14 00:05:00+00:00,2023-09-14 01:20:00+00:00,2023-09-14 01:21:00+00:00,0.5136312304485097,0.4812480133386299,2023-09-19 00:00:00+00:00,0.027020406411397187,0.006921708950000529,target,minute interval; not exact exchange fill
532,1903685.0,1904568.0,-1.0,3797.0,0.4897,0.48750000000000004,0.9296954500000001,0.9255187500000001,-0.16324275032000002,8.353399999999922,6.661428550319922,10898.534830116158,2.0,10891.87340156584,0.17071359824405322,1694789340.0,2023-09-15 00:05:00+00:00,2023-09-15 00:05:00+00:00,2023-09-15 14:48:00+00:00,2023-09-15 14:49:00+00:00,0.5174947503325996,0.48730884497096955,2023-09-20 00:00:00+00:00,0.08602901628607067,0.06311956534980302,target,minute interval; not exact exchange fill
533,1905125.0,1905209.0,-1.0,2563.0,0.4994,0.498,0.6399811,0.6381870000000001,0.0,3.5882000000000316,2.3100319000000313,10900.844862016158,2.0,10898.534830116158,0.11744351144000133,1694827800.0,2023-09-16 00:05:00+00:00,2023-09-16 00:05:00+00:00,2023-09-16 01:29:00+00:00,2023-09-16 01:30:00+00:00,0.5410094887566587,0.497849007657165,2023-09-21 00:00:00+00:00,0.03727496754179203,0.021660924633585644,target,minute interval; not exact exchange fill
534,1906565.0,1906569.0,-1.0,1872.0,0.4988,0.4983,0.46687680000000004,0.46640880000000007,0.0,0.9360000000000008,0.0027144000000007273,10900.84757641616,2.0,10900.844862016158,0.08565882845041226,1694909400.0,2023-09-17 00:05:00+00:00,2023-09-17 00:05:00+00:00,2023-09-17 00:09:00+00:00,2023-09-17 00:10:00+00:00,0.5561045245795889,0.4981093413009302,2023-09-22 00:00:00+00:00,0.012052428741653255,2.5303412088979427e-05,target,minute interval; not exact exchange fill
535,1908005.0,1908030.0,-1.0,1969.0,0.49260000000000004,0.4904,0.4849647000000001,0.48279880000000003,0.0,4.33180000000007,3.36403650000007,10904.21161291616,2.0,10900.84757641616,0.08897742980081931,1694997060.0,2023-09-18 00:05:00+00:00,2023-09-18 00:05:00+00:00,2023-09-18 00:30:00+00:00,2023-09-18 00:31:00+00:00,0.5470648682137973,0.4902403177109144,2023-09-23 00:00:00+00:00,0.04332485079781859,0.031368844835784095,target,minute interval; not exact exchange fill
536,1909445.0,1909459.0,-1.0,1114.0,0.5031,0.5013000000000001,0.2802267,0.27922410000000003,0.0,2.0051999999999026,1.4457491999999026,10905.65736211616,2.0,10904.21161291616,0.0513978836705752,1695082800.0,2023-09-19 00:05:00+00:00,2023-09-19 00:05:00+00:00,2023-09-19 00:19:00+00:00,2023-09-19 00:20:00+00:00,0.5490181752827109,0.5011253330308674,2023-09-24 00:00:00+00:00,0.04300403831325854,0.02826331821788571,target,minute interval; not exact exchange fill
537,1910885.0,1911511.0,-1.0,3223.0,0.5131,0.5102,0.82686065,0.8221873,-0.0801866438405131,9.346700000000045,7.7778386938405575,10913.43520081,2.0,10905.65736211616,0.15163884625099827,1695205920.0,2023-09-20 00:05:00+00:00,2023-09-20 00:05:00+00:00,2023-09-20 10:31:00+00:00,2023-09-20 10:32:00+00:00,0.5460104849884356,0.510059590748475,2023-09-25 00:00:00+00:00,0.09238421289122327,0.07332707207468062,target,minute interval; not exact exchange fill
538,1912325.0,1912326.0,-1.0,3218.0,0.5194,0.5194,0.8357146,0.8357146,0.0,-0.0,-1.6714292,10911.76377161,2.0,10913.43520081,0.1531533535724797,1695254820.0,2023-09-21 00:05:00+00:00,2023-09-21 00:05:00+00:00,2023-09-21 00:06:00+00:00,2023-09-21 00:07:00+00:00,0.5523763836810377,0.5192052283210812,2023-09-26 00:00:00+00:00,0.005906398979424518,-0.015750665840859573,target,minute interval; not exact exchange fill
539,1913765.0,1913786.0,-1.0,3670.0,0.5075000000000001,0.5055000000000001,0.9312625000000002,0.9275925000000002,0.0,7.340000000000007,5.481145000000007,10917.24491661,2.0,10911.76377161,0.17068963725606662,1695342420.0,2023-09-22 00:05:00+00:00,2023-09-22 00:05:00+00:00,2023-09-22 00:26:00+00:00,2023-09-22 00:27:00+00:00,0.5363212584186161,0.5053130035642737,2023-09-27 00:00:00+00:00,0.07588136520485118,0.051819388949211516,target,minute interval; not exact exchange fill
540,1915205.0,1915986.0,-1.0,2530.0,0.5123,0.51,0.6480595,0.64515,-0.12946010000000002,5.818999999999921,4.6552505999999205,10921.90016721,2.0,10917.24491661,0.11872216936601145,1695474420.0,2023-09-23 00:05:00+00:00,2023-09-23 00:05:00+00:00,2023-09-23 13:06:00+00:00,2023-09-23 13:07:00+00:00,0.5503986701908363,0.5098800176036753,2023-09-28 00:00:00+00:00,0.06351881533405192,0.04829617387649761,target,minute interval; not exact exchange fill
541,1916645.0,1916725.0,-1.0,1867.0,0.507,0.5062,0.4732845,0.4725377,0.0,1.493600000000043,0.5477778000000428,10922.44794501,2.0,10921.90016721,0.0866670620961921,1695518760.0,2023-09-24 00:05:00+00:00,2023-09-24 00:05:00+00:00,2023-09-24 01:25:00+00:00,2023-09-24 01:26:00+00:00,0.5598868955442362,0.5060021595396674,2023-09-29 00:00:00+00:00,0.01886744249334797,0.005547688080020017,target,minute interval; not exact exchange fill
542,1918085.0,1918101.0,-1.0,2089.0,0.5012,0.5,0.5235034,0.52225,0.0,2.5067999999999557,1.4610465999999556,10923.90899161,2.0,10922.44794501,0.09585825496914659,1695601320.0,2023-09-25 00:05:00+00:00,2023-09-25 00:05:00+00:00,2023-09-25 00:21:00+00:00,2023-09-25 00:22:00+00:00,0.552562561096381,0.4998745180641043,2023-09-30 00:00:00+00:00,0.02580638324106171,0.013616922230329705,target,minute interval; not exact exchange fill
543,1919525.0,1919537.0,-1.0,2369.0,0.5045000000000001,0.5037,0.5975802500000001,0.59663265,0.0,1.8952000000000542,0.7009871000000542,10924.609978710001,2.0,10923.90899161,0.10940776794441727,1695687480.0,2023-09-26 00:05:00+00:00,2023-09-26 00:05:00+00:00,2023-09-26 00:17:00+00:00,2023-09-26 00:18:00+00:00,0.5496951292311105,0.503581098288052,2023-10-01 00:00:00+00:00,0.020331874863089218,0.006547165702014134,target,minute interval; not exact exchange fill
544,1920965.0,1921306.0,-1.0,3470.0,0.5011,0.49860000000000004,0.8694085,0.865071,0.0,8.674999999999816,6.940520499999815,10931.55049921,2.0,10924.609978710001,0.1591651329785343,1695793620.0,2023-09-27 00:05:00+00:00,2023-09-27 00:05:00+00:00,2023-09-27 05:46:00+00:00,2023-09-27 05:47:00+00:00,0.5316784089270957,0.49840328323385713,2023-10-02 00:00:00+00:00,0.08819022508896074,0.06541053214274992,target,minute interval; not exact exchange fill
545,1922405.0,1922649.0,-1.0,3397.0,0.4988,0.49770000000000003,0.8472118000000001,0.8453434500000001,0.0,3.7366999999999657,2.0441447499999654,10933.59464396,2.0,10931.55049921,0.1550030437239852,1695874200.0,2023-09-28 00:05:00+00:00,2023-09-28 00:05:00+00:00,2023-09-28 04:09:00+00:00,2023-09-28 04:10:00+00:00,0.5300740001011264,0.4975388468553126,2023-10-03 00:00:00+00:00,0.04032593018511957,0.01924122267871699,target,minute interval; not exact exchange fill
546,1923845.0,1924189.0,-1.0,3362.0,0.5089,0.5079,0.8554609000000001,0.8537799,0.0,3.3620000000000028,1.6527592000000024,10935.24740316,2.0,10933.59464396,0.15648300999938364,1695966600.0,2023-09-29 00:05:00+00:00,2023-09-29 00:05:00+00:00,2023-09-29 05:49:00+00:00,2023-09-29 05:50:00+00:00,0.5405083768343643,0.5077304039442688,2023-10-04 00:00:00+00:00,0.03700272436829537,0.015552839127934568,target,minute interval; not exact exchange fill
547,1925285.0,1925285.0,-1.0,2434.0,0.5195000000000001,0.5189,0.6322315000000001,0.6315013,0.0,1.4604000000001094,0.1966672000001093,10935.44407036,2.0,10935.24740316,0.11563186029376926,1696032360.0,2023-09-30 00:05:00+00:00,2023-09-30 00:05:00+00:00,2023-09-30 00:05:00+00:00,2023-09-30 00:06:00+00:00,0.5634972157347075,0.5187666375341256,2023-10-05 00:00:00+00:00,0.016668383524460272,0.0018364798465259585,target,minute interval; not exact exchange fill
548,1926725.0,1929279.0,-1.0,1828.0,0.5136000000000001,0.5133,0.4694304000000001,0.46915619999999997,-0.4349647711344624,0.5484000000001426,0.044778171134604916,10935.488848531133,2.0,10935.44407036,0.08585483990949555,1696272000.0,2023-10-01 00:05:00+00:00,2023-10-01 00:05:00+00:00,2023-10-02 18:39:00+00:00,2023-10-02 18:40:00+00:00,0.572495055305651,0.5131770902501285,2023-10-06 00:00:00+00:00,0.0071807344042175035,0.00041592145764616676,target,minute interval; not exact exchange fill
549,1929605.0,1929624.0,-1.0,2339.0,0.5116,0.5106,0.5983162000000001,0.5971467,0.0,2.339000000000002,1.1435371000000019,10936.632385631134,2.0,10935.488848531133,0.10942651184365966,1696292700.0,2023-10-03 00:05:00+00:00,2023-10-03 00:05:00+00:00,2023-10-03 00:24:00+00:00,2023-10-03 00:25:00+00:00,0.5574168032510672,0.5104636260002214,2023-10-08 00:00:00+00:00,0.02480255974105195,0.010670757567282111,target,minute interval; not exact exchange fill
550,1931045.0,1931050.0,-1.0,2971.0,0.539,0.5351,0.8006845000000001,0.79489105,0.0,11.586900000000043,9.991324450000041,10946.623710081134,2.0,10936.632385631134,0.14642249492667647,1696378260.0,2023-10-04 00:05:00+00:00,2023-10-04 00:05:00+00:00,2023-10-04 00:10:00+00:00,2023-10-04 00:11:00+00:00,0.5748462636858555,0.5348945080791268,2023-10-09 00:00:00+00:00,0.11453053955225102,0.0938159142462315,target,minute interval; not exact exchange fill
551,1932485.0,1932496.0,-1.0,2761.0,0.531,0.5305,0.7330455000000001,0.73235525,0.0,1.3805000000001546,-0.08490074999984554,10946.538809331136,2.0,10946.623710081134,0.13393088488552182,1696465020.0,2023-10-05 00:05:00+00:00,2023-10-05 00:05:00+00:00,2023-10-05 00:16:00+00:00,2023-10-05 00:17:00+00:00,0.5696940534564663,0.5302964766357203,2023-10-10 00:00:00+00:00,0.018181692054341586,-0.0007946957543370362,target,minute interval; not exact exchange fill
552,1933925.0,1934246.0,-1.0,2991.0,0.522,0.5207,0.7806510000000001,0.7787068500000001,0.0,3.8882999999999037,2.3289421499999037,10948.867751481137,2.0,10946.538809331136,0.14262974143654455,1696570020.0,2023-10-06 00:05:00+00:00,2023-10-06 00:05:00+00:00,2023-10-06 05:26:00+00:00,2023-10-06 05:27:00+00:00,0.5576613621204909,0.5205272268534948,2023-10-11 00:00:00+00:00,0.04129884723777644,0.0218345557684842,target,minute interval; not exact exchange fill
553,1935365.0,1935653.0,-1.0,1947.0,0.5249,0.5228,0.51099015,0.5089458,0.0,4.088699999999982,3.0687640499999818,10951.936515531137,2.0,10948.867751481137,0.09334118588305616,1696654440.0,2023-10-07 00:05:00+00:00,2023-10-07 00:05:00+00:00,2023-10-07 04:53:00+00:00,2023-10-07 04:54:00+00:00,0.5575916537762184,0.5226038707132202,2023-10-12 00:00:00+00:00,0.07023594775893915,0.04821261141418802,target,minute interval; not exact exchange fill
554,1936805.0,1937135.0,-1.0,1474.0,0.5208,0.5198,0.38382960000000005,0.3830926,0.0,1.4740000000000013,0.7070778000000012,10952.643593331137,2.0,10951.936515531137,0.07009346693266244,1696743360.0,2023-10-08 00:05:00+00:00,2023-10-08 00:05:00+00:00,2023-10-08 05:35:00+00:00,2023-10-08 05:36:00+00:00,0.5715086540423387,0.5196871048715455,2023-10-13 00:00:00+00:00,0.021946848116405963,0.009459923736084178,target,minute interval; not exact exchange fill
555,1938245.0,1938266.0,-1.0,1610.0,0.5167,0.5153,0.4159435,0.4148165,0.0,2.2540000000001092,1.4232400000001093,10954.066833331137,2.0,10952.643593331137,0.07595307862537595,1696811220.0,2023-10-09 00:05:00+00:00,2023-10-09 00:05:00+00:00,2023-10-09 00:26:00+00:00,2023-10-09 00:27:00+00:00,0.5722175528326929,0.5151144732290539,2023-10-14 00:00:00+00:00,0.028559017644820744,0.015922892038560867,target,minute interval; not exact exchange fill
556,1939685.0,1939731.0,-1.0,2246.0,0.5009,0.5,0.5625107,0.5615,0.0,2.0214000000000265,0.8973893000000265,10954.964222631137,2.0,10954.066833331137,0.10270353624069323,1696899120.0,2023-10-10 00:05:00+00:00,2023-10-10 00:05:00+00:00,2023-10-10 00:51:00+00:00,2023-10-10 00:52:00+00:00,0.548753450211816,0.49989189740459566,2023-10-15 00:00:00+00:00,0.021066455834263483,0.008349450211666345,target,minute interval; not exact exchange fill
557,1941125.0,1941274.0,-1.0,3173.0,0.4963,0.4929,0.78737995,0.7819858500000001,0.0,10.788200000000044,9.218834200000044,10964.183056831138,2.0,10954.964222631137,0.14374852057908208,1696991700.0,2023-10-11 00:05:00+00:00,2023-10-11 00:05:00+00:00,2023-10-11 02:34:00+00:00,2023-10-11 02:35:00+00:00,0.5299204331524595,0.49275391632480964,2023-10-16 00:00:00+00:00,0.10547406272577926,0.08641768494846029,target,minute interval; not exact exchange fill
558,1942565.0,1942592.0,-1.0,2132.0,0.48760000000000003,0.4868,0.5197816000000001,0.5189288000000001,0.0,1.7056000000000489,0.6668896000000488,10964.849946431137,2.0,10964.183056831138,0.09481446949686866,1697070780.0,2023-10-12 00:05:00+00:00,2023-10-12 00:05:00+00:00,2023-10-12 00:32:00+00:00,2023-10-12 00:33:00+00:00,0.5213815151276252,0.4866304945536981,2023-10-17 00:00:00+00:00,0.028699288431533337,0.009259501796123632,target,minute interval; not exact exchange fill
559,1944005.0,1944286.0,-1.0,2432.0,0.4824,0.48140000000000005,0.5865984,0.5853824000000001,0.0,2.431999999999867,1.2600191999998671,10966.109965631138,2.0,10964.849946431137,0.10699615642089608,1697172420.0,2023-10-13 00:05:00+00:00,2023-10-13 00:05:00+00:00,2023-10-13 04:46:00+00:00,2023-10-13 04:47:00+00:00,0.5138118533234848,0.48124259011995235,2023-10-18 00:00:00+00:00,0.036846277999850366,0.016493773693148906,target,minute interval; not exact exchange fill
560,1945445.0,1949130.0,-1.0,2067.0,0.48450000000000004,0.51,0.5007307500000001,0.527085,-0.4618083212679144,-52.70849999999993,-53.274507428732015,10912.835458202406,1.0,10966.109965631138,0.09132331365804998,1697463060.0,2023-10-14 00:05:00+00:00,2023-10-14 00:05:00+00:00,2023-10-16 13:30:00+00:00,2023-10-16 13:31:00+00:00,0.5098496784653944,0.4819237690937182,2023-10-19 00:00:00+00:00,0.10162775475825983,-1.0167320438119722,stop,minute interval; not exact exchange fill
561,1949765.0,1949789.0,-1.0,1381.0,0.49720000000000003,0.49510000000000004,0.3433166,0.34186655000000005,0.0,2.9000999999999872,2.214916849999987,10915.050375052406,2.0,10912.835458202406,0.06291977943128488,1697502600.0,2023-10-17 00:05:00+00:00,2023-10-17 00:05:00+00:00,2023-10-17 00:29:00+00:00,2023-10-17 00:30:00+00:00,0.5421100256031947,0.49497438784358494,2023-10-22 00:00:00+00:00,0.04955713399229892,0.0357125158237697,target,minute interval; not exact exchange fill
562,1951205.0,1951689.0,-1.0,1257.0,0.4907,0.48760000000000003,0.30840495000000007,0.3064566,-0.053268959963999996,3.8966999999999894,3.3351074099639892,10918.38548246237,2.0,10915.050375052406,0.05651003694951235,1697616600.0,2023-10-18 00:05:00+00:00,2023-10-18 00:05:00+00:00,2023-10-18 08:09:00+00:00,2023-10-18 08:10:00+00:00,0.5240016268234575,0.4874063871261806,2023-10-23 00:00:00+00:00,0.09890246177100882,0.07967261978117751,target,minute interval; not exact exchange fill
563,1952645.0,1952736.0,-1.0,896.0,0.4869,0.4858,0.21813120000000003,0.21763839999999998,0.0,0.9855999999999909,0.549830399999991,10918.935312862372,2.0,10918.38548246237,0.039956676809107486,1697679420.0,2023-10-19 00:05:00+00:00,2023-10-19 00:05:00+00:00,2023-10-19 01:36:00+00:00,2023-10-19 01:37:00+00:00,0.5201976137680168,0.48564015124870646,2023-10-24 00:00:00+00:00,0.03783600711062524,0.018429248542411073,target,minute interval; not exact exchange fill
564,1954085.0,1954125.0,-1.0,3286.0,0.5287000000000001,0.5174,0.8686541000000001,0.8500882,0.0,37.13180000000029,35.41305770000029,10954.348370562371,2.0,10918.935312862372,0.15910967051462174,1697762760.0,2023-10-20 00:05:00+00:00,2023-10-20 00:05:00+00:00,2023-10-20 00:45:00+00:00,2023-10-20 00:46:00+00:00,0.5609836155596779,0.5172232371545135,2023-10-25 00:00:00+00:00,0.3554980644677558,0.3338210362491266,target,minute interval; not exact exchange fill
565,1955525.0,1955674.0,-1.0,3222.0,0.515,0.5114000000000001,0.8296650000000001,0.8238654000000002,0.0,11.599199999999795,9.945669599999794,10964.294040162371,2.0,10954.348370562371,0.15147683311397317,1697855700.0,2023-10-21 00:05:00+00:00,2023-10-21 00:05:00+00:00,2023-10-21 02:34:00+00:00,2023-10-21 02:35:00+00:00,0.5480698758070077,0.5112759776455718,2023-10-26 00:00:00+00:00,0.11261071484396427,0.09334174757758916,target,minute interval; not exact exchange fill
566,1956965.0,1957117.0,-1.0,1875.0,0.5196000000000001,0.5185000000000001,0.4871250000000001,0.48609375000000005,0.0,2.062499999999981,1.0892812499999809,10965.383321412372,2.0,10964.294040162371,0.0888566100499775,1697942280.0,2023-10-22 00:05:00+00:00,2023-10-22 00:05:00+00:00,2023-10-22 02:37:00+00:00,2023-10-22 02:38:00+00:00,0.5771220806309906,0.5183704835657398,2023-10-27 00:00:00+00:00,0.02137468639473844,0.010099599903675911,target,minute interval; not exact exchange fill
567,1958405.0,1965600.0,-1.0,1638.0,0.522,0.5435,0.42751800000000006,0.4451265,-1.3458258712080002,-35.21699999999994,-34.74381862879194,10930.639502783579,4.0,10965.383321412372,0.07797593343867427,1698451200.0,2023-10-23 00:05:00+00:00,2023-10-23 00:05:00+00:00,2023-10-28 00:00:00+00:00,2023-10-28 00:00:00+00:00,0.5879731708012896,0.5186944275611388,2023-10-28 00:00:00+00:00,0.05010479864333864,-0.3215113390242771,timeout,minute interval; not exact exchange fill
568,1967045.0,1967114.0,-1.0,1587.0,0.5444,0.5427000000000001,0.4319814,0.43063245000000006,0.0,2.697899999999879,1.8352861499998787,10932.47478893358,2.0,10930.639502783579,0.07904046234257242,1698542100.0,2023-10-29 00:05:00+00:00,2023-10-29 00:05:00+00:00,2023-10-29 01:14:00+00:00,2023-10-29 01:15:00+00:00,0.6122738140331359,0.5425713884931768,2023-11-03 00:00:00+00:00,0.026941340086332935,0.01703823509071329,target,minute interval; not exact exchange fill
569,1968485.0,1968600.0,-1.0,1656.0,0.5566,0.5527000000000001,0.4608648,0.4576356000000001,0.0,6.45839999999984,5.53989959999984,10938.01468853358,2.0,10932.47478893358,0.08431115715290949,1698631260.0,2023-10-30 00:05:00+00:00,2023-10-30 00:05:00+00:00,2023-10-30 02:00:00+00:00,2023-10-30 02:01:00+00:00,0.6216269049754805,0.5525209817992683,2023-11-04 00:00:00+00:00,0.06272816155512412,0.05144562856345886,target,minute interval; not exact exchange fill
570,1969925.0,1970092.0,-1.0,1762.0,0.5772,0.5753,0.5085132,0.5068393,0.0,3.3478000000000225,2.332447500000023,10940.347136033579,2.0,10938.01468853358,0.09298089543307692,1698720780.0,2023-10-31 00:05:00+00:00,2023-10-31 00:05:00+00:00,2023-10-31 02:52:00+00:00,2023-10-31 02:53:00+00:00,0.6382590889546278,0.57515477625181,2023-11-05 00:00:00+00:00,0.033495811732628875,0.021679819051733235,target,minute interval; not exact exchange fill
571,1971365.0,1971427.0,-1.0,1880.0,0.5974,0.5931000000000001,0.561556,0.5575140000000002,0.0,8.083999999999945,6.964929999999944,10947.312066033579,2.0,10940.347136033579,0.10265780290470601,1698800880.0,2023-11-01 00:05:00+00:00,2023-11-01 00:05:00+00:00,2023-11-01 01:07:00+00:00,2023-11-01 01:08:00+00:00,0.6545506537514894,0.592884248435713,2023-11-06 00:00:00+00:00,0.07901487153450797,0.06482428033298615,target,minute interval; not exact exchange fill
572,1972805.0,1973113.0,-1.0,1655.0,0.6083000000000001,0.605,0.5033682500000001,0.5006375,0.0,5.461500000000133,4.457494250000133,10951.76956028358,2.0,10947.312066033579,0.09196198061473185,1698902040.0,2023-11-02 00:05:00+00:00,2023-11-02 00:05:00+00:00,2023-11-02 05:13:00+00:00,2023-11-02 05:14:00+00:00,0.6733895646282607,0.6048699914580609,2023-11-07 00:00:00+00:00,0.05269675041657838,0.04137913681528419,target,minute interval; not exact exchange fill
573,1974245.0,1974266.0,-1.0,1679.0,0.6042000000000001,0.6026,0.5072259000000001,0.5058827,0.0,2.686400000000077,1.6732914000000774,10953.442851683578,2.0,10951.76956028358,0.0926290308078517,1698971220.0,2023-11-03 00:05:00+00:00,2023-11-03 00:05:00+00:00,2023-11-03 00:26:00+00:00,2023-11-03 00:27:00+00:00,0.6683794969631702,0.6024397686286794,2023-11-08 00:00:00+00:00,0.027426693174780768,0.01552832364161333,target,minute interval; not exact exchange fill
574,1975685.0,1976587.0,-1.0,1718.0,0.6109,0.6092000000000001,0.5247631,0.5233028000000001,-0.13061996751880242,2.920599999999869,2.003154067518671,10955.446005751095,2.0,10953.442851683578,0.09581701518063653,1699110480.0,2023-11-04 00:05:00+00:00,2023-11-04 00:05:00+00:00,2023-11-04 15:07:00+00:00,2023-11-04 15:08:00+00:00,0.6735656176540594,0.6090289631865978,2023-11-09 00:00:00+00:00,0.029857470227630755,0.018606379263401265,target,minute interval; not exact exchange fill
575,1977125.0,1979204.0,-1.0,1355.0,0.6169,0.6969000000000001,0.41794975,0.47214975000000003,-0.635988312468723,-108.40000000000009,-108.65411118753137,10846.791894563563,1.0,10955.446005751095,0.07629990596103453,1699267500.0,2023-11-05 00:05:00+00:00,2023-11-05 00:05:00+00:00,2023-11-06 10:44:00+00:00,2023-11-06 10:45:00+00:00,0.696668160441827,0.6132388012410199,2023-11-10 00:00:00+00:00,0.04589799662799172,-1.0052574296261516,stop,minute interval; not exact exchange fill
576,1981445.0,1981915.0,-1.0,1027.0,0.6829000000000001,0.6744,0.35066915000000004,0.3463044,0.0,8.729500000000066,8.032526450000066,10854.824421013562,2.0,10846.791894563563,0.06465859277262546,1699430160.0,2023-11-08 00:05:00+00:00,2023-11-08 00:05:00+00:00,2023-11-08 07:55:00+00:00,2023-11-08 07:56:00+00:00,0.7873456547828848,0.6742615894155829,2023-11-13 00:00:00+00:00,0.08270722800650894,0.07488439817107388,target,minute interval; not exact exchange fill
577,1982885.0,1982954.0,-1.0,823.0,0.6861,0.6813,0.28233015,0.28035495000000005,0.0,3.950400000000022,3.387714900000022,10858.212135913562,2.0,10854.824421013562,0.05201929373513305,1699492500.0,2023-11-09 00:05:00+00:00,2023-11-09 00:05:00+00:00,2023-11-09 01:14:00+00:00,2023-11-09 01:15:00+00:00,0.8167382948586638,0.681119624394567,2023-11-14 00:00:00+00:00,0.03812339720769697,0.031509137534697695,target,minute interval; not exact exchange fill
578,1984325.0,1984358.0,-1.0,891.0,0.665,0.6622,0.2962575,0.29501010000000005,0.0,2.494800000000022,1.903532400000022,10860.115668313561,2.0,10858.212135913562,0.05456837576789048,1699576740.0,2023-11-10 00:05:00+00:00,2023-11-10 00:05:00+00:00,2023-11-10 00:38:00+00:00,2023-11-10 00:39:00+00:00,0.7856006263503338,0.6619851943154059,2023-11-15 00:00:00+00:00,0.024998258929737057,0.01771466753243867,target,minute interval; not exact exchange fill
579,1985765.0,1985870.0,-1.0,844.0,0.6586000000000001,0.6549,0.27792920000000004,0.2763678,0.0,3.122800000000031,2.568503000000031,10862.684171313562,2.0,10860.115668313561,0.05118346958511887,1699667460.0,2023-11-11 00:05:00+00:00,2023-11-11 00:05:00+00:00,2023-11-11 01:50:00+00:00,2023-11-11 01:51:00+00:00,0.7861433119463094,0.6547284877914162,2023-11-16 00:00:00+00:00,0.030354490168905072,0.023860521994921415,target,minute interval; not exact exchange fill
580,1987205.0,1987216.0,-1.0,770.0,0.6632,0.6599,0.255332,0.25406150000000005,0.0,2.5409999999999764,2.031606499999976,10864.71577781356,2.0,10862.684171313562,0.04701084851095771,1699748220.0,2023-11-12 00:05:00+00:00,2023-11-12 00:05:00+00:00,2023-11-12 00:16:00+00:00,2023-11-12 00:17:00+00:00,0.8029943102792292,0.6597671544334278,2023-11-17 00:00:00+00:00,0.024556404046168483,0.018873801049054523,target,minute interval; not exact exchange fill
581,1988645.0,1988855.0,-1.0,913.0,0.6602,0.6554,0.3013813,0.29919009999999996,0.0,4.3824000000000245,3.7818286000000243,10868.49760641356,2.0,10864.71577781356,0.05547891102967272,1699846560.0,2023-11-13 00:05:00+00:00,2023-11-13 00:05:00+00:00,2023-11-13 03:35:00+00:00,2023-11-13 03:36:00+00:00,0.778054242955515,0.6552577631973772,2023-11-18 00:00:00+00:00,0.04193516227063911,0.035146804188997544,target,minute interval; not exact exchange fill
582,1990085.0,1990087.0,-1.0,1111.0,0.6696000000000001,0.6654,0.3719628000000001,0.3696297,0.0,4.666200000000103,3.9246075000001026,10872.422213913562,2.0,10868.49760641356,0.06844787816496417,1699920480.0,2023-11-14 00:05:00+00:00,2023-11-14 00:05:00+00:00,2023-11-14 00:07:00+00:00,2023-11-14 00:08:00+00:00,0.7662382693070253,0.665180991125862,2023-11-19 00:00:00+00:00,0.04572731802655324,0.03655384171644404,target,minute interval; not exact exchange fill
583,1991525.0,1993756.0,-1.0,1052.0,0.63,0.6186,0.33138,0.3253836,-0.270319578248,11.992799999999963,11.606355978247963,10884.028569891809,2.0,10872.422213913562,0.06095789760186635,1700140620.0,2023-11-15 00:05:00+00:00,2023-11-15 00:05:00+00:00,2023-11-16 13:16:00+00:00,2023-11-16 13:17:00+00:00,0.7322550031123206,0.6184632133004022,2023-11-20 00:00:00+00:00,0.11282368929103023,0.10789357428194778,target,minute interval; not exact exchange fill
584,1994405.0,1995136.0,-1.0,810.0,0.6124,0.6066,0.24802200000000002,0.245673,-0.04986556911,4.698000000000022,4.254170569110022,10888.28274046092,2.0,10884.028569891809,0.04557540407163144,1700223420.0,2023-11-17 00:05:00+00:00,2023-11-17 00:05:00+00:00,2023-11-17 12:16:00+00:00,2023-11-17 12:17:00+00:00,0.7456681471227353,0.6064502209865276,2023-11-22 00:00:00+00:00,0.04464516947168893,0.03940973551739308,target,minute interval; not exact exchange fill
585,1995845.0,1996024.0,-1.0,751.0,0.6115,0.6078,0.22961825000000002,0.2282289,0.0,2.7787000000000273,2.320852850000027,10890.60359331092,2.0,10888.28274046092,0.04217712847348045,1700276700.0,2023-11-18 00:05:00+00:00,2023-11-18 00:05:00+00:00,2023-11-18 03:04:00+00:00,2023-11-18 03:05:00+00:00,0.7552378996259907,0.6075883511966026,2023-11-23 00:00:00+00:00,0.027213760696209205,0.021499896742899382,target,minute interval; not exact exchange fill
586,1997285.0,1997295.0,-1.0,687.0,0.609,0.6072000000000001,0.2091915,0.20857320000000001,0.0,1.2365999999999402,0.8188352999999402,10891.42242861092,2.0,10890.60359331092,0.03841687895581596,1700352960.0,2023-11-19 00:05:00+00:00,2023-11-19 00:05:00+00:00,2023-11-19 00:15:00+00:00,2023-11-19 00:16:00+00:00,0.7663009981572554,0.6070339941334062,2023-11-24 00:00:00+00:00,0.012498368666601553,0.007577192859312682,target,minute interval; not exact exchange fill
587,1998725.0,1999044.0,-1.0,794.0,0.6249,0.6187,0.24808530000000004,0.24562390000000003,0.0,4.922799999999986,4.429090799999987,10895.85151941092,2.0,10891.42242861092,0.04555608812826858,1700457900.0,2023-11-20 00:05:00+00:00,2023-11-20 00:05:00+00:00,2023-11-20 05:24:00+00:00,2023-11-20 05:25:00+00:00,0.7608421424777916,0.6185480896077387,2023-11-25 00:00:00+00:00,0.04672510140333445,0.04103363312014356,target,minute interval; not exact exchange fill
588,2000165.0,2000334.0,-1.0,1028.0,0.6132000000000001,0.6065,0.31518480000000004,0.31174100000000005,0.0,6.88760000000004,6.2606742000000395,10902.112193610921,2.0,10895.85151941092,0.057854092346706354,1700535300.0,2023-11-21 00:05:00+00:00,2023-11-21 00:05:00+00:00,2023-11-21 02:54:00+00:00,2023-11-21 02:55:00+00:00,0.7180856355723434,0.6062850756045065,2023-11-26 00:00:00+00:00,0.0659282308560175,0.05806467174238981,target,minute interval; not exact exchange fill
589,2001605.0,2008800.0,-1.0,1051.0,0.5822,0.6161,0.3059461,0.32376055,-0.9709365909350001,-35.62889999999992,-35.28767005906493,10866.824523551859,4.0,10902.112193610921,0.05612602302502386,1701043200.0,2023-11-22 00:05:00+00:00,2023-11-22 00:05:00+00:00,2023-11-27 00:00:00+00:00,2023-11-27 00:00:00+00:00,0.6848961600959403,0.5674083819529987,2023-11-27 00:00:00+00:00,0.144032824919479,-0.32693849783315515,timeout,minute interval; not exact exchange fill
590,2010245.0,2010553.0,-1.0,1241.0,0.6032000000000001,0.5991000000000001,0.37428560000000005,0.3717415500000001,0.0,5.088099999999991,4.34207284999999,10871.166596401858,2.0,10866.824523551859,0.06888591955981332,1701148440.0,2023-11-28 00:05:00+00:00,2023-11-28 00:05:00+00:00,2023-11-28 05:13:00+00:00,2023-11-28 05:14:00+00:00,0.6896522986759875,0.5989344890246809,2023-12-03 00:00:00+00:00,0.04933947437656619,0.04047145135045223,target,minute interval; not exact exchange fill
591,2011685.0,2012587.0,-1.0,1219.0,0.6098,0.6063000000000001,0.37167310000000003,0.36953985000000006,-0.07476590098100001,4.266499999999936,3.6000529509809356,10874.766649352838,2.0,10871.166596401858,0.06837777651627867,1701270480.0,2023-11-29 00:05:00+00:00,2023-11-29 00:05:00+00:00,2023-11-29 15:07:00+00:00,2023-11-29 15:08:00+00:00,0.6978667909810122,0.6061614498817501,2023-12-04 00:00:00+00:00,0.04131580221918575,0.03353459080434411,target,minute interval; not exact exchange fill
592,2013125.0,2013530.0,-1.0,930.0,0.6084,0.6035,0.282906,0.28062750000000003,0.0,4.557000000000015,3.993466500000015,10878.760115852838,2.0,10874.766649352838,0.05202980608633766,1701327060.0,2023-11-30 00:05:00+00:00,2023-11-30 00:05:00+00:00,2023-11-30 06:50:00+00:00,2023-11-30 06:51:00+00:00,0.7241750468923763,0.6033282797689545,2023-12-05 00:00:00+00:00,0.04380667827118356,0.03708959845200267,target,minute interval; not exact exchange fill
593,2014565.0,2019552.0,-1.0,1033.0,0.6058,0.6023000000000001,0.3128957,0.31108795000000006,-0.9801423264449735,3.6154999999999458,3.9716586764449193,10882.731774529282,2.0,10878.760115852838,0.057524147360146216,1701688380.0,2023-12-01 00:05:00+00:00,2023-12-01 00:05:00+00:00,2023-12-04 11:12:00+00:00,2023-12-04 11:13:00+00:00,0.7100068539960972,0.6021090890394072,2023-12-06 00:00:00+00:00,0.03541908059839378,0.03689566241653782,target,minute interval; not exact exchange fill
594,2020325.0,2020441.0,-1.0,1447.0,0.6229,0.6208,0.45066815000000005,0.4491488,0.0,3.0386999999999866,2.1388830499999867,10884.870657579282,2.0,10882.731774529282,0.08282261464070552,1701741720.0,2023-12-05 00:05:00+00:00,2023-12-05 00:05:00+00:00,2023-12-05 02:01:00+00:00,2023-12-05 02:02:00+00:00,0.6969997976369274,0.6206084125187619,2023-12-10 00:00:00+00:00,0.030925691490635572,0.01994809766205568,target,minute interval; not exact exchange fill
595,2021765.0,2022092.0,-1.0,1475.0,0.6223000000000001,0.6181,0.4589462500000001,0.45584875,0.0,6.195000000000136,5.2802050000001355,10890.150862579281,2.0,10884.870657579282,0.08432736859035245,1701840780.0,2023-12-06 00:05:00+00:00,2023-12-06 00:05:00+00:00,2023-12-06 05:32:00+00:00,2023-12-06 05:33:00+00:00,0.6949817230108123,0.6179123213743577,2023-12-11 00:00:00+00:00,0.06036839034470414,0.04925309763869462,target,minute interval; not exact exchange fill
596,2023205.0,2023227.0,-1.0,1171.0,0.6384000000000001,0.6361,0.37378320000000004,0.37243655000000003,0.0,2.6933000000000935,1.9470802500000934,10892.097942829281,2.0,10890.150862579281,0.06864610136566487,1701908880.0,2023-12-07 00:05:00+00:00,2023-12-07 00:05:00+00:00,2023-12-07 00:27:00+00:00,2023-12-07 00:28:00+00:00,0.7302547867149402,0.6358951857329289,2023-12-12 00:00:00+00:00,0.02726928401504589,0.018101941765541495,target,minute interval; not exact exchange fill
597,2024645.0,2025083.0,-1.0,1338.0,0.6453,0.6404000000000001,0.43170569999999997,0.4284276000000001,0.0,6.556199999999873,5.696066699999872,10897.79400952928,2.0,10892.097942829281,0.07926952222904123,1702020240.0,2023-12-08 00:05:00+00:00,2023-12-08 00:05:00+00:00,2023-12-08 07:23:00+00:00,2023-12-08 07:24:00+00:00,0.7255981355321115,0.6402588667852492,2023-12-13 00:00:00+00:00,0.06278020257064101,0.05301679761041842,target,minute interval; not exact exchange fill
598,2026085.0,2026148.0,-1.0,1100.0,0.6733,0.669,0.370315,0.36795000000000005,0.0,4.729999999999968,3.991734999999968,10901.78574452928,2.0,10897.79400952928,0.06796146076466267,1702084140.0,2023-12-09 00:05:00+00:00,2023-12-09 00:05:00+00:00,2023-12-09 01:08:00+00:00,2023-12-09 01:09:00+00:00,0.7711736006678432,0.6687898963610266,2023-12-14 00:00:00+00:00,0.04608090034696384,0.03707690301816233,target,minute interval; not exact exchange fill
599,2027525.0,2028092.0,-1.0,1116.0,0.6622,0.656,0.36950760000000005,0.366048,-0.197929057176,6.919199999999981,6.381573457175981,10908.167317986456,2.0,10901.78574452928,0.06778845386599638,1702200780.0,2023-12-10 00:05:00+00:00,2023-12-10 00:05:00+00:00,2023-12-10 09:32:00+00:00,2023-12-10 09:33:00+00:00,0.7587271054129023,0.6558618793868549,2023-12-15 00:00:00+00:00,0.06566156299863422,0.05923989703762162,target,minute interval; not exact exchange fill
600,2028965.0,2029003.0,-1.0,1236.0,0.6626000000000001,0.6572,0.4094868000000001,0.40614960000000006,0.0,6.674400000000088,5.8587636000000884,10914.026081586457,2.0,10908.167317986456,0.07507893637179512,1702255440.0,2023-12-11 00:05:00+00:00,2023-12-11 00:05:00+00:00,2023-12-11 00:43:00+00:00,2023-12-11 00:44:00+00:00,0.7497124617225923,0.6570329165546717,2023-12-16 00:00:00+00:00,0.06390685483159311,0.05441356961182911,target,minute interval; not exact exchange fill
601,2030405.0,2031323.0,-1.0,1497.0,0.6187,0.6148,0.46309695,0.4601778,-0.09359244,5.838300000000022,5.008617690000022,10919.034699276457,2.0,10914.026081586457,0.08486271638681744,1702394640.0,2023-12-12 00:05:00+00:00,2023-12-12 00:05:00+00:00,2023-12-12 15:23:00+00:00,2023-12-12 15:24:00+00:00,0.6905260531956576,0.6146756866232457,2023-12-17 00:00:00+00:00,0.056028602404087684,0.04658156547855939,target,minute interval; not exact exchange fill
602,2031845.0,2031916.0,-1.0,1565.0,0.618,0.6166,0.483585,0.4824895,0.0,2.1909999999999323,1.2249254999999324,10920.259624776458,2.0,10919.034699276457,0.08857651126102647,1702430220.0,2023-12-13 00:05:00+00:00,2023-12-13 00:05:00+00:00,2023-12-13 01:16:00+00:00,2023-12-13 01:17:00+00:00,0.6867011322311455,0.6164532238309854,2023-12-18 00:00:00+00:00,0.02251456589988083,0.011392825337529468,target,minute interval; not exact exchange fill
603,2033285.0,2033324.0,-1.0,1231.0,0.6267,0.6234000000000001,0.38573385000000004,0.38370270000000006,0.0,4.062299999999962,3.292863449999962,10923.552488226458,2.0,10920.259624776458,0.07064554566538452,1702514700.0,2023-12-14 00:05:00+00:00,2023-12-14 00:05:00+00:00,2023-12-14 00:44:00+00:00,2023-12-14 00:45:00+00:00,0.714328197477209,0.6232511310705501,2023-12-19 00:00:00+00:00,0.039357980978063194,0.030526132877441547,target,minute interval; not exact exchange fill
604,2034725.0,2035454.0,-1.0,1615.0,0.6316,0.6265000000000001,0.510017,0.5058987500000001,-0.151109335662495,8.236499999999989,7.3716935856624834,10930.924181812119,2.0,10923.552488226458,0.09337932884923705,1702642500.0,2023-12-15 00:05:00+00:00,2023-12-15 00:05:00+00:00,2023-12-15 12:14:00+00:00,2023-12-15 12:15:00+00:00,0.69814137920974,0.6263315220378897,2023-12-20 00:00:00+00:00,0.07917596576265763,0.068596656791942,target,minute interval; not exact exchange fill
605,2036165.0,2036196.0,-1.0,1572.0,0.6169,0.6124,0.4848834,0.4813464,0.0,7.073999999999919,6.107770199999919,10937.03195201212,2.0,10930.924181812119,0.08871773181023317,1702687020.0,2023-12-16 00:05:00+00:00,2023-12-16 00:05:00+00:00,2023-12-16 00:36:00+00:00,2023-12-16 00:37:00+00:00,0.6853288518996975,0.6122388651565557,2023-12-21 00:00:00+00:00,0.06811651392714556,0.056779412369727694,target,minute interval; not exact exchange fill
606,2037605.0,2037790.0,-1.0,1296.0,0.621,0.6165,0.40240800000000004,0.399492,0.0,5.831999999999933,5.0300999999999325,10942.06205201212,2.0,10937.03195201212,0.07358632611948579,1702782660.0,2023-12-17 00:05:00+00:00,2023-12-17 00:05:00+00:00,2023-12-17 03:10:00+00:00,2023-12-17 03:11:00+00:00,0.7043135940273973,0.6163764785298822,2023-12-22 00:00:00+00:00,0.055495402930251334,0.046586034911945025,target,minute interval; not exact exchange fill
607,2039045.0,2039136.0,-1.0,1459.0,0.6128,0.6063000000000001,0.4470376,0.44229585000000005,0.0,9.483499999999928,8.594166549999928,10950.656218562119,2.0,10942.06205201212,0.0817099369159207,1702863420.0,2023-12-18 00:05:00+00:00,2023-12-18 00:05:00+00:00,2023-12-18 01:36:00+00:00,2023-12-18 01:37:00+00:00,0.6867184706171071,0.6061382757039636,2023-12-23 00:00:00+00:00,0.0901225937228017,0.07968847232394864,target,minute interval; not exact exchange fill
608,2040485.0,2041052.0,-1.0,1702.0,0.6108,0.6091,0.5197908,0.5183441000000001,-0.10407603881800001,2.8934000000000593,1.959341138818059,10952.615559700938,2.0,10950.656218562119,0.09493326968276453,1702978380.0,2023-12-19 00:05:00+00:00,2023-12-19 00:05:00+00:00,2023-12-19 09:32:00+00:00,2023-12-19 09:33:00+00:00,0.6740621853668328,0.6089694453977175,2023-12-24 00:00:00+00:00,0.02893600010287136,0.018197273020599557,target,minute interval; not exact exchange fill
609,2041925.0,2042048.0,-1.0,1605.0,0.6049,0.6017,0.48543225,0.48286425000000005,0.0,5.135999999999969,4.167703499999969,10956.78326320094,2.0,10952.615559700938,0.08864225122373505,1703038140.0,2023-12-20 00:05:00+00:00,2023-12-20 00:05:00+00:00,2023-12-20 02:08:00+00:00,2023-12-20 02:09:00+00:00,0.6720702437472096,0.6015450580033239,2023-12-25 00:00:00+00:00,0.04994684862693307,0.03865848707907739,target,minute interval; not exact exchange fill
610,2043365.0,2043425.0,-1.0,1187.0,0.6162000000000001,0.613,0.36571470000000006,0.3638155,0.0,3.798400000000109,3.0688698000001087,10959.85213300094,2.0,10956.78326320094,0.0667558518252846,1703120760.0,2023-12-21 00:05:00+00:00,2023-12-21 00:05:00+00:00,2023-12-21 01:05:00+00:00,2023-12-21 01:06:00+00:00,0.7074178417485166,0.6127940112049373,2023-12-26 00:00:00+00:00,0.03733906360614162,0.028343139351267727,target,minute interval; not exact exchange fill
611,2044805.0,2045014.0,-1.0,1561.0,0.6243000000000001,0.6188,0.48726615000000006,0.48297340000000005,0.0,8.585500000000094,7.615260450000094,10967.467393450941,2.0,10959.85213300094,0.08891838030055259,1703216100.0,2023-12-22 00:05:00+00:00,2023-12-22 00:05:00+00:00,2023-12-22 03:34:00+00:00,2023-12-22 03:35:00+00:00,0.693409889267361,0.6186067959878482,2023-12-27 00:00:00+00:00,0.08237900642738652,0.07058975280841671,target,minute interval; not exact exchange fill
612,2046245.0,2046305.0,-1.0,1506.0,0.6244000000000001,0.6216,0.47017320000000007,0.46806480000000006,0.0,4.216800000000037,3.2785620000000373,10970.745955450942,2.0,10967.467393450941,0.08573961209691071,1703293560.0,2023-12-23 00:05:00+00:00,2023-12-23 00:05:00+00:00,2023-12-23 01:05:00+00:00,2023-12-23 01:06:00+00:00,0.696113958866106,0.6214640194732407,2023-12-28 00:00:00+00:00,0.040940154095257864,0.030356712060264402,target,minute interval; not exact exchange fill
613,2047685.0,2048016.0,-1.0,1275.0,0.6196,0.6158,0.39499500000000004,0.3925725,0.0,4.845000000000033,4.057432500000033,10974.803387950942,2.0,10970.745955450942,0.07200877708844258,1703396220.0,2023-12-24 00:05:00+00:00,2023-12-24 00:05:00+00:00,2023-12-24 05:36:00+00:00,2023-12-24 05:37:00+00:00,0.7045303813543276,0.6156324501703054,2023-12-29 00:00:00+00:00,0.04671531866955928,0.03746951266736395,target,minute interval; not exact exchange fill
614,2049125.0,2051619.0,-1.0,1412.0,0.6145,0.6084,0.43383700000000003,0.42953040000000003,-1.8327406288873027,8.613199999999992,9.582573228887295,10984.385961179829,2.0,10974.803387950942,0.07906055072955614,1703612400.0,2023-12-25 00:05:00+00:00,2023-12-25 00:05:00+00:00,2023-12-26 17:39:00+00:00,2023-12-26 17:40:00+00:00,0.6911299043183344,0.608212706953952,2023-12-30 00:00:00+00:00,0.08204751267768104,0.0885623570850937,target,minute interval; not exact exchange fill
615,2052005.0,2052090.0,-1.0,1297.0,0.6214000000000001,0.6187,0.40297790000000006,0.40122695,0.0,3.501900000000046,2.697695150000046,10987.083656329829,2.0,10984.385961179829,0.07337285878776902,1703640660.0,2023-12-27 00:05:00+00:00,2023-12-27 00:05:00+00:00,2023-12-27 01:30:00+00:00,2023-12-27 01:31:00+00:00,0.7049755194455029,0.6185496080335935,2024-01-01 00:00:00+00:00,0.034105584809020935,0.024887072360421425,target,minute interval; not exact exchange fill
616,2053445.0,2054297.0,-1.0,983.0,0.6342,0.6295000000000001,0.31170929999999997,0.30939925000000007,-0.45227910212799993,4.620099999999928,4.451270552127927,10991.534926881957,2.0,10987.083656329829,0.05674104425707534,1703773080.0,2023-12-28 00:05:00+00:00,2023-12-28 00:05:00+00:00,2023-12-28 14:17:00+00:00,2023-12-28 14:18:00+00:00,0.7448251738365957,0.6293465333296416,2024-01-02 00:00:00+00:00,0.04387307610044889,0.04093327638687915,target,minute interval; not exact exchange fill
617,2054885.0,2054933.0,-1.0,1426.0,0.6351,0.6288,0.4528263,0.4483344,0.0,8.98379999999996,8.08263929999996,10999.617566181958,2.0,10991.534926881957,0.08239546214651501,1703811240.0,2023-12-29 00:05:00+00:00,2023-12-29 00:05:00+00:00,2023-12-29 00:53:00+00:00,2023-12-29 00:54:00+00:00,0.7110406767205648,0.6286247192017067,2024-01-03 00:00:00+00:00,0.08526762043641073,0.0746378653018384,target,minute interval; not exact exchange fill
618,2056325.0,2056530.0,-1.0,1406.0,0.6232,0.6194000000000001,0.4381096,0.43543820000000005,0.0,5.34279999999988,4.46925219999988,11004.086818381958,2.0,10999.617566181958,0.07965906039260069,1703907060.0,2023-12-30 00:05:00+00:00,2023-12-30 00:05:00+00:00,2023-12-30 03:30:00+00:00,2023-12-30 03:31:00+00:00,0.7003528072508105,0.6192689725691571,2024-01-04 00:00:00+00:00,0.05095119116098708,0.04120005626841946,target,minute interval; not exact exchange fill
619,2057765.0,2059123.0,-1.0,1184.0,0.6212,0.6167,0.36775040000000003,0.36508640000000003,-0.5235118463913856,5.327999999999939,5.118675046391324,11009.20549342835,2.0,11004.086818381958,0.06683887651371222,1704062640.0,2023-12-31 00:05:00+00:00,2023-12-31 00:05:00+00:00,2023-12-31 22:43:00+00:00,2023-12-31 22:44:00+00:00,0.7130232568834534,0.616481252002312,2024-01-05 00:00:00+00:00,0.051389464476056204,0.04708181154100833,target,minute interval; not exact exchange fill
620,2059205.0,2059423.0,-1.0,1662.0,0.6169,0.6119,0.5126439,0.5084889,0.0,8.310000000000008,7.288867200000007,11016.49436062835,2.0,11009.20549342835,0.09313004472593578,1704080640.0,2024-01-01 00:05:00+00:00,2024-01-01 00:05:00+00:00,2024-01-01 03:43:00+00:00,2024-01-01 03:44:00+00:00,0.6820681829266764,0.6116850277770164,2024-01-06 00:00:00+00:00,0.08002328726659778,0.0672966438995919,target,minute interval; not exact exchange fill
621,2060645.0,2061514.0,-1.0,1886.0,0.6301,0.627,0.5941843,0.5912609999999999,-0.678803001816,5.8465999999999845,5.339957701815984,11021.834318330166,2.0,11016.49436062835,0.1078717567584012,1704206100.0,2024-01-02 00:05:00+00:00,2024-01-02 00:05:00+00:00,2024-01-02 14:34:00+00:00,2024-01-02 14:35:00+00:00,0.6874128127712348,0.6268114368131913,2024-01-07 00:00:00+00:00,0.05737919721258606,0.04940198568340115,target,minute interval; not exact exchange fill
622,2062085.0,2062790.0,-1.0,1753.0,0.6252,0.6222,0.5479878,0.5453583,-0.4961488999315711,5.259000000000005,4.661802799931575,11026.496121130098,2.0,11021.834318330166,0.09943676962892714,1704282660.0,2024-01-03 00:05:00+00:00,2024-01-03 00:05:00+00:00,2024-01-03 11:50:00+00:00,2024-01-03 11:51:00+00:00,0.686984606729688,0.6219832968726239,2024-01-08 00:00:00+00:00,0.05206318042047916,0.04304192591341483,target,minute interval; not exact exchange fill
623,2063525.0,2063597.0,-1.0,1118.0,0.5796,0.5775,0.3239964,0.3228225,0.0,2.3477999999999897,1.7009810999999897,11028.197102230097,2.0,11026.496121130098,0.05876688232431788,1704331080.0,2024-01-04 00:05:00+00:00,2024-01-04 00:05:00+00:00,2024-01-04 01:17:00+00:00,2024-01-04 01:18:00+00:00,0.6771853854288197,0.5773790713015665,2024-01-09 00:00:00+00:00,0.022758824886268132,0.015590961631337313,target,minute interval; not exact exchange fill
624,2064965.0,2065037.0,-1.0,1531.0,0.5867,0.5808,0.44911885,0.4446024,0.0,9.032900000000025,8.139178750000024,11036.336280980096,2.0,11028.197102230097,0.08144918808336862,1704417480.0,2024-01-05 00:05:00+00:00,2024-01-05 00:05:00+00:00,2024-01-05 01:17:00+00:00,2024-01-05 01:18:00+00:00,0.6576886380382257,0.5806583469086065,2024-01-10 00:00:00+00:00,0.0851073250361585,0.07488874483177628,target,minute interval; not exact exchange fill
625,2066405.0,2066425.0,-1.0,1473.0,0.5745,0.5721,0.42311925000000006,0.4213516500000001,0.0,3.5351999999999375,2.6907290999999374,11039.027010080097,2.0,11036.336280980096,0.0766774841265392,1704500760.0,2024-01-06 00:05:00+00:00,2024-01-06 00:05:00+00:00,2024-01-06 00:25:00+00:00,2024-01-06 00:26:00+00:00,0.6484041914463492,0.5718952858059184,2024-01-11 00:00:00+00:00,0.03524447183719596,0.024717136663704006,target,minute interval; not exact exchange fill
626,2067845.0,2068849.0,-1.0,1251.0,0.5665,0.5637,0.35434575,0.35259434999999995,-0.14215731244200003,3.5028000000000308,2.9380172124420305,11041.96502729254,2.0,11039.027010080097,0.06419872868803297,1704646200.0,2024-01-07 00:05:00+00:00,2024-01-07 00:05:00+00:00,2024-01-07 16:49:00+00:00,2024-01-07 16:50:00+00:00,0.6537192197317205,0.5634966199799086,2024-01-12 00:00:00+00:00,0.03443484164762691,0.026926805229672238,target,minute interval; not exact exchange fill
627,2069285.0,2069487.0,-1.0,1393.0,0.5523,0.5465,0.38467695,0.38063725,0.0,8.079400000000039,7.314085800000038,11049.27911309254,2.0,11041.96502729254,0.06967545161557567,1704684480.0,2024-01-08 00:05:00+00:00,2024-01-08 00:05:00+00:00,2024-01-08 03:27:00+00:00,2024-01-08 03:28:00+00:00,0.6305836792459333,0.5463751674104091,2024-01-13 00:00:00+00:00,0.07568413552686531,0.06707145155384082,target,minute interval; not exact exchange fill
628,2070725.0,2070741.0,-1.0,1479.0,0.5779000000000001,0.5733,0.42735705000000007,0.42395535,0.0,6.803400000000072,5.9520876000000715,11055.231200692539,2.0,11049.27911309254,0.07735473882519903,1704759720.0,2024-01-09 00:05:00+00:00,2024-01-09 00:05:00+00:00,2024-01-09 00:21:00+00:00,2024-01-09 00:22:00+00:00,0.6515916182043558,0.5731622712396637,2024-01-14 00:00:00+00:00,0.06429128408061426,0.05461136691068312,target,minute interval; not exact exchange fill
629,2072165.0,2072551.0,-1.0,1383.0,0.5671,0.5633,0.39214965,0.38952195,0.0,5.255400000000035,4.473728400000035,11059.704929092539,2.0,11055.231200692539,0.0709437266179353,1704868320.0,2024-01-10 00:05:00+00:00,2024-01-10 00:05:00+00:00,2024-01-10 06:31:00+00:00,2024-01-10 06:32:00+00:00,0.6460011516489248,0.5631238046085759,2024-01-15 00:00:00+00:00,0.050394643276139274,0.04099813415136772,target,minute interval; not exact exchange fill
630,2073605.0,2073611.0,-1.0,889.0,0.5993,0.5952000000000001,0.26638885000000007,0.26456640000000003,0.0,3.6448999999999936,3.1139447499999933,11062.81887384254,2.0,11059.704929092539,0.04817286748749771,1704931920.0,2024-01-11 00:05:00+00:00,2024-01-11 00:05:00+00:00,2024-01-11 00:11:00+00:00,2024-01-11 00:12:00+00:00,0.7226030232884281,0.5950422825692402,2024-01-16 00:00:00+00:00,0.03453051934339272,0.02840765705968481,target,minute interval; not exact exchange fill
631,2075045.0,2075112.0,-1.0,1195.0,0.6018,0.5944,0.3595755,0.355154,0.0,8.842999999999956,8.128270499999955,11070.94714434254,2.0,11062.81887384254,0.06500612621439505,1705021980.0,2024-01-12 00:05:00+00:00,2024-01-12 00:05:00+00:00,2024-01-12 01:12:00+00:00,2024-01-12 01:13:00+00:00,0.6933127940541823,0.5942076189255332,2024-01-17 00:00:00+00:00,0.08296524166852072,0.07432731204745792,target,minute interval; not exact exchange fill
632,2076485.0,2076550.0,-1.0,1146.0,0.5710000000000001,0.5651,0.32718300000000006,0.3238023,0.0,6.761400000000019,6.110414700000019,11077.05755904254,2.0,11070.94714434254,0.059106595982114624,1705108260.0,2024-01-13 00:05:00+00:00,2024-01-13 00:05:00+00:00,2024-01-13 01:10:00+00:00,2024-01-13 01:11:00+00:00,0.6665767055636852,0.564974579104115,2024-01-18 00:00:00+00:00,0.06304277658817403,0.05578712897199837,target,minute interval; not exact exchange fill
633,2077925.0,2080308.0,-1.0,927.0,0.5740000000000001,0.5691,0.26604900000000004,0.26377785,-0.21388230118800003,4.542300000000014,4.226355451188014,11081.28391449373,2.0,11077.05755904254,0.04803604180657455,1705333740.0,2024-01-14 00:05:00+00:00,2024-01-14 00:05:00+00:00,2024-01-15 15:48:00+00:00,2024-01-15 15:49:00+00:00,0.6924728003302042,0.5689091305328585,2024-01-19 00:00:00+00:00,0.04297078699036753,0.03848288578722548,target,minute interval; not exact exchange fill
634,2080805.0,2081676.0,-1.0,1397.0,0.5752,0.5712,0.40177720000000006,0.39898320000000004,-0.08053864956500001,5.5880000000000045,4.867778249565005,11086.151692743295,2.0,11081.28391449373,0.07251455753687473,1705415820.0,2024-01-16 00:05:00+00:00,2024-01-16 00:05:00+00:00,2024-01-16 14:36:00+00:00,2024-01-16 14:37:00+00:00,0.6534670559136516,0.5710514114387298,2024-01-21 00:00:00+00:00,0.053005552755774434,0.04452002319908695,target,minute interval; not exact exchange fill
635,2082245.0,2082598.0,-1.0,1297.0,0.5756,0.5720000000000001,0.37327659999999996,0.37094200000000005,0.0,4.669199999999917,3.924981399999918,11090.076674143296,2.0,11086.151692743295,0.0673410594308099,1705471140.0,2024-01-17 00:05:00+00:00,2024-01-17 00:05:00+00:00,2024-01-17 05:58:00+00:00,2024-01-17 05:59:00+00:00,0.6600125155701284,0.5717924607677745,2024-01-22 00:00:00+00:00,0.0451063353166191,0.035850134065556,target,minute interval; not exact exchange fill
636,2083685.0,2083776.0,-1.0,1018.0,0.5682,0.5636,0.2892138,0.28687239999999997,0.0,4.682800000000049,4.106713800000049,11094.183387943296,2.0,11090.076674143296,0.05215722280339268,1705541820.0,2024-01-18 00:05:00+00:00,2024-01-18 00:05:00+00:00,2024-01-18 01:36:00+00:00,2024-01-18 01:37:00+00:00,0.6760755113049086,0.5634186731579217,2024-01-23 00:00:00+00:00,0.04432263434250592,0.03739588300627121,target,minute interval; not exact exchange fill
637,2085125.0,2085208.0,-1.0,1393.0,0.5527000000000001,0.5455,0.3849555500000001,0.37994075,0.0,10.029600000000134,9.264703700000133,11103.448091643297,2.0,11094.183387943296,0.06939772609462252,1705627740.0,2024-01-19 00:05:00+00:00,2024-01-19 00:05:00+00:00,2024-01-19 01:28:00+00:00,2024-01-19 01:29:00+00:00,0.6313575483084382,0.5453096282703037,2024-01-24 00:00:00+00:00,0.09395629394291145,0.08455513988206283,target,minute interval; not exact exchange fill
638,2086565.0,2086615.0,-1.0,1332.0,0.5434,0.5404,0.3619044,0.3599064,0.0,3.9960000000000035,3.274189200000004,11106.722280843296,2.0,11103.448091643297,0.06518775014986153,1705712160.0,2024-01-20 00:05:00+00:00,2024-01-20 00:05:00+00:00,2024-01-20 00:55:00+00:00,2024-01-20 00:56:00+00:00,0.6257796252709734,0.5401990633186929,2024-01-25 00:00:00+00:00,0.038855926702484146,0.029838688776678834,target,minute interval; not exact exchange fill
639,2088005.0,2089372.0,-1.0,1091.0,0.5538000000000001,0.5485,0.30209790000000003,0.29920675,-0.12043549,5.78230000000009,5.301430840000091,11112.023711683298,2.0,11106.722280843296,0.0543991093611936,1705877580.0,2024-01-21 00:05:00+00:00,2024-01-21 00:05:00+00:00,2024-01-21 22:52:00+00:00,2024-01-21 22:53:00+00:00,0.6545892531492471,0.5483882931022473,2024-01-26 00:00:00+00:00,0.05369329297181275,0.04821188617009199,target,minute interval; not exact exchange fill
640,2089445.0,2089517.0,-1.0,1232.0,0.5476,0.5413,0.3373216,0.33344080000000004,0.0,7.761599999999966,7.090837599999966,11119.114549283298,2.0,11112.023711683298,0.06071290140342961,1705886280.0,2024-01-22 00:05:00+00:00,2024-01-22 00:05:00+00:00,2024-01-22 01:17:00+00:00,2024-01-22 01:18:00+00:00,0.6368090145086328,0.5411845602455458,2024-01-27 00:00:00+00:00,0.07191470267652497,0.06451758302343989,target,minute interval; not exact exchange fill
641,2090885.0,2090973.0,-1.0,1532.0,0.528,0.5235000000000001,0.40444800000000003,0.40100100000000005,0.0,6.893999999999921,6.088550999999921,11125.2031002833,2.0,11119.114549283298,0.07274823875720741,1705973640.0,2024-01-23 00:05:00+00:00,2024-01-23 00:05:00+00:00,2024-01-23 01:33:00+00:00,2024-01-23 01:34:00+00:00,0.5996096645406022,0.5232984474955136,2024-01-28 00:00:00+00:00,0.06565527899967616,0.0554987937102621,target,minute interval; not exact exchange fill
642,2092325.0,2092391.0,-1.0,1597.0,0.5171,0.5149,0.41290435000000003,0.41114765000000003,0.0,3.513399999999968,2.689347999999968,11127.892448283299,2.0,11125.2031002833,0.07422864037232463,1706058720.0,2024-01-24 00:05:00+00:00,2024-01-24 00:05:00+00:00,2024-01-24 01:11:00+00:00,2024-01-24 01:12:00+00:00,0.5858019079862251,0.5147499811313275,2024-01-29 00:00:00+00:00,0.034206020437506056,0.024511691878158985,target,minute interval; not exact exchange fill
643,2093765.0,2094062.0,-1.0,1253.0,0.5169,0.5139,0.32383785,0.32195835,0.0,3.7590000000000034,3.1132038000000035,11131.0056520833,2.0,11127.892448283299,0.058202907963934986,1706158980.0,2024-01-25 00:05:00+00:00,2024-01-25 00:05:00+00:00,2024-01-25 05:02:00+00:00,2024-01-25 05:03:00+00:00,0.6047830504646436,0.5137089292547836,2024-01-30 00:00:00+00:00,0.03631042309461267,0.02827166315761407,target,minute interval; not exact exchange fill
644,2095205.0,2102223.0,-1.0,1525.0,0.513,0.5084000000000001,0.3911625,0.387655,-1.1260232719,7.014999999999905,7.362205771899905,11138.367857855203,2.0,11131.0056520833,0.07028340694927045,1706648640.0,2024-01-26 00:05:00+00:00,2024-01-26 00:05:00+00:00,2024-01-30 21:03:00+00:00,2024-01-30 21:04:00+00:00,0.5780783073559256,0.508242885968347,2024-01-31 00:00:00+00:00,0.07309830610122454,0.07418256731227604,target,minute interval; not exact exchange fill
645,2102405.0,2102416.0,-1.0,2054.0,0.5097,0.5081,0.5234619,0.5218187000000001,0.0,3.286400000000094,2.241119400000094,11140.608977255202,2.0,11138.367857855203,0.0939925681536608,1706660220.0,2024-01-31 00:05:00+00:00,2024-01-31 00:05:00+00:00,2024-01-31 00:16:00+00:00,2024-01-31 00:17:00+00:00,0.5630104636996773,0.5079465579687688,2024-02-05 00:00:00+00:00,0.032891141992484746,0.020466901322538124,target,minute interval; not exact exchange fill
646,2103845.0,2103908.0,-1.0,2101.0,0.503,0.499,0.5284015000000001,0.5241994999999999,0.0,8.404000000000007,7.351399000000007,11147.960376255203,2.0,11140.608977255202,0.09486043376601598,1706749740.0,2024-02-01 00:05:00+00:00,2024-02-01 00:05:00+00:00,2024-02-01 01:08:00+00:00,2024-02-01 01:09:00+00:00,0.5551058941966086,0.4988677153289682,2024-02-06 00:00:00+00:00,0.07930551302775231,0.06715171198861684,target,minute interval; not exact exchange fill
647,2105285.0,2106090.0,-1.0,2386.0,0.5053,0.5017,0.6028229,0.5985281,-0.12087615581000001,8.589599999999848,7.509125155809849,11155.469501411013,2.0,11147.960376255203,0.10814945149679459,1706880660.0,2024-02-02 00:05:00+00:00,2024-02-02 00:05:00+00:00,2024-02-02 13:30:00+00:00,2024-02-02 13:31:00+00:00,0.5511029189236006,0.5015963263986415,2024-02-07 00:00:00+00:00,0.08086108240254762,0.0687109175345223,target,minute interval; not exact exchange fill
648,2106725.0,2106765.0,-1.0,2222.0,0.5087,0.5079,0.5651657,0.5642769000000001,0.0,1.777600000000051,0.648157400000051,11156.117658811014,2.0,11155.469501411013,0.10132530951360036,1706921160.0,2024-02-03 00:05:00+00:00,2024-02-03 00:05:00+00:00,2024-02-03 00:45:00+00:00,2024-02-03 00:46:00+00:00,0.557988920103762,0.5077293864123269,2024-02-08 00:00:00+00:00,0.019692328126277202,0.005918165774091672,target,minute interval; not exact exchange fill
649,2108165.0,2108428.0,-1.0,1201.0,0.5184,0.5149,0.3112992,0.30919745,0.0,4.203499999999937,3.5830033499999367,11159.700662161013,2.0,11156.117658811014,0.055807801516711025,1707020940.0,2024-02-04 00:05:00+00:00,2024-02-04 00:05:00+00:00,2024-02-04 04:28:00+00:00,2024-02-04 04:29:00+00:00,0.5658823842018939,0.5147110982033978,2024-02-09 00:00:00+00:00,0.07768990244712817,0.06283066973458662,target,minute interval; not exact exchange fill
650,2109605.0,2109670.0,-1.0,2082.0,0.5035000000000001,0.4983,0.5241435,0.5187303000000001,0.0,10.82640000000008,9.78352620000008,11169.484188361012,2.0,11159.700662161013,0.09393504644388959,1707095460.0,2024-02-05 00:05:00+00:00,2024-02-05 00:05:00+00:00,2024-02-05 01:10:00+00:00,2024-02-05 01:11:00+00:00,0.5561726799821999,0.4981996975152225,2024-02-10 00:00:00+00:00,0.10062716547874093,0.08921323163332585,target,minute interval; not exact exchange fill
651,2111045.0,2111418.0,-1.0,2474.0,0.5059,0.5035000000000001,0.6257983,0.6228295,0.0,5.937599999999895,4.6889721999998955,11174.173160561011,2.0,11169.484188361012,0.11205500441141293,1707200340.0,2024-02-06 00:05:00+00:00,2024-02-06 00:05:00+00:00,2024-02-06 06:18:00+00:00,2024-02-06 06:19:00+00:00,0.5489814869640989,0.5033031620571367,2024-02-11 00:00:00+00:00,0.06027735173178649,0.04399337473145646,target,minute interval; not exact exchange fill
652,2112485.0,2112841.0,-1.0,684.0,0.5048,0.5025000000000001,0.1726416,0.17185500000000004,0.0,1.5731999999999786,1.2287033999999786,11175.401863961011,2.0,11174.173160561011,0.03090011180591591,1707285720.0,2024-02-07 00:05:00+00:00,2024-02-07 00:05:00+00:00,2024-02-07 06:01:00+00:00,2024-02-07 06:02:00+00:00,0.5533924646286735,0.5023322082528585,2024-02-12 00:00:00+00:00,0.05078548219357687,0.03696766594835315,target,minute interval; not exact exchange fill
653,2113925.0,2121120.0,-1.0,2215.0,0.5136000000000001,0.532,0.568812,0.5891900000000001,-1.736701988145,-40.755999999999936,-40.17730001185494,11135.224563949152,4.0,11175.401863961011,0.10179714464395828,1707782400.0,2024-02-08 00:05:00+00:00,2024-02-08 00:05:00+00:00,2024-02-13 00:00:00+00:00,2024-02-13 00:00:00+00:00,0.5631153726269152,0.5095563214258289,2024-02-13 00:00:00+00:00,0.08166511448150092,-0.3663253437204319,timeout,minute interval; not exact exchange fill
654,2122565.0,2122572.0,-1.0,2305.0,0.5237,0.5225000000000001,0.60356425,0.6021812500000001,0.0,2.765999999999951,1.5602544999999512,11136.784818449152,2.0,11135.224563949152,0.10840630048074101,1707869580.0,2024-02-14 00:05:00+00:00,2024-02-14 00:05:00+00:00,2024-02-14 00:12:00+00:00,2024-02-14 00:13:00+00:00,0.5710705371874185,0.5223656772447797,2024-02-19 00:00:00+00:00,0.028167777577468113,0.0142894727438253,target,minute interval; not exact exchange fill
655,2124005.0,2131200.0,-1.0,2247.0,0.5387000000000001,0.5632,0.6052294500000001,0.6327552000000001,-4.625000705193948,-55.051499999999926,-51.66448394480598,11085.120334504343,4.0,11136.784818449152,0.10869015786268572,1708387200.0,2024-02-15 00:05:00+00:00,2024-02-15 00:05:00+00:00,2024-02-20 00:00:00+00:00,2024-02-20 00:00:00+00:00,0.5872959148003659,0.5341276100188583,2024-02-20 00:00:00+00:00,0.09409000735813519,-0.4731395596753468,timeout,minute interval; not exact exchange fill
656,2132645.0,2132673.0,-1.0,2349.0,0.5628000000000001,0.5604,0.6610086000000002,0.6581898,0.0,5.637600000000162,4.318401600000162,11089.438736104343,2.0,11085.120334504343,0.11926051861475913,1708475640.0,2024-02-21 00:05:00+00:00,2024-02-21 00:05:00+00:00,2024-02-21 00:33:00+00:00,2024-02-21 00:34:00+00:00,0.6089888935481627,0.560258285349772,2024-02-26 00:00:00+00:00,0.055028697484987336,0.03980177611492496,target,minute interval; not exact exchange fill
657,2134085.0,2134103.0,-1.0,2200.0,0.5471,0.547,0.6018100000000001,0.6017,0.0,0.21999999999997577,-0.9835100000000243,11088.455226104343,2.0,11089.438736104343,0.10853750389380167,1708561440.0,2024-02-22 00:05:00+00:00,2024-02-22 00:05:00+00:00,2024-02-22 00:23:00+00:00,2024-02-22 00:24:00+00:00,0.5965179829638899,0.5468350604050302,2024-02-27 00:00:00+00:00,0.005361198071630407,-0.009046302037998477,target,minute interval; not exact exchange fill
658,2135525.0,2135694.0,-1.0,2294.0,0.5415,0.5391,0.6211005,0.6183477000000001,0.0,5.5055999999999035,4.2661517999999035,11092.721377904341,2.0,11088.455226104343,0.11202651538652755,1708656900.0,2024-02-23 00:05:00+00:00,2024-02-23 00:05:00+00:00,2024-02-23 02:54:00+00:00,2024-02-23 02:55:00+00:00,0.588869301498311,0.5389074396126794,2024-02-28 00:00:00+00:00,0.054730813107156065,0.03925960360775572,target,minute interval; not exact exchange fill
659,2136965.0,2137077.0,-1.0,2228.0,0.5346000000000001,0.5321,0.5955444000000001,0.5927594,0.0,5.570000000000128,4.381696200000128,11097.103074104341,2.0,11092.721377904341,0.1073757069543401,1708739880.0,2024-02-24 00:05:00+00:00,2024-02-24 00:05:00+00:00,2024-02-24 01:57:00+00:00,2024-02-24 01:58:00+00:00,0.5834372392533187,0.5319674074640319,2024-02-29 00:00:00+00:00,0.05390543315343642,0.040269475303447225,target,minute interval; not exact exchange fill
660,2138405.0,2139851.0,-1.0,483.0,0.5449,0.5418000000000001,0.13159335000000003,0.1308447,-0.2731794297457113,1.497299999999996,1.5080413797457075,11098.61111548409,2.0,11097.103074104341,0.023716703201050703,1708906320.0,2024-02-25 00:05:00+00:00,2024-02-25 00:05:00+00:00,2024-02-26 00:11:00+00:00,2024-02-26 00:12:00+00:00,0.5937009401300705,0.5416631947870147,2024-03-01 00:00:00+00:00,0.06632669789471606,0.06397907239367331,target,minute interval; not exact exchange fill
661,2141285.0,2142449.0,-1.0,2512.0,0.5509000000000001,0.5943,0.6919304000000001,0.7464408000000001,-1.714263979136,-109.02079999999998,-108.74490722086398,10989.866208263225,1.0,11098.61111548409,0.1246877456647998,1709062200.0,2024-02-27 00:05:00+00:00,2024-02-27 00:05:00+00:00,2024-02-27 19:29:00+00:00,2024-02-27 19:30:00+00:00,0.5940962999482885,0.5471638356532897,2024-03-03 00:00:00+00:00,0.0864926938460698,-1.0021731056554364,stop,minute interval; not exact exchange fill
662,2142725.0,2142730.0,-1.0,1830.0,0.5907,0.5837,0.5404905,0.5340855,0.0,12.810000000000011,11.73542400000001,11001.601632263226,2.0,10989.866208263225,0.0983616160119598,1709079060.0,2024-02-28 00:05:00+00:00,2024-02-28 00:05:00+00:00,2024-02-28 00:10:00+00:00,2024-02-28 00:11:00+00:00,0.6497226327157719,0.5834849862208447,2024-03-04 00:00:00+00:00,0.12224147665353739,0.10864984676101022,target,minute interval; not exact exchange fill
663,2144165.0,2144170.0,-1.0,1679.0,0.5728,0.5722,0.4808656,0.48036190000000006,0.0,1.007399999999889,0.04617249999988898,11001.647804763224,2.0,11001.601632263226,0.08741738086385833,1709165460.0,2024-02-29 00:05:00+00:00,2024-02-29 00:05:00+00:00,2024-02-29 00:10:00+00:00,2024-02-29 00:11:00+00:00,0.6373187102335385,0.5720334845735844,2024-03-05 00:00:00+00:00,0.011880513786482019,0.0004262329470070321,target,minute interval; not exact exchange fill
664,2145605.0,2146066.0,-1.0,1479.0,0.5876,0.5842,0.43453020000000003,0.43201590000000006,0.0,5.028599999999939,4.162053899999939,11005.809858663224,2.0,11001.647804763224,0.07899365762497283,1709279220.0,2024-03-01 00:05:00+00:00,2024-03-01 00:05:00+00:00,2024-03-01 07:46:00+00:00,2024-03-01 07:47:00+00:00,0.6609338913253603,0.5840655071490225,2024-03-06 00:00:00+00:00,0.048197263053940995,0.03837379892353794,target,minute interval; not exact exchange fill
665,2147045.0,2148927.0,-1.0,1243.0,0.6008,0.5986,0.3733972,0.3720299,-2.153324742840766,2.7345999999999746,4.14249764284074,11009.952356306063,2.0,11005.809858663224,0.06785456132627629,1709450880.0,2024-03-02 00:05:00+00:00,2024-03-02 00:05:00+00:00,2024-03-03 07:27:00+00:00,2024-03-03 07:28:00+00:00,0.688231119486523,0.5984194604952858,2024-03-07 00:00:00+00:00,0.027227599494263816,0.03811756083571237,target,minute interval; not exact exchange fill
666,2149925.0,2149969.0,-1.0,1109.0,0.6273000000000001,0.6193000000000001,0.34783785000000006,0.34340185,0.0,8.872000000000007,8.180760300000008,11018.133116606063,2.0,11009.952356306063,0.06318607724052,1709513400.0,2024-03-04 00:05:00+00:00,2024-03-04 00:05:00+00:00,2024-03-04 00:49:00+00:00,2024-03-04 00:50:00+00:00,0.7254353915883841,0.6191736178353489,2024-03-09 00:00:00+00:00,0.08280786404497435,0.07516860003922544,target,minute interval; not exact exchange fill
667,2151365.0,2151648.0,-1.0,1195.0,0.645,0.641,0.3853875,0.3829975,0.0,4.780000000000005,4.011615000000004,11022.144731606062,2.0,11018.133116606063,0.06995513594206995,1709614140.0,2024-03-05 00:05:00+00:00,2024-03-05 00:05:00+00:00,2024-03-05 04:48:00+00:00,2024-03-05 04:49:00+00:00,0.736038963741904,0.6408550473098724,2024-03-10 00:00:00+00:00,0.04552943618601115,0.03687432130177929,target,minute interval; not exact exchange fill
668,2152805.0,2152917.0,-1.0,963.0,0.5909,0.5860000000000001,0.28451835000000003,0.28215900000000005,0.0,4.718699999999908,4.152022649999908,11026.296754256062,2.0,11022.144731606062,0.051626676464180704,1709690280.0,2024-03-06 00:05:00+00:00,2024-03-06 00:05:00+00:00,2024-03-06 01:57:00+00:00,2024-03-06 01:58:00+00:00,0.7042848553151833,0.5858338099147836,2024-03-11 00:00:00+00:00,0.04468136481837492,0.03802580148834522,target,minute interval; not exact exchange fill
669,2154245.0,2154268.0,-1.0,770.0,0.6114,0.6072000000000001,0.23538900000000001,0.23377200000000004,0.0,3.2339999999999858,2.7648389999999856,11029.061593256063,2.0,11026.296754256062,0.04269593050978639,1709771340.0,2024-03-07 00:05:00+00:00,2024-03-07 00:05:00+00:00,2024-03-07 00:28:00+00:00,2024-03-07 00:29:00+00:00,0.753526707725676,0.6070060198036008,2024-03-12 00:00:00+00:00,0.030915935975103535,0.025264076382677674,target,minute interval; not exact exchange fill
670,2155685.0,2156012.0,-1.0,818.0,0.6294000000000001,0.6229,0.25742460000000006,0.2547661,0.0,5.31700000000005,4.804809300000049,11033.866402556063,2.0,11029.061593256063,0.04668114287391548,1709875980.0,2024-03-08 00:05:00+00:00,2024-03-08 00:05:00+00:00,2024-03-08 05:32:00+00:00,2024-03-08 05:33:00+00:00,0.7630239842794931,0.622675953061821,2024-03-13 00:00:00+00:00,0.050320658932866406,0.043958051630267884,target,minute interval; not exact exchange fill
671,2157125.0,2159315.0,-1.0,761.0,0.6196,0.615,0.23575780000000002,0.2340075,-1.2131025720246131,3.500600000000037,4.24393727202465,11038.11033982809,2.0,11033.866402556063,0.04273348822591966,1710074160.0,2024-03-09 00:05:00+00:00,2024-03-09 00:05:00+00:00,2024-03-10 12:35:00+00:00,2024-03-10 12:36:00+00:00,0.7635098004955657,0.6148532591034028,2024-03-14 00:00:00+00:00,0.03298413923340457,0.03875198275990374,target,minute interval; not exact exchange fill
672,2160005.0,2160050.0,-1.0,876.0,0.6077,0.5989,0.2661726,0.2623182,0.0,7.708800000000027,7.180309200000027,11045.29064902809,2.0,11038.11033982809,0.04822792884024484,1710118260.0,2024-03-11 00:05:00+00:00,2024-03-11 00:05:00+00:00,2024-03-11 00:50:00+00:00,2024-03-11 00:51:00+00:00,0.7326031960109124,0.5986915017146787,2024-03-16 00:00:00+00:00,0.07212384128693,0.06562442164637573,target,minute interval; not exact exchange fill
673,2161445.0,2161499.0,-1.0,549.0,0.7171000000000001,0.7089000000000001,0.19684395000000002,0.19459305000000005,0.0,4.501799999999992,4.110362999999992,11049.40101202809,2.0,11045.29064902809,0.03564305481039033,1710205200.0,2024-03-12 00:05:00+00:00,2024-03-12 00:05:00+00:00,2024-03-12 00:59:00+00:00,2024-03-12 01:00:00+00:00,0.9167330194535717,0.7087146535854911,2024-03-17 00:00:00+00:00,0.042003804969042775,0.03750381585417651,target,minute interval; not exact exchange fill
674,2162885.0,2163696.0,-1.0,533.0,0.6866,0.679,0.18297890000000003,0.18095350000000002,-0.22190904479330603,4.050799999999968,3.9087766447932735,11053.309788672881,2.0,11049.40101202809,0.03312014828691871,1710337020.0,2024-03-13 00:05:00+00:00,2024-03-13 00:05:00+00:00,2024-03-13 13:36:00+00:00,2024-03-13 13:37:00+00:00,0.8923893235458076,0.6788243010196132,2024-03-18 00:00:00+00:00,0.037784754069887114,0.03563615227905413,target,minute interval; not exact exchange fill
675,2164325.0,2164602.0,-1.0,436.0,0.6879000000000001,0.6802,0.14996220000000002,0.14828360000000002,0.0,3.3572000000000175,3.0589542000000174,11056.368742872883,2.0,11053.309788672881,0.027134352129291994,1710391380.0,2024-03-14 00:05:00+00:00,2024-03-14 00:05:00+00:00,2024-03-14 04:42:00+00:00,2024-03-14 04:43:00+00:00,0.9400975524196925,0.6800601002259457,2024-03-19 00:00:00+00:00,0.031086343617672037,0.02781926284647087,target,minute interval; not exact exchange fill
676,2165765.0,2165908.0,-1.0,486.0,0.6709,0.6615,0.16302870000000003,0.16074449999999998,0.0,4.568400000000036,4.244626800000036,11060.613369672881,2.0,11056.368742872883,0.029490459985805195,1710469740.0,2024-03-15 00:05:00+00:00,2024-03-15 00:05:00+00:00,2024-03-15 02:28:00+00:00,2024-03-15 02:29:00+00:00,0.8970591657145587,0.6612999099630174,2024-03-20 00:00:00+00:00,0.04244837924941421,0.03861793517147667,target,minute interval; not exact exchange fill
677,2167205.0,2167890.0,-1.0,452.0,0.6367,0.6261,0.14389420000000003,0.1414986,-0.097311501812954,4.791200000000025,4.603118701812979,11065.216488374694,2.0,11060.613369672881,0.026019208011473182,1710588660.0,2024-03-16 00:05:00+00:00,2024-03-16 00:05:00+00:00,2024-03-16 11:30:00+00:00,2024-03-16 11:31:00+00:00,0.8802907052562948,0.6258832281279382,2024-03-21 00:00:00+00:00,0.04440551974543104,0.04180738720099989,target,minute interval; not exact exchange fill
678,2168645.0,2169078.0,-1.0,500.0,0.6088,0.5907,0.1522,0.147675,0.0,9.050000000000002,8.750125000000002,11073.966613374692,2.0,11065.216488374694,0.027509628963862373,1710659940.0,2024-03-17 00:05:00+00:00,2024-03-17 00:05:00+00:00,2024-03-17 07:18:00+00:00,2024-03-17 07:19:00+00:00,0.8290449794200434,0.5905403326645583,2024-03-22 00:00:00+00:00,0.0829061683200393,0.0794581109003359,target,minute interval; not exact exchange fill
679,2170085.0,2170144.0,-1.0,487.0,0.6171,0.6039,0.15026385,0.14704964999999998,0.0,6.428399999999995,6.131086499999995,11080.097699874692,2.0,11073.966613374692,0.027138216186875144,1710723900.0,2024-03-18 00:05:00+00:00,2024-03-18 00:05:00+00:00,2024-03-18 01:04:00+00:00,2024-03-18 01:05:00+00:00,0.8433302555869332,0.6036976088577994,2024-03-23 00:00:00+00:00,0.05924225788203834,0.05564905528368746,target,minute interval; not exact exchange fill
680,2171525.0,2171560.0,-1.0,577.0,0.6417,0.6309,0.18513045000000003,0.18201465000000003,0.0,6.231600000000018,5.864454900000018,11085.962154774692,2.0,11080.097699874692,0.03341675407827743,1710808860.0,2024-03-19 00:05:00+00:00,2024-03-19 00:05:00+00:00,2024-03-19 00:40:00+00:00,2024-03-19 00:41:00+00:00,0.8325292772411483,0.6307264183903124,2024-03-24 00:00:00+00:00,0.05750470665892887,0.05326069535523266,target,minute interval; not exact exchange fill
681,2172965.0,2173236.0,-1.0,545.0,0.5831000000000001,0.5757,0.15889475000000003,0.15687825000000002,0.0,4.03300000000004,3.7172270000000402,11089.679381774691,2.0,11085.962154774692,0.02866593765730375,1710909420.0,2024-03-20 00:05:00+00:00,2024-03-20 00:05:00+00:00,2024-03-20 04:36:00+00:00,2024-03-20 04:37:00+00:00,0.7851348121777646,0.5755828329953772,2024-03-25 00:00:00+00:00,0.03720728583155644,0.033759528501448685,target,minute interval; not exact exchange fill
682,2174405.0,2174719.0,-1.0,417.0,0.6091,0.6014,0.12699735,0.1253919,0.0,3.2108999999999703,2.9585107499999705,11092.637892524692,2.0,11089.679381774691,0.022903700932727325,1710998400.0,2024-03-21 00:05:00+00:00,2024-03-21 00:05:00+00:00,2024-03-21 05:19:00+00:00,2024-03-21 05:20:00+00:00,0.8734669809336492,0.6012576037157203,2024-03-26 00:00:00+00:00,0.02966481009308766,0.02683674782283257,target,minute interval; not exact exchange fill
683,2175845.0,2175891.0,-1.0,429.0,0.6414000000000001,0.632,0.13758030000000002,0.135564,0.0,4.032600000000032,3.759455700000032,11096.397348224693,2.0,11092.637892524692,0.024805695693486063,1711068720.0,2024-03-22 00:05:00+00:00,2024-03-22 00:05:00+00:00,2024-03-22 00:51:00+00:00,2024-03-22 00:52:00+00:00,0.898309550554449,0.6318178236074332,2024-03-27 00:00:00+00:00,0.03729785977939359,0.034110448525901706,target,minute interval; not exact exchange fill
684,2177285.0,2184480.0,-1.0,416.0,0.6105,0.6125,0.126984,0.1274,-0.8640411484236062,-0.8320000000000007,-0.22234285157639444,11096.17500537312,4.0,11096.397348224693,0.02288742841753339,1711584000.0,2024-03-23 00:05:00+00:00,2024-03-23 00:05:00+00:00,2024-03-28 00:00:00+00:00,2024-03-28 00:00:00+00:00,0.8755476609508656,0.60248739320814,2024-03-28 00:00:00+00:00,0.030230814952731746,-0.0020165354664125235,timeout,minute interval; not exact exchange fill
685,2185925.0,2186270.0,-1.0,489.0,0.6246,0.617,0.15271470000000004,0.1508565,0.0,3.716400000000025,3.4128288000000246,11099.58783417312,2.0,11096.17500537312,0.027525647338123405,1711691460.0,2024-03-29 00:05:00+00:00,2024-03-29 00:05:00+00:00,2024-03-29 05:50:00+00:00,2024-03-29 05:51:00+00:00,0.8504331395913272,0.6168469259781185,2024-04-03 00:00:00+00:00,0.034330984530931405,0.0309042331547521,target,minute interval; not exact exchange fill
686,2187365.0,2187881.0,-1.0,440.0,0.6292,0.6225,0.13842400000000002,0.13695000000000002,-0.1581151572,2.9479999999999684,2.8307411571999683,11102.41857533032,2.0,11099.58783417312,0.024942187415973018,1711788120.0,2024-03-30 00:05:00+00:00,2024-03-30 00:05:00+00:00,2024-03-30 08:41:00+00:00,2024-03-30 08:42:00+00:00,0.8799889756391069,0.6223438358214161,2024-04-04 00:00:00+00:00,0.027338379452732223,0.025653051987651703,target,minute interval; not exact exchange fill
687,2188805.0,2190588.0,-1.0,479.0,0.621,0.6092000000000001,0.14872950000000001,0.14590340000000002,-0.6150593198742068,5.652199999999962,5.972626419874169,11108.391201750195,2.0,11102.41857533032,0.026792270349179297,1711950540.0,2024-03-31 00:05:00+00:00,2024-03-31 00:05:00+00:00,2024-04-01 05:48:00+00:00,2024-04-01 05:49:00+00:00,0.8513847369594268,0.6090025415460265,2024-04-05 00:00:00+00:00,0.052075752119318405,0.054122286263664825,target,minute interval; not exact exchange fill
688,2191685.0,2191837.0,-1.0,948.0,0.6113000000000001,0.6019,0.2897562,0.28530059999999996,0.0,8.911200000000072,8.336143200000073,11116.727344950195,2.0,11108.391201750195,0.05216888651785097,1712025480.0,2024-04-02 00:05:00+00:00,2024-04-02 00:05:00+00:00,2024-04-02 02:37:00+00:00,2024-04-02 02:38:00+00:00,0.7274019418174923,0.601779248330976,2024-04-07 00:00:00+00:00,0.08200338013286945,0.07573861265665102,target,minute interval; not exact exchange fill
689,2193125.0,2193153.0,-1.0,905.0,0.5868,0.5799000000000001,0.265527,0.26240475,0.0,6.244499999999915,5.7165682499999155,11122.443913200195,2.0,11116.727344950195,0.04777071376507518,1712104440.0,2024-04-03 00:05:00+00:00,2024-04-03 00:05:00+00:00,2024-04-03 00:33:00+00:00,2024-04-03 00:34:00+00:00,0.708580064347041,0.5796842073579347,2024-04-08 00:00:00+00:00,0.058431506669163594,0.051869327166711963,target,minute interval; not exact exchange fill
690,2194565.0,2194708.0,-1.0,758.0,0.5756,0.5688,0.2181524,0.2155752,0.0,5.154400000000021,4.720672400000021,11127.164585600194,2.0,11122.443913200195,0.039227421905197506,1712197740.0,2024-04-04 00:05:00+00:00,2024-04-04 00:05:00+00:00,2024-04-04 02:28:00+00:00,2024-04-04 02:29:00+00:00,0.7211911265880183,0.5686336768214965,2024-04-09 00:00:00+00:00,0.04784854229623667,0.04277595857625952,target,minute interval; not exact exchange fill
691,2196005.0,2196097.0,-1.0,792.0,0.5923,0.5853,0.2345508,0.23177880000000003,0.0,5.544000000000005,5.077670400000005,11132.242256000194,2.0,11127.164585600194,0.04215823324902288,1712281080.0,2024-04-05 00:05:00+00:00,2024-04-05 00:05:00+00:00,2024-04-05 01:37:00+00:00,2024-04-05 01:38:00+00:00,0.7317547544156607,0.5851251770646009,2024-04-10 00:00:00+00:00,0.051449109537089,0.045973333981075316,target,minute interval; not exact exchange fill
692,2197445.0,2204640.0,-1.0,771.0,0.5861000000000001,0.6179,0.22594155000000005,0.23820045,-1.0432457059967433,-24.517799999999955,-23.938696294003215,11108.303559706192,4.0,11132.242256000194,0.04059228047758649,1712793600.0,2024-04-06 00:05:00+00:00,2024-04-06 00:05:00+00:00,2024-04-11 00:00:00+00:00,2024-04-11 00:00:00+00:00,0.7294200035791287,0.5820598627472187,2024-04-11 00:00:00+00:00,0.02818962567601946,-0.21664032900881966,timeout,minute interval; not exact exchange fill
693,2206085.0,2206836.0,-1.0,1455.0,0.609,0.6041000000000001,0.44304750000000004,0.4394827500000001,-0.11833955283000001,7.129499999999861,6.3653093028298615,11114.66886900902,2.0,11108.303559706192,0.07976870592681541,1712925420.0,2024-04-12 00:05:00+00:00,2024-04-12 00:05:00+00:00,2024-04-12 12:36:00+00:00,2024-04-12 12:37:00+00:00,0.6842925463549985,0.6039740463115534,2024-04-17 00:00:00+00:00,0.06675234046076255,0.058103799616141864,target,minute interval; not exact exchange fill
694,2207525.0,2207587.0,-1.0,960.0,0.5456,0.5438000000000001,0.261888,0.26102400000000003,0.0,1.7279999999999163,1.2050879999999164,11115.873957009018,2.0,11114.66886900902,0.04712475073912838,1712970480.0,2024-04-13 00:05:00+00:00,2024-04-13 00:05:00+00:00,2024-04-13 01:07:00+00:00,2024-04-13 01:08:00+00:00,0.6603726575838895,0.5436283086045497,2024-04-18 00:00:00+00:00,0.017179103777475346,0.010937273967733908,target,minute interval; not exact exchange fill
695,2208965.0,2208982.0,-1.0,877.0,0.4787,0.4722,0.20990995,0.20705969999999999,0.0,5.700500000000005,5.283530350000005,11121.15748735902,2.0,11115.873957009018,0.03776760168599125,1713054180.0,2024-04-14 00:05:00+00:00,2024-04-14 00:05:00+00:00,2024-04-14 00:22:00+00:00,2024-04-14 00:23:00+00:00,0.6045713023170682,0.4720987827615213,2024-04-19 00:00:00+00:00,0.05244418002326175,0.047862776416058996,target,minute interval; not exact exchange fill
696,2210405.0,2211300.0,-1.0,819.0,0.5011,0.49300000000000005,0.20520045,0.20188350000000002,-0.03282051687642001,6.633899999999952,6.259636566876371,11127.417123925898,2.0,11121.15748735902,0.03690271453007355,1713193260.0,2024-04-15 00:05:00+00:00,2024-04-15 00:05:00+00:00,2024-04-15 15:00:00+00:00,2024-04-15 15:01:00+00:00,0.635867986821571,0.4928148520909547,2024-04-20 00:00:00+00:00,0.061477121566077694,0.05671245873323825,target,minute interval; not exact exchange fill
697,2211845.0,2212118.0,-1.0,1067.0,0.4963,0.4812,0.26477605,0.25672020000000007,0.0,16.111700000000003,15.590203750000002,11143.007327675898,2.0,11127.417123925898,0.047589848938202395,1713242340.0,2024-04-16 00:05:00+00:00,2024-04-16 00:05:00+00:00,2024-04-16 04:38:00+00:00,2024-04-16 04:39:00+00:00,0.5996875146011494,0.48107582233007834,2024-04-21 00:00:00+00:00,0.1472535414808436,0.14132509187755984,target,minute interval; not exact exchange fill
698,2213285.0,2213974.0,-1.0,980.0,0.49560000000000004,0.4904,0.24284400000000003,0.240296,0.025362697920000003,5.096000000000037,4.587497302080037,11147.594824977978,2.0,11143.007327675898,0.04358679714709478,1713353700.0,2024-04-17 00:05:00+00:00,2024-04-17 00:05:00+00:00,2024-04-17 11:34:00+00:00,2024-04-17 11:35:00+00:00,0.6083209597782898,0.4902236663169238,2024-04-22 00:00:00+00:00,0.04769595373966739,0.04152838749073204,target,minute interval; not exact exchange fill
699,2214725.0,2214744.0,-1.0,790.0,0.49610000000000004,0.4892,0.19595950000000004,0.19323400000000002,0.0,5.451000000000014,5.061806500000014,11152.656631477977,2.0,11147.594824977978,0.03515726990021583,1713399900.0,2024-04-18 00:05:00+00:00,2024-04-18 00:05:00+00:00,2024-04-18 00:24:00+00:00,2024-04-18 00:25:00+00:00,0.6363078201689827,0.48901265014293016,2024-04-23 00:00:00+00:00,0.05054889127102893,0.04569894883379321,target,minute interval; not exact exchange fill
700,2216165.0,2216224.0,-1.0,819.0,0.5008,0.49420000000000003,0.20507760000000003,0.20237490000000002,0.0,5.405399999999996,4.997947499999996,11157.654578977978,2.0,11152.656631477977,0.03677645726511041,1713488700.0,2024-04-19 00:05:00+00:00,2024-04-19 00:05:00+00:00,2024-04-19 01:04:00+00:00,2024-04-19 01:05:00+00:00,0.6359398726139325,0.4940164972300584,2024-04-24 00:00:00+00:00,0.05019616075353805,0.04515691691847021,target,minute interval; not exact exchange fill
701,2217605.0,2217663.0,-1.0,764.0,0.5042,0.4988,0.1926044,0.19054160000000003,0.0,4.12559999999997,3.74245399999997,11161.397032977979,2.0,11157.654578977978,0.034524173272559265,1713575040.0,2024-04-20 00:05:00+00:00,2024-04-20 00:05:00+00:00,2024-04-20 01:03:00+00:00,2024-04-20 01:04:00+00:00,0.6492374434935579,0.4986241496025399,2024-04-25 00:00:00+00:00,0.038444213184905714,0.033774037117646344,target,minute interval; not exact exchange fill
702,2219045.0,2220036.0,-1.0,724.0,0.5268,0.5209,0.19070160000000003,0.18856580000000003,-0.032383018424,4.271600000000012,3.924715618424012,11165.321748596403,2.0,11161.397032977979,0.034171636299030354,1713717420.0,2024-04-21 00:05:00+00:00,2024-04-21 00:05:00+00:00,2024-04-21 16:36:00+00:00,2024-04-21 16:37:00+00:00,0.6800194918680303,0.5207590300052946,2024-04-26 00:00:00+00:00,0.03942690268095034,0.035379819237810035,target,minute interval; not exact exchange fill
703,2220485.0,2225570.0,-1.0,779.0,0.5242,0.5137,0.20417590000000002,0.20008615000000005,-0.20279102299543988,8.179499999999964,7.9780289729954035,11173.299777569397,2.0,11165.321748596403,0.036573222804916844,1714049460.0,2024-04-22 00:05:00+00:00,2024-04-22 00:05:00+00:00,2024-04-25 12:50:00+00:00,2024-04-25 12:51:00+00:00,0.6665551066535054,0.5135435553690842,2024-04-27 00:00:00+00:00,0.07485818304259158,0.07194242959197605,target,minute interval; not exact exchange fill
704,2226245.0,2227146.0,-1.0,744.0,0.5261,0.5161,0.19570920000000003,0.19198920000000003,-0.014640777215999998,7.440000000000007,7.066942377216007,11180.366719946613,2.0,11173.299777569397,0.03503158492048872,1714144020.0,2024-04-26 00:05:00+00:00,2024-04-26 00:05:00+00:00,2024-04-26 15:06:00+00:00,2024-04-26 15:07:00+00:00,0.6752260476272749,0.515991773778838,2024-05-01 00:00:00+00:00,0.06778310283141478,0.06369496553506683,target,minute interval; not exact exchange fill
705,2227685.0,2227709.0,-1.0,678.0,0.5257000000000001,0.5215000000000001,0.17821230000000002,0.17678850000000004,0.0,2.8475999999999875,2.492599199999987,11182.859319146613,2.0,11180.366719946613,0.03187950886835508,1714177800.0,2024-04-27 00:05:00+00:00,2024-04-27 00:05:00+00:00,2024-04-27 00:29:00+00:00,2024-04-27 00:30:00+00:00,0.6895032300711182,0.5213195672773856,2024-05-02 00:00:00+00:00,0.0267420411716705,0.02244400185761785,target,minute interval; not exact exchange fill
706,2229125.0,2230503.0,-1.0,734.0,0.5177,0.51,0.18999590000000002,0.18717000000000003,-0.0146474954717744,5.65180000000003,5.289281595471804,11188.148600742084,2.0,11182.859319146613,0.03397984264627215,1714345440.0,2024-04-28 00:05:00+00:00,2024-04-28 00:05:00+00:00,2024-04-28 23:03:00+00:00,2024-04-28 23:04:00+00:00,0.6689640394878297,0.5098858831939691,2024-05-03 00:00:00+00:00,0.0516587870619418,0.04763925213356098,target,minute interval; not exact exchange fill
707,2230565.0,2230950.0,-1.0,806.0,0.5106,0.5008,0.2057718,0.2018224,0.0,7.8988000000000245,7.491205800000024,11195.639806542085,2.0,11188.148600742084,0.03678388754799907,1714372260.0,2024-04-29 00:05:00+00:00,2024-04-29 00:05:00+00:00,2024-04-29 06:30:00+00:00,2024-04-29 06:31:00+00:00,0.6484922925282116,0.5006944163641568,2024-05-04 00:00:00+00:00,0.07183565850003304,0.06740260698833837,target,minute interval; not exact exchange fill
708,2232005.0,2232677.0,-1.0,1078.0,0.5137,0.49760000000000004,0.2768843000000001,0.2682064,-0.049231454734,17.355800000000002,16.859940754734,11212.499747296819,2.0,11195.639806542085,0.04946288104735289,1714475880.0,2024-04-30 00:05:00+00:00,2024-04-30 00:05:00+00:00,2024-04-30 11:17:00+00:00,2024-04-30 11:18:00+00:00,0.6165589259468293,0.4974363488661105,2024-05-05 00:00:00+00:00,0.15811608943201208,0.15205310680654768,target,minute interval; not exact exchange fill
709,2233445.0,2233868.0,-1.0,948.0,0.5009,0.49450000000000005,0.23742660000000002,0.23439300000000005,0.0,6.067199999999963,5.595380399999963,11218.095127696819,2.0,11212.499747296819,0.04235034209160011,1714547340.0,2024-05-01 00:05:00+00:00,2024-05-01 00:05:00+00:00,2024-05-01 07:08:00+00:00,2024-05-01 07:09:00+00:00,0.6181604462497876,0.49436773238150594,2024-05-06 00:00:00+00:00,0.05570734060297764,0.05033496109529476,target,minute interval; not exact exchange fill
710,2234885.0,2235015.0,-1.0,700.0,0.5185000000000001,0.5111,0.18147500000000003,0.178885,0.0,5.180000000000051,4.819640000000051,11222.91476769682,2.0,11218.095127696819,0.03235397773583661,1714616160.0,2024-05-02 00:05:00+00:00,2024-05-02 00:05:00+00:00,2024-05-02 02:15:00+00:00,2024-05-02 02:16:00+00:00,0.6777090096380477,0.5109216590562422,2024-05-07 00:00:00+00:00,0.047599950285393905,0.04324629627213417,target,minute interval; not exact exchange fill
711,2236325.0,2243520.0,-1.0,884.0,0.5179,0.5244,0.2289118,0.23178479999999999,-0.4954237773353648,-5.745999999999956,-5.711272822664591,11217.203494874157,4.0,11222.91476769682,0.040793644919924404,1715126400.0,2024-05-03 00:05:00+00:00,2024-05-03 00:05:00+00:00,2024-05-08 00:00:00+00:00,2024-05-08 00:00:00+00:00,0.6438589649603521,0.5090918738019536,2024-05-08 00:00:00+00:00,0.06992853744724645,-0.05129222731209628,timeout,minute interval; not exact exchange fill
712,2244965.0,2245536.0,-1.0,1796.0,0.5175000000000001,0.5135000000000001,0.4647150000000001,0.46112300000000006,-0.092609899472,7.184000000000006,6.350771899472007,11223.554266773628,2.0,11217.203494874157,0.08285755005021661,1715247420.0,2024-05-09 00:05:00+00:00,2024-05-09 00:05:00+00:00,2024-05-09 09:36:00+00:00,2024-05-09 09:37:00+00:00,0.5790217281166019,0.513333526430358,2024-05-14 00:00:00+00:00,0.06772361078260614,0.05747667759426584,target,minute interval; not exact exchange fill
713,2246405.0,2246416.0,-1.0,1418.0,0.5189,0.5187,0.3679001,0.36775830000000004,0.0,0.28359999999996877,-0.4520584000000313,11223.102208373628,2.0,11223.554266773628,0.0655585728469522,1715300220.0,2024-05-10 00:05:00+00:00,2024-05-10 00:05:00+00:00,2024-05-10 00:16:00+00:00,2024-05-10 00:17:00+00:00,0.5970688764138279,0.5185879356102051,2024-05-15 00:00:00+00:00,0.003992182107656801,-0.004078349525101108,target,minute interval; not exact exchange fill
714,2247845.0,2250487.0,-1.0,585.0,0.5024000000000001,0.4999,0.14695200000000003,0.14622075,-0.125520524415,1.4625000000000337,1.2948477744150335,11224.397056148044,2.0,11223.102208373628,0.026187411870910025,1715544480.0,2024-05-11 00:05:00+00:00,2024-05-11 00:05:00+00:00,2024-05-12 20:07:00+00:00,2024-05-12 20:08:00+00:00,0.5733920240335407,0.4997314350051006,2024-05-16 00:00:00+00:00,0.03758964519223595,0.031178361641785488,target,minute interval; not exact exchange fill
715,2250725.0,2250861.0,-1.0,2086.0,0.5,0.49400000000000005,0.5215,0.5152420000000001,0.0,12.515999999999895,11.479257999999895,11235.876314148043,2.0,11224.397056148044,0.0929225859333538,1715566920.0,2024-05-13 00:05:00+00:00,2024-05-13 00:05:00+00:00,2024-05-13 02:21:00+00:00,2024-05-13 02:22:00+00:00,0.5528868138696867,0.4938333730122285,2024-05-18 00:00:00+00:00,0.11660046307508844,0.10405240167349383,target,minute interval; not exact exchange fill
716,2252165.0,2252538.0,-1.0,1690.0,0.5043,0.4978,0.4261335,0.42064100000000004,0.0,10.984999999999916,10.138225499999916,11246.014539648044,2.0,11235.876314148043,0.07585229457597699,1715667540.0,2024-05-14 00:05:00+00:00,2024-05-14 00:05:00+00:00,2024-05-14 06:18:00+00:00,2024-05-14 06:19:00+00:00,0.5448095924800546,0.49767794131449444,2024-05-19 00:00:00+00:00,0.16346890403219883,0.14808714758001104,target,minute interval; not exact exchange fill
717,2253605.0,2253646.0,-1.0,2479.0,0.4999,0.49760000000000004,0.6196260499999999,0.6167752000000001,0.0,5.7016999999999225,4.465298749999922,11250.479838398043,2.0,11246.014539648044,0.11019478017132135,1715734020.0,2024-05-15 00:05:00+00:00,2024-05-15 00:05:00+00:00,2024-05-15 00:46:00+00:00,2024-05-15 00:47:00+00:00,0.5443487147741144,0.49746229129806796,2024-05-20 00:00:00+00:00,0.05484317632850209,0.04052423133388242,target,minute interval; not exact exchange fill
718,2255045.0,2255046.0,-1.0,2196.0,0.5181,0.5159,0.5688738,0.5664582,0.0,4.8311999999999555,3.695867999999956,11254.175706398042,2.0,11250.479838398043,0.1011288066235941,1715818020.0,2024-05-16 00:05:00+00:00,2024-05-16 00:05:00+00:00,2024-05-16 00:06:00+00:00,2024-05-16 00:07:00+00:00,0.568388339075606,0.5157931591757106,2024-05-21 00:00:00+00:00,0.045872281063433516,0.033467003105226295,target,minute interval; not exact exchange fill
719,2256485.0,2256558.0,-1.0,660.0,0.5154,0.514,0.170082,0.16962000000000002,0.0,0.9239999999999715,0.5842979999999715,11254.760004398042,2.0,11254.175706398042,0.03022558105313883,1715908740.0,2024-05-17 00:05:00+00:00,2024-05-17 00:05:00+00:00,2024-05-17 01:18:00+00:00,2024-05-17 01:19:00+00:00,0.5700425818959438,0.5138926028938655,2024-05-22 00:00:00+00:00,0.02758649122775714,0.016201650238377063,target,minute interval; not exact exchange fill
720,2257925.0,2258701.0,-1.0,1396.0,0.5222,0.5213,0.36449560000000003,0.3638674,-0.042284694815999994,1.2564000000000166,0.5703216948160165,11255.330326092859,2.0,11254.760004398042,0.06477181207907862,1716037320.0,2024-05-18 00:05:00+00:00,2024-05-18 00:05:00+00:00,2024-05-18 13:01:00+00:00,2024-05-18 13:02:00+00:00,0.5772307217117832,0.5211763269504444,2024-05-23 00:00:00+00:00,0.01860184670877122,0.007423851319626337,target,minute interval; not exact exchange fill
721,2259365.0,2260024.0,-1.0,2054.0,0.5205000000000001,0.5177,0.5345535000000001,0.5316779,-0.10689754413000001,5.7512000000000505,4.79186614413005,11260.12219223699,2.0,11255.330326092859,0.09498672797914469,1716116700.0,2024-05-19 00:05:00+00:00,2024-05-19 00:05:00+00:00,2024-05-19 11:04:00+00:00,2024-05-19 11:05:00+00:00,0.5743619956587851,0.5175610252933162,2024-05-24 00:00:00+00:00,0.05456490556536894,0.043313352326920615,target,minute interval; not exact exchange fill
722,2260805.0,2265950.0,-1.0,1553.0,0.5094000000000001,0.5038,0.3955491000000001,0.39120070000000007,-0.7534821886399721,8.696800000000076,8.663532388640048,11268.785724625624,2.0,11260.12219223699,0.0702566265706604,1716472260.0,2024-05-20 00:05:00+00:00,2024-05-20 00:05:00+00:00,2024-05-23 13:50:00+00:00,2024-05-23 13:51:00+00:00,0.5634720522498714,0.5036002032731486,2024-05-25 00:00:00+00:00,0.1072605252719124,0.10316935003955438,target,minute interval; not exact exchange fill
723,2268005.0,2268188.0,-1.0,1989.0,0.5351,0.5344,0.5321569500000001,0.5314608,0.0,1.3923000000000676,0.32868225000006757,11269.114406875626,2.0,11268.785724625624,0.09444796680037672,1716606540.0,2024-05-25 00:05:00+00:00,2024-05-25 00:05:00+00:00,2024-05-25 03:08:00+00:00,2024-05-25 03:09:00+00:00,0.5907966001720056,0.5342736600361352,2024-05-30 00:00:00+00:00,0.014836452517979147,0.002966967453842764,target,minute interval; not exact exchange fill
724,2269445.0,2269715.0,-1.0,1025.0,0.5415,0.5382,0.27751875000000004,0.2758275,0.0,3.3824999999999688,2.8291537499999686,11271.943560625627,2.0,11269.114406875626,0.04925298297276625,1716698160.0,2024-05-26 00:05:00+00:00,2024-05-26 00:05:00+00:00,2024-05-26 04:35:00+00:00,2024-05-26 04:36:00+00:00,0.5958274129151644,0.5380688652728042,2024-05-31 00:00:00+00:00,0.0631566007487552,0.05080584279450437,target,minute interval; not exact exchange fill
725,2270885.0,2272594.0,-1.0,1799.0,0.5281,0.5225000000000001,0.47502595000000003,0.4699887500000001,-0.30624950881827545,10.074399999999889,9.435634808818163,11281.379195434445,2.0,11271.943560625627,0.08428465729003963,1716870900.0,2024-05-27 00:05:00+00:00,2024-05-27 00:05:00+00:00,2024-05-28 04:34:00+00:00,2024-05-28 04:35:00+00:00,0.5897993070633728,0.5223282528732415,2024-06-01 00:00:00+00:00,0.09354638490234982,0.08500797561012063,target,minute interval; not exact exchange fill
726,2273765.0,2273833.0,-1.0,1118.0,0.5294,0.5263,0.2959346,0.2942017,0.0,3.465799999999991,2.875663699999991,11284.254859134444,2.0,11281.379195434445,0.05246425900119805,1716945240.0,2024-05-29 00:05:00+00:00,2024-05-29 00:05:00+00:00,2024-05-29 01:13:00+00:00,2024-05-29 01:14:00+00:00,0.5745085280805616,0.5261015341265598,2024-06-03 00:00:00+00:00,0.07312288859324519,0.05702136845179822,target,minute interval; not exact exchange fill
727,2275205.0,2275583.0,-1.0,960.0,0.5244,0.5211,0.251712,0.250128,0.0,3.167999999999971,2.6661599999999708,11286.921019134445,2.0,11284.254859134444,0.04461295905528803,1717050240.0,2024-05-30 00:05:00+00:00,2024-05-30 00:05:00+00:00,2024-05-30 06:23:00+00:00,2024-05-30 06:24:00+00:00,0.5696003112118471,0.5209181797199999,2024-06-04 00:00:00+00:00,0.07703089174942475,0.0614431610212464,target,minute interval; not exact exchange fill
728,2276645.0,2276965.0,-1.0,2491.0,0.5186000000000001,0.5176000000000001,0.6459163000000001,0.6446708000000001,0.0,2.4910000000000023,1.2004129000000021,11288.121432034444,2.0,11286.921019134445,0.11445394167372905,1717133160.0,2024-05-31 00:05:00+00:00,2024-05-31 00:05:00+00:00,2024-05-31 05:25:00+00:00,2024-05-31 05:26:00+00:00,0.562972063487893,0.5174342245364563,2024-06-05 00:00:00+00:00,0.026272734957703305,0.010860436998416564,target,minute interval; not exact exchange fill
729,2278085.0,2280081.0,-1.0,1399.0,0.5184,0.5162,0.36262079999999997,0.3610819,-0.556567379149312,3.0777999999999714,2.910664679149283,11291.032096713594,2.0,11288.121432034444,0.06424821033036057,1717320120.0,2024-06-01 00:05:00+00:00,2024-06-01 00:05:00+00:00,2024-06-02 09:21:00+00:00,2024-06-02 09:22:00+00:00,0.5558720542401416,0.5160587995264321,2024-06-06 00:00:00+00:00,0.0624785729270188,0.05552223746674727,target,minute interval; not exact exchange fill
730,2280965.0,2287800.0,-1.0,2203.0,0.5147,0.5086,0.56694205,0.5602229000000001,-2.616859700421585,13.438299999999987,14.927994750421574,11305.960091464018,2.0,11291.032096713594,0.10042342367709965,1717783260.0,2024-06-03 00:05:00+00:00,2024-06-03 00:05:00+00:00,2024-06-07 18:00:00+00:00,2024-06-07 18:01:00+00:00,0.5650184445269804,0.5084908137673823,2024-06-08 00:00:00+00:00,0.12339781746012599,0.13466656082214642,target,minute interval; not exact exchange fill
731,2288165.0,2288165.0,-1.0,2819.0,0.49720000000000003,0.49720000000000003,0.7008034000000001,0.7008034000000001,0.0,-0.0,-1.4016068000000002,11304.55848466402,2.0,11305.960091464018,0.12397061272648671,1717805160.0,2024-06-08 00:05:00+00:00,2024-06-08 00:05:00+00:00,2024-06-08 00:05:00+00:00,2024-06-08 00:06:00+00:00,0.5364050505832036,0.4970831119205357,2024-06-13 00:00:00+00:00,0.002981454627031736,-0.01268203949755934,target,minute interval; not exact exchange fill
732,2289605.0,2292592.0,-1.0,1014.0,0.4924,0.48960000000000004,0.24964680000000003,0.2482272,-0.3024569988960001,2.839199999999969,2.643782998895969,11307.202267662915,2.0,11304.55848466402,0.044167456931409686,1718070780.0,2024-06-09 00:05:00+00:00,2024-06-09 00:05:00+00:00,2024-06-11 01:52:00+00:00,2024-06-11 01:53:00+00:00,0.5334613252421839,0.4894040375970342,2024-06-14 00:00:00+00:00,0.07296312004776505,0.06349724585414517,target,minute interval; not exact exchange fill
733,2293925.0,2294006.0,-1.0,1259.0,0.4806,0.4773,0.3025377,0.30046035,0.0,4.154700000000032,3.551701950000032,11310.753969612915,2.0,11307.202267662915,0.05351238844735578,1718155620.0,2024-06-12 00:05:00+00:00,2024-06-12 00:05:00+00:00,2024-06-12 01:26:00+00:00,2024-06-12 01:27:00+00:00,0.5111100639110365,0.4771781541586429,2024-06-17 00:00:00+00:00,0.11215465989631489,0.09246293315628087,target,minute interval; not exact exchange fill
734,2295365.0,2295452.0,-1.0,1572.0,0.4907,0.4894,0.38569020000000004,0.3846684,0.0,2.043600000000037,1.273241400000037,11312.027211012915,2.0,11310.753969612915,0.06819884881877585,1718242380.0,2024-06-13 00:05:00+00:00,2024-06-13 00:05:00+00:00,2024-06-13 01:32:00+00:00,2024-06-13 01:33:00+00:00,0.5256438603293436,0.48925228807976073,2024-06-18 00:00:00+00:00,0.041429650490664216,0.023178606838692054,target,minute interval; not exact exchange fill
735,2296805.0,2296866.0,-1.0,3206.0,0.47840000000000005,0.4757,0.7668752000000001,0.7625471,0.0,8.656200000000114,7.126777700000114,11319.153988712915,2.0,11312.027211012915,0.13558581246222648,1718327220.0,2024-06-14 00:05:00+00:00,2024-06-14 00:05:00+00:00,2024-06-14 01:06:00+00:00,2024-06-14 01:07:00+00:00,0.5128127637002977,0.475511898978442,2024-06-19 00:00:00+00:00,0.08392528559201663,0.06459667172796142,target,minute interval; not exact exchange fill
736,2298245.0,2299418.0,-1.0,3564.0,0.4746,0.505,0.8457372000000001,0.89991,-0.34322884239600004,-108.34559999999993,-109.74801835760394,11209.405970355312,1.0,11319.153988712915,0.1494347017176975,1718480340.0,2024-06-15 00:05:00+00:00,2024-06-15 00:05:00+00:00,2024-06-15 19:38:00+00:00,2024-06-15 19:39:00+00:00,0.5048245992818473,0.4730227237252193,2024-06-20 00:00:00+00:00,0.05218518399772523,-1.0188222951724746,stop,minute interval; not exact exchange fill
737,2299685.0,2300754.0,-1.0,2715.0,0.48900000000000005,0.4877,0.6638175000000002,0.6620527500000001,-0.265858162125,3.5295000000000636,2.4694879121250635,11211.875458267436,2.0,11209.405970355312,0.11843937167688444,1718560500.0,2024-06-16 00:05:00+00:00,2024-06-16 00:05:00+00:00,2024-06-16 17:54:00+00:00,2024-06-16 17:55:00+00:00,0.529390368804591,0.48756004669221703,2024-06-21 00:00:00+00:00,0.03565090763962876,0.022519526360369285,target,minute interval; not exact exchange fill
738,2301125.0,2301262.0,-1.0,1849.0,0.4884,0.4843,0.45152580000000003,0.44773535,0.0,7.580899999999986,6.681638849999986,11218.557097117437,2.0,11211.875458267436,0.08054420541517039,1718590980.0,2024-06-17 00:05:00+00:00,2024-06-17 00:05:00+00:00,2024-06-17 02:22:00+00:00,2024-06-17 02:23:00+00:00,0.5354156529828438,0.4841668345060923,2024-06-22 00:00:00+00:00,0.09003736469325178,0.07686057239955021,target,minute interval; not exact exchange fill
739,2302565.0,2302643.0,-1.0,3254.0,0.505,0.4954,0.821635,0.8060158000000001,0.0,31.23839999999999,29.61074919999999,11248.167846317436,2.0,11218.557097117437,0.14647783897469593,1718673840.0,2024-06-18 00:05:00+00:00,2024-06-18 00:05:00+00:00,2024-06-18 01:23:00+00:00,2024-06-18 01:24:00+00:00,0.538561446873466,0.49526981361139644,2024-06-23 00:00:00+00:00,0.2899215407872167,0.2711384891810012,target,minute interval; not exact exchange fill
740,2304005.0,2306894.0,-1.0,2585.0,0.4892,0.4867,0.632291,0.62905975,-0.5241658294736655,6.462500000000006,5.725315079473671,11253.893161396909,2.0,11248.167846317436,0.11242559830879609,1718928900.0,2024-06-19 00:05:00+00:00,2024-06-19 00:05:00+00:00,2024-06-21 00:14:00+00:00,2024-06-21 00:15:00+00:00,0.5318236847740653,0.4865754899712397,2024-06-24 00:00:00+00:00,0.06157398269699109,0.05196223866553015,target,minute interval; not exact exchange fill
741,2308325.0,2308548.0,-1.0,2117.0,0.48850000000000005,0.48710000000000003,0.51707725,0.5155953500000001,0.0,2.963800000000026,1.9311274000000258,11255.824288796908,2.0,11253.893161396909,0.09189304404873468,1719028140.0,2024-06-22 00:05:00+00:00,2024-06-22 00:05:00+00:00,2024-06-22 03:48:00+00:00,2024-06-22 03:49:00+00:00,0.5407665310477863,0.486955731526905,2024-06-27 00:00:00+00:00,0.029546029593644347,0.017452851408217743,target,minute interval; not exact exchange fill
742,2309765.0,2310612.0,-1.0,1166.0,0.48600000000000004,0.4832,0.28333800000000003,0.2817056,-0.0538576726026504,3.2648000000000286,2.7536140726026788,11258.577902869512,2.0,11255.824288796908,0.05034513559029357,1719151980.0,2024-06-23 00:05:00+00:00,2024-06-23 00:05:00+00:00,2024-06-23 14:12:00+00:00,2024-06-23 14:13:00+00:00,0.5291162696833696,0.4830671542915146,2024-06-28 00:00:00+00:00,0.06802178690371931,0.05477259816461625,target,minute interval; not exact exchange fill
743,2311205.0,2311374.0,-1.0,2147.0,0.4792,0.4746,0.5144212,0.5094831000000001,0.0,9.876199999999985,8.852295699999985,11267.430198569513,2.0,11258.577902869512,0.0913829800598329,1719197700.0,2024-06-24 00:05:00+00:00,2024-06-24 00:05:00+00:00,2024-06-24 02:54:00+00:00,2024-06-24 02:55:00+00:00,0.5307523397813955,0.4744255024598593,2024-06-29 00:00:00+00:00,0.09261456532112149,0.07997891109276023,target,minute interval; not exact exchange fill
744,2312645.0,2315103.0,-1.0,2248.0,0.47400000000000003,0.4652,0.532776,0.5228848,-0.5110561314598593,19.782400000000067,19.237795331459928,11286.667993900972,2.0,11267.430198569513,0.09456921243100136,1719421440.0,2024-06-25 00:05:00+00:00,2024-06-25 00:05:00+00:00,2024-06-26 17:03:00+00:00,2024-06-26 17:04:00+00:00,0.4986358663365012,0.4650984389043389,2024-06-30 00:00:00+00:00,0.3613252716212522,0.34736907644652437,target,minute interval; not exact exchange fill
745,2315525.0,2315851.0,-1.0,2356.0,0.4692,0.4672,0.5527176,0.5503616,0.0,4.712000000000004,3.608920800000004,11290.276914700973,2.0,11286.667993900972,0.09794167779165198,1719466320.0,2024-06-27 00:05:00+00:00,2024-06-27 00:05:00+00:00,2024-06-27 05:31:00+00:00,2024-06-27 05:32:00+00:00,0.5048107279087896,0.46703783923609277,2024-07-02 00:00:00+00:00,0.06071655624241166,0.043015127461686,target,minute interval; not exact exchange fill
746,2316965.0,2317961.0,-1.0,2529.0,0.4762,0.47400000000000003,0.6021549,0.599373,-0.241188355269,5.563799999999949,4.603460455268949,11294.880375156245,2.0,11290.276914700973,0.1066678708678862,1719592920.0,2024-06-28 00:05:00+00:00,2024-06-28 00:05:00+00:00,2024-06-28 16:41:00+00:00,2024-06-28 16:42:00+00:00,0.5199620817954969,0.47385033564730294,2024-07-03 00:00:00+00:00,0.053691786503146884,0.041594663377903726,target,minute interval; not exact exchange fill
747,2318405.0,2320009.0,-1.0,1084.0,0.4716,0.4701,0.25560720000000003,0.2547942,-0.15427162258000002,1.6260000000000014,1.2698702225800014,11296.150245378825,2.0,11294.880375156245,0.045260718398084696,1719715800.0,2024-06-29 00:05:00+00:00,2024-06-29 00:05:00+00:00,2024-06-30 02:49:00+00:00,2024-06-30 02:50:00+00:00,0.5154990583111339,0.4699287450901223,2024-07-04 00:00:00+00:00,0.038070404563868974,0.026685469804323562,target,minute interval; not exact exchange fill
748,2321285.0,2325065.0,-1.0,2446.0,0.47550000000000003,0.4716,0.5815365,0.5767668,-0.8023000033842151,9.539400000000036,9.18339670338425,11305.333642082209,2.0,11296.150245378825,0.1029618918600879,1720019160.0,2024-07-01 00:05:00+00:00,2024-07-01 00:05:00+00:00,2024-07-03 15:05:00+00:00,2024-07-03 15:06:00+00:00,0.5208033875968948,0.47143868409432904,2024-07-06 00:00:00+00:00,0.08964706881984617,0.08287360187629446,target,minute interval; not exact exchange fill
749,2325605.0,2325675.0,-1.0,3030.0,0.46680000000000005,0.46480000000000005,0.7072020000000001,0.704172,0.0,6.060000000000006,4.6486260000000055,11309.982268082209,2.0,11305.333642082209,0.12510944345199318,1720055760.0,2024-07-04 00:05:00+00:00,2024-07-04 00:05:00+00:00,2024-07-04 01:15:00+00:00,2024-07-04 01:16:00+00:00,0.4960426986239405,0.4646587261098715,2024-07-09 00:00:00+00:00,0.07322422316986515,0.05246437819333063,target,minute interval; not exact exchange fill
750,2328485.0,2330771.0,-1.0,2208.0,0.4234,0.4233,0.4674336,0.4673232,-0.256476455228544,0.22079999999997568,-0.45748034477148025,11309.524787737435,2.0,11309.982268082209,0.08265859113133003,1720361520.0,2024-07-06 00:05:00+00:00,2024-07-06 00:05:00+00:00,2024-07-07 14:11:00+00:00,2024-07-07 14:12:00+00:00,0.4738224053545697,0.4231710262477089,2024-07-11 00:00:00+00:00,0.004541111251653773,-0.004109129337940905,target,minute interval; not exact exchange fill
751,2331365.0,2331400.0,-1.0,1742.0,0.4186,0.4133,0.36460060000000005,0.35998430000000003,0.0,9.232600000000048,8.508015100000048,11318.032802837435,2.0,11309.524787737435,0.06447673210731632,1720399260.0,2024-07-08 00:05:00+00:00,2024-07-08 00:05:00+00:00,2024-07-08 00:40:00+00:00,2024-07-08 00:41:00+00:00,0.48270747655422186,0.4131359627674508,2024-07-13 00:00:00+00:00,0.08523244910330818,0.07618534159380175,target,minute interval; not exact exchange fill
752,2332805.0,2337612.0,-1.0,3243.0,0.4309,0.4646,0.69870435,0.7533489000000001,-0.9347948975902274,-109.28910000000002,-109.8063583524098,11208.226444485028,1.0,11318.032802837435,0.12346745448994184,1720771980.0,2024-07-09 00:05:00+00:00,2024-07-09 00:05:00+00:00,2024-07-12 08:12:00+00:00,2024-07-12 08:13:00+00:00,0.46443837410935773,0.42000344286005925,2024-07-14 00:00:00+00:00,0.3248981928703707,-1.0095748781406277,stop,minute interval; not exact exchange fill
753,2338565.0,2339752.0,-1.0,1342.0,0.4741,0.5569000000000001,0.31812110000000005,0.37367990000000006,-0.10451357774,-111.11760000000005,-111.70488742226006,11096.52155706277,1.0,11208.226444485028,0.0567656446942202,1720900380.0,2024-07-13 00:05:00+00:00,2024-07-13 00:05:00+00:00,2024-07-13 19:52:00+00:00,2024-07-13 19:53:00+00:00,0.5567285670130465,0.4713618216916174,2024-07-18 00:00:00+00:00,0.03313839761919498,-1.0073709860762488,stop,minute interval; not exact exchange fill
754,2340005.0,2340031.0,-1.0,1205.0,0.5275000000000001,0.5187,0.31781875000000004,0.31251675,0.0,10.604000000000037,9.973664500000035,11106.495221562769,2.0,11096.52155706277,0.05728259047047282,1720917120.0,2024-07-14 00:05:00+00:00,2024-07-14 00:05:00+00:00,2024-07-14 00:31:00+00:00,2024-07-14 00:32:00+00:00,0.6186355655324631,0.5185428232581224,2024-07-19 00:00:00+00:00,0.09828409676886331,0.09081964819817513,target,minute interval; not exact exchange fill
755,2341445.0,2345115.0,-1.0,980.0,0.5218,0.6343,0.255682,0.31080699999999994,-0.267596066591056,-110.24999999999993,-110.54889293340887,10995.94632862936,1.0,11106.495221562769,0.04604188718392544,1721222160.0,2024-07-15 00:05:00+00:00,2024-07-15 00:05:00+00:00,2024-07-17 13:15:00+00:00,2024-07-17 13:16:00+00:00,0.6341237151493371,0.5092892041498052,2024-07-20 00:00:00+00:00,0.11138160657846367,-1.0042847375482178,stop,minute interval; not exact exchange fill
756,2345765.0,2345822.0,-1.0,810.0,0.629,0.6213000000000001,0.254745,0.25162650000000003,0.0,6.236999999999942,5.730628499999942,11001.676957129359,2.0,10995.94632862936,0.04633434765623376,1721264580.0,2024-07-18 00:05:00+00:00,2024-07-18 00:05:00+00:00,2024-07-18 01:02:00+00:00,2024-07-18 01:03:00+00:00,0.7635509197411857,0.621152486704699,2024-07-23 00:00:00+00:00,0.05832374323710307,0.05258120876177358,target,minute interval; not exact exchange fill
757,2347205.0,2347210.0,-1.0,631.0,0.5687,0.5650000000000001,0.17942485,0.1782575,0.0,2.334699999999953,1.977017649999953,11003.65397477936,2.0,11001.676957129359,0.03261772740631659,1721347860.0,2024-07-19 00:05:00+00:00,2024-07-19 00:05:00+00:00,2024-07-19 00:10:00+00:00,2024-07-19 00:11:00+00:00,0.7418311391650593,0.5647957879615038,2024-07-24 00:00:00+00:00,0.022550605612165684,0.018096975593817653,target,minute interval; not exact exchange fill
758,2348645.0,2348666.0,-1.0,610.0,0.5732,0.5711,0.17482600000000004,0.17418550000000002,0.0,1.2809999999999944,0.9319884999999944,11004.58596327936,2.0,11003.65397477936,0.03177599012122799,1721435220.0,2024-07-20 00:05:00+00:00,2024-07-20 00:05:00+00:00,2024-07-20 00:26:00+00:00,2024-07-20 00:27:00+00:00,0.7524090875733629,0.5709100291718338,2024-07-25 00:00:00+00:00,0.012778207060670638,0.008525516315541392,target,minute interval; not exact exchange fill
759,2350085.0,2350763.0,-1.0,652.0,0.5923,0.5836,0.19308980000000003,0.19025360000000002,-0.038398307068,5.672400000000026,5.327454907068026,11009.913418186428,2.0,11004.58596327936,0.035092606054296184,1721561040.0,2024-07-21 00:05:00+00:00,2024-07-21 00:05:00+00:00,2024-07-21 11:23:00+00:00,2024-07-21 11:24:00+00:00,0.7600082988583082,0.5834739370405563,2024-07-26 00:00:00+00:00,0.052627466974074145,0.048721161472775006,target,minute interval; not exact exchange fill
760,2351525.0,2351916.0,-1.0,599.0,0.5967,0.5882000000000001,0.17871165,0.17616590000000001,0.0,5.0914999999999715,4.736622449999971,11014.650040636428,2.0,11009.913418186428,0.03246377027902871,1721630220.0,2024-07-22 00:05:00+00:00,2024-07-22 00:05:00+00:00,2024-07-22 06:36:00+00:00,2024-07-22 06:37:00+00:00,0.7792347348601376,0.5880537963319181,2024-07-27 00:00:00+00:00,0.04736744310449631,0.04332079593540869,target,minute interval; not exact exchange fill
761,2352965.0,2353282.0,-1.0,698.0,0.6054,0.5971000000000001,0.21128460000000002,0.20838790000000004,0.0,5.793399999999982,5.3737274999999824,11020.023768136429,2.0,11014.650040636428,0.03836428742093597,1721712180.0,2024-07-23 00:05:00+00:00,2024-07-23 00:05:00+00:00,2024-07-23 05:22:00+00:00,2024-07-23 05:23:00+00:00,0.7619874896397116,0.5969619408226955,2024-07-28 00:00:00+00:00,0.053887185986054735,0.04916580512091895,target,minute interval; not exact exchange fill
762,2354405.0,2357076.0,-1.0,843.0,0.5983,0.5850000000000001,0.25218345000000003,0.24657750000000006,-0.1891388747180913,11.211899999999982,10.902277924718073,11030.926046061146,2.0,11020.023768136429,0.04576822252038503,1721939820.0,2024-07-24 00:05:00+00:00,2024-07-24 00:05:00+00:00,2024-07-25 20:36:00+00:00,2024-07-25 20:37:00+00:00,0.7278815360358416,0.5848055547622193,2024-07-29 00:00:00+00:00,0.10413864236065445,0.09980367900077955,target,minute interval; not exact exchange fill
763,2357285.0,2358091.0,-1.0,668.0,0.5996,0.5951000000000001,0.2002664,0.19876340000000003,-0.007112837279999998,3.0059999999999656,2.6140830372799653,11033.540129098426,2.0,11030.926046061146,0.03630998869247426,1722000720.0,2024-07-26 00:05:00+00:00,2024-07-26 00:05:00+00:00,2024-07-26 13:31:00+00:00,2024-07-26 13:32:00+00:00,0.7635522452876826,0.5949598986662183,2024-07-31 00:00:00+00:00,0.028301541864460687,0.023868523136925567,target,minute interval; not exact exchange fill
764,2358725.0,2358726.0,-1.0,646.0,0.6014,0.6015,0.1942522,0.1942845,0.0,-0.06459999999999289,-0.45313669999999284,11033.086992398426,2.0,11033.540129098426,0.03521121919658487,1722038820.0,2024-07-27 00:05:00+00:00,2024-07-27 00:05:00+00:00,2024-07-27 00:06:00+00:00,2024-07-27 00:07:00+00:00,0.7709595299781608,0.6013134003745668,2024-08-01 00:00:00+00:00,0.0005107328703044871,-0.004136895166496013,target,minute interval; not exact exchange fill
765,2360165.0,2366851.0,-1.0,796.0,0.5925,0.5872,0.235815,0.23370560000000004,-0.5405951429166412,4.218799999999977,4.289874542916618,11037.376866941337,2.0,11033.086992398426,0.04274687585849214,1722526320.0,2024-07-28 00:05:00+00:00,2024-07-28 00:05:00+00:00,2024-08-01 15:31:00+00:00,2024-08-01 15:32:00+00:00,0.7300107142536886,0.5870101690929121,2024-08-02 00:00:00+00:00,0.03992293209211238,0.03919177975351917,target,minute interval; not exact exchange fill
766,2367365.0,2367384.0,-1.0,708.0,0.5944,0.5923,0.21041760000000004,0.2096742,0.0,1.4867999999999935,1.0667081999999934,11038.443575141337,2.0,11037.376866941337,0.03812818979303561,1722558300.0,2024-08-02 00:05:00+00:00,2024-08-02 00:05:00+00:00,2024-08-02 00:24:00+00:00,2024-08-02 00:25:00+00:00,0.7491758213397813,0.5921278829525671,2024-08-07 00:00:00+00:00,0.01468005162411577,0.009734401581319496,target,minute interval; not exact exchange fill
767,2368805.0,2368835.0,-1.0,800.0,0.5625,0.5591,0.225,0.22364000000000003,0.0,2.719999999999967,2.2713599999999667,11040.714935141335,2.0,11038.443575141337,0.04076661686375818,1722645360.0,2024-08-03 00:05:00+00:00,2024-08-03 00:05:00+00:00,2024-08-03 00:35:00+00:00,2024-08-03 00:36:00+00:00,0.6993715950115467,0.5589184085756587,2024-08-08 00:00:00+00:00,0.026167528945937886,0.020743529727701642,target,minute interval; not exact exchange fill
768,2370245.0,2370697.0,-1.0,885.0,0.5544,0.5481,0.245322,0.24253425,0.0,5.575499999999975,5.087643749999975,11045.802578891335,2.0,11040.714935141335,0.04443951346287695,1722757080.0,2024-08-04 00:05:00+00:00,2024-08-04 00:05:00+00:00,2024-08-04 07:37:00+00:00,2024-08-04 07:38:00+00:00,0.6781739875694945,0.5479415183692872,2024-08-09 00:00:00+00:00,0.05217963610558019,0.046445542499568095,target,minute interval; not exact exchange fill
769,2371685.0,2371705.0,-1.0,857.0,0.525,0.5152,0.2249625,0.2207632,0.0,8.398600000000027,7.952874300000026,11053.755453191334,2.0,11045.802578891335,0.04073266716352619,1722817560.0,2024-08-05 00:05:00+00:00,2024-08-05 00:05:00+00:00,2024-08-05 00:25:00+00:00,2024-08-05 00:26:00+00:00,0.6528486874576807,0.5150798975670271,2024-08-10 00:00:00+00:00,0.07759252464955174,0.0725850236285905,target,minute interval; not exact exchange fill
770,2373125.0,2375782.0,-1.0,1157.0,0.49260000000000004,0.5874,0.28496910000000003,0.3398109,-0.0003451809774698972,-109.6836,-110.30803481902252,10943.447418372312,1.0,11053.755453191334,0.05156059426259996,1723062180.0,2024-08-06 00:05:00+00:00,2024-08-06 00:05:00+00:00,2024-08-07 20:22:00+00:00,2024-08-07 20:23:00+00:00,0.5872029784399927,0.481749244636685,2024-08-11 00:00:00+00:00,0.11469781969071667,-1.0077875266801875,stop,minute interval; not exact exchange fill
771,2376005.0,2376011.0,-1.0,710.0,0.598,0.5954,0.21229,0.21136700000000003,0.0,1.8459999999999543,1.4223429999999542,10944.869761372312,2.0,10943.447418372312,0.038797646095251256,1723075920.0,2024-08-08 00:05:00+00:00,2024-08-08 00:05:00+00:00,2024-08-08 00:11:00+00:00,2024-08-08 00:12:00+00:00,0.7510703266183666,0.595186752108924,2024-08-13 00:00:00+00:00,0.018378793285585095,0.013087448392231778,target,minute interval; not exact exchange fill
772,2377445.0,2377448.0,-1.0,572.0,0.6138,0.6117,0.1755468,0.1749462,0.0,1.2011999999999947,0.8507069999999948,10945.720468372314,2.0,10944.869761372312,0.03207837166222967,1723162140.0,2024-08-09 00:05:00+00:00,2024-08-09 00:05:00+00:00,2024-08-09 00:08:00+00:00,2024-08-09 00:09:00+00:00,0.8040532517140491,0.6115037758392852,2024-08-14 00:00:00+00:00,0.01206930310009141,0.007817211987710623,target,minute interval; not exact exchange fill
773,2380325.0,2381023.0,-1.0,654.0,0.5855,0.5737,0.19145850000000003,0.18759989999999999,-0.038657939999999995,7.717200000000021,7.376799540000021,10953.097267912315,2.0,10945.720468372314,0.034983261367439414,1723376640.0,2024-08-11 00:05:00+00:00,2024-08-11 00:05:00+00:00,2024-08-11 11:43:00+00:00,2024-08-11 11:44:00+00:00,0.7517373462083511,0.5735081328550605,2024-08-16 00:00:00+00:00,0.07213702226640258,0.06785184110111472,target,minute interval; not exact exchange fill
774,2381765.0,2388960.0,-1.0,619.0,0.5527000000000001,0.5636,0.17106065000000004,0.1744342,-0.2665109395737852,-6.747099999999945,-6.82608391042616,10946.271184001891,4.0,10953.097267912315,0.031235119312074653,1723852800.0,2024-08-12 00:05:00+00:00,2024-08-12 00:05:00+00:00,2024-08-17 00:00:00+00:00,2024-08-17 00:00:00+00:00,0.7284364104197034,0.5425031019322395,2024-08-17 00:00:00+00:00,0.058023821263947485,-0.06275079354786178,timeout,minute interval; not exact exchange fill
775,2390405.0,2397600.0,-1.0,656.0,0.5657,0.5976,0.1855496,0.19601280000000001,-0.24861397583324799,-20.926400000000026,-21.059348424166778,10925.211835577724,4.0,10946.271184001891,0.0339018825463018,1724371200.0,2024-08-18 00:05:00+00:00,2024-08-18 00:05:00+00:00,2024-08-23 00:00:00+00:00,2024-08-23 00:00:00+00:00,0.7315685970681962,0.5560829985879958,2024-08-23 00:00:00+00:00,0.05797963919626193,-0.19354275521811493,timeout,minute interval; not exact exchange fill
776,2399045.0,2399053.0,-1.0,559.0,0.6099,0.6085,0.17046705,0.17007575,0.0,0.7825999999999759,0.44205719999997595,10925.653892777724,2.0,10925.211835577724,0.0312061775214056,1724458440.0,2024-08-24 00:05:00+00:00,2024-08-24 00:05:00+00:00,2024-08-24 00:13:00+00:00,2024-08-24 00:14:00+00:00,0.8039897582883994,0.6083581516346128,2024-08-29 00:00:00+00:00,0.007943996525031135,0.004074403549026536,target,minute interval; not exact exchange fill
777,2400485.0,2400579.0,-1.0,662.0,0.6119,0.6054,0.20253890000000002,0.20038740000000002,0.0,4.302999999999967,3.900073699999967,10929.553966477724,2.0,10925.653892777724,0.03707584040052486,1724550000.0,2024-08-25 00:05:00+00:00,2024-08-25 00:05:00+00:00,2024-08-25 01:39:00+00:00,2024-08-25 01:40:00+00:00,0.7757575282684476,0.6052674517207828,2024-08-30 00:00:00+00:00,0.04047753160508515,0.03595410026171125,target,minute interval; not exact exchange fill
778,2401925.0,2401971.0,-1.0,673.0,0.6007,0.5982000000000001,0.20213555,0.20129430000000004,0.0,1.6824999999999641,1.2790701499999642,10930.833036627724,2.0,10929.553966477724,0.03698880130332389,1724633520.0,2024-08-26 00:05:00+00:00,2024-08-26 00:05:00+00:00,2024-08-26 00:51:00+00:00,2024-08-26 00:52:00+00:00,0.7620023499052848,0.5980377606056541,2024-08-31 00:00:00+00:00,0.01650465350262533,0.011782531383553504,target,minute interval; not exact exchange fill
779,2403365.0,2404638.0,-1.0,658.0,0.5868,0.5825,0.1930572,0.19164250000000002,-0.044146375448,2.8293999999999806,2.4888466754479803,10933.321883303171,2.0,10930.833036627724,0.03532341942340383,1724793540.0,2024-08-27 00:05:00+00:00,2024-08-27 00:05:00+00:00,2024-08-27 21:18:00+00:00,2024-08-27 21:19:00+00:00,0.7517760638627378,0.5822932771028728,2024-09-01 00:00:00+00:00,0.027317434975760002,0.022927215424093345,target,minute interval; not exact exchange fill
780,2404805.0,2404822.0,-1.0,1219.0,0.5636,0.5609000000000001,0.34351420000000005,0.34186855000000005,0.0,3.291299999999908,2.605917249999908,10935.927800553172,2.0,10933.321883303171,0.06283802922231677,1724804580.0,2024-08-28 00:05:00+00:00,2024-08-28 00:05:00+00:00,2024-08-28 00:22:00+00:00,2024-08-28 00:23:00+00:00,0.6522666079569182,0.5607531617741354,2024-09-02 00:00:00+00:00,0.03210721929554203,0.024109978370195767,target,minute interval; not exact exchange fill
781,2406245.0,2407335.0,-1.0,973.0,0.5688,0.5667,0.2767212,0.27569955,-0.0393916016077997,2.043299999999991,1.5302708516077907,10937.45807140478,2.0,10935.927800553172,0.050607722553911265,1724955360.0,2024-08-29 00:05:00+00:00,2024-08-29 00:05:00+00:00,2024-08-29 18:15:00+00:00,2024-08-29 18:16:00+00:00,0.641615533575923,0.5665017698155452,2024-09-03 00:00:00+00:00,0.03156236137524736,0.02159888983782611,target,minute interval; not exact exchange fill
782,2407685.0,2408511.0,-1.0,1433.0,0.5607,0.5586,0.40174154999999995,0.4002369,-0.0306862725289675,3.0092999999999868,2.2380078225289544,10939.69607922731,2.0,10937.45807140478,0.07346159361293007,1725025920.0,2024-08-30 00:05:00+00:00,2024-08-30 00:05:00+00:00,2024-08-30 13:51:00+00:00,2024-08-30 13:52:00+00:00,0.6360089471877591,0.558417318159192,2024-09-04 00:00:00+00:00,0.030310898320179448,0.020738093754699875,target,minute interval; not exact exchange fill
783,2409125.0,2409132.0,-1.0,1037.0,0.5660000000000001,0.5657,0.29347100000000004,0.29331545,0.0,0.31110000000008087,-0.27568644999991915,10939.420392777309,2.0,10939.69607922731,0.05365249598793761,1725063180.0,2024-08-31 00:05:00+00:00,2024-08-31 00:05:00+00:00,2024-08-31 00:12:00+00:00,2024-08-31 00:13:00+00:00,0.6442678009981619,0.5655704828289114,2024-09-05 00:00:00+00:00,0.005487788919720906,-0.0033966713847775726,target,minute interval; not exact exchange fill
784,2410565.0,2410652.0,-1.0,851.0,0.5659000000000001,0.5636,0.24079045000000002,0.23981180000000002,0.0,1.957300000000068,1.476697750000068,10940.897090527309,2.0,10939.420392777309,0.044022524293696685,1725154380.0,2024-09-01 00:05:00+00:00,2024-09-01 00:05:00+00:00,2024-09-01 01:32:00+00:00,2024-09-01 01:33:00+00:00,0.6142238360656224,0.563444403042303,2024-09-06 00:00:00+00:00,0.050815439286782026,0.035908780040633845,target,minute interval; not exact exchange fill
785,2412005.0,2412052.0,-1.0,1815.0,0.5473,0.5462,0.49667475000000005,0.4956765,0.0,1.9964999999999815,1.0041487499999815,10941.90123927731,2.0,10940.897090527309,0.09079232642267038,1725238380.0,2024-09-02 00:05:00+00:00,2024-09-02 00:05:00+00:00,2024-09-02 00:52:00+00:00,2024-09-02 00:53:00+00:00,0.6065863481990044,0.5460534278698379,2024-09-07 00:00:00+00:00,0.021026293034237507,0.009331827930148697,target,minute interval; not exact exchange fill
786,2413445.0,2413706.0,-1.0,1564.0,0.5661,0.5653,0.4426902000000001,0.44206460000000003,0.0,1.2512000000000358,0.36644520000003566,10942.26768447731,2.0,10941.90123927731,0.08091650442080554,1725337620.0,2024-09-03 00:05:00+00:00,2024-09-03 00:05:00+00:00,2024-09-03 04:26:00+00:00,2024-09-03 04:27:00+00:00,0.6350289434102016,0.5651510730325153,2024-09-08 00:00:00+00:00,0.013766741814647902,0.0033991526405052416,target,minute interval; not exact exchange fill
787,2414885.0,2414939.0,-1.0,2242.0,0.5579000000000001,0.5527000000000001,0.6254059000000001,0.6195767000000001,0.0,11.658399999999961,10.413417399999961,10952.68110187731,2.0,10942.26768447731,0.11431010792894425,1725411600.0,2024-09-04 00:05:00+00:00,2024-09-04 00:05:00+00:00,2024-09-04 00:59:00+00:00,2024-09-04 01:00:00+00:00,0.6057153345557478,0.5525593855547198,2024-09-09 00:00:00+00:00,0.11169250398224488,0.09713829346074625,target,minute interval; not exact exchange fill
788,2416325.0,2416507.0,-1.0,1296.0,0.5571,0.5537000000000001,0.3610008,0.35879760000000005,0.0,4.406399999999946,3.686601599999946,10956.36770347731,2.0,10952.68110187731,0.06592007868066639,1725505680.0,2024-09-05 00:05:00+00:00,2024-09-05 00:05:00+00:00,2024-09-05 03:07:00+00:00,2024-09-05 03:08:00+00:00,0.6113627584236578,0.5535887532873273,2024-09-10 00:00:00+00:00,0.06470822373714646,0.05242269436047971,target,minute interval; not exact exchange fill
789,2417765.0,2417822.0,-1.0,963.0,0.5445,0.5414,0.26217674999999996,0.26068410000000003,0.0,2.985299999999992,2.462439149999992,10958.83014262731,2.0,10956.36770347731,0.047858333545485306,1725584580.0,2024-09-06 00:05:00+00:00,2024-09-06 00:05:00+00:00,2024-09-06 01:02:00+00:00,2024-09-06 01:03:00+00:00,0.6133536515859995,0.5412274294872662,2024-09-11 00:00:00+00:00,0.047529367540460374,0.03713746389770173,target,minute interval; not exact exchange fill
790,2419205.0,2419309.0,-1.0,1465.0,0.5207,0.5199,0.38141275,0.38082675,0.0,1.1720000000000335,0.4097605000000335,10959.239903127309,2.0,10958.83014262731,0.06960829669517238,1725673800.0,2024-09-07 00:05:00+00:00,2024-09-07 00:05:00+00:00,2024-09-07 01:49:00+00:00,2024-09-07 01:50:00+00:00,0.5945443242481309,0.5197180898547933,2024-09-12 00:00:00+00:00,0.013297029327634756,0.0037876980099401853,target,minute interval; not exact exchange fill
791,2420645.0,2421599.0,-1.0,694.0,0.5239,0.5218,0.18179330000000002,0.18106460000000002,-0.026511934969334995,1.4573999999999936,1.1210540349693285,10960.360957162278,2.0,10959.239903127309,0.0331762606908758,1725811200.0,2024-09-08 00:05:00+00:00,2024-09-08 00:05:00+00:00,2024-09-08 15:59:00+00:00,2024-09-08 16:00:00+00:00,0.5791371765145289,0.5216183153462454,2024-09-13 00:00:00+00:00,0.04130704713255072,0.029243921165623115,target,minute interval; not exact exchange fill
792,2423525.0,2423528.0,-1.0,1768.0,0.5379,0.5374,0.4755036000000001,0.47506160000000003,0.0,0.8840000000000989,-0.06656519999990118,10960.294391962278,2.0,10960.360957162278,0.0867678723097659,1725926940.0,2024-09-10 00:05:00+00:00,2024-09-10 00:05:00+00:00,2024-09-10 00:08:00+00:00,2024-09-10 00:09:00+00:00,0.5989247201150241,0.5372059989511858,2024-09-15 00:00:00+00:00,0.011372457710680593,-0.000616963091825387,target,minute interval; not exact exchange fill
793,2424965.0,2425051.0,-1.0,1825.0,0.5401,0.5368,0.49284125,0.48983000000000004,0.0,6.022499999999945,5.039828749999945,10965.334220712279,2.0,10960.294391962278,0.08993211904260978,1726018320.0,2024-09-11 00:05:00+00:00,2024-09-11 00:05:00+00:00,2024-09-11 01:31:00+00:00,2024-09-11 01:32:00+00:00,0.5837385796042561,0.5366402073665969,2024-09-16 00:00:00+00:00,0.07928288832447904,0.06328230719339531,target,minute interval; not exact exchange fill
794,2426405.0,2427175.0,-1.0,433.0,0.5345,0.5823,0.11571925,0.12606795,0.002392882271,-20.697400000000027,-20.941580082271027,10944.392640630009,1.0,10965.334220712279,0.021106379006928834,1726145760.0,2024-09-12 00:05:00+00:00,2024-09-12 00:05:00+00:00,2024-09-12 12:55:00+00:00,2024-09-12 12:56:00+00:00,0.582144537158086,0.531039392516888,2024-09-17 00:00:00+00:00,0.07263387766008814,-1.0150990894617589,stop,minute interval; not exact exchange fill
795,2427845.0,2427868.0,-1.0,1517.0,0.5606,0.5595,0.4252151,0.42438075,0.0,1.6686999999999848,0.8191041499999848,10945.211744780008,2.0,10944.392640630009,0.0777046500362989,1726187340.0,2024-09-13 00:05:00+00:00,2024-09-13 00:05:00+00:00,2024-09-13 00:28:00+00:00,2024-09-13 00:29:00+00:00,0.6317343748632399,0.5593665187185574,2024-09-18 00:00:00+00:00,0.017340157748122042,0.007590563648560573,target,minute interval; not exact exchange fill
796,2430725.0,2430731.0,-1.0,1704.0,0.5938,0.5920000000000001,0.5059176,0.504384,0.0,3.0671999999998514,2.0568983999998514,10947.268643180008,2.0,10945.211744780008,0.09244546598036942,1726359120.0,2024-09-15 00:05:00+00:00,2024-09-15 00:05:00+00:00,2024-09-15 00:11:00+00:00,2024-09-15 00:12:00+00:00,0.656972716961692,0.5918535492644537,2024-09-20 00:00:00+00:00,0.03081157229198585,0.019107932317235923,target,minute interval; not exact exchange fill
797,2432165.0,2432176.0,-1.0,1336.0,0.5698,0.5696,0.3806264,0.3804928,0.0,0.26719999999997057,-0.4939192000000294,10946.774723980008,2.0,10947.268643180008,0.06953814917790015,1726445820.0,2024-09-16 00:05:00+00:00,2024-09-16 00:05:00+00:00,2024-09-16 00:16:00+00:00,2024-09-16 00:17:00+00:00,0.6507026298963056,0.5694443359200656,2024-09-21 00:00:00+00:00,0.0043961992383959765,-0.004569690756331079,target,minute interval; not exact exchange fill
798,2433605.0,2433616.0,-1.0,1431.0,0.5844,0.5836,0.41813820000000007,0.41756580000000004,0.0,1.144800000000033,0.30909600000003284,10947.083819980007,2.0,10946.774723980008,0.07639477572951718,1726532220.0,2024-09-17 00:05:00+00:00,2024-09-17 00:05:00+00:00,2024-09-17 00:16:00+00:00,2024-09-17 00:17:00+00:00,0.6598778184320395,0.5834000174106987,2024-09-22 00:00:00+00:00,0.013248694915602634,0.0028617679271494864,target,minute interval; not exact exchange fill
799,2435045.0,2435076.0,-1.0,1280.0,0.5827,0.5785,0.372928,0.37024,0.0,5.375999999999976,4.6328319999999765,10951.716651980007,2.0,10947.083819980007,0.06813284818726839,1726619820.0,2024-09-18 00:05:00+00:00,2024-09-18 00:05:00+00:00,2024-09-18 00:36:00+00:00,2024-09-18 00:37:00+00:00,0.643577061562459,0.5783476636625517,2024-09-23 00:00:00+00:00,0.07149386362846726,0.05945424938564963,target,minute interval; not exact exchange fill
800,2436485.0,2436571.0,-1.0,1646.0,0.5850000000000001,0.5826,0.4814550000000001,0.4794798,0.0,3.950400000000113,2.989465200000113,10954.706117180007,2.0,10951.716651980007,0.0879232024164825,1726709520.0,2024-09-19 00:05:00+00:00,2024-09-19 00:05:00+00:00,2024-09-19 01:31:00+00:00,2024-09-19 01:32:00+00:00,0.650482302362458,0.5823976118871362,2024-09-24 00:00:00+00:00,0.03974185419533803,0.027735738275466115,target,minute interval; not exact exchange fill
801,2437925.0,2437947.0,-1.0,1602.0,0.5868,0.5834,0.47002679999999997,0.46730340000000004,0.0,5.446799999999934,4.509469799999934,10959.215586980006,2.0,10954.706117180007,0.0858127630211582,1726792080.0,2024-09-20 00:05:00+00:00,2024-09-20 00:05:00+00:00,2024-09-20 00:27:00+00:00,2024-09-20 00:28:00+00:00,0.6541351267083296,0.5832172741981907,2024-09-25 00:00:00+00:00,0.05320738189635123,0.04180433211617828,target,minute interval; not exact exchange fill
802,2440805.0,2441209.0,-1.0,1740.0,0.5958,0.5941000000000001,0.518346,0.5168670000000001,0.0,2.9579999999998674,1.9227869999998677,10961.138373980006,2.0,10959.215586980006,0.09459545637843207,1726987800.0,2024-09-22 00:05:00+00:00,2024-09-22 00:05:00+00:00,2024-09-22 06:49:00+00:00,2024-09-22 06:50:00+00:00,0.657728207598233,0.5939190916062642,2024-09-27 00:00:00+00:00,0.03037240163542934,0.01784404947046221,target,minute interval; not exact exchange fill
803,2442245.0,2442245.0,-1.0,1452.0,0.5864,0.5863,0.4257264,0.4256538000000001,0.0,0.145199999999984,-0.7061802000000161,10960.432193780005,2.0,10961.138373980006,0.07767923102049447,1727049960.0,2024-09-23 00:05:00+00:00,2024-09-23 00:05:00+00:00,2024-09-23 00:05:00+00:00,2024-09-23 00:06:00+00:00,0.6608558321402529,0.5861075601917207,2024-09-28 00:00:00+00:00,0.003927695116326678,-0.006532060498415637,target,minute interval; not exact exchange fill
804,2443685.0,2443720.0,-1.0,903.0,0.5842,0.5822,0.2637663,0.2628633,0.0,1.8060000000000016,1.2793704000000015,10961.711564180005,2.0,10960.432193780005,0.048130638525310375,1727138460.0,2024-09-24 00:05:00+00:00,2024-09-24 00:05:00+00:00,2024-09-24 00:40:00+00:00,2024-09-24 00:41:00+00:00,0.6505690493437033,0.5820674124925949,2024-09-29 00:00:00+00:00,0.03213225936627826,0.02134729989370294,target,minute interval; not exact exchange fill
805,2445125.0,2445501.0,-1.0,1931.0,0.5899,0.5863,0.56954845,0.5660726500000001,0.0,6.951599999999877,5.815978899999878,10967.527543080005,2.0,10961.711564180005,0.10391597090752411,1727245320.0,2024-09-25 00:05:00+00:00,2024-09-25 00:05:00+00:00,2024-09-25 06:21:00+00:00,2024-09-25 06:22:00+00:00,0.6456135555070568,0.5860839315255257,2024-09-30 00:00:00+00:00,0.06849443442881492,0.054060452121359265,target,minute interval; not exact exchange fill
806,2446565.0,2446599.0,-1.0,2264.0,0.5831000000000001,0.5805,0.6600692,0.657126,0.0,5.886400000000106,4.569204800000106,10972.096747880005,2.0,10967.527543080005,0.12036791289691773,1727311200.0,2024-09-26 00:05:00+00:00,2024-09-26 00:05:00+00:00,2024-09-26 00:39:00+00:00,2024-09-26 00:40:00+00:00,0.6305259588494339,0.5802961846147682,2024-10-01 00:00:00+00:00,0.05911984603481271,0.04255475374588324,target,minute interval; not exact exchange fill
807,2448005.0,2448079.0,-1.0,2599.0,0.5901000000000001,0.5877,0.76683495,0.76371615,0.0,6.237600000000179,4.70704890000018,10976.803796780005,2.0,10972.096747880005,0.1397791083364564,1727400000.0,2024-09-27 00:05:00+00:00,2024-09-27 00:05:00+00:00,2024-09-27 01:19:00+00:00,2024-09-27 01:20:00+00:00,0.6312891422996224,0.5875346769312102,2024-10-02 00:00:00+00:00,0.0622815364818459,0.04397032564615154,target,minute interval; not exact exchange fill
808,2449445.0,2449769.0,-1.0,1236.0,0.5887,0.5878,0.3638166,0.36326040000000004,0.0,1.1124000000000147,0.3853230000000146,10977.189119780005,2.0,10976.803796780005,0.06628825780902159,1727501400.0,2024-09-28 00:05:00+00:00,2024-09-28 00:05:00+00:00,2024-09-28 05:29:00+00:00,2024-09-28 05:30:00+00:00,0.6289757851109882,0.5876740729538589,2024-10-03 00:00:00+00:00,0.025472552386352657,0.007740382940789879,target,minute interval; not exact exchange fill
809,2450885.0,2450912.0,-1.0,2234.0,0.6144000000000001,0.6107,0.6862848,0.6821519,0.0,8.265800000000082,6.897363300000082,10984.086483080006,2.0,10977.189119780005,0.12503834861756558,1727569980.0,2024-09-29 00:05:00+00:00,2024-09-29 00:05:00+00:00,2024-09-29 00:32:00+00:00,2024-09-29 00:33:00+00:00,0.6624611729862557,0.6105175266588294,2024-10-04 00:00:00+00:00,0.0807819098023458,0.06424000514683594,target,minute interval; not exact exchange fill
810,2452325.0,2452347.0,-1.0,1465.0,0.6421,0.6405000000000001,0.47033825,0.46916625000000006,0.0,2.3439999999999044,1.4044954999999044,10985.490978580006,2.0,10984.086483080006,0.08563993932941327,1727656080.0,2024-09-30 00:05:00+00:00,2024-09-30 00:05:00+00:00,2024-09-30 00:27:00+00:00,2024-09-30 00:28:00+00:00,0.715931771168843,0.640359189153769,2024-10-05 00:00:00+00:00,0.02357807240259778,0.012984924847698984,target,minute interval; not exact exchange fill
811,2453765.0,2454651.0,-1.0,1414.0,0.6126,0.6086,0.4331082,0.43028020000000006,-0.088814573008,5.656000000000005,4.881426173008005,10990.372404753014,2.0,10985.490978580006,0.07885095001115443,1727794320.0,2024-10-01 00:05:00+00:00,2024-10-01 00:05:00+00:00,2024-10-01 14:51:00+00:00,2024-10-01 14:52:00+00:00,0.6891912649284171,0.6084515428850281,2024-10-06 00:00:00+00:00,0.05416358012691269,0.045073166962661775,target,minute interval; not exact exchange fill
812,2455205.0,2455780.0,-1.0,1240.0,0.5961000000000001,0.5912000000000001,0.3695820000000001,0.36654400000000004,-0.0098904626544,6.076000000000019,5.349764462654418,10995.722169215669,2.0,10990.372404753014,0.06725559178325326,1727862060.0,2024-10-02 00:05:00+00:00,2024-10-02 00:05:00+00:00,2024-10-02 09:40:00+00:00,2024-10-02 09:41:00+00:00,0.6836566836328255,0.591050723190434,2024-10-07 00:00:00+00:00,0.05766866217478718,0.049274664143886704,target,minute interval; not exact exchange fill
813,2458085.0,2458123.0,-1.0,1323.0,0.5222,0.5174,0.3454353,0.34226009999999996,0.0,6.350400000000035,5.662704600000035,11001.384873815668,2.0,10995.722169215669,0.0628308527050825,1728002640.0,2024-10-04 00:05:00+00:00,2024-10-04 00:05:00+00:00,2024-10-04 00:43:00+00:00,2024-10-04 00:44:00+00:00,0.6043522278187916,0.5172777989748614,2024-10-09 00:00:00+00:00,0.059915612221689715,0.05210083905991126,target,minute interval; not exact exchange fill
814,2459525.0,2459536.0,-1.0,1393.0,0.533,0.5327000000000001,0.3712345,0.3710255500000001,0.0,0.417899999999954,-0.32436005000004614,11001.060513765668,2.0,11001.384873815668,0.06748868515337066,1728087420.0,2024-10-05 00:05:00+00:00,2024-10-05 00:05:00+00:00,2024-10-05 00:16:00+00:00,2024-10-05 00:17:00+00:00,0.6109956135810437,0.5325725515999101,2024-10-10 00:00:00+00:00,0.005480415890898141,-0.002985424298997063,target,minute interval; not exact exchange fill
815,2460965.0,2464280.0,-1.0,1609.0,0.5279,0.5253,0.42469555000000003,0.42260384999999995,-0.408477589921046,4.183400000000075,3.7445781899211212,11004.805091955588,2.0,11001.060513765668,0.07720992889159675,1728372060.0,2024-10-06 00:05:00+00:00,2024-10-06 00:05:00+00:00,2024-10-08 07:20:00+00:00,2024-10-08 07:21:00+00:00,0.5953173402417467,0.5251771748169275,2024-10-11 00:00:00+00:00,0.04038760908260358,0.03452035431758162,target,minute interval; not exact exchange fill
816,2465285.0,2466528.0,-1.0,1177.0,0.5308,0.5251,0.31237580000000004,0.30902135,-0.125013942735,6.708900000000045,6.2125167927350455,11011.017608748323,2.0,11004.805091955588,0.05677080100734249,1728506940.0,2024-10-09 00:05:00+00:00,2024-10-09 00:05:00+00:00,2024-10-09 20:48:00+00:00,2024-10-09 20:49:00+00:00,0.6233231997214,0.5249806327620009,2024-10-14 00:00:00+00:00,0.06289630336523218,0.057048006023285115,target,minute interval; not exact exchange fill
817,2466725.0,2473920.0,-1.0,1491.0,0.5241,0.5486,0.39071655,0.4089813,-1.0085386539782821,-36.52949999999995,-36.320659196021666,10974.6969495523,4.0,11011.017608748323,0.07096829083073543,1728950400.0,2024-10-10 00:05:00+00:00,2024-10-10 00:05:00+00:00,2024-10-15 00:00:00+00:00,2024-10-15 00:00:00+00:00,0.5969967417495557,0.5211256968574387,2024-10-15 00:00:00+00:00,0.04080159237815913,-0.3341703868656986,timeout,minute interval; not exact exchange fill
818,2475365.0,2482560.0,-1.0,919.0,0.5413,0.5486,0.24872735,0.25208169999999996,-0.753202012543,-6.7086999999999755,-6.456307037456975,10968.240642514844,4.0,10974.6969495523,0.045327420181774866,1729468800.0,2024-10-16 00:05:00+00:00,2024-10-16 00:05:00+00:00,2024-10-21 00:00:00+00:00,2024-10-21 00:00:00+00:00,0.6383140172767174,0.5354234429476699,2024-10-21 00:00:00+00:00,0.06057430892247434,-0.07241594050230102,timeout,minute interval; not exact exchange fill
819,2484005.0,2484029.0,-1.0,1545.0,0.546,0.5424,0.421785,0.41900400000000004,0.0,5.562000000000074,4.721211000000074,10972.961853514844,2.0,10968.240642514844,0.0769102381589052,1729557000.0,2024-10-22 00:05:00+00:00,2024-10-22 00:05:00+00:00,2024-10-22 00:29:00+00:00,2024-10-22 00:30:00+00:00,0.615990362317802,0.5422005623577034,2024-10-27 00:00:00+00:00,0.054285154648074145,0.04366029691523411,target,minute interval; not exact exchange fill
820,2485445.0,2485638.0,-1.0,2100.0,0.5331,0.5314,0.559755,0.5579700000000001,0.0,3.570000000000073,2.452275000000073,10975.414128514843,2.0,10972.961853514844,0.10202441373122974,1729653540.0,2024-10-23 00:05:00+00:00,2024-10-23 00:05:00+00:00,2024-10-23 03:18:00+00:00,2024-10-23 03:19:00+00:00,0.5756845232789902,0.5312080818064034,2024-10-28 00:00:00+00:00,0.04442736581085517,0.027421934310490777,target,minute interval; not exact exchange fill
821,2486885.0,2487422.0,-1.0,3509.0,0.5257000000000001,0.5249,0.9223406500000001,0.9209370500000001,-0.185639655267,2.8072000000000803,1.14956195526708,10976.56369047011,2.0,10975.414128514843,0.16807395861331534,1729760580.0,2024-10-24 00:05:00+00:00,2024-10-24 00:05:00+00:00,2024-10-24 09:02:00+00:00,2024-10-24 09:03:00+00:00,0.5560415670632561,0.5247935071529056,2024-10-29 00:00:00+00:00,0.029876269910666622,0.010797196542849434,target,minute interval; not exact exchange fill
822,2488325.0,2488341.0,-1.0,3428.0,0.5315,0.5308,0.910991,0.9097912000000001,0.0,2.3995999999997357,0.5788177999997355,10977.142508270108,2.0,10976.56369047011,0.16598837772716166,1729815720.0,2024-10-25 00:05:00+00:00,2024-10-25 00:05:00+00:00,2024-10-25 00:21:00+00:00,2024-10-25 00:22:00+00:00,0.5625744582586745,0.5306142676137556,2024-10-30 00:00:00+00:00,0.028503550371536672,0.00543372304657276,target,minute interval; not exact exchange fill
823,2491205.0,2497803.0,-1.0,2851.0,0.5124000000000001,0.5107,0.7304262000000001,0.7280028500000001,-1.9018950950930005,4.8467000000001,5.2901660450931,10982.4326743152,2.0,10977.142508270108,0.1330813004294518,1730383440.0,2024-10-27 00:05:00+00:00,2024-10-27 00:05:00+00:00,2024-10-31 14:03:00+00:00,2024-10-31 14:04:00+00:00,0.5499809316186961,0.5105372935227029,2024-11-01 00:00:00+00:00,0.04956520227323119,0.049374708477874035,target,minute interval; not exact exchange fill
824,2498405.0,2498493.0,-1.0,1687.0,0.5103,0.5074000000000001,0.43043804999999996,0.42799190000000004,0.0,4.892299999999835,4.033870049999835,10986.4665443652,2.0,10982.4326743152,0.07838664943636262,1730424840.0,2024-11-01 00:05:00+00:00,2024-11-01 00:05:00+00:00,2024-11-01 01:33:00+00:00,2024-11-01 01:34:00+00:00,0.5541224397344304,0.5072054753860833,2024-11-06 00:00:00+00:00,0.07061506918989209,0.05456451111555118,target,minute interval; not exact exchange fill
825,2499845.0,2500140.0,-1.0,1822.0,0.513,0.5124000000000001,0.467343,0.46679640000000006,0.0,1.0931999999998796,0.15906059999987948,10986.625604965198,2.0,10986.4665443652,0.08507612490563557,1730523660.0,2024-11-02 00:05:00+00:00,2024-11-02 00:05:00+00:00,2024-11-02 05:00:00+00:00,2024-11-02 05:01:00+00:00,0.555299998076927,0.5122299472647848,2024-11-07 00:00:00+00:00,0.018204557215695888,0.0020638298810597973,target,minute interval; not exact exchange fill
826,2501285.0,2501394.0,-1.0,679.0,0.5099,0.5076,0.17311105000000002,0.17233020000000002,0.0,1.5616999999999788,1.2162587499999788,10987.841863715197,2.0,10986.625604965198,0.031513051636485316,1730598900.0,2024-11-03 00:05:00+00:00,2024-11-03 00:05:00+00:00,2024-11-03 01:54:00+00:00,2024-11-03 01:55:00+00:00,0.5478305667562124,0.5074762941927199,2024-11-08 00:00:00+00:00,0.06389848648605193,0.04722444595971112,target,minute interval; not exact exchange fill
827,2504165.0,2506973.0,-1.0,2480.0,0.5028,0.5464,0.623472,0.6775359999999999,-0.6461323477600002,-108.12799999999993,-108.78287565223994,10879.05898806296,1.0,10987.841863715197,0.11348397760598865,1730933640.0,2024-11-05 00:05:00+00:00,2024-11-05 00:05:00+00:00,2024-11-06 22:53:00+00:00,2024-11-06 22:54:00+00:00,0.5461945212243894,0.5015958955203138,2024-11-10 00:00:00+00:00,0.027747845712132586,-1.0108202954050962,stop,minute interval; not exact exchange fill
828,2508485.0,2508583.0,-1.0,1856.0,0.5557,0.5531,0.5156896,0.5132768,0.0,4.825599999999881,3.796633599999881,10882.855621662959,2.0,10879.05898806296,0.09480408196441255,1731030240.0,2024-11-08 00:05:00+00:00,2024-11-08 00:05:00+00:00,2024-11-08 01:43:00+00:00,2024-11-08 01:44:00+00:00,0.6133278642461953,0.552969578820893,2024-11-13 00:00:00+00:00,0.04738022508420826,0.035496717200221205,target,minute interval; not exact exchange fill
829,2511365.0,2511395.0,-1.0,1887.0,0.5567,0.5561,0.52524645,0.5246803500000001,0.0,1.1321999999998753,0.08227319999987515,10882.937894862958,2.0,10882.855621662959,0.09652732118479387,1731198960.0,2024-11-10 00:05:00+00:00,2024-11-10 00:05:00+00:00,2024-11-10 00:35:00+00:00,2024-11-10 00:36:00+00:00,0.6133756380097056,0.5559629506220108,2024-11-15 00:00:00+00:00,0.013004694854302489,0.0007692899723946182,target,minute interval; not exact exchange fill
830,2512805.0,2512807.0,-1.0,1379.0,0.5896,0.5881000000000001,0.40652920000000003,0.4054949500000001,0.0,2.068499999999925,1.2564758499999251,10884.19437071296,2.0,10882.937894862958,0.07470945877434305,1731283680.0,2024-11-11 00:05:00+00:00,2024-11-11 00:05:00+00:00,2024-11-11 00:07:00+00:00,2024-11-11 00:08:00+00:00,0.6674740176006815,0.5879599273594253,2024-11-16 00:00:00+00:00,0.02106058851341966,0.011700308113960365,target,minute interval; not exact exchange fill
831,2515685.0,2515760.0,-1.0,711.0,0.7106,0.6998000000000001,0.2526183,0.24877890000000003,0.0,7.678799999999944,7.177402799999944,10891.371773512958,2.0,10884.19437071296,0.04641929230513227,1731460860.0,2024-11-13 00:05:00+00:00,2024-11-13 00:05:00+00:00,2024-11-13 01:20:00+00:00,2024-11-13 01:21:00+00:00,0.8623507016857395,0.6996251932307092,2024-11-18 00:00:00+00:00,0.07232129174610728,0.06652226242027694,target,minute interval; not exact exchange fill
832,2517125.0,2517161.0,-1.0,653.0,0.6876,0.687,0.2245014,0.22430550000000002,0.0,0.39179999999995685,-0.05700690000004316,10891.314766612957,2.0,10891.371773512958,0.04122555076964161,1731544920.0,2024-11-14 00:05:00+00:00,2024-11-14 00:05:00+00:00,2024-11-14 00:41:00+00:00,2024-11-14 00:42:00+00:00,0.8531832707479151,0.6868336545712097,2024-11-19 00:00:00+00:00,0.004628157333339375,-0.0005272271746157985,target,minute interval; not exact exchange fill
833,2518565.0,2520304.0,-1.0,606.0,0.7819,0.9603,0.2369157,0.29097090000000003,-0.154212935952,-108.1104,-108.484073664048,10782.83069294891,1.0,10891.314766612957,0.04350543622635147,1731733500.0,2024-11-15 00:05:00+00:00,2024-11-15 00:05:00+00:00,2024-11-16 05:04:00+00:00,2024-11-16 05:05:00+00:00,0.9600669194499813,0.7669793863297332,2024-11-20 00:00:00+00:00,0.0837451403230648,-1.0047691443543043,stop,minute interval; not exact exchange fill
834,2521445.0,2521471.0,-1.0,282.0,1.1416,1.1035000000000001,0.1609656,0.15559350000000005,0.0,10.744199999999944,10.427640899999943,10793.25833384891,2.0,10782.83069294891,0.029855907893510437,1731803520.0,2024-11-17 00:05:00+00:00,2024-11-17 00:05:00+00:00,2024-11-17 00:31:00+00:00,2024-11-17 00:32:00+00:00,1.5221053167126806,1.1032093651541017,2024-11-22 00:00:00+00:00,0.10089381976990079,0.09717985104508133,target,minute interval; not exact exchange fill
835,2522885.0,2529407.0,-1.0,248.0,1.0701,1.5030000000000001,0.13269240000000002,0.186372,-0.6805159463303553,-107.35920000000002,-106.99774845366966,10686.26058539524,1.0,10793.25833384891,0.024588015202760646,1732279680.0,2024-11-18 00:05:00+00:00,2024-11-18 00:05:00+00:00,2024-11-22 12:47:00+00:00,2024-11-22 12:48:00+00:00,1.5026944850325912,1.0509447206566946,2024-11-23 00:00:00+00:00,0.04427998970412735,-0.9973371113477634,stop,minute interval; not exact exchange fill
836,2530085.0,2531063.0,-1.0,122.0,1.4918,1.466,0.0909998,0.089426,-0.0945689132027684,3.1476000000000055,3.0617431132027737,10689.322328508442,2.0,10686.26058539524,0.017031177421289567,1732379040.0,2024-11-23 00:05:00+00:00,2024-11-23 00:05:00+00:00,2024-11-23 16:23:00+00:00,2024-11-23 16:24:00+00:00,2.361121426882459,1.4656893426124276,2024-11-28 00:00:00+00:00,0.03003567677057025,0.028868786906877324,target,minute interval; not exact exchange fill
837,2531525.0,2531558.0,-1.0,178.0,1.4709,1.4425000000000001,0.1309101,0.1283825,0.0,5.055199999999997,4.795907399999996,10694.118235908441,2.0,10689.322328508442,0.024493620077460386,1732408740.0,2024-11-24 00:05:00+00:00,2024-11-24 00:05:00+00:00,2024-11-24 00:38:00+00:00,2024-11-24 00:39:00+00:00,2.0669801191191577,1.4422043218937222,2024-11-29 00:00:00+00:00,0.048140639464175135,0.04520080293873039,target,minute interval; not exact exchange fill
838,2534405.0,2534896.0,-1.0,108.0,1.4100000000000001,1.4004,0.07614000000000001,0.0756216,-0.01539432,1.0368000000000057,0.9004327200000057,10695.018668628443,2.0,10694.118235908441,0.014239603176321548,1732609020.0,2024-11-26 00:05:00+00:00,2024-11-26 00:05:00+00:00,2024-11-26 08:16:00+00:00,2024-11-26 08:17:00+00:00,2.391026819375564,1.4000434301009401,2024-12-01 00:00:00+00:00,0.010149131198469686,0.008498585191898094,target,minute interval; not exact exchange fill
839,2535845.0,2535882.0,-1.0,103.0,1.3896000000000002,1.3785,0.07156440000000001,0.07099275000000001,0.0,1.1433000000000113,1.0007428500000113,10696.019411478444,2.0,10695.018668628443,0.01338275363836791,1732668180.0,2024-11-27 00:05:00+00:00,2024-11-27 00:05:00+00:00,2024-11-27 00:42:00+00:00,2024-11-27 00:43:00+00:00,2.421984596294921,1.3781471962242948,2024-12-02 00:00:00+00:00,0.01109354383706208,0.009411172962933822,target,minute interval; not exact exchange fill
840,2537285.0,2537295.0,-1.0,121.0,1.4767000000000001,1.4572,0.08934035,0.0881606,0.0,2.3595000000000086,2.1819990500000084,10698.201410528445,2.0,10696.019411478444,0.016705345523985178,1732752960.0,2024-11-28 00:05:00+00:00,2024-11-28 00:05:00+00:00,2024-11-28 00:15:00+00:00,2024-11-28 00:16:00+00:00,2.354275627491572,1.4568930115927687,2024-12-03 00:00:00+00:00,0.022570121351075934,0.020548713336017595,target,minute interval; not exact exchange fill
841,2540165.0,2540198.0,-1.0,93.0,1.8252000000000002,1.7917,0.08487180000000001,0.08331405000000001,0.0,3.115500000000008,2.947314150000008,10701.148724678445,2.0,10698.201410528445,0.015866554898933745,1732927140.0,2024-11-30 00:05:00+00:00,2024-11-30 00:05:00+00:00,2024-11-30 00:38:00+00:00,2024-11-30 00:39:00+00:00,2.971766204182442,1.7912443230143542,2024-12-05 00:00:00+00:00,0.02961510365627601,0.02764040129945895,target,minute interval; not exact exchange fill
842,2541605.0,2541636.0,-1.0,121.0,1.9366,1.9143000000000001,0.11716430000000001,0.11581515,0.0,2.6982999999999984,2.465320549999998,10703.614045228445,2.0,10701.148724678445,0.021897518297227598,1733013420.0,2024-12-01 00:05:00+00:00,2024-12-01 00:05:00+00:00,2024-12-01 00:36:00+00:00,2024-12-01 00:37:00+00:00,2.8139155378218232,1.91389807646303,2024-12-06 00:00:00+00:00,0.025876577534844368,0.02322374233857228,target,minute interval; not exact exchange fill
843,2543045.0,2543055.0,-1.0,90.0,2.3143000000000002,2.2941000000000003,0.10414350000000001,0.1032345,0.0,1.8179999999999996,1.6106219999999998,10705.224667228445,2.0,10703.614045228445,0.019459502100867707,1733098560.0,2024-12-02 00:05:00+00:00,2024-12-02 00:05:00+00:00,2024-12-02 00:15:00+00:00,2024-12-02 00:16:00+00:00,3.494336970571849,2.2936323484191883,2024-12-07 00:00:00+00:00,0.017514410222924087,0.015165457054559609,target,minute interval; not exact exchange fill
844,2544485.0,2544485.0,-1.0,49.0,2.7044,2.6927000000000003,0.0662578,0.06597115,0.0,0.5732999999999913,0.44107104999999125,10705.665738278447,2.0,10705.224667228445,0.012378591213098561,1733184360.0,2024-12-03 00:05:00+00:00,2024-12-03 00:05:00+00:00,2024-12-03 00:05:00+00:00,2024-12-03 00:06:00+00:00,4.879459081886617,2.692110929667716,2024-12-08 00:00:00+00:00,0.00564999380229461,0.00413848528298003,target,minute interval; not exact exchange fill
845,2545925.0,2546892.0,-1.0,46.0,2.5484,2.4697,0.0586132,0.0568031,-0.028285138352000003,3.6201999999999996,3.5330688383519995,10709.198807116796,2.0,10705.665738278447,0.010949940234062538,1733328780.0,2024-12-04 00:05:00+00:00,2024-12-04 00:05:00+00:00,2024-12-04 16:12:00+00:00,2024-12-04 16:13:00+00:00,4.839716817995286,2.4691364357767416,2024-12-09 00:00:00+00:00,0.0345930181285919,0.033520394782943545,target,minute interval; not exact exchange fill
846,2547365.0,2547380.0,-1.0,45.0,2.3647,2.3337000000000003,0.05320575,0.052508250000000006,0.0,1.3949999999999863,1.2892859999999862,10710.488093116795,2.0,10709.198807116796,0.00993645761149604,1733358060.0,2024-12-05 00:05:00+00:00,2024-12-05 00:05:00+00:00,2024-12-05 00:20:00+00:00,2024-12-05 00:21:00+00:00,4.689510536245539,2.3331399302767752,2024-12-10 00:00:00+00:00,0.013575329787601887,0.012323929005530664,target,minute interval; not exact exchange fill
847,2548805.0,2554382.0,-1.0,38.0,2.2423,2.2289000000000003,0.0426037,0.04234910000000001,-0.2143367628261482,0.5091999999999945,0.6385839628261427,10711.126677079623,2.0,10710.488093116795,0.00795551045472516,1733778180.0,2024-12-06 00:05:00+00:00,2024-12-06 00:05:00+00:00,2024-12-09 21:02:00+00:00,2024-12-09 21:03:00+00:00,5.007722627854614,2.2284009255589354,2024-12-11 00:00:00+00:00,0.0050260218098553385,0.006076771397520811,target,minute interval; not exact exchange fill
848,2556005.0,2556016.0,-1.0,46.0,2.3669000000000002,2.3268,0.054438700000000007,0.0535164,0.0,1.8446000000000113,1.7366449000000115,10712.863321979621,2.0,10711.126677079623,0.010164887717459553,1733876220.0,2024-12-11 00:05:00+00:00,2024-12-11 00:05:00+00:00,2024-12-11 00:16:00+00:00,2024-12-11 00:17:00+00:00,4.666803915558708,2.3263285578836337,2024-12-16 00:00:00+00:00,0.01764049438844086,0.016415098798085663,target,minute interval; not exact exchange fill
849,2557445.0,2557486.0,-1.0,46.0,2.3849,2.3679,0.0548527,0.0544617,0.0,0.7819999999999956,0.6726855999999957,10713.536007579622,2.0,10712.863321979621,0.01024053016478956,1733964420.0,2024-12-12 00:05:00+00:00,2024-12-12 00:05:00+00:00,2024-12-12 00:46:00+00:00,2024-12-12 00:47:00+00:00,4.6715208084833355,2.367368514474696,2024-12-17 00:00:00+00:00,0.007666984162945744,0.006395288604803441,target,minute interval; not exact exchange fill
850,2558885.0,2558956.0,-1.0,42.0,2.3488,2.3219000000000003,0.0493248,0.04875990000000001,0.0,1.1297999999999968,1.0317152999999968,10714.567722879621,2.0,10713.536007579622,0.009207940303762204,1734052620.0,2024-12-13 00:05:00+00:00,2024-12-13 00:05:00+00:00,2024-12-13 01:16:00+00:00,2024-12-13 01:17:00+00:00,4.867981304923921,2.3214147657059065,2024-12-18 00:00:00+00:00,0.01087068812418037,0.009751044893825842,target,minute interval; not exact exchange fill
851,2560325.0,2560331.0,-1.0,60.0,2.4146,2.4072,0.072438,0.072216,0.0,0.4440000000000044,0.2993460000000044,10714.867068879623,2.0,10714.567722879621,0.013521404105798445,1734135120.0,2024-12-14 00:05:00+00:00,2024-12-14 00:05:00+00:00,2024-12-14 00:11:00+00:00,2024-12-14 00:12:00+00:00,4.178744266264096,2.4066288352131373,2024-12-19 00:00:00+00:00,0.004518431366014752,0.0028280566932121836,target,minute interval; not exact exchange fill
852,2561765.0,2563916.0,-1.0,87.0,2.3991000000000002,2.349,0.10436085000000002,0.10218150000000002,-0.057133630041403496,4.3587000000000025,4.2092912800414055,10719.076360159665,2.0,10714.867068879623,0.019479635039636994,1734350220.0,2024-12-15 00:05:00+00:00,2024-12-15 00:05:00+00:00,2024-12-16 11:56:00+00:00,2024-12-16 11:57:00+00:00,3.6249838244501156,2.3484968034222025,2024-12-20 00:00:00+00:00,0.04127894957786594,0.03946757223343177,target,minute interval; not exact exchange fill
853,2564645.0,2564650.0,-1.0,55.0,2.476,2.4563,0.06809000000000001,0.06754825000000002,0.0,1.0834999999999906,0.9478617499999906,10720.024221909664,2.0,10719.076360159665,0.012704452830110407,1734394260.0,2024-12-17 00:05:00+00:00,2024-12-17 00:05:00+00:00,2024-12-17 00:10:00+00:00,2024-12-17 00:11:00+00:00,4.414404455488082,2.455747653503406,2024-12-22 00:00:00+00:00,0.010447946732300687,0.008890739985252675,target,minute interval; not exact exchange fill
854,2566085.0,2566312.0,-1.0,49.0,2.5632,2.5243,0.0627984,0.06184535000000001,0.0,1.9060999999999968,1.7814562499999969,10721.805678159662,2.0,10720.024221909664,0.011716092930396962,1734493980.0,2024-12-18 00:05:00+00:00,2024-12-18 00:05:00+00:00,2024-12-18 03:52:00+00:00,2024-12-18 03:53:00+00:00,4.742821269253628,2.523781656253251,2024-12-23 00:00:00+00:00,0.018084950951248218,0.016680076723810593,target,minute interval; not exact exchange fill
855,2567525.0,2567635.0,-1.0,49.0,2.3005,2.2844,0.05636225,0.055967800000000005,0.0,0.7888999999999893,0.6765699499999892,10722.482248109663,2.0,10721.805678159662,0.010513574241475017,1734573360.0,2024-12-19 00:05:00+00:00,2024-12-19 00:05:00+00:00,2024-12-19 01:55:00+00:00,2024-12-19 01:56:00+00:00,4.449677369367348,2.2838869755724307,2024-12-24 00:00:00+00:00,0.007729945729169695,0.006424574442668872,target,minute interval; not exact exchange fill
856,2568965.0,2569481.0,-1.0,45.0,2.2346,2.2239,0.050278500000000004,0.050037750000000006,-0.010300811445000002,0.48149999999999693,0.39148456144499694,10722.873732671109,2.0,10722.482248109663,0.009378145626468895,1734684120.0,2024-12-20 00:05:00+00:00,2024-12-20 00:05:00+00:00,2024-12-20 08:41:00+00:00,2024-12-20 08:42:00+00:00,4.581240673529322,2.2233736471083225,2024-12-25 00:00:00+00:00,0.0047840101888258334,0.003707281229348054,target,minute interval; not exact exchange fill
857,2570405.0,2570407.0,-1.0,68.0,2.2771,2.2652,0.07742139999999999,0.07701680000000001,0.0,0.8091999999999864,0.6547617999999864,10723.52849447111,2.0,10722.873732671109,0.014440419971393998,1734739680.0,2024-12-21 00:05:00+00:00,2024-12-21 00:05:00+00:00,2024-12-21 00:07:00+00:00,2024-12-21 00:08:00+00:00,3.8454550728287447,2.264722727578595,2024-12-26 00:00:00+00:00,0.007891881523410851,0.006139457937055568,target,minute interval; not exact exchange fill
858,2571845.0,2572143.0,-1.0,110.0,2.2289000000000003,2.1965,0.12258950000000002,0.1208075,0.0,3.564000000000047,3.320603000000047,10726.84909747111,2.0,10723.52849447111,0.022863649789004677,1734843840.0,2024-12-22 00:05:00+00:00,2024-12-22 00:05:00+00:00,2024-12-22 05:03:00+00:00,2024-12-22 05:04:00+00:00,3.1974883186155996,2.1960180168067835,2024-12-27 00:00:00+00:00,0.033948358204665234,0.03116628542779357,target,minute interval; not exact exchange fill
859,2574725.0,2574739.0,-1.0,94.0,2.2545,2.2430000000000003,0.1059615,0.10542100000000003,0.0,1.0809999999999853,0.8696174999999853,10727.71871497111,2.0,10726.84909747111,0.01975631409320017,1734999600.0,2024-12-24 00:05:00+00:00,2024-12-24 00:05:00+00:00,2024-12-24 00:19:00+00:00,2024-12-24 00:20:00+00:00,3.3897554450457985,2.242505784348437,2024-12-29 00:00:00+00:00,0.010565213057471365,0.00814904701877614,target,minute interval; not exact exchange fill
860,2576165.0,2576290.0,-1.0,86.0,2.3127,2.2967,0.09944610000000001,0.0987581,0.0,1.3760000000000012,1.1777958000000013,10728.89651077111,2.0,10727.71871497111,0.018540027501134534,1735092660.0,2024-12-25 00:05:00+00:00,2024-12-25 00:05:00+00:00,2024-12-25 02:10:00+00:00,2024-12-25 02:11:00+00:00,3.5514636939898687,2.2962287720858803,2024-12-30 00:00:00+00:00,0.013296505212441601,0.011055619458695584,target,minute interval; not exact exchange fill
861,2577605.0,2577638.0,-1.0,90.0,2.3120000000000003,2.2813000000000003,0.10404000000000001,0.10265850000000001,0.0,2.7629999999999955,2.5563014999999956,10731.45281227111,2.0,10728.89651077111,0.01939435241929133,1735173540.0,2024-12-26 00:05:00+00:00,2024-12-26 00:05:00+00:00,2024-12-26 00:38:00+00:00,2024-12-26 00:39:00+00:00,3.4954503811768824,2.2807775398541477,2024-12-31 00:00:00+00:00,0.026382567991404458,0.024000457012616144,target,minute interval; not exact exchange fill
862,2579045.0,2579058.0,-1.0,81.0,2.1622,2.1456,0.0875691,0.0868968,0.0,1.3445999999999958,1.1701340999999958,10732.622946371112,2.0,10731.45281227111,0.016320082943451462,1735258740.0,2024-12-27 00:05:00+00:00,2024-12-27 00:05:00+00:00,2024-12-27 00:18:00+00:00,2024-12-27 00:19:00+00:00,3.472508505774667,2.1451232454419196,2025-01-01 00:00:00+00:00,0.013032621312325519,0.011024960867104557,target,minute interval; not exact exchange fill
863,2580485.0,2580564.0,-1.0,125.0,2.145,2.1375,0.1340625,0.13359375,0.0,0.93749999999998,0.6698437499999801,10733.292790121111,2.0,10732.622946371112,0.02498224351491429,1735349100.0,2024-12-28 00:05:00+00:00,2024-12-28 00:05:00+00:00,2024-12-28 01:24:00+00:00,2024-12-28 01:25:00+00:00,2.9980424960811605,2.1370359723879457,2025-01-02 00:00:00+00:00,0.009336026808325109,0.006281926193147119,target,minute interval; not exact exchange fill
864,2581925.0,2582791.0,-1.0,166.0,2.1782,2.1550000000000002,0.1807906,0.17886500000000002,-0.036456920000000004,3.8511999999999444,3.5280013199999445,10736.82079144111,2.0,10733.292790121111,0.03368781669058708,1735482720.0,2024-12-29 00:05:00+00:00,2024-12-29 00:05:00+00:00,2024-12-29 14:31:00+00:00,2024-12-29 14:32:00+00:00,2.820790309875373,2.15456206861533,2025-01-03 00:00:00+00:00,0.0367853841264027,0.03307398146747898,target,minute interval; not exact exchange fill
865,2584805.0,2584827.0,-1.0,187.0,2.0543,2.0482,0.19207705000000003,0.1915067,0.0,1.140699999999999,0.7571162499999989,10737.577907691111,2.0,10736.82079144111,0.035779129358872196,1735604880.0,2024-12-31 00:05:00+00:00,2024-12-31 00:05:00+00:00,2024-12-31 00:27:00+00:00,2024-12-31 00:28:00+00:00,2.6233362593907508,2.047736959362983,2025-01-05 00:00:00+00:00,0.011533607092180773,0.007115100194730761,target,minute interval; not exact exchange fill
866,2586245.0,2593440.0,-1.0,172.0,2.0838,2.3993,0.17920680000000003,0.20633980000000002,-0.6126197143000001,-54.26600000000002,-54.03892688570002,10683.538980805408,4.0,10737.577907691111,0.0333793713145751,1736121600.0,2025-01-01 00:05:00+00:00,2025-01-01 00:05:00+00:00,2025-01-06 00:00:00+00:00,2025-01-06 00:00:00+00:00,2.703311911078676,2.069174911123799,2025-01-06 00:00:00+00:00,0.02360743775004488,-0.5071408666347667,timeout,minute interval; not exact exchange fill
867,2594885.0,2594926.0,-1.0,126.0,2.4135,2.4053,0.1520505,0.1515339,0.0,1.0331999999999981,0.7296155999999981,10684.268596405407,2.0,10683.538980805408,0.028464444276972582,1736210820.0,2025-01-07 00:05:00+00:00,2025-01-07 00:05:00+00:00,2025-01-07 00:46:00+00:00,2025-01-07 00:47:00+00:00,3.2555356037738292,2.4047981609863767,2025-01-12 00:00:00+00:00,0.010334288686396955,0.006876906361260397,target,minute interval; not exact exchange fill
868,2596325.0,2596325.0,-1.0,141.0,2.2672000000000003,2.2677,0.15983760000000002,0.15987285,0.0,-0.07049999999996093,-0.39021044999996096,10683.878385955408,2.0,10684.268596405407,0.02992017629616227,1736294760.0,2025-01-08 00:05:00+00:00,2025-01-08 00:05:00+00:00,2025-01-08 00:05:00+00:00,2025-01-08 00:06:00+00:00,3.0194003725770524,2.267162179557944,2025-01-13 00:00:00+00:00,5.0279743849081314e-05,-0.0036791393635161192,target,minute interval; not exact exchange fill
869,2597765.0,2597788.0,-1.0,131.0,2.3645,2.3647,0.15487475,0.15488785000000002,0.0,-0.026199999999997114,-0.3359625999999971,10683.542423355408,2.0,10683.878385955408,0.028992233794722346,1736382540.0,2025-01-09 00:05:00+00:00,2025-01-09 00:05:00+00:00,2025-01-09 00:28:00+00:00,2025-01-09 00:29:00+00:00,3.17585255155969,2.3641962959696134,2025-01-14 00:00:00+00:00,0.00037431820458662217,-0.0031608947245805328,target,minute interval; not exact exchange fill
870,2599205.0,2599270.0,-1.0,112.0,2.2759,2.2640000000000002,0.1274504,0.12678400000000004,0.0,1.3327999999999776,1.0785655999999775,10684.620988955408,2.0,10683.542423355408,0.023859202303793788,1736471460.0,2025-01-10 00:05:00+00:00,2025-01-10 00:05:00+00:00,2025-01-10 01:10:00+00:00,2025-01-10 01:11:00+00:00,3.2191791839934285,2.2634609059893083,2025-01-15 00:00:00+00:00,0.013187075705445042,0.010209119594084978,target,minute interval; not exact exchange fill
871,2600645.0,2600826.0,-1.0,151.0,2.3425000000000002,2.3345000000000002,0.17685875,0.17625475000000004,0.0,1.208000000000001,0.854886500000001,10685.47587545541,2.0,10684.620988955408,0.03310529221070494,1736564820.0,2025-01-11 00:05:00+00:00,2025-01-11 00:05:00+00:00,2025-01-11 03:06:00+00:00,2025-01-11 03:07:00+00:00,3.042433886599272,2.33395003303669,2025-01-16 00:00:00+00:00,0.012215392234903009,0.008088621094639677,target,minute interval; not exact exchange fill
872,2602085.0,2602089.0,-1.0,161.0,2.5616000000000003,2.5469,0.20620880000000003,0.20502545,0.0,2.366700000000061,1.955465750000061,10687.431341205409,2.0,10685.47587545541,0.03859609106856207,1736640600.0,2025-01-12 00:05:00+00:00,2025-01-12 00:05:00+00:00,2025-01-12 00:09:00+00:00,2025-01-12 00:10:00+00:00,3.21760471207014,2.5463228482890496,2025-01-17 00:00:00+00:00,0.02328817374305271,0.01851472981294952,target,minute interval; not exact exchange fill
873,2603525.0,2603525.0,-1.0,161.0,2.5072,2.5033000000000003,0.2018296,0.20151565000000002,0.0,0.6278999999999666,0.22455474999996658,10687.655895955408,2.0,10687.431341205409,0.03776952451087955,1736726760.0,2025-01-13 00:05:00+00:00,2025-01-13 00:05:00+00:00,2025-01-13 00:05:00+00:00,2025-01-13 00:06:00+00:00,3.166694664009837,2.5027538382540935,2025-01-18 00:00:00+00:00,0.006741770613992868,0.002114876853619226,target,minute interval; not exact exchange fill
874,2604965.0,2612160.0,-1.0,114.0,2.5225,3.2701000000000002,0.1437825,0.1863957,-0.42023136861798954,-85.22640000000003,-85.13634683138204,10602.519549124028,4.0,10687.655895955408,0.02690627419140851,1737244800.0,2025-01-14 00:05:00+00:00,2025-01-14 00:05:00+00:00,2025-01-19 00:00:00+00:00,2025-01-19 00:00:00+00:00,3.455141843155414,2.506367162607932,2025-01-19 00:00:00+00:00,0.017297998701715542,-0.8007468948612854,timeout,minute interval; not exact exchange fill
875,2616485.0,2616489.0,-1.0,64.0,3.1738,3.1688,0.1015616,0.10140160000000001,0.0,0.3199999999999932,0.11703679999999317,10602.636585924029,2.0,10602.519549124028,0.01915801230630901,1737504600.0,2025-01-22 00:05:00+00:00,2025-01-22 00:05:00+00:00,2025-01-22 00:09:00+00:00,2025-01-22 00:10:00+00:00,4.803927432811905,3.168143184008826,2025-01-27 00:00:00+00:00,0.0034701679619096176,0.001121814137466209,target,minute interval; not exact exchange fill
876,2617925.0,2617938.0,-1.0,63.0,3.1721000000000004,3.1641000000000004,0.09992115000000001,0.09966915000000001,0.0,0.5040000000000004,0.30440970000000045,10602.940995624029,2.0,10602.636585924029,0.018848358932278125,1737591540.0,2025-01-23 00:05:00+00:00,2025-01-23 00:05:00+00:00,2025-01-23 00:18:00+00:00,2025-01-23 00:19:00+00:00,4.826444695024653,3.16345982138316,2025-01-28 00:00:00+00:00,0.005222719692471001,0.0029207335173447647,target,minute interval; not exact exchange fill
877,2619365.0,2619368.0,-1.0,53.0,3.1102000000000003,3.1048,0.08242030000000002,0.0822772,0.0,0.28620000000001555,0.12150250000001556,10603.062498124029,2.0,10602.940995624029,0.01554668653423912,1737677340.0,2025-01-24 00:05:00+00:00,2025-01-24 00:05:00+00:00,2025-01-24 00:08:00+00:00,2025-01-24 00:09:00+00:00,5.085242529969607,3.104101086470796,2025-01-29 00:00:00+00:00,0.0030879909858438827,0.0011607344982265126,target,minute interval; not exact exchange fill
878,2620805.0,2621409.0,-1.0,66.0,3.1035000000000004,3.0861,0.1024155,0.10184130000000001,-0.0015380640000000002,1.14840000000002,0.9456812640000201,10604.008179388029,2.0,10603.062498124029,0.019318097958607734,1737799800.0,2025-01-25 00:05:00+00:00,2025-01-25 00:05:00+00:00,2025-01-25 10:09:00+00:00,2025-01-25 10:10:00+00:00,4.694486901165306,3.0853859143374307,2025-01-30 00:00:00+00:00,0.011385439848249,0.009006047749045263,target,minute interval; not exact exchange fill
879,2622245.0,2623562.0,-1.0,95.0,3.1051,3.0632,0.14749225000000002,0.14550200000000002,-0.05942945875,3.9805000000000046,3.7469352087500045,10607.75511459678,2.0,10604.008179388029,0.0278182075126449,1737928980.0,2025-01-26 00:05:00+00:00,2025-01-26 00:05:00+00:00,2025-01-26 22:02:00+00:00,2025-01-26 22:03:00+00:00,4.207635822842272,3.062493910715218,2025-01-31 00:00:00+00:00,0.03864372331680471,0.03577337119833657,target,minute interval; not exact exchange fill
880,2625125.0,2625173.0,-1.0,82.0,3.0866000000000002,3.0395000000000003,0.1265506,0.12461950000000002,0.0,3.8621999999999934,3.6110298999999935,10611.366144496778,2.0,10607.75511459678,0.023860015362884898,1738025640.0,2025-01-28 00:05:00+00:00,2025-01-28 00:05:00+00:00,2025-01-28 00:53:00+00:00,2025-01-28 00:54:00+00:00,4.360335657268814,3.038852436444717,2025-02-02 00:00:00+00:00,0.037486242363399806,0.03457306839821492,target,minute interval; not exact exchange fill
881,2626565.0,2627344.0,-1.0,83.0,3.0569,3.051,0.12686135,0.1266165,0.009049450994780802,0.48970000000000136,0.22717269900522058,10611.593317195784,2.0,10611.366144496778,0.02391046511306978,1738155900.0,2025-01-29 00:05:00+00:00,2025-01-29 00:05:00+00:00,2025-01-29 13:04:00+00:00,2025-01-29 13:05:00+00:00,4.3227902304180414,3.05035368491831,2025-02-03 00:00:00+00:00,0.005171313376459516,0.002162130968526834,target,minute interval; not exact exchange fill
882,2628005.0,2628025.0,-1.0,91.0,3.0654000000000003,3.0540000000000003,0.1394757,0.13895700000000002,0.0,1.037400000000007,0.758967300000007,10612.352284495784,2.0,10611.593317195784,0.02628741902009826,1738196760.0,2025-01-30 00:05:00+00:00,2025-01-30 00:05:00+00:00,2025-01-30 00:25:00+00:00,2025-01-30 00:26:00+00:00,4.2183309835702865,3.053313057362818,2025-02-04 00:00:00+00:00,0.010483665379303491,0.007233997627657326,target,minute interval; not exact exchange fill
883,2629445.0,2629449.0,-1.0,82.0,3.1317,3.1143,0.1283997,0.1276863,0.0,1.4267999999999885,1.1707139999999885,10613.522998495786,2.0,10612.352284495784,0.024198160136011834,1738282200.0,2025-01-31 00:05:00+00:00,2025-01-31 00:05:00+00:00,2025-01-31 00:09:00+00:00,2025-01-31 00:10:00+00:00,4.410992564849251,3.11359394793134,2025-02-05 00:00:00+00:00,0.014153175408155036,0.011160074241252411,target,minute interval; not exact exchange fill
884,2630885.0,2631378.0,-1.0,92.0,3.027,3.0219,0.13924200000000003,0.1390074,-0.027876,0.4692000000000096,0.21882660000000959,10613.741825095787,2.0,10613.522998495786,0.026238601455847273,1738397940.0,2025-02-01 00:05:00+00:00,2025-02-01 00:05:00+00:00,2025-02-01 08:18:00+00:00,2025-02-01 08:19:00+00:00,4.170565370903644,3.0212543995454264,2025-02-06 00:00:00+00:00,0.005024286849499094,0.0020799423107054895,target,minute interval; not exact exchange fill
885,2632325.0,2632513.0,-1.0,118.0,2.8850000000000002,2.8404000000000003,0.170215,0.16758360000000003,0.0,5.262799999999997,4.925001399999997,10618.666826495786,2.0,10613.741825095787,0.03207445645559856,1738466040.0,2025-02-02 00:05:00+00:00,2025-02-02 00:05:00+00:00,2025-02-02 03:13:00+00:00,2025-02-02 03:14:00+00:00,3.7797321524915053,2.839764224263527,2025-02-07 00:00:00+00:00,0.0505578966962436,0.04664781508496896,target,minute interval; not exact exchange fill
886,2635205.0,2635470.0,-1.0,88.0,2.7155,2.6862,0.119482,0.11819279999999999,0.0,2.578400000000009,2.340725200000009,10621.007551695786,2.0,10618.666826495786,0.022504143307682942,1738643460.0,2025-02-04 00:05:00+00:00,2025-02-04 00:05:00+00:00,2025-02-04 04:30:00+00:00,2025-02-04 04:31:00+00:00,3.91118016549995,2.685604952776678,2025-02-09 00:00:00+00:00,0.025002545066741908,0.022246041012880895,target,minute interval; not exact exchange fill
887,2636645.0,2636656.0,-1.0,130.0,2.533,2.5226,0.16464499999999999,0.16396900000000003,0.0,1.3519999999999666,1.0233859999999666,10622.030937695785,2.0,10621.007551695786,0.03100364992654811,1738714620.0,2025-02-05 00:05:00+00:00,2025-02-05 00:05:00+00:00,2025-02-05 00:16:00+00:00,2025-02-05 00:17:00+00:00,3.3412859089121354,2.522000851748934,2025-02-10 00:00:00+00:00,0.013607992085213662,0.009739375526903425,target,minute interval; not exact exchange fill
888,2638085.0,2638962.0,-1.0,150.0,2.4002000000000003,2.3715,0.180015,0.1778625,0.0204096231,4.3050000000000255,3.9267128769000257,10625.957650572685,2.0,10622.030937695785,0.03389464803028531,1738852980.0,2025-02-06 00:05:00+00:00,2025-02-06 00:05:00+00:00,2025-02-06 14:42:00+00:00,2025-02-06 14:43:00+00:00,3.1027540926633095,2.3709937175433935,2025-02-11 00:00:00+00:00,0.0415715782764696,0.03726131001068086,target,minute interval; not exact exchange fill
889,2639525.0,2639565.0,-1.0,140.0,2.3341000000000003,2.3161,0.16338700000000003,0.16212700000000002,0.0,2.5200000000000333,2.1944860000000332,10628.152136572686,2.0,10625.957650572685,0.0307524282277173,1738889160.0,2025-02-07 00:05:00+00:00,2025-02-07 00:05:00+00:00,2025-02-07 00:45:00+00:00,2025-02-07 00:46:00+00:00,3.0847760818961594,2.315593569888441,2025-02-12 00:00:00+00:00,0.02465301687088941,0.020881043605927147,target,minute interval; not exact exchange fill
890,2642405.0,2643228.0,-1.0,181.0,2.4131,2.394,0.21838555,0.21665700000000002,0.011612510034,3.457099999999981,3.010444939965981,10631.162581512652,2.0,10628.152136572686,0.04109567631206753,1739108940.0,2025-02-09 00:05:00+00:00,2025-02-09 00:05:00+00:00,2025-02-09 13:48:00+00:00,2025-02-09 13:49:00+00:00,2.9942146682039565,2.3934876729893513,2025-02-14 00:00:00+00:00,0.03374949572562728,0.02862136062991682,target,minute interval; not exact exchange fill
891,2643845.0,2643916.0,-1.0,198.0,2.4128000000000003,2.3867000000000003,0.23886720000000003,0.23628330000000003,0.0,5.167800000000002,4.692649500000003,10635.855231012652,2.0,10631.162581512652,0.044937173741540666,1739150220.0,2025-02-10 00:05:00+00:00,2025-02-10 00:05:00+00:00,2025-02-10 01:16:00+00:00,2025-02-10 01:17:00+00:00,2.9454173142621407,2.3861330270975434,2025-02-15 00:00:00+00:00,0.05006779199320604,0.04449770851485193,target,minute interval; not exact exchange fill
892,2645285.0,2646363.0,-1.0,159.0,2.4191000000000003,2.4154,0.19231845000000003,0.1920243,-0.060819177768000006,0.5883000000000411,0.2647764277680411,10636.120007440422,2.0,10635.855231012652,0.03616417219354896,1739297040.0,2025-02-11 00:05:00+00:00,2025-02-11 00:05:00+00:00,2025-02-11 18:03:00+00:00,2025-02-11 18:04:00+00:00,3.084321657015203,2.4148251711358055,2025-02-16 00:00:00+00:00,0.006426172117389478,0.0025033168034127922,target,minute interval; not exact exchange fill
893,2646725.0,2646738.0,-1.0,165.0,2.4164000000000003,2.4096,0.19935300000000003,0.198792,0.0,1.122000000000023,0.723855000000023,10636.843862440423,2.0,10636.120007440422,0.03748603811550529,1739319540.0,2025-02-12 00:05:00+00:00,2025-02-12 00:05:00+00:00,2025-02-12 00:18:00+00:00,2025-02-12 00:19:00+00:00,3.0538888875984957,2.4090431229817577,2025-02-17 00:00:00+00:00,0.011540400407537985,0.006881688583665428,target,minute interval; not exact exchange fill
894,2651045.0,2651070.0,-1.0,123.0,2.7458,2.7268000000000003,0.1688667,0.16769820000000002,0.0,2.336999999999961,2.0004350999999607,10638.844297540423,2.0,10636.843862440423,0.0317512792673929,1739579460.0,2025-02-15 00:05:00+00:00,2025-02-15 00:05:00+00:00,2025-02-15 00:30:00+00:00,2025-02-15 00:31:00+00:00,3.6006588214340565,2.726176654009602,2025-02-20 00:00:00+00:00,0.02295507222757433,0.019025012776632214,target,minute interval; not exact exchange fill
895,2652485.0,2653311.0,-1.0,149.0,2.7614,2.7309,0.2057243,0.20345205000000002,-0.0346326958443573,4.544499999999996,4.169956345844353,10643.014253886267,2.0,10638.844297540423,0.03867418194052545,1739713920.0,2025-02-16 00:05:00+00:00,2025-02-16 00:05:00+00:00,2025-02-16 13:51:00+00:00,2025-02-16 13:52:00+00:00,3.468331229405522,2.730336664009458,2025-02-21 00:00:00+00:00,0.04394110020668365,0.039588411200665315,target,minute interval; not exact exchange fill
896,2653925.0,2654108.0,-1.0,146.0,2.7335000000000003,2.7216,0.19954550000000004,0.19867680000000001,0.0,1.7374000000000356,1.3391777000000353,10644.353431586267,2.0,10643.014253886267,0.03749792967290945,1739761740.0,2025-02-17 00:05:00+00:00,2025-02-17 00:05:00+00:00,2025-02-17 03:08:00+00:00,2025-02-17 03:09:00+00:00,3.4572161932011305,2.7210175870028976,2025-02-22 00:00:00+00:00,0.01724766298497565,0.01267409805966729,target,minute interval; not exact exchange fill
897,2655365.0,2655380.0,-1.0,124.0,2.6592000000000002,2.6493,0.16487040000000003,0.16425660000000003,0.0,1.2276000000000025,0.8984730000000023,10645.251904586266,2.0,10644.353431586267,0.030978001822216893,1739838060.0,2025-02-18 00:05:00+00:00,2025-02-18 00:05:00+00:00,2025-02-18 00:20:00+00:00,2025-02-18 00:21:00+00:00,3.5135751725057967,2.6487508047216237,2025-02-23 00:00:00+00:00,0.012230218778162844,0.008480759077711683,target,minute interval; not exact exchange fill
898,2658245.0,2658250.0,-1.0,121.0,2.7445,2.7255000000000003,0.16604225,0.16489275,0.0,2.2989999999999617,1.968064999999962,10647.219969586266,2.0,10645.251904586266,0.031195551122367417,1740010260.0,2025-02-20 00:05:00+00:00,2025-02-20 00:05:00+00:00,2025-02-20 00:10:00+00:00,2025-02-20 00:11:00+00:00,3.61331712825291,2.7248601100060803,2025-02-25 00:00:00+00:00,0.022605320907304355,0.018720855599044996,target,minute interval; not exact exchange fill
899,2659685.0,2659721.0,-1.0,112.0,2.6786000000000003,2.6773000000000002,0.15000160000000004,0.14992880000000003,0.0,0.14560000000000883,-0.15433039999999124,10647.065639186265,2.0,10647.219969586266,0.028176669671234163,1740098520.0,2025-02-21 00:05:00+00:00,2025-02-21 00:05:00+00:00,2025-02-21 00:41:00+00:00,2025-02-21 00:42:00+00:00,3.6246107466358786,2.676671818111288,2025-02-26 00:00:00+00:00,0.0020382240852646755,-0.0014565902183459,target,minute interval; not exact exchange fill
900,2662565.0,2662584.0,-1.0,182.0,2.5721000000000003,2.5484,0.23406110000000005,0.2319044,0.0,4.31340000000005,3.8474345000000505,10650.913073686264,2.0,10647.065639186265,0.0439672503076423,1740270300.0,2025-02-23 00:05:00+00:00,2025-02-23 00:05:00+00:00,2025-02-23 00:24:00+00:00,2025-02-23 00:25:00+00:00,3.1532700976481896,2.5478662590411645,2025-02-28 00:00:00+00:00,0.04169818966409669,0.036374462632448104,target,minute interval; not exact exchange fill
901,2664005.0,2664064.0,-1.0,181.0,2.5728,2.5700000000000003,0.2328384,0.23258500000000004,0.0,0.5067999999999442,0.04137659999994414,10650.954450286265,2.0,10650.913073686264,0.043721772657264776,1740359100.0,2025-02-24 00:05:00+00:00,2025-02-24 00:05:00+00:00,2025-02-24 01:04:00+00:00,2025-02-24 01:05:00+00:00,3.1546040860705573,2.5693983021557556,2025-03-01 00:00:00+00:00,0.005846809820843786,0.0003929157691958325,target,minute interval; not exact exchange fill
902,2665445.0,2665450.0,-1.0,165.0,2.2962000000000002,2.2625,0.18943650000000004,0.18665625000000002,0.0,5.56050000000001,5.184407250000009,10656.138857536263,2.0,10650.954450286265,0.03557174164704245,1740442260.0,2025-02-25 00:05:00+00:00,2025-02-25 00:05:00+00:00,2025-02-25 00:10:00+00:00,2025-02-25 00:11:00+00:00,2.9367721792212,2.262041114406135,2025-03-02 00:00:00+00:00,0.05332558406672456,0.04905091263595137,target,minute interval; not exact exchange fill
903,2668325.0,2668344.0,-1.0,161.0,2.1972,2.1895000000000002,0.17687460000000002,0.17625475000000004,0.0,1.2396999999999707,0.8865706499999706,10657.025428186264,2.0,10656.138857536263,0.033196752100299494,1740615900.0,2025-02-27 00:05:00+00:00,2025-02-27 00:05:00+00:00,2025-02-27 00:24:00+00:00,2025-02-27 00:25:00+00:00,2.851758298213647,2.1890150164760214,2025-03-04 00:00:00+00:00,0.012504590570948817,0.008412772422300657,target,minute interval; not exact exchange fill
904,2669765.0,2669772.0,-1.0,151.0,2.1979,2.1902,0.16594145000000002,0.16536009999999998,0.0,1.1627000000000396,0.8313984500000395,10657.856826636262,2.0,10657.025428186264,0.031142170227183526,1740701580.0,2025-02-28 00:05:00+00:00,2025-02-28 00:05:00+00:00,2025-02-28 00:12:00+00:00,2025-02-28 00:13:00+00:00,2.9001217240209445,2.1896975890417396,2025-03-05 00:00:00+00:00,0.011680656803514003,0.007840757145012566,target,minute interval; not exact exchange fill
905,2671205.0,2671240.0,-1.0,156.0,2.1366,2.1362,0.1666548,0.1666236,0.0,0.06239999999999313,-0.27087840000000685,10657.585948236263,2.0,10657.856826636262,0.031273604573762714,1740789660.0,2025-03-01 00:05:00+00:00,2025-03-01 00:05:00+00:00,2025-03-01 00:40:00+00:00,2025-03-01 00:41:00+00:00,2.813519234578077,2.135744819439767,2025-03-06 00:00:00+00:00,0.0012633420894976799,-0.0025651509239242413,target,minute interval; not exact exchange fill
906,2672645.0,2673614.0,-1.0,186.0,2.1879,2.7564,0.20347469999999998,0.25634520000000005,-0.029729580630000006,-105.74100000000004,-106.17109031937004,10551.414857916894,1.0,10657.585948236263,0.03818401296283672,1740932100.0,2025-03-02 00:05:00+00:00,2025-03-02 00:05:00+00:00,2025-03-02 16:14:00+00:00,2025-03-02 16:15:00+00:00,2.7557798309199852,2.1666555718696543,2025-03-07 00:00:00+00:00,0.03741007687476581,-1.0051639140278397,stop,minute interval; not exact exchange fill
907,2675525.0,2675582.0,-1.0,59.0,2.3732,2.353,0.0700094,0.0694135,0.0,1.1917999999999997,1.0523770999999997,10552.467235016893,2.0,10551.414857916894,0.013270144514784353,1741050180.0,2025-03-04 00:05:00+00:00,2025-03-04 00:05:00+00:00,2025-03-04 01:02:00+00:00,2025-03-04 01:03:00+00:00,4.135950861153584,2.3524707623095926,2025-03-09 00:00:00+00:00,0.011759595838087916,0.010118786717441808,target,minute interval; not exact exchange fill
908,2676965.0,2676966.0,-1.0,52.0,2.4476,2.4468,0.0636376,0.0636168,0.0,0.04159999999999542,-0.08565440000000459,10552.381580616893,2.0,10552.467235016893,0.012061179358856948,1741133160.0,2025-03-05 00:05:00+00:00,2025-03-05 00:05:00+00:00,2025-03-05 00:06:00+00:00,2025-03-05 00:06:00+00:00,4.447446350321355,2.4463508087163865,2025-03-10 00:00:00+00:00,0.0006246436299532294,-0.0008236632777990167,target,minute interval; not exact exchange fill
909,2678405.0,2678435.0,-1.0,45.0,2.5024,2.4787,0.056304,0.05577075,0.0,1.0665000000000124,0.9544252500000125,10553.336005866893,2.0,10552.381580616893,0.010671335104754327,1741221360.0,2025-03-06 00:05:00+00:00,2025-03-06 00:05:00+00:00,2025-03-06 00:35:00+00:00,2025-03-06 00:36:00+00:00,4.801889728634739,2.4781243261692327,2025-03-11 00:00:00+00:00,0.010556982937767018,0.00922354630937744,target,minute interval; not exact exchange fill
910,2679845.0,2679854.0,-1.0,39.0,2.6078,2.5791,0.050852100000000004,0.05029245,0.0,1.1193000000000066,1.0181554500000067,10554.354161316895,2.0,10553.336005866893,0.009637161172870817,1741306500.0,2025-03-07 00:05:00+00:00,2025-03-07 00:05:00+00:00,2025-03-07 00:14:00+00:00,2025-03-07 00:15:00+00:00,5.278469243827946,2.5785302937639143,2025-03-12 00:00:00+00:00,0.010959689712131005,0.009775283877003398,target,minute interval; not exact exchange fill
911,2681285.0,2681373.0,-1.0,44.0,2.3929,2.35,0.0526438,0.0517,0.0,1.8875999999999973,1.7832561999999972,10556.137417516895,2.0,10554.354161316895,0.009975750139775771,1741397640.0,2025-03-08 00:05:00+00:00,2025-03-08 00:05:00+00:00,2025-03-08 01:33:00+00:00,2025-03-08 01:34:00+00:00,4.749143216936796,2.349507057112246,2025-03-13 00:00:00+00:00,0.018416156097911834,0.017200495139329704,target,minute interval; not exact exchange fill
912,2682725.0,2683329.0,-1.0,57.0,2.3194,2.2699000000000003,0.06610289999999999,0.06469215000000002,0.0001359582405642,2.8214999999999804,2.690568991759416,10558.827986508655,2.0,10556.137417516895,0.012524069626132108,1741515000.0,2025-03-09 00:05:00+00:00,2025-03-09 00:05:00+00:00,2025-03-09 10:09:00+00:00,2025-03-09 10:10:00+00:00,4.154134998044295,2.269415203191151,2025-03-14 00:00:00+00:00,0.02724360567718465,0.025727401950703648,target,minute interval; not exact exchange fill
913,2684165.0,2684191.0,-1.0,70.0,2.1532,2.1071,0.075362,0.0737485,0.0,3.227000000000002,3.077889500000002,10561.905876008655,2.0,10558.827986508655,0.01427469035318927,1741566720.0,2025-03-10 00:05:00+00:00,2025-03-10 00:05:00+00:00,2025-03-10 00:31:00+00:00,2025-03-10 00:32:00+00:00,3.6477633989202527,2.1066241794053315,2025-03-15 00:00:00+00:00,0.031163496060667064,0.029419862704898332,target,minute interval; not exact exchange fill
914,2685605.0,2685623.0,-1.0,69.0,2.039,1.9915,0.0703455,0.06870675,0.0,3.277500000000007,3.1384477500000068,10565.044323758655,2.0,10561.905876008655,0.01332060725134649,1741652640.0,2025-03-11 00:05:00+00:00,2025-03-11 00:05:00+00:00,2025-03-11 00:23:00+00:00,2025-03-11 00:24:00+00:00,3.5571345470361444,1.9910088738288476,2025-03-16 00:00:00+00:00,0.03161190571998092,0.02996094785458906,target,minute interval; not exact exchange fill
915,2688485.0,2688760.0,-1.0,48.0,2.2413000000000003,2.2202,0.053791200000000004,0.05328480000000001,0.0,1.0128000000000057,0.9057240000000056,10565.950047758655,2.0,10565.044323758655,0.01018286310054269,1741840860.0,2025-03-13 00:05:00+00:00,2025-03-13 00:05:00+00:00,2025-03-13 04:40:00+00:00,2025-03-13 04:41:00+00:00,4.411431416231588,2.2197128050050483,2025-03-18 00:00:00+00:00,0.009947413706603049,0.008694980340299568,target,minute interval; not exact exchange fill
916,2689925.0,2696496.0,-1.0,42.0,2.2411000000000003,2.234,0.047063100000000004,0.046914000000000004,0.0353800751333274,0.2982000000000138,0.16884282486668634,10566.11889058352,2.0,10565.950047758655,0.008908446431654947,1742305020.0,2025-03-14 00:05:00+00:00,2025-03-14 00:05:00+00:00,2025-03-18 13:36:00+00:00,2025-03-18 13:37:00+00:00,4.72181540523948,2.233483789315549,2025-03-19 00:00:00+00:00,0.003070167044702189,0.0016205273890910288,target,minute interval; not exact exchange fill
917,2697125.0,2697201.0,-1.0,57.0,2.2801,2.2778,0.06498285,0.0649173,0.0,0.13109999999999822,0.001199849999998226,10566.12009043352,2.0,10566.11889058352,0.01230023070399339,1742347320.0,2025-03-19 00:05:00+00:00,2025-03-19 00:05:00+00:00,2025-03-19 01:21:00+00:00,2025-03-19 01:22:00+00:00,4.124685070349495,2.2772639210060537,2025-03-24 00:00:00+00:00,0.0015375159647199033,1.141178053445945e-05,target,minute interval; not exact exchange fill
918,2698565.0,2698578.0,-1.0,43.0,2.5546,2.5254000000000003,0.054923900000000005,0.054296100000000014,0.0,1.2555999999999954,1.1463799999999955,10567.26647043352,2.0,10566.12009043352,0.01039622861181138,1742429940.0,2025-03-20 00:05:00+00:00,2025-03-20 00:05:00+00:00,2025-03-20 00:18:00+00:00,2025-03-20 00:19:00+00:00,4.98703232366274,2.5248609104154465,2025-03-25 00:00:00+00:00,0.01222607070924498,0.0109602227123242,target,minute interval; not exact exchange fill
919,2700005.0,2700190.0,-1.0,39.0,2.4369,2.416,0.04751955,0.047112,0.0,0.8151000000000055,0.7204684500000055,10567.98693888352,2.0,10567.26647043352,0.008993726075320691,1742526660.0,2025-03-21 00:05:00+00:00,2025-03-21 00:05:00+00:00,2025-03-21 03:10:00+00:00,2025-03-21 03:11:00+00:00,5.102938884713114,2.4154584170812843,2025-03-26 00:00:00+00:00,0.008042486942580007,0.006929212512963041,target,minute interval; not exact exchange fill
920,2701445.0,2708498.0,-1.0,43.0,2.3770000000000002,2.3449,0.051105500000000005,0.05041535,-0.0230059319427152,1.3803000000000103,1.3017850819427255,10569.28872396546,2.0,10567.98693888352,0.00967175684367361,1743025140.0,2025-03-22 00:05:00+00:00,2025-03-22 00:05:00+00:00,2025-03-26 21:38:00+00:00,2025-03-26 21:39:00+00:00,4.824003568890359,2.3444136637954687,2025-03-27 00:00:00+00:00,0.013316832316394396,0.012371895185594275,target,minute interval; not exact exchange fill
921,2708645.0,2709362.0,-1.0,108.0,2.347,2.3379000000000003,0.126738,0.12624660000000001,0.03476965103235,0.9827999999999637,0.6950457489676137,10569.983769714427,2.0,10569.28872396546,0.023982313911555166,1743076980.0,2025-03-27 00:05:00+00:00,2025-03-27 00:05:00+00:00,2025-03-27 12:02:00+00:00,2025-03-27 12:03:00+00:00,3.314765403109632,2.3374183599532192,2025-04-01 00:00:00+00:00,0.009900787955420749,0.006649967818707108,target,minute interval; not exact exchange fill
922,2710085.0,2710085.0,-1.0,107.0,2.3334,2.3318000000000003,0.12483690000000001,0.12475130000000002,0.0,0.17119999999998115,-0.07838820000001889,10569.905381514427,2.0,10569.983769714427,0.023621020186935023,1743120360.0,2025-03-28 00:05:00+00:00,2025-03-28 00:05:00+00:00,2025-03-28 00:05:00+00:00,2025-03-28 00:06:00+00:00,3.314610746740762,2.331325660917995,2025-04-02 00:00:00+00:00,0.0021140607039774858,-0.0007466285937385183,target,minute interval; not exact exchange fill
923,2711525.0,2711630.0,-1.0,116.0,2.2072000000000003,2.1833,0.1280176,0.1266314,0.0,2.7724000000000295,2.5177510000000294,10572.423132514426,2.0,10569.905381514427,0.024223036135004268,1743213060.0,2025-03-29 00:05:00+00:00,2025-03-29 00:05:00+00:00,2025-03-29 01:50:00+00:00,2025-03-29 01:51:00+00:00,3.1098943673296717,2.1828230586102846,2025-04-03 00:00:00+00:00,0.02700464550568424,0.024044406152889507,target,minute interval; not exact exchange fill
924,2712965.0,2714287.0,-1.0,159.0,2.1293,2.1105,0.16927935000000002,0.16778475,0.10523204802,2.989200000000024,2.546903851980024,10574.970036366407,2.0,10572.423132514426,0.032022810263694114,1743372480.0,2025-03-30 00:05:00+00:00,2025-03-30 00:05:00+00:00,2025-03-30 22:07:00+00:00,2025-03-30 22:08:00+00:00,2.7899377180718234,2.1099895813610723,2025-04-04 00:00:00+00:00,0.029229966910288514,0.024246667699737174,target,minute interval; not exact exchange fill
925,2714405.0,2714417.0,-1.0,190.0,2.1372,2.1222000000000003,0.203034,0.20160900000000004,0.0,2.8499999999999392,2.445356999999939,10577.415393366407,2.0,10574.970036366407,0.03839897404943629,1743380280.0,2025-03-31 00:05:00+00:00,2025-03-31 00:05:00+00:00,2025-03-31 00:17:00+00:00,2025-03-31 00:18:00+00:00,2.6878125116760994,2.121744100118834,2025-04-05 00:00:00+00:00,0.028070375360917724,0.023374514249270638,target,minute interval; not exact exchange fill
926,2715845.0,2715890.0,-1.0,202.0,2.0991,2.0772,0.2120091,0.20979720000000002,0.0,4.423800000000006,4.001993700000006,10581.417387066407,2.0,10577.415393366407,0.040087127547805454,1743468660.0,2025-04-01 00:05:00+00:00,2025-04-01 00:05:00+00:00,2025-04-01 00:50:00+00:00,2025-04-01 00:51:00+00:00,2.6192119914296246,2.0767773425592013,2025-04-06 00:00:00+00:00,0.04291894401327042,0.03809150784150059,target,minute interval; not exact exchange fill
927,2720165.0,2720167.0,-1.0,149.0,2.0682,2.0569,0.15408090000000002,0.15323905000000002,0.0,1.68369999999998,1.3763800499999799,10582.793767116407,2.0,10581.417387066407,0.029122922641409463,1743725280.0,2025-04-04 00:05:00+00:00,2025-04-04 00:05:00+00:00,2025-04-04 00:07:00+00:00,2025-04-04 00:08:00+00:00,2.774781116630876,2.0564879455312943,2025-04-09 00:00:00+00:00,0.016575668657197062,0.013073445896836199,target,minute interval; not exact exchange fill
928,2721605.0,2723459.0,-1.0,147.0,2.1252,2.1115,0.1562022,0.15519524999999998,-0.07125828622812061,2.0139000000000067,1.7737608362281272,10584.567527952635,2.0,10582.793767116407,0.02952003099320755,1743922800.0,2025-04-05 00:05:00+00:00,2025-04-05 00:05:00+00:00,2025-04-06 06:59:00+00:00,2025-04-06 07:00:00+00:00,2.8392069193830287,2.1110549378158168,2025-04-10 00:00:00+00:00,0.01981081947553942,0.016899556459307685,target,minute interval; not exact exchange fill
929,2725925.0,2725950.0,-1.0,181.0,1.8896000000000002,1.885,0.17100880000000002,0.1705925,0.0,0.8326000000000289,0.49099870000002876,10585.058526652634,2.0,10584.567527952635,0.03231285539978564,1744072260.0,2025-04-08 00:05:00+00:00,2025-04-08 00:05:00+00:00,2025-04-08 00:30:00+00:00,2025-04-08 00:31:00+00:00,2.4692598224766082,1.884584319812377,2025-04-13 00:00:00+00:00,0.008652799440529641,0.0046798137369778265,target,minute interval; not exact exchange fill
930,2728805.0,2728806.0,-1.0,124.0,2.0443000000000002,2.0442,0.12674660000000001,0.1267404,0.0,0.012400000000026168,-0.24108699999997385,10584.817439652634,2.0,10585.058526652634,0.02394820957878666,1744243620.0,2025-04-10 00:05:00+00:00,2025-04-10 00:05:00+00:00,2025-04-10 00:06:00+00:00,2025-04-10 00:07:00+00:00,2.891635242676026,2.0437167079677288,2025-04-15 00:00:00+00:00,0.0006883840101225378,-0.0022945463637975495,target,minute interval; not exact exchange fill
931,2730245.0,2730285.0,-1.0,116.0,1.9664000000000001,1.957,0.1140512,0.113506,0.0,1.0904000000000087,0.8628428000000087,10585.680282452633,2.0,10584.817439652634,0.021549960715003674,1744332360.0,2025-04-11 00:05:00+00:00,2025-04-11 00:05:00+00:00,2025-04-11 00:45:00+00:00,2025-04-11 00:46:00+00:00,2.8717899589493148,1.9565599673143024,2025-04-16 00:00:00+00:00,0.010868281217870937,0.00821557598079844,target,minute interval; not exact exchange fill
932,2731685.0,2738880.0,-1.0,116.0,2.0146,2.0828,0.11684680000000001,0.1208024,-0.0589454778264184,-7.9112000000000045,-8.089903722173586,10577.590378730463,4.0,10585.680282452633,0.02207638940195299,1744848000.0,2025-04-12 00:05:00+00:00,2025-04-12 00:05:00+00:00,2025-04-17 00:00:00+00:00,2025-04-17 00:00:00+00:00,2.9187573135908313,1.9990865660020405,2025-04-17 00:00:00+00:00,0.017157892509157047,-0.0771332026858361,timeout,minute interval; not exact exchange fill
933,2740325.0,2740338.0,-1.0,107.0,2.0598,2.0580000000000003,0.11019930000000001,0.110103,0.0,0.1925999999999788,-0.027702300000021232,10577.562676430463,2.0,10577.590378730463,0.02083637124417107,1744935540.0,2025-04-18 00:05:00+00:00,2025-04-18 00:05:00+00:00,2025-04-18 00:18:00+00:00,2025-04-18 00:19:00+00:00,3.0388287609177116,2.057514536585138,2025-04-23 00:00:00+00:00,0.0023344190754108277,-0.0002644457551558685,target,minute interval; not exact exchange fill
934,2741765.0,2743854.0,-1.0,116.0,2.0603000000000002,2.0417,0.11949740000000002,0.1184186,-0.033307158010881605,2.15760000000002,1.9529911580109014,10579.515667588475,2.0,10577.562676430463,0.022594505682537062,1745146500.0,2025-04-19 00:05:00+00:00,2025-04-19 00:05:00+00:00,2025-04-20 10:54:00+00:00,2025-04-20 10:55:00+00:00,2.966394476248042,2.041287567094137,2025-04-24 00:00:00+00:00,0.020982837225307797,0.018580988091024306,target,minute interval; not exact exchange fill
935,2744645.0,2745665.0,-1.0,159.0,2.0787,2.0625,0.16525665,0.16396875,-0.06741298536000001,2.5757999999999988,2.3139875853599987,10581.829655173835,2.0,10579.515667588475,0.03124087249216562,1745255160.0,2025-04-21 00:05:00+00:00,2025-04-21 00:05:00+00:00,2025-04-21 17:05:00+00:00,2025-04-21 17:06:00+00:00,2.7368612925151963,2.062034519004722,2025-04-26 00:00:00+00:00,0.025321271829265458,0.022112180107680776,target,minute interval; not exact exchange fill
936,2746085.0,2746116.0,-1.0,149.0,2.0808,2.069,0.1550196,0.1541405,0.0,1.7582000000000049,1.449039900000005,10583.278695073834,2.0,10581.829655173835,0.029299205345685257,1745282220.0,2025-04-22 00:05:00+00:00,2025-04-22 00:05:00+00:00,2025-04-22 00:36:00+00:00,2025-04-22 00:37:00+00:00,2.786298205774375,2.068487140121634,2025-04-27 00:00:00+00:00,0.017452716077216667,0.013784726765287074,target,minute interval; not exact exchange fill
937,2747525.0,2747552.0,-1.0,130.0,2.221,2.2110000000000003,0.14436500000000002,0.14371500000000004,0.0,1.2999999999999723,1.0119199999999722,10584.290615073833,2.0,10583.278695073834,0.027281715649649697,1745368380.0,2025-04-23 00:05:00+00:00,2025-04-23 00:05:00+00:00,2025-04-23 00:32:00+00:00,2025-04-23 00:33:00+00:00,3.0314393815261598,2.210532301989165,2025-04-28 00:00:00+00:00,0.012916077685073914,0.009604666527114628,target,minute interval; not exact exchange fill
938,2748965.0,2748986.0,-1.0,114.0,2.2136,2.2087,0.12617520000000002,0.1258959,0.0,0.5586000000000144,0.30652890000001437,10584.597143973833,2.0,10584.290615073833,0.02384197573341477,1745454420.0,2025-04-24 00:05:00+00:00,2025-04-24 00:05:00+00:00,2025-04-24 00:26:00+00:00,2025-04-24 00:27:00+00:00,3.131649108847566,2.2081632202679176,2025-04-29 00:00:00+00:00,0.005922101203177773,0.002928873819588431,target,minute interval; not exact exchange fill
939,2750405.0,2750416.0,-1.0,104.0,2.2004,2.1955,0.11442080000000002,0.114166,0.0,0.5096000000000132,0.2810132000000132,10584.878157173833,2.0,10584.597143973833,0.021620246560851607,1745540220.0,2025-04-25 00:05:00+00:00,2025-04-25 00:05:00+00:00,2025-04-25 00:16:00+00:00,2025-04-25 00:17:00+00:00,3.2061508689337774,2.1950053807475234,2025-04-30 00:00:00+00:00,0.005363772897552381,0.002686599717149278,target,minute interval; not exact exchange fill
940,2751845.0,2753398.0,-1.0,112.0,2.1839,2.1604,0.1222984,0.12098240000000002,-0.006267391816537604,2.6319999999999837,2.3949865918165214,10587.273143765651,2.0,10584.878157173833,0.02310813562215887,1745719140.0,2025-04-26 00:05:00+00:00,2025-04-26 00:05:00+00:00,2025-04-27 01:58:00+00:00,2025-04-27 01:59:00+00:00,3.1184575407588833,2.159918184448546,2025-05-01 00:00:00+00:00,0.025661143916275227,0.022881211613937098,target,minute interval; not exact exchange fill
941,2754725.0,2754727.0,-1.0,179.0,2.2439,2.2392000000000003,0.20082905,0.20040840000000004,0.0,0.8412999999999471,0.440062549999947,10587.713206315651,2.0,10587.273143765651,0.03793782351185655,1745798880.0,2025-04-28 00:05:00+00:00,2025-04-28 00:05:00+00:00,2025-04-28 00:07:00+00:00,2025-04-28 00:08:00+00:00,2.8314690616213505,2.2387180398119813,2025-05-03 00:00:00+00:00,0.008819321040695272,0.004184103896171465,target,minute interval; not exact exchange fill
942,2756165.0,2756327.0,-1.0,179.0,2.2898,2.2813000000000003,0.2049371,0.20417635000000003,0.0,1.5214999999999517,1.1123865499999517,10588.825592865653,2.0,10587.713206315651,0.03871224994605133,1745894880.0,2025-04-29 00:05:00+00:00,2025-04-29 00:05:00+00:00,2025-04-29 02:47:00+00:00,2025-04-29 02:48:00+00:00,2.877636367442511,2.2807634461939057,2025-05-04 00:00:00+00:00,0.015372566766172588,0.010571734489713226,target,minute interval; not exact exchange fill
943,2757605.0,2757669.0,-1.0,254.0,2.2356000000000003,2.2351,0.28392120000000004,0.28385770000000005,0.0,0.1270000000000424,-0.4407788999999577,10588.384813965653,2.0,10588.825592865653,0.05362657029525453,1745975400.0,2025-04-30 00:05:00+00:00,2025-04-30 00:05:00+00:00,2025-04-30 01:09:00+00:00,2025-04-30 01:10:00+00:00,2.6490493777382835,2.2346210576902505,2025-05-05 00:00:00+00:00,0.0023677440636260595,-0.004197249030807161,target,minute interval; not exact exchange fill
944,2759045.0,2762578.0,-1.0,253.0,2.1931000000000003,2.1847000000000003,0.27742715000000007,0.2763645500000001,-0.342542509892,2.1251999999999907,1.9139508098919906,10590.298764775547,2.0,10588.384813965653,0.05240216612340814,1746269940.0,2025-05-01 00:05:00+00:00,2025-05-01 00:05:00+00:00,2025-05-03 10:58:00+00:00,2025-05-03 10:59:00+00:00,2.6067239899324903,2.1841789684565462,2025-05-06 00:00:00+00:00,0.021567974200215227,0.018289613630086334,target,minute interval; not exact exchange fill
945,2763365.0,2764176.0,-1.0,384.0,2.1870000000000003,2.1759,0.41990400000000005,0.41777279999999994,-0.08487167999999999,4.262400000000127,3.5095948800001278,10593.808359655546,2.0,10590.298764775547,0.07929974580068413,1746365820.0,2025-05-04 00:05:00+00:00,2025-05-04 00:05:00+00:00,2025-05-04 13:36:00+00:00,2025-05-04 13:37:00+00:00,2.4591456923254382,2.175394188155783,2025-05-09 00:00:00+00:00,0.04264558349260588,0.033583371913419924,target,minute interval; not exact exchange fill
946,2764805.0,2764890.0,-1.0,428.0,2.156,2.1497,0.461384,0.46003580000000005,0.0,2.696399999999988,1.7749801999999884,10595.583339855546,2.0,10593.808359655546,0.0871044641051071,1746408660.0,2025-05-05 00:05:00+00:00,2025-05-05 00:05:00+00:00,2025-05-05 01:30:00+00:00,2025-05-05 01:31:00+00:00,2.400296918024683,2.149170772094222,2025-05-10 00:00:00+00:00,0.027954621617813466,0.016975858858689987,target,minute interval; not exact exchange fill
947,2766245.0,2766280.0,-1.0,415.0,2.1301,2.1241000000000003,0.4419957500000001,0.44075075,0.0,2.48999999999991,1.6072534999999097,10597.190593355546,2.0,10595.583339855546,0.08343018705490658,1746492060.0,2025-05-06 00:05:00+00:00,2025-05-06 00:05:00+00:00,2025-05-06 00:40:00+00:00,2025-05-06 00:41:00+00:00,2.3821168466947746,2.123674184435284,2025-05-11 00:00:00+00:00,0.025497563551766807,0.015367623437850456,target,minute interval; not exact exchange fill
948,2769125.0,2769156.0,-1.0,339.0,2.1251,2.1217,0.36020445,0.35962815000000004,0.0,1.1526000000000236,0.43276740000002356,10597.623360755546,2.0,10597.190593355546,0.06798112137868856,1746664620.0,2025-05-08 00:05:00+00:00,2025-05-08 00:05:00+00:00,2025-05-08 00:36:00+00:00,2025-05-08 00:37:00+00:00,2.4339545830496414,2.1212566253625504,2025-05-13 00:00:00+00:00,0.012443961813679925,0.004133336754775906,target,minute interval; not exact exchange fill
949,2770565.0,2770567.0,-1.0,190.0,2.3267,2.3218,0.22103650000000002,0.220571,0.0,0.931000000000024,0.489392500000024,10598.112753255547,2.0,10597.623360755546,0.0417143528271685,1746749280.0,2025-05-09 00:05:00+00:00,2025-05-09 00:05:00+00:00,2025-05-09 00:07:00+00:00,2025-05-09 00:08:00+00:00,2.879128313376029,2.3213182049706047,2025-05-14 00:00:00+00:00,0.009742069512161684,0.004662595919928631,target,minute interval; not exact exchange fill
950,2772005.0,2774394.0,-1.0,201.0,2.3487,2.3317,0.23604435000000001,0.23433585000000004,-0.19319586284700002,3.4169999999999807,3.139815662846981,10601.252568918395,2.0,10598.112753255547,0.04454460062759598,1746978900.0,2025-05-10 00:05:00+00:00,2025-05-10 00:05:00+00:00,2025-05-11 15:54:00+00:00,2025-05-11 15:55:00+00:00,2.870705588439871,2.3311778360293074,2025-05-15 00:00:00+00:00,0.03356700456610334,0.029924916117635123,target,minute interval; not exact exchange fill
951,2774885.0,2774976.0,-1.0,199.0,2.3651,2.3565,0.23532745,0.23447175,0.0,1.7113999999999883,1.2416007999999883,10602.494169718395,2.0,10601.252568918395,0.04439615950476493,1747013820.0,2025-05-12 00:05:00+00:00,2025-05-12 00:05:00+00:00,2025-05-12 01:36:00+00:00,2025-05-12 01:37:00+00:00,2.8918863539021546,2.356003539552312,2025-05-17 00:00:00+00:00,0.01726783615465018,0.011843890704045857,target,minute interval; not exact exchange fill
952,2779205.0,2779291.0,-1.0,143.0,2.5552,2.541,0.1826968,0.1816815,0.0,2.0306000000000304,1.6662217000000303,10604.160391418394,2.0,10602.494169718395,0.03446298523262522,1747272720.0,2025-05-15 00:05:00+00:00,2025-05-15 00:05:00+00:00,2025-05-15 01:31:00+00:00,2025-05-15 01:32:00+00:00,3.2892205065728644,2.540487762439743,2025-05-20 00:00:00+00:00,0.02004336040821039,0.015874079668976606,target,minute interval; not exact exchange fill
953,2780645.0,2780646.0,-1.0,134.0,2.3809,2.3774,0.1595203,0.15928580000000003,0.0,0.4689999999999781,0.15019389999997806,10604.310585318395,2.0,10604.160391418394,0.03008636122273191,1747354020.0,2025-05-16 00:05:00+00:00,2025-05-16 00:05:00+00:00,2025-05-16 00:06:00+00:00,2025-05-16 00:07:00+00:00,3.1655532619423727,2.3769015027040443,2025-05-21 00:00:00+00:00,0.005095878001013594,0.0014284653545251621,target,minute interval; not exact exchange fill
954,2782085.0,2782105.0,-1.0,141.0,2.3708,2.3624,0.1671414,0.1665492,0.0,1.1843999999999948,0.8507093999999948,10605.161294718397,2.0,10604.310585318395,0.03152329397658463,1747441560.0,2025-05-17 00:05:00+00:00,2025-05-17 00:05:00+00:00,2025-05-17 00:25:00+00:00,2025-05-17 00:26:00+00:00,3.1175890811741738,2.3618372377737122,2025-05-22 00:00:00+00:00,0.012001731750276344,0.008079121872689502,target,minute interval; not exact exchange fill
955,2783525.0,2785250.0,-1.0,178.0,2.3581000000000003,2.3307,0.20987090000000003,0.20743230000000004,-0.033557115182000004,4.877200000000016,4.493453915182016,10609.65474863358,2.0,10605.161294718397,0.03957901142050906,1747630260.0,2025-05-18 00:05:00+00:00,2025-05-18 00:05:00+00:00,2025-05-19 04:50:00+00:00,2025-05-19 04:51:00+00:00,2.9482886126170387,2.3301493399373205,2025-05-23 00:00:00+00:00,0.04735886031202773,0.04277297558667147,target,minute interval; not exact exchange fill
956,2786405.0,2786768.0,-1.0,154.0,2.3793,2.3669000000000002,0.1832061,0.1822513,0.0,1.9095999999999949,1.544142599999995,10611.19889123358,2.0,10609.65474863358,0.03453573265870789,1747721340.0,2025-05-20 00:05:00+00:00,2025-05-20 00:05:00+00:00,2025-05-20 06:08:00+00:00,2025-05-20 06:09:00+00:00,3.06295757542057,2.366346674590407,2025-05-25 00:00:00+00:00,0.018947095556755104,0.014666552906740866,target,minute interval; not exact exchange fill
957,2787845.0,2787845.0,-1.0,155.0,2.3536,2.3529,0.182404,0.18234975,0.0,0.10850000000002247,-0.2562537499999775,10610.94263748358,2.0,10611.19889123358,0.034379527114639735,1747785960.0,2025-05-21 00:05:00+00:00,2025-05-21 00:05:00+00:00,2025-05-21 00:05:00+00:00,2025-05-21 00:06:00+00:00,3.0335379013216714,2.3524249446814083,2025-05-26 00:00:00+00:00,0.0017281803475108083,-0.0024314720458827902,target,minute interval; not exact exchange fill
958,2789285.0,2789727.0,-1.0,136.0,2.3991000000000002,2.3862,0.1631388,0.1622616,0.0,1.7544000000000182,1.4289996000000182,10612.37163708358,2.0,10610.94263748358,0.030749162552949,1747898880.0,2025-05-22 00:05:00+00:00,2025-05-22 00:05:00+00:00,2025-05-22 07:27:00+00:00,2025-05-22 07:28:00+00:00,3.1755655389149866,2.3856389931509736,2025-05-27 00:00:00+00:00,0.017336257920521108,0.013532281181059038,target,minute interval; not exact exchange fill
959,2792165.0,2794131.0,-1.0,137.0,2.2866,2.2788,0.15663210000000002,0.1560978,-0.0450338605846279,1.068600000000004,0.8009039605846318,10613.172541044165,2.0,10612.37163708358,0.02951877400385586,1748163120.0,2025-05-24 00:05:00+00:00,2025-05-24 00:05:00+00:00,2025-05-25 08:51:00+00:00,2025-05-25 08:52:00+00:00,3.057497948321723,2.2782643416864383,2025-05-29 00:00:00+00:00,0.01081292060993121,0.007583382889478101,target,minute interval; not exact exchange fill
960,2795045.0,2795735.0,-1.0,192.0,2.3397,2.3288,0.2246112,0.22356480000000004,-0.04508352,2.0927999999999827,1.6897075199999825,10614.862248564166,2.0,10613.172541044165,0.042326872409049116,1748259360.0,2025-05-26 00:05:00+00:00,2025-05-26 00:05:00+00:00,2025-05-26 11:35:00+00:00,2025-05-26 11:36:00+00:00,2.887838787322295,2.328284775664998,2025-05-31 00:00:00+00:00,0.02082542706157767,0.01605534985581189,target,minute interval; not exact exchange fill
961,2796485.0,2796547.0,-1.0,176.0,2.3063000000000002,2.2931,0.20295440000000003,0.2017928,0.0,2.3232000000000568,1.918452800000057,10616.780701364167,2.0,10614.862248564166,0.03823966722270992,1748308080.0,2025-05-27 00:05:00+00:00,2025-05-27 00:05:00+00:00,2025-05-27 01:07:00+00:00,2025-05-27 01:08:00+00:00,2.9057202587563546,2.2925998099537046,2025-06-01 00:00:00+00:00,0.02285573409667546,0.01818473740379695,target,minute interval; not exact exchange fill
962,2797925.0,2797934.0,-1.0,161.0,2.3116000000000003,2.3093,0.18608380000000002,0.18589865,0.0,0.37030000000006646,-0.0016824499999335552,10616.779018914167,2.0,10616.780701364167,0.035054656441399386,1748391300.0,2025-05-28 00:05:00+00:00,2025-05-28 00:05:00+00:00,2025-05-28 00:14:00+00:00,2025-05-28 00:15:00+00:00,2.9653812054561426,2.3088007165209565,2025-06-02 00:00:00+00:00,0.004281682397233696,-1.5983940670635138e-05,target,minute interval; not exact exchange fill
963,2799365.0,2800221.0,-1.0,158.0,2.2717,2.2659000000000002,0.17946430000000002,0.17900610000000003,-0.03600662,0.9163999999999692,0.5939362199999692,10617.372955134168,2.0,10616.779018914167,0.033807673623097556,1748528520.0,2025-05-29 00:05:00+00:00,2025-05-29 00:05:00+00:00,2025-05-29 14:21:00+00:00,2025-05-29 14:22:00+00:00,2.9381506530992607,2.2653786669562446,2025-06-03 00:00:00+00:00,0.0094850729222918,0.005640462624679773,target,minute interval; not exact exchange fill
964,2800805.0,2800831.0,-1.0,229.0,2.2407,2.237,0.25656015,0.25613650000000004,0.0,0.8472999999999575,0.3346033499999575,10617.707558484168,2.0,10617.372955134168,0.04832836730595152,1748565120.0,2025-05-30 00:05:00+00:00,2025-05-30 00:05:00+00:00,2025-05-30 00:31:00+00:00,2025-05-30 00:32:00+00:00,2.6994245968220794,2.2364764759323346,2025-06-04 00:00:00+00:00,0.00920710181430163,0.0031852445020874583,target,minute interval; not exact exchange fill
965,2802245.0,2802245.0,-1.0,210.0,2.1268000000000002,2.1257,0.223314,0.22319850000000002,0.0,0.2310000000000212,-0.21551249999997885,10617.492045984167,2.0,10617.707558484168,0.04206444729616971,1748649960.0,2025-05-31 00:05:00+00:00,2025-05-31 00:05:00+00:00,2025-05-31 00:05:00+00:00,2025-05-31 00:06:00+00:00,2.6275874744497183,2.125250318029638,2025-06-05 00:00:00+00:00,0.0030944902766688537,-0.0020492725005304435,target,minute interval; not exact exchange fill
966,2803685.0,2803809.0,-1.0,362.0,2.1661,2.149,0.3920641000000001,0.388969,0.0,6.190200000000042,5.4091669000000415,10622.901212884166,2.0,10617.492045984167,0.07385248763116138,1748743800.0,2025-06-01 00:05:00+00:00,2025-06-01 00:05:00+00:00,2025-06-01 02:09:00+00:00,2025-06-01 02:10:00+00:00,2.4556831804747734,2.1485678354134596,2025-06-06 00:00:00+00:00,0.06054275858769289,0.05159985457546907,target,minute interval; not exact exchange fill
967,2805125.0,2805140.0,-1.0,368.0,2.1749,2.1709,0.4001816,0.3994456,0.0,1.4720000000000013,0.6723728000000013,10623.573585684166,2.0,10622.901212884166,0.0753431839344666,1748823660.0,2025-06-02 00:05:00+00:00,2025-06-02 00:05:00+00:00,2025-06-02 00:20:00+00:00,2025-06-02 00:21:00+00:00,2.45980772832776,2.1704508112410856,2025-06-07 00:00:00+00:00,0.015616244547062778,0.00641295345241774,target,minute interval; not exact exchange fill
968,2806565.0,2807055.0,-1.0,315.0,2.1944,2.186,0.345618,0.344295,-0.0689598,2.6459999999999884,2.025046799999988,10625.598632484167,2.0,10623.573585684166,0.06506624107461143,1748938560.0,2025-06-03 00:05:00+00:00,2025-06-03 00:05:00+00:00,2025-06-03 08:15:00+00:00,2025-06-03 08:16:00+00:00,2.527706435214833,2.185463823649908,2025-06-08 00:00:00+00:00,0.026810692521828678,0.01928771640984467,target,minute interval; not exact exchange fill
969,2808005.0,2808013.0,-1.0,266.0,2.2469,2.2397,0.29883770000000004,0.29788010000000004,0.0,1.9152000000000253,1.3184822000000254,10626.917114684167,2.0,10625.598632484167,0.056248633199150785,1748996040.0,2025-06-04 00:05:00+00:00,2025-06-04 00:05:00+00:00,2025-06-04 00:13:00+00:00,2025-06-04 00:14:00+00:00,2.642679128656126,2.2392010637295403,2025-06-09 00:00:00+00:00,0.01945260806602326,0.01252390447376709,target,minute interval; not exact exchange fill
970,2809445.0,2809782.0,-1.0,323.0,2.2011000000000003,2.1952000000000003,0.35547765000000003,0.35452480000000003,0.0,1.9057000000000053,1.195697550000005,10628.112812234167,2.0,10626.917114684167,0.066901368696817,1749102180.0,2025-06-05 00:05:00+00:00,2025-06-05 00:05:00+00:00,2025-06-05 05:42:00+00:00,2025-06-05 05:43:00+00:00,2.5266321169689183,2.19470999648323,2025-06-10 00:00:00+00:00,0.01962941038281708,0.011371689019407783,target,minute interval; not exact exchange fill
971,2812325.0,2812336.0,-1.0,350.0,2.1574,2.1488,0.377545,0.37604000000000004,0.0,3.0099999999999794,2.256414999999979,10630.369227234167,2.0,10628.112812234167,0.07104647959050693,1749255420.0,2025-06-07 00:05:00+00:00,2025-06-07 00:05:00+00:00,2025-06-07 00:16:00+00:00,2025-06-07 00:17:00+00:00,2.457612587208948,2.14832591686428,2025-06-12 00:00:00+00:00,0.030225525252225865,0.021474449355825646,target,minute interval; not exact exchange fill
972,2813765.0,2820960.0,-1.0,469.0,2.1732,2.1894,0.5096154,0.5134143,-0.934367077993723,-7.597799999999996,-7.686462622006271,10622.68276461216,4.0,10630.369227234167,0.09587915322722856,1749772800.0,2025-06-08 00:05:00+00:00,2025-06-08 00:05:00+00:00,2025-06-13 00:00:00+00:00,2025-06-13 00:00:00+00:00,2.3965148419265314,2.1560616839720512,2025-06-13 00:00:00+00:00,0.07674508277236293,-0.07338986500391513,timeout,minute interval; not exact exchange fill
973,2822405.0,2822463.0,-1.0,368.0,2.1437,2.1367000000000003,0.3944408,0.3931528000000001,0.0,2.5759999999998797,1.7884063999998796,10624.47117101216,2.0,10622.68276461216,0.07426387641246693,1749863040.0,2025-06-14 00:05:00+00:00,2025-06-14 00:05:00+00:00,2025-06-14 01:03:00+00:00,2025-06-14 01:04:00+00:00,2.4286120794703328,2.1361766240911297,2025-06-19 00:00:00+00:00,0.026405956261512563,0.017057191850322062,target,minute interval; not exact exchange fill
974,2823845.0,2828813.0,-1.0,481.0,2.1372,2.1286,0.5139965999999999,0.5119283,-0.6138557738908947,4.136599999999971,3.724530873890866,10628.19570188605,2.0,10624.47117101216,0.09675711698524626,1750244040.0,2025-06-15 00:05:00+00:00,2025-06-15 00:05:00+00:00,2025-06-18 10:53:00+00:00,2025-06-18 10:54:00+00:00,2.354444215113507,2.1281173005479737,2025-06-20 00:00:00+00:00,0.04180870568765549,0.03564333082968756,target,minute interval; not exact exchange fill
975,2829605.0,2829615.0,-1.0,588.0,2.1669,2.1639,0.6370686000000001,0.6361866,0.0,1.7640000000000668,0.4907448000000667,10628.686446686052,2.0,10628.19570188605,0.11988273793019216,1750292160.0,2025-06-19 00:05:00+00:00,2025-06-19 00:05:00+00:00,2025-06-19 00:15:00+00:00,2025-06-19 00:16:00+00:00,2.3442049600470507,2.163448734728286,2025-06-24 00:00:00+00:00,0.019465136625609197,0.004707144119254415,target,minute interval; not exact exchange fill
976,2831045.0,2831278.0,-1.0,429.0,2.1625,2.1549,0.4638562500000001,0.46222605,0.0,3.260400000000022,2.334317700000022,10631.02076438605,2.0,10628.686446686052,0.08728383367535075,1750391940.0,2025-06-20 00:05:00+00:00,2025-06-20 00:05:00+00:00,2025-06-20 03:58:00+00:00,2025-06-20 03:59:00+00:00,2.4064724791128027,2.1544165658471885,2025-06-25 00:00:00+00:00,0.03313256553446793,0.022302925394647576,target,minute interval; not exact exchange fill
977,2832485.0,2833416.0,-1.0,501.0,2.117,2.109,0.5303085,0.5283045,-0.057468294674999996,4.008000000000004,3.006855294675004,10634.027619680726,2.0,10631.02076438605,0.0997662429136692,1750520220.0,2025-06-21 00:05:00+00:00,2025-06-21 00:05:00+00:00,2025-06-21 15:36:00+00:00,2025-06-21 15:37:00+00:00,2.325662026427766,2.1084804761630727,2025-06-26 00:00:00+00:00,0.04082929693907,0.028762814575069115,target,minute interval; not exact exchange fill
978,2833925.0,2833930.0,-1.0,555.0,2.0638,2.0523000000000002,0.5727045000000001,0.5695132500000001,0.0,6.382499999999913,5.240282249999913,10639.267901930725,2.0,10634.027619680726,0.1077116818730239,1750551060.0,2025-06-22 00:05:00+00:00,2025-06-22 00:05:00+00:00,2025-06-22 00:10:00+00:00,2025-06-22 00:11:00+00:00,2.2521986907776594,2.051862179022472,2025-06-27 00:00:00+00:00,0.06336467057309231,0.05011685570120472,target,minute interval; not exact exchange fill
979,2835365.0,2835451.0,-1.0,424.0,2.0116,2.0034,0.42645920000000004,0.4247208,0.0,3.4767999999999937,2.6256199999999934,10641.893521930726,2.0,10639.267901930725,0.08016701974815575,1750642320.0,2025-06-23 00:05:00+00:00,2025-06-23 00:05:00+00:00,2025-06-23 01:31:00+00:00,2025-06-23 01:32:00+00:00,2.2591662093813367,2.002956010440379,2025-06-28 00:00:00+00:00,0.034915869904952934,0.02501351058965166,target,minute interval; not exact exchange fill
980,2836805.0,2836828.0,-1.0,328.0,2.1611000000000002,2.1463,0.3544204,0.3519932,0.0,4.854400000000048,4.147986400000048,10646.041508330725,2.0,10641.893521930726,0.06660852211490623,1750724940.0,2025-06-24 00:05:00+00:00,2025-06-24 00:05:00+00:00,2025-06-24 00:28:00+00:00,2025-06-24 00:29:00+00:00,2.4815187901500306,2.145783959096719,2025-06-29 00:00:00+00:00,0.047800070951237374,0.03946803492416515,target,minute interval; not exact exchange fill
981,2838245.0,2838274.0,-1.0,265.0,2.186,2.1842,0.289645,0.2894065,0.0,0.47699999999994747,-0.10205150000005253,10645.939456830725,2.0,10646.041508330725,0.05441365220553525,1750811700.0,2025-06-25 00:05:00+00:00,2025-06-25 00:05:00+00:00,2025-06-25 00:34:00+00:00,2025-06-25 00:35:00+00:00,2.5834084106703483,2.1837039033324763,2025-06-30 00:00:00+00:00,0.005777675071472599,-0.0009690283085619947,target,minute interval; not exact exchange fill
982,2839685.0,2840252.0,-1.0,578.0,2.1832000000000003,2.1791,0.6309448000000001,0.6297599,-0.09327423107050181,2.369800000000124,1.2023695310706257,10647.141826361796,2.0,10645.939456830725,0.11853247946007596,1750930380.0,2025-06-26 00:05:00+00:00,2025-06-26 00:05:00+00:00,2025-06-26 09:32:00+00:00,2025-06-26 09:33:00+00:00,2.364037920016764,2.178596274819751,2025-07-01 00:00:00+00:00,0.025457742379597893,0.011503251652117425,target,minute interval; not exact exchange fill
983,2841125.0,2841162.0,-1.0,394.0,2.1064000000000003,2.0948,0.4149608000000001,0.41267560000000003,0.0,4.570400000000022,3.7427636000000213,10650.884589961795,2.0,10647.141826361796,0.07794782989977228,1750984980.0,2025-06-27 00:05:00+00:00,2025-06-27 00:05:00+00:00,2025-06-27 00:42:00+00:00,2025-06-27 00:43:00+00:00,2.3730758705301263,2.094284049301407,2025-07-02 00:00:00+00:00,0.045433247014467174,0.03562152054145792,target,minute interval; not exact exchange fill
984,2842565.0,2849760.0,-1.0,430.0,2.1351,2.2334,0.45904649999999997,0.48018099999999997,-0.8565501783771811,-42.26900000000002,-42.35167732162284,10608.532912640174,4.0,10650.884589961795,0.08619875581651507,1751500800.0,2025-06-28 00:05:00+00:00,2025-06-28 00:05:00+00:00,2025-07-03 00:00:00+00:00,2025-07-03 00:00:00+00:00,2.3790816337309098,2.129350382186469,2025-07-03 00:00:00+00:00,0.023565781266437887,-0.4036872420881141,timeout,minute interval; not exact exchange fill
985,2851205.0,2851353.0,-1.0,392.0,2.2601,2.246,0.44297960000000003,0.440216,0.0,5.527200000000001,4.6440044,10613.176917040173,2.0,10608.532912640174,0.08351382865998094,1751596440.0,2025-07-04 00:05:00+00:00,2025-07-04 00:05:00+00:00,2025-07-04 02:33:00+00:00,2025-07-04 02:34:00+00:00,2.5267231240969954,2.2454556356860307,2025-07-09 00:00:00+00:00,0.0549253346406736,0.04443331777813155,target,minute interval; not exact exchange fill
986,2852645.0,2852793.0,-1.0,444.0,2.2175000000000002,2.21,0.4922850000000001,0.49062,0.0,3.330000000000126,2.3470950000001265,10615.524012040172,2.0,10613.176917040173,0.09276864106723845,1751682840.0,2025-07-05 00:05:00+00:00,2025-07-05 00:05:00+00:00,2025-07-05 02:33:00+00:00,2025-07-05 02:34:00+00:00,2.4527485868334953,2.2095011183414925,2025-07-10 00:00:00+00:00,0.034001826604676606,0.022470910755106058,target,minute interval; not exact exchange fill
987,2854085.0,2859954.0,-1.0,485.0,2.2142,2.4302,0.5369435,0.5893235000000001,-1.08723251388392,-104.76000000000009,-104.79903448611618,10510.724977554053,1.0,10615.524012040172,0.1011619397009505,1752112500.0,2025-07-06 00:05:00+00:00,2025-07-06 00:05:00+00:00,2025-07-10 01:54:00+00:00,2025-07-10 01:55:00+00:00,2.4296209869658636,2.20518698509881,2025-07-11 00:00:00+00:00,0.041839075329360695,-1.0030614311073092,stop,minute interval; not exact exchange fill
988,2861285.0,2861293.0,-1.0,315.0,2.5399000000000003,2.5343,0.40003425000000004,0.39915225,0.0,1.7640000000000855,0.9648135000000855,10511.689791054054,2.0,10510.724977554053,0.07611924978615354,1752192840.0,2025-07-11 00:05:00+00:00,2025-07-11 00:05:00+00:00,2025-07-11 00:13:00+00:00,2025-07-11 00:14:00+00:00,2.86952733888212,2.5337518238491517,2025-07-16 00:00:00+00:00,0.01865189996588029,0.009292008394654477,target,minute interval; not exact exchange fill
989,2862725.0,2862736.0,-1.0,326.0,2.7369000000000003,2.7205,0.44611470000000003,0.4434415,0.0,5.346400000000135,4.456843800000136,10516.146634854054,2.0,10511.689791054054,0.08487973082684856,1752279420.0,2025-07-12 00:05:00+00:00,2025-07-12 00:05:00+00:00,2025-07-12 00:16:00+00:00,2025-07-12 00:17:00+00:00,3.0548797516131274,2.7199474994469273,2025-07-17 00:00:00+00:00,0.053313144837280335,0.04299424705706961,target,minute interval; not exact exchange fill
990,2864165.0,2864168.0,-1.0,294.0,2.7322,2.7264,0.4016334000000001,0.4007808,0.0,1.7052000000000733,0.9027858000000732,10517.049420654053,2.0,10516.146634854054,0.0763841384008191,1752365340.0,2025-07-13 00:05:00+00:00,2025-07-13 00:05:00+00:00,2025-07-13 00:08:00+00:00,2025-07-13 00:09:00+00:00,3.0857474939146554,2.725793474424799,2025-07-18 00:00:00+00:00,0.01812069293509906,0.008685396029823088,target,minute interval; not exact exchange fill
991,2865605.0,2867235.0,-1.0,262.0,2.8400000000000003,2.8176,0.37204000000000004,0.36910560000000003,-0.23221188694400002,5.868800000000052,5.359866286944052,10522.409286940996,2.0,10517.049420654053,0.07074988147709263,1752549360.0,2025-07-14 00:05:00+00:00,2025-07-14 00:05:00+00:00,2025-07-15 03:15:00+00:00,2025-07-15 03:16:00+00:00,3.2361613705417116,2.8170163472210406,2025-07-19 00:00:00+00:00,0.058015885666822815,0.05163932284469481,target,minute interval; not exact exchange fill
992,2868485.0,2868485.0,-1.0,190.0,2.9144,2.9147000000000003,0.276868,0.2768965,0.0,-0.05700000000003591,-0.6107645000000359,10521.798522440995,2.0,10522.409286940996,0.052624449866935215,1752624360.0,2025-07-16 00:05:00+00:00,2025-07-16 00:05:00+00:00,2025-07-16 00:05:00+00:00,2025-07-16 00:06:00+00:00,3.463605985047384,2.9140586459208113,2025-07-21 00:00:00+00:00,0.0006215410765404015,-0.005853086250913394,target,minute interval; not exact exchange fill
993,2869925.0,2870014.0,-1.0,275.0,3.0445,3.0326,0.41861875000000004,0.41698250000000003,0.0,3.272500000000067,2.436898750000067,10524.235421190995,2.0,10521.798522440995,0.0795717099328914,1752716100.0,2025-07-17 00:05:00+00:00,2025-07-17 00:05:00+00:00,2025-07-17 01:34:00+00:00,2025-07-17 01:35:00+00:00,3.4222695763610895,3.031922864890506,2025-07-22 00:00:00+00:00,0.03329313924812278,0.02345728866087953,target,minute interval; not exact exchange fill
994,2871365.0,2871838.0,-1.0,176.0,3.5106,3.4623000000000004,0.30893280000000006,0.3046824,0.0,8.500799999999963,7.887184799999962,10532.122605990995,2.0,10524.235421190995,0.05870883491981769,1752825540.0,2025-07-18 00:05:00+00:00,2025-07-18 00:05:00+00:00,2025-07-18 07:58:00+00:00,2025-07-18 07:59:00+00:00,4.100684010653837,3.46151238772709,2025-07-23 00:00:00+00:00,0.08318749768955642,0.07594435570342696,target,minute interval; not exact exchange fill
995,2872805.0,2873518.0,-1.0,178.0,3.4376,3.3932,0.30594640000000006,0.3019948,-0.06169381014200001,7.903199999999999,7.356952610141999,10539.479558601137,2.0,10532.122605990995,0.05809776650833296,1752926340.0,2025-07-19 00:05:00+00:00,2025-07-19 00:05:00+00:00,2025-07-19 11:58:00+00:00,2025-07-19 11:59:00+00:00,4.022612761363584,3.3924443109020648,2025-07-24 00:00:00+00:00,0.07718752834157627,0.07065007324397964,target,minute interval; not exact exchange fill
996,2874245.0,2874379.0,-1.0,125.0,3.4179000000000004,3.403,0.21361875000000005,0.2126875,0.0,1.8625000000000447,1.4361937500000448,10540.915752351137,2.0,10539.479558601137,0.04053686879171722,1752978000.0,2025-07-20 00:05:00+00:00,2025-07-20 00:05:00+00:00,2025-07-20 02:19:00+00:00,2025-07-20 02:20:00+00:00,4.251867965269209,3.4022411941014745,2025-07-25 00:00:00+00:00,0.0187762678551701,0.013776968035326725,target,minute interval; not exact exchange fill
997,2875685.0,2875698.0,-1.0,110.0,3.4482000000000004,3.4223000000000003,0.18965100000000001,0.18822650000000002,0.0,2.8490000000000038,2.471122500000004,10543.386874851136,2.0,10540.915752351137,0.035983780623177565,1753057140.0,2025-07-21 00:05:00+00:00,2025-07-21 00:05:00+00:00,2025-07-21 00:18:00+00:00,2025-07-21 00:19:00+00:00,4.393035904800129,3.4215351797772615,2025-07-26 00:00:00+00:00,0.028221641543543532,0.023776350883651313,target,minute interval; not exact exchange fill
998,2877125.0,2877176.0,-1.0,103.0,3.5478,3.5273000000000003,0.1827117,0.18165595,0.0,2.1114999999999733,1.7471323499999731,10545.134007201137,2.0,10543.386874851136,0.0346590146351961,1753145820.0,2025-07-22 00:05:00+00:00,2025-07-22 00:05:00+00:00,2025-07-22 00:56:00+00:00,2025-07-22 00:57:00+00:00,4.561715045004761,3.526539925675616,2025-07-27 00:00:00+00:00,0.020968299493262205,0.016729656082694864,target,minute interval; not exact exchange fill
999,2878565.0,2878571.0,-1.0,107.0,3.5392,3.5374000000000003,0.18934720000000002,0.18925090000000003,0.0,0.1925999999999788,-0.18599810000002126,10544.948009101137,2.0,10545.134007201137,0.03591176743144226,1753229520.0,2025-07-23 00:05:00+00:00,2025-07-23 00:05:00+00:00,2025-07-23 00:11:00+00:00,2025-07-23 00:12:00+00:00,4.518671203025137,3.5366650084278004,2025-07-28 00:00:00+00:00,0.0025881226159281605,-0.0017747331362386039,target,minute interval; not exact exchange fill
1000,2880005.0,2880005.0,-1.0,78.0,3.1648,3.1615,0.1234272,0.1232985,0.0,0.25739999999998897,0.010674299999988951,10544.958683401137,2.0,10544.948009101137,0.023409731350685165,1753315560.0,2025-07-24 00:05:00+00:00,2025-07-24 00:05:00+00:00,2025-07-24 00:05:00+00:00,2025-07-24 00:06:00+00:00,4.4988807196907805,3.1607879407185675,2025-07-29 00:00:00+00:00,0.0030073587169166874,0.00010257999983057853,target,minute interval; not exact exchange fill
1001,2881445.0,2881448.0,-1.0,140.0,3.1316,3.1188000000000002,0.21921200000000002,0.21831600000000004,0.0,1.7919999999999892,1.3544719999999892,10546.313155401138,2.0,10544.958683401137,0.041576644647278234,1753402140.0,2025-07-25 00:05:00+00:00,2025-07-25 00:05:00+00:00,2025-07-25 00:08:00+00:00,2025-07-25 00:09:00+00:00,3.8780159618316623,3.1181031229805383,2025-07-30 00:00:00+00:00,0.018082245972261,0.012961673510114275,target,minute interval; not exact exchange fill
1002,2882885.0,2882993.0,-1.0,145.0,3.1317,3.1171,0.22704825,0.22598975000000002,0.0,2.11699999999996,1.66396199999996,10547.977117401137,2.0,10546.313155401138,0.0430573692729237,1753494840.0,2025-07-26 00:05:00+00:00,2025-07-26 00:05:00+00:00,2025-07-26 01:53:00+00:00,2025-07-26 01:54:00+00:00,3.850127149980354,3.1164093451284636,2025-07-31 00:00:00+00:00,0.021283514789153628,0.015973227070153924,target,minute interval; not exact exchange fill
1003,2884325.0,2886844.0,-1.0,107.0,3.1576,3.1397,0.16893160000000002,0.16797395,-0.1301018736654772,1.915300000000003,1.70849632366548,10549.685613724803,2.0,10547.977117401137,0.0320310895861371,1753725900.0,2025-07-27 00:05:00+00:00,2025-07-27 00:05:00+00:00,2025-07-28 18:04:00+00:00,2025-07-28 18:05:00+00:00,4.135666058147038,3.139006414342687,2025-08-01 00:00:00+00:00,0.019010562223720145,0.016325334294505476,target,minute interval; not exact exchange fill
1004,2887205.0,2887241.0,-1.0,84.0,3.1261,3.0952,0.1312962,0.12999840000000001,0.0,2.595599999999994,2.334305399999994,10552.019919124805,2.0,10549.685613724803,0.024891016625023944,1753749720.0,2025-07-29 00:05:00+00:00,2025-07-29 00:05:00+00:00,2025-07-29 00:41:00+00:00,2025-07-29 00:42:00+00:00,4.37003081190149,3.0945174497903354,2025-08-03 00:00:00+00:00,0.025389314186523924,0.022339948278570852,target,minute interval; not exact exchange fill
1005,2888645.0,2888677.0,-1.0,89.0,3.1253,3.1083000000000003,0.13907585,0.13831935,0.0,1.5129999999999915,1.2356047999999915,10553.255523924805,2.0,10552.019919124805,0.02636004311324975,1753835880.0,2025-07-30 00:05:00+00:00,2025-07-30 00:05:00+00:00,2025-07-30 00:37:00+00:00,2025-07-30 00:38:00+00:00,4.29407028289336,3.1075947931541554,2025-08-04 00:00:00+00:00,0.015148577188337193,0.011878467653738787,target,minute interval; not exact exchange fill
1006,2890085.0,2891168.0,-1.0,82.0,3.0935,3.0733,0.12683350000000002,0.12600530000000001,-0.0404051803930444,1.6563999999999997,1.4439663803930438,10554.699490305196,2.0,10553.255523924805,0.024036848101036037,1753985340.0,2025-07-31 00:05:00+00:00,2025-07-31 00:05:00+00:00,2025-07-31 18:08:00+00:00,2025-07-31 18:09:00+00:00,4.37564251023874,3.072615525508091,2025-08-05 00:00:00+00:00,0.016288731030390864,0.013734312653805748,target,minute interval; not exact exchange fill
1007,2891525.0,2891530.0,-1.0,153.0,3.0167,2.9967,0.23077755000000003,0.22924755000000002,0.0,3.0600000000000027,2.5999749000000025,10557.299465205197,2.0,10554.699490305196,0.043729819160076705,1754007060.0,2025-08-01 00:05:00+00:00,2025-08-01 00:05:00+00:00,2025-08-01 00:10:00+00:00,2025-08-01 00:11:00+00:00,3.699850553073233,2.996044199846088,2025-08-06 00:00:00+00:00,0.030236087874026547,0.024874897522301143,target,minute interval; not exact exchange fill
1008,2892965.0,2893599.0,-1.0,191.0,2.9564000000000004,2.9366000000000003,0.28233620000000004,0.28044530000000006,-0.05712619,3.7818000000000076,3.2761446900000073,10560.575609895197,2.0,10557.299465205197,0.05348644337134229,1754131200.0,2025-08-02 00:05:00+00:00,2025-08-02 00:05:00+00:00,2025-08-02 10:39:00+00:00,2025-08-02 10:40:00+00:00,3.502058645176519,2.935970140497361,2025-08-07 00:00:00+00:00,0.037440732742409534,0.03143465269289599,target,minute interval; not exact exchange fill
1009,2894405.0,2894431.0,-1.0,177.0,2.7866,2.7459000000000002,0.2466141,0.24301215000000004,0.0,7.203899999999953,6.714273749999952,10567.289883645197,2.0,10560.575609895197,0.046704670106982434,1754181120.0,2025-08-03 00:05:00+00:00,2025-08-03 00:05:00+00:00,2025-08-03 00:31:00+00:00,2025-08-03 00:32:00+00:00,3.3784277999874206,2.745263454281577,2025-08-08 00:00:00+00:00,0.06984556271148765,0.06409592452535352,target,minute interval; not exact exchange fill
1010,2895845.0,2898922.0,-1.0,126.0,2.9377,2.9111000000000002,0.1850751,0.18339930000000002,-0.1443709417637718,3.3515999999999666,3.127496541763738,10570.417380186958,2.0,10567.289883645197,0.035027921451542154,1754450580.0,2025-08-04 00:05:00+00:00,2025-08-04 00:05:00+00:00,2025-08-06 03:22:00+00:00,2025-08-06 03:23:00+00:00,3.7720040720082513,2.910501318085459,2025-08-09 00:00:00+00:00,0.03260044248504173,0.02975102478567736,target,minute interval; not exact exchange fill
1011,2900165.0,2900334.0,-1.0,110.0,2.9849,2.9724,0.1641695,0.16348200000000002,0.0,1.3750000000000195,1.0473485000000196,10571.464728686959,2.0,10570.417380186958,0.03106206578137908,1754535300.0,2025-08-07 00:05:00+00:00,2025-08-07 00:05:00+00:00,2025-08-07 02:54:00+00:00,2025-08-07 02:55:00+00:00,3.941266490888334,2.9717821703038263,2025-08-12 00:00:00+00:00,0.013716320909559614,0.009955754504903389,target,minute interval; not exact exchange fill
1012,2901605.0,2901609.0,-1.0,139.0,3.3056,3.2924,0.2297392,0.22882180000000002,0.0,1.8347999999999831,1.3762389999999831,10572.840967686958,2.0,10571.464728686959,0.04346402431378779,1754611800.0,2025-08-08 00:05:00+00:00,2025-08-08 00:05:00+00:00,2025-08-08 00:09:00+00:00,2025-08-08 00:10:00+00:00,4.058553869774379,3.291649012315825,2025-08-13 00:00:00+00:00,0.018528343161787104,0.013149543946120761,target,minute interval; not exact exchange fill
1013,2903045.0,2903881.0,-1.0,176.0,3.2815000000000003,3.2590000000000003,0.28877200000000003,0.28679200000000005,-0.05842672,3.9599999999999937,3.4428627199999937,10576.283830406957,2.0,10572.840967686958,0.05462524233222725,1754748120.0,2025-08-09 00:05:00+00:00,2025-08-09 00:05:00+00:00,2025-08-09 14:01:00+00:00,2025-08-09 14:02:00+00:00,3.876709088996974,3.2582976677172626,2025-08-14 00:00:00+00:00,0.03898181783789205,0.03286529114157969,target,minute interval; not exact exchange fill
1014,2904485.0,2904939.0,-1.0,150.0,3.2331000000000003,3.1997,0.24248250000000002,0.2399775,0.0,5.010000000000048,4.527540000000047,10580.811370406958,2.0,10576.283830406957,0.04585400768138608,1754811600.0,2025-08-10 00:05:00+00:00,2025-08-10 00:05:00+00:00,2025-08-10 07:39:00+00:00,2025-08-10 07:40:00+00:00,3.9293780108648306,3.199018199753582,2025-08-15 00:00:00+00:00,0.04894855174887155,0.04334992564609356,target,minute interval; not exact exchange fill
1015,2905925.0,2907113.0,-1.0,130.0,3.1828000000000003,3.1510000000000002,0.206882,0.20481500000000002,-0.05659086771,4.134000000000007,3.7788938677100066,10584.59026427467,2.0,10580.811370406958,0.03910512960823021,1754942040.0,2025-08-11 00:05:00+00:00,2025-08-11 00:05:00+00:00,2025-08-11 19:53:00+00:00,2025-08-11 19:54:00+00:00,3.990249425887407,3.1502968667183415,2025-08-16 00:00:00+00:00,0.0402540793758532,0.036000291083312305,target,minute interval; not exact exchange fill
1016,2907365.0,2910994.0,-1.0,125.0,3.1345,3.0806,0.19590625,0.1925375,-0.26682670237500006,6.737500000000008,6.615882952375007,10591.206147227043,2.0,10584.59026427467,0.03701725718400775,1755174900.0,2025-08-12 00:05:00+00:00,2025-08-12 00:05:00+00:00,2025-08-14 12:34:00+00:00,2025-08-14 12:35:00+00:00,3.9749232929306735,3.0799124982709642,2025-08-17 00:00:00+00:00,0.06495239028737718,0.0629766738549523,target,minute interval; not exact exchange fill
1017,2911685.0,2912574.0,-1.0,169.0,3.0809,3.0556,0.26033605,0.2581982,-0.016888894153322103,4.2757000000000165,3.7740546441533387,10594.980201871198,2.0,10591.206147227043,0.04916079365864489,1755269700.0,2025-08-15 00:05:00+00:00,2025-08-15 00:05:00+00:00,2025-08-15 14:54:00+00:00,2025-08-15 14:55:00+00:00,3.6996371869594475,3.054965177046508,2025-08-20 00:00:00+00:00,0.04191573336805463,0.0360923583640927,target,minute interval; not exact exchange fill
1018,2913125.0,2916090.0,-1.0,209.0,3.0777,3.0543,0.32161965000000003,0.31917435,-0.2143380430593798,4.890600000000019,4.464144043059399,10599.444345914257,2.0,10594.980201871198,0.060711703820493824,1755480660.0,2025-08-16 00:05:00+00:00,2025-08-16 00:05:00+00:00,2025-08-18 01:30:00+00:00,2025-08-18 01:31:00+00:00,3.5784175875785977,3.053642230547785,2025-08-21 00:00:00+00:00,0.04804658364120059,0.042657860250473995,target,minute interval; not exact exchange fill
1019,2917445.0,2917643.0,-1.0,143.0,3.0607,3.0188,0.21884005000000004,0.2158442,0.0,5.991700000000007,5.557015750000007,10605.001361664257,2.0,10599.444345914257,0.04129274004525639,1755573840.0,2025-08-19 00:05:00+00:00,2025-08-19 00:05:00+00:00,2025-08-19 03:23:00+00:00,2025-08-19 03:24:00+00:00,3.7944139728852737,3.018166638908842,2025-08-24 00:00:00+00:00,0.05796994832182201,0.052963758952531755,target,minute interval; not exact exchange fill
1020,2918885.0,2919711.0,-1.0,115.0,2.8759,2.8407,0.16536425,0.16334025,0.01019163396,4.048000000000014,3.709103866040014,10608.710465530296,2.0,10605.001361664257,0.031186087462048033,1755697920.0,2025-08-20 00:05:00+00:00,2025-08-20 00:05:00+00:00,2025-08-20 13:51:00+00:00,2025-08-20 13:52:00+00:00,3.792022209010586,2.840076038899418,2025-08-25 00:00:00+00:00,0.039103910753644874,0.03520608580249738,target,minute interval; not exact exchange fill
1021,2920325.0,2920397.0,-1.0,95.0,2.9461,2.9308,0.13993975,0.139213,0.0,1.4534999999999876,1.1743472499999876,10609.884812780294,2.0,10608.710465530296,0.026382047178060083,1755739080.0,2025-08-21 00:05:00+00:00,2025-08-21 00:05:00+00:00,2025-08-21 01:17:00+00:00,2025-08-21 01:18:00+00:00,4.05127505978725,2.930131773328361,2025-08-26 00:00:00+00:00,0.014448594844976605,0.011185151067722708,target,minute interval; not exact exchange fill
1022,2921765.0,2921980.0,-1.0,172.0,2.8546,2.8291,0.2454956,0.24330259999999998,0.0,4.386000000000013,3.8972018000000137,10613.782014580294,2.0,10609.884812780294,0.04627677007469198,1755834060.0,2025-08-22 00:05:00+00:00,2025-08-22 00:05:00+00:00,2025-08-22 03:40:00+00:00,2025-08-22 03:41:00+00:00,3.4644576045487288,2.8284927035706433,2025-08-27 00:00:00+00:00,0.04280883969410387,0.03715318105570929,target,minute interval; not exact exchange fill
1023,2923205.0,2923243.0,-1.0,192.0,3.068,3.0502000000000002,0.294528,0.29281920000000006,0.0,3.4175999999999647,2.8302527999999647,10616.612267380295,2.0,10613.782014580294,0.05549916129715175,1755909840.0,2025-08-23 00:05:00+00:00,2025-08-23 00:05:00+00:00,2025-08-23 00:43:00+00:00,2025-08-23 00:44:00+00:00,3.614196507524151,3.0495555538190366,2025-08-28 00:00:00+00:00,0.033768883408958575,0.026988272163838447,target,minute interval; not exact exchange fill
1024,2924645.0,2925198.0,-1.0,171.0,3.0501,3.0260000000000002,0.26078355,0.25872300000000004,-0.051907049999999996,4.121099999999964,3.653500499999964,10620.265767880293,2.0,10616.612267380295,0.049127451098739186,1756027140.0,2025-08-24 00:05:00+00:00,2025-08-24 00:05:00+00:00,2025-08-24 09:18:00+00:00,2025-08-24 09:19:00+00:00,3.663555377533379,3.0253761302544135,2025-08-29 00:00:00+00:00,0.0403026375691706,0.03482812406976947,target,minute interval; not exact exchange fill
1025,2926085.0,2926119.0,-1.0,152.0,3.0286,2.9948,0.2301736,0.22760480000000002,0.0,5.137599999999974,4.679821599999975,10624.945589480292,2.0,10620.265767880293,0.043346109227535935,1756082400.0,2025-08-25 00:05:00+00:00,2025-08-25 00:05:00+00:00,2025-08-25 00:39:00+00:00,2025-08-25 00:40:00+00:00,3.7211226397527706,2.9941569011670635,2025-08-30 00:00:00+00:00,0.049735700836051555,0.044458185527322544,target,minute interval; not exact exchange fill
1026,2927525.0,2932877.0,-1.0,145.0,2.8571,2.8157,0.20713974999999998,0.20413825,-0.316186235413608,6.002999999999982,5.907908235413591,10630.853497715703,2.0,10624.945589480292,0.03899121143831326,1756487880.0,2025-08-26 00:05:00+00:00,2025-08-26 00:05:00+00:00,2025-08-29 17:17:00+00:00,2025-08-29 17:18:00+00:00,3.583005989496726,2.81507187305919,2025-08-31 00:00:00+00:00,0.05789747921758896,0.056128748510862164,target,minute interval; not exact exchange fill
1027,2933285.0,2933365.0,-1.0,248.0,2.8136,2.7994000000000003,0.34888640000000004,0.34712560000000003,0.0,3.5215999999999426,2.8255879999999425,10633.679085715705,2.0,10630.853497715703,0.06563657378496783,1756517160.0,2025-08-30 00:05:00+00:00,2025-08-30 00:05:00+00:00,2025-08-30 01:25:00+00:00,2025-08-30 01:26:00+00:00,3.2378435399505214,2.7988250555645178,2025-09-04 00:00:00+00:00,0.03482656315098045,0.026856036514612734,target,minute interval; not exact exchange fill
1028,2934725.0,2935915.0,-1.0,209.0,2.8200000000000003,2.7987,0.29469000000000006,0.29246415000000003,-0.101476400135,4.45170000000002,3.9660222501350204,10637.64510796584,2.0,10633.679085715705,0.05542578398775626,1756670160.0,2025-08-31 00:05:00+00:00,2025-08-31 00:05:00+00:00,2025-08-31 19:55:00+00:00,2025-08-31 19:56:00+00:00,3.323705140967262,2.7980529606562934,2025-09-05 00:00:00+00:00,0.04357120378315403,0.037673197018716645,target,minute interval; not exact exchange fill
1029,2936165.0,2936185.0,-1.0,196.0,2.7608,2.749,0.27055840000000003,0.269402,0.0,2.3128000000000064,1.7728396000000064,10639.41794756584,2.0,10637.64510796584,0.05086810045907556,1756686360.0,2025-09-01 00:05:00+00:00,2025-09-01 00:05:00+00:00,2025-09-01 00:25:00+00:00,2025-09-01 00:26:00+00:00,3.298922040717937,2.748446392127124,2025-09-06 00:00:00+00:00,0.02295688884327149,0.016808640634627208,target,minute interval; not exact exchange fill
1030,2937605.0,2944800.0,-1.0,213.0,2.7593,2.809,0.29386545000000003,0.2991585,-0.536635312662017,-10.586100000000016,-10.642488637338,10628.775458928501,4.0,10639.41794756584,0.055240888448645366,1757203200.0,2025-09-02 00:05:00+00:00,2025-09-02 00:05:00+00:00,2025-09-07 00:00:00+00:00,2025-09-07 00:00:00+00:00,3.2531476405884754,2.7233789843277276,2025-09-07 00:00:00+00:00,0.07273704017188076,-0.10117439323396331,timeout,minute interval; not exact exchange fill
1031,2946245.0,2953440.0,-1.0,205.0,2.8711,3.1053,0.29428775,0.31829325,-0.8384284018589314,-48.010999999999996,-47.78515259814107,10580.99030633036,4.0,10628.775458928501,0.0553756641368859,1757721600.0,2025-09-08 00:05:00+00:00,2025-09-08 00:05:00+00:00,2025-09-13 00:00:00+00:00,2025-09-13 00:00:00+00:00,3.3850015645107905,2.8505729060099343,2025-09-13 00:00:00+00:00,0.03994363007944279,-0.4535855141415733,timeout,minute interval; not exact exchange fill
1032,2954885.0,2954928.0,-1.0,268.0,3.1149,3.1095,0.4173966,0.416673,0.0,1.4471999999999596,0.6131303999999596,10581.603436730362,2.0,10580.99030633036,0.07889556419880307,1757810940.0,2025-09-14 00:05:00+00:00,2025-09-14 00:05:00+00:00,2025-09-14 00:48:00+00:00,2025-09-14 00:49:00+00:00,3.5043581551673415,3.1088423233204936,2025-09-19 00:00:00+00:00,0.015554114348699563,0.005874315301002831,target,minute interval; not exact exchange fill
1033,2956325.0,2956402.0,-1.0,297.0,3.0279000000000003,3.0143,0.44964315000000005,0.44762355000000004,0.0,4.039200000000083,3.141933300000083,10584.745370030363,2.0,10581.603436730362,0.08498582519908467,1757899380.0,2025-09-15 00:05:00+00:00,2025-09-15 00:05:00+00:00,2025-09-15 01:22:00+00:00,2025-09-15 01:23:00+00:00,3.3794618777771452,3.0136902675511097,2025-09-20 00:00:00+00:00,0.040418866057764416,0.030091146591002798,target,minute interval; not exact exchange fill
1034,2957765.0,2957784.0,-1.0,335.0,2.9898000000000002,2.9847,0.5007915000000001,0.49993725,0.0,1.708500000000035,0.7077712500000349,10585.453141280363,2.0,10584.745370030363,0.09462513881872692,1757982300.0,2025-09-16 00:05:00+00:00,2025-09-16 00:05:00+00:00,2025-09-16 00:24:00+00:00,2025-09-16 00:25:00+00:00,3.3012808667577986,2.9841001029336534,2025-09-21 00:00:00+00:00,0.01829934893169221,0.00678292063969033,target,minute interval; not exact exchange fill
1035,2959205.0,2959400.0,-1.0,232.0,3.0376000000000003,3.0297,0.3523616,0.3514452,0.0,1.8328000000000557,1.1289932000000555,10586.582134480363,2.0,10585.453141280363,0.06657468420050654,1758079260.0,2025-09-17 00:05:00+00:00,2025-09-17 00:05:00+00:00,2025-09-17 03:20:00+00:00,2025-09-17 03:21:00+00:00,3.488073809335488,3.0290901113947606,2025-09-22 00:00:00+00:00,0.018890973079640296,0.010802736805451112,target,minute interval; not exact exchange fill
1036,2960645.0,2960700.0,-1.0,335.0,3.0838,3.0733,0.5165365000000001,0.51477775,0.0,3.5174999999999845,2.4861857499999847,10589.068320230363,2.0,10586.582134480363,0.09758324139717336,1758157260.0,2025-09-18 00:05:00+00:00,2025-09-18 00:05:00+00:00,2025-09-18 01:00:00+00:00,2025-09-18 01:01:00+00:00,3.394577415780244,3.0726012813298325,2025-09-23 00:00:00+00:00,0.036034531795214,0.023880274508903798,target,minute interval; not exact exchange fill
1037,2962085.0,2962231.0,-1.0,507.0,3.0784000000000002,3.0641000000000003,0.7803744,0.7767493500000001,0.0,7.250099999999989,5.6929762499999885,10594.761296480363,2.0,10589.068320230363,0.1473924572776811,1758249120.0,2025-09-19 00:05:00+00:00,2025-09-19 00:05:00+00:00,2025-09-19 02:31:00+00:00,2025-09-19 02:32:00+00:00,3.2824389214161154,3.0634141316009993,2025-09-24 00:00:00+00:00,0.07344612633213696,0.05503239245761433,target,minute interval; not exact exchange fill
1038,2963525.0,2963659.0,-1.0,525.0,2.9871000000000003,2.9791000000000003,0.7841137500000002,0.7820137500000001,0.0,4.200000000000004,2.6338725000000034,10597.395168980363,2.0,10594.761296480363,0.14801914418977744,1758334800.0,2025-09-20 00:05:00+00:00,2025-09-20 00:05:00+00:00,2025-09-20 02:19:00+00:00,2025-09-20 02:20:00+00:00,3.1843207913700624,2.9784494238288097,2025-09-25 00:00:00+00:00,0.04386239458373723,0.02543798737013671,target,minute interval; not exact exchange fill
1039,2964965.0,2965527.0,-1.0,501.0,2.9743,2.9681,0.74506215,0.74350905,-0.0872264318692296,3.1061999999998804,1.70485523186911,10599.100024212234,2.0,10597.395168980363,0.14061231804979235,1758446880.0,2025-09-21 00:05:00+00:00,2025-09-21 00:05:00+00:00,2025-09-21 09:27:00+00:00,2025-09-21 09:28:00+00:00,3.1813001776561918,2.967418199043675,2025-09-26 00:00:00+00:00,0.03324538671534268,0.016439138811181465,target,minute interval; not exact exchange fill
1040,2966405.0,2966418.0,-1.0,405.0,2.9713000000000003,2.9596,0.60168825,0.5993189999999999,0.0,4.738500000000108,3.537492750000108,10602.637516962233,2.0,10599.100024212234,0.11353572447198787,1758500340.0,2025-09-22 00:05:00+00:00,2025-09-22 00:05:00+00:00,2025-09-22 00:18:00+00:00,2025-09-22 00:19:00+00:00,3.2280058043908464,2.9589758336286853,2025-09-27 00:00:00+00:00,0.04800891199386692,0.03402552591565683,target,minute interval; not exact exchange fill
1041,2967845.0,2967908.0,-1.0,398.0,2.8506,2.8418,0.5672694,0.5655182,0.0,3.5023999999999678,2.369612399999968,10605.007129362233,2.0,10602.637516962233,0.10700533694422265,1758589740.0,2025-09-23 00:05:00+00:00,2025-09-23 00:05:00+00:00,2025-09-23 01:08:00+00:00,2025-09-23 01:09:00+00:00,3.1125234541923814,2.8412305924801124,2025-09-28 00:00:00+00:00,0.03577154840438915,0.022731068580161915,target,minute interval; not exact exchange fill
1042,2969285.0,2969483.0,-1.0,276.0,2.8236000000000003,2.8178,0.3896568,0.3888564,0.0,1.6008000000000688,0.8222868000000688,10605.829416162233,2.0,10605.007129362233,0.07348543857573687,1758684240.0,2025-09-24 00:05:00+00:00,2025-09-24 00:05:00+00:00,2025-09-24 03:23:00+00:00,2025-09-24 03:24:00+00:00,3.2029584184559465,2.8172170491686503,2025-09-29 00:00:00+00:00,0.016825646989276504,0.007853522829746367,target,minute interval; not exact exchange fill
1043,2970725.0,2970767.0,-1.0,381.0,2.9318,2.9158,0.5585079,0.5554599,0.0,6.096000000000005,4.982032200000005,10610.811448362234,2.0,10605.829416162233,0.10532092834698799,1758761280.0,2025-09-25 00:05:00+00:00,2025-09-25 00:05:00+00:00,2025-09-25 00:47:00+00:00,2025-09-25 00:48:00+00:00,3.205356319841777,2.915207193644009,2025-09-30 00:00:00+00:00,0.06065590575859544,0.0478007600320226,target,minute interval; not exact exchange fill
1044,2972165.0,2972766.0,-1.0,388.0,2.7492,2.7314000000000003,0.5333448,0.5298916,-0.053970601731999995,6.906399999999929,5.897134201731928,10616.708582563966,2.0,10610.811448362234,0.10052856043961107,1758881220.0,2025-09-26 00:05:00+00:00,2025-09-26 00:05:00+00:00,2025-09-26 10:06:00+00:00,2025-09-26 10:07:00+00:00,3.0182106506609148,2.7307717966176783,2025-10-01 00:00:00+00:00,0.06850361997581401,0.05649887635176853,target,minute interval; not exact exchange fill
1045,2973605.0,2973687.0,-1.0,411.0,2.7779000000000003,2.7702,0.5708584500000001,0.5692761000000001,0.0,3.1647000000001078,2.0245654500001073,10618.733148013966,2.0,10616.708582563966,0.107539628795601,1758936480.0,2025-09-27 00:05:00+00:00,2025-09-27 00:05:00+00:00,2025-09-27 01:27:00+00:00,2025-09-27 01:28:00+00:00,3.0319243682979766,2.7696402709154797,2025-10-02 00:00:00+00:00,0.03251549896516896,0.019391643538001085,target,minute interval; not exact exchange fill
1046,2975045.0,2975049.0,-1.0,393.0,2.805,2.7961,0.5511825,0.5494336500000001,0.0,3.497700000000051,2.397083850000051,10621.130231863966,2.0,10618.733148013966,0.10381323126160079,1759018200.0,2025-09-28 00:05:00+00:00,2025-09-28 00:05:00+00:00,2025-09-28 00:09:00+00:00,2025-09-28 00:10:00+00:00,3.0710240122614954,2.7954577787522177,2025-10-03 00:00:00+00:00,0.03586977418565774,0.022928193391822532,target,minute interval; not exact exchange fill
1047,2976485.0,2976494.0,-1.0,307.0,2.8617000000000004,2.8545000000000003,0.43927095000000005,0.4381657500000001,0.0,2.2104000000000292,1.3329633000000292,10622.463195163966,2.0,10621.130231863966,0.08271642290613543,1759104900.0,2025-09-29 00:05:00+00:00,2025-09-29 00:05:00+00:00,2025-09-29 00:14:00+00:00,2025-09-29 00:15:00+00:00,3.20292983507747,2.8538856942242607,2025-10-04 00:00:00+00:00,0.022900417760848838,0.012724268377688459,target,minute interval; not exact exchange fill
1048,2977925.0,2978419.0,-1.0,309.0,2.8786,2.8666,0.4447437,0.4428897,-0.08877261,3.7080000000000033,2.9091392100000033,10625.372334373968,2.0,10622.463195163966,0.08373645393329791,1759220400.0,2025-09-30 00:05:00+00:00,2025-09-30 00:05:00+00:00,2025-09-30 08:19:00+00:00,2025-09-30 08:20:00+00:00,3.2181043865478647,2.8660168618352047,2025-10-05 00:00:00+00:00,0.037063256509710436,0.027730687357916336,target,minute interval; not exact exchange fill
1049,2979365.0,2979389.0,-1.0,216.0,2.8496,2.8382,0.3077568,0.3065256,0.0,2.4624000000000166,1.8481176000000166,10627.220451973966,2.0,10625.372334373968,0.057928661756987285,1759278600.0,2025-10-01 00:05:00+00:00,2025-10-01 00:05:00+00:00,2025-10-01 00:29:00+00:00,2025-10-01 00:30:00+00:00,3.335361008912776,2.837553499271642,2025-10-06 00:00:00+00:00,0.024799233588797986,0.017613805643129386,target,minute interval; not exact exchange fill
1050,2980805.0,2988000.0,-1.0,298.0,2.9507000000000003,2.9885,0.43965430000000005,0.44528650000000003,-1.1656910914480734,-11.26439999999995,-10.983649708551878,10616.236802265414,4.0,10627.220451973966,0.08274116491454468,1759795200.0,2025-10-02 00:05:00+00:00,2025-10-02 00:05:00+00:00,2025-10-07 00:00:00+00:00,2025-10-07 00:00:00+00:00,3.302350071737119,2.9324612357797264,2025-10-07 00:00:00+00:00,0.05186623204760382,-0.1048140975656621,timeout,minute interval; not exact exchange fill
1051,2989445.0,2989690.0,-1.0,195.0,2.8608000000000002,2.8365,0.278928,0.27655874999999996,0.0,4.738500000000041,4.183013250000041,10620.419815515414,2.0,10616.236802265414,0.052547433746104676,1759896660.0,2025-10-08 00:05:00+00:00,2025-10-08 00:05:00+00:00,2025-10-08 04:10:00+00:00,2025-10-08 04:11:00+00:00,3.400435749769111,2.835907914238489,2025-10-13 00:00:00+00:00,0.04612756988795033,0.03975153612261309,target,minute interval; not exact exchange fill
1052,2990885.0,2990889.0,-1.0,277.0,2.8729,2.8669000000000002,0.39789665,0.39706565,0.0,1.66199999999994,0.8670376999999398,10621.286853215413,2.0,10620.419815515414,0.0749304936926714,1759968600.0,2025-10-09 00:05:00+00:00,2025-10-09 00:05:00+00:00,2025-10-09 00:09:00+00:00,2025-10-09 00:10:00+00:00,3.251644504680852,2.8662697068430587,2025-10-14 00:00:00+00:00,0.017505978502653924,0.00826441033814432,target,minute interval; not exact exchange fill
1053,2992325.0,2993222.0,-1.0,351.0,2.8064,2.7877,0.4925232,0.48924135,-0.0699108818531409,6.5636999999999786,5.651846331853119,10626.938699547267,2.0,10621.286853215413,0.09274266043401266,1760108580.0,2025-10-10 00:05:00+00:00,2025-10-10 00:05:00+00:00,2025-10-10 15:02:00+00:00,2025-10-10 15:03:00+00:00,3.1042530927398175,2.7870648234828814,2025-10-15 00:00:00+00:00,0.06491514437289514,0.05406063154644315,target,minute interval; not exact exchange fill
1054,2993765.0,2993776.0,-1.0,274.0,2.3798,2.3477,0.3260326,0.3216349,0.0,8.795399999999944,8.147732499999945,10635.086432047266,2.0,10626.938699547267,0.06135964631355026,1760141820.0,2025-10-11 00:05:00+00:00,2025-10-11 00:05:00+00:00,2025-10-11 00:16:00+00:00,2025-10-11 00:17:00+00:00,2.763871794671925,2.347187281471775,2025-10-16 00:00:00+00:00,0.08491307870207607,0.07742367550160915,target,minute interval; not exact exchange fill
1055,2995205.0,2995210.0,-1.0,223.0,2.3801,2.369,0.26538115,0.26414350000000003,0.0,2.475299999999975,1.9457753499999748,10637.032207397266,2.0,10635.086432047266,0.04990672181098839,1760227860.0,2025-10-12 00:05:00+00:00,2025-10-12 00:05:00+00:00,2025-10-12 00:10:00+00:00,2025-10-12 00:11:00+00:00,2.852335118984844,2.368435556536615,2025-10-17 00:00:00+00:00,0.024700499802852677,0.018476918910132832,target,minute interval; not exact exchange fill
1056,2996645.0,2998415.0,-1.0,169.0,2.5242,2.5062,0.2132949,0.21177390000000004,-0.034573266086268,3.041999999999965,2.6515044660862332,10639.683711863354,2.0,10637.032207397266,0.04010421249860826,1760420160.0,2025-10-13 00:05:00+00:00,2025-10-13 00:05:00+00:00,2025-10-14 05:35:00+00:00,2025-10-14 05:36:00+00:00,3.1494196066551607,2.505627242953845,2025-10-18 00:00:00+00:00,0.02970597346669375,0.02509418350283,target,minute interval; not exact exchange fill
1057,2999525.0,2999911.0,-1.0,113.0,2.5062,2.4788,0.1416003,0.14005220000000002,0.0,3.0962000000000103,2.8145475000000104,10642.498259363354,2.0,10639.683711863354,0.026617388981613102,1760509920.0,2025-10-15 00:05:00+00:00,2025-10-15 00:05:00+00:00,2025-10-15 06:31:00+00:00,2025-10-15 06:32:00+00:00,3.4416716303538055,2.4782493152235188,2025-10-20 00:00:00+00:00,0.02987870916610287,0.02662560701127816,target,minute interval; not exact exchange fill
1058,3000965.0,3001476.0,-1.0,184.0,2.4093,2.3922000000000003,0.2216556,0.22008240000000004,5.7632848000000006e-05,3.1463999999999395,2.7046043671519393,10645.202863730507,2.0,10642.498259363354,0.04165480596719584,1760603820.0,2025-10-16 00:05:00+00:00,2025-10-16 00:05:00+00:00,2025-10-16 08:36:00+00:00,2025-10-16 08:37:00+00:00,2.981983521718196,2.391679621778959,2025-10-21 00:00:00+00:00,0.030768090145453317,0.02566677094863692,target,minute interval; not exact exchange fill
1059,3002405.0,3002791.0,-1.0,228.0,2.3249,2.3069,0.26503859999999996,0.2629866,0.0,4.103999999999953,3.575974799999953,10648.778838530507,2.0,10645.202863730507,0.04979493644090495,1760682720.0,2025-10-17 00:05:00+00:00,2025-10-17 00:05:00+00:00,2025-10-17 06:31:00+00:00,2025-10-17 06:32:00+00:00,2.786586238821645,2.306380276509134,2025-10-22 00:00:00+00:00,0.04011322394649114,0.03397133958341512,target,minute interval; not exact exchange fill
1060,3003845.0,3011040.0,-1.0,266.0,2.2927,2.3641,0.3049291,0.3144253,0.05025772392911763,-18.992400000000035,-19.662012123929152,10629.116826406576,4.0,10648.778838530507,0.05727024753236008,1761177600.0,2025-10-18 00:05:00+00:00,2025-10-18 00:05:00+00:00,2025-10-23 00:00:00+00:00,2025-10-23 00:00:00+00:00,2.688507658429247,2.2731924964101076,2025-10-23 00:00:00+00:00,0.049285311121334635,-0.18675065334789845,timeout,minute interval; not exact exchange fill
1061,3012485.0,3019680.0,-1.0,219.0,2.3897,2.6025,0.26167215,0.28497375,-0.4987345692819718,-46.60320000000002,-46.65111133071805,10582.465715075861,4.0,10629.116826406576,0.049236856509077324,1761696000.0,2025-10-24 00:05:00+00:00,2025-10-24 00:05:00+00:00,2025-10-29 00:00:00+00:00,2025-10-29 00:00:00+00:00,2.8697471264440337,2.372466235951525,2025-10-29 00:00:00+00:00,0.03590015042092739,-0.4437455438543502,timeout,minute interval; not exact exchange fill
1062,3021125.0,3021126.0,-1.0,164.0,2.543,2.5372,0.20852600000000002,0.2080504,0.0,0.9512000000000409,0.5346236000000409,10583.000338675862,2.0,10582.465715075861,0.03940971898504377,1761782820.0,2025-10-30 00:05:00+00:00,2025-10-30 00:05:00+00:00,2025-10-30 00:06:00+00:00,2025-10-30 00:07:00+00:00,3.1843751775660194,2.536664951263947,2025-11-04 00:00:00+00:00,0.009877290169061553,0.005082672535553024,target,minute interval; not exact exchange fill
1063,3022565.0,3027111.0,-1.0,327.0,2.4375,2.427,0.39853125,0.3968145,-0.2354330262424134,3.433499999999985,2.8735872762423984,10585.873925952103,2.0,10583.000338675862,0.07531536185320845,1762141920.0,2025-10-31 00:05:00+00:00,2025-10-31 00:05:00+00:00,2025-11-03 03:51:00+00:00,2025-11-03 03:52:00+00:00,2.7571955027928747,2.4264995868593675,2025-11-05 00:00:00+00:00,0.034409033109732146,0.027487808232377838,target,minute interval; not exact exchange fill
1064,3028325.0,3028651.0,-1.0,269.0,2.3052,2.294,0.3100494,0.308543,0.0,3.0128000000000266,2.3942076000000263,10588.268133552103,2.0,10585.873925952103,0.05857795061017863,1762234320.0,2025-11-04 00:05:00+00:00,2025-11-04 00:05:00+00:00,2025-11-04 05:31:00+00:00,2025-11-04 05:32:00+00:00,2.6944408970427878,2.293499608289798,2025-11-09 00:00:00+00:00,0.030059512756996195,0.022866045340096196,target,minute interval; not exact exchange fill
1065,3029765.0,3029766.0,-1.0,262.0,2.1972,2.1893000000000002,0.28783320000000007,0.28679830000000006,0.0,2.0697999999999466,1.4951684999999464,10589.763302052103,2.0,10588.268133552103,0.05436832470985774,1762301220.0,2025-11-05 00:05:00+00:00,2025-11-05 00:05:00+00:00,2025-11-05 00:06:00+00:00,2025-11-05 00:07:00+00:00,2.597066399405411,2.188836581955915,2025-11-10 00:00:00+00:00,0.020915530928633654,0.01427164174955825,target,minute interval; not exact exchange fill
1066,3031205.0,3031264.0,-1.0,243.0,2.3360000000000003,2.3341000000000003,0.283824,0.28359315,0.0,0.4617000000000031,-0.10571714999999693,10589.657584902103,2.0,10589.763302052103,0.05360346438432672,1762391100.0,2025-11-06 00:05:00+00:00,2025-11-06 00:05:00+00:00,2025-11-06 01:04:00+00:00,2025-11-06 01:05:00+00:00,2.7678562891559135,2.333557340022288,2025-11-11 00:00:00+00:00,0.005656187113742459,-0.0010073953093292132,target,minute interval; not exact exchange fill
1067,3032645.0,3032734.0,-1.0,296.0,2.2127,2.1998,0.32747960000000004,0.32557040000000004,0.0,3.818399999999908,3.1653499999999077,10592.822934902102,2.0,10589.657584902103,0.06184894976526806,1762479300.0,2025-11-07 00:05:00+00:00,2025-11-07 00:05:00+00:00,2025-11-07 01:34:00+00:00,2025-11-07 01:35:00+00:00,2.56691644071507,2.1993031310547275,2025-11-12 00:00:00+00:00,0.03782113816690042,0.03018987480765095,target,minute interval; not exact exchange fill
1068,3034085.0,3034106.0,-1.0,315.0,2.3178,2.3104,0.3650535,0.363888,0.0,2.331000000000023,1.6020585000000231,10594.424993402103,2.0,10592.822934902102,0.06892468650584005,1762561620.0,2025-11-08 00:05:00+00:00,2025-11-08 00:05:00+00:00,2025-11-08 00:26:00+00:00,2025-11-08 00:27:00+00:00,2.649605044964298,2.309929179690131,2025-11-13 00:00:00+00:00,0.023721219521288067,0.015327976705560088,target,minute interval; not exact exchange fill
1069,3035525.0,3035535.0,-1.0,269.0,2.2836000000000003,2.2758000000000003,0.30714420000000003,0.30609510000000006,0.0,2.098200000000008,1.4849607000000078,10595.909954102102,2.0,10594.424993402103,0.05798223125677522,1762647360.0,2025-11-09 00:05:00+00:00,2025-11-09 00:05:00+00:00,2025-11-09 00:15:00+00:00,2025-11-09 00:16:00+00:00,2.6730924627569737,2.2752747037209637,2025-11-14 00:00:00+00:00,0.021374730129838693,0.01417305988651303,target,minute interval; not exact exchange fill
1070,3036965.0,3040811.0,-1.0,219.0,2.3528000000000002,2.3434,0.25763160000000007,0.2566023,-0.2084696441699217,2.058600000000065,1.7528357441699867,10597.662789846272,2.0,10595.909954102102,0.048628499320204306,1762963920.0,2025-11-10 00:05:00+00:00,2025-11-10 00:05:00+00:00,2025-11-12 16:11:00+00:00,2025-11-12 16:12:00+00:00,2.8327387615340687,2.342899554477215,2025-11-15 00:00:00+00:00,0.020628559966983553,0.01667674467017694,target,minute interval; not exact exchange fill
1071,3041285.0,3042335.0,-1.0,205.0,2.3895,2.3769,0.24492375,0.24363225,-0.07397063089828651,2.5829999999999886,2.1684146308982752,10599.831204477172,2.0,10597.662789846272,0.04622221990959439,1763055360.0,2025-11-13 00:05:00+00:00,2025-11-13 00:05:00+00:00,2025-11-13 17:35:00+00:00,2025-11-13 17:36:00+00:00,2.9006432106635383,2.376354491327289,2025-11-18 00:00:00+00:00,0.025717858319287894,0.02069406797385402,target,minute interval; not exact exchange fill
1072,3042725.0,3042736.0,-1.0,242.0,2.3198000000000003,2.3076000000000003,0.28069580000000005,0.2792196,0.0,2.9523999999999972,2.392484599999997,10602.223689077171,2.0,10599.831204477172,0.052962315075628624,1763079420.0,2025-11-14 00:05:00+00:00,2025-11-14 00:05:00+00:00,2025-11-14 00:16:00+00:00,2025-11-14 00:17:00+00:00,2.753704908784226,2.307086755328794,2025-11-19 00:00:00+00:00,0.02929961015381889,0.022784485263604826,target,minute interval; not exact exchange fill
1073,3044165.0,3045127.0,-1.0,320.0,2.2543,2.2387,0.36068800000000006,0.358192,0.095242248084288,4.992000000000019,4.177877751915731,10606.401566829087,2.0,10602.223689077171,0.06804006604229546,1763222880.0,2025-11-15 00:05:00+00:00,2025-11-15 00:05:00+00:00,2025-11-15 16:07:00+00:00,2025-11-15 16:08:00+00:00,2.5821252218204513,2.2381812950874362,2025-11-20 00:00:00+00:00,0.049168593017507714,0.039825697065759384,target,minute interval; not exact exchange fill
1074,3045605.0,3045607.0,-1.0,264.0,2.2308,2.2261,0.2944656,0.29384520000000003,0.0,1.240799999999922,0.6524891999999219,10607.054056029086,2.0,10606.401566829087,0.05552601382186477,1763251680.0,2025-11-16 00:05:00+00:00,2025-11-16 00:05:00+00:00,2025-11-16 00:07:00+00:00,2025-11-16 00:08:00+00:00,2.628271882096332,2.225577050567337,2025-11-21 00:00:00+00:00,0.013140424940542465,0.006218175703308482,target,minute interval; not exact exchange fill
1075,3047045.0,3048005.0,-1.0,230.0,2.2150000000000003,2.1927000000000003,0.25472500000000003,0.25216050000000007,-0.04595169747,5.128999999999997,4.668066197469996,10611.722122226556,2.0,10607.054056029086,0.048029358322203224,1763395560.0,2025-11-17 00:05:00+00:00,2025-11-17 00:05:00+00:00,2025-11-17 16:05:00+00:00,2025-11-17 16:06:00+00:00,2.6728074288215957,2.192202912902698,2025-11-22 00:00:00+00:00,0.04979623671896839,0.0443329197196343,target,minute interval; not exact exchange fill
1076,3048485.0,3048521.0,-1.0,238.0,2.1619,2.1366,0.2572661,0.2542554,0.0,6.021400000000024,5.509878500000024,10617.232000726557,2.0,10611.722122226556,0.04848715355279588,1763426520.0,2025-11-18 00:05:00+00:00,2025-11-18 00:05:00+00:00,2025-11-18 00:41:00+00:00,2025-11-18 00:42:00+00:00,2.604510943508665,2.136076075126141,2025-11-23 00:00:00+00:00,0.05834452413026175,0.05230496520596512,target,minute interval; not exact exchange fill
1077,3049925.0,3049937.0,-1.0,214.0,2.2068000000000003,2.1985,0.23612760000000002,0.23523950000000002,0.0,1.776200000000042,1.3048329000000418,10618.536833626558,2.0,10617.232000726557,0.04448006787152082,1763511480.0,2025-11-19 00:05:00+00:00,2025-11-19 00:05:00+00:00,2025-11-19 00:17:00+00:00,2025-11-19 00:18:00+00:00,2.6996199797195257,2.1980049530465737,2025-11-24 00:00:00+00:00,0.017846368482122097,0.012372367702036613,target,minute interval; not exact exchange fill
1078,3051365.0,3051365.0,-1.0,234.0,2.1002,2.1,0.2457234,0.24570000000000003,0.0,0.046799999999994846,-0.4446234000000052,10618.09221022656,2.0,10618.536833626558,0.04628196970073096,1763597160.0,2025-11-20 00:05:00+00:00,2025-11-20 00:05:00+00:00,2025-11-20 00:05:00+00:00,2025-11-20 00:06:00+00:00,2.5507121039802763,2.099534712026468,2025-11-25 00:00:00+00:00,0.0014767371789890823,-0.004217644727439355,target,minute interval; not exact exchange fill
1079,3052805.0,3052964.0,-1.0,280.0,1.9993,1.9872,0.279902,0.278208,0.0,3.388,2.82989,10620.922100226559,2.0,10618.09221022656,0.05272171204737121,1763693100.0,2025-11-21 00:05:00+00:00,2025-11-21 00:05:00+00:00,2025-11-21 02:44:00+00:00,2025-11-21 02:45:00+00:00,2.375278025089828,1.986718543802801,2025-11-26 00:00:00+00:00,0.03346327539805854,0.02688122529923207,target,minute interval; not exact exchange fill
1080,3054245.0,3054245.0,-1.0,348.0,1.9494,1.9460000000000002,0.33919560000000004,0.33860400000000007,0.0,1.183199999999947,0.5054003999999468,10621.42750062656,2.0,10620.922100226559,0.0638730981734184,1763769960.0,2025-11-22 00:05:00+00:00,2025-11-22 00:05:00+00:00,2025-11-22 00:05:00+00:00,2025-11-22 00:06:00+00:00,2.2513354937345653,1.9455448304134142,2025-11-27 00:00:00+00:00,0.012768189452992722,0.004809967791585906,target,minute interval; not exact exchange fill
1081,3055685.0,3062880.0,-1.0,300.0,1.9522000000000002,2.1994000000000002,0.29283000000000003,0.32991000000000004,0.06257909921313001,-74.16000000000003,-74.84531909921314,10546.582181527345,4.0,10621.42750062656,0.05513948101283485,1764288000.0,2025-11-23 00:05:00+00:00,2025-11-23 00:05:00+00:00,2025-11-28 00:00:00+00:00,2025-11-28 00:00:00+00:00,2.3024048008724063,1.9405349302471686,2025-11-28 00:00:00+00:00,0.03330927995210896,-0.7123957078140527,timeout,minute interval; not exact exchange fill
1082,3064325.0,3064329.0,-1.0,344.0,2.1751,2.1742,0.37411720000000004,0.37396240000000003,0.0,0.3096000000000423,-0.4384795999999578,10546.143701927345,2.0,10546.582181527345,0.0709456757764193,1764375000.0,2025-11-29 00:05:00+00:00,2025-11-29 00:05:00+00:00,2025-11-29 00:09:00+00:00,2025-11-29 00:10:00+00:00,2.4779938786128533,2.173733555523547,2025-12-04 00:00:00+00:00,0.004511297761152477,-0.004208239551876463,target,minute interval; not exact exchange fill
1083,3067205.0,3067206.0,-1.0,389.0,2.1489000000000003,2.1354,0.41796105000000006,0.4153353,0.0,5.251500000000027,4.418203650000027,10550.561905577346,2.0,10546.143701927345,0.07926329506085077,1764547620.0,2025-12-01 00:05:00+00:00,2025-12-01 00:05:00+00:00,2025-12-01 00:06:00+00:00,2025-12-01 00:07:00+00:00,2.4166578039163698,2.1349598261932554,2025-12-06 00:00:00+00:00,0.052062623769871,0.042418371505420396,target,minute interval; not exact exchange fill
1084,3068645.0,3068767.0,-1.0,517.0,2.0241000000000002,2.0088,0.5232298500000001,0.5192748,0.0,7.910100000000162,6.867595350000162,10557.429500927346,2.0,10550.561905577346,0.09918521016845651,1764641280.0,2025-12-02 00:05:00+00:00,2025-12-02 00:05:00+00:00,2025-12-02 02:07:00+00:00,2025-12-02 02:08:00+00:00,2.2249512604197994,2.0083701344697977,2025-12-07 00:00:00+00:00,0.07831599113356577,0.06613625412275914,target,minute interval; not exact exchange fill
1085,3070085.0,3072261.0,-1.0,374.0,2.1478,2.1373,0.40163860000000007,0.39967510000000006,-0.2516666651416808,3.9269999999999827,3.3773529651416636,10560.806853892487,2.0,10557.429500927346,0.0760864375110856,1764850920.0,2025-12-03 00:05:00+00:00,2025-12-03 00:05:00+00:00,2025-12-04 12:21:00+00:00,2025-12-04 12:22:00+00:00,2.426494573048742,2.1368638455536604,2025-12-08 00:00:00+00:00,0.03924064371510782,0.032402337164239646,target,minute interval; not exact exchange fill
1086,3072965.0,3073231.0,-1.0,334.0,2.0981,2.0839000000000003,0.3503827,0.3480113000000001,0.0,4.742799999999923,4.044405999999922,10564.851259892486,2.0,10560.806853892487,0.06635528986515958,1764909120.0,2025-12-05 00:05:00+00:00,2025-12-05 00:05:00+00:00,2025-12-05 04:31:00+00:00,2025-12-05 04:32:00+00:00,2.4105742896826428,2.0834773160157476,2025-12-10 00:00:00+00:00,0.04679643883374749,0.0387519882429303,target,minute interval; not exact exchange fill
1087,3075845.0,3075853.0,-1.0,317.0,2.0313,2.0293,0.32196105,0.32164405,0.0,0.6339999999999302,-0.009605100000069866,10564.841654792486,2.0,10564.851259892486,0.06094947142744279,1765066440.0,2025-12-07 00:05:00+00:00,2025-12-07 00:05:00+00:00,2025-12-07 00:13:00+00:00,2025-12-07 00:14:00+00:00,2.3606207291413224,2.0288119381250405,2025-12-12 00:00:00+00:00,0.0075551328986998385,-9.200756988248273e-05,target,minute interval; not exact exchange fill
1088,3077285.0,3081649.0,-1.0,367.0,2.0439000000000003,2.0229,0.3750556500000001,0.37120214999999995,-0.2700459529638346,7.707000000000129,7.230788152963963,10572.072442945451,2.0,10564.841654792486,0.07100071392548796,1765414200.0,2025-12-08 00:05:00+00:00,2025-12-08 00:05:00+00:00,2025-12-11 00:49:00+00:00,2025-12-11 00:50:00+00:00,2.3281188919726925,2.0224256467038475,2025-12-13 00:00:00+00:00,0.07555568578536302,0.06932128930126559,target,minute interval; not exact exchange fill
1089,3083045.0,3083097.0,-1.0,371.0,2.028,2.0234,0.37619400000000003,0.3753407,0.0,1.7065999999999768,0.9550652999999769,10573.02750824545,2.0,10572.072442945451,0.07116750325543358,1765501080.0,2025-12-12 00:05:00+00:00,2025-12-12 00:05:00+00:00,2025-12-12 00:57:00+00:00,2025-12-12 00:58:00+00:00,2.309798914471292,2.02291623763033,2025-12-17 00:00:00+00:00,0.01804039018109105,0.009135237461186864,target,minute interval; not exact exchange fill
1090,3084485.0,3086533.0,-1.0,424.0,2.0098000000000003,2.003,0.42607760000000006,0.424636,-0.1986516142738744,2.883200000000059,2.231138014273933,10575.258646259725,2.0,10573.02750824545,0.0805970853036598,1765707240.0,2025-12-13 00:05:00+00:00,2025-12-13 00:05:00+00:00,2025-12-14 10:13:00+00:00,2025-12-14 10:14:00+00:00,2.256139618236717,2.002555374860682,2025-12-18 00:00:00+00:00,0.029409094611636894,0.021361232902198768,target,minute interval; not exact exchange fill
1091,3087365.0,3088163.0,-1.0,565.0,1.9798,1.9639000000000002,0.5592935,0.5548017500000001,0.053691043174999994,8.98349999999989,7.815713706824888,10583.07435996655,2.0,10575.258646259725,0.10577396141470485,1765805040.0,2025-12-15 00:05:00+00:00,2025-12-15 00:05:00+00:00,2025-12-15 13:23:00+00:00,2025-12-15 13:24:00+00:00,2.1639564366988164,1.9634941135736448,2025-12-20 00:00:00+00:00,0.0885436681913167,0.07511614501763819,target,minute interval; not exact exchange fill
1092,3088805.0,3088851.0,-1.0,678.0,1.893,1.8816000000000002,0.6417269999999999,0.6378624,0.0,7.729199999999901,6.449610599999901,10589.52397056655,2.0,10583.07435996655,0.1212742116652818,1765846320.0,2025-12-16 00:05:00+00:00,2025-12-16 00:05:00+00:00,2025-12-16 00:51:00+00:00,2025-12-16 00:52:00+00:00,2.046033789303869,1.8811689896670902,2025-12-21 00:00:00+00:00,0.07730979143055619,0.06216078189837622,target,minute interval; not exact exchange fill
1093,3090245.0,3090373.0,-1.0,560.0,1.9232,1.9185,0.538496,0.5371800000000001,0.0,2.631999999999959,1.5563239999999587,10591.080294566551,2.0,10589.52397056655,0.1017035329438307,1765937640.0,2025-12-17 00:05:00+00:00,2025-12-17 00:05:00+00:00,2025-12-17 02:13:00+00:00,2025-12-17 02:14:00+00:00,2.1091995326514246,1.9180532494486484,2025-12-22 00:00:00+00:00,0.027670771415307587,0.014941704209591953,target,minute interval; not exact exchange fill
1094,3091685.0,3091746.0,-1.0,633.0,1.8598000000000001,1.8566,0.5886267000000001,0.5876139,0.0,2.025600000000058,0.8493594000000579,10591.92965396655,2.0,10591.080294566551,0.11115517655021047,1766020020.0,2025-12-18 00:05:00+00:00,2025-12-18 00:05:00+00:00,2025-12-18 01:06:00+00:00,2025-12-18 01:07:00+00:00,2.0240931702419624,1.8562100583116257,2025-12-23 00:00:00+00:00,0.021850827292987145,0.008167107604192914,target,minute interval; not exact exchange fill
1095,3093125.0,3093144.0,-1.0,505.0,1.804,1.7996,0.45551,0.454399,0.0,2.2219999999999795,1.3120909999999795,10593.24174496655,2.0,10591.92965396655,0.08601076760917062,1766103900.0,2025-12-19 00:05:00+00:00,2025-12-19 00:05:00+00:00,2025-12-19 00:24:00+00:00,2025-12-19 00:25:00+00:00,2.0109030275413864,1.7991794878425786,2025-12-24 00:00:00+00:00,0.023298412858928187,0.012557573617332628,target,minute interval; not exact exchange fill
1096,3096005.0,3096010.0,-1.0,405.0,1.935,1.9319000000000002,0.39183750000000006,0.39120975,0.0,1.2554999999999517,0.47245274999995157,10593.71419771655,2.0,10593.24174496655,0.07397877050926063,1766275860.0,2025-12-21 00:05:00+00:00,2025-12-21 00:05:00+00:00,2025-12-21 00:10:00+00:00,2025-12-21 00:11:00+00:00,2.1932415108944636,1.9315108595561636,2025-12-26 00:00:00+00:00,0.013511152532182685,0.004517283050115898,target,minute interval; not exact exchange fill
1097,3097445.0,3097565.0,-1.0,517.0,1.9241000000000001,1.9068,0.49737985000000007,0.4929078,0.0,8.944100000000049,7.953812350000049,10601.66801006655,2.0,10593.71419771655,0.09390093799343936,1766369160.0,2025-12-22 00:05:00+00:00,2025-12-22 00:05:00+00:00,2025-12-22 02:05:00+00:00,2025-12-22 02:06:00+00:00,2.1257377388222682,1.9064042055320134,2025-12-27 00:00:00+00:00,0.08776032984373307,0.07629796926834553,target,minute interval; not exact exchange fill
1098,3098885.0,3099066.0,-1.0,720.0,1.8984,1.8894000000000002,0.683424,0.6801840000000001,0.0,6.479999999999926,5.116391999999925,10606.78440206655,2.0,10601.66801006655,0.1289276365475832,1766459220.0,2025-12-23 00:05:00+00:00,2025-12-23 00:05:00+00:00,2025-12-23 03:06:00+00:00,2025-12-23 03:07:00+00:00,2.0427380779808595,1.8889624727749297,2025-12-28 00:00:00+00:00,0.06538487526709282,0.04923233078482749,target,minute interval; not exact exchange fill
1099,3100325.0,3100444.0,-1.0,664.0,1.8724,1.8637000000000001,0.6216368,0.6187484000000001,0.0,5.7767999999999535,4.536414799999953,10611.32081686655,2.0,10606.78440206655,0.11721494025632966,1766541900.0,2025-12-24 00:05:00+00:00,2025-12-24 00:05:00+00:00,2025-12-24 02:04:00+00:00,2025-12-24 02:05:00+00:00,2.029110303308971,1.8633088760645136,2025-12-29 00:00:00+00:00,0.05801229238617698,0.04359604860524082,target,minute interval; not exact exchange fill
1100,3101765.0,3101814.0,-1.0,781.0,1.8599,1.858,0.7262909500000001,0.7255490000000001,0.0,1.48390000000001,0.03206005000000978,10611.35287691655,2.0,10611.32081686655,0.13688982974590128,1766624100.0,2025-12-25 00:05:00+00:00,2025-12-25 00:05:00+00:00,2025-12-25 00:54:00+00:00,2025-12-25 00:55:00+00:00,1.992847278585866,1.857584942916821,2025-12-30 00:00:00+00:00,0.017413346913182037,0.0003087690130753583,target,minute interval; not exact exchange fill
1101,3103205.0,3103210.0,-1.0,749.0,1.8339,1.826,0.68679555,0.683837,0.0,5.917100000000014,4.546467450000014,10615.89934436655,2.0,10611.35287691655,0.1294454266041842,1766707860.0,2025-12-26 00:05:00+00:00,2025-12-26 00:05:00+00:00,2025-12-26 00:10:00+00:00,2025-12-26 00:11:00+00:00,1.9728026627940731,1.8255392330515698,2025-12-31 00:00:00+00:00,0.06019155270497086,0.04370002617587708,target,minute interval; not exact exchange fill
1102,3104645.0,3111402.0,-1.0,117.0,1.8422,1.8410000000000002,0.10776870000000001,0.10769850000000002,-0.0356009631914781,0.14039999999998454,-0.03946623680853739,10615.859878129742,2.0,10615.89934436655,0.020303263341920952,1767199380.0,2025-12-27 00:05:00+00:00,2025-12-27 00:05:00+00:00,2025-12-31 16:42:00+00:00,2025-12-31 16:43:00+00:00,1.9903390795932427,1.8405421451077215,2026-01-01 00:00:00+00:00,0.011191205567299647,-0.002277037661142719,target,minute interval; not exact exchange fill
1103,3111845.0,3112066.0,-1.0,839.0,1.8407,1.8375000000000001,0.7721736499999999,0.7708312500000001,0.0,2.684799999999891,1.1417950999998907,10617.00167322974,2.0,10615.859878129742,0.14547547892767368,1767239220.0,2026-01-01 00:05:00+00:00,2026-01-01 00:05:00+00:00,2026-01-01 03:46:00+00:00,2026-01-01 03:47:00+00:00,1.9643116251034558,1.8371302571903763,2026-01-06 00:00:00+00:00,0.028878698153479293,0.011009482310914325,target,minute interval; not exact exchange fill
1104,3113285.0,3113377.0,-1.0,705.0,1.8769,1.8734000000000002,0.6616072500000001,0.6603735000000001,0.0,2.467499999999885,1.1455192499998845,10618.14719247974,2.0,10617.00167322974,0.12463165597274245,1767317880.0,2026-01-02 00:05:00+00:00,2026-01-02 00:05:00+00:00,2026-01-02 01:37:00+00:00,2026-01-02 01:38:00+00:00,2.024459679396868,1.8729687055382522,2026-01-07 00:00:00+00:00,0.026642064267260988,0.011011476892883013,target,minute interval; not exact exchange fill
1105,3114725.0,3115157.0,-1.0,599.0,2.0085,2.0036,0.60154575,0.6000782,0.0,2.9351000000000758,1.7334760500000757,10619.88066852974,2.0,10618.14719247974,0.11330521965753919,1767424680.0,2026-01-03 00:05:00+00:00,2026-01-03 00:05:00+00:00,2026-01-03 07:17:00+00:00,2026-01-03 07:18:00+00:00,2.182693471550009,2.0031436013184765,2026-01-08 00:00:00+00:00,0.030749709698425522,0.016613423994878657,target,minute interval; not exact exchange fill
1106,3116165.0,3118724.0,-1.0,476.0,2.0221,2.2426,0.4812598,0.5337388,-0.11070655673126562,-104.95799999999996,-105.8622920432687,10514.018376486472,1.0,10619.88066852974,0.090633749101557,1767638700.0,2026-01-04 00:05:00+00:00,2026-01-04 00:05:00+00:00,2026-01-05 18:44:00+00:00,2026-01-05 18:45:00+00:00,2.2421160997417915,2.01631190265601,2026-01-09 00:00:00+00:00,0.026307608174051603,-1.0108340865107157,stop,minute interval; not exact exchange fill
1107,3119045.0,3119055.0,-1.0,332.0,2.3560000000000003,2.3228,0.39109600000000005,0.3855848,0.0,11.022400000000113,10.245719200000114,10524.264095686473,2.0,10514.018376486472,0.07439515245182494,1767658560.0,2026-01-06 00:05:00+00:00,2026-01-06 00:05:00+00:00,2026-01-06 00:15:00+00:00,2026-01-06 00:16:00+00:00,2.668361388712968,2.322306917748234,2026-01-11 00:00:00+00:00,0.10786570770027919,0.0987977423431117,target,minute interval; not exact exchange fill
1108,3120485.0,3120538.0,-1.0,285.0,2.2997,2.2875,0.32770725,0.32596875000000003,0.0,3.4769999999999968,2.823323999999997,10527.087419686472,2.0,10524.264095686473,0.062276515872366926,1767747540.0,2026-01-07 00:05:00+00:00,2026-01-07 00:05:00+00:00,2026-01-07 00:58:00+00:00,2026-01-07 00:59:00+00:00,2.664686263673612,2.2870190359241116,2026-01-12 00:00:00+00:00,0.034743674866702386,0.02714184336772401,target,minute interval; not exact exchange fill
1109,3121925.0,3121939.0,-1.0,256.0,2.16,2.1573,0.27648,0.27613440000000006,0.0,0.6911999999999807,0.13858559999998066,10527.226005286471,2.0,10527.087419686472,0.05252734948946295,1767831600.0,2026-01-08 00:05:00+00:00,2026-01-08 00:05:00+00:00,2026-01-08 00:19:00+00:00,2026-01-08 00:20:00+00:00,2.567601756930134,2.156829375551255,2026-01-13 00:00:00+00:00,0.00777873106491178,0.0013281346088326999,target,minute interval; not exact exchange fill
1110,3123365.0,3123463.0,-1.0,340.0,2.1243000000000003,2.1114,0.36113100000000004,0.35893800000000003,0.0,4.386000000000045,3.665931000000045,10530.89193628647,2.0,10527.226005286471,0.0686089573490016,1767923040.0,2026-01-09 00:05:00+00:00,2026-01-09 00:05:00+00:00,2026-01-09 01:43:00+00:00,2026-01-09 01:44:00+00:00,2.429976839868467,2.110930542545628,2026-01-14 00:00:00+00:00,0.043737227393887676,0.03527303542080488,target,minute interval; not exact exchange fill
1111,3124805.0,3124822.0,-1.0,361.0,2.0929,2.0909,0.37776845000000003,0.37740745,0.0,0.7220000000000808,-0.03317589999991921,10530.85876038647,2.0,10530.89193628647,0.07174481559312501,1768004580.0,2026-01-10 00:05:00+00:00,2026-01-10 00:05:00+00:00,2026-01-10 00:22:00+00:00,2026-01-10 00:23:00+00:00,2.380700596344485,2.0904508115360354,2026-01-15 00:00:00+00:00,0.008510018725024568,-0.0003193183098542851,target,minute interval; not exact exchange fill
1112,3127685.0,3127702.0,-1.0,288.0,2.0669,2.0539,0.2976336,0.2957616,0.0,3.7439999999999714,3.150604799999971,10534.009365186472,2.0,10530.85876038647,0.05652598838749921,1768177380.0,2026-01-12 00:05:00+00:00,2026-01-12 00:05:00+00:00,2026-01-12 00:22:00+00:00,2026-01-12 00:23:00+00:00,2.429120562229928,2.0533940579921617,2026-01-17 00:00:00+00:00,0.037286513843090605,0.030201488100655444,target,minute interval; not exact exchange fill
1113,3129125.0,3134373.0,-1.0,366.0,2.0537,2.031,0.3758271,0.37167300000000003,-0.29580262339420327,8.308199999999978,7.85650252339418,10541.865867709867,2.0,10534.009365186472,0.07135499636863048,1768577640.0,2026-01-13 00:05:00+00:00,2026-01-13 00:05:00+00:00,2026-01-16 15:33:00+00:00,2026-01-16 15:34:00+00:00,2.338094781868565,2.0305908232152623,2026-01-18 00:00:00+00:00,0.08125738676674407,0.07547907084658025,target,minute interval; not exact exchange fill
1114,3134885.0,3134930.0,-1.0,348.0,2.0663,2.0629,0.35953620000000003,0.3589446,0.0,1.1832000000000242,0.46471920000002426,10542.330586909868,2.0,10541.865867709867,0.0682111126268971,1768611060.0,2026-01-17 00:05:00+00:00,2026-01-17 00:05:00+00:00,2026-01-17 00:50:00+00:00,2026-01-17 00:51:00+00:00,2.365498052631345,2.0624837152653734,2026-01-22 00:00:00+00:00,0.0127550453656488,0.004463264343653579,target,minute interval; not exact exchange fill
1115,3139205.0,3139348.0,-1.0,349.0,1.9877,1.9624000000000001,0.34685365,0.34243880000000004,0.0,8.829699999999958,8.140407549999958,10550.470994459867,2.0,10542.330586909868,0.06580208183391233,1768876140.0,2026-01-20 00:05:00+00:00,2026-01-20 00:05:00+00:00,2026-01-20 02:28:00+00:00,2026-01-20 02:29:00+00:00,2.286240699583819,1.9619981949839256,2026-01-25 00:00:00+00:00,0.08609146107014574,0.07812988323707971,target,minute interval; not exact exchange fill
1116,3140645.0,3141675.0,-1.0,300.0,1.8929,1.8741,0.283935,0.281115,0.004959712124459996,5.639999999999978,5.069990287875519,10555.540984747742,2.0,10550.470994459867,0.05382413735824618,1769015760.0,2026-01-21 00:05:00+00:00,2026-01-21 00:05:00+00:00,2026-01-21 17:15:00+00:00,2026-01-21 17:16:00+00:00,2.241119805295105,1.8736456200471885,2026-01-26 00:00:00+00:00,0.05529375314104857,0.04853247106932803,target,minute interval; not exact exchange fill
1117,3142085.0,3142863.0,-1.0,262.0,1.9494,1.9392,0.2553714,0.2540352,-0.0286723736649196,2.6723999999999966,2.191665773664916,10557.732650521406,2.0,10555.540984747742,0.048386226791975816,1769087040.0,2026-01-22 00:05:00+00:00,2026-01-22 00:05:00+00:00,2026-01-22 13:03:00+00:00,2026-01-22 13:04:00+00:00,2.34810774911688,1.9387251793484437,2026-01-27 00:00:00+00:00,0.02677354697820797,0.020980621919775067,target,minute interval; not exact exchange fill
1118,3143525.0,3143690.0,-1.0,386.0,1.9219000000000002,1.9123,0.37092670000000005,0.36907390000000007,0.0,3.7056000000000204,2.9655994000000203,10560.698249921406,2.0,10557.732650521406,0.07026635590771119,1769136660.0,2026-01-23 00:05:00+00:00,2026-01-23 00:05:00+00:00,2026-01-23 02:50:00+00:00,2026-01-23 02:51:00+00:00,2.1922001529159183,1.911910791411838,2026-01-28 00:00:00+00:00,0.03695598570848545,0.028423587323644472,target,minute interval; not exact exchange fill
1119,3144965.0,3145548.0,-1.0,441.0,1.9199000000000002,1.915,0.42333795,0.4222575,-0.010293311763000001,2.1609000000000558,1.3255978617630557,10562.02384778317,2.0,10560.698249921406,0.08017234087777303,1769248140.0,2026-01-24 00:05:00+00:00,2026-01-24 00:05:00+00:00,2026-01-24 09:48:00+00:00,2026-01-24 09:49:00+00:00,2.156280920580375,1.9146091102228906,2026-01-29 00:00:00+00:00,0.022382896911134362,0.012716300603364723,target,minute interval; not exact exchange fill
1120,3146405.0,3146425.0,-1.0,344.0,1.9145,1.913,0.32929400000000003,0.329036,0.0,0.5160000000000196,-0.14232999999998047,10561.881517783171,2.0,10562.02384778317,0.062354337529566276,1769300760.0,2026-01-25 00:05:00+00:00,2026-01-25 00:05:00+00:00,2026-01-25 00:25:00+00:00,2026-01-25 00:26:00+00:00,2.2184974345870216,1.9125876158270196,2026-01-30 00:00:00+00:00,0.006290790498210662,-0.0013610312223917935,target,minute interval; not exact exchange fill
1121,3147845.0,3153060.0,-1.0,627.0,1.8345,1.8227,0.57511575,0.57141645,-0.46497330951703497,7.3986000000000205,6.717041109517055,10568.598558892687,2.0,10561.881517783171,0.10890403362917309,1769698860.0,2026-01-26 00:05:00+00:00,2026-01-26 00:05:00+00:00,2026-01-29 15:00:00+00:00,2026-01-29 15:01:00+00:00,1.9999296050459714,1.8222624489031984,2026-01-31 00:00:00+00:00,0.0739743717178124,0.06475856738416313,target,minute interval; not exact exchange fill
1122,3153605.0,3153651.0,-1.0,718.0,1.81,1.7998,0.64979,0.6461282,0.0,7.32359999999999,6.02768179999999,10574.626240692687,2.0,10568.598558892687,0.12296616176290473,1769734320.0,2026-01-30 00:05:00+00:00,2026-01-30 00:05:00+00:00,2026-01-30 00:51:00+00:00,2026-01-30 00:52:00+00:00,1.9543841395328263,1.79941933438345,2026-02-04 00:00:00+00:00,0.07328135660042204,0.05814419802038804,target,minute interval; not exact exchange fill
1123,3155045.0,3155345.0,-1.0,803.0,1.7328000000000001,1.7315,0.6957192,0.6951972500000001,0.0,1.0439000000000633,-0.34701644999993675,10574.279224242686,2.0,10574.626240692687,0.13158274990803404,1769835960.0,2026-01-31 00:05:00+00:00,2026-01-31 00:05:00+00:00,2026-01-31 05:05:00+00:00,2026-01-31 05:06:00+00:00,1.8617069637999448,1.7310638465598673,2026-02-05 00:00:00+00:00,0.013468267259999854,-0.0033524178001010877,target,minute interval; not exact exchange fill
1124,3156485.0,3156556.0,-1.0,544.0,1.6515000000000002,1.6458000000000002,0.44920800000000005,0.44765760000000004,0.0,3.100800000000021,2.203934400000021,10576.483158642686,2.0,10574.279224242686,0.08496238665045686,1769908620.0,2026-02-01 00:05:00+00:00,2026-02-01 00:05:00+00:00,2026-02-01 01:16:00+00:00,2026-02-01 01:17:00+00:00,1.8430621469954886,1.6453777876641245,2026-02-06 00:00:00+00:00,0.031959405508333115,0.021149011240177075,target,minute interval; not exact exchange fill
1125,3157925.0,3158111.0,-1.0,688.0,1.5866,1.578,0.5457904,0.542832,0.0,5.916799999999959,4.82817759999996,10581.311336242687,2.0,10576.483158642686,0.10320829557677715,1770001920.0,2026-02-02 00:05:00+00:00,2026-02-02 00:05:00+00:00,2026-02-02 03:11:00+00:00,2026-02-02 03:12:00+00:00,1.7378214634775784,1.5776449659321148,2026-02-07 00:00:00+00:00,0.05921800954672675,0.046406772151364996,target,minute interval; not exact exchange fill
1126,3159365.0,3159440.0,-1.0,840.0,1.6131,1.6065,0.6775019999999999,0.67473,0.0,5.543999999999949,4.191767999999949,10585.503104242685,2.0,10581.311336242687,0.1280563397996706,1770081660.0,2026-02-03 00:05:00+00:00,2026-02-03 00:05:00+00:00,2026-02-03 01:20:00+00:00,2026-02-03 01:21:00+00:00,1.736586354684225,1.6060877004333425,2026-02-08 00:00:00+00:00,0.056786027772777824,0.040410942672659676,target,minute interval; not exact exchange fill
1127,3160805.0,3161638.0,-1.0,792.0,1.5717,1.5645,0.6223932000000001,0.619542,-0.059141356560000004,5.702400000000075,4.519606156560075,10590.022710399246,2.0,10585.503104242685,0.11759350384594267,1770213540.0,2026-02-04 00:05:00+00:00,2026-02-04 00:05:00+00:00,2026-02-04 13:58:00+00:00,2026-02-04 13:59:00+00:00,1.7028324775578583,1.5641444959537438,2026-02-09 00:00:00+00:00,0.05761733620050482,0.04351762077767687,target,minute interval; not exact exchange fill
1128,3166565.0,3166577.0,-1.0,237.0,1.4264000000000001,1.4214,0.1690284,0.1684359,0.0,1.1850000000000274,0.8475357000000274,10590.870246099246,2.0,10590.022710399246,0.03192219783136378,1770509880.0,2026-02-08 00:05:00+00:00,2026-02-08 00:05:00+00:00,2026-02-08 00:17:00+00:00,2026-02-08 00:18:00+00:00,1.8697876481006181,1.42109997537475,2026-02-13 00:00:00+00:00,0.011953478289154794,0.008065402848544376,target,minute interval; not exact exchange fill
1129,3168005.0,3168511.0,-1.0,312.0,1.4311,1.4036,0.2232516,0.2189616,0.04203256262400001,8.580000000000025,8.095754237376026,10598.966000336623,2.0,10590.870246099246,0.042159255058804336,1770625920.0,2026-02-09 00:05:00+00:00,2026-02-09 00:05:00+00:00,2026-02-09 08:31:00+00:00,2026-02-09 08:32:00+00:00,1.7676321277084788,1.4033118829688886,2026-02-14 00:00:00+00:00,0.08257195893992883,0.07710387244357692,target,minute interval; not exact exchange fill
1130,3169445.0,3170154.0,-1.0,356.0,1.4356,1.4066,0.2555368,0.2503748,0.012183208576,10.32399999999997,9.805905191423971,10608.771905528049,2.0,10598.966000336623,0.048219194210432255,1770724500.0,2026-02-10 00:05:00+00:00,2026-02-10 00:05:00+00:00,2026-02-10 11:54:00+00:00,2026-02-10 11:55:00+00:00,1.7307836838765898,1.4062870864436268,2026-02-15 00:00:00+00:00,0.0993039763289503,0.09331368571006717,target,minute interval; not exact exchange fill
1131,3170885.0,3171250.0,-1.0,341.0,1.399,1.3667,0.2385295,0.23302235000000002,0.0,11.014299999999999,10.542748149999998,10619.314653678048,2.0,10608.771905528049,0.0449683530052534,1770790260.0,2026-02-11 00:05:00+00:00,2026-02-11 00:05:00+00:00,2026-02-11 06:10:00+00:00,2026-02-11 06:11:00+00:00,1.7072355136216495,1.36637646474802,2026-02-16 00:00:00+00:00,0.1058396382320319,0.10030365948665454,target,minute interval; not exact exchange fill
1132,3172325.0,3173291.0,-1.0,371.0,1.3718000000000001,1.3598000000000001,0.2544689,0.25224290000000005,0.041635302729080906,4.4520000000000035,3.9036528972709226,10623.218306575318,2.0,10619.314653678048,0.04792567285156459,1770912720.0,2026-02-12 00:05:00+00:00,2026-02-12 00:05:00+00:00,2026-02-12 16:11:00+00:00,2026-02-12 16:12:00+00:00,1.6558422872414156,1.3594989943815754,2026-02-17 00:00:00+00:00,0.04330695171444583,0.037043693622278114,target,minute interval; not exact exchange fill
1133,3173765.0,3173794.0,-1.0,285.0,1.3641,1.3491,0.19438425,0.19224675,0.0,4.275000000000036,3.8883690000000364,10627.106675575318,2.0,10623.218306575318,0.03659611322864079,1770942900.0,2026-02-13 00:05:00+00:00,2026-02-13 00:05:00+00:00,2026-02-13 00:34:00+00:00,2026-02-13 00:35:00+00:00,1.7347070359003836,1.3487971992655188,2026-02-18 00:00:00+00:00,0.04129117704768724,0.03681365618667687,target,minute interval; not exact exchange fill
1134,3175205.0,3182400.0,-1.0,378.0,1.407,1.4215,0.265923,0.2686635,0.6253826801311528,-5.480999999999984,-6.640969180131137,10620.465706395187,4.0,10627.106675575318,0.050046171195623906,1771459200.0,2026-02-14 00:05:00+00:00,2026-02-14 00:05:00+00:00,2026-02-19 00:00:00+00:00,2026-02-19 00:00:00+00:00,1.6858172277293404,1.400661072486884,2026-02-19 00:00:00+00:00,0.02273506398704139,-0.0630115351114284,timeout,minute interval; not exact exchange fill
1135,3183845.0,3184652.0,-1.0,269.0,1.4061000000000001,1.3924,0.18912045,0.18727780000000002,0.0266624062435612,3.6853000000000122,3.2822393437564514,10623.747945738942,2.0,10620.465706395187,0.03561434220085468,1771594380.0,2026-02-20 00:05:00+00:00,2026-02-20 00:05:00+00:00,2026-02-20 13:32:00+00:00,2026-02-20 13:33:00+00:00,1.7978590303164885,1.3921159630114734,2026-02-25 00:00:00+00:00,0.03569550643728485,0.031145761307168784,target,minute interval; not exact exchange fill
1136,3185285.0,3185288.0,-1.0,366.0,1.4252,1.4251,0.2608116,0.2607933,0.0,0.03659999999999597,-0.485004900000004,10623.262940838942,2.0,10623.747945738942,0.04909973416765943,1771632540.0,2026-02-21 00:05:00+00:00,2026-02-21 00:05:00+00:00,2026-02-21 00:08:00+00:00,2026-02-21 00:09:00+00:00,1.7129071095164456,1.4247608893771064,2026-02-26 00:00:00+00:00,0.0015262418215233238,-0.004605899389233773,target,minute interval; not exact exchange fill
1137,3186725.0,3186741.0,-1.0,282.0,1.4322000000000001,1.4285,0.20194020000000004,0.20141850000000003,0.0,1.0434000000000103,0.6400413000000102,10623.902982138941,2.0,10623.262940838942,0.03801848850482324,1771719720.0,2026-02-22 00:05:00+00:00,2026-02-22 00:05:00+00:00,2026-02-22 00:21:00+00:00,2026-02-22 00:22:00+00:00,1.8057666315040837,1.4281993824662582,2026-02-27 00:00:00+00:00,0.010709247551459081,0.00607562295074855,target,minute interval; not exact exchange fill
1138,3188165.0,3188218.0,-1.0,331.0,1.3917000000000002,1.3669,0.23032635,0.22622195,0.0,8.208800000000052,7.752251700000051,10631.655233838941,2.0,10623.902982138941,0.04336002510324652,1771808340.0,2026-02-23 00:05:00+00:00,2026-02-23 00:05:00+00:00,2026-02-23 00:58:00+00:00,2026-02-23 00:59:00+00:00,1.7105009076110644,1.3665897363273285,2026-02-28 00:00:00+00:00,0.07876471827146136,0.07346497278035766,target,minute interval; not exact exchange fill
1139,3189605.0,3189856.0,-1.0,384.0,1.3536000000000001,1.3233000000000001,0.25989120000000004,0.2540736,0.0,11.635199999999998,11.121235199999997,10642.776469038941,2.0,10631.655233838941,0.04889007295360855,1771906620.0,2026-02-24 00:05:00+00:00,2026-02-24 00:05:00+00:00,2026-02-24 04:16:00+00:00,2026-02-24 04:17:00+00:00,1.6276589652057205,1.3230184035115828,2026-03-01 00:00:00+00:00,0.1115876521881393,0.1056763458851281,target,minute interval; not exact exchange fill
1140,3191045.0,3195756.0,-1.0,356.0,1.3457000000000001,1.3123,0.23953460000000001,0.23358940000000003,0.17460727880848603,11.890400000000035,11.24266872119155,10654.019137760133,2.0,10642.776469038941,0.045013554629627646,1772260620.0,2026-02-25 00:05:00+00:00,2026-02-25 00:05:00+00:00,2026-02-28 06:36:00+00:00,2026-02-28 06:37:00+00:00,1.6420549709802112,1.311955304261171,2026-03-02 00:00:00+00:00,0.11386579960922096,0.10656318674612468,target,minute interval; not exact exchange fill
1141,3196805.0,3196808.0,-1.0,775.0,1.3794,1.375,0.5345175000000001,0.5328125,0.0,3.4099999999999686,2.3426699999999685,10656.361807760133,2.0,10654.019137760133,0.10034100616650014,1772323740.0,2026-03-01 00:05:00+00:00,2026-03-01 00:05:00+00:00,2026-03-01 00:08:00+00:00,2026-03-01 00:09:00+00:00,1.514593025234201,1.374682865560084,2026-03-06 00:00:00+00:00,0.03489184765075151,0.022359141640357735,target,minute interval; not exact exchange fill
1142,3198245.0,3198669.0,-1.0,889.0,1.3548,1.3417000000000001,0.6022086000000001,0.5963856500000001,0.0,11.645899999999902,10.4473057499999,10666.809113510133,2.0,10656.361807760133,0.11302330211075644,1772435400.0,2026-03-02 00:05:00+00:00,2026-03-02 00:05:00+00:00,2026-03-02 07:09:00+00:00,2026-03-02 07:10:00+00:00,1.4725539759724529,1.3413668368012448,2026-03-07 00:00:00+00:00,0.11407821339211284,0.09979917792966134,target,minute interval; not exact exchange fill
1143,3199685.0,3199802.0,-1.0,949.0,1.3916000000000002,1.3774,0.6603142000000001,0.6535763,0.0,13.475800000000202,12.161909500000203,10678.971023010134,2.0,10666.809113510133,0.12380725912938177,1772503380.0,2026-03-03 00:05:00+00:00,2026-03-03 00:05:00+00:00,2026-03-03 02:02:00+00:00,2026-03-03 02:03:00+00:00,1.501760795061686,1.377109283066732,2026-03-08 00:00:00+00:00,0.1315415064420509,0.11633449080341168,target,minute interval; not exact exchange fill
1144,3201125.0,3201343.0,-1.0,882.0,1.3589,1.3449,0.5992749,0.5931009,0.0,12.348000000000011,11.155624200000013,10690.126647210134,2.0,10678.971023010134,0.11223457741550823,1772595840.0,2026-03-04 00:05:00+00:00,2026-03-04 00:05:00+00:00,2026-03-04 03:43:00+00:00,2026-03-04 03:44:00+00:00,1.4778264076616776,1.3445982798148397,2026-03-09 00:00:00+00:00,0.1202568921937497,0.10635232534712884,target,minute interval; not exact exchange fill
1145,3202565.0,3202587.0,-1.0,815.0,1.4291,1.4261000000000001,0.58235825,0.5811357500000001,0.0,2.4449999999999115,1.2815059999999114,10691.408153210134,2.0,10690.126647210134,0.108952544571019,1772670480.0,2026-03-05 00:05:00+00:00,2026-03-05 00:05:00+00:00,2026-03-05 00:27:00+00:00,2026-03-05 00:28:00+00:00,1.558010264466164,1.425722072953491,2026-03-10 00:00:00+00:00,0.026203708917187953,0.012197632256139006,target,minute interval; not exact exchange fill
1146,3204005.0,3204280.0,-1.0,670.0,1.4045,1.3972,0.4705075000000001,0.46806200000000003,0.0,4.891000000000057,3.9524305000000566,10695.360583710133,2.0,10691.408153210134,0.08801600186945037,1772772060.0,2026-03-06 00:05:00+00:00,2026-03-06 00:05:00+00:00,2026-03-06 04:40:00+00:00,2026-03-06 04:41:00+00:00,1.5618461239779415,1.3968803637925797,2026-03-11 00:00:00+00:00,0.04842595428971959,0.03749154952699752,target,minute interval; not exact exchange fill
1147,3205445.0,3205684.0,-1.0,986.0,1.3632,1.3615000000000002,0.6720576,0.6712195000000001,0.0,1.6761999999998154,0.3329228999998153,10695.693506610132,2.0,10695.360583710133,0.12567273346979924,1772856300.0,2026-03-07 00:05:00+00:00,2026-03-07 00:05:00+00:00,2026-03-07 04:04:00+00:00,2026-03-07 04:05:00+00:00,1.469492169417622,1.3612082094473676,2026-03-12 00:00:00+00:00,0.018738826797358665,0.003176621587928887,target,minute interval; not exact exchange fill
1148,3206885.0,3206903.0,-1.0,849.0,1.3579,1.3559,0.5764285500000002,0.57557955,0.0,1.6980000000000015,0.5459919000000013,10696.239498510131,2.0,10695.693506610132,0.10778703590258207,1772929440.0,2026-03-08 00:05:00+00:00,2026-03-08 00:05:00+00:00,2026-03-08 00:23:00+00:00,2026-03-08 00:24:00+00:00,1.4816760212022126,1.3555318701771097,2026-03-13 00:00:00+00:00,0.019132379598965753,0.005195675169986042,target,minute interval; not exact exchange fill
1149,3208325.0,3214920.0,-1.0,956.0,1.3418,1.4518,0.6413804000000001,0.6939603999999999,0.6299639073191308,-105.15999999999988,-107.12530470731902,10589.11419380281,1.0,10696.239498510131,0.11992633487485714,1773410460.0,2026-03-09 00:05:00+00:00,2026-03-09 00:05:00+00:00,2026-03-13 14:00:00+00:00,2026-03-13 14:01:00+00:00,1.4514921736454955,1.329792062617171,2026-03-14 00:00:00+00:00,0.1094694086529493,-1.0215474298484812,stop,minute interval; not exact exchange fill
1150,3216965.0,3216980.0,-1.0,841.0,1.4056,1.4054,0.5910548,0.5909707,0.0,0.16819999999998148,-1.0138255000000185,10588.10036830281,2.0,10589.11419380281,0.11163441798482253,1773534060.0,2026-03-15 00:05:00+00:00,2026-03-15 00:05:00+00:00,2026-03-15 00:20:00+00:00,2026-03-15 00:21:00+00:00,1.5293085430409739,1.4050378362265536,2026-03-20 00:00:00+00:00,0.0045442599163108355,-0.009744678664599134,target,minute interval; not exact exchange fill
1151,3218405.0,3218473.0,-1.0,915.0,1.4536,1.4416,0.6650220000000001,0.659532,0.0,10.98000000000001,9.655446000000008,10597.75581430281,2.0,10588.10036830281,0.12561686740160696,1773623640.0,2026-03-16 00:05:00+00:00,2026-03-16 00:05:00+00:00,2026-03-16 01:13:00+00:00,2026-03-16 01:14:00+00:00,1.5669647679300176,1.441305081015469,2026-03-21 00:00:00+00:00,0.10845449789233327,0.0930835937185901,target,minute interval; not exact exchange fill
1152,3221285.0,3221969.0,-1.0,911.0,1.518,1.5030000000000001,0.691449,0.6846165000000001,0.020814954852329603,13.66499999999991,12.268119545147579,10610.023933847959,2.0,10597.75581430281,0.13048970218144018,1773833400.0,2026-03-18 00:05:00+00:00,2026-03-18 00:05:00+00:00,2026-03-18 11:29:00+00:00,2026-03-18 11:30:00+00:00,1.6319586884808228,1.502679009397616,2026-03-23 00:00:00+00:00,0.13444337423172756,0.1181713453442604,target,minute interval; not exact exchange fill
1153,3222725.0,3222730.0,-1.0,895.0,1.4625000000000001,1.4605000000000001,0.6544687500000002,0.6535737500000001,0.0,1.7900000000000016,0.48195750000000137,10610.505891347957,2.0,10610.023933847959,0.1233680063457958,1773879060.0,2026-03-19 00:05:00+00:00,2026-03-19 00:05:00+00:00,2026-03-19 00:10:00+00:00,2026-03-19 00:11:00+00:00,1.5786981369401387,1.4601300611748123,2026-03-24 00:00:00+00:00,0.020395669737878774,0.004634325594027543,target,minute interval; not exact exchange fill
1154,3224165.0,3224581.0,-1.0,639.0,1.4462000000000002,1.4447,0.46206090000000005,0.46158165,0.0,0.9585000000000363,0.03485745000003626,10610.540748797957,2.0,10610.505891347957,0.08709498015109247,1773990120.0,2026-03-20 00:05:00+00:00,2026-03-20 00:05:00+00:00,2026-03-20 07:01:00+00:00,2026-03-20 07:02:00+00:00,1.6097694449753794,1.4444004943911846,2026-03-25 00:00:00+00:00,0.011001477745959536,0.00033349749403543976,target,minute interval; not exact exchange fill
1155,3225605.0,3225640.0,-1.0,864.0,1.4437,1.4435,0.6236784000000001,0.623592,0.0,0.17279999999998097,-1.0744704000000191,10609.466278397958,2.0,10610.540748797957,0.11755826866234975,1774053660.0,2026-03-21 00:05:00+00:00,2026-03-21 00:05:00+00:00,2026-03-21 00:40:00+00:00,2026-03-21 00:41:00+00:00,1.5642456654080723,1.443116248142743,2026-03-26 00:00:00+00:00,0.004842578580331159,-0.01031642237645108,target,minute interval; not exact exchange fill
1156,3228485.0,3228516.0,-1.0,829.0,1.3848,1.3778000000000001,0.5739995999999999,0.5710981,0.0,5.802999999999913,4.657902299999913,10614.12418069796,2.0,10609.466278397958,0.10820517921221473,1774226220.0,2026-03-23 00:05:00+00:00,2026-03-23 00:05:00+00:00,2026-03-23 00:36:00+00:00,2026-03-23 00:37:00+00:00,1.510558989965473,1.3774702545397015,2026-03-28 00:00:00+00:00,0.058284067503332336,0.04467831684671215,target,minute interval; not exact exchange fill
1157,3229925.0,3229951.0,-1.0,1010.0,1.4302000000000001,1.4213,0.7222510000000001,0.7177565,0.0,8.989000000000132,7.548992500000132,10621.67317319796,2.0,10614.12418069796,0.1360924345154037,1774312320.0,2026-03-24 00:05:00+00:00,2026-03-24 00:05:00+00:00,2026-03-24 00:31:00+00:00,2026-03-24 00:32:00+00:00,1.5330721388090796,1.4210003036466674,2026-03-29 00:00:00+00:00,0.08942845419405991,0.07265572667708994,target,minute interval; not exact exchange fill
1158,3231365.0,3232276.0,-1.0,1060.0,1.4145,1.4027,0.749685,0.7434310000000001,-0.048729394620000005,12.508000000000035,11.063613394620036,10632.73678659258,2.0,10621.67317319796,0.14116137594813338,1774451820.0,2026-03-25 00:05:00+00:00,2026-03-25 00:05:00+00:00,2026-03-25 15:16:00+00:00,2026-03-25 15:17:00+00:00,1.5125020321041154,1.4023469875144088,2026-03-30 00:00:00+00:00,0.12400776009093571,0.10650157861942691,target,minute interval; not exact exchange fill
1159,3232805.0,3232855.0,-1.0,914.0,1.4119000000000002,1.4109,0.6452383000000002,0.6447813,0.0,0.9140000000001023,-0.37601959999989787,10632.36076699258,2.0,10632.73678659258,0.121368244686282,1774486560.0,2026-03-26 00:05:00+00:00,2026-03-26 00:05:00+00:00,2026-03-26 00:55:00+00:00,2026-03-26 00:56:00+00:00,1.5099093393668217,1.410540813998002,2026-03-31 00:00:00+00:00,0.013867923309951954,-0.004197559157705707,target,minute interval; not exact exchange fill
1160,3234245.0,3234277.0,-1.0,735.0,1.3604,1.358,0.49994700000000003,0.4990650000000001,0.0,1.763999999999969,0.7649879999999689,10633.12575499258,2.0,10632.36076699258,0.09404251999274714,1774571880.0,2026-03-27 00:05:00+00:00,2026-03-27 00:05:00+00:00,2026-03-27 00:37:00+00:00,2026-03-27 00:38:00+00:00,1.5029324221170526,1.3576973592119903,2026-04-01 00:00:00+00:00,0.018961586057874225,0.007302198226486441,target,minute interval; not exact exchange fill
1161,3235685.0,3235750.0,-1.0,981.0,1.325,1.3242,0.6499125,0.6495201,0.0,0.7847999999999136,-0.5146326000000865,10632.61112239258,2.0,10633.12575499258,0.12224298197448594,1774660260.0,2026-03-28 00:05:00+00:00,2026-03-28 00:05:00+00:00,2026-03-28 01:10:00+00:00,2026-03-28 01:11:00+00:00,1.431285374377168,1.3238600147476725,2026-04-02 00:00:00+00:00,0.010725701998114148,-0.0049357684730777125,target,minute interval; not exact exchange fill
1162,3237125.0,3237129.0,-1.0,790.0,1.3339,1.332,0.5268905000000002,0.52614,0.0,1.50100000000001,0.4479695000000099,10633.05909189258,2.0,10632.61112239258,0.09910839283689286,1774743000.0,2026-03-29 00:05:00+00:00,2026-03-29 00:05:00+00:00,2026-03-29 00:09:00+00:00,2026-03-29 00:10:00+00:00,1.4663923972202924,1.33172306849297,2026-04-03 00:00:00+00:00,0.016430614531116043,0.004279868218077379,target,minute interval; not exact exchange fill
1163,3238565.0,3239732.0,-1.0,886.0,1.3242,1.3185,0.5866205999999999,0.5840955,-0.12330743443003359,5.050200000000034,4.002791334430068,10637.061883227012,2.0,10633.05909189258,0.11033900873310903,1774899180.0,2026-03-30 00:05:00+00:00,2026-03-30 00:05:00+00:00,2026-03-30 19:32:00+00:00,2026-03-30 19:33:00+00:00,1.44211392240907,1.3181409224838867,2026-04-04 00:00:00+00:00,0.05138559885314508,0.03831458647337922,target,minute interval; not exact exchange fill
1164,3240005.0,3240364.0,-1.0,1206.0,1.3231000000000002,1.3148,0.7978293000000001,0.7928244,0.0,10.009800000000237,8.419146300000236,10645.481029527013,2.0,10637.061883227012,0.15000933693129162,1774937100.0,2026-03-31 00:05:00+00:00,2026-03-31 00:05:00+00:00,2026-03-31 06:04:00+00:00,2026-03-31 06:05:00+00:00,1.4091892363305856,1.3145201405703228,2026-04-05 00:00:00+00:00,0.09966239445696072,0.08109085755149159,target,minute interval; not exact exchange fill
1165,3241445.0,3242972.0,-1.0,1102.0,1.3398,1.3225,0.7382298,0.7286975,-0.2985925137282846,19.0646000000001,17.896265213728388,10663.377294740743,2.0,10645.481029527013,0.13869355418555476,1775093580.0,2026-04-01 00:05:00+00:00,2026-04-01 00:05:00+00:00,2026-04-02 01:32:00+00:00,2026-04-02 01:33:00+00:00,1.4343120371727087,1.322184520573149,2026-04-06 00:00:00+00:00,0.18638344864645143,0.1718279023491075,target,minute interval; not exact exchange fill
1166,3244325.0,3244346.0,-1.0,750.0,1.32,1.3173000000000001,0.495,0.4939875000000001,0.0,2.0249999999999435,1.0360124999999434,10664.413307240742,2.0,10663.377294740743,0.09284113021943577,1775176020.0,2026-04-03 00:05:00+00:00,2026-04-03 00:05:00+00:00,2026-04-03 00:26:00+00:00,2026-04-03 00:27:00+00:00,1.4601077668783409,1.317031733626461,2026-04-08 00:00:00+00:00,0.021185594772319138,0.009859196465527756,target,minute interval; not exact exchange fill
1167,3248645.0,3250019.0,-1.0,1412.0,1.3329,1.3199,0.9410274,0.9318494,-0.292887399844,18.35599999999986,16.776010599843858,10681.189317840586,2.0,10664.413307240742,0.17647991931465692,1775516400.0,2026-04-06 00:05:00+00:00,2026-04-06 00:05:00+00:00,2026-04-06 22:59:00+00:00,2026-04-06 23:00:00+00:00,1.4063544088271651,1.3195494867082673,2026-04-11 00:00:00+00:00,0.18175237545163275,0.16174696014442663,target,minute interval; not exact exchange fill
1168,3250085.0,3250192.0,-1.0,1696.0,1.3199,1.3141,1.1192752000000001,1.1143568000000001,0.0,9.836800000000046,7.6031680000000454,10688.792485840586,2.0,10681.189317840586,0.2095787588242624,1775526780.0,2026-04-07 00:05:00+00:00,2026-04-07 00:05:00+00:00,2026-04-07 01:52:00+00:00,2026-04-07 01:53:00+00:00,1.3808186962788473,1.3137837858526729,2026-04-12 00:00:00+00:00,0.10039962311949444,0.07358988740467602,target,minute interval; not exact exchange fill
1169,3251525.0,3251554.0,-1.0,1352.0,1.3766,1.3635000000000002,0.9305816,0.9217260000000002,0.0,17.71119999999985,15.85889239999985,10704.651378240585,2.0,10688.792485840586,0.17412286771078003,1775608500.0,2026-04-08 00:05:00+00:00,2026-04-08 00:05:00+00:00,2026-04-08 00:34:00+00:00,2026-04-08 00:35:00+00:00,1.4535136835529898,1.3632250780234891,2026-04-13 00:00:00+00:00,0.17389522070277966,0.15250797332985003,target,minute interval; not exact exchange fill
1170,3252965.0,3252978.0,-1.0,1329.0,1.3399,1.3396000000000001,0.89036355,0.8901642000000001,0.0,0.3986999999999561,-1.381827750000044,10703.269550490586,2.0,10704.651378240585,0.16635077940227885,1775693940.0,2026-04-09 00:05:00+00:00,2026-04-09 00:05:00+00:00,2026-04-09 00:18:00+00:00,2026-04-09 00:19:00+00:00,1.4183243242977839,1.339294262138675,2026-04-14 00:00:00+00:00,0.0077238518374105405,-0.01325800393321866,target,minute interval; not exact exchange fill
1171,3254405.0,3254418.0,-1.0,914.0,1.3425,1.3415000000000001,0.6135225000000001,0.6130655,0.0,0.9139999999998993,-0.3125880000001008,10702.956962490585,2.0,10703.269550490586,0.11464207214549299,1775780340.0,2026-04-10 00:05:00+00:00,2026-04-10 00:05:00+00:00,2026-04-10 00:18:00+00:00,2026-04-10 00:19:00+00:00,1.4574574756708802,1.341220763465995,2026-04-15 00:00:00+00:00,0.011127910790834472,-0.0029750131342414473,target,minute interval; not exact exchange fill
1172,3258725.0,3262776.0,-1.0,1227.0,1.3244,1.4060000000000001,0.8125194,0.8625810000000002,-0.631010877029162,-100.12320000000014,-101.16728952297098,10601.789672967614,1.0,10702.956962490585,0.1518308263496794,1776281820.0,2026-04-13 00:05:00+00:00,2026-04-13 00:05:00+00:00,2026-04-15 19:36:00+00:00,2026-04-15 19:37:00+00:00,1.4057026779415387,1.3174467481437893,2026-04-18 00:00:00+00:00,0.08552303604575673,-1.0141231604433103,stop,minute interval; not exact exchange fill
1173,3263045.0,3263054.0,-1.0,1338.0,1.389,1.3893,0.929241,0.9294417,0.0,-0.4013999999999558,-2.260082699999956,10599.529590267613,2.0,10601.789672967614,0.1752988936140421,1776298500.0,2026-04-16 00:05:00+00:00,2026-04-16 00:05:00+00:00,2026-04-16 00:14:00+00:00,2026-04-16 00:15:00+00:00,1.4660490754570572,1.3889539493370449,2026-04-21 00:00:00+00:00,0.0005976796305728673,-0.021923040477512337,target,minute interval; not exact exchange fill
1174,3264485.0,3264485.0,-1.0,844.0,1.4516,1.4505000000000001,0.6125752,0.6121110000000001,0.0,0.9283999999998978,-0.2962862000001023,10599.233304067613,2.0,10599.529590267613,0.11558535589399377,1776384360.0,2026-04-17 00:05:00+00:00,2026-04-17 00:05:00+00:00,2026-04-17 00:05:00+00:00,2026-04-17 00:06:00+00:00,1.5749525954284993,1.4501896980161568,2026-04-22 00:00:00+00:00,0.011433095338967964,-0.0028459068800348476,target,minute interval; not exact exchange fill
1175,3265925.0,3265929.0,-1.0,1115.0,1.4756,1.4742000000000002,0.822647,0.8218665,0.0,1.560999999999828,-0.08351350000017199,10599.149790567611,2.0,10599.233304067613,0.15522764267945627,1776471000.0,2026-04-18 00:05:00+00:00,2026-04-18 00:05:00+00:00,2026-04-18 00:09:00+00:00,2026-04-18 00:10:00+00:00,1.5683692662450783,1.4738893882711452,2026-04-23 00:00:00+00:00,0.0184394228616154,-0.0008073794590795088,target,minute interval; not exact exchange fill
1176,3267365.0,3267376.0,-1.0,850.0,1.4324000000000001,1.4309,0.6087700000000001,0.6081325000000001,0.0,1.2750000000000483,0.0580975000000481,10599.20788806761,2.0,10599.149790567611,0.1148714778126367,1776557820.0,2026-04-19 00:05:00+00:00,2026-04-19 00:05:00+00:00,2026-04-19 00:16:00+00:00,2026-04-19 00:17:00+00:00,1.554874380986496,1.4306011615046843,2026-04-24 00:00:00+00:00,0.014687467540776177,0.0005580758967672832,target,minute interval; not exact exchange fill
1177,3268805.0,3276000.0,-1.0,865.0,1.3983,1.4327,0.6047647500000001,0.6196427500000001,-0.241483424670975,-29.75599999999999,-30.738924075329017,10568.46896399228,4.0,10599.20788806761,0.11411508414337884,1777075200.0,2026-04-20 00:05:00+00:00,2026-04-20 00:05:00+00:00,2026-04-25 00:00:00+00:00,2026-04-25 00:00:00+00:00,1.518572747537533,1.3866820178119044,2026-04-25 00:00:00+00:00,0.09659696336836544,-0.2954645099439118,timeout,minute interval; not exact exchange fill
1178,3277445.0,3277445.0,-1.0,810.0,1.4223000000000001,1.4225,0.5760315,0.5761125,0.0,-0.16199999999998216,-1.3141439999999822,10567.15481999228,2.0,10568.46896399228,0.10900945103071996,1777161960.0,2026-04-26 00:05:00+00:00,2026-04-26 00:05:00+00:00,2026-04-26 00:05:00+00:00,2026-04-26 00:06:00+00:00,1.550539553667183,1.4221730108501127,2026-05-01 00:00:00+00:00,0.0009902494687167576,-0.0126513228844398,target,minute interval; not exact exchange fill
1179,3278885.0,3278905.0,-1.0,831.0,1.4317,1.4258000000000002,0.59487135,0.5924199000000001,0.0,4.902899999999829,3.715608749999829,10570.870428742279,2.0,10567.15481999228,0.11258874505643604,1777249560.0,2026-04-27 00:05:00+00:00,2026-04-27 00:05:00+00:00,2026-04-27 00:25:00+00:00,2026-04-27 00:26:00+00:00,1.5565647385325958,1.4254295337562826,2026-05-02 00:00:00+00:00,0.0502180705089973,0.03580874835078102,target,minute interval; not exact exchange fill
1180,3280325.0,3280479.0,-1.0,1195.0,1.3975,1.3921000000000001,0.8350062500000001,0.83177975,0.0,6.45299999999982,4.78621399999982,10575.656642742279,2.0,10570.870428742279,0.1579824964516851,1777344000.0,2026-04-28 00:05:00+00:00,2026-04-28 00:05:00+00:00,2026-04-28 02:39:00+00:00,2026-04-28 02:40:00+00:00,1.4837970062891797,1.3917598570981171,2026-05-03 00:00:00+00:00,0.06651613014995834,0.046411806993379316,target,minute interval; not exact exchange fill
1181,3281765.0,3282670.0,-1.0,1373.0,1.3799000000000001,1.3649,0.94730135,0.9370038500000001,0.019466896518,20.59500000000017,18.69122790348217,10594.347870645763,2.0,10575.656642742279,0.17914752378994858,1777475460.0,2026-04-29 00:05:00+00:00,2026-04-29 00:05:00+00:00,2026-04-29 15:10:00+00:00,2026-04-29 15:11:00+00:00,1.4547861353884775,1.3645843755108336,2026-05-04 00:00:00+00:00,0.20451882594442405,0.1817882784761091,target,minute interval; not exact exchange fill
1182,3283205.0,3283471.0,-1.0,1136.0,1.3697000000000001,1.3644,0.7779896000000002,0.7749792,0.0,6.020800000000094,4.467831200000094,10598.815701845764,2.0,10594.347870645763,0.14686880391300175,1777523520.0,2026-04-30 00:05:00+00:00,2026-04-30 00:05:00+00:00,2026-04-30 04:31:00+00:00,2026-04-30 04:32:00+00:00,1.4608168686278087,1.364078565873097,2026-05-05 00:00:00+00:00,0.06169476861485941,0.04316379677253044,target,minute interval; not exact exchange fill
1183,3284645.0,3284694.0,-1.0,909.0,1.3704,1.3657000000000001,0.6228468,0.6207106500000001,0.0,4.272299999999933,3.028742549999933,10601.844444395763,2.0,10598.815701845764,0.11753139549195717,1777596900.0,2026-05-01 00:05:00+00:00,2026-05-01 00:05:00+00:00,2026-05-01 00:54:00+00:00,2026-05-01 00:55:00+00:00,1.4847931579379763,1.3653726999362923,2026-05-06 00:00:00+00:00,0.04394755905273257,0.02912717910809407,target,minute interval; not exact exchange fill
1184,3286085.0,3286101.0,-1.0,723.0,1.3855000000000002,1.3844,0.5008582500000001,0.5004606,0.0,0.795300000000073,-0.20601884999992714,10601.638425545763,2.0,10601.844444395763,0.09448511579789469,1777681320.0,2026-05-02 00:05:00+00:00,2026-05-02 00:05:00+00:00,2026-05-02 00:21:00+00:00,2026-05-02 00:22:00+00:00,1.4743737314175493,1.3840342064772644,2026-05-07 00:00:00+00:00,0.016492989540960738,-0.003206234232038022,target,minute interval; not exact exchange fill
1185,3288965.0,3288981.0,-1.0,1055.0,1.3860000000000001,1.3837000000000002,0.7311150000000001,0.7299017500000001,0.0,2.426499999999967,0.9654832499999669,10602.603908795763,2.0,10601.638425545763,0.13792490757622924,1777854120.0,2026-05-04 00:05:00+00:00,2026-05-04 00:05:00+00:00,2026-05-04 00:21:00+00:00,2026-05-04 00:22:00+00:00,1.4842898427920521,1.3833980768485057,2026-05-09 00:00:00+00:00,0.02647194336244104,0.009310728087500516,target,minute interval; not exact exchange fill
1186,3290405.0,3294206.0,-1.0,1503.0,1.3924,1.3844,1.0463886,1.0403766,-0.38907543196118527,12.024000000000012,10.326310231961196,10612.930219027725,2.0,10602.603908795763,0.19738332375727655,1778167620.0,2026-05-05 00:05:00+00:00,2026-05-05 00:05:00+00:00,2026-05-07 15:26:00+00:00,2026-05-07 15:27:00+00:00,1.4607662928546568,1.3840865469498937,2026-05-10 00:00:00+00:00,0.12160163587896042,0.1004949310932315,target,minute interval; not exact exchange fill
1187,3294725.0,3294770.0,-1.0,1048.0,1.3860000000000001,1.3849,0.726264,0.7256876,0.0,1.1528000000001057,-0.29915159999989427,10612.631067427725,2.0,10612.930219027725,0.1368639923209699,1778201460.0,2026-05-08 00:05:00+00:00,2026-05-08 00:05:00+00:00,2026-05-08 00:50:00+00:00,2026-05-08 00:51:00+00:00,1.4719531371407735,1.3845474095206005,2026-05-13 00:00:00+00:00,0.016899795955330473,-0.0033209957134245306,target,minute interval; not exact exchange fill
1188,3296165.0,3296767.0,-1.0,1397.0,1.4173,1.4171,0.98998405,0.9898443499999999,-0.17846176550399998,0.27939999999996923,-1.5219666344960308,10611.10910079323,2.0,10612.631067427725,0.18656712811556372,1778321280.0,2026-05-09 00:05:00+00:00,2026-05-09 00:05:00+00:00,2026-05-09 10:07:00+00:00,2026-05-09 10:08:00+00:00,1.4817108793350624,1.4167368712534854,2026-05-14 00:00:00+00:00,0.008742758247178744,-0.01691412350284391,target,minute interval; not exact exchange fill
1189,3299045.0,3299054.0,-1.0,1264.0,1.4753,1.4697,0.9323896000000002,0.9288504000000001,0.0,7.078400000000062,5.217160000000062,10616.32626079323,2.0,10611.10910079323,0.17573838722104923,1778458500.0,2026-05-11 00:05:00+00:00,2026-05-11 00:05:00+00:00,2026-05-11 00:14:00+00:00,2026-05-11 00:15:00+00:00,1.5569628306405834,1.4693663266685333,2026-05-16 00:00:00+00:00,0.07266063746408957,0.05054319042853308,target,minute interval; not exact exchange fill
1190,3300485.0,3300561.0,-1.0,1359.0,1.4768000000000001,1.4711,1.0034856,0.9996124500000001,0.0,7.746300000000052,5.743201950000052,10622.06946274323,2.0,10616.32626079323,0.189045734908494,1778548920.0,2026-05-12 00:05:00+00:00,2026-05-12 00:05:00+00:00,2026-05-12 01:21:00+00:00,2026-05-12 01:22:00+00:00,1.538379677705204,1.4707984671684249,2026-05-17 00:00:00+00:00,0.0974596336847679,0.06862734846114527,target,minute interval; not exact exchange fill
1191,3301925.0,3302747.0,-1.0,1456.0,1.4359000000000002,1.4241000000000001,1.0453352000000002,1.0367448000000001,-0.21283808,17.180800000000048,15.311558080000045,10637.38102082323,2.0,10622.06946274323,0.1968232656859381,1778680080.0,2026-05-13 00:05:00+00:00,2026-05-13 00:05:00+00:00,2026-05-13 13:47:00+00:00,2026-05-13 13:48:00+00:00,1.506601193985702,1.4237336555822606,2026-05-18 00:00:00+00:00,0.1720811733419948,0.14874119384924045,target,minute interval; not exact exchange fill
1192,3303365.0,3303596.0,-1.0,1115.0,1.4298,1.4212,0.7971134999999999,0.792319,0.0,9.588999999999935,7.999567499999935,10645.380588323229,2.0,10637.38102082323,0.14987025442439422,1778731020.0,2026-05-14 00:05:00+00:00,2026-05-14 00:05:00+00:00,2026-05-14 03:56:00+00:00,2026-05-14 03:57:00+00:00,1.522977033556343,1.4209149341219036,2026-05-19 00:00:00+00:00,0.0953568228025165,0.07699858780824571,target,minute interval; not exact exchange fill
1193,3304805.0,3304922.0,-1.0,772.0,1.4862,1.4823000000000002,0.5736732,0.5721678000000001,0.0,3.01079999999984,1.8649589999998397,10647.245547323228,2.0,10645.380588323229,0.10777880513342175,1778810580.0,2026-05-15 00:05:00+00:00,2026-05-15 00:05:00+00:00,2026-05-15 02:02:00+00:00,2026-05-15 02:03:00+00:00,1.6216875240641593,1.4819884018146363,2026-05-20 00:00:00+00:00,0.031084767505008614,0.017830054956615993,target,minute interval; not exact exchange fill
1194,3306245.0,3306509.0,-1.0,904.0,1.4342000000000001,1.4300000000000002,0.6482584,0.6463600000000002,0.0,3.7967999999999833,2.5021815999999832,10649.747728923227,2.0,10647.245547323228,0.12177016057697206,1778905800.0,2026-05-16 00:05:00+00:00,2026-05-16 00:05:00+00:00,2026-05-16 04:29:00+00:00,2026-05-16 04:30:00+00:00,1.5496849452675736,1.4297025822272538,2026-05-21 00:00:00+00:00,0.03894375810046975,0.02396762620086004,target,minute interval; not exact exchange fill
1195,3307685.0,3307736.0,-1.0,793.0,1.4143000000000001,1.4123,0.56076995,0.55997695,0.0,1.5860000000000014,0.46525310000000153,10650.212982023228,2.0,10649.747728923227,0.10531140535414321,1778979420.0,2026-05-17 00:05:00+00:00,2026-05-17 00:05:00+00:00,2026-05-17 00:56:00+00:00,2026-05-17 00:57:00+00:00,1.5463100524012416,1.4119580146485284,2026-05-22 00:00:00+00:00,0.01774096221364465,0.004444358511552898,target,minute interval; not exact exchange fill
1196,3310565.0,3310683.0,-1.0,1140.0,1.3891,1.3822,0.791787,0.787854,0.0,7.865999999999893,6.286358999999893,10656.499341023227,2.0,10650.212982023228,0.14868942082876238,1779156240.0,2026-05-19 00:05:00+00:00,2026-05-19 00:05:00+00:00,2026-05-19 02:03:00+00:00,2026-05-19 02:04:00+00:00,1.4803743209133873,1.3818785441846997,2026-05-24 00:00:00+00:00,0.07911815440569483,0.0604151303983146,target,minute interval; not exact exchange fill
1197,3312005.0,3315997.0,-1.0,901.0,1.362,1.346,0.613581,0.606373,0.05996819278215722,14.416000000000013,13.136077807217855,10669.635418830447,2.0,10656.499341023227,0.11515620287010397,1779475080.0,2026-05-20 00:05:00+00:00,2026-05-20 00:05:00+00:00,2026-05-22 18:37:00+00:00,2026-05-22 18:38:00+00:00,1.47809730312674,1.3456957786758772,2026-05-25 00:00:00+00:00,0.14043583171199153,0.12557951162230607,target,minute interval; not exact exchange fill
1198,3316325.0,3316334.0,-1.0,924.0,1.3335000000000001,1.3307,0.6160770000000001,0.6147834000000001,0.0,2.5872000000001254,1.356339600000125,10670.991758430446,2.0,10669.635418830447,0.11548229640774951,1779495300.0,2026-05-23 00:05:00+00:00,2026-05-23 00:05:00+00:00,2026-05-23 00:14:00+00:00,2026-05-23 00:15:00+00:00,1.446795849251529,1.33041296637406,2026-05-28 00:00:00+00:00,0.027247543897981227,0.012956344029349582,target,minute interval; not exact exchange fill
1199,3319205.0,3319384.0,-1.0,921.0,1.3513000000000002,1.346,0.6222736500000001,0.6198330000000001,0.0,4.881300000000076,3.6391933500000757,10674.630951780446,2.0,10670.991758430446,0.11662901894913053,1779678300.0,2026-05-25 00:05:00+00:00,2026-05-25 00:05:00+00:00,2026-05-25 03:04:00+00:00,2026-05-25 03:05:00+00:00,1.4649769501945429,1.3456527327096741,2026-05-30 00:00:00+00:00,0.049678209000694674,0.034759465249884706,target,minute interval; not exact exchange fill
1200,3320645.0,3320683.0,-1.0,1093.0,1.3486,1.3418,0.7370099,0.7332937,0.0,7.43239999999991,5.9620963999999095,10680.593048180446,2.0,10674.630951780446,0.13808625390970963,1779756240.0,2026-05-26 00:05:00+00:00,2026-05-26 00:05:00+00:00,2026-05-26 00:43:00+00:00,2026-05-26 00:44:00+00:00,1.4441577956400955,1.3414725143108592,2026-05-31 00:00:00+00:00,0.07458821796167657,0.057083778078605193,target,minute interval; not exact exchange fill
1201,3322085.0,3323384.0,-1.0,879.0,1.3291000000000002,1.3133000000000001,0.5841394500000001,0.5771953500000001,-0.044848889798051406,13.888200000000031,12.771714089798083,10693.364762270245,2.0,10680.593048180446,0.10938333618085272,1779918300.0,2026-05-27 00:05:00+00:00,2026-05-27 00:05:00+00:00,2026-05-27 21:44:00+00:00,2026-05-27 21:45:00+00:00,1.4484788317933877,1.3129742475965058,2026-06-01 00:00:00+00:00,0.13508050096690227,0.12171188484155915,target,minute interval; not exact exchange fill
1202,3323525.0,3323597.0,-1.0,888.0,1.3087,1.3009000000000002,0.5810628000000001,0.5775996000000001,0.0,6.926399999999829,5.767737599999829,10699.132499870244,2.0,10693.364762270245,0.10867726163240653,1779931080.0,2026-05-28 00:05:00+00:00,2026-05-28 00:05:00+00:00,2026-05-28 01:17:00+00:00,2026-05-28 01:18:00+00:00,1.4269959696814303,1.3005504815534257,2026-06-02 00:00:00+00:00,0.06889092222263243,0.054906350719228274,target,minute interval; not exact exchange fill
1203,3324965.0,3325038.0,-1.0,815.0,1.3166,1.3124,0.5365145,0.534803,0.0,3.422999999999985,2.351682499999985,10701.484182370245,2.0,10699.132499870244,0.10029121520020556,1780017540.0,2026-05-29 00:05:00+00:00,2026-05-29 00:05:00+00:00,2026-05-29 01:18:00+00:00,2026-05-29 01:19:00+00:00,1.4458016617358367,1.3121093253297982,2026-06-03 00:00:00+00:00,0.03475709685052937,0.022333304086286605,target,minute interval; not exact exchange fill
1204,3326405.0,3328823.0,-1.0,974.0,1.3287,1.3261,0.6470769000000001,0.6458107,-0.003257643167718406,2.5323999999999374,1.2427700431676558,10702.726952413412,2.0,10701.484182370245,0.12093217893383469,1780244640.0,2026-05-30 00:05:00+00:00,2026-05-30 00:05:00+00:00,2026-05-31 16:23:00+00:00,2026-05-31 16:24:00+00:00,1.4365061503828078,1.325771569172064,2026-06-04 00:00:00+00:00,0.027163856770114674,0.01183554554457975,target,minute interval; not exact exchange fill
1205,3329285.0,3329363.0,-1.0,1167.0,1.337,1.3294000000000001,0.7801395,0.7757049,0.0,8.8691999999998,7.3133555999998,10710.040308013411,2.0,10702.726952413412,0.14578331363000574,1780277040.0,2026-06-01 00:05:00+00:00,2026-06-01 00:05:00+00:00,2026-06-01 01:23:00+00:00,2026-06-01 01:24:00+00:00,1.4266006012788401,1.3291240509289723,2026-06-06 00:00:00+00:00,0.08790062743571771,0.06994149492922853,target,minute interval; not exact exchange fill
1206,3330725.0,3330742.0,-1.0,713.0,1.2946,1.2906,0.4615249,0.46009890000000003,0.0,2.8520000000000025,1.9303762000000024,10711.970684213411,2.0,10710.040308013411,0.08618546461579238,1780359780.0,2026-06-02 00:05:00+00:00,2026-06-02 00:05:00+00:00,2026-06-02 00:22:00+00:00,2026-06-02 00:23:00+00:00,1.3732854608096048,1.2902558688380854,2026-06-07 00:00:00+00:00,0.05520881643466585,0.03440788135626604,target,minute interval; not exact exchange fill
1207,3332165.0,3332384.0,-1.0,911.0,1.2144000000000001,1.1962000000000002,0.5531592000000001,0.5448691000000001,0.0,16.580199999999994,15.482171699999995,10727.45285591341,2.0,10711.970684213411,0.10327869937418878,1780458300.0,2026-06-03 00:05:00+00:00,2026-06-03 00:05:00+00:00,2026-06-03 03:44:00+00:00,2026-06-03 03:45:00+00:00,1.330023472266171,1.195883670132576,2026-06-08 00:00:00+00:00,0.16014334723315304,0.14698313125277337,target,minute interval; not exact exchange fill
1208,3333605.0,3333627.0,-1.0,1045.0,1.2055,1.1952,0.62987375,0.624492,0.0,10.763499999999976,9.509134249999976,10736.96199016341,2.0,10727.45285591341,0.11743211710369583,1780532880.0,2026-06-04 00:05:00+00:00,2026-06-04 00:05:00+00:00,2026-06-04 00:27:00+00:00,2026-06-04 00:28:00+00:00,1.3062245692750427,1.1948997968892345,2026-06-09 00:00:00+00:00,0.10523949803965035,0.09034191027565573,target,minute interval; not exact exchange fill
1209,3336485.0,3336616.0,-1.0,1137.0,1.1052,1.0943,0.6283062,0.62210955,0.0,12.393299999999897,11.142884249999897,10748.10487441341,2.0,10736.96199016341,0.11703612261561848,1780712220.0,2026-06-06 00:05:00+00:00,2026-06-06 00:05:00+00:00,2026-06-06 02:16:00+00:00,2026-06-06 02:17:00+00:00,1.1978385336721593,1.0939878209654297,2026-06-11 00:00:00+00:00,0.1210314821502823,0.10579021074191697,target,minute interval; not exact exchange fill
1210,3337925.0,3337925.0,-1.0,911.0,1.0923,1.0921,0.49754265000000003,0.4974515500000001,0.0,0.18219999999997993,-0.8127942000000201,10747.292080213409,2.0,10748.10487441341,0.09258239583881135,1780790760.0,2026-06-07 00:05:00+00:00,2026-06-07 00:05:00+00:00,2026-06-07 00:05:00+00:00,2026-06-07 00:06:00+00:00,1.2084266598260034,1.0918734318762933,2026-06-12 00:00:00+00:00,0.0036733005525684207,-0.007682990291263321,target,minute interval; not exact exchange fill
1211,3339365.0,3339370.0,-1.0,824.0,1.1537,1.1503,0.4753244,0.47392360000000006,0.0,2.8015999999998744,1.8523519999998745,10749.144432213408,2.0,10747.292080213409,0.08845472821476746,1780877460.0,2026-06-08 00:05:00+00:00,2026-06-08 00:05:00+00:00,2026-06-08 00:10:00+00:00,2026-06-08 00:11:00+00:00,1.2821551888893616,1.150042478930188,2026-06-13 00:00:00+00:00,0.028473128267027074,0.01750026619739003,target,minute interval; not exact exchange fill
1212,3340805.0,3340825.0,-1.0,971.0,1.1676,1.159,0.5668698,0.5626945000000001,0.0,8.350599999999943,7.221035699999943,10756.365467913407,2.0,10749.144432213408,0.10547254315444583,1780964760.0,2026-06-09 00:05:00+00:00,2026-06-09 00:05:00+00:00,2026-06-09 00:25:00+00:00,2026-06-09 00:26:00+00:00,1.276418256073354,1.1587097729549491,2026-06-14 00:00:00+00:00,0.08169793714629979,0.06834055486964331,target,minute interval; not exact exchange fill
1213,3342245.0,3342386.0,-1.0,787.0,1.1393,1.1197000000000001,0.44831455000000003,0.4406019500000001,0.0,15.425199999999874,14.536283499999875,10770.901751413407,2.0,10756.365467913407,0.08335799882169068,1781058420.0,2026-06-10 00:05:00+00:00,2026-06-10 00:05:00+00:00,2026-06-10 02:26:00+00:00,2026-06-10 02:27:00+00:00,1.2741286718091642,1.119449700466552,2026-06-15 00:00:00+00:00,0.14722610010980433,0.13699237522819244,target,minute interval; not exact exchange fill
1214,3343685.0,3350184.0,-1.0,755.0,1.0959,1.237,0.41370225000000005,0.46696750000000004,0.39232018702033444,-106.5305,-107.80348993702033,10663.098261476387,1.0,10770.901751413407,0.07681849849678782,1781526300.0,2026-06-11 00:05:00+00:00,2026-06-11 00:05:00+00:00,2026-06-15 12:24:00+00:00,2026-06-15 12:25:00+00:00,1.236699083117509,1.0889008406324392,2026-06-16 00:00:00+00:00,0.049710262400782114,-1.014112281310913,stop,minute interval; not exact exchange fill
1215,3350885.0,3351001.0,-1.0,749.0,1.2364000000000002,1.2262,0.4630318000000001,0.45921189999999995,0.0,7.6398000000001565,6.717556300000156,10669.815817776387,2.0,10663.098261476387,0.08684751629324099,1781575320.0,2026-06-16 00:05:00+00:00,2026-06-16 00:05:00+00:00,2026-06-16 02:01:00+00:00,2026-06-16 02:02:00+00:00,1.3767584948481086,1.2258802930005033,2026-06-21 00:00:00+00:00,0.07494884446346468,0.06389851935720636,target,minute interval; not exact exchange fill
1216,3352325.0,3352849.0,-1.0,593.0,1.216,1.1949,0.360544,0.35428785000000007,0.0103166323800091,12.51229999999994,11.787151517619929,10681.602969294006,2.0,10669.815817776387,0.06758204755499485,1781686200.0,2026-06-17 00:05:00+00:00,2026-06-17 00:05:00+00:00,2026-06-17 08:49:00+00:00,2026-06-17 08:50:00+00:00,1.393976697140425,1.1946158876630795,2026-06-22 00:00:00+00:00,0.12015119215325286,0.11168401798049976,target,minute interval; not exact exchange fill
1217,3353765.0,3353969.0,-1.0,543.0,1.1868,1.1800000000000002,0.3222162,0.32037000000000004,0.0,3.692399999999955,3.0498137999999546,10684.652783094007,2.0,10681.602969294006,0.06033105722544875,1781753400.0,2026-06-18 00:05:00+00:00,2026-06-18 00:05:00+00:00,2026-06-18 03:29:00+00:00,2026-06-18 03:30:00+00:00,1.3813918469402109,1.1797367766532951,2026-06-23 00:00:00+00:00,0.03629763249472192,0.028863490882666022,target,minute interval; not exact exchange fill
1218,3355205.0,3355395.0,-1.0,522.0,1.1455,1.1426,0.2989755,0.29821860000000006,0.0,1.5137999999999492,0.9166058999999491,10685.569388994007,2.0,10684.652783094007,0.05596354061651112,1781838960.0,2026-06-19 00:05:00+00:00,2026-06-19 00:05:00+00:00,2026-06-19 03:15:00+00:00,2026-06-19 03:16:00+00:00,1.3483164432210764,1.1422918567398386,2026-06-24 00:00:00+00:00,0.01581796430905955,0.00865782858683633,target,minute interval; not exact exchange fill
1219,3356645.0,3359349.0,-1.0,594.0,1.1357000000000002,1.1308,0.3373029,0.3358476,0.0974133865629936,2.910600000000075,2.1400361134370813,10687.709425107445,2.0,10685.569388994007,0.06313241488982656,1782076200.0,2026-06-20 00:05:00+00:00,2026-06-20 00:05:00+00:00,2026-06-21 21:09:00+00:00,2026-06-21 21:10:00+00:00,1.3136353367724174,1.1304782708726087,2026-06-25 00:00:00+00:00,0.029346217688452674,0.020247548716721284,target,minute interval; not exact exchange fill
1220,3359525.0,3361250.0,-1.0,691.0,1.1264,1.1189,0.3891712,0.38657995,0.1145039185728258,5.182500000000043,4.292244931427217,10692.001670038873,2.0,10687.709425107445,0.07282593201603395,1782190260.0,2026-06-22 00:05:00+00:00,2026-06-22 00:05:00+00:00,2026-06-23 04:50:00+00:00,2026-06-23 04:51:00+00:00,1.2791032205613326,1.1185912969629637,2026-06-27 00:00:00+00:00,0.05113646593917167,0.040677874539662276,target,minute interval; not exact exchange fill
1221,3362405.0,3363019.0,-1.0,704.0,1.1084,1.0911,0.3901568,0.38406719999999994,-0.025111353344000005,12.179200000000066,11.430087353344065,10703.431757392216,2.0,10692.001670038873,0.07298105855955811,1782296400.0,2026-06-24 00:05:00+00:00,2026-06-24 00:05:00+00:00,2026-06-24 10:19:00+00:00,2026-06-24 10:20:00+00:00,1.2583396114686218,1.090832075306292,2026-06-29 00:00:00+00:00,0.11716666811147927,0.10828305727201262,target,minute interval; not exact exchange fill
1222,3363845.0,3364506.0,-1.0,655.0,1.0742,1.068,0.3518005,0.34977,0.0238832257,4.060999999999989,3.3355462742999893,10706.767303666516,2.0,10703.431757392216,0.06573601961950802,1782385620.0,2026-06-25 00:05:00+00:00,2026-06-25 00:05:00+00:00,2026-06-25 11:06:00+00:00,2026-06-25 11:07:00+00:00,1.2357420196560471,1.0677353672607497,2026-06-30 00:00:00+00:00,0.04001827359231211,0.03152391601171464,target,minute interval; not exact exchange fill
1223,3365285.0,3365334.0,-1.0,699.0,1.0438,1.0404,0.3648081,0.3636198,0.0,2.3766000000000487,1.6481721000000489,10708.415475766516,2.0,10706.767303666516,0.06814533082736786,1782435300.0,2026-06-26 00:05:00+00:00,2026-06-26 00:05:00+00:00,2026-06-26 00:54:00+00:00,2026-06-26 00:55:00+00:00,1.1952504679852185,1.040170846875316,2026-07-01 00:00:00+00:00,0.023962640544883316,0.015568786490842677,target,minute interval; not exact exchange fill
1224,3366725.0,3366753.0,-1.0,770.0,1.0487,1.0450000000000002,0.40374950000000004,0.40232500000000004,0.0,2.848999999999857,2.042925499999857,10710.458401266516,2.0,10708.415475766516,0.07540788848055026,1782520440.0,2026-06-27 00:05:00+00:00,2026-06-27 00:05:00+00:00,2026-06-27 00:33:00+00:00,2026-06-27 00:34:00+00:00,1.1859717679056527,1.0446933895449022,2026-07-02 00:00:00+00:00,0.029187432465002654,0.01932771785836787,target,minute interval; not exact exchange fill
1225,3368165.0,3368464.0,-1.0,865.0,1.0471000000000001,1.0448,0.45287075000000004,0.451876,0.0,1.989500000000165,1.084753250000165,10711.543154516517,2.0,10710.458401266516,0.08456608168077062,1782623100.0,2026-06-28 00:05:00+00:00,2026-06-28 00:05:00+00:00,2026-06-28 05:04:00+00:00,2026-06-28 05:05:00+00:00,1.1691779071625406,1.0445144290516066,2026-07-03 00:00:00+00:00,0.021179679505407625,0.010272538489134552,target,minute interval; not exact exchange fill
1226,3369605.0,3369605.0,-1.0,983.0,1.0442,1.0444,0.5132243,0.5133226,0.0,-0.19659999999997835,-1.2231468999999784,10710.320007616518,2.0,10711.543154516517,0.09582639823163093,1782691560.0,2026-06-29 00:05:00+00:00,2026-06-29 00:05:00+00:00,2026-06-29 00:05:00+00:00,2026-06-29 00:06:00+00:00,1.151473759051867,1.0441132019592658,2026-07-04 00:00:00+00:00,0.0008091264956253262,-0.01159929521439028,target,minute interval; not exact exchange fill
1227,3371045.0,3371070.0,-1.0,1211.0,1.0579,1.0514000000000001,0.64055845,0.6366227000000001,0.0,7.87149999999994,6.594318849999939,10716.914326466516,2.0,10710.320007616518,0.11961518414846138,1782779460.0,2026-06-30 00:05:00+00:00,2026-06-30 00:05:00+00:00,2026-06-30 00:30:00+00:00,2026-06-30 00:31:00+00:00,1.1446432721780695,1.0511182807996287,2026-07-05 00:00:00+00:00,0.07818150076757158,0.06277547368540072,target,minute interval; not exact exchange fill
1228,3372485.0,3372552.0,-1.0,647.0,1.0401,1.0265,0.33647235000000003,0.33207274999999997,0.0,8.799200000000036,8.130654900000037,10725.044981366516,2.0,10716.914326466516,0.06279276660242532,1782868380.0,2026-07-01 00:05:00+00:00,2026-07-01 00:05:00+00:00,2026-07-01 01:12:00+00:00,2026-07-01 01:13:00+00:00,1.1440532017336291,1.0262373583796678,2026-07-06 00:00:00+00:00,0.13335463832902458,0.12088805145416412,target,minute interval; not exact exchange fill
1229,3373925.0,3373937.0,-1.0,957.0,1.0497,1.0494,0.5022814500000001,0.5021379,0.0,0.2870999999999684,-0.7173193500000318,10724.327662016516,2.0,10725.044981366516,0.09366514562366014,1782951480.0,2026-07-02 00:05:00+00:00,2026-07-02 00:05:00+00:00,2026-07-02 00:17:00+00:00,2026-07-02 00:18:00+00:00,1.1600208093352946,1.0491129202120348,2026-07-07 00:00:00+00:00,0.0053215688998523025,-0.00679427575374243,target,minute interval; not exact exchange fill
1230,3375365.0,3375369.0,-1.0,838.0,1.087,1.0852,0.455453,0.45469879999999996,0.0,1.50840000000002,0.5982482000000201,10724.925910216516,2.0,10724.327662016516,0.08493828505690403,1783037400.0,2026-07-03 00:05:00+00:00,2026-07-03 00:05:00+00:00,2026-07-03 00:09:00+00:00,2026-07-03 00:10:00+00:00,1.2131347244035016,1.0849289515056566,2026-07-08 00:00:00+00:00,0.016419336579498404,0.005659821301200746,target,minute interval; not exact exchange fill
1231,3376805.0,3376909.0,-1.0,825.0,1.1339000000000001,1.131,0.46773375000000006,0.46653750000000005,0.0,2.392500000000103,1.458228750000103,10726.384138966516,2.0,10724.925910216516,0.08722367947631955,1783129800.0,2026-07-04 00:05:00+00:00,2026-07-04 00:05:00+00:00,2026-07-04 01:49:00+00:00,2026-07-04 01:50:00+00:00,1.2619987741613772,1.130720282253929,2026-07-09 00:00:00+00:00,0.02482239011955962,0.013798336569352256,target,minute interval; not exact exchange fill
1232,3378245.0,3378247.0,-1.0,799.0,1.1543,1.1545,0.4611428500000001,0.46122275,0.0,-0.1597999999999824,-1.0821655999999824,10725.301973366517,2.0,10726.384138966516,0.08598290794467688,1783210080.0,2026-07-05 00:05:00+00:00,2026-07-05 00:05:00+00:00,2026-07-05 00:07:00+00:00,2026-07-05 00:08:00+00:00,1.2866544741969226,1.154261241300278,2026-07-10 00:00:00+00:00,0.0002928401170970192,-0.010233125915976558,target,minute interval; not exact exchange fill
1233,3379685.0,3379689.0,-1.0,1067.0,1.1571,1.153,0.61731285,0.6151255,0.0,4.374699999999992,3.1422616499999916,10728.444235016517,2.0,10725.301973366517,0.11511337424958944,1783296600.0,2026-07-06 00:05:00+00:00,2026-07-06 00:05:00+00:00,2026-07-06 00:09:00+00:00,2026-07-06 00:10:00+00:00,1.2557907089495575,1.1527470776814672,2026-07-11 00:00:00+00:00,0.0441067083706699,0.029840195002603615,target,minute interval; not exact exchange fill
1234,3381125.0,3381262.0,-1.0,1132.0,1.1451,1.1379000000000001,0.6481266000000001,0.6440514,0.0,8.150399999999856,6.858221999999855,10735.302457016518,2.0,10728.444235016517,0.12082396772582976,1783390980.0,2026-07-07 00:05:00+00:00,2026-07-07 00:05:00+00:00,2026-07-07 02:22:00+00:00,2026-07-07 02:23:00+00:00,1.2380694830595658,1.1376653681602853,2026-07-12 00:00:00+00:00,0.07996851864768707,0.0651665449846395,target,minute interval; not exact exchange fill
1235,3382565.0,3382676.0,-1.0,869.0,1.1125,1.0985,0.48338125000000004,0.47729825,0.0,12.166000000000011,11.20532050000001,10746.507777516517,2.0,10735.302457016518,0.09005451908512656,1783475820.0,2026-07-08 00:05:00+00:00,2026-07-08 00:05:00+00:00,2026-07-08 01:56:00+00:00,2026-07-08 01:57:00+00:00,1.234205912770979,1.0982516556045017,2026-07-13 00:00:00+00:00,0.11707191599072356,0.10594801605296149,target,minute interval; not exact exchange fill
1236,3384005.0,3384051.0,-1.0,839.0,1.0897000000000001,1.0871,0.45712915000000004,0.45603845,0.0,2.1814000000001323,1.2682324000001324,10747.776009916517,2.0,10746.507777516517,0.0850749209815658,1783558320.0,2026-07-09 00:05:00+00:00,2026-07-09 00:05:00+00:00,2026-07-09 00:51:00+00:00,2026-07-09 00:52:00+00:00,1.2160029393494916,1.0867832149037808,2026-07-14 00:00:00+00:00,0.023093564656862693,0.011968050844940563,target,minute interval; not exact exchange fill
1237,3385445.0,3385450.0,-1.0,917.0,1.0917000000000001,1.091,0.50054445,0.5002235,0.0,0.6419000000001329,-0.35886794999986715,10747.417141966516,2.0,10747.776009916517,0.0931438186910797,1783642260.0,2026-07-10 00:05:00+00:00,2026-07-10 00:05:00+00:00,2026-07-10 00:10:00+00:00,2026-07-10 00:11:00+00:00,1.2071651381807758,1.090735677262992,2026-07-15 00:00:00+00:00,0.00835163541309258,-0.003389334704533467,target,minute interval; not exact exchange fill
1238,3386885.0,3386894.0,-1.0,423.0,1.1024,1.1016000000000001,0.23315760000000002,0.23298840000000004,0.0,0.33839999999996273,-0.12774600000003733,10747.289395966516,2.0,10747.417141966516,0.04338858293488324,1783728900.0,2026-07-11 00:05:00+00:00,2026-07-11 00:05:00+00:00,2026-07-11 00:14:00+00:00,2026-07-11 00:15:00+00:00,1.2075343919896016,1.1013419401880755,2026-07-16 00:00:00+00:00,0.010063879116066767,-0.002872513877570701,target,minute interval; not exact exchange fill
1239,3388325.0,3388327.0,-1.0,1041.0,1.097,1.0946,0.5709884999999999,0.5697393,0.0,2.4983999999999558,1.357672199999956,10748.647068166516,2.0,10747.289395966516,0.10625721127678824,1783814880.0,2026-07-12 00:05:00+00:00,2026-07-12 00:05:00+00:00,2026-07-12 00:07:00+00:00,2026-07-12 00:08:00+00:00,1.1984750069468595,1.0942844211110698,2026-07-17 00:00:00+00:00,0.026761061374967372,0.012852425826222823,target,minute interval; not exact exchange fill
1240,3389765.0,3389875.0,-1.0,1229.0,1.0865,1.0824,0.6676542500000001,0.6651348,0.0,5.038899999999991,3.706110949999991,10752.353179116515,2.0,10748.647068166516,0.12423037909158688,1783907760.0,2026-07-13 00:05:00+00:00,2026-07-13 00:05:00+00:00,2026-07-13 01:55:00+00:00,2026-07-13 01:56:00+00:00,1.1721663772156028,1.0821110214384537,2026-07-18 00:00:00+00:00,0.05123338588837762,0.03520109170031248,target,minute interval; not exact exchange fill
1241,3391205.0,3391397.0,-1.0,1286.0,1.0668,1.0611000000000002,0.6859524,0.6822873,0.0,7.330199999999763,5.961960299999763,10758.315139416516,2.0,10752.353179116515,0.12759112141745374,1783999080.0,2026-07-14 00:05:00+00:00,2026-07-14 00:05:00+00:00,2026-07-14 03:17:00+00:00,2026-07-14 03:18:00+00:00,1.148670536601741,1.0608047609664513,2026-07-19 00:00:00+00:00,0.07322828556398175,0.056626598437382575,target,minute interval; not exact exchange fill
1242,3392645.0,3395155.0,-1.0,893.0,1.1106,1.0987,0.4958829,0.49056955,-0.18721809294178282,10.62670000000002,9.827465642941803,10768.142605059458,2.0,10758.315139416516,0.09218597774351765,1784224560.0,2026-07-15 00:05:00+00:00,2026-07-15 00:05:00+00:00,2026-07-16 17:55:00+00:00,2026-07-16 17:56:00+00:00,1.229263665545881,1.0984218918039994,2026-07-20 00:00:00+00:00,0.10262710274436944,0.09274111556687556,target,minute interval; not exact exchange fill
1243,3395525.0,3395556.0,-1.0,935.0,1.0857,1.0845,0.5075647500000001,0.5070037500000001,0.0,1.122000000000084,0.10743150000008383,10768.250036559459,2.0,10768.142605059458,0.09427155055719982,1784248620.0,2026-07-17 00:05:00+00:00,2026-07-17 00:05:00+00:00,2026-07-17 00:36:00+00:00,2026-07-17 00:37:00+00:00,1.199096309563188,1.084264572616854,2026-07-22 00:00:00+00:00,0.012658501750854569,0.0010132604883059616,target,minute interval; not exact exchange fill
1244,3396965.0,3397522.0,-1.0,407.0,1.0879,1.086,0.22138765000000002,0.221001,0.0044426691430000005,0.7733000000000052,0.32646868085700514,10768.576505240315,2.0,10768.250036559459,0.041118593875209664,1784366580.0,2026-07-18 00:05:00+00:00,2026-07-18 00:05:00+00:00,2026-07-18 09:22:00+00:00,2026-07-18 09:23:00+00:00,1.1899124912080266,1.0856926523452517,2026-07-23 00:00:00+00:00,0.021638013429621215,0.007863099327358646,target,minute interval; not exact exchange fill
1245,3398405.0,3399421.0,-1.0,1021.0,1.0926,1.0904,0.5577723,0.5566492000000001,0.0303298853821768,2.2461999999999795,1.1014486146178029,10769.677953854933,2.0,10768.576505240315,0.10359257785438421,1784480520.0,2026-07-19 00:05:00+00:00,2026-07-19 00:05:00+00:00,2026-07-19 17:01:00+00:00,2026-07-19 17:02:00+00:00,1.196252618793913,1.0901493907073674,2026-07-24 00:00:00+00:00,0.0236425217341112,0.010407782788238935,target,minute interval; not exact exchange fill
1246,3399845.0,3399892.0,-1.0,1192.0,1.0951,1.0941,0.6526795999999999,0.6520836000000001,0.0,1.1919999999998687,-0.11276320000013129,10769.565190654932,2.0,10769.677953854933,0.12120689268454453,1784508780.0,2026-07-20 00:05:00+00:00,2026-07-20 00:05:00+00:00,2026-07-20 00:52:00+00:00,2026-07-20 00:53:00+00:00,1.183694525119429,1.0938253320267923,2026-07-25 00:00:00+00:00,0.014387660766727144,-0.0010677860722497852,target,minute interval; not exact exchange fill
1247,3401285.0,3405065.0,-1.0,1368.0,1.1124,1.1069,0.7608816,0.7571196,-0.20654232991092003,7.524000000000083,6.212541129911002,10775.777731784843,2.0,10769.565190654932,0.14130219494102497,1784819160.0,2026-07-21 00:05:00+00:00,2026-07-21 00:05:00+00:00,2026-07-23 15:05:00+00:00,2026-07-23 15:06:00+00:00,1.1859718788562752,1.1066722784868908,2026-07-26 00:00:00+00:00,0.07785204893704796,0.06172645453552553,target,minute interval; not exact exchange fill
1248,3405605.0,3405611.0,-1.0,1172.0,1.1072,1.1056000000000001,0.6488192,0.6478816000000001,0.0,1.8751999999997935,0.5784991999997933,10776.356230984844,2.0,10775.777731784843,0.12042178599994806,1784851920.0,2026-07-24 00:05:00+00:00,2026-07-24 00:05:00+00:00,2026-07-24 00:11:00+00:00,2026-07-24 00:12:00+00:00,1.1973221180866214,1.1053352236102298,2026-07-29 00:00:00+00:00,0.02069166181799874,0.00547701286298439,target,minute interval; not exact exchange fill
1249,3407045.0,3407430.0,-1.0,574.0,1.0914000000000001,1.0892,0.3132318,0.3126004,0.0,1.2628000000001158,0.6369678000001158,10776.993198784843,2.0,10776.356230984844,0.058133156196038996,1784961060.0,2026-07-25 00:05:00+00:00,2026-07-25 00:05:00+00:00,2026-07-25 06:30:00+00:00,2026-07-25 06:31:00+00:00,1.1666587804079849,1.0889103083245157,2026-07-30 00:00:00+00:00,0.033081743578457695,0.014745123346198498,target,minute interval; not exact exchange fill
1250,3408485.0,3410790.0,-1.0,871.0,1.0971,1.0937000000000001,0.47778705,0.4763063500000001,-0.15810071178063628,2.961399999999867,2.1654073117805033,10779.158606096624,2.0,10776.993198784843,0.08866796910549646,1785162660.0,2026-07-26 00:05:00+00:00,2026-07-26 00:05:00+00:00,2026-07-27 14:30:00+00:00,2026-07-27 14:31:00+00:00,1.1789974926559421,1.093417562456125,2026-07-31 00:00:00+00:00,0.04496398393226865,0.030356439934852694,target,minute interval; not exact exchange fill
1251,3411365.0,3411387.0,-1.0,1482.0,1.0643,1.0606,0.7886463,0.7859046,0.0,5.483400000000055,3.908849100000055,10783.067455196624,2.0,10779.158606096624,0.14632798881982248,1785198480.0,2026-07-28 00:05:00+00:00,2026-07-28 00:05:00+00:00,2026-07-28 00:27:00+00:00,2026-07-28 00:28:00+00:00,1.1353426772039592,1.0603487024366243,2026-08-02 00:00:00+00:00,0.05561864669080279,0.03712627541368961,target,minute interval; not exact exchange fill
1252,3412805.0,3416529.0,-1.0,1231.0,1.0713000000000001,1.0575,0.6593851500000001,0.65089125,-0.7732761692166572,16.987800000000043,16.4507997692167,10799.518254965838,2.0,10783.067455196624,0.12230010666996732,1785507000.0,2026-07-29 00:05:00+00:00,2026-07-29 00:05:00+00:00,2026-07-31 14:09:00+00:00,2026-07-31 14:10:00+00:00,1.1571605060281105,1.0572609455321298,2026-08-03 00:00:00+00:00,0.16351003642203116,0.15564512398058772,target,minute interval; not exact exchange fill
1253,3417125.0,3418154.0,-1.0,640.0,1.0623,1.059,0.339936,0.33888,-0.03285163947392,2.1120000000000516,1.4660356394739715,10800.98429060531,2.0,10799.518254965838,0.06295391923499746,1785604500.0,2026-08-01 00:05:00+00:00,2026-08-01 00:05:00+00:00,2026-08-01 17:14:00+00:00,2026-08-01 17:15:00+00:00,1.1418563732909202,1.0587539939867752,2026-08-06 00:00:00+00:00,0.044572243134536726,0.028793176359379353,target,minute interval; not exact exchange fill
1254,3418565.0,3423692.0,-1.0,1173.0,1.0611000000000002,1.0564,0.6223351500000002,0.6195786000000001,-0.759883436753414,5.513100000000174,5.031069686753588,10806.015360292064,2.0,10800.98429060531,0.11523674755111103,1785936780.0,2026-08-02 00:05:00+00:00,2026-08-02 00:05:00+00:00,2026-08-05 13:32:00+00:00,2026-08-05 13:33:00+00:00,1.1461077445028676,1.0561407577582174,2026-08-07 00:00:00+00:00,0.05833871102903465,0.05045495550581481,target,minute interval; not exact exchange fill
1255,3424325.0,3424406.0,-1.0,880.0,1.0611000000000002,1.0591000000000002,0.4668840000000001,0.4660040000000001,0.0,1.7600000000000016,0.8271120000000014,10806.842472292064,2.0,10806.015360292064,0.0864118705060551,1785979620.0,2026-08-06 00:05:00+00:00,2026-08-06 00:05:00+00:00,2026-08-06 01:26:00+00:00,2026-08-06 01:27:00+00:00,1.1486026814064811,1.0588514764375012,2026-08-11 00:00:00+00:00,0.025696624678891257,0.010741385119775163,target,minute interval; not exact exchange fill
1256,3425765.0,3425774.0,-1.0,1290.0,1.0346,1.0332000000000001,0.667317,0.6664140000000001,0.0,1.805999999999801,0.4722689999998009,10807.314741292064,2.0,10806.842472292064,0.12349897793198168,1786061700.0,2026-08-07 00:05:00+00:00,2026-08-07 00:05:00+00:00,2026-08-07 00:14:00+00:00,2026-08-07 00:15:00+00:00,1.1167165956285752,1.032908203130627,2026-08-12 00:00:00+00:00,0.02060237466522935,0.004458294906132822,target,minute interval; not exact exchange fill
1257,3427205.0,3431061.0,-1.0,1499.0,1.0211000000000001,1.0185,0.7653144500000001,0.76336575,-1.0955174817105702,3.8974000000002365,3.4642372817108065,10810.778978573777,2.0,10807.314741292064,0.14162897413839975,1786378920.0,2026-08-08 00:05:00+00:00,2026-08-08 00:05:00+00:00,2026-08-10 16:21:00+00:00,2026-08-10 16:22:00+00:00,1.0915315048935852,1.0182481351377286,2026-08-13 00:00:00+00:00,0.04049132368505252,0.0328124780632161,target,minute interval; not exact exchange fill
1258,3431525.0,3431906.0,-1.0,1803.0,1.0103,1.0079,0.91078545,0.9086218500000001,0.0,4.327199999999924,2.507792699999924,10813.286771273777,2.0,10810.778978573777,0.16849580438285056,1786429620.0,2026-08-11 00:05:00+00:00,2026-08-11 00:05:00+00:00,2026-08-11 06:26:00+00:00,2026-08-11 06:27:00+00:00,1.0686371100678829,1.0076360516353595,2026-08-16 00:00:00+00:00,0.045664729732765336,0.023842456343508667,target,minute interval; not exact exchange fill
1259,3432965.0,3433802.0,-1.0,1375.0,1.0212,1.0129000000000001,0.702075,0.6963687500000001,-0.14029125,11.412499999999964,10.154347499999965,10823.441118773777,2.0,10813.286771273777,0.12985413498236437,1786543380.0,2026-08-12 00:05:00+00:00,2026-08-12 00:05:00+00:00,2026-08-12 14:02:00+00:00,2026-08-12 14:03:00+00:00,1.098155275383045,1.0126551287835883,2026-08-17 00:00:00+00:00,0.11103684801177939,0.09596457115176618,target,minute interval; not exact exchange fill
1260,3434405.0,3434446.0,-1.0,1320.0,1.004,1.0027000000000001,0.66264,0.6617820000000002,0.0,1.715999999999811,0.3915779999998107,10823.832696773776,2.0,10823.441118773777,0.1224453466745653,1786582020.0,2026-08-13 00:05:00+00:00,2026-08-13 00:05:00+00:00,2026-08-13 00:46:00+00:00,2026-08-13 00:47:00+00:00,1.0843636729088493,1.0024981020708728,2026-08-18 00:00:00+00:00,0.01868876663751723,0.003691344475212393,target,minute interval; not exact exchange fill
1261,3435845.0,3436225.0,-1.0,919.0,1.0090000000000001,1.0076,0.46363550000000003,0.4629922,0.0,1.2866000000000624,0.35997230000006225,10824.192669073776,2.0,10823.832696773776,0.08566937664108469,1786688760.0,2026-08-14 00:05:00+00:00,2026-08-14 00:05:00+00:00,2026-08-14 06:25:00+00:00,2026-08-14 06:26:00+00:00,1.0819363575222172,1.0072991080513136,2026-08-19 00:00:00+00:00,0.02332022062067459,0.005370435449573315,target,minute interval; not exact exchange fill
1262,3437285.0,3439336.0,-1.0,1218.0,0.9986,0.9971000000000001,0.6081474000000001,0.6072339000000001,0.09314833089090481,1.826999999999934,0.5184703691090289,10824.711139442883,2.0,10824.192669073776,0.11236817721058527,1786875420.0,2026-08-15 00:05:00+00:00,2026-08-15 00:05:00+00:00,2026-08-16 10:16:00+00:00,2026-08-16 10:17:00+00:00,1.0615327993012462,0.9968045981041116,2026-08-20 00:00:00+00:00,0.02852887390713759,0.006763937765087091,target,minute interval; not exact exchange fill
1263,3440165.0,3440169.0,-1.0,2230.0,0.993,0.9912000000000001,1.107195,1.105188,0.0,4.013999999999806,1.8016169999998057,10826.512756442882,2.0,10824.711139442883,0.2045680454170501,1786925400.0,2026-08-17 00:05:00+00:00,2026-08-17 00:05:00+00:00,2026-08-17 00:09:00+00:00,2026-08-17 00:10:00+00:00,1.0399300224500143,0.99092118572655,2026-08-22 00:00:00+00:00,0.0442960425954237,0.01721499283023817,target,minute interval; not exact exchange fill
1264,3441605.0,3441696.0,-1.0,1997.0,1.0023,0.9996,1.00079655,0.9981006000000001,0.0,5.39189999999985,3.39300284999985,10829.905759292882,2.0,10826.512756442882,0.18487883818442347,1787017020.0,2026-08-18 00:05:00+00:00,2026-08-18 00:05:00+00:00,2026-08-18 01:36:00+00:00,2026-08-18 01:37:00+00:00,1.0470580087508896,0.9993842649042509,2026-08-23 00:00:00+00:00,0.06514443285395477,0.03796080405311046,target,minute interval; not exact exchange fill
1265,3443045.0,3443967.0,-1.0,1784.0,0.999,1.0583,0.891108,0.9440036,-0.09171401358049999,-105.79120000000003,-107.53459758641954,10722.371161706464,1.0,10829.905759292882,0.1645643128954029,1787153280.0,2026-08-19 00:05:00+00:00,2026-08-19 00:05:00+00:00,2026-08-19 15:27:00+00:00,2026-08-19 15:28:00+00:00,1.0580751707964071,0.9941532421940423,2026-08-24 00:00:00+00:00,0.08204390678211028,-1.020348142662137,stop,minute interval; not exact exchange fill
1266,3444485.0,3444646.0,-1.0,751.0,1.1075000000000002,1.1011,0.41586625000000005,0.41346305,0.0,4.806400000000138,3.977070700000138,10726.348232406464,2.0,10722.371161706464,0.07756982923426706,1787194020.0,2026-08-20 00:05:00+00:00,2026-08-20 00:05:00+00:00,2026-08-20 02:46:00+00:00,2026-08-20 02:47:00+00:00,1.2483451024628573,1.100819018547643,2026-08-25 00:00:00+00:00,0.04743495752093368,0.03759946144663946,target,minute interval; not exact exchange fill
1267,3447365.0,3447365.0,-1.0,300.0,1.4465000000000001,1.4455,0.21697500000000003,0.216825,0.0,0.3000000000000336,-0.13379999999996645,10726.214432406465,2.0,10726.348232406464,0.040456452708569485,1787357160.0,2026-08-22 00:05:00+00:00,2026-08-22 00:05:00+00:00,2026-08-22 00:05:00+00:00,2026-08-22 00:06:00+00:00,1.801658101658139,1.4451152419797468,2026-08-27 00:00:00+00:00,0.0038989903758022623,-0.001255778758580003,target,minute interval; not exact exchange fill
1268,3448805.0,3449088.0,-1.0,303.0,1.4688,1.4487,0.2225232,0.21947805000000004,0.0,6.090300000000002,5.648298750000001,10731.862731156465,2.0,10726.214432406465,0.04149146959577912,1787460540.0,2026-08-23 00:05:00+00:00,2026-08-23 00:05:00+00:00,2026-08-23 04:48:00+00:00,2026-08-23 04:49:00+00:00,1.8194468397468193,1.4483915967382541,2026-08-28 00:00:00+00:00,0.058202159404834926,0.05316246401496081,target,minute interval; not exact exchange fill
1269,3450245.0,3450256.0,-1.0,341.0,1.5131000000000001,1.5091,0.25798355000000006,0.25730155000000005,0.0,1.3640000000000012,0.8487149000000012,10732.711446056464,2.0,10731.862731156465,0.04807805624479875,1787530620.0,2026-08-24 00:05:00+00:00,2026-08-24 00:05:00+00:00,2026-08-24 00:16:00+00:00,2026-08-24 00:17:00+00:00,1.8249906040837887,1.5087577243537373,2026-08-29 00:00:00+00:00,0.01392243174179185,0.007980041615268947,target,minute interval; not exact exchange fill
1270,3451685.0,3452426.0,-1.0,354.0,1.4801,1.4646000000000001,0.2619777,0.2592342,-0.05259256047,5.486999999999946,5.018380660469946,10737.729826716935,2.0,10732.711446056464,0.04881854903427201,1787660820.0,2026-08-25 00:05:00+00:00,2026-08-25 00:05:00+00:00,2026-08-25 12:26:00+00:00,2026-08-25 12:27:00+00:00,1.7801636566423988,1.4642911982581124,2026-08-30 00:00:00+00:00,0.05268482667572016,0.047244030528809974,target,minute interval; not exact exchange fill
1271,3453125.0,3453870.0,-1.0,267.0,1.4348,1.4012,0.19154580000000002,0.1870602,-0.035709784192962,8.97120000000002,8.628303784192981,10746.358130501128,2.0,10737.729826716935,0.035677150215385,1787747460.0,2026-08-26 00:05:00+00:00,2026-08-26 00:05:00+00:00,2026-08-26 12:30:00+00:00,2026-08-26 12:31:00+00:00,1.8346415955586601,1.4008384163288257,2026-08-31 00:00:00+00:00,0.08493759540880975,0.080821367434107,target,minute interval; not exact exchange fill
1272,3454565.0,3454575.0,-1.0,243.0,1.4137000000000002,1.4109,0.17176455000000002,0.17142435,0.0,0.680400000000033,0.33721110000003296,10746.69534160113,2.0,10746.358130501128,0.031967025091502364,1787789760.0,2026-08-27 00:05:00+00:00,2026-08-27 00:05:00+00:00,2026-08-27 00:15:00+00:00,2026-08-27 00:16:00+00:00,1.8530314713562557,1.41059002635121,2026-09-01 00:00:00+00:00,0.0070788774571271225,0.0031586628558982624,target,minute interval; not exact exchange fill
1273,3456005.0,3456007.0,-1.0,286.0,1.4498,1.4458,0.2073214,0.2067494,0.0,1.144000000000001,0.729929200000001,10747.42527080113,2.0,10746.69534160113,0.03858328414641957,1787875680.0,2026-08-28 00:05:00+00:00,2026-08-28 00:05:00+00:00,2026-08-28 00:07:00+00:00,2026-08-28 00:08:00+00:00,1.8228624576738726,1.4454787235808728,2026-09-02 00:00:00+00:00,0.011583251893185077,0.006841213709665504,target,minute interval; not exact exchange fill
1274,3457445.0,3460283.0,-1.0,307.0,1.3866,1.3745,0.21284310000000004,0.21098575,-0.0758598710409362,3.7146999999999997,3.366731021040936,10750.792001822172,2.0,10747.42527080113,0.03960820282756604,1788132240.0,2026-08-29 00:05:00+00:00,2026-08-29 00:05:00+00:00,2026-08-30 23:23:00+00:00,2026-08-30 23:24:00+00:00,1.7340752755535227,1.3741871597359405,2026-09-03 00:00:00+00:00,0.035722945306787865,0.031560664394515714,target,minute interval; not exact exchange fill
1275,3460325.0,3460414.0,-1.0,373.0,1.361,1.3463,0.2538265,0.25108495000000003,0.0,5.483099999999975,4.978188549999976,10755.770190372172,2.0,10750.792001822172,0.04722005596554719,1788140100.0,2026-08-31 00:05:00+00:00,2026-08-31 00:05:00+00:00,2026-08-31 01:34:00+00:00,2026-08-31 01:35:00+00:00,1.6466264261104038,1.345971492209986,2026-09-05 00:00:00+00:00,0.05261595712507735,0.046726593830086094,target,minute interval; not exact exchange fill
