trade_id,entry_index,exit_index,side,quantity,entry_price,exit_price,entry_fee,exit_fee,funding_paid,gross_pnl,net_pnl,balance_after,reason_code,equity_before,entry_leverage,exit_epoch_upper_bound,signal_available_utc,entry_utc_simulated,exit_bar_open_utc,exit_utc_upper_bound,initial_stop,initial_target,forecast_expires_utc,planned_price_RR,realized_net_R,exit_reason,intrabar_precision
1,876965.0,877011.0,-1.0,0.176,3424.73,3394.83,0.30137624,0.29874503999999996,0.0,5.2624000000000155,4.662278720000016,10004.66227872,2.0,10000.0,0.060275248,1630457520.0,2021-09-01 00:05:00+00:00,2021-09-01 00:05:00+00:00,2021-09-01 00:51:00+00:00,2021-09-01 00:52:00+00:00,3987.4476571983428,3394.1509709580187,2021-09-06 00:00:00+00:00,0.054341690989808546,0.0470755087584945,target,minute interval; not exact exchange fill
2,878405.0,878463.0,-1.0,0.11900000000000001,3808.35,3772.04,0.22659682500000003,0.22443638000000002,0.0,4.320889999999994,3.8698567949999942,10008.532135515,2.0,10004.66227872,0.045298245695304155,1630544640.0,2021-09-02 00:05:00+00:00,2021-09-02 00:05:00+00:00,2021-09-02 01:03:00+00:00,2021-09-02 01:04:00+00:00,4639.875384972351,3771.281451880153,2021-09-07 00:00:00+00:00,0.04457897352235327,0.03910861362468359,target,minute interval; not exact exchange fill
3,879845.0,879880.0,-1.0,0.154,3797.76,3762.4500000000003,0.29242752,0.28970865000000007,0.0,5.437739999999992,4.855603829999992,10013.387739345,2.0,10008.532135515,0.05843564591501465,1630629660.0,2021-09-03 00:05:00+00:00,2021-09-03 00:05:00+00:00,2021-09-03 00:40:00+00:00,2021-09-03 00:41:00+00:00,4441.983135783613,3761.6914253358896,2021-09-08 00:00:00+00:00,0.05598770466422008,0.048942506483639375,target,minute interval; not exact exchange fill
4,881285.0,881292.0,-1.0,0.136,3941.42,3920.84,0.26801656,0.26661712000000004,0.0,2.7988799999999903,2.26424631999999,10015.651985665001,2.0,10013.387739345,0.053531645228696925,1630714380.0,2021-09-04 00:05:00+00:00,2021-09-04 00:05:00+00:00,2021-09-04 00:12:00+00:00,2021-09-04 00:13:00+00:00,4667.643581380229,3920.051223243034,2021-09-09 00:00:00+00:00,0.029424515128458516,0.022925267681831268,target,minute interval; not exact exchange fill
5,882725.0,882927.0,-1.0,0.135,3889.85,3853.0,0.26256487500000003,0.2600775000000001,0.0,4.974749999999988,4.452107624999988,10020.104093290001,2.0,10015.651985665001,0.052430910214491984,1630812480.0,2021-09-05 00:05:00+00:00,2021-09-05 00:05:00+00:00,2021-09-05 03:27:00+00:00,2021-09-05 03:28:00+00:00,4624.610970005726,3852.2278985945504,2021-09-10 00:00:00+00:00,0.0512031843568886,0.044883406095648906,target,minute interval; not exact exchange fill
6,884165.0,884183.0,-1.0,0.135,3953.89,3944.1600000000003,0.26688757500000004,0.26623080000000005,0.0,1.3135499999999412,0.780431624999941,10020.884524915,2.0,10020.104093290001,0.053270419651373135,1630887840.0,2021-09-06 00:05:00+00:00,2021-09-06 00:05:00+00:00,2021-09-06 00:23:00+00:00,2021-09-06 00:24:00+00:00,4689.806871649967,3943.37082960636,2021-09-11 00:00:00+00:00,0.0142939655263715,0.007855472843064853,target,minute interval; not exact exchange fill
7,885605.0,886030.0,-1.0,0.138,3929.9500000000003,3891.56,0.27116655000000006,0.26851764000000006,0.0,5.297820000000046,4.758135810000046,10025.642660725001,2.0,10020.884524915,0.054120282361461526,1630998660.0,2021-09-07 00:05:00+00:00,2021-09-07 00:05:00+00:00,2021-09-07 07:10:00+00:00,2021-09-07 07:11:00+00:00,4647.542564880243,3890.7794580410664,2021-09-12 00:00:00+00:00,0.05458604767661014,0.04804849811362592,target,minute interval; not exact exchange fill
8,887045.0,887047.0,-1.0,0.127,3410.05,3389.65,0.21653817500000003,0.215242775,0.0,2.5908000000000118,2.1590190500000115,10027.801679775,2.0,10025.642660725001,0.04319686674017985,1631059680.0,2021-09-08 00:05:00+00:00,2021-09-08 00:05:00+00:00,2021-09-08 00:07:00+00:00,2021-09-08 00:08:00+00:00,4188.555198768199,3388.9636544905475,2021-09-13 00:00:00+00:00,0.027085683618833737,0.021836912620363767,target,minute interval; not exact exchange fill
9,888485.0,888664.0,-1.0,0.125,3513.92,3438.9300000000003,0.21962,0.21493312500000003,0.0,9.373749999999973,8.939196874999972,10036.740876650001,2.0,10027.801679775,0.04380222246376291,1631156700.0,2021-09-09 00:05:00+00:00,2021-09-09 00:05:00+00:00,2021-09-09 03:04:00+00:00,2021-09-09 03:05:00+00:00,4308.633454507952,3438.236041383697,2021-09-14 00:00:00+00:00,0.0952342736705812,0.08998661667843229,target,minute interval; not exact exchange fill
10,889925.0,890356.0,-1.0,0.14300000000000002,3439.69,3398.09,0.24593783500000005,0.24296343500000003,0.0,5.948799999999988,5.4598987299999875,10042.20077538,2.0,10036.740876650001,0.049007509115267224,1631258220.0,2021-09-10 00:05:00+00:00,2021-09-10 00:05:00+00:00,2021-09-10 07:16:00+00:00,2021-09-10 07:17:00+00:00,4132.1082944170585,3397.407240623653,2021-09-15 00:00:00+00:00,0.06106534116338562,0.05514168286403277,target,minute interval; not exact exchange fill
11,891365.0,894690.0,-1.0,0.135,3210.91,3187.88,0.216736425,0.2151819,-0.26958619316349003,3.1090499999999657,2.9467178681634554,10045.147493248165,2.0,10042.20077538,0.04316512482629558,1631518260.0,2021-09-11 00:05:00+00:00,2021-09-11 00:05:00+00:00,2021-09-13 07:30:00+00:00,2021-09-13 07:31:00+00:00,3945.0352391020465,3187.2326280669013,2021-09-16 00:00:00+00:00,0.032252496811116076,0.029732719434727974,target,minute interval; not exact exchange fill
12,895685.0,902880.0,-1.0,0.11900000000000001,3287.16,3436.05,0.19558602000000003,0.20444497500000003,-0.6219166396752681,-17.71791000000004,-17.49602435532477,10027.651468892842,4.0,10045.147493248165,0.0389413933705728,1632009600.0,2021-09-14 00:05:00+00:00,2021-09-14 00:05:00+00:00,2021-09-19 00:00:00+00:00,2021-09-19 00:00:00+00:00,4124.754580459618,3241.1468223248967,2021-09-19 00:00:00+00:00,0.05493490376914101,-0.17553291076686545,timeout,minute interval; not exact exchange fill
13,904325.0,904331.0,-1.0,0.117,3328.08,3319.11,0.19469268,0.19416793500000004,0.0,1.0494899999999767,0.6606293849999767,10028.312098277842,2.0,10027.651468892842,0.03883116213282114,1632096720.0,2021-09-20 00:05:00+00:00,2021-09-20 00:05:00+00:00,2021-09-20 00:11:00+00:00,2021-09-20 00:12:00+00:00,4178.462483982017,3318.4363533822357,2021-09-25 00:00:00+00:00,0.011340363659193376,0.006639841608166525,target,minute interval; not exact exchange fill
14,907205.0,914400.0,-1.0,0.166,2785.13,3058.2400000000002,0.23116579,0.25383392000000005,-0.3339992391722396,-45.336260000000024,-45.487260470827785,9982.824837807013,4.0,10028.312098277842,0.04610263177582956,1632700800.0,2021-09-22 00:05:00+00:00,2021-09-22 00:05:00+00:00,2021-09-27 00:00:00+00:00,2021-09-27 00:00:00+00:00,3383.3511677249653,2727.8016940314797,2021-09-27 00:00:00+00:00,0.09583128959902902,-0.4580574145054502,timeout,minute interval; not exact exchange fill
15,917285.0,922800.0,-1.0,0.152,2816.76,3468.58,0.21407376000000003,0.26361207999999997,-0.3005041453677573,-99.07663999999995,-99.25382169463221,9883.571016112384,1.0,9982.824837807013,0.04288841354588505,1633204860.0,2021-09-29 00:05:00+00:00,2021-09-29 00:05:00+00:00,2021-10-02 20:00:00+00:00,2021-10-02 20:01:00+00:00,3467.880152058352,2769.2809185189135,2021-10-04 00:00:00+00:00,0.07291907850032534,-1.0028650886927455,stop,minute interval; not exact exchange fill
16,923045.0,924662.0,-1.0,0.109,3406.2400000000002,3325.96,0.18564008,0.18126482000000002,-0.11134572559895102,8.750520000000021,8.494960825598971,9892.065976937982,2.0,9883.571016112384,0.03756538597180433,1633316580.0,2021-10-03 00:05:00+00:00,2021-10-03 00:05:00+00:00,2021-10-04 03:02:00+00:00,2021-10-04 03:03:00+00:00,4301.4071099987905,3325.2893578820035,2021-10-08 00:00:00+00:00,0.09043076003776113,0.08706242616358471,target,minute interval; not exact exchange fill
17,925925.0,925925.0,-1.0,0.1,3373.55,3373.3,0.1686775,0.16866500000000004,0.0,0.025,-0.3123425000000001,9891.753634437982,2.0,9892.065976937982,0.034103593808057664,1633392360.0,2021-10-05 00:05:00+00:00,2021-10-05 00:05:00+00:00,2021-10-05 00:05:00+00:00,2021-10-05 00:06:00+00:00,4353.754029816854,3372.6241889183925,2021-10-10 00:00:00+00:00,0.0009445085445941752,-0.003186504957119587,target,minute interval; not exact exchange fill
18,927365.0,927449.0,-1.0,0.108,3511.29,3483.7400000000002,0.18960965999999999,0.18812196,0.0,2.9753999999999703,2.5976683799999702,9894.351302817982,2.0,9891.753634437982,0.03833691517343841,1633483800.0,2021-10-06 00:05:00+00:00,2021-10-06 00:05:00+00:00,2021-10-06 01:29:00+00:00,2021-10-06 01:30:00+00:00,4419.715159469412,3483.0367577351453,2021-10-11 00:00:00+00:00,0.03110134276923442,0.026477123348331917,target,minute interval; not exact exchange fill
19,928805.0,928814.0,-1.0,0.1,3564.6800000000003,3547.2000000000003,0.17823400000000003,0.17736000000000002,0.0,1.748000000000002,1.392406000000002,9895.743708817981,2.0,9894.351302817982,0.036027425051956205,1633565700.0,2021-10-07 00:05:00+00:00,2021-10-07 00:05:00+00:00,2021-10-07 00:14:00+00:00,2021-10-07 00:15:00+00:00,4541.380280776346,3546.4810116528297,2021-10-12 00:00:00+00:00,0.018633135164766047,0.014256226064491617,target,minute interval; not exact exchange fill
20,930245.0,930429.0,-1.0,0.116,3588.2400000000002,3562.19,0.20811792000000004,0.20660702,0.0,3.021800000000021,2.6070750600000214,9898.350783877982,2.0,9895.743708817981,0.042062107937283905,1633662600.0,2021-10-08 00:05:00+00:00,2021-10-08 00:05:00+00:00,2021-10-08 03:09:00+00:00,2021-10-08 03:10:00+00:00,4430.382889632592,3561.470984916481,2021-10-13 00:00:00+00:00,0.0317867851323876,0.026687614746477795,target,minute interval; not exact exchange fill
21,931685.0,933205.0,-1.0,0.109,3548.3,3537.5,0.19338235,0.19279374999999999,-0.11757353934739201,1.1772000000000198,0.9085974393474118,9899.25938131733,2.0,9898.350783877982,0.03907365059540485,1633829160.0,2021-10-09 00:05:00+00:00,2021-10-09 00:05:00+00:00,2021-10-10 01:25:00+00:00,2021-10-10 01:26:00+00:00,4450.173554068111,3536.7846790250273,2021-10-14 00:00:00+00:00,0.012768221135912344,0.009242710673450628,target,minute interval; not exact exchange fill
22,937445.0,937779.0,-1.0,0.158,3486.4500000000003,3469.2000000000003,0.27542955,0.2740668,0.0,2.7255,2.1760036499999997,9901.43538496733,2.0,9899.25938131733,0.055646496245933826,1634103600.0,2021-10-13 00:05:00+00:00,2021-10-13 00:05:00+00:00,2021-10-13 05:39:00+00:00,2021-10-13 05:40:00+00:00,4106.7884564682145,3468.5059375506203,2021-10-18 00:00:00+00:00,0.028926245442756043,0.022201065976804674,target,minute interval; not exact exchange fill
23,938885.0,946080.0,-1.0,0.148,3618.89,3748.85,0.26779785999999994,0.2774149,-2.910966018756076,-19.234080000000006,-16.868326741243933,9884.567058226085,4.0,9901.43538496733,0.054092734959737064,1634601600.0,2021-10-14 00:05:00+00:00,2021-10-14 00:05:00+00:00,2021-10-19 00:00:00+00:00,2021-10-19 00:00:00+00:00,4279.973811864124,3588.1695115198763,2021-10-19 00:00:00+00:00,0.04646988464820807,-0.17240655214759132,timeout,minute interval; not exact exchange fill
24,947525.0,947561.0,-1.0,0.18,3886.36,3860.15,0.34977240000000004,0.3474135,0.0,4.717800000000007,4.020614100000007,9888.587672326084,2.0,9884.567058226085,0.07077141526576304,1634690520.0,2021-10-20 00:05:00+00:00,2021-10-20 00:05:00+00:00,2021-10-20 00:41:00+00:00,2021-10-20 00:42:00+00:00,4428.631238175257,3859.377051624187,2021-10-25 00:00:00+00:00,0.04975913615962874,0.041191092994648223,target,minute interval; not exact exchange fill
25,948965.0,948965.0,-1.0,0.15,4153.36,4147.68,0.31150199999999995,0.311076,0.0,0.8519999999999072,0.2294219999999072,9888.817094326085,2.0,9888.587672326084,0.0630023235515746,1634774760.0,2021-10-21 00:05:00+00:00,2021-10-21 00:05:00+00:00,2021-10-21 00:05:00+00:00,2021-10-21 00:06:00+00:00,4806.3864219949855,4146.847973185047,2021-10-26 00:00:00+00:00,0.009972072485304524,0.0023421410657884917,target,minute interval; not exact exchange fill
26,950405.0,951242.0,-1.0,0.244,4091.46,4031.1600000000003,0.49915812,0.49180152000000005,-0.34669790784061877,14.713199999999933,14.068938267840553,9902.886032593926,2.0,9888.817094326085,0.10095406057948071,1634911380.0,2021-10-22 00:05:00+00:00,2021-10-22 00:05:00+00:00,2021-10-22 14:02:00+00:00,2021-10-22 14:03:00+00:00,4489.899492543993,4030.3459967987023,2021-10-27 00:00:00+00:00,0.15338339784314908,0.1447135239952499,target,minute interval; not exact exchange fill
27,951845.0,951849.0,-1.0,0.19,3966.0,3960.11,0.37677,0.37621045000000003,0.0,1.1190999999999758,0.3661195499999757,9903.252152143925,2.0,9902.886032593926,0.07609296901123888,1634947800.0,2021-10-23 00:05:00+00:00,2021-10-23 00:05:00+00:00,2021-10-23 00:09:00+00:00,2021-10-23 00:10:00+00:00,4479.996613379538,3959.317439925271,2021-10-28 00:00:00+00:00,0.013001175301118936,0.0037489449343453274,target,minute interval; not exact exchange fill
28,953285.0,953358.0,-1.0,0.17400000000000002,4173.71,4130.58,0.36311277000000003,0.35936046000000005,0.0,7.50462000000002,6.782146770000019,9910.034298913926,2.0,9903.252152143925,0.07333202556523634,1635038340.0,2021-10-24 00:05:00+00:00,2021-10-24 00:05:00+00:00,2021-10-24 01:18:00+00:00,2021-10-24 01:19:00+00:00,4735.638420366746,4129.748008728318,2021-10-29 00:00:00+00:00,0.07823414811977229,0.06936444854410637,target,minute interval; not exact exchange fill
29,956165.0,956165.0,-1.0,0.148,4217.22,4215.71,0.31207428,0.31196254,0.0,0.2234800000000323,-0.40055681999996773,9909.633742093925,2.0,9910.034298913926,0.06298147323954292,1635206760.0,2021-10-26 00:05:00+00:00,2021-10-26 00:05:00+00:00,2021-10-26 00:05:00+00:00,2021-10-26 00:06:00+00:00,4877.022555698104,4214.8641527180325,2021-10-31 00:00:00+00:00,0.003570533732587809,-0.004101931671265214,target,minute interval; not exact exchange fill
30,957605.0,958081.0,-1.0,0.169,4127.52,4111.07,0.34877544000000005,0.34738541500000003,-0.4173303913877141,2.780050000000123,2.5012195363878367,9912.134961630314,2.0,9909.633742093925,0.07039118681419665,1635321720.0,2021-10-27 00:05:00+00:00,2021-10-27 00:05:00+00:00,2021-10-27 08:01:00+00:00,2021-10-27 08:02:00+00:00,4705.797959964762,4110.239953285418,2021-11-01 00:00:00+00:00,0.02988190439704039,0.025593428462723857,target,minute interval; not exact exchange fill
31,959045.0,959101.0,-1.0,0.162,3939.35,3907.6800000000003,0.31908735000000005,0.31652208000000004,0.0,5.130539999999939,4.494930569999938,9916.629892200313,2.0,9912.134961630314,0.06438317299657058,1635382920.0,2021-10-28 00:05:00+00:00,2021-10-28 00:05:00+00:00,2021-10-28 01:01:00+00:00,2021-10-28 01:02:00+00:00,4544.044018395289,3906.893884065947,2021-11-02 00:00:00+00:00,0.05367361830398701,0.04588516531655473,target,minute interval; not exact exchange fill
32,960485.0,962781.0,-1.0,0.154,4284.24,4251.33,0.32988648000000004,0.32735241,-0.9255069659095014,5.068139999999977,5.336408075909479,9921.966300276225,2.0,9916.629892200313,0.06653197378263845,1635603720.0,2021-10-29 00:05:00+00:00,2021-10-29 00:05:00+00:00,2021-10-30 14:21:00+00:00,2021-10-30 14:22:00+00:00,4919.745299712323,4250.47653770052,2021-11-03 00:00:00+00:00,0.053128529871842106,0.054526690034850646,target,minute interval; not exact exchange fill
33,963365.0,963878.0,-1.0,0.135,4331.43,4273.03,0.292371525,0.288429525,-0.05832742500000001,7.884000000000074,7.361526375000074,9929.327826651224,2.0,9921.966300276225,0.0589341902908621,1635669540.0,2021-10-31 00:05:00+00:00,2021-10-31 00:05:00+00:00,2021-10-31 08:38:00+00:00,2021-10-31 08:39:00+00:00,5055.972303082672,4272.168787069047,2021-11-05 00:00:00+00:00,0.08179123935043978,0.07526106449270858,target,minute interval; not exact exchange fill
34,964805.0,964939.0,-1.0,0.139,4291.75,4280.24,0.298276625,0.29747668,0.0,1.5998900000000305,1.0041366950000306,9930.331963346223,2.0,9929.327826651224,0.06007992287240195,1635733200.0,2021-11-01 00:05:00+00:00,2021-11-01 00:05:00+00:00,2021-11-01 02:19:00+00:00,2021-11-01 02:20:00+00:00,4999.157047137267,4279.376390022416,2021-11-06 00:00:00+00:00,0.017491499452341804,0.0102119494416041,target,minute interval; not exact exchange fill
35,966245.0,966274.0,-1.0,0.121,4325.4800000000005,4306.62,0.26169154000000006,0.26055050999999996,0.0,2.28206000000007,1.7598179500000701,9932.091781296223,2.0,9930.331963346223,0.052705496848630594,1635813300.0,2021-11-02 00:05:00+00:00,2021-11-02 00:05:00+00:00,2021-11-02 00:34:00+00:00,2021-11-02 00:35:00+00:00,5134.707909241394,4305.756355474011,2021-11-07 00:00:00+00:00,0.02437341112527793,0.017972625306058372,target,minute interval; not exact exchange fill
36,967685.0,967705.0,-1.0,0.125,4596.17,4563.55,0.287260625,0.285221875,0.0,4.077499999999986,3.5050174999999864,9935.596798796223,2.0,9932.091781296223,0.05784493968147967,1635899160.0,2021-11-03 00:05:00+00:00,2021-11-03 00:05:00+00:00,2021-11-03 00:25:00+00:00,2021-11-03 00:26:00+00:00,5377.990605431542,4562.636489819496,2021-11-08 00:00:00+00:00,0.04289156610549359,0.03586518416782144,target,minute interval; not exact exchange fill
37,969125.0,969128.0,-1.0,0.12,4591.35,4586.13,0.275481,0.2751678,0.0,0.6264000000000305,0.0757512000000305,9935.672549996223,2.0,9935.596798796223,0.05545333724359199,1635984540.0,2021-11-04 00:05:00+00:00,2021-11-04 00:05:00+00:00,2021-11-04 00:08:00+00:00,2021-11-04 00:09:00+00:00,5407.669205286408,4585.212747609183,2021-11-09 00:00:00+00:00,0.007518201643515568,0.0007733004392304783,target,minute interval; not exact exchange fill
38,970565.0,970583.0,-1.0,0.151,4531.75,4496.82,0.342147125,0.33950990999999997,0.0,5.274430000000044,4.5927729650000435,9940.265322961222,2.0,9935.672549996223,0.06887246399844972,1636071840.0,2021-11-05 00:05:00+00:00,2021-11-05 00:05:00+00:00,2021-11-05 00:23:00+00:00,2021-11-05 00:24:00+00:00,5180.519528577385,4495.919856404059,2021-11-10 00:00:00+00:00,0.05522784597252745,0.0468821571609498,target,minute interval; not exact exchange fill
39,972005.0,972634.0,-1.0,0.13,4467.5,4451.5,0.2903875,0.28934750000000004,-0.25015721619752956,2.08,1.7504222161975296,9942.015745177421,2.0,9940.265322961222,0.05842650886374792,1636194900.0,2021-11-06 00:05:00+00:00,2021-11-06 00:05:00+00:00,2021-11-06 10:34:00+00:00,2021-11-06 10:35:00+00:00,5222.344524557708,4450.600970780721,2021-11-11 00:00:00+00:00,0.02238743035088069,0.017837827314614314,target,minute interval; not exact exchange fill
40,973445.0,979044.0,-1.0,0.126,4510.49,4467.07,0.28416087,0.28142541,-1.3237739464949612,5.470920000000009,6.22910766649497,9948.244852843916,2.0,9942.015745177421,0.057163633066632,1636579500.0,2021-11-07 00:05:00+00:00,2021-11-07 00:05:00+00:00,2021-11-10 21:24:00+00:00,2021-11-10 21:25:00+00:00,5288.49929738894,4466.175848474455,2021-11-12 00:00:00+00:00,0.056958382983682145,0.06354340828369967,target,minute interval; not exact exchange fill
41,979205.0,979206.0,-1.0,0.13,4621.35,4613.150000000001,0.30038775000000006,0.29985475,0.0,1.0659999999999763,0.46575749999997623,9948.710610343916,2.0,9948.244852843916,0.060390099850453086,1636589220.0,2021-11-11 00:05:00+00:00,2021-11-11 00:05:00+00:00,2021-11-11 00:06:00+00:00,2021-11-11 00:07:00+00:00,5376.66936312684,4612.224985534964,2021-11-16 00:00:00+00:00,0.012081001640499857,0.004743357809825102,target,minute interval; not exact exchange fill
42,980645.0,981208.0,-1.0,0.159,4709.2,4684.8,0.3743814,0.3724416,-0.074929950311988,3.879599999999942,3.20770695031193,9951.918317294227,2.0,9948.710610343916,0.07526229572116543,1636709340.0,2021-11-12 00:05:00+00:00,2021-11-12 00:05:00+00:00,2021-11-12 09:28:00+00:00,2021-11-12 09:29:00+00:00,5327.6940934627255,4683.857503687278,2021-11-17 00:00:00+00:00,0.04097451629786514,0.032618351189391694,target,minute interval; not exact exchange fill
43,982085.0,982188.0,-1.0,0.153,4702.35,4642.43,0.35972977500000003,0.355145895,0.0,9.16776000000001,8.45288433000001,9960.371201624226,2.0,9951.918317294227,0.0722935545752761,1636768140.0,2021-11-13 00:05:00+00:00,2021-11-13 00:05:00+00:00,2021-11-13 01:48:00+00:00,2021-11-13 01:49:00+00:00,5343.136864807513,4641.494963539601,2021-11-18 00:00:00+00:00,0.09496923205296999,0.08621838716465577,target,minute interval; not exact exchange fill
44,983525.0,983979.0,-1.0,0.154,4639.32,4596.07,0.35722763999999996,0.35389739,0.0,6.6605,5.94937497,9966.320576594228,2.0,9960.371201624226,0.07172978451681544,1636875600.0,2021-11-14 00:05:00+00:00,2021-11-14 00:05:00+00:00,2021-11-14 07:39:00+00:00,2021-11-14 07:40:00+00:00,5275.9494395264865,4595.150863997238,2021-11-19 00:00:00+00:00,0.0693796630511053,0.060682561316570585,target,minute interval; not exact exchange fill
45,984965.0,985945.0,-1.0,0.159,4646.07,4621.56,0.369362565,0.36741402000000006,-0.256616639829,3.8970899999998903,3.4169300548288906,9969.737506649057,2.0,9966.320576594228,0.07412215213454865,1636993560.0,2021-11-15 00:05:00+00:00,2021-11-15 00:05:00+00:00,2021-11-15 16:25:00+00:00,2021-11-15 16:26:00+00:00,5263.8845150282705,4620.628762206279,2021-11-20 00:00:00+00:00,0.04117941093138027,0.03478410689333827,target,minute interval; not exact exchange fill
46,987845.0,987883.0,-1.0,0.147,4191.99,4184.03,0.30811126499999997,0.30752620499999994,0.0,1.1701200000000054,0.5544825300000055,9970.291989179057,2.0,9969.737506649057,0.06180930336320553,1637109840.0,2021-11-17 00:05:00+00:00,2021-11-17 00:05:00+00:00,2021-11-17 00:43:00+00:00,2021-11-17 00:44:00+00:00,4863.135796945483,4183.187411215319,2021-11-22 00:00:00+00:00,0.013115762364515999,0.0056202244239137115,target,minute interval; not exact exchange fill
47,989285.0,989548.0,-1.0,0.183,4274.63,4273.29,0.391128645,0.39100603500000003,0.0,0.2452200000000266,-0.5369146799999734,9969.755074499057,2.0,9970.291989179057,0.07845881453110885,1637209740.0,2021-11-18 00:05:00+00:00,2021-11-18 00:05:00+00:00,2021-11-18 04:28:00+00:00,2021-11-18 04:29:00+00:00,4810.979851988026,4272.426617300546,2021-11-23 00:00:00+00:00,0.004108107220104276,-0.005470235498574084,target,minute interval; not exact exchange fill
48,990725.0,997920.0,-1.0,0.212,3984.94,4342.2300000000005,0.42240364,0.46027638000000004,-1.350204039550332,-75.74548000000009,-75.27795598044975,9894.477118518604,4.0,9969.755074499057,0.08473701446897866,1637712000.0,2021-11-19 00:05:00+00:00,2021-11-19 00:05:00+00:00,2021-11-24 00:00:00+00:00,2021-11-24 00:00:00+00:00,4447.587631568815,3968.027672328892,2021-11-24 00:00:00+00:00,0.036555526316560005,-0.7675057079983642,timeout,minute interval; not exact exchange fill
49,999365.0,999371.0,-1.0,0.14,4271.78,4251.77,0.29902460000000003,0.29762390000000005,0.0,2.8013999999999033,2.204751499999903,9896.681870018603,2.0,9894.477118518604,0.06044272909385834,1637799120.0,2021-11-25 00:05:00+00:00,2021-11-25 00:05:00+00:00,2021-11-25 00:11:00+00:00,2021-11-25 00:12:00+00:00,4969.002903716593,4250.919607278353,2021-11-30 00:00:00+00:00,0.029919259121363666,0.022587073539971702,target,minute interval; not exact exchange fill
50,1000805.0,1000906.0,-1.0,0.155,4538.62,4492.26,0.35174305,0.34815015,0.0,7.185799999999949,6.485906799999949,9903.167776818604,2.0,9896.681870018603,0.07108302653752753,1637891220.0,2021-11-26 00:05:00+00:00,2021-11-26 00:05:00+00:00,2021-11-26 01:46:00+00:00,2021-11-26 01:47:00+00:00,5167.24237591655,4491.35338507831,2021-12-01 00:00:00+00:00,0.07519079296656292,0.06656549560296678,target,minute interval; not exact exchange fill
51,1002245.0,1003838.0,-1.0,0.14100000000000001,4028.52,3994.6600000000003,0.28401066,0.28162353000000007,-0.17415717051936602,4.774259999999955,4.382782980519321,9907.550559799123,2.0,9903.167776818604,0.05735753779004208,1638067140.0,2021-11-27 00:05:00+00:00,2021-11-27 00:05:00+00:00,2021-11-28 02:38:00+00:00,2021-11-28 02:39:00+00:00,4724.907650158976,3993.8519877501494,2021-12-02 00:00:00+00:00,0.049782635062434424,0.04463543721751772,target,minute interval; not exact exchange fill
52,1005125.0,1012040.0,-1.0,0.13,4311.4400000000005,4267.01,0.28024360000000004,0.27735565,-0.9339177898367171,5.775900000000038,6.152218539836755,9913.70277833896,2.0,9907.550559799123,0.05657172240677054,1638559260.0,2021-11-29 00:05:00+00:00,2021-11-29 00:05:00+00:00,2021-12-03 19:20:00+00:00,2021-12-03 19:21:00+00:00,5067.48205591627,4266.153067672778,2021-12-04 00:00:00+00:00,0.05990001743003301,0.06259540408951195,target,minute interval; not exact exchange fill
53,1012325.0,1012364.0,-1.0,0.114,4195.8,4161.92,0.23916060000000003,0.23722944,0.0,3.8623200000000124,3.3859299600000123,9917.088708298961,2.0,9913.70277833896,0.048248491072892814,1638578700.0,2021-12-04 00:05:00+00:00,2021-12-04 00:05:00+00:00,2021-12-04 00:44:00+00:00,2021-12-04 00:45:00+00:00,5056.460916916088,4161.079051396894,2021-12-09 00:00:00+00:00,0.04034219275056415,0.03450968832931902,target,minute interval; not exact exchange fill
54,1013765.0,1014695.0,-1.0,0.125,4131.9400000000005,4047.89,0.25824625,0.252993125,-0.05249297442875,10.50625000000008,10.04750359942883,9927.136211898389,2.0,9917.088708298961,0.05208106080242898,1638718560.0,2021-12-05 00:05:00+00:00,2021-12-05 00:05:00+00:00,2021-12-05 15:35:00+00:00,2021-12-05 15:36:00+00:00,4914.431396620787,4047.080258348674,2021-12-10 00:00:00+00:00,0.10844814654550332,0.10272321094206821,target,minute interval; not exact exchange fill
55,1015205.0,1015211.0,-1.0,0.117,4179.72,4166.15,0.24451362000000004,0.243719775,0.0,1.5876900000000724,1.0994566050000725,9928.235668503388,2.0,9927.136211898389,0.049261663138445266,1638749520.0,2021-12-06 00:05:00+00:00,2021-12-06 00:05:00+00:00,2021-12-06 00:11:00+00:00,2021-12-06 00:12:00+00:00,5019.227963219696,4165.314435799937,2021-12-11 00:00:00+00:00,0.017159532525236068,0.011193538848590345,target,minute interval; not exact exchange fill
56,1016645.0,1016739.0,-1.0,0.089,4358.09,4323.34,0.193935005,0.19238863,0.0,3.0927499999999997,2.7064263649999996,9930.94209486839,2.0,9928.235668503388,0.03906736533566479,1638841200.0,2021-12-07 00:05:00+00:00,2021-12-07 00:05:00+00:00,2021-12-07 01:39:00+00:00,2021-12-07 01:40:00+00:00,5456.586069224526,4322.469443111068,2021-12-12 00:00:00+00:00,0.03242665848961829,0.02768265253918221,target,minute interval; not exact exchange fill
57,1018085.0,1018743.0,-1.0,0.101,4295.45,4259.95,0.21692022500000002,0.215127475,-0.044084553380338,3.5855,3.197536853380338,9934.139631721768,2.0,9930.94209486839,0.04368572949631618,1638961440.0,2021-12-08 00:05:00+00:00,2021-12-08 00:05:00+00:00,2021-12-08 11:03:00+00:00,2021-12-08 11:04:00+00:00,5271.08168239182,4259.0945698828145,2021-12-13 00:00:00+00:00,0.0372634783938727,0.03244952095951268,target,minute interval; not exact exchange fill
58,1019525.0,1019594.0,-1.0,0.113,4464.55,4410.4800000000005,0.25224707500000004,0.24919212000000004,0.0,6.109909999999967,5.608470804999968,9939.748102526768,2.0,9934.139631721768,0.05078387950065103,1639012500.0,2021-12-09 00:05:00+00:00,2021-12-09 00:05:00+00:00,2021-12-09 01:14:00+00:00,2021-12-09 01:15:00+00:00,5332.469840085793,4409.589833411368,2021-12-14 00:00:00+00:00,0.06332401225348107,0.057185563352363945,target,minute interval; not exact exchange fill
59,1020965.0,1021376.0,-1.0,0.145,4110.13,4065.96,0.297984425,0.29478209999999994,0.0,6.40465000000001,5.81188347500001,9945.559986001768,2.0,9939.748102526768,0.05995814419567631,1639119420.0,2021-12-10 00:05:00+00:00,2021-12-10 00:05:00+00:00,2021-12-10 06:56:00+00:00,2021-12-10 06:57:00+00:00,4789.064728714182,4065.144843465121,2021-12-15 00:00:00+00:00,0.0662584408078157,0.05903653665781735,target,minute interval; not exact exchange fill
60,1022405.0,1022413.0,-1.0,0.137,3904.57,3851.2400000000002,0.267463045,0.26380994,0.0,7.30620999999999,6.77493701499999,9952.334923016768,2.0,9945.559986001768,0.05378541688481099,1639181640.0,2021-12-11 00:05:00+00:00,2021-12-11 00:05:00+00:00,2021-12-11 00:13:00+00:00,2021-12-11 00:14:00+00:00,4620.32774859901,3850.463349001827,2021-12-16 00:00:00+00:00,0.07559352463047603,0.06909054787991481,target,minute interval; not exact exchange fill
61,1023845.0,1024127.0,-1.0,0.13,4081.98,4025.67,0.26532870000000003,0.26166855000000006,0.0,7.320299999999993,6.7933027499999925,9959.128225766768,2.0,9952.334923016768,0.053319889664559875,1639284480.0,2021-12-12 00:05:00+00:00,2021-12-12 00:05:00+00:00,2021-12-12 04:47:00+00:00,2021-12-12 04:48:00+00:00,4841.049372511681,4024.8613243375244,2021-12-17 00:00:00+00:00,0.07524829446546621,0.06884242322554752,target,minute interval; not exact exchange fill
62,1025285.0,1025334.0,-1.0,0.14400000000000002,4137.97,4079.39,0.29793384000000006,0.29371608000000005,0.0,8.435520000000055,7.8438700800000545,9966.972095846768,2.0,9959.128225766768,0.059831309176072316,1639356900.0,2021-12-13 00:05:00+00:00,2021-12-13 00:05:00+00:00,2021-12-13 00:54:00+00:00,2021-12-13 00:55:00+00:00,4822.653324650924,4078.5653636498146,2021-12-18 00:00:00+00:00,0.08676220701076995,0.07955695434494742,target,minute interval; not exact exchange fill
63,1026725.0,1026859.0,-1.0,0.099,3763.29,3761.34,0.18628285500000002,0.18618633000000004,0.0,0.193049999999982,-0.17941918500001805,9966.792676661767,2.0,9966.972095846768,0.03738002940283619,1639448400.0,2021-12-14 00:05:00+00:00,2021-12-14 00:05:00+00:00,2021-12-14 02:19:00+00:00,2021-12-14 02:20:00+00:00,4762.453791814319,3760.582531990186,2021-12-19 00:00:00+00:00,0.0027097339114917724,-0.0018138317409494124,target,minute interval; not exact exchange fill
64,1028165.0,1028285.0,-1.0,0.111,3855.29,3814.66,0.213968595,0.21171362999999999,0.0,4.509930000000012,4.084247775000012,9970.876924436767,2.0,9966.792676661767,0.04293629895623868,1639533960.0,2021-12-15 00:05:00+00:00,2021-12-15 00:05:00+00:00,2021-12-15 02:05:00+00:00,2021-12-15 02:06:00+00:00,4742.227741777937,3813.895663341529,2021-12-20 00:00:00+00:00,0.0466710736375843,0.041485465401710796,target,minute interval; not exact exchange fill
65,1029605.0,1029958.0,-1.0,0.116,4031.53,3995.21,0.23382874,0.23172218,0.0,4.2131200000000195,3.7475690800000194,9974.624493516767,2.0,9970.876924436767,0.046902342045147344,1639634340.0,2021-12-16 00:05:00+00:00,2021-12-16 00:05:00+00:00,2021-12-16 05:58:00+00:00,2021-12-16 05:59:00+00:00,4881.104540895727,3994.4080723555817,2021-12-21 00:00:00+00:00,0.04369472701627803,0.03802683395613351,target,minute interval; not exact exchange fill
66,1031045.0,1031460.0,-1.0,0.168,3958.7000000000003,3926.08,0.33253080000000007,0.32979072000000004,0.0,5.480160000000058,4.817838480000058,9979.442331996766,2.0,9974.624493516767,0.06667535208290518,1639724460.0,2021-12-17 00:05:00+00:00,2021-12-17 00:05:00+00:00,2021-12-17 07:00:00+00:00,2021-12-17 07:01:00+00:00,4545.168564973675,3925.2927814470163,2021-12-22 00:00:00+00:00,0.056963357540712474,0.04889880159440027,target,minute interval; not exact exchange fill
67,1032485.0,1032490.0,-1.0,0.157,3875.54,3834.7000000000003,0.30422989,0.30102395000000004,0.0,6.411879999999951,5.806626159999951,9985.248958156766,2.0,9979.442331996766,0.060971320817107676,1639786260.0,2021-12-18 00:05:00+00:00,2021-12-18 00:05:00+00:00,2021-12-18 00:10:00+00:00,2021-12-18 00:11:00+00:00,4504.023051018392,3833.9318420914647,2021-12-23 00:00:00+00:00,0.06620410501303667,0.05884785586511761,target,minute interval; not exact exchange fill
68,1033925.0,1034007.0,-1.0,0.164,3957.78,3905.51,0.32453796000000007,0.32025182,0.0,8.572279999999997,7.927490219999997,9993.176448376767,2.0,9985.248958156766,0.06500347890372647,1639877280.0,2021-12-19 00:05:00+00:00,2021-12-19 00:05:00+00:00,2021-12-19 01:27:00+00:00,2021-12-19 01:28:00+00:00,4560.619056805903,3904.719884141246,2021-12-24 00:00:00+00:00,0.08801705075296423,0.08018451103038532,target,minute interval; not exact exchange fill
69,1035365.0,1035703.0,-1.0,0.176,3905.5,3883.23,0.343684,0.34172424,0.0,3.919519999999997,3.2341117599999967,9996.410560136768,2.0,9993.176448376767,0.06878373493661787,1639979040.0,2021-12-20 00:05:00+00:00,2021-12-20 00:05:00+00:00,2021-12-20 05:43:00+00:00,2021-12-20 05:44:00+00:00,4465.76618098325,3882.449499220611,2021-12-25 00:00:00+00:00,0.04114205276309223,0.03279804425773355,target,minute interval; not exact exchange fill
70,1036805.0,1036872.0,-1.0,0.13,3962.89,3927.9700000000003,0.25758785,0.25531805,0.0,4.53959999999995,4.0266940999999505,10000.43725423677,2.0,9996.410560136768,0.05153606856188903,1640049180.0,2021-12-21 00:05:00+00:00,2021-12-21 00:05:00+00:00,2021-12-21 01:12:00+00:00,2021-12-21 01:13:00+00:00,4720.469634630409,3927.181198579821,2021-12-26 00:00:00+00:00,0.047135376649347034,0.04088622315607889,target,minute interval; not exact exchange fill
71,1038245.0,1038991.0,-1.0,0.14100000000000001,4018.69,3980.3,0.283317645,0.2806111500000001,-0.05706270000000001,5.412989999999983,4.9061239049999825,10005.343378141768,2.0,10000.43725423677,0.05666105147151843,1640176320.0,2021-12-22 00:05:00+00:00,2021-12-22 00:05:00+00:00,2021-12-22 12:31:00+00:00,2021-12-22 12:32:00+00:00,4719.364592584117,3979.496733938275,2021-12-27 00:00:00+00:00,0.0559364739017844,0.04965957859507035,target,minute interval; not exact exchange fill
72,1039685.0,1039687.0,-1.0,0.149,3979.81,3959.9900000000002,0.296495845,0.295019255,0.0,2.9531799999999566,2.3616648999999565,10007.70504304177,2.0,10005.343378141768,0.059267500133526926,1640218080.0,2021-12-23 00:05:00+00:00,2021-12-23 00:05:00+00:00,2021-12-23 00:07:00+00:00,2021-12-23 00:08:00+00:00,4645.377175279682,3959.190745606534,2021-12-28 00:00:00+00:00,0.03097997491357839,0.023814425633805095,target,minute interval; not exact exchange fill
73,1041125.0,1041350.0,-1.0,0.185,4109.12,4081.65,0.3800936,0.377552625,0.0,5.081949999999963,4.324303774999962,10012.02934681677,2.0,10007.70504304177,0.07596019234485218,1640317860.0,2021-12-24 00:05:00+00:00,2021-12-24 00:05:00+00:00,2021-12-24 03:50:00+00:00,2021-12-24 03:51:00+00:00,4641.972441278923,4080.8245756242713,2021-12-29 00:00:00+00:00,0.05310180114370018,0.04386695675804232,target,minute interval; not exact exchange fill
74,1042565.0,1044227.0,-1.0,0.171,4036.81,4009.35,0.34514725500000004,0.34279942500000005,-0.20901252431475903,4.695660000000006,4.216725844314766,10016.246072661084,2.0,10012.02934681677,0.06894651284851384,1640490480.0,2021-12-25 00:05:00+00:00,2021-12-25 00:05:00+00:00,2021-12-26 03:47:00+00:00,2021-12-26 03:48:00+00:00,4613.281980208931,4008.544471192733,2021-12-30 00:00:00+00:00,0.04903192137286997,0.042776086801117025,target,minute interval; not exact exchange fill
75,1045445.0,1046882.0,-1.0,0.199,4064.94,4026.01,0.40446153000000007,0.40058799500000003,-0.24239572722218405,7.747069999999968,7.184416202222152,10023.430488863305,2.0,10016.246072661084,0.08076110092861247,1640649780.0,2021-12-27 00:05:00+00:00,2021-12-27 00:05:00+00:00,2021-12-28 00:02:00+00:00,2021-12-28 00:03:00+00:00,4560.717331190134,4025.1983031312316,2022-01-01 00:00:00+00:00,0.08016037516956832,0.0728201789588686,target,minute interval; not exact exchange fill
76,1048325.0,1049048.0,-1.0,0.155,3782.4900000000002,3761.4,0.29314297500000003,0.29150850000000006,-0.05883025,3.2689500000000224,2.743128775000023,10026.173617638304,2.0,10023.430488863305,0.05849154644723706,1640779740.0,2021-12-29 00:05:00+00:00,2021-12-29 00:05:00+00:00,2021-12-29 12:08:00+00:00,2021-12-29 12:09:00+00:00,4422.822224786207,3760.642324057943,2022-01-03 00:00:00+00:00,0.034119282298109864,0.027638160809272103,target,minute interval; not exact exchange fill
77,1049765.0,1049771.0,-1.0,0.185,3627.59,3613.57,0.335552075,0.334255225,0.0,2.5936999999999966,1.9238926999999968,10028.097510338304,2.0,10026.173617638304,0.06693522131108684,1640823120.0,2021-12-30 00:05:00+00:00,2021-12-30 00:05:00+00:00,2021-12-30 00:11:00+00:00,2021-12-30 00:12:00+00:00,4162.617957136987,3612.841796385967,2022-01-04 00:00:00+00:00,0.027565295265976352,0.01943715251002735,target,minute interval; not exact exchange fill
78,1051205.0,1051271.0,-1.0,0.23600000000000002,3717.86,3684.35,0.43870748000000004,0.4347533,0.0,7.9083600000000525,7.034899220000053,10035.132409558304,2.0,10028.097510338304,0.08749565499292795,1640913120.0,2021-12-31 00:05:00+00:00,2021-12-31 00:05:00+00:00,2021-12-31 01:11:00+00:00,2021-12-31 01:12:00+00:00,4136.825415813925,3683.6038094386986,2022-01-05 00:00:00+00:00,0.08176376681295269,0.07114882010509248,target,minute interval; not exact exchange fill
79,1052645.0,1059586.0,-1.0,0.23500000000000001,3687.8,3648.69,0.4333165000000001,0.42872107500000006,-0.9982497539608873,9.190850000000031,9.327062178960919,10044.459471737264,2.0,10035.132409558304,0.08635989687336322,1641412020.0,2022-01-01 00:05:00+00:00,2022-01-01 00:05:00+00:00,2022-01-05 19:46:00+00:00,2022-01-05 19:47:00+00:00,4108.789435316191,3647.9512267384616,2022-01-06 00:00:00+00:00,0.09465504337801138,0.09427701258973682,target,minute interval; not exact exchange fill
80,1061285.0,1061299.0,-1.0,0.301,3403.65,3386.2000000000003,0.512249325,0.5096231,0.0,5.252449999999945,4.230577574999946,10048.690049312263,2.0,10044.459471737264,0.10199639441850476,1641514800.0,2022-01-07 00:05:00+00:00,2022-01-07 00:05:00+00:00,2022-01-07 00:19:00+00:00,2022-01-07 00:20:00+00:00,3731.510445506935,3385.5228274818182,2022-01-12 00:00:00+00:00,0.05528929386450927,0.04286907796476635,target,minute interval; not exact exchange fill
81,1062725.0,1063619.0,-1.0,0.273,3192.78,3173.9,0.4358144700000001,0.4332373500000001,-0.08777849607809102,5.15424000000003,4.3729666760781205,10053.06301598834,2.0,10048.690049312263,0.08674055381573391,1641654000.0,2022-01-08 00:05:00+00:00,2022-01-08 00:05:00+00:00,2022-01-08 14:59:00+00:00,2022-01-08 15:00:00+00:00,3555.1749650375878,3173.2591034455686,2022-01-13 00:00:00+00:00,0.053866356979895946,0.044200925779986217,target,minute interval; not exact exchange fill
82,1064165.0,1066370.0,-1.0,0.281,3068.34,3046.13,0.43110177000000005,0.42798126500000006,0.20162618773416338,6.241010000000011,5.180300777265848,10058.243316765605,2.0,10053.06301598834,0.08576525767606907,1641819060.0,2022-01-09 00:05:00+00:00,2022-01-09 00:05:00+00:00,2022-01-10 12:50:00+00:00,2022-01-10 12:51:00+00:00,3421.082486068093,3045.519681266817,2022-01-14 00:00:00+00:00,0.06469398962272459,0.05226258477760428,target,minute interval; not exact exchange fill
83,1067045.0,1067047.0,-1.0,0.209,3075.15,3071.9,0.32135317500000005,0.32101355000000004,0.0,0.67925,0.03688327499999994,10058.280200040605,2.0,10058.243316765605,0.0638984691222078,1641859680.0,2022-01-11 00:05:00+00:00,2022-01-11 00:05:00+00:00,2022-01-11 00:07:00+00:00,2022-01-11 00:08:00+00:00,3550.078438032051,3071.2773963283007,2022-01-16 00:00:00+00:00,0.00815407830229369,0.0003715822971798756,target,minute interval; not exact exchange fill
84,1068485.0,1068918.0,-1.0,0.212,3249.35,3213.44,0.3444311,0.34062464000000003,0.0,7.612919999999969,6.92786425999997,10065.208064300605,2.0,10058.280200040605,0.068487075951336,1641971940.0,2022-01-12 00:05:00+00:00,2022-01-12 00:05:00+00:00,2022-01-12 07:18:00+00:00,2022-01-12 07:19:00+00:00,3717.2355789515213,3212.788458026528,2022-01-17 00:00:00+00:00,0.07814205784115434,0.06984315497226674,target,minute interval; not exact exchange fill
85,1069925.0,1069970.0,-1.0,0.20800000000000002,3378.76,3356.28,0.35139104000000004,0.34905312000000005,0.0,4.675840000000004,3.975395840000004,10069.183460140604,2.0,10065.208064300605,0.06982290634335077,1642035060.0,2022-01-13 00:05:00+00:00,2022-01-13 00:05:00+00:00,2022-01-13 00:50:00+00:00,2022-01-13 00:51:00+00:00,3856.2564080706393,3355.6070795013607,2022-01-18 00:00:00+00:00,0.04848815636580538,0.04002643721913105,target,minute interval; not exact exchange fill
86,1071365.0,1072018.0,-1.0,0.247,3225.8,3218.62,0.3983863,0.39749957,-0.08070848500000001,1.7734600000000718,1.0582826150000717,10070.241742755605,2.0,10069.183460140604,0.07912981257656755,1642157940.0,2022-01-14 00:05:00+00:00,2022-01-14 00:05:00+00:00,2022-01-14 10:58:00+00:00,2022-01-14 10:59:00+00:00,3628.4763986542107,3217.971425568213,2022-01-19 00:00:00+00:00,0.01944135404496326,0.010640169163923484,target,minute interval; not exact exchange fill
87,1072805.0,1073562.0,-1.0,0.25,3309.67,3278.1,0.41370875,0.4097625,-0.08283700000000001,7.892500000000041,7.151865750000041,10077.393608505605,2.0,10070.241742755605,0.08216461144989225,1642250580.0,2022-01-15 00:05:00+00:00,2022-01-15 00:05:00+00:00,2022-01-15 12:42:00+00:00,2022-01-15 12:43:00+00:00,3706.7016812077836,3277.435535445409,2022-01-20 00:00:00+00:00,0.08118864584441367,0.07205335078796561,target,minute interval; not exact exchange fill
88,1074245.0,1075919.0,-1.0,0.242,3320.87,3259.46,0.40182527,0.39439466,-0.17022776353920752,14.861219999999964,14.235227833539172,10091.628836339141,2.0,10077.393608505605,0.07974785656101556,1642392000.0,2022-01-16 00:05:00+00:00,2022-01-16 00:05:00+00:00,2022-01-17 03:59:00+00:00,2022-01-17 04:00:00+00:00,3732.3063867863752,3258.7982764344165,2022-01-21 00:00:00+00:00,0.15086590675756656,0.14297047465817472,target,minute interval; not exact exchange fill
89,1077125.0,1077326.0,-1.0,0.183,3209.38,3197.63,0.29365827,0.292583145,0.0,2.1502499999999998,1.5640085849999998,10093.19284492414,2.0,10091.628836339141,0.0581983889345118,1642476420.0,2022-01-18 00:05:00+00:00,2022-01-18 00:05:00+00:00,2022-01-18 03:26:00+00:00,2022-01-18 03:27:00+00:00,3756.1804739859817,3196.988403285559,2022-01-23 00:00:00+00:00,0.022662007997379507,0.015630006568390625,target,minute interval; not exact exchange fill
90,1078565.0,1078775.0,-1.0,0.212,3150.64,3136.82,0.33396783999999996,0.33250292000000004,0.0,2.9298399999999383,2.263369239999938,10095.45621416414,2.0,10093.19284492414,0.06617684713474035,1642563360.0,2022-01-19 00:05:00+00:00,2022-01-19 00:05:00+00:00,2022-01-19 03:35:00+00:00,2022-01-19 03:36:00+00:00,3620.4291535898474,3136.1872491347062,2022-01-24 00:00:00+00:00,0.030764334925262465,0.022725663030783157,target,minute interval; not exact exchange fill
91,1080005.0,1081320.0,-1.0,0.23700000000000002,3085.4700000000003,3070.92,0.36562819500000004,0.36390402000000005,-0.15164235593507103,3.4483500000000435,2.8704601409351143,10098.326674305074,2.0,10095.45621416414,0.07243420945890804,1642716060.0,2022-01-20 00:05:00+00:00,2022-01-20 00:05:00+00:00,2022-01-20 22:00:00+00:00,2022-01-20 22:01:00+00:00,3506.286413561905,3070.2980233407475,2022-01-25 00:00:00+00:00,0.03605367131674601,0.02878130646513263,target,minute interval; not exact exchange fill
92,1082885.0,1083101.0,-1.0,0.251,2576.2000000000003,2539.3,0.3233131,0.31868215000000005,0.0,9.261900000000022,8.619904750000021,10106.946579055073,2.0,10098.326674305074,0.06403300475962254,1642822920.0,2022-01-22 00:05:00+00:00,2022-01-22 00:05:00+00:00,2022-01-22 03:41:00+00:00,2022-01-22 03:42:00+00:00,2974.6584201730066,2538.7906104638787,2022-01-27 00:00:00+00:00,0.09388530306343842,0.08618778838978747,target,minute interval; not exact exchange fill
93,1084325.0,1086320.0,-1.0,0.25,2398.13,2350.76,0.29976625,0.293845,0.120077651662245,11.842499999999973,11.12881109833773,10118.075390153412,2.0,10106.946579055073,0.05931885513696383,1643016060.0,2022-01-23 00:05:00+00:00,2022-01-23 00:05:00+00:00,2022-01-24 09:20:00+00:00,2022-01-24 09:21:00+00:00,2798.121876468248,2350.2884685249765,2022-01-28 00:00:00+00:00,0.1196062577506406,0.11129037116053685,target,minute interval; not exact exchange fill
94,1087205.0,1087207.0,-1.0,0.165,2438.61,2426.17,0.201185325,0.20015902500000002,0.0,2.0526000000000093,1.6512556500000093,10119.726645803412,2.0,10118.075390153412,0.03976750859077155,1643069280.0,2022-01-25 00:05:00+00:00,2022-01-25 00:05:00+00:00,2022-01-25 00:07:00+00:00,2022-01-25 00:08:00+00:00,3044.9287191295875,2425.683204168689,2022-01-30 00:00:00+00:00,0.021320133163410363,0.01650552701781445,target,minute interval; not exact exchange fill
95,1088645.0,1088686.0,-1.0,0.186,2445.01,2432.21,0.22738593000000004,0.22619553,0.0,2.380800000000034,1.927218540000034,10121.653864343412,2.0,10119.726645803412,0.04493914469405072,1643158020.0,2022-01-26 00:05:00+00:00,2022-01-26 00:05:00+00:00,2022-01-26 00:46:00+00:00,2022-01-26 00:47:00+00:00,2984.9802545237662,2431.7219418732184,2022-01-31 00:00:00+00:00,0.02460887060992168,0.01918881626014483,target,minute interval; not exact exchange fill
96,1090085.0,1090148.0,-1.0,0.199,2461.27,2447.65,0.244896365,0.24354117500000003,0.0,2.7103799999999785,2.221942459999979,10123.875806803411,2.0,10121.653864343412,0.048390582859728394,1643245740.0,2022-01-27 00:05:00+00:00,2022-01-27 00:05:00+00:00,2022-01-27 01:08:00+00:00,2022-01-27 01:09:00+00:00,2965.7959021600095,2447.160479527548,2022-02-01 00:00:00+00:00,0.027965899098629815,0.022130756720709972,target,minute interval; not exact exchange fill
97,1091525.0,1091612.0,-1.0,0.262,2430.54,2401.0,0.31840074,0.314531,0.0,7.739479999999991,7.1065482599999905,10130.982355063412,2.0,10123.875806803411,0.06290095731637274,1643333580.0,2022-01-28 00:05:00+00:00,2022-01-28 00:05:00+00:00,2022-01-28 01:32:00+00:00,2022-01-28 01:33:00+00:00,2813.3370287747853,2400.510745865567,2022-02-02 00:00:00+00:00,0.07844693630602945,0.0708579951281655,target,minute interval; not exact exchange fill
98,1092965.0,1095961.0,-1.0,0.23800000000000002,2549.9500000000003,2514.48,0.3034440500000001,0.29922312000000006,-0.08236710233932792,8.44186000000006,7.921559932339389,10138.90391499575,2.0,10130.982355063412,0.059904171059648584,1643594520.0,2022-01-29 00:05:00+00:00,2022-01-29 00:05:00+00:00,2022-01-31 02:01:00+00:00,2022-01-31 02:02:00+00:00,2971.015434102755,2513.9758431569567,2022-02-03 00:00:00+00:00,0.08543602473496943,0.07904677650126885,target,minute interval; not exact exchange fill
99,1097285.0,1099634.0,-1.0,0.155,2684.14,2672.59,0.20802085,0.207125725,0.159883465600615,1.7902499999999577,1.2152199593993427,10140.119134955148,2.0,10138.90391499575,0.0410341890492385,1643814900.0,2022-02-01 00:05:00+00:00,2022-02-01 00:05:00+00:00,2022-02-02 15:14:00+00:00,2022-02-02 15:15:00+00:00,3330.9004423041715,2672.0502533741833,2022-02-06 00:00:00+00:00,0.01869277376140264,0.01212215258927528,target,minute interval; not exact exchange fill
100,1100165.0,1100167.0,-1.0,0.185,2673.69,2663.08,0.247316325,0.24633489999999997,0.0,1.9628500000000235,1.4691987750000237,10141.58833373015,2.0,10140.119134955148,0.04877976712274475,1643846880.0,2022-02-03 00:05:00+00:00,2022-02-03 00:05:00+00:00,2022-02-03 00:07:00+00:00,2022-02-03 00:08:00+00:00,3216.565321381804,2662.5398748441344,2022-02-08 00:00:00+00:00,0.020539016449458016,0.014628800918387655,target,minute interval; not exact exchange fill
101,1101605.0,1106881.0,-1.0,0.227,2689.21,3132.2000000000003,0.30522533500000004,0.35550470000000006,-0.537024694196514,-100.55873000000005,-100.68243534080354,10040.905898389348,1.0,10141.58833373015,0.06019280707437983,1644249720.0,2022-02-04 00:05:00+00:00,2022-02-04 00:05:00+00:00,2022-02-07 16:01:00+00:00,2022-02-07 16:02:00+00:00,3131.564941303349,2669.714863353796,2022-02-09 00:00:00+00:00,0.04407125325369703,-1.0026675776281555,stop,minute interval; not exact exchange fill
102,1107365.0,1107373.0,-1.0,0.14400000000000002,3142.5,3121.7000000000003,0.22626000000000002,0.22476240000000006,0.0,2.995199999999961,2.544177599999961,10043.450075989349,2.0,10040.905898389348,0.04506764674217177,1644279240.0,2022-02-08 00:05:00+00:00,2022-02-08 00:05:00+00:00,2022-02-08 00:13:00+00:00,2022-02-08 00:14:00+00:00,3833.969088811933,3121.0751575096156,2022-02-13 00:00:00+00:00,0.03098452676633185,0.0255512506428253,target,minute interval; not exact exchange fill
103,1108805.0,1108929.0,-1.0,0.14100000000000001,3116.73,3079.98,0.21972946500000004,0.21713859000000002,0.0,5.181750000000001,4.744881945,10048.194957934349,2.0,10043.450075989349,0.04375577383021047,1644372600.0,2022-02-09 00:05:00+00:00,2022-02-09 00:05:00+00:00,2022-02-09 02:09:00+00:00,2022-02-09 02:10:00+00:00,3821.7514624786677,3079.361142655594,2022-02-14 00:00:00+00:00,0.05300385780175695,0.04773137668985251,target,minute interval; not exact exchange fill
104,1110245.0,1110257.0,-1.0,0.14,3242.29,3221.34,0.22696030000000003,0.22549380000000002,0.0,2.932999999999975,2.4805458999999748,10050.675503834349,2.0,10048.194957934349,0.04517434244660739,1644452280.0,2022-02-10 00:05:00+00:00,2022-02-10 00:05:00+00:00,2022-02-10 00:17:00+00:00,2022-02-10 00:18:00+00:00,3954.806121812157,3220.691963593639,2022-02-15 00:00:00+00:00,0.03031234767212067,0.02486706540048075,target,minute interval; not exact exchange fill
105,1113125.0,1113519.0,-1.0,0.252,2923.65,2896.51,0.36837990000000004,0.36496026000000004,0.0,6.839279999999968,6.105939839999968,10056.78144367435,2.0,10050.675503834349,0.0733045057239113,1644648000.0,2022-02-12 00:05:00+00:00,2022-02-12 00:05:00+00:00,2022-02-12 06:39:00+00:00,2022-02-12 06:40:00+00:00,3317.6351406596536,2895.925309564212,2022-02-17 00:00:00+00:00,0.07036988854292395,0.06149957828214398,target,minute interval; not exact exchange fill
106,1114565.0,1115582.0,-1.0,0.257,2910.21,2872.48,0.37396198500000005,0.36911368,-0.02525150939876189,9.696610000000005,8.978785844398768,10065.76022951875,2.0,10056.78144367435,0.07437011276310865,1644771780.0,2022-02-13 00:05:00+00:00,2022-02-13 00:05:00+00:00,2022-02-13 17:02:00+00:00,2022-02-13 17:03:00+00:00,3297.0369883194153,2871.9025126664856,2022-02-18 00:00:00+00:00,0.0990300276098698,0.09031662979920058,target,minute interval; not exact exchange fill
107,1116005.0,1122641.0,-1.0,0.273,2865.46,2811.15,0.3911352900000001,0.38372197500000005,-0.47476873535775976,14.826629999999986,14.526541470357746,10080.28677098911,2.0,10065.76022951875,0.07771599582770918,1645195320.0,2022-02-14 00:05:00+00:00,2022-02-14 00:05:00+00:00,2022-02-18 14:41:00+00:00,2022-02-18 14:42:00+00:00,3229.9699030370007,2810.580907644145,2022-02-19 00:00:00+00:00,0.15055583373350565,0.1459789546823196,target,minute interval; not exact exchange fill
108,1123205.0,1123892.0,-1.0,0.244,2772.6,2745.94,0.3382572,0.33500468,-0.048270443676799994,6.505039999999965,5.880048563676764,10086.166819552787,2.0,10080.28677098911,0.06711261448900407,1645270380.0,2022-02-19 00:05:00+00:00,2022-02-19 00:05:00+00:00,2022-02-19 11:32:00+00:00,2022-02-19 11:33:00+00:00,3181.5441164514095,2745.384211111259,2022-02-24 00:00:00+00:00,0.06655136434020484,0.05892873553558809,target,minute interval; not exact exchange fill
109,1124645.0,1124709.0,-1.0,0.228,2759.28,2711.54,0.31455792000000005,0.30911556,0.0,10.884720000000055,10.261046520000054,10096.427866072787,2.0,10086.166819552787,0.06237412599407061,1645319400.0,2022-02-20 00:05:00+00:00,2022-02-20 00:05:00+00:00,2022-02-20 01:09:00+00:00,2022-02-20 01:10:00+00:00,3197.505680993161,2710.992527502822,2022-02-25 00:00:00+00:00,0.11018859594842315,0.10269729035049999,target,minute interval; not exact exchange fill
110,1126085.0,1127527.0,-1.0,0.252,2606.2400000000002,2552.37,0.32838624000000005,0.32159862,0.04323395588229777,13.575240000000088,12.88202118411779,10109.309887256906,2.0,10096.427866072787,0.06504998487702415,1645488480.0,2022-02-21 00:05:00+00:00,2022-02-21 00:05:00+00:00,2022-02-22 00:07:00+00:00,2022-02-22 00:08:00+00:00,3002.5296359819445,2551.8592328338086,2022-02-26 00:00:00+00:00,0.13722480284260907,0.12899436937416198,target,minute interval; not exact exchange fill
111,1128965.0,1129066.0,-1.0,0.228,2638.63,2610.12,0.30080382000000006,0.29755368,0.0,6.50028000000005,5.901922500000049,10115.211809756905,2.0,10109.309887256906,0.05951025804029856,1645580820.0,2022-02-23 00:05:00+00:00,2022-02-23 00:05:00+00:00,2022-02-23 01:46:00+00:00,2022-02-23 01:47:00+00:00,3077.4524290441273,2609.5973453358456,2022-02-28 00:00:00+00:00,0.06616037089853272,0.05898883759516587,target,minute interval; not exact exchange fill
112,1130405.0,1130436.0,-1.0,0.268,2573.09,2564.17,0.34479406000000007,0.34359878000000005,0.0,2.39056000000002,1.7021671600000199,10116.913976916905,2.0,10115.211809756905,0.06817337421791198,1645663020.0,2022-02-24 00:05:00+00:00,2022-02-24 00:05:00+00:00,2022-02-24 00:36:00+00:00,2022-02-24 00:37:00+00:00,2946.0473803147124,2563.651390857764,2022-03-01 00:00:00+00:00,0.025307473830579713,0.017029747459724763,target,minute interval; not exact exchange fill
113,1131845.0,1132405.0,-1.0,0.305,2593.65,2577.2000000000003,0.39553162500000005,0.393023,-0.07968643500000001,5.017249999999945,4.308381809999944,10121.222358726905,2.0,10116.913976916905,0.07819214948401428,1645781160.0,2022-02-25 00:05:00+00:00,2022-02-25 00:05:00+00:00,2022-02-25 09:25:00+00:00,2022-02-25 09:26:00+00:00,2921.505304920907,2576.682919853859,2022-03-02 00:00:00+00:00,0.051751732826877256,0.04308559839654752,target,minute interval; not exact exchange fill
114,1133285.0,1133834.0,-1.0,0.341,2769.9700000000003,2735.18,0.4722798850000001,0.46634819,-0.09519862130204801,11.863390000000143,11.01996054630219,10132.242319273208,2.0,10121.222358726905,0.09332467329754539,1645866900.0,2022-02-26 00:05:00+00:00,2022-02-26 00:05:00+00:00,2022-02-26 09:14:00+00:00,2022-02-26 09:15:00+00:00,3062.4154465140878,2734.6254729666502,2022-03-03 00:00:00+00:00,0.1208585308974794,0.1105047119992401,target,minute interval; not exact exchange fill
115,1134725.0,1134786.0,-1.0,0.253,2774.92,2732.4500000000003,0.35102738,0.34565492500000006,0.0,10.74490999999995,10.04822769499995,10142.290546968208,2.0,10132.242319273208,0.0692891798160586,1645924020.0,2022-02-27 00:05:00+00:00,2022-02-27 00:05:00+00:00,2022-02-27 01:06:00+00:00,2022-02-27 01:07:00+00:00,3170.7863684974295,2731.8965534390163,2022-03-04 00:00:00+00:00,0.10868174208454671,0.10032758061956379,target,minute interval; not exact exchange fill
116,1136165.0,1137516.0,-1.0,0.28200000000000003,2603.4700000000003,2959.06,0.3670892700000001,0.41722746,0.022768386424190157,-100.27637999999992,-101.08346511642411,10041.207081851784,1.0,10142.290546968208,0.07238784341663974,1646087820.0,2022-02-28 00:05:00+00:00,2022-02-28 00:05:00+00:00,2022-02-28 22:36:00+00:00,2022-02-28 22:37:00+00:00,2958.4590744295397,2553.734856448783,2022-03-05 00:00:00+00:00,0.14010330777402305,-1.009755031292093,stop,minute interval; not exact exchange fill
117,1137605.0,1137751.0,-1.0,0.21,2951.59,2905.48,0.30991694999999997,0.3050754,0.0,9.683100000000026,9.068107650000027,10050.275189501785,2.0,10041.207081851784,0.06172902271085232,1646101920.0,2022-03-01 00:05:00+00:00,2022-03-01 00:05:00+00:00,2022-03-01 02:31:00+00:00,2022-03-01 02:32:00+00:00,3425.501866385665,2904.8985345896776,2022-03-06 00:00:00+00:00,0.09852352034655629,0.0911170790664682,target,minute interval; not exact exchange fill
118,1139045.0,1139065.0,-1.0,0.183,2976.7400000000002,2944.48,0.27237171,0.26941992,0.0,5.90358000000004,5.36178837000004,10055.636977871785,2.0,10050.275189501785,0.054201841216151236,1646180760.0,2022-03-02 00:05:00+00:00,2022-03-02 00:05:00+00:00,2022-03-02 00:25:00+00:00,2022-03-02 00:26:00+00:00,3519.080565680074,2943.8875700633535,2022-03-07 00:00:00+00:00,0.06057527689349797,0.05402396917010981,target,minute interval; not exact exchange fill
119,1140485.0,1140608.0,-1.0,0.197,2937.26,2930.88,0.2893201100000001,0.28869168,0.0,1.2568600000000216,0.6788482100000216,10056.315826081785,2.0,10055.636977871785,0.05754386532383211,1646273340.0,2022-03-03 00:05:00+00:00,2022-03-03 00:05:00+00:00,2022-03-03 02:08:00+00:00,2022-03-03 02:09:00+00:00,3442.5710171299015,2930.2880769191593,2022-03-08 00:00:00+00:00,0.013797290865416983,0.0068194238462729925,target,minute interval; not exact exchange fill
120,1141925.0,1141951.0,-1.0,0.216,2833.9900000000002,2807.9900000000002,0.30607092,0.30326292,0.0,5.616,5.00666616,10061.322492241785,2.0,10056.315826081785,0.06087138178500378,1646353920.0,2022-03-04 00:05:00+00:00,2022-03-04 00:05:00+00:00,2022-03-04 00:31:00+00:00,2022-03-04 00:32:00+00:00,3294.035547446284,2807.4202919375443,2022-03-09 00:00:00+00:00,0.05775451628636458,0.05038416332614642,target,minute interval; not exact exchange fill
121,1143365.0,1146193.0,-1.0,0.28200000000000003,2615.88,2584.0,0.3688390800000001,0.36434400000000006,-0.0652707454438477,8.990160000000031,8.322247665443877,10069.644739907228,2.0,10061.322492241785,0.07331821046078373,1646608440.0,2022-03-05 00:05:00+00:00,2022-03-05 00:05:00+00:00,2022-03-06 23:13:00+00:00,2022-03-06 23:14:00+00:00,2968.373812026447,2583.480676412353,2022-03-10 00:00:00+00:00,0.09191458823457602,0.08372208401182665,target,minute interval; not exact exchange fill
122,1146245.0,1146752.0,-1.0,0.218,2536.8,2496.59,0.2765112,0.27212831,0.005492749800000001,8.765780000000008,8.211647740200009,10077.856387647427,2.0,10069.644739907228,0.05491975280997799,1646641980.0,2022-03-07 00:05:00+00:00,2022-03-07 00:05:00+00:00,2022-03-07 08:32:00+00:00,2022-03-07 08:33:00+00:00,2993.290208956396,2496.088302677857,2022-03-12 00:00:00+00:00,0.08918416325996605,0.08251679479854546,target,minute interval; not exact exchange fill
123,1147685.0,1154880.0,-1.0,0.253,2493.53,2568.15,0.31543154500000004,0.324870975,-0.5715846736432482,-18.87885999999997,-18.947577846356722,10058.90880980107,4.0,10077.856387647427,0.06259893629495038,1647129600.0,2022-03-08 00:05:00+00:00,2022-03-08 00:05:00+00:00,2022-03-13 00:00:00+00:00,2022-03-13 00:00:00+00:00,2887.400198548371,2477.8709184132,2022-03-13 00:00:00+00:00,0.03975695963927374,-0.19014287528468163,timeout,minute interval; not exact exchange fill
124,1156325.0,1163045.0,-1.0,0.254,2511.9700000000003,2905.01,0.31902019000000004,0.36893627000000007,-0.6872255275943064,-99.83215999999999,-99.83289093240569,9959.075918868668,1.0,10058.90880980107,0.06343037719740678,1647619560.0,2022-03-14 00:05:00+00:00,2022-03-14 00:05:00+00:00,2022-03-18 16:05:00+00:00,2022-03-18 16:06:00+00:00,2904.4287502166326,2466.7762490662994,2022-03-19 00:00:00+00:00,0.11515541673807611,-1.0014883792747182,stop,minute interval; not exact exchange fill
125,1163525.0,1164857.0,-1.0,0.295,2942.75,2900.59,0.43405562499999994,0.427837025,-0.17378207223673,12.437199999999956,11.749089422236686,9970.825008290905,2.0,9959.075918868668,0.08716785142236527,1647728280.0,2022-03-19 00:05:00+00:00,2022-03-19 00:05:00+00:00,2022-03-19 22:17:00+00:00,2022-03-19 22:18:00+00:00,3275.262571470331,2900.007745239059,2022-03-24 00:00:00+00:00,0.12854327453527442,0.1197771909620793,target,minute interval; not exact exchange fill
126,1164965.0,1165530.0,-1.0,0.259,2955.65,2897.91,0.38275667500000005,0.375279345,-0.075762700102803,14.954660000000061,14.272386680102866,9985.097394971008,2.0,9970.825008290905,0.0767753269527309,1647768660.0,2022-03-20 00:05:00+00:00,2022-03-20 00:05:00+00:00,2022-03-20 09:30:00+00:00,2022-03-20 09:31:00+00:00,3335.100602067612,2897.328767412692,2022-03-25 00:00:00+00:00,0.15369914362902076,0.14522506955410847,target,minute interval; not exact exchange fill
127,1166405.0,1166554.0,-1.0,0.278,2859.77,2835.36,0.39750803,0.3941150400000001,0.0,6.78597999999996,5.99435692999996,9991.091751901007,2.0,9985.097394971008,0.07962026093009465,1647830100.0,2022-03-21 00:05:00+00:00,2022-03-21 00:05:00+00:00,2022-03-21 02:34:00+00:00,2022-03-21 02:35:00+00:00,3214.163118016558,2834.783289904432,2022-03-26 00:00:00+00:00,0.07050563011892508,0.060843266710930884,target,minute interval; not exact exchange fill
128,1167845.0,1175040.0,-1.0,0.276,2887.2200000000003,3144.1,0.3984363600000001,0.43388580000000004,-0.9798971297451634,-70.8988799999999,-70.75130503025474,9920.340446870752,4.0,9991.091751901007,0.07975832269265058,1648339200.0,2022-03-22 00:05:00+00:00,2022-03-22 00:05:00+00:00,2022-03-27 00:00:00+00:00,2022-03-27 00:00:00+00:00,3245.1523825772674,2878.7533162753443,2022-03-27 00:00:00+00:00,0.023654422278566015,-0.7161836161199961,timeout,minute interval; not exact exchange fill
129,1176485.0,1181818.0,-1.0,0.299,3280.89,3272.89,0.49049305499999996,0.489297055,-1.092319174506006,2.392,2.5045290645060057,9922.844975935259,2.0,9920.340446870752,0.09888633512667802,1648745940.0,2022-03-28 00:05:00+00:00,2022-03-28 00:05:00+00:00,2022-03-31 16:58:00+00:00,2022-03-31 16:59:00+00:00,3607.103782500611,3272.231420809807,2022-04-02 00:00:00+00:00,0.02654265286960024,0.02567749076111466,target,minute interval; not exact exchange fill
130,1182245.0,1182353.0,-1.0,0.365,3285.2400000000002,3267.14,0.5995563,0.59625305,0.0,6.606500000000133,5.4106906500001335,9928.255666585259,2.0,9922.844975935259,0.12084362931276976,1648778040.0,2022-04-01 00:05:00+00:00,2022-04-01 00:05:00+00:00,2022-04-01 01:53:00+00:00,2022-04-01 01:54:00+00:00,3552.1054229756214,3266.485932922145,2022-04-06 00:00:00+00:00,0.07027537276557763,0.05554788565229208,target,minute interval; not exact exchange fill
131,1183685.0,1184769.0,-1.0,0.41200000000000003,3441.86,3434.0,0.7090231600000001,0.7074040000000001,-0.286098817143816,3.2383200000000527,2.1079916571438684,9930.363658242402,2.0,9928.255666585259,0.1428293516627101,1648923000.0,2022-04-02 00:05:00+00:00,2022-04-02 00:05:00+00:00,2022-04-02 18:09:00+00:00,2022-04-02 18:10:00+00:00,3677.694721175512,3433.3062524741263,2022-04-07 00:00:00+00:00,0.036270094086392105,0.021695213407148653,target,minute interval; not exact exchange fill
132,1185125.0,1185202.0,-1.0,0.362,3454.1800000000003,3415.36,0.6252065800000001,0.61818016,0.0,14.052840000000058,12.809453260000058,9943.173111502403,2.0,9930.363658242402,0.12591816403039097,1648948980.0,2022-04-03 00:05:00+00:00,2022-04-03 00:05:00+00:00,2022-04-03 01:22:00+00:00,2022-04-03 01:23:00+00:00,3723.3331427549256,3414.6701189767623,2022-04-08 00:00:00+00:00,0.14679331111958563,0.13146876026716073,target,minute interval; not exact exchange fill
133,1186565.0,1186585.0,-1.0,0.341,3514.69,3500.87,0.5992546450000001,0.596898335,0.0,4.712620000000056,3.516467020000056,9946.689578522404,2.0,9943.173111502403,0.12053589699786557,1649031960.0,2022-04-04 00:05:00+00:00,2022-04-04 00:05:00+00:00,2022-04-04 00:25:00+00:00,2022-04-04 00:26:00+00:00,3800.849351607475,3500.161242080283,2022-04-09 00:00:00+00:00,0.050771564298363804,0.0360366346305727,target,minute interval; not exact exchange fill
134,1188005.0,1188022.0,-1.0,0.34800000000000003,3519.11,3512.73,0.61232514,0.61121502,0.0,2.220240000000038,0.9966998400000381,9947.686278362404,2.0,9946.689578522404,0.12312139333717136,1649118180.0,2022-04-05 00:05:00+00:00,2022-04-05 00:05:00+00:00,2022-04-05 00:22:00+00:00,2022-04-05 00:23:00+00:00,3799.8978867798983,3512.0211085073024,2022-04-10 00:00:00+00:00,0.025246429160437744,0.010200155116538849,target,minute interval; not exact exchange fill
135,1190885.0,1190931.0,-1.0,0.28400000000000003,3175.0,3155.54,0.45085000000000003,0.44808668000000007,0.0,5.526640000000011,4.627703320000011,9952.313981682404,2.0,9947.686278362404,0.09064419351073852,1649292720.0,2022-04-07 00:05:00+00:00,2022-04-07 00:05:00+00:00,2022-04-07 00:51:00+00:00,2022-04-07 00:52:00+00:00,3520.7378347506065,3154.904429358193,2022-04-12 00:00:00+00:00,0.05812372445816598,0.04713030615163663,target,minute interval; not exact exchange fill
136,1192325.0,1193654.0,-1.0,0.27,3226.48,3207.65,0.43557480000000004,0.43303275,-0.06005444027966658,5.084099999999981,4.275546890279648,9956.589528572684,2.0,9952.313981682404,0.08753236700564136,1649456100.0,2022-04-08 00:05:00+00:00,2022-04-08 00:05:00+00:00,2022-04-08 22:14:00+00:00,2022-04-08 22:15:00+00:00,3589.8462022984886,3207.0049200386493,2022-04-13 00:00:00+00:00,0.05359628891779222,0.0435796140442351,target,minute interval; not exact exchange fill
137,1193765.0,1196781.0,-1.0,0.41600000000000004,3199.92,3169.14,0.6655833600000001,0.6591811200000001,-0.6805177702831589,12.804480000000085,12.160233290283244,9968.749761862968,2.0,9956.589528572684,0.13369705722827244,1649643720.0,2022-04-09 00:05:00+00:00,2022-04-09 00:05:00+00:00,2022-04-11 02:21:00+00:00,2022-04-11 02:22:00+00:00,3434.5543257142363,3168.49727827332,2022-04-14 00:00:00+00:00,0.13392210040465416,0.12458249634079759,target,minute interval; not exact exchange fill
138,1198085.0,1198088.0,-1.0,0.304,2987.37,2971.2200000000003,0.45408023999999997,0.45162544000000004,0.0,4.909599999999889,4.0038943199998895,9972.753656182967,2.0,9968.749761862968,0.09110073998188938,1649722140.0,2022-04-12 00:05:00+00:00,2022-04-12 00:05:00+00:00,2022-04-12 00:08:00+00:00,2022-04-12 00:09:00+00:00,3310.1119873150533,2970.6255167120344,2022-04-17 00:00:00+00:00,0.051881948882033554,0.040808774555703205,target,minute interval; not exact exchange fill
139,1199525.0,1199597.0,-1.0,0.308,3027.67,3012.15,0.46626118000000005,0.46387110000000004,0.0,4.780159999999994,3.850027719999994,9976.603683902968,2.0,9972.753656182967,0.09350700841004422,1649812680.0,2022-04-13 00:05:00+00:00,2022-04-13 00:05:00+00:00,2022-04-13 01:17:00+00:00,2022-04-13 01:18:00+00:00,3346.39294173209,3011.5453750245974,2022-04-18 00:00:00+00:00,0.05059135337975315,0.039219297902023074,target,minute interval; not exact exchange fill
140,1200965.0,1201294.0,-1.0,0.256,3113.9500000000003,3104.34,0.39858560000000004,0.39735552,0.0,2.4601600000000325,1.6642188800000324,9978.267902782967,2.0,9976.603683902968,0.07990406607874165,1649914500.0,2022-04-14 00:05:00+00:00,2022-04-14 00:05:00+00:00,2022-04-14 05:34:00+00:00,2022-04-14 05:35:00+00:00,3498.0745202470966,3103.7105471080276,2022-04-19 00:00:00+00:00,0.026656597931800564,0.01692382198308588,target,minute interval; not exact exchange fill
141,1202405.0,1203235.0,-1.0,0.249,3024.01,3000.7200000000003,0.37648924500000003,0.37358964000000006,0.027766033027199998,5.799209999999991,5.021365081972791,9983.28926786494,2.0,9978.267902782967,0.07546184341172,1650030960.0,2022-04-15 00:05:00+00:00,2022-04-15 00:05:00+00:00,2022-04-15 13:55:00+00:00,2022-04-15 13:56:00+00:00,3419.570278271832,3000.113213396632,2022-04-20 00:00:00+00:00,0.06041250326693844,0.05098116756137392,target,minute interval; not exact exchange fill
142,1203845.0,1204754.0,-1.0,0.363,3036.59,3014.92,0.551141085,0.54720798,0.13555890912299998,7.866210000000026,6.632302025877027,9989.921569890817,2.0,9983.28926786494,0.1104127247467545,1650122100.0,2022-04-16 00:05:00+00:00,2022-04-16 00:05:00+00:00,2022-04-16 15:14:00+00:00,2022-04-16 15:15:00+00:00,3306.7244230379906,3014.3103330311333,2022-04-21 00:00:00+00:00,0.08247622320141541,0.06763597276319928,target,minute interval; not exact exchange fill
143,1205285.0,1205466.0,-1.0,0.296,3059.42,3025.2200000000003,0.45279416,0.44773256000000006,0.0,10.123199999999946,9.222673279999945,9999.144243170816,2.0,9989.921569890817,0.09065019316361835,1650164820.0,2022-04-17 00:05:00+00:00,2022-04-17 00:05:00+00:00,2022-04-17 03:06:00+00:00,2022-04-17 03:07:00+00:00,3392.1056021372915,3024.612313241549,2022-04-22 00:00:00+00:00,0.104626369565842,0.09365502985350652,target,minute interval; not exact exchange fill
144,1206725.0,1206974.0,-1.0,0.302,2981.81,2963.28,0.45025331,0.44745528,0.0,5.596059999999923,4.6983514099999235,10003.842594580816,2.0,9999.144243170816,0.09005836880641312,1650255300.0,2022-04-18 00:05:00+00:00,2022-04-18 00:05:00+00:00,2022-04-18 04:14:00+00:00,2022-04-18 04:15:00+00:00,3307.945204352879,2962.686671082311,2022-04-23 00:00:00+00:00,0.0586361995345876,0.04770247060837548,target,minute interval; not exact exchange fill
145,1208165.0,1208297.0,-1.0,0.314,3058.92,3046.63,0.48025044000000006,0.47832091000000004,0.0,3.8590599999999884,2.9004886499999882,10006.743083230816,2.0,10003.842594580816,0.09601319402209639,1650334680.0,2022-04-19 00:05:00+00:00,2022-04-19 00:05:00+00:00,2022-04-19 02:17:00+00:00,2022-04-19 02:18:00+00:00,3372.4685247489106,3046.017271658151,2022-04-24 00:00:00+00:00,0.04115065874470807,0.0294602725603545,target,minute interval; not exact exchange fill
146,1209605.0,1209626.0,-1.0,0.317,3093.1,3068.01,0.49025635,0.48627958500000007,0.0,7.953529999999902,6.976994064999902,10013.720077295817,2.0,10006.743083230816,0.09798519776560785,1650414420.0,2022-04-20 00:05:00+00:00,2022-04-20 00:05:00+00:00,2022-04-20 00:26:00+00:00,2022-04-20 00:27:00+00:00,3404.130756111896,3067.3959830822887,2022-04-25 00:00:00+00:00,0.08264139932342884,0.07076292156805739,target,minute interval; not exact exchange fill
147,1211045.0,1212122.0,-1.0,0.3,3073.04,3056.07,0.460956,0.4584105,0.12967452039810548,5.09099999999994,4.041958979601834,10017.762036275417,2.0,10013.720077295817,0.09206488626442215,1650564180.0,2022-04-21 00:05:00+00:00,2022-04-21 00:05:00+00:00,2022-04-21 18:02:00+00:00,2022-04-21 18:03:00+00:00,3401.7487592517255,3055.4513526611504,2022-04-26 00:00:00+00:00,0.05350830132695115,0.04098824938326329,target,minute interval; not exact exchange fill
148,1212485.0,1213343.0,-1.0,0.28200000000000003,2972.86,2964.92,0.4191732600000001,0.4180537200000001,0.14604697430400002,2.2390800000000155,1.2558060456960154,10019.017842321115,2.0,10017.762036275417,0.08368600860793611,1650637440.0,2022-04-22 00:05:00+00:00,2022-04-22 00:05:00+00:00,2022-04-22 14:23:00+00:00,2022-04-22 14:24:00+00:00,3322.9915681497046,2964.322476572889,2022-04-27 00:00:00+00:00,0.024383758003393166,0.01271868444063293,target,minute interval; not exact exchange fill
149,1213925.0,1214180.0,-1.0,0.449,2968.69,2938.46,0.6664709050000001,0.65968427,0.0,13.573270000000008,12.247114825000008,10031.264957146115,2.0,10019.017842321115,0.13304116540940267,1650687660.0,2022-04-23 00:05:00+00:00,2022-04-23 00:05:00+00:00,2022-04-23 04:20:00+00:00,2022-04-23 04:21:00+00:00,3187.3475303944942,2937.8721660645983,2022-04-28 00:00:00+00:00,0.14094110493153963,0.12474496053618118,target,minute interval; not exact exchange fill
150,1215365.0,1216809.0,-1.0,0.35000000000000003,2935.27,2902.0,0.51367225,0.50785,0.05152804637468695,11.644499999999995,10.571449703625309,10041.836406849741,2.0,10031.264957146115,0.10241425227913416,1650845400.0,2022-04-24 00:05:00+00:00,2022-04-24 00:05:00+00:00,2022-04-25 00:09:00+00:00,2022-04-25 00:10:00+00:00,3217.581540863535,2901.4148880686203,2022-04-29 00:00:00+00:00,0.1199211049885657,0.10698869028864195,target,minute interval; not exact exchange fill
151,1218245.0,1218361.0,-1.0,0.35000000000000003,3009.71,2999.5,0.5266992500000001,0.5249125,0.0,3.573500000000013,2.521888250000013,10044.35829509974,2.0,10041.836406849741,0.10490098198387851,1650938520.0,2022-04-26 00:05:00+00:00,2022-04-26 00:05:00+00:00,2022-04-26 02:01:00+00:00,2022-04-26 02:02:00+00:00,3291.9540732551527,2998.8953003080687,2022-05-01 00:00:00+00:00,0.03831683538011679,0.02552895058840175,target,minute interval; not exact exchange fill
152,1219685.0,1223737.0,-1.0,0.418,2815.43,2781.78,0.58842487,0.58139202,-0.051460956845535,14.065699999999847,12.947344066845382,10057.305639166585,2.0,10044.35829509974,0.1171652489312473,1651261080.0,2022-04-27 00:05:00+00:00,2022-04-27 00:05:00+00:00,2022-04-29 19:37:00+00:00,2022-04-29 19:38:00+00:00,3051.7057912873825,2781.2147524724633,2022-05-02 00:00:00+00:00,0.14481063566059765,0.13109471422434613,target,minute interval; not exact exchange fill
153,1224005.0,1224862.0,-1.0,0.451,2818.02,2794.02,0.63546351,0.63005151,0.0663459921327263,10.824,9.492138987867275,10066.797778154452,2.0,10057.305639166585,0.1263685390101476,1651328580.0,2022-04-30 00:05:00+00:00,2022-04-30 00:05:00+00:00,2022-04-30 14:22:00+00:00,2022-04-30 14:23:00+00:00,3036.5623943169144,2793.4564088824172,2022-05-05 00:00:00+00:00,0.11239737349066653,0.09630566845292866,target,minute interval; not exact exchange fill
154,1225445.0,1232358.0,-1.0,0.353,2731.19,2696.94,0.48205503499999997,0.47600991,-0.6019377501354422,12.09025,11.734122805135442,10078.531900959591,2.0,10066.797778154452,0.09577127615418837,1651778340.0,2022-05-01 00:05:00+00:00,2022-05-01 00:05:00+00:00,2022-05-05 19:18:00+00:00,2022-05-05 19:19:00+00:00,3011.863530362296,2696.3941422750263,2022-05-06 00:00:00+00:00,0.12397270836355305,0.11843347339568248,target,minute interval; not exact exchange fill
155,1232645.0,1232692.0,-1.0,0.278,2746.3,2729.25,0.38173570000000007,0.37936575000000006,0.0,4.739900000000051,3.978798550000051,10082.51069950959,2.0,10078.531900959591,0.07575224323369051,1651798380.0,2022-05-06 00:05:00+00:00,2022-05-06 00:05:00+00:00,2022-05-06 00:52:00+00:00,2022-05-06 00:53:00+00:00,3104.459505616274,2728.7003344123755,2022-05-11 00:00:00+00:00,0.04913918327350136,0.03996047787527959,target,minute interval; not exact exchange fill
156,1234085.0,1234288.0,-1.0,0.421,2690.81,2668.98,0.5664155049999999,0.56182029,0.0,9.190429999999969,8.062194204999969,10090.57289371459,2.0,10082.51069950959,0.1123560434262768,1651894140.0,2022-05-07 00:05:00+00:00,2022-05-07 00:05:00+00:00,2022-05-07 03:28:00+00:00,2022-05-07 03:29:00+00:00,2926.329879769487,2668.437679406723,2022-05-12 00:00:00+00:00,0.0949912194893004,0.08130993026466776,target,minute interval; not exact exchange fill
157,1235525.0,1235631.0,-1.0,0.367,2631.1,2605.18,0.48280685,0.47805053,0.0,9.512640000000026,8.551782620000026,10099.124676334592,2.0,10090.57289371459,0.09569463599053726,1651974720.0,2022-05-08 00:05:00+00:00,2022-05-08 00:05:00+00:00,2022-05-08 01:51:00+00:00,2022-05-08 01:52:00+00:00,2902.135774082691,2604.6554682270475,2022-05-13 00:00:00+00:00,0.09756841827412904,0.08597337410112817,target,minute interval; not exact exchange fill
158,1236965.0,1237084.0,-1.0,0.374,2519.4900000000002,2498.43,0.47114463000000006,0.46720640999999996,0.0,7.87644000000015,6.938088960000149,10106.062765294591,2.0,10099.124676334592,0.09330405259854635,1652061900.0,2022-05-09 00:05:00+00:00,2022-05-09 00:05:00+00:00,2022-05-09 02:04:00+00:00,2022-05-09 02:05:00+00:00,2785.861751387319,2497.923758335284,2022-05-14 00:00:00+00:00,0.08096294577932754,0.06964342090849636,target,minute interval; not exact exchange fill
159,1238405.0,1238408.0,-1.0,0.365,2235.69,2220.35,0.408013425,0.405213875,0.0,5.599100000000053,4.785872700000053,10110.848637994592,2.0,10106.062765294591,0.0807462677554638,1652141340.0,2022-05-10 00:05:00+00:00,2022-05-10 00:05:00+00:00,2022-05-10 00:08:00+00:00,2022-05-10 00:09:00+00:00,2509.3474373032386,2219.901424796084,2022-05-15 00:00:00+00:00,0.05769466877825351,0.04791384487559466,target,minute interval; not exact exchange fill
160,1239845.0,1240256.0,-1.0,0.386,2340.7400000000002,2302.02,0.45176282000000006,0.44428986000000004,0.0,14.945920000000099,14.049867320000098,10124.898505314593,2.0,10110.848637994592,0.08936199841868143,1652252220.0,2022-05-11 00:05:00+00:00,2022-05-11 00:05:00+00:00,2022-05-11 06:56:00+00:00,2022-05-11 06:57:00+00:00,2598.7304788773667,2301.549972973961,2022-05-16 00:00:00+00:00,0.15190493539363528,0.14108512902641657,target,minute interval; not exact exchange fill
161,1241285.0,1241441.0,-1.0,0.28200000000000003,2086.58,2058.62,0.29420778000000003,0.29026542,0.0,7.884720000000011,7.300246800000012,10132.198752114593,2.0,10124.898505314593,0.05811569959848375,1652323320.0,2022-05-12 00:05:00+00:00,2022-05-12 00:05:00+00:00,2022-05-12 02:41:00+00:00,2022-05-12 02:42:00+00:00,2441.8646107131735,2058.204505837272,2022-05-17 00:00:00+00:00,0.07986693852505757,0.07286383710241622,target,minute interval; not exact exchange fill
162,1242725.0,1242742.0,-1.0,0.253,1962.89,1941.1100000000001,0.24830558500000002,0.24555041500000002,0.0,5.510339999999993,5.016483999999993,10137.215236114593,2.0,10132.198752114593,0.04901316902181346,1652401380.0,2022-05-13 00:05:00+00:00,2022-05-13 00:05:00+00:00,2022-05-13 00:22:00+00:00,2022-05-13 00:23:00+00:00,2359.3505993061103,1940.721854476643,2022-05-18 00:00:00+00:00,0.05591512892367094,0.05001253601165705,target,minute interval; not exact exchange fill
163,1244165.0,1244838.0,-1.0,0.395,2009.69,1982.3400000000001,0.3969137750000001,0.39151215,-0.073216295292,10.803249999999965,10.088040370291964,10147.303276484885,2.0,10137.215236114593,0.07830824654604646,1652527140.0,2022-05-14 00:05:00+00:00,2022-05-14 00:05:00+00:00,2022-05-14 11:18:00+00:00,2022-05-14 11:19:00+00:00,2262.8575816157927,1981.937686744822,2022-05-19 00:00:00+00:00,0.10962032768198166,0.10087919846056134,target,minute interval; not exact exchange fill
164,1245605.0,1245796.0,-1.0,0.294,2048.61,2018.69,0.30114567,0.29674743000000003,0.0,8.79648000000002,8.19858690000002,10155.501863384885,2.0,10147.303276484885,0.05935481808213374,1652584620.0,2022-05-15 00:05:00+00:00,2022-05-15 00:05:00+00:00,2022-05-15 03:16:00+00:00,2022-05-15 03:17:00+00:00,2390.7361864466766,2018.277131990153,2022-05-20 00:00:00+00:00,0.08865988401789501,0.08150896103460475,target,minute interval; not exact exchange fill
165,1247045.0,1247088.0,-1.0,0.268,2136.5,2116.53,0.286291,0.28361502,0.0,5.351959999999947,4.782053979999946,10160.283917364884,2.0,10155.501863384885,0.0563814578247889,1652662140.0,2022-05-16 00:05:00+00:00,2022-05-16 00:05:00+00:00,2022-05-16 00:48:00+00:00,2022-05-16 00:49:00+00:00,2511.5271293143705,2116.0990430870797,2022-05-21 00:00:00+00:00,0.05439861630868561,0.0475791845582518,target,minute interval; not exact exchange fill
166,1248485.0,1249582.0,-1.0,0.307,2022.96,2014.6200000000001,0.31052436,0.30924417,0.059944136802199996,2.560379999999975,1.880667333197775,10162.164584698081,2.0,10160.283917364884,0.06112513440087723,1652811780.0,2022-05-17 00:05:00+00:00,2022-05-17 00:05:00+00:00,2022-05-17 18:22:00+00:00,2022-05-17 18:23:00+00:00,2351.02651544264,2014.21074149564,2022-05-22 00:00:00+00:00,0.026669160345594165,0.018672896918890198,target,minute interval; not exact exchange fill
167,1249925.0,1250115.0,-1.0,0.398,2093.9700000000003,2048.58,0.4167000300000001,0.40766742,0.0,18.06522000000013,17.24085255000013,10179.40543724808,2.0,10162.164584698081,0.08201009273702495,1652843760.0,2022-05-18 00:05:00+00:00,2022-05-18 00:05:00+00:00,2022-05-18 03:15:00+00:00,2022-05-18 03:16:00+00:00,2345.9135652657787,2048.1694373855476,2022-05-23 00:00:00+00:00,0.18178897550384787,0.1719382074882637,target,minute interval; not exact exchange fill
168,1251365.0,1258560.0,-1.0,0.333,1910.94,1972.8500000000001,0.31817151000000005,0.32847952500000005,-0.5356053895873214,-20.616030000000027,-20.727075645412704,10158.678361602668,4.0,10179.40543724808,0.06251278858306583,1653350400.0,2022-05-19 00:05:00+00:00,2022-05-19 00:05:00+00:00,2022-05-24 00:00:00+00:00,2022-05-24 00:00:00+00:00,2213.227443147295,1884.5115064582815,2022-05-24 00:00:00+00:00,0.08742835384280521,-0.20590822350604712,timeout,minute interval; not exact exchange fill
169,1260005.0,1260723.0,-1.0,0.406,1981.04,1938.21,0.40215112,0.39345663000000003,-0.080249554,17.38897999999997,16.673621803999975,10175.351983406666,2.0,10158.678361602668,0.07917390544030478,1653480240.0,2022-05-25 00:05:00+00:00,2022-05-25 00:05:00+00:00,2022-05-25 12:03:00+00:00,2022-05-25 12:04:00+00:00,2228.3424525397813,1937.8138516347585,2022-05-30 00:00:00+00:00,0.17479061740517124,0.16606399806485414,target,minute interval; not exact exchange fill
170,1261445.0,1261790.0,-1.0,0.34500000000000003,1944.88,1923.41,0.33549180000000006,0.33178822500000005,0.0,7.40715000000001,6.73986997500001,10182.091853381666,2.0,10175.351983406666,0.06594205302128109,1653544260.0,2022-05-26 00:05:00+00:00,2022-05-26 00:05:00+00:00,2022-05-26 05:50:00+00:00,2022-05-26 05:51:00+00:00,2237.0227956549024,1923.02038284923,2022-05-31 00:00:00+00:00,0.07482511113021648,0.06687091138498251,target,minute interval; not exact exchange fill
171,1262885.0,1262927.0,-1.0,0.258,1799.06,1772.46,0.23207874,0.22864734000000003,0.0,6.862799999999977,6.402073919999976,10188.493927301666,2.0,10182.091853381666,0.04558567008466384,1653612480.0,2022-05-27 00:05:00+00:00,2022-05-27 00:05:00+00:00,2022-05-27 00:47:00+00:00,2022-05-27 00:48:00+00:00,2191.125427634107,1772.1020252677338,2022-06-01 00:00:00+00:00,0.06875886735268215,0.06329106891607303,target,minute interval; not exact exchange fill
172,1264325.0,1268425.0,-1.0,0.427,1725.05,1961.5900000000001,0.36829817499999995,0.418799465,-0.32109443470015464,-101.00258000000008,-101.46858320529994,10087.025344096366,1.0,10188.493927301666,0.07229688266547174,1653942360.0,2022-05-28 00:05:00+00:00,2022-05-28 00:05:00+00:00,2022-05-30 20:25:00+00:00,2022-05-30 20:26:00+00:00,1961.1921892739883,1702.1698915363536,2022-06-02 00:00:00+00:00,0.09689123546279692,-1.0063061714290056,stop,minute interval; not exact exchange fill
173,1268645.0,1268661.0,-1.0,0.298,2001.16,1989.3600000000001,0.29817284,0.29641464,0.0,3.516399999999986,2.9218125199999863,10089.947156616367,2.0,10087.025344096366,0.05912007352584112,1653956520.0,2022-05-31 00:05:00+00:00,2022-05-31 00:05:00+00:00,2022-05-31 00:21:00+00:00,2022-05-31 00:22:00+00:00,2336.0030313982174,1988.9547347840544,2022-06-05 00:00:00+00:00,0.03645070696254209,0.02928160087148271,target,minute interval; not exact exchange fill
174,1270085.0,1270955.0,-1.0,0.461,1944.32,1906.18,0.44816575999999997,0.43937449000000006,-0.08899812249603302,17.58253999999994,16.783997872495977,10106.731154488862,2.0,10089.947156616367,0.08883411439991942,1654094160.0,2022-06-01 00:05:00+00:00,2022-06-01 00:05:00+00:00,2022-06-01 14:35:00+00:00,2022-06-01 14:36:00+00:00,2160.0687358676946,1905.7925595909767,2022-06-06 00:00:00+00:00,0.1785755093955672,0.16875095165322093,target,minute interval; not exact exchange fill
175,1271525.0,1272313.0,-1.0,0.39,1814.33,1801.07,0.35379435000000004,0.35120865,-0.032953868376,5.171399999999997,4.499350868375996,10111.230505357238,2.0,10106.731154488862,0.0700116278135812,1654175640.0,2022-06-02 00:05:00+00:00,2022-06-02 00:05:00+00:00,2022-06-02 13:13:00+00:00,2022-06-02 13:14:00+00:00,2070.4151020576332,1800.7060962250578,2022-06-07 00:00:00+00:00,0.05320068862059782,0.04505063748614151,target,minute interval; not exact exchange fill
176,1272965.0,1273255.0,-1.0,0.278,1830.38,1816.5900000000001,0.25442282000000005,0.25250601000000006,0.0,3.83361999999999,3.3266911699999895,10114.557196527237,2.0,10111.230505357238,0.05032479872063031,1654232160.0,2022-06-03 00:05:00+00:00,2022-06-03 00:05:00+00:00,2022-06-03 04:55:00+00:00,2022-06-03 04:56:00+00:00,2191.439547476342,1816.2250540700322,2022-06-08 00:00:00+00:00,0.03920390979522671,0.03314277404832802,target,minute interval; not exact exchange fill
177,1274405.0,1274465.0,-1.0,0.436,1774.0900000000001,1762.01,0.38675162,0.38411818,0.0,5.266880000000067,4.496010200000067,10119.053206727236,2.0,10114.557196527237,0.07647425635850642,1654304760.0,2022-06-04 00:05:00+00:00,2022-06-04 00:05:00+00:00,2022-06-04 01:05:00+00:00,2022-06-04 01:06:00+00:00,2003.4758184478708,1761.6531453617463,2022-06-09 00:00:00+00:00,0.0542180624870679,0.04495460996575779,target,minute interval; not exact exchange fill
178,1275845.0,1276416.0,-1.0,0.374,1802.1100000000001,1776.91,0.33699457,0.33228217,-0.03502006730731181,9.424800000000017,8.79054332730733,10127.843750054544,2.0,10119.053206727236,0.06660594882057998,1654421820.0,2022-06-05 00:05:00+00:00,2022-06-05 00:05:00+00:00,2022-06-05 09:36:00+00:00,2022-06-05 09:37:00+00:00,2069.4876826196746,1776.5529916587382,2022-06-10 00:00:00+00:00,0.0955839249217182,0.08790608966805735,target,minute interval; not exact exchange fill
179,1277285.0,1278754.0,-1.0,0.378,1806.67,1785.26,0.34146063000000004,0.33741414,-0.21023925653278802,8.092980000000031,7.624344486532819,10135.468094541076,2.0,10127.843750054544,0.06743007463916711,1654562100.0,2022-06-06 00:05:00+00:00,2022-06-06 00:05:00+00:00,2022-06-07 00:34:00+00:00,2022-06-07 00:35:00+00:00,2071.5969988633387,1784.8932874803274,2022-06-11 00:00:00+00:00,0.08219891748710006,0.07613502434967301,target,minute interval; not exact exchange fill
180,1280165.0,1280366.0,-1.0,0.587,1817.32,1784.01,0.53338342,0.523606935,0.0,19.552969999999966,18.495979644999966,10153.964074186077,2.0,10135.468094541076,0.10525087051229104,1654658820.0,2022-06-08 00:05:00+00:00,2022-06-08 00:05:00+00:00,2022-06-08 03:26:00+00:00,2022-06-08 03:27:00+00:00,1987.3233237778884,1783.6495383049912,2022-06-13 00:00:00+00:00,0.19805766703126124,0.18534540560611212,target,minute interval; not exact exchange fill
181,1281605.0,1281631.0,-1.0,0.494,1789.26,1778.21,0.44194722000000003,0.43921787,0.0,5.458699999999977,4.577534909999977,10158.541609096075,2.0,10153.964074186077,0.08704919906572069,1654734720.0,2022-06-09 00:05:00+00:00,2022-06-09 00:05:00+00:00,2022-06-09 00:31:00+00:00,2022-06-09 00:32:00+00:00,1991.8889608951424,1777.8477681502623,2022-06-14 00:00:00+00:00,0.056320832912149225,0.04573021032662311,target,minute interval; not exact exchange fill
182,1283045.0,1283053.0,-1.0,0.365,1791.23,1774.07,0.326899475,0.323767775,0.0,6.26340000000003,5.6127327500000295,10164.154341846075,2.0,10158.541609096075,0.06435952867629945,1654820040.0,2022-06-10 00:05:00+00:00,2022-06-10 00:05:00+00:00,2022-06-10 00:13:00+00:00,2022-06-10 00:14:00+00:00,2066.701535141694,1773.714057118012,2022-06-15 00:00:00+00:00,0.06358530972348299,0.05582192001104744,target,minute interval; not exact exchange fill
183,1284485.0,1284997.0,-1.0,0.544,1662.64,1652.1100000000001,0.4522380800000001,0.44937392000000004,0.16864392424583788,5.728319999999986,4.658064075754148,10168.812405921828,2.0,10164.154341846075,0.0889868580877653,1654936680.0,2022-06-11 00:05:00+00:00,2022-06-11 00:05:00+00:00,2022-06-11 08:37:00+00:00,2022-06-11 08:38:00+00:00,1847.113233206053,1651.7728066942846,2022-06-16 00:00:00+00:00,0.058909323140539864,0.04641658650146005,target,minute interval; not exact exchange fill
184,1285925.0,1286036.0,-1.0,0.487,1533.5,1511.16,0.37340724999999997,0.36796746,0.0,10.87957999999996,10.13820528999996,10178.950611211829,2.0,10168.812405921828,0.07344166360715741,1654999020.0,2022-06-12 00:05:00+00:00,2022-06-12 00:05:00+00:00,2022-06-12 01:56:00+00:00,2022-06-12 01:57:00+00:00,1739.766296805557,1510.8547085313292,2022-06-17 00:00:00+00:00,0.10978667780135745,0.10092618291210372,target,minute interval; not exact exchange fill
185,1287365.0,1287407.0,-1.0,0.47800000000000004,1430.76,1418.66,0.34195164,0.33905974000000005,0.0,5.783799999999957,5.1027886199999575,10184.053399831828,2.0,10178.950611211829,0.06718799472773743,1655081280.0,2022-06-13 00:05:00+00:00,2022-06-13 00:05:00+00:00,2022-06-13 00:47:00+00:00,2022-06-13 00:48:00+00:00,1641.5778609351576,1418.3714870279834,2022-06-18 00:00:00+00:00,0.05876405783202092,0.0506375026890315,target,minute interval; not exact exchange fill
186,1288805.0,1288805.0,-1.0,0.482,1204.8,1203.69,0.29035679999999997,0.29008929,0.0,0.5350199999999518,-0.045426090000048214,10184.007973741827,2.0,10184.053399831828,0.05702185340167103,1655165160.0,2022-06-14 00:05:00+00:00,2022-06-14 00:05:00+00:00,2022-06-14 00:05:00+00:00,2022-06-14 00:06:00+00:00,1414.0539363263183,1203.4450165530302,2022-06-19 00:00:00+00:00,0.006475306848501731,-0.00045038579275818677,target,minute interval; not exact exchange fill
187,1290245.0,1290455.0,-1.0,0.608,1203.1200000000001,1182.49,0.36574848000000004,0.35947696,0.0,12.543040000000065,11.817814560000064,10195.825788301827,2.0,10184.007973741827,0.07182800346249454,1655264160.0,2022-06-15 00:05:00+00:00,2022-06-15 00:05:00+00:00,2022-06-15 03:35:00+00:00,2022-06-15 03:36:00+00:00,1368.6979020118415,1182.2476594035434,2022-06-20 00:00:00+00:00,0.12605752544783455,0.11739003069751448,target,minute interval; not exact exchange fill
188,1291685.0,1291729.0,-1.0,0.533,1246.73,1223.96,0.33225354500000004,0.32618534000000005,0.0,12.13640999999999,11.47797111499999,10207.303759416825,2.0,10195.825788301827,0.06517442567157451,1655340600.0,2022-06-16 00:05:00+00:00,2022-06-16 00:05:00+00:00,2022-06-16 00:49:00+00:00,2022-06-16 00:50:00+00:00,1436.0129369733454,1223.7113346694407,2022-06-21 00:00:00+00:00,0.12160982758736874,0.11376965797520601,target,minute interval; not exact exchange fill
189,1293125.0,1293158.0,-1.0,0.36,1064.15,1054.38,0.191547,0.18978840000000002,0.0,3.517199999999993,3.1358645999999935,10210.439624016824,2.0,10207.303759416825,0.03753136078139868,1655426340.0,2022-06-17 00:05:00+00:00,2022-06-17 00:05:00+00:00,2022-06-17 00:38:00+00:00,2022-06-17 00:39:00+00:00,1345.410900667883,1054.1602906260052,2022-06-22 00:00:00+00:00,0.035517590074814046,0.03097030187742217,target,minute interval; not exact exchange fill
190,1294565.0,1294657.0,-1.0,0.606,1087.17,1076.44,0.32941251,0.32616132,0.0,6.502380000000011,5.846806170000011,10216.286430186825,2.0,10210.439624016824,0.06452464773899871,1655516280.0,2022-06-18 00:05:00+00:00,2022-06-18 00:05:00+00:00,2022-06-18 01:37:00+00:00,2022-06-18 01:38:00+00:00,1253.8481624431543,1076.2149399825762,2022-06-23 00:00:00+00:00,0.06572582668806487,0.05788517738963285,target,minute interval; not exact exchange fill
191,1296005.0,1296092.0,-1.0,0.558,995.0500000000001,974.48,0.27761895000000003,0.27187992000000005,0.0,11.47806000000003,10.928561130000029,10227.214991316825,2.0,10216.286430186825,0.054348309808483555,1655602380.0,2022-06-19 00:05:00+00:00,2022-06-19 00:05:00+00:00,2022-06-19 01:32:00+00:00,2022-06-19 01:33:00+00:00,1176.4249936088584,974.2751652721432,2022-06-24 00:00:00+00:00,0.11454078820070711,0.10798200242662069,target,minute interval; not exact exchange fill
192,1297445.0,1297453.0,-1.0,0.41000000000000003,1127.31,1109.71,0.23109855,0.22749055,0.0,7.215999999999963,6.757410899999964,10233.972402216825,2.0,10227.214991316825,0.0451928604602932,1655684040.0,2022-06-20 00:05:00+00:00,2022-06-20 00:05:00+00:00,2022-06-20 00:13:00+00:00,2022-06-20 00:14:00+00:00,1374.9947654293414,1109.4826815988824,2022-06-25 00:00:00+00:00,0.07197583739240197,0.06654220323737142,target,minute interval; not exact exchange fill
193,1298885.0,1298897.0,-1.0,0.443,1126.79,1121.92,0.24958398499999998,0.24850528000000002,0.0,2.1574099999999516,1.6593207349999517,10235.631722951824,2.0,10233.972402216825,0.04877558296833721,1655770680.0,2022-06-21 00:05:00+00:00,2022-06-21 00:05:00+00:00,2022-06-21 00:17:00+00:00,2022-06-21 00:18:00+00:00,1356.0916103894756,1121.6911113037513,2022-06-26 00:00:00+00:00,0.022236602209587782,0.016335013930507514,target,minute interval; not exact exchange fill
194,1300325.0,1300442.0,-1.0,0.561,1120.34,1097.48,0.31425537000000003,0.30784314000000007,0.0,12.824459999999945,12.202361489999946,10247.834084441825,2.0,10235.631722951824,0.061404196341947485,1655863380.0,2022-06-22 00:05:00+00:00,2022-06-22 00:05:00+00:00,2022-06-22 02:02:00+00:00,2022-06-22 02:03:00+00:00,1301.1629660526085,1097.2549545501008,2022-06-27 00:00:00+00:00,0.12766655670929958,0.12028942160849,target,minute interval; not exact exchange fill
195,1301765.0,1305939.0,-1.0,0.507,1052.56,1253.15,0.26682396,0.31767352500000007,-0.03778691180715868,-101.69913000000008,-102.24584057319292,10145.588243868635,1.0,10247.834084441825,0.05207421544911424,1656193200.0,2022-06-23 00:05:00+00:00,2022-06-23 00:05:00+00:00,2022-06-25 21:39:00+00:00,2022-06-25 21:40:00+00:00,1252.8911654385988,1036.563207597104,2022-06-28 00:00:00+00:00,0.07985174132977738,-1.006674743594847,stop,minute interval; not exact exchange fill
196,1306085.0,1306985.0,-1.0,0.355,1242.39,1212.92,0.22052422500000002,0.21529330000000002,-0.012464604900500002,10.461850000000009,10.038497079900509,10155.626740948535,2.0,10145.588243868635,0.04347194459291627,1656255960.0,2022-06-26 00:05:00+00:00,2022-06-26 00:05:00+00:00,2022-06-26 15:05:00+00:00,2022-06-26 15:06:00+00:00,1526.1280272580893,1212.6694926905454,2022-07-01 00:00:00+00:00,0.10474629571742518,0.09966043972448832,target,minute interval; not exact exchange fill
197,1307525.0,1308361.0,-1.0,0.34700000000000003,1198.29,1175.98,0.20790331500000003,0.20403253000000002,0.0184097440725,7.741569999999982,7.3112244109274815,10162.937965359462,2.0,10155.626740948535,0.04094347307226493,1656338520.0,2022-06-27 00:05:00+00:00,2022-06-27 00:05:00+00:00,2022-06-27 14:01:00+00:00,2022-06-27 14:02:00+00:00,1488.8582199154328,1175.737374012453,2022-07-02 00:00:00+00:00,0.07761559744596509,0.07251244127328212,target,minute interval; not exact exchange fill
198,1308965.0,1308998.0,-1.0,0.377,1191.55,1185.03,0.224607175,0.223378155,0.0,2.4580399999999933,2.0100546699999935,10164.948020029462,2.0,10162.937965359462,0.044201229165341194,1656376740.0,2022-06-28 00:05:00+00:00,2022-06-28 00:05:00+00:00,2022-06-28 00:38:00+00:00,2022-06-28 00:39:00+00:00,1458.955263829468,1184.7855707077397,2022-07-03 00:00:00+00:00,0.0252965450095782,0.01993868753234478,target,minute interval; not exact exchange fill
199,1310405.0,1311077.0,-1.0,0.499,1140.67,1112.07,0.28459716500000004,0.27746146499999996,-0.009741949056,14.271400000000067,13.719083319056068,10178.667103348518,2.0,10164.948020029462,0.05599579347365421,1656501480.0,2022-06-29 00:05:00+00:00,2022-06-29 00:05:00+00:00,2022-06-29 11:17:00+00:00,2022-06-29 11:18:00+00:00,1342.4544762653713,1111.8421265316013,2022-07-04 00:00:00+00:00,0.14286467424028518,0.13625008946596703,target,minute interval; not exact exchange fill
200,1311845.0,1311879.0,-1.0,0.375,1101.75,1090.95,0.206578125,0.20455312500000003,0.0,4.049999999999983,3.638868749999983,10182.305972098518,2.0,10178.667103348518,0.04059040793898076,1656549600.0,2022-06-30 00:05:00+00:00,2022-06-30 00:05:00+00:00,2022-06-30 00:39:00+00:00,2022-06-30 00:40:00+00:00,1371.181028412807,1090.7293237709262,2022-07-05 00:00:00+00:00,0.04090351543397066,0.03601533964801028,target,minute interval; not exact exchange fill
201,1314725.0,1314781.0,-1.0,0.53,1057.63,1048.58,0.28027195000000005,0.2778737,0.0,4.796500000000097,4.238354350000097,10186.544326448518,2.0,10182.305972098518,0.05505078137859916,1656723720.0,2022-07-02 00:05:00+00:00,2022-07-02 00:05:00+00:00,2022-07-02 01:01:00+00:00,2022-07-02 01:02:00+00:00,1248.0940974505988,1048.3633339356848,2022-07-07 00:00:00+00:00,0.048653085743463456,0.041986364396441496,target,minute interval; not exact exchange fill
202,1316165.0,1316455.0,-1.0,0.437,1066.31,1043.09,0.232988735,0.22791516499999998,0.0,10.147140000000013,9.686236100000013,10196.230562548517,2.0,10186.544326448518,0.04574441096674248,1656824160.0,2022-07-03 00:05:00+00:00,2022-07-03 00:05:00+00:00,2022-07-03 04:55:00+00:00,2022-07-03 04:56:00+00:00,1297.773999107681,1042.88082216789,2022-07-08 00:00:00+00:00,0.10122169288715267,0.09576132826465315,target,minute interval; not exact exchange fill
203,1317605.0,1317766.0,-1.0,0.47100000000000003,1069.24,1058.29,0.25180602,0.24922729500000002,0.0,5.157450000000022,4.656416685000022,10200.886979233517,2.0,10196.230562548517,0.04939198235177253,1656902820.0,2022-07-04 00:05:00+00:00,2022-07-04 00:05:00+00:00,2022-07-04 02:46:00+00:00,2022-07-04 02:47:00+00:00,1284.1592721075476,1058.0772792704377,2022-07-09 00:00:00+00:00,0.05193913333177688,0.045999760296288744,target,minute interval; not exact exchange fill
204,1319045.0,1319182.0,-1.0,0.465,1148.59,1144.6200000000001,0.26704717499999997,0.26612415000000006,0.0,1.8460499999999072,1.312878674999907,10202.199857908516,2.0,10200.886979233517,0.05235763822178247,1656987780.0,2022-07-05 00:05:00+00:00,2022-07-05 00:05:00+00:00,2022-07-05 02:22:00+00:00,2022-07-05 02:23:00+00:00,1365.9774088105567,1144.3894285127626,2022-07-10 00:00:00+00:00,0.019322975098792033,0.012987849735401468,target,minute interval; not exact exchange fill
205,1320485.0,1327680.0,-1.0,0.633,1136.88,1168.05,0.35982252000000003,0.36968782499999997,-0.7578912618472171,-19.730609999999903,-19.702229083152687,10182.49762882536,4.0,10202.199857908516,0.07053822215040685,1657497600.0,2022-07-06 00:05:00+00:00,2022-07-06 00:05:00+00:00,2022-07-11 00:00:00+00:00,2022-07-11 00:00:00+00:00,1296.2854617091034,1105.2362547955695,2022-07-11 00:00:00+00:00,0.1985110476463901,-0.19525782927790225,timeout,minute interval; not exact exchange fill
206,1329125.0,1329127.0,-1.0,0.6960000000000001,1094.91,1092.18,0.38102868000000006,0.3800786400000001,0.0,1.9000800000000129,1.1389726800000128,10183.63660150536,2.0,10182.49762882536,0.07483992511254924,1657584480.0,2022-07-12 00:05:00+00:00,2022-07-12 00:05:00+00:00,2022-07-12 00:07:00+00:00,2022-07-12 00:08:00+00:00,1239.5498747370675,1091.961309028334,2022-07-17 00:00:00+00:00,0.020386432005879203,0.011313996247402982,target,minute interval; not exact exchange fill
207,1330565.0,1331320.0,-1.0,0.988,1039.85,1026.9,0.5136858999999999,0.5072886000000001,0.20850795454935203,12.79459999999982,11.565117545450466,10195.201719050812,2.0,10183.63660150536,0.10088457004132809,1657716060.0,2022-07-13 00:05:00+00:00,2022-07-13 00:05:00+00:00,2022-07-13 12:40:00+00:00,2022-07-13 12:41:00+00:00,1141.3689045421518,1026.6937223772468,2022-07-18 00:00:00+00:00,0.12959436158307322,0.11530448060845888,target,minute interval; not exact exchange fill
208,1332005.0,1332022.0,-1.0,0.6920000000000001,1118.97,1109.42,0.38716362000000004,0.3838593200000001,0.0,6.608599999999969,5.837577059999969,10201.039296110812,2.0,10195.201719050812,0.07595016374743109,1657758180.0,2022-07-14 00:05:00+00:00,2022-07-14 00:05:00+00:00,2022-07-14 00:22:00+00:00,2022-07-14 00:23:00+00:00,1264.5640638273123,1109.1934754299914,2022-07-19 00:00:00+00:00,0.06714919765962761,0.057940583415581975,target,minute interval; not exact exchange fill
209,1333445.0,1333463.0,-1.0,0.507,1192.25,1184.17,0.302235375,0.300187095,0.0,4.096559999999963,3.494137529999963,10204.533433640812,2.0,10201.039296110812,0.0592558005565626,1657844640.0,2022-07-15 00:05:00+00:00,2022-07-15 00:05:00+00:00,2022-07-15 00:23:00+00:00,2022-07-15 00:24:00+00:00,1391.386176859543,1183.9300983012909,2022-07-20 00:00:00+00:00,0.04177996097905121,0.03460842780395912,target,minute interval; not exact exchange fill
210,1334885.0,1334913.0,-1.0,0.798,1231.5,1223.25,0.49136850000000004,0.48807675,0.0,6.583500000000001,5.60405475,10210.137488390814,2.0,10204.533433640812,0.09630396199793481,1657931640.0,2022-07-16 00:05:00+00:00,2022-07-16 00:05:00+00:00,2022-07-16 00:33:00+00:00,2022-07-16 00:34:00+00:00,1357.4891097537716,1223.0049188455434,2022-07-21 00:00:00+00:00,0.06742710676390228,0.055739936679644435,target,minute interval; not exact exchange fill
211,1336325.0,1336399.0,-1.0,0.56,1364.01,1335.89,0.38192280000000006,0.3740492,0.0,15.74719999999994,14.991227999999941,10225.128716390815,2.0,10210.137488390814,0.07481246955474517,1658020800.0,2022-07-17 00:05:00+00:00,2022-07-17 00:05:00+00:00,2022-07-17 01:19:00+00:00,2022-07-17 01:20:00+00:00,1544.364051403456,1335.6199691121828,2022-07-22 00:00:00+00:00,0.15741277041960108,0.14843054420837323,target,minute interval; not exact exchange fill
212,1337765.0,1339149.0,-1.0,0.517,1343.56,1539.43,0.34731026,0.39794265500000003,-0.05049169028371162,-101.26479000000006,-101.95955122471635,10123.169165166099,1.0,10225.128716390815,0.06793269202435837,1658185800.0,2022-07-18 00:05:00+00:00,2022-07-18 00:05:00+00:00,2022-07-18 23:09:00+00:00,2022-07-18 23:10:00+00:00,1539.118205873058,1322.8251733439972,2022-07-23 00:00:00+00:00,0.10602892659724152,-1.0084661560258998,stop,minute interval; not exact exchange fill
213,1340645.0,1340678.0,-1.0,0.41500000000000004,1534.45,1519.94,0.31839837500000007,0.31538755,0.0,6.021649999999997,5.387864074999997,10128.557029241098,2.0,10123.169165166099,0.06290488083427694,1658277540.0,2022-07-20 00:05:00+00:00,2022-07-20 00:05:00+00:00,2022-07-20 00:38:00+00:00,2022-07-20 00:39:00+00:00,1776.0672710543438,1519.6261924785113,2022-07-25 00:00:00+00:00,0.06135243336207811,0.05373293450152387,target,minute interval; not exact exchange fill
214,1342085.0,1342244.0,-1.0,0.342,1527.53,1512.46,0.26120763,0.25863066,0.0,5.153939999999978,4.634101709999978,10133.191130951098,2.0,10128.557029241098,0.05157844878513193,1658371500.0,2022-07-21 00:05:00+00:00,2022-07-21 00:05:00+00:00,2022-07-21 02:44:00+00:00,2022-07-21 02:45:00+00:00,1821.5214258851772,1512.1510702417133,2022-07-26 00:00:00+00:00,0.05231081046660559,0.04608979652791675,target,minute interval; not exact exchange fill
215,1343525.0,1343728.0,-1.0,0.265,1569.77,1559.65,0.207994525,0.20665362500000004,0.0,2.681799999999971,2.267151849999971,10135.458282801097,2.0,10133.191130951098,0.041052127076671004,1658460540.0,2022-07-22 00:05:00+00:00,2022-07-22 00:05:00+00:00,2022-07-22 03:28:00+00:00,2022-07-22 03:29:00+00:00,1948.7453023541407,1559.3364246049437,2022-07-27 00:00:00+00:00,0.027531016745008016,0.022574795631418842,target,minute interval; not exact exchange fill
216,1344965.0,1345662.0,-1.0,0.422,1532.58,1522.14,0.32337437999999996,0.32117154,-0.043554805258,4.4056799999999265,3.804688885257927,10139.262971686356,2.0,10135.458282801097,0.06381050979189276,1658576580.0,2022-07-23 00:05:00+00:00,2022-07-23 00:05:00+00:00,2022-07-23 11:42:00+00:00,2022-07-23 11:43:00+00:00,1770.262928144212,1521.8312064315542,2022-07-28 00:00:00+00:00,0.04522324616399887,0.03793225920512699,target,minute interval; not exact exchange fill
217,1346405.0,1347991.0,-1.0,0.369,1567.8600000000001,1520.8,0.28927017,0.2805876,-0.17768752200000001,17.365140000000064,16.972969752000065,10156.235941438354,2.0,10139.262971686356,0.05705940773166253,1658716320.0,2022-07-24 00:05:00+00:00,2022-07-24 00:05:00+00:00,2022-07-25 02:31:00+00:00,2022-07-25 02:32:00+00:00,1839.9999453670373,1520.488514948866,2022-07-29 00:00:00+00:00,0.17407031146142074,0.16902042049712107,target,minute interval; not exact exchange fill
218,1349285.0,1349295.0,-1.0,0.359,1442.1200000000001,1433.43,0.25886054000000003,0.257300685,0.0,3.1197100000000195,2.6035487750000192,10158.839490213353,2.0,10156.235941438354,0.05097568459271919,1658794560.0,2022-07-26 00:05:00+00:00,2022-07-26 00:05:00+00:00,2022-07-26 00:15:00+00:00,2022-07-26 00:16:00+00:00,1722.7327716687382,1433.1358293737178,2022-07-31 00:00:00+00:00,0.03201625703939123,0.02584424421195364,target,minute interval; not exact exchange fill
219,1350725.0,1350871.0,-1.0,0.419,1446.72,1426.59,0.30308784,0.29887060499999996,0.0,8.434470000000045,7.832511555000045,10166.672001768353,2.0,10158.839490213353,0.05966977631489965,1658889120.0,2022-07-27 00:05:00+00:00,2022-07-27 00:05:00+00:00,2022-07-27 02:31:00+00:00,2022-07-27 02:32:00+00:00,1686.5855615453947,1426.3003590955336,2022-08-01 00:00:00+00:00,0.08512952327506997,0.0779325922386002,target,minute interval; not exact exchange fill
220,1352165.0,1352170.0,-1.0,0.261,1631.1200000000001,1624.28,0.21286116000000002,0.21196853999999998,0.0,1.7852400000000381,1.360410300000038,10168.032412068353,2.0,10166.672001768353,0.04187430458324528,1658967060.0,2022-07-28 00:05:00+00:00,2022-07-28 00:05:00+00:00,2022-07-28 00:10:00+00:00,2022-07-28 00:11:00+00:00,2017.26906827583,1623.9459002459644,2022-08-02 00:00:00+00:00,0.01857857584913613,0.013498155060358584,target,minute interval; not exact exchange fill
221,1353605.0,1353618.0,-1.0,0.20700000000000002,1724.47,1703.5900000000001,0.17848264500000002,0.176321565,0.0,4.322159999999976,3.9673557899999765,10171.999767858353,2.0,10168.032412068353,0.03510662393014414,1659053940.0,2022-07-29 00:05:00+00:00,2022-07-29 00:05:00+00:00,2022-07-29 00:18:00+00:00,2022-07-29 00:19:00+00:00,2211.8767034870375,1703.2478016466914,2022-08-03 00:00:00+00:00,0.04354104734604459,0.039322335665228705,target,minute interval; not exact exchange fill
222,1355045.0,1355148.0,-1.0,0.329,1724.05,1705.75,0.283606225,0.28059587500000005,0.0,6.0206999999999855,5.456497899999985,10177.456265758352,2.0,10171.999767858353,0.055762137528973105,1659145740.0,2022-07-30 00:05:00+00:00,2022-07-30 00:05:00+00:00,2022-07-30 01:48:00+00:00,2022-07-30 01:49:00+00:00,2030.7952753785394,1705.4056249489222,2022-08-04 00:00:00+00:00,0.06078129492970884,0.054067988429595495,target,minute interval; not exact exchange fill
223,1356485.0,1358567.0,-1.0,0.29,1686.66,1662.72,0.2445657,0.2410944,-0.17353131890671858,6.942600000000016,6.6304712189067345,10184.086736977257,2.0,10177.456265758352,0.048060280214189,1659350880.0,2022-07-31 00:05:00+00:00,2022-07-31 00:05:00+00:00,2022-08-01 10:47:00+00:00,2022-08-01 10:48:00+00:00,2034.5266361611434,1662.385675355842,2022-08-05 00:00:00+00:00,0.06978054840796329,0.065725457636897,target,minute interval; not exact exchange fill
224,1359365.0,1359457.0,-1.0,0.322,1631.74,1621.65,0.26271014000000004,0.26108565000000006,0.0,3.2489799999999738,2.7251842099999735,10186.811921187258,2.0,10184.086736977257,0.0515922825060257,1659404280.0,2022-08-02 00:05:00+00:00,2022-08-02 00:05:00+00:00,2022-08-02 01:37:00+00:00,2022-08-02 01:38:00+00:00,1945.2283078037894,1621.3173332922831,2022-08-07 00:00:00+00:00,0.03324738578205717,0.026997195076561044,target,minute interval; not exact exchange fill
225,1360805.0,1360825.0,-1.0,0.326,1629.78,1605.97,0.26565414,0.26177311000000003,0.0,7.762059999999982,7.2346327499999825,10194.046553937258,2.0,10186.811921187258,0.052156482725959345,1659486360.0,2022-08-03 00:05:00+00:00,2022-08-03 00:05:00+00:00,2022-08-03 00:25:00+00:00,2022-08-03 00:26:00+00:00,1939.3480899373867,1605.647460914218,2022-08-08 00:00:00+00:00,0.07795551243884002,0.07168737903344148,target,minute interval; not exact exchange fill
226,1362245.0,1362921.0,-1.0,0.302,1619.39,1607.44,0.24452789000000003,0.24272344,-0.0378036126104,3.6089000000000135,3.159452282610413,10197.20600621987,2.0,10194.046553937258,0.047974646516707485,1659612120.0,2022-08-04 00:05:00+00:00,2022-08-04 00:05:00+00:00,2022-08-04 11:21:00+00:00,2022-08-04 11:22:00+00:00,1954.0294932566112,1607.1137362141988,2022-08-09 00:00:00+00:00,0.03668504176339867,0.031262784985087416,target,minute interval; not exact exchange fill
227,1363685.0,1370880.0,-1.0,0.251,1608.46,1702.39,0.20186173,0.213649945,-0.229632809289443,-23.576430000000016,-23.762308865710576,10173.443697354161,4.0,10197.20600621987,0.03959157633510057,1660089600.0,2022-08-05 00:05:00+00:00,2022-08-05 00:05:00+00:00,2022-08-10 00:00:00+00:00,2022-08-10 00:00:00+00:00,2012.1467742105508,1589.9012238610148,2022-08-10 00:00:00+00:00,0.04597320825107216,-0.23451487464502774,timeout,minute interval; not exact exchange fill
228,1372325.0,1379520.0,-1.0,0.312,1852.03,1898.93,0.28891668,0.29623308000000004,-0.206034067009377,-14.632800000000028,-15.011915692990652,10158.431781661171,4.0,10173.443697354161,0.05679820689923107,1660608000.0,2022-08-11 00:05:00+00:00,2022-08-11 00:05:00+00:00,2022-08-16 00:00:00+00:00,2022-08-16 00:00:00+00:00,2175.199546853369,1843.2797473751875,2022-08-16 00:00:00+00:00,0.02707635267620892,-0.14888505080103417,timeout,minute interval; not exact exchange fill
229,1380965.0,1381697.0,-1.0,0.457,1875.0,1859.54,0.4284375,0.42490489000000004,-0.057221113287257104,7.065220000000017,6.269098723287274,10164.700880384458,2.0,10158.431781661171,0.08435111033052371,1660738680.0,2022-08-17 00:05:00+00:00,2022-08-17 00:05:00+00:00,2022-08-17 12:17:00+00:00,2022-08-17 12:18:00+00:00,2094.1877922744634,1859.1614959621838,2022-08-22 00:00:00+00:00,0.07225997339296819,0.06258533000944465,target,minute interval; not exact exchange fill
230,1382405.0,1382424.0,-1.0,0.47400000000000003,1835.02,1829.8600000000001,0.43489974000000003,0.4336768200000001,0.0,2.445839999999931,1.577263439999931,10166.278143824458,2.0,10164.700880384458,0.08557059280303206,1660782300.0,2022-08-18 00:05:00+00:00,2022-08-18 00:05:00+00:00,2022-08-18 00:24:00+00:00,2022-08-18 00:25:00+00:00,2046.7462489792313,1829.4939975416892,2022-08-23 00:00:00+00:00,0.026099751376849223,0.015716331895750262,target,minute interval; not exact exchange fill
231,1383845.0,1383845.0,-1.0,0.382,1839.82,1838.92,0.35140562000000003,0.35123372,0.0,0.34379999999994787,-0.3588393400000522,10165.919304484458,2.0,10166.278143824458,0.06913161631594009,1660867560.0,2022-08-19 00:05:00+00:00,2022-08-19 00:05:00+00:00,2022-08-19 00:05:00+00:00,2022-08-19 00:06:00+00:00,2103.2780836103298,1838.5498108151348,2022-08-24 00:00:00+00:00,0.004821219252257936,-0.003565538726796179,target,minute interval; not exact exchange fill
232,1385285.0,1386405.0,-1.0,0.519,1614.58,1597.71,0.41898351,0.414605745,0.02358173574203818,8.755529999999943,7.898359009257905,10173.817663493715,2.0,10165.919304484458,0.08242904501812742,1661021160.0,2022-08-20 00:05:00+00:00,2022-08-20 00:05:00+00:00,2022-08-20 18:45:00+00:00,2022-08-20 18:46:00+00:00,1807.888003703711,1597.3862798107377,2022-08-25 00:00:00+00:00,0.08894468857903842,0.07872627019063863,target,minute interval; not exact exchange fill
233,1386725.0,1388638.0,-1.0,0.453,1573.54,1552.3500000000001,0.35640681,0.351607275,0.0703422664089,9.599069999999921,8.820713648591022,10182.638377142304,2.0,10173.817663493715,0.07006353402201804,1661155140.0,2022-08-21 00:05:00+00:00,2022-08-21 00:05:00+00:00,2022-08-22 07:58:00+00:00,2022-08-22 07:59:00+00:00,1795.4374387340301,1552.0379780141095,2022-08-26 00:00:00+00:00,0.09690072183150847,0.08775123394749502,target,minute interval; not exact exchange fill
234,1389605.0,1389605.0,-1.0,0.417,1618.43,1618.1200000000001,0.33744265500000004,0.33737802,0.0,0.12926999999997724,-0.5455506750000227,10182.092826467304,2.0,10182.638377142304,0.06627803963999775,1661213160.0,2022-08-23 00:05:00+00:00,2022-08-23 00:05:00+00:00,2022-08-23 00:05:00+00:00,2022-08-23 00:06:00+00:00,1860.2530702944573,1617.7935265090707,2022-08-28 00:00:00+00:00,0.002631980026365317,-0.005410050407543937,target,minute interval; not exact exchange fill
235,1391045.0,1391075.0,-1.0,0.38,1660.22,1645.02,0.3154418,0.31255380000000005,0.0,5.776000000000018,5.148004400000017,10187.240830867304,2.0,10182.092826467304,0.06196011082909035,1661301360.0,2022-08-24 00:05:00+00:00,2022-08-24 00:05:00+00:00,2022-08-24 00:35:00+00:00,2022-08-24 00:36:00+00:00,1925.5624012399144,1644.6901360556333,2022-08-29 00:00:00+00:00,0.05852763776839847,0.05105621995088122,target,minute interval; not exact exchange fill
236,1392485.0,1394344.0,-1.0,0.401,1657.71,1651.04,0.332370855,0.33103352,-0.03689119668301628,2.674670000000029,2.0481568216830452,10189.288987688986,2.0,10187.240830867304,0.06525238001499238,1661497500.0,2022-08-25 00:05:00+00:00,2022-08-25 00:05:00+00:00,2022-08-26 07:04:00+00:00,2022-08-26 07:05:00+00:00,1909.3676476727287,1650.7034440859059,2022-08-30 00:00:00+00:00,0.02784161728796711,0.020295918061501137,target,minute interval; not exact exchange fill
237,1395365.0,1395367.0,-1.0,0.482,1502.59,1496.42,0.36212418999999996,0.36063722000000004,0.0,2.973939999999925,2.2511785899999253,10191.540166278986,2.0,10189.288987688986,0.07107938354433359,1661558880.0,2022-08-27 00:05:00+00:00,2022-08-27 00:05:00+00:00,2022-08-27 00:07:00+00:00,2022-08-27 00:08:00+00:00,1711.7467944108894,1496.119171290203,2022-09-01 00:00:00+00:00,0.030937693073861905,0.022330113698456465,target,minute interval; not exact exchange fill
238,1396805.0,1397578.0,-1.0,0.44,1487.72,1466.8600000000001,0.32729840000000004,0.32270920000000003,0.17692663296,9.178399999999955,8.351465767039954,10199.891632046027,2.0,10191.540166278986,0.06422942845929033,1661691540.0,2022-08-28 00:05:00+00:00,2022-08-28 00:05:00+00:00,2022-08-28 12:58:00+00:00,2022-08-28 12:59:00+00:00,1717.2164167511569,1466.5567190185213,2022-09-02 00:00:00+00:00,0.0922161717427861,0.0827054482361726,target,minute interval; not exact exchange fill
239,1398245.0,1405440.0,-1.0,0.399,1429.3500000000001,1574.81,0.28515532500000007,0.314174595,0.3858350256864463,-58.03853999999993,-59.02370494568637,10140.867927100344,4.0,10199.891632046027,0.05591340286481061,1662163200.0,2022-08-29 00:05:00+00:00,2022-08-29 00:05:00+00:00,2022-09-03 00:00:00+00:00,2022-09-03 00:00:00+00:00,1682.67471350044,1417.7495163627866,2022-09-03 00:00:00+00:00,0.04579294091333645,-0.5839504682856429,timeout,minute interval; not exact exchange fill
240,1406885.0,1411220.0,-1.0,0.442,1553.7,1533.5,0.3433677,0.3389035,0.5428738695119608,8.92840000000002,7.7032549304880575,10148.571182030833,2.0,10140.867927100344,0.06771958819863691,1662510060.0,2022-09-04 00:05:00+00:00,2022-09-04 00:05:00+00:00,2022-09-07 00:20:00+00:00,2022-09-07 00:21:00+00:00,1780.5742360513766,1533.1846797630187,2022-09-09 00:00:00+00:00,0.09042595842542275,0.07681867663377237,target,minute interval; not exact exchange fill
241,1412645.0,1412671.0,-1.0,0.378,1632.63,1624.39,0.30856707,0.30700971000000005,0.0,3.1147200000000033,2.499143220000003,10151.070325250834,2.0,10148.571182030833,0.06080995333537239,1662597120.0,2022-09-08 00:05:00+00:00,2022-09-08 00:05:00+00:00,2022-09-08 00:31:00+00:00,2022-09-08 00:32:00+00:00,1898.5996346299592,1624.0645021718883,2022-09-13 00:00:00+00:00,0.032204796009999016,0.024858063249207037,target,minute interval; not exact exchange fill
242,1414085.0,1420614.0,-1.0,0.385,1631.58,1627.04,0.31407915,0.3132052,1.9701160835260847,1.747899999999986,-0.8495004335260987,10150.220824817305,2.0,10151.070325250834,0.06188099184353529,1663073700.0,2022-09-09 00:05:00+00:00,2022-09-09 00:05:00+00:00,2022-09-13 12:54:00+00:00,2022-09-13 12:55:00+00:00,1892.8771404441723,1626.7099563707447,2022-09-14 00:00:00+00:00,0.0186379522599318,-0.008444388747555973,target,minute interval; not exact exchange fill
243,1421285.0,1421299.0,-1.0,0.405,1564.8400000000001,1556.81,0.31688010000000005,0.315254025,0.0,3.252150000000081,2.620015875000081,10152.840840692306,2.0,10150.220824817305,0.06243807016005558,1663114800.0,2022-09-14 00:05:00+00:00,2022-09-14 00:05:00+00:00,2022-09-14 00:19:00+00:00,2022-09-14 00:20:00+00:00,1813.0439575559653,1556.4949525503662,2022-09-19 00:00:00+00:00,0.033621734044076715,0.026063947826220804,target,minute interval; not exact exchange fill
244,1424165.0,1424167.0,-1.0,0.521,1469.72,1464.57,0.38286206000000006,0.381520485,0.0,2.6831500000000474,1.9187674550000475,10154.759608147306,2.0,10152.840840692306,0.07541969110074088,1663286880.0,2022-09-16 00:05:00+00:00,2022-09-16 00:05:00+00:00,2022-09-16 00:07:00+00:00,2022-09-16 00:08:00+00:00,1662.1586145887754,1464.2720699764013,2022-09-21 00:00:00+00:00,0.02830996281718435,0.01913781705334988,target,minute interval; not exact exchange fill
245,1425605.0,1426232.0,-1.0,0.674,1433.25,1424.38,0.48300525000000005,0.48001606000000013,-0.07636634656397319,5.978379999999927,5.0917250365639,10159.85133318387,2.0,10154.759608147306,0.09512883980286016,1663410780.0,2022-09-17 00:05:00+00:00,2022-09-17 00:05:00+00:00,2022-09-17 10:32:00+00:00,2022-09-17 10:33:00+00:00,1581.8770064360351,1424.0857484629144,2022-09-22 00:00:00+00:00,0.061659396611945375,0.05082850261176555,target,minute interval; not exact exchange fill
246,1427045.0,1427231.0,-1.0,0.487,1457.7,1447.82,0.35494995,0.35254416999999993,0.0,4.811560000000053,4.104065880000054,10163.955399063869,2.0,10159.85133318387,0.06987305982335996,1663470720.0,2022-09-18 00:05:00+00:00,2022-09-18 00:05:00+00:00,2022-09-18 03:11:00+00:00,2022-09-18 03:12:00+00:00,1664.187806529799,1447.5241498328744,2022-09-23 00:00:00+00:00,0.04928063471707776,0.040812288830158826,target,minute interval; not exact exchange fill
247,1428485.0,1428615.0,-1.0,0.513,1336.94,1329.7,0.34292511000000003,0.34106805,0.0,3.7141200000000048,3.0301268400000048,10166.985525903869,2.0,10163.955399063869,0.06747867272845066,1663553760.0,2022-09-19 00:05:00+00:00,2022-09-19 00:05:00+00:00,2022-09-19 02:15:00+00:00,2022-09-19 02:16:00+00:00,1533.0034049314484,1329.430342703425,2022-09-24 00:00:00+00:00,0.03830218749491177,0.03012637673035018,target,minute interval; not exact exchange fill
248,1429925.0,1429933.0,-1.0,0.52,1378.45,1370.13,0.3583970000000001,0.35623380000000004,0.0,4.326399999999967,3.6117691999999666,10170.59729510387,2.0,10166.985525903869,0.07050211669660811,1663632840.0,2022-09-20 00:05:00+00:00,2022-09-20 00:05:00+00:00,2022-09-20 00:13:00+00:00,2022-09-20 00:14:00+00:00,1572.0034280051473,1369.8535198385455,2022-09-25 00:00:00+00:00,0.044413990752082966,0.03588523371342835,target,minute interval; not exact exchange fill
249,1431365.0,1432440.0,-1.0,0.503,1326.07,1309.31,0.333506605,0.32929146499999995,0.06699151185841974,8.430279999999996,7.700490418141577,10178.297785522009,2.0,10170.59729510387,0.06558250126775744,1663783260.0,2022-09-21 00:05:00+00:00,2022-09-21 00:05:00+00:00,2022-09-21 18:00:00+00:00,2022-09-21 18:01:00+00:00,1526.3129783022719,1309.0395480525742,2022-09-26 00:00:00+00:00,0.08504893450854398,0.07645274860372286,target,minute interval; not exact exchange fill
250,1432805.0,1432818.0,-1.0,0.616,1246.14,1240.67,0.38381112,0.38212636000000005,0.0,3.369520000000017,2.603582520000017,10180.901368042008,2.0,10178.297785522009,0.07541754585839437,1663805940.0,2022-09-22 00:05:00+00:00,2022-09-22 00:05:00+00:00,2022-09-22 00:18:00+00:00,2022-09-22 00:19:00+00:00,1409.350476841096,1240.4120323698476,2022-09-27 00:00:00+00:00,0.0350955878630841,0.025896591210349214,target,minute interval; not exact exchange fill
251,1434245.0,1434333.0,-1.0,0.527,1325.84,1318.3500000000001,0.34935884,0.3473852250000001,0.0,3.947229999999885,3.2504859349998854,10184.15185397701,2.0,10180.901368042008,0.06863023761268178,1663896840.0,2022-09-23 00:05:00+00:00,2022-09-23 00:05:00+00:00,2022-09-23 01:33:00+00:00,2022-09-23 01:34:00+00:00,1517.1312665298635,1318.0792636752035,2022-09-28 00:00:00+00:00,0.040570259508344315,0.032243526387216816,target,minute interval; not exact exchange fill
252,1435685.0,1435699.0,-1.0,0.662,1326.94,1317.2,0.43921714000000006,0.4359932000000001,0.0,6.447880000000007,5.572669660000006,10189.72452363701,2.0,10184.15185397701,0.08625502571006569,1663978800.0,2022-09-24 00:05:00+00:00,2022-09-24 00:05:00+00:00,2022-09-24 00:19:00+00:00,2022-09-24 00:20:00+00:00,1478.77837749314,1316.931984878089,2022-09-29 00:00:00+00:00,0.0659122896802768,0.05544006817631026,target,minute interval; not exact exchange fill
253,1437125.0,1438141.0,-1.0,0.517,1318.88,1296.02,0.34093048000000004,0.33502117,0.026517499045971955,11.818620000000067,11.116150850954094,10200.840674487965,2.0,10189.72452363701,0.06691652540932716,1664125320.0,2022-09-25 00:05:00+00:00,2022-09-25 00:05:00+00:00,2022-09-25 17:01:00+00:00,2022-09-25 17:02:00+00:00,1514.0048517645712,1295.75810606713,2022-09-30 00:00:00+00:00,0.11849794489923776,0.11019231381799277,target,minute interval; not exact exchange fill
254,1438565.0,1438566.0,-1.0,0.47400000000000003,1292.56,1289.78,0.30633672,0.30567786,0.0,1.3177199999999871,0.705705419999987,10201.546379907966,2.0,10200.840674487965,0.06006107335175622,1664150820.0,2022-09-26 00:05:00+00:00,2022-09-26 00:05:00+00:00,2022-09-26 00:06:00+00:00,2022-09-26 00:07:00+00:00,1505.4899434261886,1289.5199617752721,2022-10-01 00:00:00+00:00,0.014277175749974502,0.0069921119408744405,target,minute interval; not exact exchange fill
255,1440005.0,1441012.0,-1.0,0.48,1332.43,1320.21,0.31978320000000005,0.3168504,-0.020320528944,5.865600000000013,5.249286928944013,10206.79566683691,2.0,10201.546379907966,0.06269308359560385,1664297580.0,2022-09-27 00:05:00+00:00,2022-09-27 00:05:00+00:00,2022-09-27 16:52:00+00:00,2022-09-27 16:53:00+00:00,1543.06166387392,1319.9437515501234,2022-10-02 00:00:00+00:00,0.05928001621518187,0.051920087579264036,target,minute interval; not exact exchange fill
256,1441445.0,1441529.0,-1.0,0.47700000000000004,1329.51,1313.82,0.31708813500000005,0.31334607,0.0,7.484130000000026,6.853695795000027,10213.64936263191,2.0,10206.79566683691,0.0621327486804222,1664328600.0,2022-09-28 00:05:00+00:00,2022-09-28 00:05:00+00:00,2022-09-28 01:29:00+00:00,2022-09-28 01:30:00+00:00,1541.5391750386323,1313.5489500258034,2022-10-03 00:00:00+00:00,0.07527761201395264,0.06776583928783436,target,minute interval; not exact exchange fill
257,1442885.0,1442925.0,-1.0,0.5680000000000001,1340.51,1332.55,0.38070484000000004,0.3784442,0.0,4.521280000000021,3.7621309600000212,10217.41149359191,2.0,10213.64936263191,0.07454824940297303,1664412360.0,2022-09-29 00:05:00+00:00,2022-09-29 00:05:00+00:00,2022-09-29 00:45:00+00:00,2022-09-29 00:46:00+00:00,1518.2940099445366,1332.2763376467244,2022-10-04 00:00:00+00:00,0.0463127272010809,0.0372557127160444,target,minute interval; not exact exchange fill
258,1444325.0,1444360.0,-1.0,0.5720000000000001,1335.31,1327.95,0.38189866,0.37979370000000007,0.0,4.2099199999999435,3.4482276399999434,10220.85972123191,2.0,10217.41149359191,0.07475448360663887,1664498460.0,2022-09-30 00:05:00+00:00,2022-09-30 00:05:00+00:00,2022-09-30 00:40:00+00:00,2022-09-30 00:41:00+00:00,1511.9325263687058,1327.6808813251685,2022-10-05 00:00:00+00:00,0.0431944827858788,0.03413137680646387,target,minute interval; not exact exchange fill
259,1445765.0,1446449.0,-1.0,0.753,1328.21,1319.31,0.5000710650000001,0.496720215,-0.068583493727065,6.701700000000068,5.773492213727133,10226.633213445635,2.0,10220.85972123191,0.0978530336271413,1664623800.0,2022-10-01 00:05:00+00:00,2022-10-01 00:05:00+00:00,2022-10-01 11:29:00+00:00,2022-10-01 11:30:00+00:00,1461.961882911979,1319.043810766773,2022-10-06 00:00:00+00:00,0.06853129117635809,0.05732495251674941,target,minute interval; not exact exchange fill
260,1447205.0,1447815.0,-1.0,0.5670000000000001,1309.83,1293.15,0.37133680500000005,0.36660802500000006,-0.032658453913948414,9.457559999999908,8.752273623913856,10235.38548706955,2.0,10226.633213445635,0.07262151624090299,1664705760.0,2022-10-02 00:05:00+00:00,2022-10-02 00:05:00+00:00,2022-10-02 10:15:00+00:00,2022-10-02 10:16:00+00:00,1488.3001918000396,1292.889563749473,2022-10-07 00:00:00+00:00,0.09492025575625139,0.08649124275860162,target,minute interval; not exact exchange fill
261,1450085.0,1457142.0,-1.0,0.6,1321.68,1309.73,0.396504,0.392919,-0.37734622407492263,7.1700000000000275,6.75792322407495,10242.143410293625,2.0,10235.38548706955,0.0774771014732971,1665265380.0,2022-10-04 00:05:00+00:00,2022-10-04 00:05:00+00:00,2022-10-08 21:42:00+00:00,2022-10-08 21:43:00+00:00,1490.3970270742234,1309.4642832176612,2022-10-09 00:00:00+00:00,0.07240358009014007,0.06675796491188321,target,minute interval; not exact exchange fill
262,1457285.0,1459226.0,-1.0,0.928,1314.04,1303.49,0.60971456,0.6048193600000001,-0.05093084052845241,9.79039999999996,8.626796920528411,10250.770207214155,2.0,10242.143410293625,0.11905995367868423,1665390420.0,2022-10-09 00:05:00+00:00,2022-10-09 00:05:00+00:00,2022-10-10 08:26:00+00:00,2022-10-10 08:27:00+00:00,1422.4767572773114,1303.22030302401,2022-10-14 00:00:00+00:00,0.099778868786348,0.0857284707203626,target,minute interval; not exact exchange fill
263,1460165.0,1460168.0,-1.0,1.068,1282.53,1278.02,0.6848710200000001,0.68246268,0.0,4.816679999999991,3.449346299999991,10254.219553514155,2.0,10250.770207214155,0.1336233290095627,1665446940.0,2022-10-11 00:05:00+00:00,2022-10-11 00:05:00+00:00,2022-10-11 00:08:00+00:00,2022-10-11 00:09:00+00:00,1376.6357538515551,1277.763080199039,2022-10-16 00:00:00+00:00,0.050654923911246055,0.03432016500388109,target,minute interval; not exact exchange fill
264,1461605.0,1463500.0,-1.0,1.12,1278.8,1271.78,0.7161280000000001,0.7121968000000001,0.27666354814613425,7.8623999999999805,6.157411651853846,10260.376965166008,2.0,10254.219553514155,0.13967479363255503,1665646860.0,2022-10-12 00:05:00+00:00,2022-10-12 00:05:00+00:00,2022-10-13 07:40:00+00:00,2022-10-13 07:41:00+00:00,1368.540225018482,1271.524155837542,2022-10-17 00:00:00+00:00,0.08107673187758975,0.06126225974736804,target,minute interval; not exact exchange fill
265,1464485.0,1464490.0,-1.0,1.939,1285.2,1284.07,1.2460014000000001,1.244905865,0.0,2.1910700000002117,-0.29983726499978847,10260.077127901008,2.0,10260.376965166008,0.24287633957897967,1665706260.0,2022-10-14 00:05:00+00:00,2022-10-14 00:05:00+00:00,2022-10-14 00:10:00+00:00,2022-10-14 00:11:00+00:00,1336.2762012468695,1283.8115105320708,2022-10-19 00:00:00+00:00,0.027184665931168448,-0.003027535255656248,target,minute interval; not exact exchange fill
266,1465925.0,1466427.0,-1.0,2.5220000000000002,1296.46,1288.3600000000001,1.6348360600000003,1.6246219600000005,0.017887397985600004,20.428199999999773,17.150854582014173,10277.227982483022,2.0,10260.077127901008,0.31867909755849033,1665822480.0,2022-10-15 00:05:00+00:00,2022-10-15 00:05:00+00:00,2022-10-15 08:27:00+00:00,2022-10-15 08:28:00+00:00,1335.300219920053,1288.0992277671364,2022-10-20 00:00:00+00:00,0.21526068209894444,0.17508905637500924,target,minute interval; not exact exchange fill
267,1467365.0,1469617.0,-1.0,1.808,1277.27,1332.57,1.1546520800000002,1.20464328,-0.08740507231121142,-99.98239999999993,-102.25429028768872,10174.973692195334,1.0,10277.227982483022,0.224701073473906,1666013880.0,2022-10-16 00:05:00+00:00,2022-10-16 00:05:00+00:00,2022-10-17 13:37:00+00:00,2022-10-17 13:38:00+00:00,1332.297875285274,1266.2283997229229,2022-10-21 00:00:00+00:00,0.20065467219723782,-1.0277804874957377,stop,minute interval; not exact exchange fill
268,1470245.0,1470761.0,-1.0,1.671,1329.79,1322.91,1.1110395450000001,1.1052913050000002,-0.12990854377986114,11.496479999999803,9.410057693779663,10184.383749889113,2.0,10174.973692195334,0.21838671599754952,1666082520.0,2022-10-18 00:05:00+00:00,2022-10-18 00:05:00+00:00,2022-10-18 08:41:00+00:00,2022-10-18 08:42:00+00:00,1388.7901307627378,1322.636359889373,2022-10-23 00:00:00+00:00,0.12124786874447102,0.09544712734838054,target,minute interval; not exact exchange fill
269,1471685.0,1471729.0,-1.0,1.421,1310.64,1303.67,0.9312097200000001,0.9262575350000001,0.0,9.90437000000004,8.04690274500004,10192.430652634113,2.0,10184.383749889113,0.1828701162228179,1666140600.0,2022-10-19 00:05:00+00:00,2022-10-19 00:05:00+00:00,2022-10-19 00:49:00+00:00,2022-10-19 00:50:00+00:00,1380.4230045113388,1303.4071182176303,2022-10-24 00:00:00+00:00,0.10364818529982497,0.08114934344909006,target,minute interval; not exact exchange fill
270,1474565.0,1474583.0,-1.0,1.8820000000000001,1281.55,1279.8,1.2059385500000002,1.2042918,0.0,3.2935000000000003,0.8832696499999999,10193.313922284113,2.0,10192.430652634113,0.2366341437286776,1666311840.0,2022-10-21 00:05:00+00:00,2022-10-21 00:05:00+00:00,2022-10-21 00:23:00+00:00,2022-10-21 00:24:00+00:00,1333.8710799206217,1279.5421915836114,2022-10-26 00:00:00+00:00,0.03837475104555738,0.008970093903108085,target,minute interval; not exact exchange fill
271,1476005.0,1478760.0,-1.0,2.128,1298.25,1344.58,1.381338,1.43063312,-0.2472951857849604,-98.59023999999985,-101.15491593421488,10092.159006349899,1.0,10193.313922284113,0.271028246658859,1666562460.0,2022-10-22 00:05:00+00:00,2022-10-22 00:05:00+00:00,2022-10-23 22:00:00+00:00,2022-10-23 22:01:00+00:00,1344.3092725523745,1291.5014222877296,2022-10-27 00:00:00+00:00,0.1465194159242638,-1.0320441948415744,stop,minute interval; not exact exchange fill
272,1478885.0,1478921.0,-1.0,1.422,1364.66,1362.07,0.97027326,0.9684317699999999,0.0,3.6829800000002066,1.7442749700002067,10093.9032813199,2.0,10092.159006349899,0.19228259471328435,1666572120.0,2022-10-24 00:05:00+00:00,2022-10-24 00:05:00+00:00,2022-10-24 00:41:00+00:00,2022-10-24 00:42:00+00:00,1433.6625996031692,1361.7891384212328,2022-10-29 00:00:00+00:00,0.04160512205739333,0.017776649098069777,target,minute interval; not exact exchange fill
273,1480325.0,1480395.0,-1.0,1.657,1339.6000000000001,1335.31,1.1098586000000001,1.1063043350000001,0.0,7.108530000000316,4.892367065000316,10098.7956483849,2.0,10093.9032813199,0.2199067237059701,1666660560.0,2022-10-25 00:05:00+00:00,2022-10-25 00:05:00+00:00,2022-10-25 01:15:00+00:00,2022-10-25 01:16:00+00:00,1398.6209120196124,1335.0389990781862,2022-10-30 00:00:00+00:00,0.07727770998012304,0.05002540453829445,target,minute interval; not exact exchange fill
274,1481765.0,1482615.0,-1.0,0.911,1462.92,1571.98,0.6663600600000001,0.7160368900000001,0.03384295194389634,-99.35365999999995,-100.76989990194384,9998.025748482956,1.0,10098.7956483849,0.13196822338049213,1666793760.0,2022-10-26 00:05:00+00:00,2022-10-26 00:05:00+00:00,2022-10-26 14:15:00+00:00,2022-10-26 14:16:00+00:00,1571.6648567153115,1448.918209404476,2022-10-31 00:00:00+00:00,0.12875818699343133,-1.0171938478279554,stop,minute interval; not exact exchange fill
275,1483205.0,1483227.0,-1.0,0.885,1567.7,1562.8600000000001,0.6937072500000001,0.6915655500000001,0.0,4.2833999999999275,2.8981271999999274,10000.923875682956,2.0,9998.025748482956,0.13876884646056434,1666830480.0,2022-10-27 00:05:00+00:00,2022-10-27 00:05:00+00:00,2022-10-27 00:27:00+00:00,2022-10-27 00:28:00+00:00,1678.3610883700812,1562.543990652007,2022-11-01 00:00:00+00:00,0.0465927944857169,0.0295923350134453,target,minute interval; not exact exchange fill
276,1484645.0,1484657.0,-1.0,0.912,1515.7,1508.8,0.6911592000000001,0.6880128,0.0,6.292800000000083,4.913628000000083,10005.837503682957,2.0,10000.923875682956,0.1382190702762051,1666916280.0,2022-10-28 00:05:00+00:00,2022-10-28 00:05:00+00:00,2022-10-28 00:17:00+00:00,2022-10-28 00:18:00+00:00,1623.1416695681623,1508.4924635559726,2022-11-02 00:00:00+00:00,0.06708325059538407,0.0501458142046279,target,minute interval; not exact exchange fill
277,1486085.0,1487151.0,-1.0,0.866,1549.74,1663.3700000000001,0.67103742,0.7202392100000001,-0.2545073789612765,-98.40358000000009,-99.54034925103882,9906.297154431917,1.0,10005.837503682957,0.13412918603825097,1667065920.0,2022-10-29 00:05:00+00:00,2022-10-29 00:05:00+00:00,2022-10-29 17:51:00+00:00,2022-10-29 17:52:00+00:00,1663.030601582,1545.464378299733,2022-11-03 00:00:00+00:00,0.03774030361355559,-1.0145825422989099,stop,minute interval; not exact exchange fill
278,1487525.0,1488102.0,-1.0,0.632,1617.56,1603.91,0.51114896,0.5068355600000001,-0.09567018544636188,8.626799999999914,7.704485665446276,9914.001640097364,2.0,9906.297154431917,0.10319677514848627,1667122980.0,2022-10-30 00:05:00+00:00,2022-10-30 00:05:00+00:00,2022-10-30 09:42:00+00:00,2022-10-30 09:43:00+00:00,1771.7772046100783,1603.5843866663015,2022-11-04 00:00:00+00:00,0.09062291959599632,0.07904852060137427,target,minute interval; not exact exchange fill
279,1488965.0,1488992.0,-1.0,0.648,1590.33,1586.8400000000001,0.5152669200000001,0.5141361600000001,0.0,2.2615199999998588,1.2321169199998585,9915.233757017364,2.0,9914.001640097364,0.10394731385074488,1667176380.0,2022-10-31 00:05:00+00:00,2022-10-31 00:05:00+00:00,2022-10-31 00:32:00+00:00,2022-10-31 00:33:00+00:00,1741.0714811224098,1586.5130196377027,2022-11-05 00:00:00+00:00,0.02532136697793017,0.012613747628336855,target,minute interval; not exact exchange fill
280,1490405.0,1492282.0,-1.0,0.65,1571.72,1554.16,0.5108090000000001,0.505102,-0.03332493998203805,11.413999999999964,10.431413939982,9925.665170957345,2.0,9915.233757017364,0.10303519060021804,1667373780.0,2022-11-01 00:05:00+00:00,2022-11-01 00:05:00+00:00,2022-11-02 07:22:00+00:00,2022-11-02 07:23:00+00:00,1721.842713388893,1553.8462489849571,2022-11-06 00:00:00+00:00,0.11906093762601366,0.10690140603081595,target,minute interval; not exact exchange fill
281,1493285.0,1493288.0,-1.0,0.783,1515.45,1514.42,0.593298675,0.59289543,0.0,0.8064899999999786,-0.3797041050000214,9925.285466852345,2.0,9925.665170957345,0.11954839595758306,1667434140.0,2022-11-03 00:05:00+00:00,2022-11-03 00:05:00+00:00,2022-11-03 00:08:00+00:00,2022-11-03 00:09:00+00:00,1639.9774692478495,1514.114916497423,2022-11-08 00:00:00+00:00,0.010721196782050494,-0.003894201037964175,target,minute interval; not exact exchange fill
282,1494725.0,1495583.0,-1.0,0.6910000000000001,1528.52,1670.19,0.52810366,0.577050645,-0.10187292837882955,-97.89397000000005,-98.89725137662123,9826.388215475723,1.0,9925.285466852345,0.10641581277711705,1667571840.0,2022-11-04 00:05:00+00:00,2022-11-04 00:05:00+00:00,2022-11-04 14:23:00+00:00,2022-11-04 14:24:00+00:00,1669.8471016100775,1524.5900330531226,2022-11-09 00:00:00+00:00,0.027807596010283743,-1.0126997943666474,stop,minute interval; not exact exchange fill
283,1496165.0,1496967.0,-1.0,0.644,1640.49,1634.22,0.5282377800000001,0.52621884,-0.0156705078992,4.037879999999989,2.999093887899189,9829.387309363623,2.0,9826.388215475723,0.10751412796170023,1667654880.0,2022-11-05 00:05:00+00:00,2022-11-05 00:05:00+00:00,2022-11-05 13:27:00+00:00,2022-11-05 13:28:00+00:00,1790.7390796189586,1633.885944704727,2022-11-10 00:00:00+00:00,0.04395404825121885,0.030995052339823848,target,minute interval; not exact exchange fill
284,1497605.0,1498292.0,-1.0,0.545,1623.8500000000001,1609.07,0.44249912500000005,0.43847157500000006,-0.08839706088128,8.05510000000011,7.262526360881389,9836.649835724504,2.0,9829.387309363623,0.09003595261293014,1667734380.0,2022-11-06 00:05:00+00:00,2022-11-06 00:05:00+00:00,2022-11-06 11:32:00+00:00,2022-11-06 11:33:00+00:00,1801.61848408726,1608.7473045008226,2022-11-11 00:00:00+00:00,0.08495710348615129,0.07496118623278071,target,minute interval; not exact exchange fill
285,1499045.0,1499091.0,-1.0,0.538,1567.6000000000001,1563.74,0.42168440000000007,0.42064606000000004,0.0,2.0766800000000685,1.2343495400000681,9837.884185264504,2.0,9836.649835724504,0.0857374018679687,1667782320.0,2022-11-07 00:05:00+00:00,2022-11-07 00:05:00+00:00,2022-11-07 00:51:00+00:00,2022-11-07 00:52:00+00:00,1747.9432308606092,1563.4255334934958,2022-11-12 00:00:00+00:00,0.023147342357035226,0.012722018947156716,target,minute interval; not exact exchange fill
286,1500485.0,1500654.0,-1.0,0.561,1572.67,1546.43,0.4411339350000001,0.43377361500000006,0.0,14.720640000000007,13.845732450000007,9851.729917714503,2.0,9837.884185264504,0.08968065219973712,1667876100.0,2022-11-08 00:05:00+00:00,2022-11-08 00:05:00+00:00,2022-11-08 02:54:00+00:00,2022-11-08 02:55:00+00:00,1745.7560578074874,1546.1178307446862,2022-11-13 00:00:00+00:00,0.15340443702777118,0.14259062984408896,target,minute interval; not exact exchange fill
287,1501925.0,1501926.0,-1.0,0.35000000000000003,1322.59,1320.05,0.23145325,0.23100875,0.0,0.8889999999999874,0.4265379999999874,9852.156455714503,2.0,9851.729917714503,0.04698733155155246,1667952420.0,2022-11-09 00:05:00+00:00,2022-11-09 00:05:00+00:00,2022-11-09 00:06:00+00:00,2022-11-09 00:07:00+00:00,1602.0330012000852,1319.777189338616,2022-11-14 00:00:00+00:00,0.010065776023390108,0.004361104034691394,target,minute interval; not exact exchange fill
288,1504805.0,1504820.0,-1.0,0.293,1302.94,1286.88,0.19088071,0.18852792,0.0,4.705579999999983,4.326171369999983,9856.482627084502,2.0,9852.156455714503,0.03874902126412828,1668126060.0,2022-11-11 00:05:00+00:00,2022-11-11 00:05:00+00:00,2022-11-11 00:20:00+00:00,2022-11-11 00:21:00+00:00,1636.351620312684,1286.6135160442564,2022-11-16 00:00:00+00:00,0.048967951208275844,0.044284869214074714,target,minute interval; not exact exchange fill
289,1506245.0,1506282.0,-1.0,0.357,1287.33,1270.99,0.229788405,0.226871715,0.0,5.833379999999971,5.376719879999971,9861.859346964502,2.0,9856.482627084502,0.046626857408253806,1668213780.0,2022-11-12 00:05:00+00:00,2022-11-12 00:05:00+00:00,2022-11-12 00:42:00+00:00,2022-11-12 00:43:00+00:00,1561.4389414407376,1270.734999206986,2022-11-17 00:00:00+00:00,0.060541625186647775,0.05494472351335562,target,minute interval; not exact exchange fill
290,1507685.0,1508101.0,-1.0,0.305,1256.24,1227.49,0.19157659999999999,0.18719222500000002,0.0,8.768749999999999,8.389981174999999,9870.249328139502,2.0,9861.859346964502,0.03885202440226804,1668322920.0,2022-11-13 00:05:00+00:00,2022-11-13 00:05:00+00:00,2022-11-13 07:01:00+00:00,2022-11-13 07:02:00+00:00,1577.7691049620419,1227.2366171320043,2022-11-18 00:00:00+00:00,0.0902045333389638,0.08555410560187847,target,minute interval; not exact exchange fill
291,1509125.0,1509144.0,-1.0,0.313,1227.25,1214.41,0.19206462500000002,0.19005516500000003,0.0,4.018919999999975,3.6368002099999748,9873.886128349503,2.0,9870.249328139502,0.038917887201174346,1668385500.0,2022-11-14 00:05:00+00:00,2022-11-14 00:05:00+00:00,2022-11-14 00:24:00+00:00,2022-11-14 00:25:00+00:00,1540.0430940242106,1214.1592065115074,2022-11-19 00:00:00+00:00,0.041851286804559025,0.0371465042610582,target,minute interval; not exact exchange fill
292,1510565.0,1512843.0,-1.0,0.316,1245.3,1208.06,0.1967574,0.19087348,0.032661550044123716,11.767840000000003,11.34754756995588,9885.23367591946,2.0,9873.886128349503,0.03985409542754967,1668607440.0,2022-11-15 00:05:00+00:00,2022-11-15 00:05:00+00:00,2022-11-16 14:03:00+00:00,2022-11-16 14:04:00+00:00,1555.3501850405976,1207.8128196213654,2022-11-20 00:00:00+00:00,0.12090681504907348,0.11581983303675608,target,minute interval; not exact exchange fill
293,1513445.0,1513613.0,-1.0,0.326,1217.13,1210.98,0.19839219000000002,0.19738974,0.0,2.00490000000003,1.6091180700000298,9886.842793989461,2.0,9885.23367591946,0.040139099692359445,1668653640.0,2022-11-17 00:05:00+00:00,2022-11-17 00:05:00+00:00,2022-11-17 02:53:00+00:00,2022-11-17 02:54:00+00:00,1517.8151780611545,1210.7351278508777,2022-11-22 00:00:00+00:00,0.02126766670162175,0.016415657837966998,target,minute interval; not exact exchange fill
294,1514885.0,1518404.0,-1.0,0.34400000000000003,1201.99,1189.98,0.20674228000000003,0.20467656000000004,-0.04466069029343196,4.131439999999997,3.764681850293429,9890.607475839754,2.0,9886.842793989461,0.041821698657064824,1668941100.0,2022-11-18 00:05:00+00:00,2022-11-18 00:05:00+00:00,2022-11-20 10:44:00+00:00,2022-11-20 10:45:00+00:00,1487.5752753350016,1189.7398671602873,2022-11-23 00:00:00+00:00,0.04289483351458813,0.03832075226996483,target,minute interval; not exact exchange fill
295,1519205.0,1519205.0,-1.0,0.35000000000000003,1137.78,1136.02,0.19911150000000002,0.19880350000000002,0.0,0.6159999999999969,0.21808499999999686,9890.825560839754,2.0,9890.607475839754,0.040262744323112394,1668989160.0,2022-11-21 00:05:00+00:00,2022-11-21 00:05:00+00:00,2022-11-21 00:05:00+00:00,2022-11-21 00:06:00+00:00,1417.9712247595226,1135.7907544911225,2022-11-26 00:00:00+00:00,0.007099599605893424,0.0022238383822861473,target,minute interval; not exact exchange fill
296,1520645.0,1521138.0,-1.0,0.364,1104.4,1077.04,0.2010008,0.19602128,0.011222953106894366,9.959040000000046,9.550794966893152,9900.376355806646,2.0,9890.825560839754,0.04064388736079065,1669105140.0,2022-11-22 00:05:00+00:00,2022-11-22 00:05:00+00:00,2022-11-22 08:18:00+00:00,2022-11-22 08:19:00+00:00,1374.0799663737473,1076.8202302165623,2022-11-27 00:00:00+00:00,0.10226851536022218,0.09729476039344086,target,minute interval; not exact exchange fill
297,1522085.0,1529280.0,-1.0,0.293,1135.25,1193.49,0.166314125,0.174846285,0.11087191704794935,-17.064320000000002,-17.51635232704795,9882.860003479596,4.0,9900.376355806646,0.033597535896189544,1669593600.0,2022-11-23 00:05:00+00:00,2022-11-23 00:05:00+00:00,2022-11-28 00:00:00+00:00,2022-11-28 00:00:00+00:00,1471.2669085847085,1122.9183346770185,2022-11-28 00:00:00+00:00,0.03669953805277851,-0.1779159647026859,timeout,minute interval; not exact exchange fill
298,1530725.0,1537920.0,-1.0,0.41000000000000003,1166.97,1240.01,0.23922885000000002,0.25420205,-0.2972128098297923,-29.946399999999986,-30.142618090170195,9852.717385389427,4.0,9882.860003479596,0.04841287844121467,1670112000.0,2022-11-29 00:05:00+00:00,2022-11-29 00:05:00+00:00,2022-12-04 00:00:00+00:00,2022-12-04 00:00:00+00:00,1405.9739166140148,1139.8057316069394,2022-12-04 00:00:00+00:00,0.11365616420809638,-0.3076040834362677,timeout,minute interval; not exact exchange fill
299,1539365.0,1540260.0,-1.0,0.766,1276.24,1276.31,0.48879992,0.48882673,0.0244228681634,-0.053619999999951234,-1.055669518163351,9851.661715871263,2.0,9852.717385389427,0.09922134186551221,1670252460.0,2022-12-05 00:05:00+00:00,2022-12-05 00:05:00+00:00,2022-12-05 15:00:00+00:00,2022-12-05 15:01:00+00:00,1403.0381094094485,1276.0479956211952,2022-12-10 00:00:00+00:00,0.001514252694294987,-0.010868921045578631,target,minute interval; not exact exchange fill
300,1540805.0,1541480.0,-1.0,0.793,1259.17,1247.08,0.49926090500000003,0.49446722,-0.013875548971376578,9.587370000000115,8.607517423971492,9860.269233295234,2.0,9851.661715871263,0.1013556736719205,1670325660.0,2022-12-06 00:05:00+00:00,2022-12-06 00:05:00+00:00,2022-12-06 11:20:00+00:00,2022-12-06 11:21:00+00:00,1381.4822946445138,1246.829690979882,2022-12-11 00:00:00+00:00,0.10089181186555153,0.08874310281916939,target,minute interval; not exact exchange fill
301,1542245.0,1542256.0,-1.0,0.673,1269.25,1268.1200000000001,0.42710262500000007,0.42672238000000007,0.0,0.7604899999999205,-0.09333500500007963,9860.175898290234,2.0,9860.269233295234,0.0866310269820625,1670372220.0,2022-12-07 00:05:00+00:00,2022-12-07 00:05:00+00:00,2022-12-07 00:16:00+00:00,2022-12-07 00:17:00+00:00,1413.8042206634864,1267.8574188139016,2022-12-12 00:00:00+00:00,0.009633625221778994,-0.0009593977911095985,target,minute interval; not exact exchange fill
302,1543685.0,1543733.0,-1.0,0.792,1230.71,1228.89,0.48736116000000007,0.48664044000000006,0.0,1.4414399999999497,0.4674383999999495,9860.643336690235,2.0,9860.175898290234,0.09885445554465393,1670460840.0,2022-12-08 00:05:00+00:00,2022-12-08 00:05:00+00:00,2022-12-08 00:53:00+00:00,2022-12-08 00:54:00+00:00,1353.3734860329287,1228.6427470512604,2022-12-13 00:00:00+00:00,0.016853042544255844,0.004811537802223384,target,minute interval; not exact exchange fill
303,1545125.0,1545147.0,-1.0,0.753,1279.47,1275.24,0.48172045500000005,0.48012786,0.0,3.1851900000000137,2.2233416850000136,9862.866678375234,2.0,9860.643336690235,0.09770568482232346,1670545680.0,2022-12-09 00:05:00+00:00,2022-12-09 00:05:00+00:00,2022-12-09 00:27:00+00:00,2022-12-09 00:28:00+00:00,1408.4771317208374,1274.98366197309,2022-12-14 00:00:00+00:00,0.034775891588832396,0.022887455605085,target,minute interval; not exact exchange fill
304,1546565.0,1549455.0,-1.0,0.925,1262.77,1255.22,0.584031125,0.5805392500000001,-0.21282650673776998,6.983749999999958,6.032006131737727,9868.898684506976,2.0,9862.866678375234,0.11843029902868174,1670804160.0,2022-12-10 00:05:00+00:00,2022-12-10 00:05:00+00:00,2022-12-12 00:15:00+00:00,2022-12-12 00:16:00+00:00,1367.5134794679875,1254.9683194797153,2022-12-15 00:00:00+00:00,0.07448368681192293,0.06225769606956541,target,minute interval; not exact exchange fill
305,1550885.0,1551302.0,-1.0,0.907,1274.44,1264.8,0.5779585400000001,0.5735868000000001,0.0,8.74348000000009,7.591934660000089,9876.490619166976,2.0,9868.898684506976,0.1171272618103432,1670914980.0,2022-12-13 00:05:00+00:00,2022-12-13 00:05:00+00:00,2022-12-13 07:02:00+00:00,2022-12-13 07:03:00+00:00,1381.4084584310906,1264.5452573296748,2022-12-18 00:00:00+00:00,0.09250149824959396,0.0782509173523551,target,minute interval; not exact exchange fill
306,1552325.0,1552341.0,-1.0,0.758,1322.44,1318.72,0.50120476,0.49979488000000005,0.0,2.819760000000021,1.8187603600000206,9878.309379526976,2.0,9876.490619166976,0.10149450433888504,1670977320.0,2022-12-14 00:05:00+00:00,2022-12-14 00:05:00+00:00,2022-12-14 00:21:00+00:00,2022-12-14 00:22:00+00:00,1450.7824684297868,1318.4471280013518,2022-12-19 00:00:00+00:00,0.031111073734978897,0.018695448430717184,target,minute interval; not exact exchange fill
307,1553765.0,1553812.0,-1.0,0.872,1307.5,1306.03,0.5700700000000001,0.56942908,0.0,1.2818400000000238,0.14234092000002374,9878.451720446976,2.0,9878.309379526976,0.11541853531768974,1671065580.0,2022-12-15 00:05:00+00:00,2022-12-15 00:05:00+00:00,2022-12-15 00:52:00+00:00,2022-12-15 00:53:00+00:00,1418.880672699055,1305.7628921171672,2022-12-20 00:00:00+00:00,0.015596133877969726,0.0014655594731509671,target,minute interval; not exact exchange fill
308,1555205.0,1555731.0,-1.0,0.889,1266.69,1262.44,0.563043705,0.5611545800000001,-0.113549566248013,3.77825,2.7676012812480124,9881.219321728222,2.0,9878.451720446976,0.11399432237636602,1671180720.0,2022-12-16 00:05:00+00:00,2022-12-16 00:05:00+00:00,2022-12-16 08:51:00+00:00,2022-12-16 08:52:00+00:00,1376.0012593436993,1262.1870667604774,2022-12-21 00:00:00+00:00,0.04119368184538477,0.028479795355101666,target,minute interval; not exact exchange fill
309,1556645.0,1560876.0,-1.0,1.1,1168.57,1151.3600000000001,0.6427135,0.6332480000000001,-0.1498453699943319,18.93099999999979,17.80488386999412,9899.024205598216,2.0,9881.219321728222,0.1300878928143434,1671489420.0,2022-12-17 00:05:00+00:00,2022-12-17 00:05:00+00:00,2022-12-19 22:36:00+00:00,2022-12-19 22:37:00+00:00,1256.7129669467622,1151.1232742214702,2022-12-22 00:00:00+00:00,0.19793667473285137,0.18363641053071658,target,minute interval; not exact exchange fill
310,1560965.0,1568160.0,-1.0,0.8130000000000001,1165.56,1220.21,0.47380014000000004,0.49601536500000004,-0.9271818679718341,-44.43045000000008,-44.473083637028246,9854.551121961187,4.0,9899.024205598216,0.09572663530452846,1671926400.0,2022-12-20 00:05:00+00:00,2022-12-20 00:05:00+00:00,2022-12-25 00:00:00+00:00,2022-12-25 00:00:00+00:00,1285.6504878131107,1155.8242777722094,2022-12-25 00:00:00+00:00,0.08106988659203107,-0.4555101814814317,timeout,minute interval; not exact exchange fill
311,1569605.0,1570392.0,-1.0,0.926,1217.19,1215.88,0.5635589700000001,0.56295244,-0.011556454784787668,1.2130599999999496,0.0981050447847372,9854.649227005973,2.0,9854.551121961187,0.11437537093781787,1672060380.0,2022-12-26 00:05:00+00:00,2022-12-26 00:05:00+00:00,2022-12-26 13:12:00+00:00,2022-12-26 13:13:00+00:00,1321.8347043840456,1215.6288714181946,2022-12-31 00:00:00+00:00,0.014918371560170608,0.0010124255536226377,target,minute interval; not exact exchange fill
312,1571045.0,1571080.0,-1.0,0.9460000000000001,1229.6100000000001,1222.95,0.58160553,0.57845535,0.0,6.300360000000078,5.140299120000078,9859.789526125973,2.0,9854.649227005973,0.11803677971736447,1672101660.0,2022-12-27 00:05:00+00:00,2022-12-27 00:05:00+00:00,2022-12-27 00:40:00+00:00,2022-12-27 00:41:00+00:00,1331.9310961689284,1222.696318986648,2023-01-01 00:00:00+00:00,0.06756848071621352,0.05310459136431859,target,minute interval; not exact exchange fill
313,1572485.0,1572513.0,-1.0,0.8280000000000001,1212.25,1209.15,0.5018715,0.5005881000000001,0.0,2.5667999999999247,1.5643403999999246,9861.353866525973,2.0,9859.789526125973,0.10180166598286226,1672187640.0,2022-12-28 00:05:00+00:00,2022-12-28 00:05:00+00:00,2022-12-28 00:33:00+00:00,2022-12-28 00:34:00+00:00,1329.5687481683485,1208.9070102296052,2023-01-02 00:00:00+00:00,0.028494932162058804,0.016103990449069794,target,minute interval; not exact exchange fill
314,1573925.0,1574054.0,-1.0,1.038,1191.02,1188.47,0.61813938,0.61681593,0.0,2.646899999999953,1.4119446899999528,9862.765811215973,2.0,9861.353866525973,0.12536602749816186,1672280100.0,2022-12-29 00:05:00+00:00,2022-12-29 00:05:00+00:00,2022-12-29 02:14:00+00:00,2022-12-29 02:15:00+00:00,1284.3034648322384,1188.2292966147068,2023-01-03 00:00:00+00:00,0.029916377895182658,0.01458195192948981,target,minute interval; not exact exchange fill
315,1575365.0,1575455.0,-1.0,1.038,1200.02,1197.13,0.62281038,0.6213104700000002,0.0,2.999819999999868,1.7556991499998675,9864.521510365972,2.0,9862.765811215973,0.1262952790163055,1672364160.0,2022-12-30 00:05:00+00:00,2022-12-30 00:05:00+00:00,2022-12-30 01:35:00+00:00,2022-12-30 01:36:00+00:00,1293.3163242687983,1196.8841599709042,2023-01-04 00:00:00+00:00,0.03361161389446644,0.018129599566288013,target,minute interval; not exact exchange fill
316,1576805.0,1583613.0,-1.0,1.3840000000000001,1198.51,1268.34,0.8293689200000002,0.8776912800000001,-1.8969311744686692,-96.64471999999991,-96.45484902553122,9768.06666134044,1.0,9864.521510365972,0.1681518802769037,1672853640.0,2022-12-31 00:05:00+00:00,2022-12-31 00:05:00+00:00,2023-01-04 17:33:00+00:00,2023-01-04 17:34:00+00:00,1268.0814576293058,1188.132144102238,2023-01-05 00:00:00+00:00,0.14916829762368605,-1.0017442837102322,stop,minute interval; not exact exchange fill
317,1584005.0,1584036.0,-1.0,1.01,1256.44,1254.93,0.6345022,0.63373965,0.0,1.5250999999999908,0.2568581499999908,9768.32351949044,2.0,9768.06666134044,0.1299135687743002,1672879020.0,2023-01-05 00:05:00+00:00,2023-01-05 00:05:00+00:00,2023-01-05 00:36:00+00:00,2023-01-05 00:37:00+00:00,1351.3336302439884,1254.6759555775925,2023-01-10 00:00:00+00:00,0.018589703206336187,0.002680000747638191,target,minute interval; not exact exchange fill
318,1585445.0,1585563.0,-1.0,1.702,1249.84,1249.27,1.06361384,1.06312877,0.0,0.9701399999998916,-1.1566026100001083,9767.166916880438,2.0,9768.32351949044,0.21776793896676408,1672970640.0,2023-01-06 00:05:00+00:00,2023-01-06 00:05:00+00:00,2023-01-06 02:03:00+00:00,2023-01-06 02:04:00+00:00,1305.4534676558358,1249.0185737978081,2023-01-11 00:00:00+00:00,0.014770274841971492,-0.012219252433699914,target,minute interval; not exact exchange fill
319,1586885.0,1587156.0,-1.0,2.094,1266.59,1263.6000000000001,1.3261197299999998,1.3229892,0.0,6.261059999999542,3.6119510699995416,9770.778867950437,2.0,9767.166916880438,0.27154644561425245,1673066220.0,2023-01-07 00:05:00+00:00,2023-01-07 00:05:00+00:00,2023-01-07 04:36:00+00:00,2023-01-07 04:37:00+00:00,1311.4265185966515,1263.3469465717255,2023-01-12 00:00:00+00:00,0.07233062534245409,0.03847098423312017,target,minute interval; not exact exchange fill
320,1588325.0,1588359.0,-1.0,1.919,1263.49,1260.6100000000001,1.212318655,1.2095552950000001,0.0,5.526719999999774,3.1048460499997734,9773.883714000438,2.0,9770.778867950437,0.24815189687212755,1673138400.0,2023-01-08 00:05:00+00:00,2023-01-08 00:05:00+00:00,2023-01-08 00:39:00+00:00,2023-01-08 00:40:00+00:00,1312.5941695263186,1260.3547122606026,2023-01-13 00:00:00+00:00,0.06384972538262743,0.03294934046553217,target,minute interval; not exact exchange fill
321,1591205.0,1591359.0,-1.0,2.016,1322.58,1318.25,1.3331606399999998,1.328796,0.0,8.729279999999854,6.067323359999854,9779.951037360437,2.0,9773.883714000438,0.2728005937067444,1673318400.0,2023-01-10 00:05:00+00:00,2023-01-10 00:05:00+00:00,2023-01-10 02:39:00+00:00,2023-01-10 02:40:00+00:00,1369.1665619663465,1317.9835459055623,2023-01-15 00:00:00+00:00,0.09866480591029682,0.06460199836540854,target,minute interval; not exact exchange fill
322,1592645.0,1592667.0,-1.0,1.6280000000000001,1335.3700000000001,1334.41,1.0869911800000003,1.0862097400000004,0.0,1.5628800000000593,-0.6103209199999413,9779.340716440438,2.0,9779.951037360437,0.22228969773929952,1673396880.0,2023-01-11 00:05:00+00:00,2023-01-11 00:05:00+00:00,2023-01-11 00:27:00+00:00,2023-01-11 00:28:00+00:00,1393.5233975223198,1334.1366131206978,2023-01-16 00:00:00+00:00,0.021209197258490933,-0.006446570896499703,target,minute interval; not exact exchange fill
323,1595525.0,1595533.0,-1.0,1.19,1416.72,1412.3600000000001,0.8429484,0.8403542,0.0,5.188399999999881,3.5050973999998805,9782.845813840437,2.0,9779.340716440438,0.17239370719191446,1673568840.0,2023-01-13 00:05:00+00:00,2023-01-13 00:05:00+00:00,2023-01-13 00:13:00+00:00,2023-01-13 00:14:00+00:00,1496.8741033263657,1412.071099076725,2023-01-18 00:00:00+00:00,0.05799953752019398,0.03674746367016034,target,minute interval; not exact exchange fill
324,1596965.0,1596998.0,-1.0,1.156,1452.02,1534.88,0.8392675599999999,0.88716064,0.0,-95.78616000000014,-97.51258820000014,9685.333225640436,1.0,9782.845813840437,0.17157943117382732,1673656740.0,2023-01-14 00:05:00+00:00,2023-01-14 00:05:00+00:00,2023-01-14 00:38:00+00:00,2023-01-14 00:39:00+00:00,1534.5698516442608,1444.6489030409723,2023-01-19 00:00:00+00:00,0.08929267360518812,-1.0218485959673402,stop,minute interval; not exact exchange fill
325,1598405.0,1598417.0,-1.0,0.883,1546.69,1545.02,0.682863635,0.6821263300000001,0.0,1.4746100000000644,0.10962003500006423,9685.442845675436,2.0,9685.333225640436,0.1410098380904899,1673741880.0,2023-01-15 00:05:00+00:00,2023-01-15 00:05:00+00:00,2023-01-15 00:17:00+00:00,2023-01-15 00:18:00+00:00,1654.1027655204039,1544.7036615173295,2023-01-20 00:00:00+00:00,0.018492573699662083,0.0011557751017637705,target,minute interval; not exact exchange fill
326,1599845.0,1599859.0,-1.0,0.854,1554.3500000000001,1551.65,0.66370745,0.6625545500000001,0.0,2.3058000000000387,0.9795380000000387,9686.422383675437,2.0,9685.442845675436,0.13705257685689537,1673828400.0,2023-01-16 00:05:00+00:00,2023-01-16 00:05:00+00:00,2023-01-16 00:19:00+00:00,2023-01-16 00:20:00+00:00,1665.4615145722394,1551.3350486517957,2023-01-21 00:00:00+00:00,0.02713446360452862,0.01032296251577349,target,minute interval; not exact exchange fill
327,1602725.0,1602735.0,-1.0,0.795,1568.93,1564.15,0.623649675,0.6217496250000001,0.0,3.8000999999999787,2.554700699999979,9688.977084375436,2.0,9686.422383675437,0.12876780513949898,1674000960.0,2023-01-18 00:05:00+00:00,2023-01-18 00:05:00+00:00,2023-01-18 00:15:00+00:00,2023-01-18 00:16:00+00:00,1688.4463544996913,1563.8276163657722,2023-01-23 00:00:00+00:00,0.04269192827698776,0.026887198939859518,target,minute interval; not exact exchange fill
328,1604165.0,1606805.0,-1.0,0.883,1512.26,1620.07,0.66766279,0.715260905,-0.682245043040082,-95.19622999999996,-95.89690865195986,9593.080175723475,1.0,9688.977084375436,0.1378190461564165,1674245160.0,2023-01-19 00:05:00+00:00,2023-01-19 00:05:00+00:00,2023-01-20 20:05:00+00:00,2023-01-20 20:06:00+00:00,1619.738466181138,1509.8492607570258,2023-01-24 00:00:00+00:00,0.022429974381205253,-1.01046771893927,stop,minute interval; not exact exchange fill
329,1607045.0,1607208.0,-1.0,0.32,1656.65,1651.69,0.265064,0.2642704,0.0,1.5872000000000117,1.0578656000000117,9594.138041323477,2.0,9593.080175723475,0.055261499986371136,1674269340.0,2023-01-21 00:05:00+00:00,2023-01-21 00:05:00+00:00,2023-01-21 02:48:00+00:00,2023-01-21 02:49:00+00:00,1953.6265906833744,1651.3512441460152,2023-01-26 00:00:00+00:00,0.017842335120730777,0.011131618126509483,target,minute interval; not exact exchange fill
330,1608485.0,1608584.0,-1.0,0.675,1629.07,1620.47,0.5498111250000001,0.546908625,0.0,5.804999999999939,4.708280249999939,9598.846321573477,2.0,9594.138041323477,0.11461397003709478,1674351900.0,2023-01-22 00:05:00+00:00,2023-01-22 00:05:00+00:00,2023-01-22 01:44:00+00:00,2023-01-22 01:45:00+00:00,1768.7706882698994,1620.1373181548058,2023-01-27 00:00:00+00:00,0.06394157363016216,0.049929818430986365,target,minute interval; not exact exchange fill
331,1609925.0,1610748.0,-1.0,0.532,1628.83,1625.5900000000001,0.43326878,0.4324069400000001,-0.086930928,1.723679999999884,0.9449352079998837,9599.791256781478,2.0,9598.846321573477,0.09027517797138292,1674481740.0,2023-01-23 00:05:00+00:00,2023-01-23 00:05:00+00:00,2023-01-23 13:48:00+00:00,2023-01-23 13:49:00+00:00,1806.7152185879615,1625.2624555749235,2023-01-28 00:00:00+00:00,0.020055316868907522,0.009985056735455957,target,minute interval; not exact exchange fill
332,1611365.0,1611936.0,-1.0,0.508,1626.33,1621.25,0.41308782,0.41179750000000004,-0.08312658,2.580639999999963,1.838881259999963,9601.630138041479,2.0,9599.791256781478,0.08606183383585278,1674553020.0,2023-01-24 00:05:00+00:00,2023-01-24 00:05:00+00:00,2023-01-24 09:36:00+00:00,2023-01-24 09:37:00+00:00,1812.879483047054,1620.9164318952921,2023-01-29 00:00:00+00:00,0.029019475242085275,0.019404208153645113,target,minute interval; not exact exchange fill
333,1612805.0,1612806.0,-1.0,0.465,1556.21,1553.18,0.361818825,0.3611143500000001,0.0,1.4089499999999875,0.6860168249999874,9602.31615486648,2.0,9601.630138041479,0.07536612425143947,1674605220.0,2023-01-25 00:05:00+00:00,2023-01-25 00:05:00+00:00,2023-01-25 00:06:00+00:00,2023-01-25 00:07:00+00:00,1760.3303500098637,1552.8623192732518,2023-01-30 00:00:00+00:00,0.01640052413483725,0.007227623311094079,target,minute interval; not exact exchange fill
334,1614245.0,1614622.0,-1.0,0.489,1614.08,1609.42,0.39464256,0.39350319,0.0,2.278739999999929,1.490594249999929,9603.806749116478,2.0,9602.31615486648,0.08219736855883339,1674714180.0,2023-01-26 00:05:00+00:00,2023-01-26 00:05:00+00:00,2023-01-26 06:22:00+00:00,2023-01-26 06:23:00+00:00,1807.9715527936155,1609.0916981752714,2023-01-31 00:00:00+00:00,0.02572727771198074,0.015721417235976805,target,minute interval; not exact exchange fill
335,1615685.0,1615704.0,-1.0,0.323,1604.1100000000001,1592.67,0.25906376500000006,0.25721620500000003,0.0,3.695120000000018,3.1788400300000177,9606.98558914648,2.0,9603.806749116478,0.05395022448235605,1674779100.0,2023-01-27 00:05:00+00:00,2023-01-27 00:05:00+00:00,2023-01-27 00:24:00+00:00,2023-01-27 00:25:00+00:00,1898.6946471367394,1592.3510032119925,2023-02-01 00:00:00+00:00,0.03991720852495534,0.03340842808903008,target,minute interval; not exact exchange fill
336,1617125.0,1617570.0,-1.0,0.277,1598.67,1588.58,0.22141579500000003,0.22001833,0.0,2.7949300000000408,2.353495875000041,9609.33908502148,2.0,9606.98558914648,0.046094749064710824,1674891060.0,2023-01-28 00:05:00+00:00,2023-01-28 00:05:00+00:00,2023-01-28 07:30:00+00:00,2023-01-28 07:31:00+00:00,1942.2612205140329,1588.2584083094355,2023-02-02 00:00:00+00:00,0.030302263471657497,0.02472814930279379,target,minute interval; not exact exchange fill
337,1618565.0,1621149.0,-1.0,0.591,1571.27,1563.41,0.464310285,0.46198765500000005,-0.476437150502679,4.645259999999941,4.19539921050262,9613.534484231985,2.0,9609.33908502148,0.09663729854714811,1675105800.0,2023-01-29 00:05:00+00:00,2023-01-29 00:05:00+00:00,2023-01-30 19:09:00+00:00,2023-01-30 19:10:00+00:00,1731.4914001309078,1563.090063034141,2023-02-03 00:00:00+00:00,0.05105396007759064,0.04430628009222777,target,minute interval; not exact exchange fill
338,1621445.0,1624020.0,-1.0,0.501,1566.07,1558.71,0.39230053499999995,0.39045685500000005,-0.395981638259496,3.68735999999995,3.3005842482594456,9616.835068480243,2.0,9613.534484231985,0.08161421496816744,1675278060.0,2023-01-31 00:05:00+00:00,2023-01-31 00:05:00+00:00,2023-02-01 19:00:00+00:00,2023-02-01 19:01:00+00:00,1755.7037010331364,1558.396082727095,2023-02-05 00:00:00+00:00,0.04046705427936534,0.03474062086856976,target,minute interval; not exact exchange fill
339,1624325.0,1625639.0,-1.0,0.505,1640.66,1639.4,0.41426665,0.41394850000000005,-0.168867455,0.6362999999999954,-0.023047695000004642,9616.812020785243,2.0,9616.835068480243,0.0861544670466033,1675375200.0,2023-02-02 00:05:00+00:00,2023-02-02 00:05:00+00:00,2023-02-02 21:59:00+00:00,2023-02-02 22:00:00+00:00,1828.6037704178636,1639.068444212471,2023-02-07 00:00:00+00:00,0.008468255074326669,-0.00024283326815535317,target,minute interval; not exact exchange fill
340,1625765.0,1625797.0,-1.0,0.393,1647.3500000000001,1631.74,0.32370427500000004,0.32063691,0.0,6.13473000000005,5.49038881500005,9622.302409600243,2.0,9616.812020785243,0.06732049546156536,1675384680.0,2023-02-03 00:05:00+00:00,2023-02-03 00:05:00+00:00,2023-02-03 00:37:00+00:00,2023-02-03 00:38:00+00:00,1889.55593380497,1631.4115506905168,2023-02-08 00:00:00+00:00,0.06580536264779266,0.05768006910701651,target,minute interval; not exact exchange fill
341,1627205.0,1627344.0,-1.0,0.484,1663.77,1654.57,0.40263234000000003,0.40040594,0.0,4.452800000000022,3.6497617200000216,9625.952171320243,2.0,9622.302409600243,0.08368731782910724,1675477500.0,2023-02-04 00:05:00+00:00,2023-02-04 00:05:00+00:00,2023-02-04 02:24:00+00:00,2023-02-04 02:25:00+00:00,1859.8237769837392,1654.238464872846,2023-02-09 00:00:00+00:00,0.048616942115553216,0.038463069245666635,target,minute interval; not exact exchange fill
342,1628645.0,1628858.0,-1.0,0.622,1667.94,1657.77,0.51872934,0.51556647,0.0,6.325740000000045,5.291444190000044,9631.243615510244,2.0,9625.952171320243,0.1077772527367241,1675568340.0,2023-02-05 00:05:00+00:00,2023-02-05 00:05:00+00:00,2023-02-05 03:38:00+00:00,2023-02-05 03:39:00+00:00,1820.322145113237,1657.4358172402794,2023-02-10 00:00:00+00:00,0.06893315979975757,0.05582770208201437,target,minute interval; not exact exchange fill
343,1630085.0,1630261.0,-1.0,0.552,1631.52,1619.01,0.45029952000000006,0.44684676,0.0,6.905519999999996,6.008373719999996,9637.251989230244,2.0,9631.243615510244,0.09350807392616121,1675652520.0,2023-02-06 00:05:00+00:00,2023-02-06 00:05:00+00:00,2023-02-06 03:01:00+00:00,2023-02-06 03:02:00+00:00,1803.5918619991244,1618.6826121193892,2023-02-11 00:00:00+00:00,0.0746048059890007,0.06325691413774194,target,minute interval; not exact exchange fill
344,1631525.0,1635564.0,-1.0,0.545,1615.2,1607.22,0.4401420000000001,0.43796745000000004,-0.7181082012956601,4.349100000000011,4.1890987512956706,9641.44108798154,2.0,9637.251989230244,0.09134180583673945,1675970700.0,2023-02-07 00:05:00+00:00,2023-02-07 00:05:00+00:00,2023-02-09 19:24:00+00:00,2023-02-09 19:25:00+00:00,1789.585262646012,1606.8940335189402,2023-02-12 00:00:00+00:00,0.04762997947779727,0.044077232275933936,target,minute interval; not exact exchange fill
345,1635845.0,1636091.0,-1.0,0.47200000000000003,1547.48,1534.5900000000001,0.36520528,0.36216324000000005,0.0,6.084079999999941,5.356711479999941,9646.79779946154,2.0,9641.44108798154,0.0757574052815079,1676002320.0,2023-02-10 00:05:00+00:00,2023-02-10 00:05:00+00:00,2023-02-10 04:11:00+00:00,2023-02-10 04:12:00+00:00,1749.1709624331825,1534.279345257835,2023-02-15 00:00:00+00:00,0.0654499070405207,0.05626908049367674,target,minute interval; not exact exchange fill
346,1637285.0,1638390.0,-1.0,0.536,1511.08,1504.07,0.40496944,0.40309076,-0.006933876884219356,3.7573599999999954,2.956233676884215,9649.754033138424,2.0,9646.79779946154,0.08395935074385086,1676140260.0,2023-02-11 00:05:00+00:00,2023-02-11 00:05:00+00:00,2023-02-11 18:30:00+00:00,2023-02-11 18:31:00+00:00,1688.6497028173999,1503.7642300439882,2023-02-16 00:00:00+00:00,0.04119942670363525,0.031060261125413692,target,minute interval; not exact exchange fill
347,1638725.0,1638850.0,-1.0,0.66,1536.05,1529.64,0.5068965,0.5047812,0.0,4.230599999999904,3.218922299999904,9652.972955438425,2.0,9649.754033138424,0.10505894725591057,1676167860.0,2023-02-12 00:05:00+00:00,2023-02-12 00:05:00+00:00,2023-02-12 02:10:00+00:00,2023-02-12 02:11:00+00:00,1679.8710527927803,1529.3287658766874,2023-02-17 00:00:00+00:00,0.04673331193727686,0.03391127310844355,target,minute interval; not exact exchange fill
348,1640165.0,1640253.0,-1.0,0.592,1514.54,1505.31,0.44830384,0.44557176,0.0,5.46416000000001,4.57028440000001,9657.543239838426,2.0,9652.972955438425,0.09288409738005707,1676252040.0,2023-02-13 00:05:00+00:00,2023-02-13 00:05:00+00:00,2023-02-13 01:33:00+00:00,2023-02-13 01:34:00+00:00,1675.3412598354253,1504.999570470004,2023-02-18 00:00:00+00:00,0.059330564572443026,0.048010040517725144,target,minute interval; not exact exchange fill
349,1641605.0,1641668.0,-1.0,0.732,1506.29,1499.03,0.55130214,0.5486449800000001,0.0,5.314319999999993,4.214372879999994,9661.757612718426,2.0,9657.543239838426,0.11417026593799098,1676336940.0,2023-02-14 00:05:00+00:00,2023-02-14 00:05:00+00:00,2023-02-14 01:08:00+00:00,2023-02-14 01:09:00+00:00,1635.9596802597832,1498.7295002931855,2023-02-19 00:00:00+00:00,0.058305840591783245,0.04440004778654194,target,minute interval; not exact exchange fill
350,1643045.0,1643048.0,-1.0,0.544,1553.53,1552.16,0.42256016,0.4221875200000001,0.0,0.7452799999999407,-0.09946768000005946,9661.658145038426,2.0,9661.757612718426,0.08747066050254779,1676419740.0,2023-02-15 00:05:00+00:00,2023-02-15 00:05:00+00:00,2023-02-15 00:08:00+00:00,2023-02-15 00:09:00+00:00,1728.8866996779782,1551.84060842613,2023-02-20 00:00:00+00:00,0.009634029249936074,-0.0010427032462168963,target,minute interval; not exact exchange fill
351,1644485.0,1645308.0,-1.0,0.506,1675.74,1672.57,0.42396222,0.42316021000000004,-0.085165645255328,1.6040200000000369,0.8420632152553649,9662.500208253681,2.0,9661.658145038426,0.08776179277626757,1676555340.0,2023-02-16 00:05:00+00:00,2023-02-16 00:05:00+00:00,2023-02-16 13:48:00+00:00,2023-02-16 13:49:00+00:00,1864.304906713372,1672.230892104436,2023-02-21 00:00:00+00:00,0.018609549129404414,0.008825377854733453,target,minute interval; not exact exchange fill
352,1645925.0,1653120.0,-1.0,0.388,1641.38,1659.54,0.31842772,0.32195076,-0.982655619151216,-7.046079999999944,-6.703802860848728,9655.796405392834,4.0,9662.500208253681,0.06591000530649406,1677024000.0,2023-02-17 00:05:00+00:00,2023-02-17 00:05:00+00:00,2023-02-22 00:00:00+00:00,2023-02-22 00:00:00+00:00,1887.6343546271237,1626.4687463467926,2023-02-22 00:00:00+00:00,0.06055224353610315,-0.07016258636737542,timeout,minute interval; not exact exchange fill
353,1654565.0,1654591.0,-1.0,0.5700000000000001,1642.78,1639.88,0.46819230000000006,0.4673658000000001,0.0,1.6529999999999223,0.7174418999999221,9656.513847292832,2.0,9655.796405392834,0.0969764233509545,1677112320.0,2023-02-23 00:05:00+00:00,2023-02-23 00:05:00+00:00,2023-02-23 00:31:00+00:00,2023-02-23 00:32:00+00:00,1809.7630050994896,1639.5437020802099,2023-02-28 00:00:00+00:00,0.019381001784354607,0.007537713189734121,target,minute interval; not exact exchange fill
354,1656005.0,1656810.0,-1.0,0.435,1652.01,1637.08,0.35931217499999996,0.35606489999999996,-0.046058887496700875,6.494550000000028,5.825231812496728,9662.33907910533,2.0,9656.513847292832,0.07441861124669372,1677245460.0,2023-02-24 00:05:00+00:00,2023-02-24 00:05:00+00:00,2023-02-24 13:30:00+00:00,2023-02-24 13:31:00+00:00,1871.5156677040916,1636.7503375301578,2023-03-01 00:00:00+00:00,0.0695183073378006,0.06100679604339375,target,minute interval; not exact exchange fill
355,1657445.0,1657585.0,-1.0,0.394,1607.01,1598.13,0.31658097,0.31483161000000004,0.0,3.4987199999999534,2.8673074199999533,9665.20638652533,2.0,9662.33907910533,0.06552884708519531,1677291960.0,2023-02-25 00:05:00+00:00,2023-02-25 00:05:00+00:00,2023-02-25 02:25:00+00:00,2023-02-25 02:26:00+00:00,1849.3907734572888,1597.8093631177815,2023-03-02 00:00:00+00:00,0.03795943362578561,0.03002478247839355,target,minute interval; not exact exchange fill
356,1658885.0,1666080.0,-1.0,0.557,1591.88,1647.6200000000001,0.4433385800000001,0.45886217000000007,-0.8981818272666208,-31.047180000000008,-31.051198922733384,9634.155187602597,4.0,9665.20638652533,0.0917390818716664,1677801600.0,2023-02-26 00:05:00+00:00,2023-02-26 00:05:00+00:00,2023-03-03 00:00:00+00:00,2023-03-03 00:00:00+00:00,1763.1489242843047,1584.904039364119,2023-03-03 00:00:00+00:00,0.0407310355047314,-0.32549521481548715,timeout,minute interval; not exact exchange fill
357,1667525.0,1668471.0,-1.0,0.429,1568.47,1560.6100000000001,0.33643681500000006,0.334750845,-0.0008475967630618488,3.371939999999957,2.701599936763019,9636.85678753936,2.0,9634.155187602597,0.0698425151865797,1677945120.0,2023-03-04 00:05:00+00:00,2023-03-04 00:05:00+00:00,2023-03-04 15:51:00+00:00,2023-03-04 15:52:00+00:00,1790.6886907159567,1560.297869525456,2023-03-09 00:00:00+00:00,0.036775171558317575,0.028338911230828132,target,minute interval; not exact exchange fill
358,1668965.0,1669115.0,-1.0,0.609,1567.05,1558.91,0.477166725,0.47468809500000003,0.0,4.9572599999999225,4.005405179999922,9640.86219271936,2.0,9636.85678753936,0.09902953535990816,1677983760.0,2023-03-05 00:05:00+00:00,2023-03-05 00:05:00+00:00,2023-03-05 02:35:00+00:00,2023-03-05 02:36:00+00:00,1723.0502826988852,1558.591269245441,2023-03-10 00:00:00+00:00,0.0542225347814666,0.04216030821363935,target,minute interval; not exact exchange fill
359,1670405.0,1670527.0,-1.0,0.485,1564.1000000000001,1555.1000000000001,0.37929425000000005,0.37711175,0.0,4.365,3.608594,9644.47078671936,2.0,9640.86219271936,0.07868471562355442,1678068480.0,2023-03-06 00:05:00+00:00,2023-03-06 00:05:00+00:00,2023-03-06 02:07:00+00:00,2023-03-06 02:08:00+00:00,1760.3608916443698,1554.7870568691658,2023-03-11 00:00:00+00:00,0.04745185376875632,0.037910762239286154,target,minute interval; not exact exchange fill
360,1671845.0,1672685.0,-1.0,0.532,1565.06,1559.3400000000001,0.41630596000000003,0.4147844400000001,-0.06319897521840001,3.043039999999894,2.275148575218294,9646.745935294577,2.0,9644.47078671936,0.08633049323416732,1678197960.0,2023-03-07 00:05:00+00:00,2023-03-07 00:05:00+00:00,2023-03-07 14:05:00+00:00,2023-03-07 14:06:00+00:00,1743.8654884846646,1559.0223268861423,2023-03-12 00:00:00+00:00,0.03376671021133369,0.023917582745602264,target,minute interval; not exact exchange fill
361,1673285.0,1673478.0,-1.0,0.734,1568.28,1559.29,0.5755587600000001,0.57225943,0.0,6.598660000000007,5.450841810000007,9652.196777104577,2.0,9646.745935294577,0.11932702775849036,1678245540.0,2023-03-08 00:05:00+00:00,2023-03-08 00:05:00+00:00,2023-03-08 03:18:00+00:00,2023-03-08 03:19:00+00:00,1697.3595607221553,1558.9781350589706,2023-03-13 00:00:00+00:00,0.07206303530155127,0.05753207524454621,target,minute interval; not exact exchange fill
362,1674725.0,1675247.0,-1.0,0.889,1532.55,1530.16,0.681218475,0.6801561200000001,-0.103791671004,2.1247099999998866,0.8671270760038864,9653.06390418058,2.0,9652.196777104577,0.14115304333949746,1678351680.0,2023-03-09 00:05:00+00:00,2023-03-09 00:05:00+00:00,2023-03-09 08:47:00+00:00,2023-03-09 08:48:00+00:00,1638.9220749356425,1529.8479610859079,2023-03-14 00:00:00+00:00,0.02540176936218357,0.009169662588513086,target,minute interval; not exact exchange fill
363,1676165.0,1676184.0,-1.0,0.639,1435.16,1420.8,0.45853362000000003,0.4539456,0.0,9.176040000000082,8.26356078000008,9661.327464960581,2.0,9653.06390418058,0.09500271096338993,1678407900.0,2023-03-10 00:05:00+00:00,2023-03-10 00:05:00+00:00,2023-03-10 00:24:00+00:00,2023-03-10 00:25:00+00:00,1584.0945417367273,1420.5113255570827,2023-03-15 00:00:00+00:00,0.09835646098009915,0.0868302265491921,target,minute interval; not exact exchange fill
364,1677605.0,1678077.0,-1.0,0.599,1427.21,1419.8,0.427449395,0.4252301,0.0,4.438590000000048,3.5859105050000486,9664.913375465581,2.0,9661.327464960581,0.08848667981708744,1678521480.0,2023-03-11 00:05:00+00:00,2023-03-11 00:05:00+00:00,2023-03-11 07:57:00+00:00,2023-03-11 07:58:00+00:00,1586.3006801211695,1419.509977984723,2023-03-16 00:00:00+00:00,0.04840020804117734,0.03762945130060755,target,minute interval; not exact exchange fill
365,1679045.0,1679052.0,-1.0,0.731,1468.91,1465.21,0.5368866050000001,0.5355342550000001,0.0,2.704700000000033,1.6322791400000334,9666.545654605581,2.0,9664.913375465581,0.11110013802356236,1678579980.0,2023-03-12 00:05:00+00:00,2023-03-12 00:05:00+00:00,2023-03-12 00:12:00+00:00,2023-03-12 00:13:00+00:00,1599.0453777999312,1464.9089842950382,2023-03-17 00:00:00+00:00,0.030745027006514894,0.01715859313393585,target,minute interval; not exact exchange fill
366,1680485.0,1681056.0,-1.0,0.446,1576.64,1569.6200000000001,0.35159072,0.35002526000000006,-0.07164049781334401,3.130919999999992,2.500944517813336,9669.046599123396,2.0,9666.545654605581,0.07274381822890089,1678700220.0,2023-03-13 00:05:00+00:00,2023-03-13 00:05:00+00:00,2023-03-13 09:36:00+00:00,2023-03-13 09:37:00+00:00,1790.8651329968566,1569.3042039588706,2023-03-18 00:00:00+00:00,0.034243395900877396,0.026175728498421636,target,minute interval; not exact exchange fill
367,1681925.0,1681934.0,-1.0,0.40900000000000003,1670.7,1666.39,0.34165815000000005,0.34077675500000004,0.0,1.7627899999999779,1.0803550949999778,9670.126954218395,2.0,9669.046599123396,0.07067049403422568,1678752900.0,2023-03-14 00:05:00+00:00,2023-03-14 00:05:00+00:00,2023-03-14 00:14:00+00:00,2023-03-14 00:15:00+00:00,1904.5565321981476,1666.0521499407373,2023-03-19 00:00:00+00:00,0.01987479253016801,0.011295194430411852,target,minute interval; not exact exchange fill
368,1683365.0,1683375.0,-1.0,0.40700000000000003,1702.44,1696.3400000000001,0.34644654,0.3452051900000001,0.0,2.482699999999963,1.7910482699999628,9671.918002488395,2.0,9670.126954218395,0.07165294553839748,1678839360.0,2023-03-15 00:05:00+00:00,2023-03-15 00:05:00+00:00,2023-03-15 00:15:00+00:00,2023-03-15 00:16:00+00:00,1937.2491346119969,1695.9950600072777,2023-03-20 00:00:00+00:00,0.027447569292276708,0.01874122149153849,target,minute interval; not exact exchange fill
369,1684805.0,1684810.0,-1.0,0.40700000000000003,1651.32,1646.73,0.33604362000000004,0.335109555,0.0,1.8681299999999668,1.1969768249999666,9673.114979313395,2.0,9671.918002488395,0.06948851715110542,1678925460.0,2023-03-16 00:05:00+00:00,2023-03-16 00:05:00+00:00,2023-03-16 00:10:00+00:00,2023-03-16 00:11:00+00:00,1886.4938125528613,1646.3936299813556,2023-03-21 00:00:00+00:00,0.02094778311057483,0.012505537789582154,target,minute interval; not exact exchange fill
370,1686245.0,1693440.0,-1.0,0.243,1672.13,1800.5,0.20316379500000004,0.21876075,-0.560136786582365,-31.193909999999974,-31.05569775841761,9642.059281554973,4.0,9673.114979313395,0.04200586789973641,1679443200.0,2023-03-17 00:05:00+00:00,2023-03-17 00:05:00+00:00,2023-03-22 00:00:00+00:00,2023-03-22 00:00:00+00:00,2066.3641304978414,1646.1953548957908,2023-03-22 00:00:00+00:00,0.06578488034878877,-0.3241759539740869,timeout,minute interval; not exact exchange fill
371,1694885.0,1694892.0,-1.0,0.34,1733.88,1729.94,0.29475960000000007,0.2940898,0.0,1.3396000000000186,0.7507506000000184,9642.810032154974,2.0,9642.059281554973,0.061140383271417555,1679530380.0,2023-03-23 00:05:00+00:00,2023-03-23 00:05:00+00:00,2023-03-23 00:12:00+00:00,2023-03-23 00:13:00+00:00,2014.8316225216597,1729.5849266756052,2023-03-28 00:00:00+00:00,0.015287590389565418,0.007859324606071012,target,minute interval; not exact exchange fill
372,1696325.0,1696839.0,-1.0,0.199,1812.18,1801.55,0.18031191000000002,0.179254225,-0.036111734000000006,2.1153700000000217,1.791915599000022,9644.601947753974,2.0,9642.810032154974,0.03739820848875604,1679647200.0,2023-03-24 00:05:00+00:00,2023-03-24 00:05:00+00:00,2023-03-24 08:39:00+00:00,2023-03-24 08:40:00+00:00,2292.470172252162,1801.1841965344322,2023-03-29 00:00:00+00:00,0.02289408382854615,0.01874825162000716,target,minute interval; not exact exchange fill
373,1697765.0,1698276.0,-1.0,0.17200000000000001,1749.06,1736.5,0.15041916,0.149339,-0.004385459232,2.1603199999999907,1.8649472992319907,9646.466895053205,2.0,9644.601947753974,0.031192403961270685,1679733420.0,2023-03-25 00:05:00+00:00,2023-03-25 00:05:00+00:00,2023-03-25 08:36:00+00:00,2023-03-25 08:37:00+00:00,2305.3586400074996,1736.150173009695,2023-03-30 00:00:00+00:00,0.023206648483143733,0.019490820354789596,target,minute interval; not exact exchange fill
374,1699205.0,1701538.0,-1.0,0.249,1741.83,1730.3,0.216857835,0.21542235,-0.02912183399717225,2.870969999999993,2.4678116489971655,9648.934706702203,2.0,9646.466895053205,0.044961090388690735,1679929140.0,2023-03-26 00:05:00+00:00,2023-03-26 00:05:00+00:00,2023-03-27 14:58:00+00:00,2023-03-27 14:59:00+00:00,2125.695660308547,1729.9478615133542,2023-03-31 00:00:00+00:00,0.03095389797851426,0.025818642252732008,target,minute interval; not exact exchange fill
375,1702085.0,1702141.0,-1.0,0.334,1714.3,1705.1000000000001,0.2862881,0.28475170000000005,0.0,3.0727999999999396,2.5017601999999393,9651.436466902203,2.0,9648.934706702203,0.059340872065626625,1679965320.0,2023-03-28 00:05:00+00:00,2023-03-28 00:05:00+00:00,2023-03-28 01:01:00+00:00,2023-03-28 01:02:00+00:00,2000.179795317887,1704.7535005708405,2023-04-02 00:00:00+00:00,0.03339340375049628,0.02620087226406084,target,minute interval; not exact exchange fill
376,1703525.0,1705151.0,-1.0,0.321,1773.46,1767.55,0.28464033,0.28369177500000003,-0.1350451429622618,1.8971100000000263,1.463823037962288,9652.900289940166,2.0,9651.436466902203,0.05898403434061257,1680145920.0,2023-03-29 00:05:00+00:00,2023-03-29 00:05:00+00:00,2023-03-30 03:11:00+00:00,2023-03-30 03:12:00+00:00,2071.5043794411167,1767.1907980329424,2023-04-03 00:00:00+00:00,0.02103445795157555,0.015300393815498073,target,minute interval; not exact exchange fill
377,1706405.0,1706842.0,-1.0,0.214,1795.1000000000001,1781.71,0.19207570000000002,0.19064297,0.0,2.8654600000000214,2.4827413300000214,9655.383031270165,2.0,9652.900289940166,0.03979647447517364,1680247380.0,2023-03-31 00:05:00+00:00,2023-03-31 00:05:00+00:00,2023-03-31 07:22:00+00:00,2023-03-31 07:23:00+00:00,2243.2851391521367,1781.3449526383679,2023-04-05 00:00:00+00:00,0.030690547633180437,0.025885719954810763,target,minute interval; not exact exchange fill
378,1707845.0,1708853.0,-1.0,0.182,1820.31,1809.13,0.16564821,0.16463083,-0.0540707722464,2.03475999999997,1.75855173224637,9657.14158300241,2.0,9655.383031270165,0.03431209501757259,1680368040.0,2023-04-01 00:05:00+00:00,2023-04-01 00:05:00+00:00,2023-04-01 16:53:00+00:00,2023-04-01 16:54:00+00:00,2345.422415933257,1808.7669826140027,2023-04-06 00:00:00+00:00,0.021981992875720516,0.018400578356212286,target,minute interval; not exact exchange fill
379,1709285.0,1709418.0,-1.0,0.29,1819.88,1810.52,0.2638826,0.2625254,0.0,2.714400000000037,2.187992000000037,9659.32957500241,2.0,9657.14158300241,0.054650249813974205,1680401940.0,2023-04-02 00:05:00+00:00,2023-04-02 00:05:00+00:00,2023-04-02 02:18:00+00:00,2023-04-02 02:19:00+00:00,2149.813357976523,1810.1538912231897,2023-04-07 00:00:00+00:00,0.029479010053607507,0.02286764832229238,target,minute interval; not exact exchange fill
380,1710725.0,1710822.0,-1.0,0.375,1792.18,1779.9,0.33603375,0.33373125000000003,0.0,4.60499999999999,3.9352349999999894,9663.26481000241,2.0,9659.32957500241,0.06957703376632454,1680486180.0,2023-04-03 00:05:00+00:00,2023-04-03 00:05:00+00:00,2023-04-03 01:42:00+00:00,2023-04-03 01:43:00+00:00,2046.8860972044413,1779.5368496886792,2023-04-08 00:00:00+00:00,0.04963819260742993,0.04120027009631001,target,minute interval; not exact exchange fill
381,1712165.0,1712197.0,-1.0,0.423,1807.32,1802.4,0.38224818,0.38120760000000004,0.0,2.0811599999999344,1.3177042199999345,9664.582514222411,2.0,9663.26481000241,0.07911367172807605,1680568680.0,2023-04-04 00:05:00+00:00,2023-04-04 00:05:00+00:00,2023-04-04 00:37:00+00:00,2023-04-04 00:38:00+00:00,2032.8955389543848,1802.033853517397,2023-04-09 00:00:00+00:00,0.023434041240047707,0.013809742024509925,target,minute interval; not exact exchange fill
382,1713605.0,1713615.0,-1.0,0.41200000000000003,1867.32,1865.65,0.38466792000000005,0.38432390000000005,0.0,0.6880399999999364,-0.08095182000006373,9664.50156240241,2.0,9664.582514222411,0.07960362890666457,1680653760.0,2023-04-05 00:05:00+00:00,2023-04-05 00:05:00+00:00,2023-04-05 00:15:00+00:00,2023-04-05 00:16:00+00:00,2098.8522284552964,1865.2714029984159,2023-04-10 00:00:00+00:00,0.008847999327141714,-0.0008486291576383777,target,minute interval; not exact exchange fill
383,1715045.0,1715047.0,-1.0,0.403,1906.98,1904.43,0.38425647,0.38374264500000005,0.0,1.0276499999999817,0.25965088499998173,9664.76121328741,2.0,9664.50156240241,0.07951914902572196,1680739680.0,2023-04-06 00:05:00+00:00,2023-04-06 00:05:00+00:00,2023-04-06 00:07:00+00:00,2023-04-06 00:08:00+00:00,2143.698508166984,1904.0396249921707,2023-04-11 00:00:00+00:00,0.01242139886144903,0.002721777038006091,target,minute interval; not exact exchange fill
384,1716485.0,1716880.0,-1.0,0.28400000000000003,1870.99,1862.91,0.26568058,0.26453322,0.0,2.2947199999999794,1.7645061999999792,9666.52571948741,2.0,9664.76121328741,0.054979233141266695,1680849660.0,2023-04-07 00:05:00+00:00,2023-04-07 00:05:00+00:00,2023-04-07 06:40:00+00:00,2023-04-07 06:41:00+00:00,2207.749986149274,1862.5278392071846,2023-04-12 00:00:00+00:00,0.025128165877357122,0.018449490009320467,target,minute interval; not exact exchange fill
385,1717925.0,1717974.0,-1.0,0.252,1862.47,1854.2,0.23467122,0.2336292,0.0,2.0840399999999955,1.6157395799999954,9668.14145906741,2.0,9666.52571948741,0.04855337415115138,1680915300.0,2023-04-08 00:05:00+00:00,2023-04-08 00:05:00+00:00,2023-04-08 00:54:00+00:00,2023-04-08 00:55:00+00:00,2242.97977910325,1853.8255534035213,2023-04-13 00:00:00+00:00,0.022718066844040447,0.016850197687718813,target,minute interval; not exact exchange fill
386,1719365.0,1719721.0,-1.0,0.358,1846.23,1840.49,0.33047517,0.32944771,0.0,2.054920000000003,1.3949971200000033,9669.53645618741,2.0,9668.14145906741,0.06836374320734807,1681020120.0,2023-04-09 00:05:00+00:00,2023-04-09 00:05:00+00:00,2023-04-09 06:01:00+00:00,2023-04-09 06:02:00+00:00,2113.1950422709374,1840.1177331086108,2023-04-14 00:00:00+00:00,0.022895383003689446,0.014596068334839845,target,minute interval; not exact exchange fill
387,1720805.0,1720887.0,-1.0,0.443,1857.49,1846.16,0.411434035,0.40892444,0.0,5.019189999999968,4.198831524999968,9673.73528771241,2.0,9669.53645618741,0.08509901935096977,1681090080.0,2023-04-10 00:05:00+00:00,2023-04-10 00:05:00+00:00,2023-04-10 01:27:00+00:00,2023-04-10 01:28:00+00:00,2072.9766494004843,1845.785061635977,2023-04-15 00:00:00+00:00,0.054318624362984576,0.04398497552572101,target,minute interval; not exact exchange fill
388,1722245.0,1723116.0,-1.0,0.504,1907.66,1902.78,0.48073032,0.47950056,-0.08372375786880001,2.459520000000055,1.583012877868855,9675.31830059028,2.0,9673.73528771241,0.09938876880590773,1681223820.0,2023-04-11 00:05:00+00:00,2023-04-11 00:05:00+00:00,2023-04-11 14:36:00+00:00,2023-04-11 14:37:00+00:00,2096.531420511766,1902.3959303061024,2023-04-16 00:00:00+00:00,0.027871181778768635,0.01662982445247423,target,minute interval; not exact exchange fill
389,1723685.0,1723738.0,-1.0,0.556,1890.8700000000001,1886.3400000000001,0.52566186,0.5244025200000001,0.0,2.518679999999985,1.468615619999985,9676.78691621028,2.0,9675.31830059028,0.10866037553884508,1681261140.0,2023-04-12 00:05:00+00:00,2023-04-12 00:05:00+00:00,2023-04-12 00:58:00+00:00,2023-04-12 00:59:00+00:00,2061.9586559902837,1885.9557314009726,2023-04-17 00:00:00+00:00,0.02872352097561996,0.015438750072067796,target,minute interval; not exact exchange fill
390,1725125.0,1725135.0,-1.0,0.604,1918.68,1914.89,0.57944136,0.5782967800000001,0.0,2.289159999999978,1.131421859999978,9677.91833807028,2.0,9676.78691621028,0.11975904089183492,1681344960.0,2023-04-13 00:05:00+00:00,2023-04-13 00:05:00+00:00,2023-04-13 00:15:00+00:00,2023-04-13 00:16:00+00:00,2075.9316201466236,1914.4985377013875,2023-04-18 00:00:00+00:00,0.026590901223871245,0.011912214311390577,target,minute interval; not exact exchange fill
391,1726565.0,1733760.0,-1.0,0.343,2010.13,2103.7200000000003,0.34473729500000005,0.36078798000000006,-1.0769210827541043,-32.10137000000005,-31.729974192245948,9646.188363878035,4.0,9677.91833807028,0.07124203428001619,1681862400.0,2023-04-14 00:05:00+00:00,2023-04-14 00:05:00+00:00,2023-04-19 00:00:00+00:00,2023-04-19 00:00:00+00:00,2289.2785689189864,2004.4006132794843,2023-04-19 00:00:00+00:00,0.020524506869954773,-0.33139060589387914,timeout,minute interval; not exact exchange fill
392,1735205.0,1735211.0,-1.0,0.319,1933.3700000000001,1929.78,0.308372515,0.30779991,0.0,1.1452100000000465,0.5290375750000464,9646.717401453034,2.0,9646.188363878035,0.06393665629727051,1681949520.0,2023-04-20 00:05:00+00:00,2023-04-20 00:05:00+00:00,2023-04-20 00:11:00+00:00,2023-04-20 00:12:00+00:00,2232.543958943925,1929.393200715639,2023-04-25 00:00:00+00:00,0.013292598387904583,0.0055433467734101426,target,minute interval; not exact exchange fill
393,1736645.0,1736667.0,-1.0,0.246,1944.1200000000001,1935.8400000000001,0.23912676000000002,0.23810832,0.0,2.0368799999999934,1.5596449199999933,9648.277046373034,2.0,9646.717401453034,0.0495768145885525,1682036880.0,2023-04-21 00:05:00+00:00,2023-04-21 00:05:00+00:00,2023-04-21 00:27:00+00:00,2023-04-21 00:28:00+00:00,2332.6480369246337,1935.4519534818735,2023-04-26 00:00:00+00:00,0.02230996400346792,0.016318050172605188,target,minute interval; not exact exchange fill
394,1738085.0,1740650.0,-1.0,0.20500000000000002,1849.9,1837.45,0.18961475000000003,0.188338625,-0.004807041585045505,2.5522500000000097,2.179103666585055,9650.456150039621,2.0,9648.277046373034,0.039305411544184404,1682275860.0,2023-04-22 00:05:00+00:00,2023-04-22 00:05:00+00:00,2023-04-23 18:50:00+00:00,2023-04-23 18:51:00+00:00,2317.16914472019,1837.0739491862532,2023-04-27 00:00:00+00:00,0.027448957327210963,0.022748717957200126,target,minute interval; not exact exchange fill
395,1740965.0,1741373.0,-1.0,0.305,1860.5900000000001,1845.89,0.28373997500000003,0.281498225,0.0,4.483500000000014,3.918261800000014,9654.37441183962,2.0,9650.456150039621,0.05880343283023675,1682319240.0,2023-04-24 00:05:00+00:00,2023-04-24 00:05:00+00:00,2023-04-24 06:53:00+00:00,2023-04-24 06:54:00+00:00,2174.2901998378247,1845.51342528948,2023-04-29 00:00:00+00:00,0.04806045618815158,0.04095234879238684,target,minute interval; not exact exchange fill
396,1742405.0,1742505.0,-1.0,0.326,1841.47,1833.5900000000001,0.3001596100000001,0.29887517,0.0,2.5688799999999614,1.9698452199999612,9656.34425705962,2.0,9654.37441183962,0.06218105849135082,1682387160.0,2023-04-25 00:05:00+00:00,2023-04-25 00:05:00+00:00,2023-04-25 01:45:00+00:00,2023-04-25 01:46:00+00:00,2134.562531747032,1833.2218717431454,2023-04-30 00:00:00+00:00,0.028141721004251385,0.020616253727048665,target,minute interval; not exact exchange fill
397,1743845.0,1743923.0,-1.0,0.358,1863.49,1861.83,0.33356471,0.33326756999999996,0.0,0.5942800000000292,-0.07255227999997071,9656.271704779621,2.0,9656.34425705962,0.06908716199842098,1682472240.0,2023-04-26 00:05:00+00:00,2023-04-26 00:05:00+00:00,2023-04-26 01:23:00+00:00,2023-04-26 01:24:00+00:00,2129.889393922965,1861.4521214471552,2023-05-01 00:00:00+00:00,0.007649711671018866,-0.00076073746646181,target,minute interval; not exact exchange fill
398,1746725.0,1747269.0,-1.0,0.23700000000000002,1908.16,1901.19,0.22611696000000003,0.225291015,-0.036540136111500005,1.6518900000000065,1.2370221611115064,9657.508726940732,2.0,9656.271704779621,0.04683318094458291,1682673000.0,2023-04-28 00:05:00+00:00,2023-04-28 00:05:00+00:00,2023-04-28 09:09:00+00:00,2023-04-28 09:10:00+00:00,2312.1026164821606,1900.8077394171848,2023-05-03 00:00:00+00:00,0.018201250085579754,0.012921396694796472,target,minute interval; not exact exchange fill
399,1748165.0,1750805.0,-1.0,0.20700000000000002,1889.54,1879.68,0.19556739,0.19454688000000003,-0.10491336427789198,2.0410199999999796,1.7558190942778715,9659.26454603501,2.0,9657.508726940732,0.04050058778708473,1682885160.0,2023-04-29 00:05:00+00:00,2023-04-29 00:05:00+00:00,2023-04-30 20:05:00+00:00,2023-04-30 20:06:00+00:00,2353.312930539727,1879.3027726955613,2023-05-04 00:00:00+00:00,0.022073792216645387,0.0182895923590918,target,minute interval; not exact exchange fill
400,1751045.0,1751139.0,-1.0,0.329,1880.03,1853.51,0.309264935,0.304902395,0.0,8.725079999999995,8.110912669999996,9667.37545870501,2.0,9659.26454603501,0.06403488247497038,1682905200.0,2023-05-01 00:05:00+00:00,2023-05-01 00:05:00+00:00,2023-05-01 01:39:00+00:00,2023-05-01 01:40:00+00:00,2170.280426819278,1853.13768231066,2023-05-06 00:00:00+00:00,0.09265212108054617,0.08493779068704041,target,minute interval; not exact exchange fill
401,1752485.0,1752629.0,-1.0,0.327,1828.0900000000001,1822.44,0.29889271500000003,0.29796894,0.0,1.8475500000000298,1.2506883450000297,9668.62614705001,2.0,9667.37545870501,0.06183533809703468,1682994600.0,2023-05-02 00:05:00+00:00,2023-05-02 00:05:00+00:00,2023-05-02 02:29:00+00:00,2023-05-02 02:30:00+00:00,2120.810307851727,1822.069187026521,2023-05-07 00:00:00+00:00,0.020568484016930517,0.01306617579104711,target,minute interval; not exact exchange fill
402,1753925.0,1753930.0,-1.0,0.355,1868.72,1865.57,0.3316978,0.331138675,0.0,1.1182500000000322,0.45541352500003224,9669.08156057501,2.0,9668.62614705001,0.06861322280026395,1683072660.0,2023-05-03 00:05:00+00:00,2023-05-03 00:05:00+00:00,2023-05-03 00:10:00+00:00,2023-05-03 00:11:00+00:00,2137.84876084633,1865.1935637346273,2023-05-08 00:00:00+00:00,0.01310315647529866,0.004766696045290338,target,minute interval; not exact exchange fill
403,1755365.0,1755371.0,-1.0,0.327,1903.64,1901.78,0.31124514000000003,0.31094103,0.0,0.6082200000000416,-0.013966169999958422,9669.06759440501,2.0,9669.08156057501,0.06437946314758164,1683159120.0,2023-05-04 00:05:00+00:00,2023-05-04 00:05:00+00:00,2023-05-04 00:11:00+00:00,2023-05-04 00:12:00+00:00,2195.9834292221617,1901.3970910021678,2023-05-09 00:00:00+00:00,0.0076721717460863864,-0.00014609529659521126,target,minute interval; not exact exchange fill
404,1756805.0,1759086.0,-1.0,0.277,1875.24,1870.5900000000001,0.25972074000000006,0.25907671500000007,-0.193340056894365,1.2880499999999624,0.9625926018943272,9670.030187006905,2.0,9669.06759440501,0.05372198248987048,1683382020.0,2023-05-05 00:05:00+00:00,2023-05-05 00:05:00+00:00,2023-05-06 14:06:00+00:00,2023-05-06 14:07:00+00:00,2220.56619913381,1870.2125763482866,2023-05-10 00:00:00+00:00,0.01455847735944692,0.010063133215671,target,minute interval; not exact exchange fill
405,1759685.0,1761114.0,-1.0,0.278,1896.76,1885.55,0.26364964,0.26209145,-0.0371144058079932,3.1163800000000106,2.627753315808004,9672.657940322713,2.0,9670.030187006905,0.054529227913735316,1683503700.0,2023-05-07 00:05:00+00:00,2023-05-07 00:05:00+00:00,2023-05-07 23:54:00+00:00,2023-05-07 23:55:00+00:00,2241.1655110390116,1885.1639376860467,2023-05-12 00:00:00+00:00,0.03366979314288561,0.02744540883897945,target,minute interval; not exact exchange fill
406,1762565.0,1762696.0,-1.0,0.311,1845.64,1838.5900000000001,0.28699702000000005,0.285900745,0.0,2.192549999999986,1.619652234999986,9674.277592557712,2.0,9672.657940322713,0.05934191445012989,1683598620.0,2023-05-09 00:05:00+00:00,2023-05-09 00:05:00+00:00,2023-05-09 02:16:00+00:00,2023-05-09 02:17:00+00:00,2154.0149063686104,1838.215968350652,2023-05-14 00:00:00+00:00,0.02407469445803058,0.016888160782365366,target,minute interval; not exact exchange fill
407,1764005.0,1764209.0,-1.0,0.436,1845.91,1842.8600000000001,0.40240838,0.40174348000000004,0.0,1.32979999999998,0.5256481399999801,9674.803240697713,2.0,9674.277592557712,0.0831914065210548,1683689400.0,2023-05-10 00:05:00+00:00,2023-05-10 00:05:00+00:00,2023-05-10 03:29:00+00:00,2023-05-10 03:30:00+00:00,2065.13908945583,1842.4914158561044,2023-05-15 00:00:00+00:00,0.015593661189677518,0.005499338627882506,target,minute interval; not exact exchange fill
408,1765445.0,1765452.0,-1.0,0.383,1839.1000000000001,1837.3600000000001,0.35218765,0.35185444,0.0,0.6664200000000035,-0.037622089999996555,9674.765618607713,2.0,9674.803240697713,0.07280512920789932,1683763980.0,2023-05-11 00:05:00+00:00,2023-05-11 00:05:00+00:00,2023-05-11 00:12:00+00:00,2023-05-11 00:13:00+00:00,2088.5108645901582,1836.982957739312,2023-05-16 00:00:00+00:00,0.008488171772977506,-0.0003938481194931362,target,minute interval; not exact exchange fill
409,1766885.0,1766970.0,-1.0,0.51,1792.73,1788.58,0.45714615000000003,0.4560879,0.0,2.1165000000000465,1.2032659500000464,9675.968884557713,2.0,9674.765618607713,0.09450278549813335,1683855060.0,2023-05-12 00:05:00+00:00,2023-05-12 00:05:00+00:00,2023-05-12 01:30:00+00:00,2023-05-12 01:31:00+00:00,1979.6690282373945,1788.212719656313,2023-05-17 00:00:00+00:00,0.024164458252935953,0.012620933264957123,target,minute interval; not exact exchange fill
410,1768325.0,1768674.0,-1.0,0.463,1804.7,1796.45,0.4177880500000001,0.41587817500000007,0.0,3.81975,2.986083775,9678.954968332713,2.0,9675.968884557713,0.08635580684157958,1683957300.0,2023-05-13 00:05:00+00:00,2023-05-13 00:05:00+00:00,2023-05-13 05:54:00+00:00,2023-05-13 05:55:00+00:00,2011.078817684946,1796.0866520945913,2023-05-18 00:00:00+00:00,0.04173561997315901,0.03125042129975554,target,minute interval; not exact exchange fill
411,1769765.0,1771216.0,-1.0,0.577,1794.03,1787.81,0.517577655,0.5157831849999999,-0.07777073686726291,3.5889400000000156,2.6333498968672786,9681.588318229582,2.0,9678.954968332713,0.10694907801377183,1684109820.0,2023-05-14 00:05:00+00:00,2023-05-14 00:05:00+00:00,2023-05-15 00:16:00+00:00,2023-05-15 00:17:00+00:00,1959.2030321105826,1787.4438213654946,2023-05-19 00:00:00+00:00,0.03987441866476084,0.02763080982995592,target,minute interval; not exact exchange fill
412,1772645.0,1772691.0,-1.0,0.5660000000000001,1814.24,1809.92,0.5134299200000001,0.5122073600000001,0.0,2.445119999999964,1.419482719999964,9683.007800949583,2.0,9681.588318229582,0.10606315887926292,1684198320.0,2023-05-16 00:05:00+00:00,2023-05-16 00:05:00+00:00,2023-05-16 00:51:00+00:00,2023-05-16 00:52:00+00:00,1982.4372466793081,1809.5546308874555,2023-05-21 00:00:00+00:00,0.027856396017456035,0.014910588903881646,target,minute interval; not exact exchange fill
413,1774085.0,1774088.0,-1.0,0.536,1821.45,1820.78,0.48814860000000004,0.48796904,0.0,0.359120000000039,-0.616997639999961,9682.390803309583,2.0,9683.007800949583,0.10082581983505762,1684282140.0,2023-05-17 00:05:00+00:00,2023-05-17 00:05:00+00:00,2023-05-17 00:08:00+00:00,2023-05-17 00:09:00+00:00,1999.4673141346482,1820.4098744497524,2023-05-22 00:00:00+00:00,0.005842833632805895,-0.006466309221637007,target,minute interval; not exact exchange fill
414,1775525.0,1775529.0,-1.0,0.438,1819.77,1819.5,0.39852963,0.3984705,0.0,0.11825999999999204,-0.678740130000008,9681.712063179584,2.0,9682.390803309583,0.08232050081345131,1684368600.0,2023-05-18 00:05:00+00:00,2023-05-18 00:05:00+00:00,2023-05-18 00:09:00+00:00,2023-05-18 00:10:00+00:00,2037.8444590355823,1819.1295616568907,2023-05-23 00:00:00+00:00,0.0029367874896563807,-0.007105990343175266,target,minute interval; not exact exchange fill
415,1776965.0,1781105.0,-1.0,0.529,1798.32,1795.22,0.47565564,0.4748356900000001,-0.26736564016670306,1.639899999999952,0.9567743101666548,9682.66883748975,2.0,9681.712063179584,0.09825858007262184,1684703160.0,2023-05-19 00:05:00+00:00,2023-05-19 00:05:00+00:00,2023-05-21 21:05:00+00:00,2023-05-21 21:06:00+00:00,1978.6668050537369,1794.8533404276866,2023-05-24 00:00:00+00:00,0.019222184564236695,0.010028717107702605,target,minute interval; not exact exchange fill
416,1781285.0,1781310.0,-1.0,0.522,1803.82,1793.57,0.47079702,0.46812177000000005,0.0,5.3505,4.4115812100000005,9687.08041869975,2.0,9682.66883748975,0.0972453004231951,1684715460.0,2023-05-22 00:05:00+00:00,2023-05-22 00:05:00+00:00,2023-05-22 00:30:00+00:00,2023-05-22 00:31:00+00:00,1986.6272081681454,1793.2082245525671,2023-05-27 00:00:00+00:00,0.0580489990179826,0.04623069891328637,target,minute interval; not exact exchange fill
417,1782725.0,1784376.0,-1.0,0.63,1817.43,1811.55,0.57249045,0.57063825,-0.30908127791268003,3.704400000000069,2.870352577912749,9689.950771277661,2.0,9687.08041869975,0.11819669606435303,1684899420.0,2023-05-23 00:05:00+00:00,2023-05-23 00:05:00+00:00,2023-05-24 03:36:00+00:00,2023-05-24 03:37:00+00:00,1968.5482179259363,1811.182389987936,2023-05-28 00:00:00+00:00,0.04134253366543865,0.030149344437538843,target,minute interval; not exact exchange fill
418,1785605.0,1785645.0,-1.0,0.467,1802.3,1791.98,0.42083705000000005,0.41842733000000004,0.0,4.819439999999971,3.9801756199999705,9693.93094689766,2.0,9689.950771277661,0.0868605135224048,1684975560.0,2023-05-25 00:05:00+00:00,2023-05-25 00:05:00+00:00,2023-05-25 00:45:00+00:00,2023-05-25 00:46:00+00:00,2007.194956087523,1791.617241690612,2023-05-30 00:00:00+00:00,0.05213773200363561,0.04159624113128147,target,minute interval; not exact exchange fill
419,1787045.0,1787094.0,-1.0,0.745,1804.97,1801.52,0.6723513249999999,0.6710662,0.0,2.570250000000034,1.226832475000034,9695.157779372661,2.0,9693.93094689766,0.13871593034509327,1685062500.0,2023-05-26 00:05:00+00:00,2023-05-26 00:05:00+00:00,2023-05-26 00:54:00+00:00,2023-05-26 00:55:00+00:00,1932.3790988264234,1801.1504093116998,2023-05-31 00:00:00+00:00,0.02997894752794571,0.012924940331329973,target,minute interval; not exact exchange fill
420,1788485.0,1789317.0,-1.0,0.859,1825.72,1821.46,0.7841467400000001,0.7823170700000001,-0.071731412621,3.6593399999999923,2.164607602620992,9697.322386975284,2.0,9695.157779372661,0.16176049072008797,1685195880.0,2023-05-27 00:05:00+00:00,2023-05-27 00:05:00+00:00,2023-05-27 13:57:00+00:00,2023-05-27 13:58:00+00:00,1935.8991403270018,1821.0919671596102,2023-06-01 00:00:00+00:00,0.042004619265082255,0.022871078059976766,target,minute interval; not exact exchange fill
421,1789925.0,1789936.0,-1.0,1.062,1826.8400000000001,1825.46,0.9700520400000001,0.9693192600000001,0.0,1.4655600000001159,-0.47381129999988436,9696.848575675283,2.0,9697.322386975284,0.20006595661971624,1685233020.0,2023-05-28 00:05:00+00:00,2023-05-28 00:05:00+00:00,2023-05-28 00:16:00+00:00,2023-05-28 00:17:00+00:00,1915.5583805415972,1825.086600215632,2023-06-02 00:00:00+00:00,0.0197636585977364,-0.005028833904274282,target,minute interval; not exact exchange fill
422,1791365.0,1791613.0,-1.0,0.7020000000000001,1909.2,1900.67,0.6701292000000001,0.6671351700000001,0.0,5.988059999999981,4.6507956299999815,9701.499371305285,2.0,9696.848575675283,0.13821587390382295,1685333640.0,2023-05-29 00:05:00+00:00,2023-05-29 00:05:00+00:00,2023-05-29 04:13:00+00:00,2023-05-29 04:14:00+00:00,2044.5532667515554,1900.2800868899171,2023-06-03 00:00:00+00:00,0.06590098136645393,0.04894647287797244,target,minute interval; not exact exchange fill
423,1792805.0,1792835.0,-1.0,0.8200000000000001,1892.01,1887.64,0.7757241,0.7739324000000002,0.0,3.583399999999911,2.0337434999999107,9703.533114805285,2.0,9701.499371305285,0.15991839411841977,1685406960.0,2023-05-30 00:05:00+00:00,2023-05-30 00:05:00+00:00,2023-05-30 00:35:00+00:00,2023-05-30 00:36:00+00:00,2007.509869266423,1887.2624543883455,2023-06-04 00:00:00+00:00,0.04110433753568427,0.021473400928955874,target,minute interval; not exact exchange fill
424,1794245.0,1794251.0,-1.0,0.772,1898.81,1898.0,0.73294066,0.7326280000000001,0.0,0.6253199999999579,-0.8402486600000422,9702.692866145284,2.0,9703.533114805285,0.1510667612153983,1685491920.0,2023-05-31 00:05:00+00:00,2023-05-31 00:05:00+00:00,2023-05-31 00:11:00+00:00,2023-05-31 00:12:00+00:00,2021.6629354256613,1897.615397146004,2023-06-05 00:00:00+00:00,0.009723844610280882,-0.008859413869346664,target,minute interval; not exact exchange fill
425,1795685.0,1795736.0,-1.0,0.673,1874.6100000000001,1867.82,0.630806265,0.62852143,0.0,4.569670000000129,3.310342305000129,9706.003208450284,2.0,9702.692866145284,0.13002704995455736,1685581020.0,2023-06-01 00:05:00+00:00,2023-06-01 00:05:00+00:00,2023-06-01 00:56:00+00:00,2023-06-01 00:57:00+00:00,2015.9422472254648,1867.438700459938,2023-06-06 00:00:00+00:00,0.050740716862881945,0.03480299150804094,target,minute interval; not exact exchange fill
426,1797125.0,1797137.0,-1.0,0.756,1861.51,1857.67,0.70365078,0.70219926,0.0,2.903039999999938,1.4971899599999383,9707.500398410284,2.0,9706.003208450284,0.14499290076215604,1685665080.0,2023-06-02 00:05:00+00:00,2023-06-02 00:05:00+00:00,2023-06-02 00:17:00+00:00,2023-06-02 00:18:00+00:00,1987.2241564463388,1857.2979718790862,2023-06-07 00:00:00+00:00,0.03350480359554204,0.015753277562223132,target,minute interval; not exact exchange fill
427,1798565.0,1798657.0,-1.0,0.604,1904.64,1898.63,0.57520128,0.57338626,0.0,3.6300399999999944,2.4814524599999945,9709.981850870283,2.0,9707.500398410284,0.1185065684044053,1685756280.0,2023-06-03 00:05:00+00:00,2023-06-03 00:05:00+00:00,2023-06-03 01:37:00+00:00,2023-06-03 01:38:00+00:00,2062.663093395847,1898.2428208047336,2023-06-08 00:00:00+00:00,0.0404825589589087,0.025998510165274106,target,minute interval; not exact exchange fill
428,1800005.0,1800063.0,-1.0,0.727,1891.02,1886.32,0.68738577,0.68567732,0.0,3.416900000000033,2.043836910000033,9712.025687780284,2.0,9709.981850870283,0.14158332745769062,1685840640.0,2023-06-04 00:05:00+00:00,2023-06-04 00:05:00+00:00,2023-06-04 01:03:00+00:00,2023-06-04 01:04:00+00:00,2021.866829730569,1885.9416208787688,2023-06-09 00:00:00+00:00,0.03881163289693908,0.02148565621183905,target,minute interval; not exact exchange fill
429,1801445.0,1801461.0,-1.0,0.6900000000000001,1886.69,1880.8500000000001,0.6509080500000002,0.6488932500000001,0.0,4.0295999999999434,2.7297986999999435,9714.755486480284,2.0,9712.025687780284,0.13404166564735834,1685924520.0,2023-06-05 00:05:00+00:00,2023-06-05 00:05:00+00:00,2023-06-05 00:21:00+00:00,2023-06-05 00:22:00+00:00,2024.7187515567966,1880.4639456420655,2023-06-10 00:00:00+00:00,0.04510693813942563,0.02866236168463781,target,minute interval; not exact exchange fill
430,1802885.0,1802965.0,-1.0,0.718,1809.89,1805.58,0.64975051,0.64820322,0.0,3.094580000000124,1.7966262700001239,9716.552112750285,2.0,9714.755486480284,0.13376569506133984,1686014760.0,2023-06-06 00:05:00+00:00,2023-06-06 00:05:00+00:00,2023-06-06 01:25:00+00:00,2023-06-06 01:26:00+00:00,1942.515812247128,1805.2187490582648,2023-06-11 00:00:00+00:00,0.03522128055307282,0.01886710405465857,target,minute interval; not exact exchange fill
431,1804325.0,1804394.0,-1.0,0.588,1882.1000000000001,1880.76,0.5533374,0.5529434400000001,0.0,0.7879200000000856,-0.3183608399999145,9716.233751910284,2.0,9716.552112750285,0.11389583333246324,1686100500.0,2023-06-07 00:05:00+00:00,2023-06-07 00:05:00+00:00,2023-06-07 01:14:00+00:00,2023-06-07 01:15:00+00:00,2044.6630423195372,1880.3829870139537,2023-06-12 00:00:00+00:00,0.010562136150672486,-0.0033305848135864067,target,minute interval; not exact exchange fill
432,1805765.0,1808859.0,-1.0,0.461,1831.5900000000001,1823.97,0.4221814950000001,0.42042508500000003,-0.2881056906459245,3.5128200000000547,2.958319110645979,9719.192071020932,2.0,9716.233751910284,0.08690229275659327,1686368400.0,2023-06-08 00:05:00+00:00,2023-06-08 00:05:00+00:00,2023-06-10 03:39:00+00:00,2023-06-10 03:40:00+00:00,2039.3330678706664,1823.5976200181804,2023-06-13 00:00:00+00:00,0.03847242684793497,0.030889974717205188,target,minute interval; not exact exchange fill
433,1810085.0,1810146.0,-1.0,0.496,1748.74,1743.8700000000001,0.43368752,0.43247976,0.0,2.4155199999999457,1.5493527199999457,9720.741423740932,2.0,9719.192071020932,0.08924353317249428,1686445620.0,2023-06-11 00:05:00+00:00,2023-06-11 00:05:00+00:00,2023-06-11 01:06:00+00:00,2023-06-11 01:07:00+00:00,1942.1496632169217,1743.5139789955258,2023-06-16 00:00:00+00:00,0.027020475179737418,0.016150666662898126,target,minute interval; not exact exchange fill
434,1811525.0,1811660.0,-1.0,0.47600000000000003,1750.42,1740.54,0.4165999600000001,0.41424852000000006,0.0,4.702880000000052,3.8720315200000517,9724.613455260931,2.0,9720.741423740932,0.08571361830128296,1686536460.0,2023-06-12 00:05:00+00:00,2023-06-12 00:05:00+00:00,2023-06-12 02:20:00+00:00,2023-06-12 02:21:00+00:00,1951.765173314155,1740.1840510057766,2023-06-17 00:00:00+00:00,0.05083781659991678,0.040400869144789374,target,minute interval; not exact exchange fill
435,1812965.0,1813007.0,-1.0,0.585,1742.22,1736.06,0.50959935,0.5077975499999999,0.0,3.6036000000000477,2.586203100000048,9727.19965836093,2.0,9724.613455260931,0.10480608866243649,1686617280.0,2023-06-13 00:05:00+00:00,2023-06-13 00:05:00+00:00,2023-06-13 00:47:00+00:00,2023-06-13 00:48:00+00:00,1905.9033986703157,1735.704496918835,2023-06-18 00:00:00+00:00,0.03980552172116267,0.027008603413131688,target,minute interval; not exact exchange fill
436,1814405.0,1814743.0,-1.0,0.58,1739.38,1736.66,0.5044202,0.5036314,0.0,1.5776000000000157,0.5695484000000157,9727.76920676093,2.0,9727.19965836093,0.10371334355544558,1686721440.0,2023-06-14 00:05:00+00:00,2023-06-14 00:05:00+00:00,2023-06-14 05:43:00+00:00,2023-06-14 05:44:00+00:00,1904.5323584172183,1736.3066569906134,2023-06-19 00:00:00+00:00,0.018609137882382634,0.00594590358509618,target,minute interval; not exact exchange fill
437,1815845.0,1816185.0,-1.0,0.425,1648.45,1642.28,0.350295625,0.3489845,0.0,2.622250000000031,1.922969875000031,9729.69217663593,2.0,9727.76920676093,0.07201972364980448,1686807960.0,2023-06-15 00:05:00+00:00,2023-06-15 00:05:00+00:00,2023-06-15 05:45:00+00:00,2023-06-15 05:46:00+00:00,1874.578181700328,1641.9477382123182,2023-06-20 00:00:00+00:00,0.028754760856383847,0.020009160140845503,target,minute interval; not exact exchange fill
438,1817285.0,1817300.0,-1.0,0.47600000000000003,1663.3500000000001,1660.92,0.39587730000000004,0.39529896000000003,0.0,1.1566800000000304,0.36550374000003033,9730.05768037593,2.0,9729.69217663593,0.08137509241055473,1686874860.0,2023-06-16 00:05:00+00:00,2023-06-16 00:05:00+00:00,2023-06-16 00:20:00+00:00,2023-06-16 00:21:00+00:00,1864.9867035879631,1660.5835675429998,2023-06-21 00:00:00+00:00,0.013719885357049837,0.0038081608473880175,target,minute interval; not exact exchange fill
439,1818725.0,1822594.0,-1.0,0.384,1716.97,1706.31,0.32965824000000005,0.32761152,-0.1701369244756708,4.093440000000031,3.606307164475702,9733.663987540409,2.0,9730.05768037593,0.06776079871856697,1687192500.0,2023-06-17 00:05:00+00:00,2023-06-17 00:05:00+00:00,2023-06-19 16:34:00+00:00,2023-06-19 16:35:00+00:00,1967.6283304382825,1705.9671166485593,2023-06-22 00:00:00+00:00,0.04389594126874564,0.037467036866748696,target,minute interval; not exact exchange fill
440,1823045.0,1823275.0,-1.0,0.558,1734.18,1730.27,0.4838362200000001,0.48274533000000003,0.0,2.181780000000046,1.215198450000046,9734.879185990409,2.0,9733.663987540409,0.09941502411000325,1687233360.0,2023-06-20 00:05:00+00:00,2023-06-20 00:05:00+00:00,2023-06-20 03:55:00+00:00,2023-06-20 03:56:00+00:00,1906.0977756977718,1729.9143106775296,2023-06-25 00:00:00+00:00,0.024812380832389958,0.012667538252871362,target,minute interval; not exact exchange fill
441,1824485.0,1831680.0,-1.0,0.488,1787.3700000000001,1898.64,0.43611828,0.46326816000000004,-1.0917859001952794,-54.29975999999999,-54.107360539804716,9680.771825450605,4.0,9734.879185990409,0.08959911503116003,1687737600.0,2023-06-21 00:05:00+00:00,2023-06-21 00:05:00+00:00,2023-06-26 00:00:00+00:00,2023-06-26 00:00:00+00:00,1984.2682684205402,1785.1175394598833,2023-06-26 00:00:00+00:00,0.011439717363618011,-0.5631118023560481,timeout,minute interval; not exact exchange fill
442,1833125.0,1834731.0,-1.0,0.41600000000000004,1857.27,1851.54,0.38631216,0.38512032000000007,-0.1364458824352,2.3836800000000076,1.7486934024352074,9682.52051885304,2.0,9680.771825450605,0.07981019839438651,1687920720.0,2023-06-27 00:05:00+00:00,2023-06-27 00:05:00+00:00,2023-06-28 02:51:00+00:00,2023-06-28 02:52:00+00:00,2086.9331997538325,1851.1629409512195,2023-07-02 00:00:00+00:00,0.02659136968972995,0.0183032802565047,target,minute interval; not exact exchange fill
443,1836005.0,1843200.0,-1.0,0.381,1829.26,1955.4,0.34847403000000005,0.37250370000000005,-0.9869112350628136,-48.05934000000004,-47.79340649493723,9634.727112358103,4.0,9682.52051885304,0.07198002406945152,1688428800.0,2023-06-29 00:05:00+00:00,2023-06-29 00:05:00+00:00,2023-07-04 00:00:00+00:00,2023-07-04 00:00:00+00:00,2080.5907059005976,1815.637489275699,2023-07-04 00:00:00+00:00,0.05420153767319142,-0.4991113654347844,timeout,minute interval; not exact exchange fill
444,1844645.0,1844995.0,-1.0,0.562,1936.79,1932.23,0.5442379900000001,0.54295663,0.0,2.5627199999999695,1.4755253799999695,9636.202637738104,2.0,9634.727112358103,0.11297424071345548,1688536560.0,2023-07-05 00:05:00+00:00,2023-07-05 00:05:00+00:00,2023-07-05 05:55:00+00:00,2023-07-05 05:56:00+00:00,2105.457234127336,1931.8380889962555,2023-07-10 00:00:00+00:00,0.02935905737332499,0.015566093874627837,target,minute interval; not exact exchange fill
445,1846085.0,1846113.0,-1.0,0.433,1908.6100000000001,1905.1000000000001,0.413214065,0.41245415,0.0,1.519829999999996,0.6941617849999959,9636.896799523105,2.0,9636.202637738104,0.08576284259148649,1688603640.0,2023-07-06 00:05:00+00:00,2023-07-06 00:05:00+00:00,2023-07-06 00:33:00+00:00,2023-07-06 00:34:00+00:00,2128.283615540048,1904.7164508253643,2023-07-11 00:00:00+00:00,0.017724245877521062,0.007297849566771158,target,minute interval; not exact exchange fill
446,1848965.0,1849202.0,-1.0,0.406,1868.03,1859.74,0.37921009000000006,0.37752722,0.0,3.3657399999999855,2.6090026899999854,9639.505802213105,2.0,9636.896799523105,0.07869962663059041,1688788980.0,2023-07-08 00:05:00+00:00,2023-07-08 00:05:00+00:00,2023-07-08 04:02:00+00:00,2023-07-08 04:03:00+00:00,2102.4615161111774,1859.3592536739905,2023-07-13 00:00:00+00:00,0.036986265626066606,0.027411480788071284,target,minute interval; not exact exchange fill
447,1850405.0,1851249.0,-1.0,0.47000000000000003,1862.46,1857.68,0.4376781,0.4365548000000001,-0.025247186452843594,2.2465999999999875,1.397614286452831,9640.90341649956,2.0,9639.505802213105,0.09080924042797191,1688911800.0,2023-07-09 00:05:00+00:00,2023-07-09 00:05:00+00:00,2023-07-09 14:09:00+00:00,2023-07-09 14:10:00+00:00,2064.7456551954756,1857.3025312541422,2023-07-14 00:00:00+00:00,0.025495968761966845,0.014700238705068876,target,minute interval; not exact exchange fill
448,1851845.0,1851851.0,-1.0,0.438,1859.45,1850.52,0.40721955000000004,0.40526387999999997,0.0,3.911340000000028,3.0988565700000277,9644.00227306956,2.0,9640.90341649956,0.0844774669774369,1688947920.0,2023-07-10 00:05:00+00:00,2023-07-10 00:05:00+00:00,2023-07-10 00:11:00+00:00,2023-07-10 00:12:00+00:00,2076.456858033946,1850.147657849993,2023-07-15 00:00:00+00:00,0.0428665814264352,0.03260272538895214,target,minute interval; not exact exchange fill
449,1853285.0,1853837.0,-1.0,0.47200000000000003,1876.3600000000001,1872.89,0.4428209600000001,0.4420020400000001,-0.06799599276240001,1.637840000000013,0.8210129927624128,9644.823286062323,2.0,9644.00227306956,0.09183344164829939,1689067080.0,2023-07-11 00:05:00+00:00,2023-07-11 00:05:00+00:00,2023-07-11 09:17:00+00:00,2023-07-11 09:18:00+00:00,2077.9761192953906,1872.5094526841615,2023-07-16 00:00:00+00:00,0.0190984100343542,0.00862745653858935,target,minute interval; not exact exchange fill
450,1854725.0,1855884.0,-1.0,0.66,1877.1000000000001,1874.76,0.6194430000000001,0.6186708,-0.21569859832701313,1.5444000000000961,0.5219847983271092,9645.34527086065,2.0,9644.823286062323,0.12845087600415728,1689189900.0,2023-07-12 00:05:00+00:00,2023-07-12 00:05:00+00:00,2023-07-12 19:24:00+00:00,2023-07-12 19:25:00+00:00,2020.4023053806186,1874.3771635140283,2023-07-17 00:00:00+00:00,0.019000646770753717,0.005519004428929057,target,minute interval; not exact exchange fill
451,1856165.0,1856367.0,-1.0,0.532,1871.5,1866.91,0.497819,0.49659806000000006,0.0,2.4418799999999568,1.4474629399999568,9646.792733800648,2.0,9645.34527086065,0.10322471327261878,1689218880.0,2023-07-13 00:05:00+00:00,2023-07-13 00:05:00+00:00,2023-07-13 03:27:00+00:00,2023-07-13 03:28:00+00:00,2050.1036407954157,1866.533942509046,2023-07-18 00:00:00+00:00,0.027804906265278317,0.01523370401567847,target,minute interval; not exact exchange fill
452,1857605.0,1858059.0,-1.0,0.418,2003.52,1999.42,0.41873568,0.41787878,0.0,1.713799999999962,0.8771855399999621,9647.66991934065,2.0,9646.792733800648,0.08681345013930372,1689320400.0,2023-07-14 00:05:00+00:00,2023-07-14 00:05:00+00:00,2023-07-14 07:39:00+00:00,2023-07-14 07:40:00+00:00,2231.168025086824,1999.0194684582243,2023-07-19 00:00:00+00:00,0.019769692884702993,0.009218309709471625,target,minute interval; not exact exchange fill
453,1859045.0,1860621.0,-1.0,0.353,1934.52,1924.93,0.34144278,0.339750145,-0.15402440711337634,3.385269999999971,2.8581014821133475,9650.528020822763,2.0,9647.66991934065,0.07078243407053363,1689474120.0,2023-07-15 00:05:00+00:00,2023-07-15 00:05:00+00:00,2023-07-16 02:21:00+00:00,2023-07-16 02:22:00+00:00,2205.074995909674,1924.5395355461399,2023-07-20 00:00:00+00:00,0.036888856627109376,0.029925911136738766,target,minute interval; not exact exchange fill
454,1861925.0,1862541.0,-1.0,0.39,1917.23,1908.3500000000001,0.37385985,0.37212825000000005,-0.017391819393,3.463199999999954,2.7346037193929535,9653.262624542154,2.0,9650.528020822763,0.07747966726656398,1689589320.0,2023-07-17 00:05:00+00:00,2023-07-17 00:05:00+00:00,2023-07-17 10:21:00+00:00,2023-07-17 10:22:00+00:00,2161.5150575927305,1907.9627510297164,2023-07-22 00:00:00+00:00,0.0379362088766554,0.0287033700619949,target,minute interval; not exact exchange fill
455,1863365.0,1863692.0,-1.0,0.418,1909.3,1903.0,0.3990437,0.397727,0.0,2.633399999999981,1.836629299999981,9655.099253842154,2.0,9653.262624542154,0.08267540530503827,1689658380.0,2023-07-18 00:05:00+00:00,2023-07-18 00:05:00+00:00,2023-07-18 05:32:00+00:00,2023-07-18 05:33:00+00:00,2137.2243411011445,1902.617206926141,2023-07-23 00:00:00+00:00,0.029320225481723746,0.01927766897897984,target,minute interval; not exact exchange fill
456,1864805.0,1866063.0,-1.0,0.496,1896.14,1892.65,0.47024272,0.46937720000000005,-0.1812239991668898,1.7310400000000046,0.9726440791668944,9656.07189792132,2.0,9655.099253842154,0.09740815866038278,1689800640.0,2023-07-19 00:05:00+00:00,2023-07-19 00:05:00+00:00,2023-07-19 21:03:00+00:00,2023-07-19 21:04:00+00:00,2087.8938872724334,1892.2670427561413,2023-07-24 00:00:00+00:00,0.02019754227123584,0.010226525229583696,target,minute interval; not exact exchange fill
457,1866245.0,1866271.0,-1.0,0.41300000000000003,1888.44,1882.47,0.38996286,0.3887300550000001,0.0,2.4656100000000114,1.6869170850000115,9657.75881500632,2.0,9656.07189792132,0.08077049635140933,1689813120.0,2023-07-20 00:05:00+00:00,2023-07-20 00:05:00+00:00,2023-07-20 00:31:00+00:00,2023-07-20 00:32:00+00:00,2119.314585606095,1882.0920778910477,2023-07-25 00:00:00+00:00,0.027495109919906256,0.017691618110660494,target,minute interval; not exact exchange fill
458,1867685.0,1867717.0,-1.0,0.516,1889.8400000000001,1886.23,0.48757872,0.48664734000000004,0.0,1.8627600000000657,0.8885339400000658,9658.64734894632,2.0,9657.75881500632,0.10097140119970598,1689899880.0,2023-07-21 00:05:00+00:00,2023-07-21 00:05:00+00:00,2023-07-21 00:37:00+00:00,2023-07-21 00:38:00+00:00,2074.2113302671487,1885.8519650343462,2023-07-26 00:00:00+00:00,0.021630450677311817,0.009339657079574421,target,minute interval; not exact exchange fill
459,1869125.0,1870517.0,-1.0,0.448,1890.3600000000001,1874.53,0.42344064000000003,0.41989472,-0.010432786738924704,7.09184000000007,6.258937426738994,9664.906286373061,2.0,9658.64734894632,0.08768114720457082,1690067880.0,2023-07-22 00:05:00+00:00,2023-07-22 00:05:00+00:00,2023-07-22 23:17:00+00:00,2023-07-22 23:18:00+00:00,2103.20196021693,1874.1464536737449,2023-07-27 00:00:00+00:00,0.07617645651134917,0.06563951232247804,target,minute interval; not exact exchange fill
460,1870565.0,1872590.0,-1.0,0.517,1863.69,1856.21,0.481763865,0.479830285,-0.1822163503539419,3.8671600000000095,3.087782200353951,9667.994068573416,2.0,9664.906286373061,0.09969343741682384,1690192260.0,2023-07-23 00:05:00+00:00,2023-07-23 00:05:00+00:00,2023-07-24 09:50:00+00:00,2023-07-24 09:51:00+00:00,2047.8598949162879,1855.8296394750043,2023-07-28 00:00:00+00:00,0.042679942498574715,0.032429292654635865,target,minute interval; not exact exchange fill
461,1873445.0,1880640.0,-1.0,0.504,1849.74,1880.24,0.46613448,0.47382048000000004,-1.0953266273089843,-15.372,-15.216628332691016,9652.777440240723,4.0,9667.994068573416,0.09642837525422304,1690675200.0,2023-07-25 00:05:00+00:00,2023-07-25 00:05:00+00:00,2023-07-30 00:00:00+00:00,2023-07-30 00:00:00+00:00,2038.9307644168816,1842.500843611503,2023-07-30 00:00:00+00:00,0.038263793747065,-0.15958349222478968,timeout,minute interval; not exact exchange fill
462,1882085.0,1883649.0,-1.0,0.555,1860.43,1849.92,0.5162693250000001,0.5133528000000002,-0.12771073291410198,5.833049999999996,4.9311386079140975,9657.708578848638,2.0,9652.777440240723,0.10696803654619955,1690855800.0,2023-07-31 00:05:00+00:00,2023-07-31 00:05:00+00:00,2023-08-01 02:09:00+00:00,2023-08-01 02:10:00+00:00,2031.4353188699909,1849.548553693347,2023-08-05 00:00:00+00:00,0.06363220967954707,0.0519570647707686,target,minute interval; not exact exchange fill
463,1884965.0,1885007.0,-1.0,0.625,1875.03,1868.03,0.585946875,0.583759375,0.0,4.375,3.20529375,9660.913872598638,2.0,9657.708578848638,0.12134283618440984,1690937280.0,2023-08-02 00:05:00+00:00,2023-08-02 00:05:00+00:00,2023-08-02 00:47:00+00:00,2023-08-02 00:48:00+00:00,2026.6762444638305,1867.6543558162512,2023-08-07 00:00:00+00:00,0.04863717007847168,0.03381864165599698,target,minute interval; not exact exchange fill
464,1886405.0,1886463.0,-1.0,0.93,1838.25,1836.81,0.85478625,0.85411665,0.0,1.3392000000000508,-0.3697028999999492,9660.544169698638,2.0,9660.913872598638,0.1769576380189953,1691024640.0,2023-08-03 00:05:00+00:00,2023-08-03 00:05:00+00:00,2023-08-03 01:03:00+00:00,2023-08-03 01:04:00+00:00,1939.5270103046903,1836.4392541785069,2023-08-08 00:00:00+00:00,0.017879139757833767,-0.003925175109375589,target,minute interval; not exact exchange fill
465,1887845.0,1887983.0,-1.0,1.7,1836.43,1833.1100000000001,1.5609655,1.5581435000000001,0.0,5.643999999999892,2.524890999999892,9663.069060698637,2.0,9660.544169698638,0.32316305843228593,1691115840.0,2023-08-04 00:05:00+00:00,2023-08-04 00:05:00+00:00,2023-08-04 02:23:00+00:00,2023-08-04 02:24:00+00:00,1890.6428376924646,1832.738092896778,2023-08-09 00:00:00+00:00,0.06810023714614113,0.027396278505568444,target,minute interval; not exact exchange fill
466,1889285.0,1893094.0,-1.0,1.5230000000000001,1829.72,1820.1000000000001,1.3933317800000002,1.3860061500000003,-1.6869489765647037,14.651259999999835,13.558871046564539,9676.627931745203,2.0,9663.069060698637,0.2883828670265682,1691422500.0,2023-08-05 00:05:00+00:00,2023-08-05 00:05:00+00:00,2023-08-07 15:34:00+00:00,2023-08-07 15:35:00+00:00,1890.575388835539,1819.729592718044,2023-08-10 00:00:00+00:00,0.16416635359861195,0.14629335009762534,target,minute interval; not exact exchange fill
467,1893605.0,1893718.0,-1.0,1.489,1828.9,1826.19,1.36161605,1.359598455,0.0,4.035190000000054,1.313975495000054,9677.941907240202,2.0,9676.627931745203,0.2814236652694012,1691459940.0,2023-08-08 00:05:00+00:00,2023-08-08 00:05:00+00:00,2023-08-08 01:58:00+00:00,2023-08-08 01:59:00+00:00,1891.2678323485559,1825.817358777457,2023-08-13 00:00:00+00:00,0.04942678150677256,0.014149201066797547,target,minute interval; not exact exchange fill
468,1895045.0,1895102.0,-1.0,1.546,1856.43,1853.14,1.4350203900000003,1.4324772200000002,0.0,5.086339999999944,2.218842389999944,9680.160749630202,2.0,9677.941907240202,0.296554867502654,1691542980.0,2023-08-09 00:05:00+00:00,2023-08-09 00:05:00+00:00,2023-08-09 01:02:00+00:00,2023-08-09 01:03:00+00:00,1916.3810808651522,1852.76747674104,2023-08-14 00:00:00+00:00,0.06109186366795075,0.023939768546094954,target,minute interval; not exact exchange fill
469,1896485.0,1896791.0,-1.0,1.3920000000000001,1854.56,1850.88,1.29077376,1.28821248,0.0,5.122559999999773,2.5435737599997728,9682.704323390202,2.0,9680.160749630202,0.26668436473006085,1691644320.0,2023-08-10 00:05:00+00:00,2023-08-10 00:05:00+00:00,2023-08-10 05:11:00+00:00,2023-08-10 05:12:00+00:00,1921.480054563073,1850.5089076589707,2023-08-15 00:00:00+00:00,0.06053629763871571,0.02730541706713044,target,minute interval; not exact exchange fill
470,1897925.0,1898046.0,-1.0,1.534,1850.71,1849.67,1.4194945700000001,1.41869689,0.0,1.5953599999999442,-1.242831460000056,9681.461491930202,2.0,9682.704323390202,0.29320208953834764,1691719620.0,2023-08-11 00:05:00+00:00,2023-08-11 00:05:00+00:00,2023-08-11 02:06:00+00:00,2023-08-11 02:07:00+00:00,1906.2441598772577,1849.2993211109995,2023-08-16 00:00:00+00:00,0.02540200287748054,-0.014589038562764407,target,minute interval; not exact exchange fill
471,1899365.0,1902158.0,-1.0,1.45,1847.26,1838.4,1.3392635,1.33284,-0.7907548877745483,12.846999999999854,10.965651387774402,9692.427143317978,2.0,9681.461491930202,0.27666556358589406,1691966340.0,2023-08-12 00:05:00+00:00,2023-08-12 00:05:00+00:00,2023-08-13 22:38:00+00:00,2023-08-13 22:39:00+00:00,1911.402286855793,1838.0286747449602,2023-08-17 00:00:00+00:00,0.1439194906753793,0.1179022228419676,target,minute interval; not exact exchange fill
472,1902245.0,1902374.0,-1.0,1.532,1840.54,1836.33,1.4098536400000001,1.4066287800000001,0.0,6.449720000000056,3.6332375800000563,9696.06038089798,2.0,9692.427143317978,0.2909185943114284,1691979300.0,2023-08-14 00:05:00+00:00,2023-08-14 00:05:00+00:00,2023-08-14 02:14:00+00:00,2023-08-14 02:15:00+00:00,1901.177114032732,1835.9562090472182,2023-08-19 00:00:00+00:00,0.0755938178440919,0.03911078285684667,target,minute interval; not exact exchange fill
473,1903685.0,1903856.0,-1.0,0.548,1844.26,1843.23,0.5053272400000001,0.5050450200000001,0.0,0.5644399999999851,-0.44593226000001507,9695.61444863798,2.0,9696.06038089798,0.10423351756256291,1692068220.0,2023-08-15 00:05:00+00:00,2023-08-15 00:05:00+00:00,2023-08-15 02:56:00+00:00,2023-08-15 02:57:00+00:00,1896.8783833712705,1842.8538298925637,2023-08-20 00:00:00+00:00,0.026723932157217793,-0.015465032330208949,target,minute interval; not exact exchange fill
474,1905125.0,1905411.0,-1.0,2.019,1828.26,1826.71,1.84562847,1.8440637450000001,0.0,3.1294499999999084,-0.5602422150000919,9695.05420642298,2.0,9695.61444863798,0.38071408053138295,1692161520.0,2023-08-16 00:05:00+00:00,2023-08-16 00:05:00+00:00,2023-08-16 04:51:00+00:00,2023-08-16 04:52:00+00:00,1873.6841218650516,1826.3430448812132,2023-08-21 00:00:00+00:00,0.0422012587162772,-0.00610875870808054,target,minute interval; not exact exchange fill
475,1906565.0,1906597.0,-1.0,1.826,1808.01,1804.32,1.6507131300000002,1.64734416,0.0,6.7379400000000995,3.4398827100000995,9698.494089132979,2.0,9695.05420642298,0.34052684902089597,1692232680.0,2023-08-17 00:05:00+00:00,2023-08-17 00:05:00+00:00,2023-08-17 00:37:00+00:00,2023-08-17 00:38:00+00:00,1858.5515758002584,1803.9538775095357,2023-08-22 00:00:00+00:00,0.08025318613915404,0.037272977151425135,target,minute interval; not exact exchange fill
476,1908005.0,1908176.0,-1.0,1.094,1687.25,1677.81,0.9229257500000001,0.91776207,0.0,10.327360000000061,8.486672180000062,9706.98076131298,2.0,9698.494089132979,0.19032351652080193,1692327420.0,2023-08-18 00:05:00+00:00,2023-08-18 00:05:00+00:00,2023-08-18 02:56:00+00:00,2023-08-18 02:57:00+00:00,1773.483749905002,1677.467915509993,2023-08-23 00:00:00+00:00,0.11343684463198352,0.08995862998589235,target,minute interval; not exact exchange fill
477,1909445.0,1914712.0,-1.0,0.865,1662.06,1643.8600000000001,0.71884095,0.7109694500000001,0.7088991661182226,15.742999999999842,13.60429043388162,9720.58505174686,2.0,9706.98076131298,0.1481080405278909,1692719580.0,2023-08-19 00:05:00+00:00,2023-08-19 00:05:00+00:00,2023-08-22 15:52:00+00:00,2023-08-22 15:53:00+00:00,1771.8402211957107,1643.524679578164,2023-08-24 00:00:00+00:00,0.16884025391779842,0.14326354256230223,target,minute interval; not exact exchange fill
478,1915205.0,1915265.0,-1.0,0.9570000000000001,1635.8500000000001,1630.6200000000001,0.7827542250000001,0.7802516700000002,0.0,5.005110000000018,3.442104105000018,9724.027155851862,2.0,9720.58505174686,0.1610508463910479,1692752760.0,2023-08-23 00:05:00+00:00,2023-08-23 00:05:00+00:00,2023-08-23 01:05:00+00:00,2023-08-23 01:06:00+00:00,1735.0917498786691,1630.2872959780225,2023-08-28 00:00:00+00:00,0.05605205499478298,0.03624245848543937,target,minute interval; not exact exchange fill
479,1916645.0,1917141.0,-1.0,0.779,1679.75,1671.55,0.6542626250000001,0.651068725,0.01247841492192841,6.387800000000036,5.069990235078107,9729.09714608694,2.0,9724.027155851862,0.13456618631639028,1692865320.0,2023-08-24 00:05:00+00:00,2023-08-24 00:05:00+00:00,2023-08-24 08:21:00+00:00,2023-08-24 08:22:00+00:00,1802.0941727931588,1671.2080399077256,2023-08-29 00:00:00+00:00,0.06981910047089745,0.05319690629328654,target,minute interval; not exact exchange fill
480,1918085.0,1918111.0,-1.0,0.9430000000000001,1659.72,1656.74,0.7825579800000001,0.7811529100000001,0.0,2.8101400000000174,1.2464291100000173,9730.343575196941,2.0,9729.09714608694,0.16086959935737638,1692923520.0,2023-08-25 00:05:00+00:00,2023-08-25 00:05:00+00:00,2023-08-25 00:31:00+00:00,2023-08-25 00:32:00+00:00,1760.498075906287,1656.4004454636179,2023-08-30 00:00:00+00:00,0.0329392529727298,0.013115650285178337,target,minute interval; not exact exchange fill
481,1919525.0,1922958.0,-1.0,0.781,1652.3700000000001,1634.81,0.645250485,0.638393305,0.08667454098792364,13.714360000000136,12.344041669012213,9742.687616865951,2.0,9730.343575196941,0.13262645455701502,1693214340.0,2023-08-26 00:05:00+00:00,2023-08-26 00:05:00+00:00,2023-08-28 09:18:00+00:00,2023-08-28 09:19:00+00:00,1774.568886492992,1634.481416395054,2023-08-31 00:00:00+00:00,0.14638908846335444,0.12934185840707996,target,minute interval; not exact exchange fill
482,1923845.0,1924211.0,-1.0,0.776,1652.18,1648.33,0.64104584,0.6395520400000001,0.0,2.987600000000106,1.7070021200001062,9744.39461898595,2.0,9742.687616865951,0.13159527744485214,1693289520.0,2023-08-29 00:05:00+00:00,2023-08-29 00:05:00+00:00,2023-08-29 06:11:00+00:00,2023-08-29 06:12:00+00:00,1775.3958016303343,1647.9980910712034,2023-09-03 00:00:00+00:00,0.033939712873378464,0.01785278325421036,target,minute interval; not exact exchange fill
483,1925285.0,1925329.0,-1.0,0.719,1728.67,1723.33,0.621456865,0.619537135,0.0,3.8394600000001047,2.598466000000105,9746.993084985952,2.0,9744.39461898595,0.12755166211950308,1693356600.0,2023-08-30 00:05:00+00:00,2023-08-30 00:05:00+00:00,2023-08-30 00:49:00+00:00,2023-08-30 00:50:00+00:00,1861.5998767370334,1722.9786062192795,2023-09-04 00:00:00+00:00,0.042815008336910355,0.027187266615386188,target,minute interval; not exact exchange fill
484,1926725.0,1927658.0,-1.0,0.655,1703.26,1695.8500000000001,0.55781765,0.5553908750000001,-0.06653284710409295,4.853549999999905,3.8068743221039987,9750.799959308055,2.0,9746.993084985952,0.1144594327986648,1693496340.0,2023-08-31 00:05:00+00:00,2023-08-31 00:05:00+00:00,2023-08-31 15:38:00+00:00,2023-08-31 15:39:00+00:00,1849.4468069270715,1695.5098054867226,2023-09-05 00:00:00+00:00,0.053015690514012975,0.039757499243465146,target,minute interval; not exact exchange fill
485,1928165.0,1928811.0,-1.0,0.804,1646.95,1641.04,0.6620739000000001,0.65969808,0.0239715597312,4.751640000000066,3.4058964602688655,9754.205855768323,2.0,9750.799959308055,0.13579888886305955,1693565520.0,2023-09-01 00:05:00+00:00,2023-09-01 00:05:00+00:00,2023-09-01 10:51:00+00:00,2023-09-01 10:52:00+00:00,1765.8169314477016,1640.7073985799045,2023-09-06 00:00:00+00:00,0.05251756181526494,0.03563808349056187,target,minute interval; not exact exchange fill
486,1929605.0,1936800.0,-1.0,0.754,1627.02,1632.66,0.61338654,0.6155128200000001,-0.05793157811027316,-4.252560000000075,-5.423527781889803,9748.782327986435,4.0,9754.205855768323,0.1257686272096181,1694044800.0,2023-09-02 00:05:00+00:00,2023-09-02 00:05:00+00:00,2023-09-07 00:00:00+00:00,2023-09-07 00:00:00+00:00,1754.0448641840492,1605.857910646758,2023-09-07 00:00:00+00:00,0.1665980081079225,-0.0566267692116305,timeout,minute interval; not exact exchange fill
487,1938245.0,1938632.0,-1.0,1.07,1645.07,1643.14,0.8801124499999999,0.8790799000000001,0.0,2.0650999999998247,0.30590764999982467,9749.088235636435,2.0,9748.782327986435,0.18055843702108446,1694154780.0,2023-09-08 00:05:00+00:00,2023-09-08 00:05:00+00:00,2023-09-08 06:32:00+00:00,2023-09-08 06:33:00+00:00,1733.8443770294632,1642.8074052880388,2023-09-13 00:00:00+00:00,0.025487024383287954,0.0032204675444238895,target,minute interval; not exact exchange fill
488,1939685.0,1941382.0,-1.0,1.046,1635.78,1620.55,0.8555129400000001,0.84754765,-0.19502921657140002,15.93058000000002,14.422548626571421,9763.510784263008,2.0,9749.088235636435,0.17550624618880598,1694319780.0,2023-09-09 00:05:00+00:00,2023-09-09 00:05:00+00:00,2023-09-10 04:22:00+00:00,2023-09-10 04:23:00+00:00,1726.6377374477481,1620.2167298398524,2023-09-14 00:00:00+00:00,0.1712927329837806,0.15175688712069899,target,minute interval; not exact exchange fill
489,1942565.0,1942598.0,-1.0,0.864,1616.48,1608.54,0.69831936,0.69488928,0.0,6.860160000000047,5.4669513600000466,9768.977735623006,2.0,9763.510784263008,0.143046773938236,1694392740.0,2023-09-11 00:05:00+00:00,2023-09-11 00:05:00+00:00,2023-09-11 00:38:00+00:00,2023-09-11 00:39:00+00:00,1727.1218486105456,1608.2111315842571,2023-09-16 00:00:00+00:00,0.0747354506417271,0.05718893962331142,target,minute interval; not exact exchange fill
490,1944005.0,1949689.0,-1.0,0.934,1549.69,1652.3600000000001,0.7237052300000001,0.77165212,-0.015022126344271226,-95.89378000000008,-97.37411522365579,9671.60362039935,1.0,9768.977735623006,0.1481639634331394,1694818200.0,2023-09-12 00:05:00+00:00,2023-09-12 00:05:00+00:00,2023-09-15 22:49:00+00:00,2023-09-15 22:50:00+00:00,1652.020392832309,1546.8355328706264,2023-09-17 00:00:00+00:00,0.027894617135413198,-1.0188072034844566,stop,minute interval; not exact exchange fill
491,1949765.0,1951210.0,-1.0,0.909,1639.63,1623.44,0.7452118350000001,0.7378534800000002,-0.0508987038428905,14.71671000000005,13.28454338884294,9684.888163788193,2.0,9671.60362039935,0.15410305555289694,1694909460.0,2023-09-16 00:05:00+00:00,2023-09-16 00:05:00+00:00,2023-09-17 00:10:00+00:00,2023-09-17 00:11:00+00:00,1743.6003991364264,1623.1096396343546,2023-09-21 00:00:00+00:00,0.15889484413701313,0.14056365364595763,target,minute interval; not exact exchange fill
492,1952645.0,1952671.0,-1.0,0.755,1622.43,1612.54,0.6124673250000001,0.60873385,0.0,7.466950000000075,6.245748825000075,9691.133912613193,2.0,9684.888163788193,0.12647896695183658,1694997120.0,2023-09-18 00:05:00+00:00,2023-09-18 00:05:00+00:00,2023-09-18 00:31:00+00:00,2023-09-18 00:32:00+00:00,1748.2573046969492,1612.2141222676414,2023-09-23 00:00:00+00:00,0.081189673075834,0.06574499088194075,target,minute interval; not exact exchange fill
493,1954085.0,1954098.0,-1.0,1.043,1636.8700000000001,1633.27,0.853627705,0.8517503049999999,0.0,3.754800000000142,2.049421990000142,9693.183334603193,2.0,9691.133912613193,0.1761667339853776,1695082740.0,2023-09-19 00:05:00+00:00,2023-09-19 00:05:00+00:00,2023-09-19 00:18:00+00:00,2023-09-19 00:19:00+00:00,1727.4473435924674,1632.934909940504,2023-09-24 00:00:00+00:00,0.043444529320722854,0.02169339397764748,target,minute interval; not exact exchange fill
494,1955525.0,1955552.0,-1.0,1.286,1641.1000000000001,1639.1100000000001,1.0552273,1.0539477300000002,0.0,2.5591400000000117,0.44996497000001145,9693.633299573194,2.0,9693.183334603193,0.2177256456571906,1695169980.0,2023-09-20 00:05:00+00:00,2023-09-20 00:05:00+00:00,2023-09-20 00:32:00+00:00,2023-09-20 00:33:00+00:00,1714.1230966015373,1638.7800358519398,2023-09-25 00:00:00+00:00,0.03177027893954679,0.004791566179523581,target,minute interval; not exact exchange fill
495,1956965.0,1957029.0,-1.0,1.112,1620.3700000000001,1616.72,0.9009257200000002,0.8988963200000001,0.0,4.058800000000102,2.258977960000102,9695.892277533194,2.0,9693.633299573194,0.1858798846949714,1695258600.0,2023-09-21 00:05:00+00:00,2023-09-21 00:05:00+00:00,2023-09-21 01:09:00+00:00,2023-09-21 01:10:00+00:00,1705.215679327336,1616.394032092791,2023-09-26 00:00:00+00:00,0.04686117123147644,0.023942939889286644,target,minute interval; not exact exchange fill
496,1958405.0,1958426.0,-1.0,1.34,1584.23,1579.63,1.0614341000000003,1.0583521,0.0,6.163999999999879,4.044213799999879,9699.936491333194,2.0,9695.892277533194,0.21894510987080557,1695342420.0,2023-09-22 00:05:00+00:00,2023-09-22 00:05:00+00:00,2023-09-22 00:26:00+00:00,2023-09-22 00:27:00+00:00,1654.3478854844711,1579.3083270060283,2023-09-27 00:00:00+00:00,0.07019140637179784,0.04304279826961291,target,minute interval; not exact exchange fill
497,1959845.0,1962381.0,-1.0,1.247,1592.65,1579.54,0.9930172750000001,0.9848431900000001,-0.2458534379749761,16.34817000000016,14.616162972975136,9714.552654306171,2.0,9699.936491333194,0.2047471704350337,1695579720.0,2023-09-23 00:05:00+00:00,2023-09-23 00:05:00+00:00,2023-09-24 18:21:00+00:00,2023-09-24 18:22:00+00:00,1668.1619003444578,1579.2240882801289,2023-09-28 00:00:00+00:00,0.1777986205965833,0.15522137399710448,target,minute interval; not exact exchange fill
498,1962725.0,1962742.0,-1.0,0.985,1577.77,1573.25,0.7770517250000001,0.774825625,0.0,4.452199999999982,2.9003226499999815,9717.452976956172,2.0,9714.552654306171,0.15997684147721536,1695601380.0,2023-09-25 00:05:00+00:00,2023-09-25 00:05:00+00:00,2023-09-25 00:22:00+00:00,2023-09-25 00:23:00+00:00,1674.1252984927519,1572.931962933123,2023-09-30 00:00:00+00:00,0.050210389491356096,0.030558672393313936,target,minute interval; not exact exchange fill
499,1964165.0,1964830.0,-1.0,1.1320000000000001,1587.0900000000001,1585.57,0.8982929400000002,0.89743262,-0.028010560957600003,1.7206400000002369,-0.04707499904216329,9717.40590195713,2.0,9717.452976956172,0.1848823847422157,1695726660.0,2023-09-26 00:05:00+00:00,2023-09-26 00:05:00+00:00,2023-09-26 11:10:00+00:00,2023-09-26 11:11:00+00:00,1670.6482532030852,1585.2502823382545,2023-10-01 00:00:00+00:00,0.022017186707748885,-0.0004976849874867357,target,minute interval; not exact exchange fill
500,1965605.0,1965674.0,-1.0,1.443,1593.8400000000001,1590.22,1.1499555600000002,1.14734373,0.0,5.223660000000171,2.9263607100001705,9720.33226266713,2.0,9717.40590195713,0.2366795360001158,1695777300.0,2023-09-27 00:05:00+00:00,2023-09-27 00:05:00+00:00,2023-09-27 01:14:00+00:00,2023-09-27 01:15:00+00:00,1658.9080622167628,1589.8978706291396,2023-10-02 00:00:00+00:00,0.06058470525413962,0.031166903253462462,target,minute interval; not exact exchange fill
501,1967045.0,1968933.0,-1.0,1.209,1596.9,1675.38,0.9653260500000002,1.01276721,-0.12101916624805803,-94.88232000000002,-96.73939409375197,9623.59286857338,1.0,9720.33226266713,0.1986199697529943,1695972840.0,2023-09-28 00:05:00+00:00,2023-09-28 00:05:00+00:00,2023-09-29 07:33:00+00:00,2023-09-29 07:34:00+00:00,1675.0380653507925,1592.4279029792806,2023-10-03 00:00:00+00:00,0.05723327037395288,-1.0240340744912817,stop,minute interval; not exact exchange fill
502,1969925.0,1972697.0,-1.0,1.129,1665.78,1748.95,0.94033281,0.9872822750000001,-0.036556984667695705,-93.89893000000008,-95.78998810033238,9527.802880473047,1.0,9623.59286857338,0.19542240051960902,1696198680.0,2023-09-30 00:05:00+00:00,2023-09-30 00:05:00+00:00,2023-10-01 22:17:00+00:00,2023-10-01 22:18:00+00:00,1748.5995391197796,1650.1557056307622,2023-10-05 00:00:00+00:00,0.18865468867969395,-1.0244561359920914,stop,minute interval; not exact exchange fill
503,1972805.0,1972838.0,-1.0,0.865,1731.42,1724.54,0.74883915,0.74586355,0.0,5.951200000000094,4.456497300000094,9532.259377773049,2.0,9527.802880473047,0.15719031121744215,1696207140.0,2023-10-02 00:05:00+00:00,2023-10-02 00:05:00+00:00,2023-10-02 00:38:00+00:00,2023-10-02 00:39:00+00:00,1839.079695722697,1724.1909652185723,2023-10-07 00:00:00+00:00,0.0671470853869762,0.04785467732762651,target,minute interval; not exact exchange fill
504,1974245.0,1974837.0,-1.0,0.8170000000000001,1661.44,1658.78,0.6786982400000001,0.67761163,-0.023458634726400005,2.173220000000067,0.840368764726467,9533.099746537775,2.0,9532.259377773049,0.1424002879280776,1696327080.0,2023-10-03 00:05:00+00:00,2023-10-03 00:05:00+00:00,2023-10-03 09:57:00+00:00,2023-10-03 09:58:00+00:00,1775.7362546853158,1658.4418650437308,2023-10-08 00:00:00+00:00,0.02623126159753733,0.008999447462491808,target,minute interval; not exact exchange fill
505,1975685.0,1975697.0,-1.0,0.901,1654.8600000000001,1652.32,0.7455144300000001,0.74437016,0.0,2.288540000000172,0.798655410000172,9533.898401947776,2.0,9533.099746537775,0.15640546093535956,1696378680.0,2023-10-04 00:05:00+00:00,2023-10-04 00:05:00+00:00,2023-10-04 00:17:00+00:00,2023-10-04 00:18:00+00:00,1758.2717624395343,1651.9803117758047,2023-10-09 00:00:00+00:00,0.027846815064961433,0.00857165547795864,target,minute interval; not exact exchange fill
506,1977125.0,1977267.0,-1.0,0.884,1646.1200000000001,1642.72,0.72758504,0.7260822400000001,0.0,3.00560000000008,1.5519327200000799,9535.450334667776,2.0,9533.898401947776,0.1526311712848449,1696472880.0,2023-10-05 00:05:00+00:00,2023-10-05 00:05:00+00:00,2023-10-05 02:27:00+00:00,2023-10-05 02:28:00+00:00,1751.5964823542552,1642.3895796650831,2023-10-10 00:00:00+00:00,0.035367318397933674,0.016644278997698943,target,minute interval; not exact exchange fill
507,1978565.0,1983468.0,-1.0,1.042,1612.26,1606.46,0.83998746,0.8369656600000001,-1.2736741326463736,6.043599999999953,5.640321012646327,9541.090655680424,2.0,9535.450334667776,0.17618202193263607,1696844940.0,2023-10-06 00:05:00+00:00,2023-10-06 00:05:00+00:00,2023-10-09 09:48:00+00:00,2023-10-09 09:49:00+00:00,1701.441035453822,1606.1366072224562,2023-10-11 00:00:00+00:00,0.06866249922288141,0.06069649216639759,target,minute interval; not exact exchange fill
508,1984325.0,1984385.0,-1.0,0.753,1578.5,1576.44,0.59430525,0.5935296600000001,0.0,1.551179999999959,0.36334508999995885,9541.454000770424,2.0,9541.090655680424,0.12457805327448009,1696899960.0,2023-10-10 00:05:00+00:00,2023-10-10 00:05:00+00:00,2023-10-10 01:05:00+00:00,2023-10-10 01:06:00+00:00,1702.82540355854,1576.1218915814025,2023-10-15 00:00:00+00:00,0.019128097319851357,0.0038811858734304487,target,minute interval; not exact exchange fill
509,1985765.0,1985913.0,-1.0,0.856,1567.07,1562.73,0.67070596,0.66884844,0.0,3.71503999999993,2.3754855999999296,9543.829486370425,2.0,9541.454000770424,0.14058778880993272,1696991640.0,2023-10-11 00:05:00+00:00,2023-10-11 00:05:00+00:00,2023-10-11 02:33:00+00:00,2023-10-11 02:34:00+00:00,1676.2230780384134,1562.410468360714,2023-10-16 00:00:00+00:00,0.04268804621016818,0.025423928027236177,target,minute interval; not exact exchange fill
510,1987205.0,1987212.0,-1.0,0.8270000000000001,1563.14,1562.9,0.6463583900000001,0.6462591500000001,0.0,0.19848000000000754,-1.0941375399999926,9542.735348830425,2.0,9543.829486370425,0.1354505318694276,1697069580.0,2023-10-12 00:05:00+00:00,2023-10-12 00:05:00+00:00,2023-10-12 00:12:00+00:00,2023-10-12 00:13:00+00:00,1676.2666509694664,1562.5818031307604,2023-10-17 00:00:00+00:00,0.004934264953979751,-0.011695033740166888,target,minute interval; not exact exchange fill
511,1988645.0,1993770.0,-1.0,0.995,1537.91,1631.96,0.765110225,0.8119001000000001,-0.6339541518222312,-93.57974999999995,-94.52280617317771,9448.21254265725,1.0,9542.735348830425,0.16035448894509546,1697463060.0,2023-10-13 00:05:00+00:00,2023-10-13 00:05:00+00:00,2023-10-16 13:30:00+00:00,2023-10-16 13:31:00+00:00,1631.6328210043193,1533.5805837483997,2023-10-18 00:00:00+00:00,0.046193832037992696,-1.0136036680388048,stop,minute interval; not exact exchange fill
512,1994405.0,1994428.0,-1.0,0.727,1598.91,1595.54,0.581203785,0.57997879,0.0,2.449990000000086,1.2888074250000858,9449.50135008225,2.0,9448.21254265725,0.12302936293525425,1697502540.0,2023-10-17 00:05:00+00:00,2023-10-17 00:05:00+00:00,2023-10-17 00:28:00+00:00,2023-10-17 00:29:00+00:00,1726.4558698403605,1595.2174741056317,2023-10-22 00:00:00+00:00,0.02895057204902072,0.013899117252632072,target,minute interval; not exact exchange fill
513,1995845.0,1997041.0,-1.0,0.808,1565.14,1558.53,0.6323165600000001,0.62964612,-0.09995371536489064,5.340880000000103,4.178871035364994,9453.680221117615,2.0,9449.50135008225,0.1338306724501386,1697659320.0,2023-10-18 00:05:00+00:00,2023-10-18 00:05:00+00:00,2023-10-18 20:01:00+00:00,2023-10-18 20:02:00+00:00,1679.7402845101499,1558.2158532118167,2023-10-23 00:00:00+00:00,0.0604199790408911,0.04512964444530197,target,minute interval; not exact exchange fill
514,1997285.0,1997381.0,-1.0,0.8170000000000001,1560.39,1559.45,0.6374193150000002,0.637035325,0.0,0.7679800000000446,-0.5064746399999556,9453.173746477614,2.0,9453.680221117615,0.13485104215311491,1697679720.0,2023-10-19 00:05:00+00:00,2023-10-19 00:05:00+00:00,2023-10-19 01:41:00+00:00,2023-10-19 01:42:00+00:00,1673.8146538742792,1559.132488499323,2023-10-24 00:00:00+00:00,0.01108675634197588,-0.0054654784372282095,target,minute interval; not exact exchange fill
515,1998725.0,1998736.0,-1.0,0.936,1566.63,1564.08,0.7331828400000001,0.7319894400000001,0.0,2.3868000000001706,0.9216277200001705,9454.095374197614,2.0,9453.173746477614,0.15511887534558313,1697761020.0,2023-10-20 00:05:00+00:00,2023-10-20 00:05:00+00:00,2023-10-20 00:16:00+00:00,2023-10-20 00:17:00+00:00,1665.3137186582805,1563.7594756715382,2023-10-25 00:00:00+00:00,0.029088124844604595,0.009977785731907678,target,minute interval; not exact exchange fill
516,2000165.0,2004181.0,-1.0,0.889,1604.74,1709.15,0.71330693,0.759717175,-0.4244759558800331,-92.82049000000008,-93.86903814912006,9360.226336048494,1.0,9454.095374197614,0.15089903407295374,1698087720.0,2023-10-21 00:05:00+00:00,2023-10-21 00:05:00+00:00,2023-10-23 19:01:00+00:00,2023-10-23 19:02:00+00:00,1708.807308543479,1587.0200132526923,2023-10-26 00:00:00+00:00,0.17027428685641863,-1.0146266941264357,stop,minute interval; not exact exchange fill
517,2004485.0,2004486.0,-1.0,0.611,1764.32,1762.77,0.5389997599999999,0.538526235,0.0,0.9470499999999722,-0.1304759950000277,9360.095860053494,2.0,9360.226336048494,0.11516810398572982,1698106020.0,2023-10-24 00:05:00+00:00,2023-10-24 00:05:00+00:00,2023-10-24 00:06:00+00:00,2023-10-24 00:07:00+00:00,1914.953993914928,1762.414511530428,2023-10-29 00:00:00+00:00,0.012649790529009892,-0.0014176414928004013,target,minute interval; not exact exchange fill
518,2005925.0,2005955.0,-1.0,0.678,1783.3600000000001,1777.97,0.6045590400000002,0.6027318300000001,0.0,3.654420000000068,2.4471291300000675,9362.542989183494,2.0,9360.095860053494,0.12917795908054835,1698194160.0,2023-10-25 00:05:00+00:00,2023-10-25 00:05:00+00:00,2023-10-25 00:35:00+00:00,2023-10-25 00:36:00+00:00,1918.8758005281531,1777.6135952720977,2023-10-30 00:00:00+00:00,0.04240394629634847,0.02663405289961203,target,minute interval; not exact exchange fill
519,2007365.0,2007407.0,-1.0,0.496,1785.04,1782.8,0.44268991999999996,0.4421344,0.0,1.1110400000000045,0.22621568000000453,9362.769204863493,2.0,9362.542989183494,0.09456617086008315,1698281280.0,2023-10-26 00:05:00+00:00,2023-10-26 00:05:00+00:00,2023-10-26 00:47:00+00:00,2023-10-26 00:48:00+00:00,1971.2102711392727,1782.4405956733963,2023-10-31 00:00:00+00:00,0.013962510290695625,0.002449800374726955,target,minute interval; not exact exchange fill
520,2008805.0,2008813.0,-1.0,0.681,1803.15,1801.08,0.6139725750000001,0.6132677400000001,0.0,1.4096700000001117,0.18242968500011147,9362.951634548494,2.0,9362.769204863493,0.1311519191738854,1698365640.0,2023-10-27 00:05:00+00:00,2023-10-27 00:05:00+00:00,2023-10-27 00:13:00+00:00,2023-10-27 00:14:00+00:00,1938.0825062734918,1800.7118417028848,2023-11-01 00:00:00+00:00,0.018069465723651507,0.001985325904027851,target,minute interval; not exact exchange fill
521,2010245.0,2011763.0,-1.0,0.637,1780.75,1767.17,0.567168875,0.5628436450000001,-0.341192184198775,8.650459999999955,7.861639664198729,9370.813274212693,2.0,9362.951634548494,0.12115172589532454,1698542640.0,2023-10-28 00:05:00+00:00,2023-10-28 00:05:00+00:00,2023-10-29 01:23:00+00:00,2023-10-29 01:24:00+00:00,1925.1870529691337,1766.8071874627615,2023-11-02 00:00:00+00:00,0.09653210343621532,0.08544665838420529,target,minute interval; not exact exchange fill
522,2013125.0,2013240.0,-1.0,0.677,1796.41,1784.4,0.6080847850000002,0.6040194,0.0,8.130769999999995,6.9186658149999944,9377.731940027692,2.0,9370.813274212693,0.12978271302734704,1698631260.0,2023-10-30 00:05:00+00:00,2023-10-30 00:05:00+00:00,2023-10-30 02:00:00+00:00,2023-10-30 02:01:00+00:00,1932.1472921729398,1784.042334597461,2023-11-04 00:00:00+00:00,0.09111472024049075,0.07528951577271366,target,minute interval; not exact exchange fill
523,2014565.0,2014636.0,-1.0,0.783,1809.24,1806.77,0.70831746,0.707350455,0.0,1.9340100000000215,0.5183420850000215,9378.250282112693,2.0,9377.731940027692,0.1510637037888947,1698715020.0,2023-10-31 00:05:00+00:00,2023-10-31 00:05:00+00:00,2023-10-31 01:16:00+00:00,2023-10-31 01:17:00+00:00,1926.3354619309168,1806.403469171144,2023-11-05 00:00:00+00:00,0.024224088466634697,0.005653464182844137,target,minute interval; not exact exchange fill
524,2016005.0,2016121.0,-1.0,0.878,1813.89,1810.28,0.79629771,0.7947129199999999,0.0,3.1695800000001118,1.5785693700001118,9379.828851482693,2.0,9378.250282112693,0.16981796946042124,1698804120.0,2023-11-01 00:05:00+00:00,2023-11-01 00:05:00+00:00,2023-11-01 02:01:00+00:00,2023-11-01 02:02:00+00:00,1918.1380259559392,1809.9147029706435,2023-11-06 00:00:00+00:00,0.038133067680694535,0.01724651362472825,target,minute interval; not exact exchange fill
525,2017445.0,2017477.0,-1.0,0.785,1847.58,1844.88,0.72517515,0.7241154000000001,0.0,2.1194999999998574,0.6702094499998572,9380.499060932692,2.0,9379.828851482693,0.15462438845787038,1698885480.0,2023-11-02 00:05:00+00:00,2023-11-02 00:05:00+00:00,2023-11-02 00:37:00+00:00,2023-11-02 00:38:00+00:00,1964.3934962771118,1844.5084644941842,2023-11-07 00:00:00+00:00,0.02629435470820313,0.007308830119890038,target,minute interval; not exact exchange fill
526,2018885.0,2018903.0,-1.0,0.717,1798.4,1795.8700000000001,0.6447264,0.643819395,0.0,1.8140099999999804,0.5254642049999805,9381.024525137693,2.0,9380.499060932692,0.13746100198125186,1698971040.0,2023-11-03 00:05:00+00:00,2023-11-03 00:05:00+00:00,2023-11-03 00:23:00+00:00,2023-11-03 00:24:00+00:00,1926.570840221675,1795.5051127745567,2023-11-08 00:00:00+00:00,0.022586160942977662,0.005717876224673744,target,minute interval; not exact exchange fill
527,2020325.0,2027520.0,-1.0,0.646,1828.6200000000001,1888.8,0.59064426,0.6100824,-1.8186308246240042,-38.876279999999895,-38.258375835375894,9342.766149302317,4.0,9381.024525137693,0.12592318854242215,1699488000.0,2023-11-04 00:05:00+00:00,2023-11-04 00:05:00+00:00,2023-11-09 00:00:00+00:00,2023-11-09 00:00:00+00:00,1971.1495693454935,1819.8312876762939,2023-11-09 00:00:00+00:00,0.06166237900012385,-0.41551723110639144,timeout,minute interval; not exact exchange fill
528,2028965.0,2028981.0,-1.0,0.377,2120.7200000000003,2113.61,0.39975572000000004,0.39841548500000007,0.0,2.680470000000048,1.882298795000048,9344.648448097318,2.0,9342.766149302317,0.08557545241135085,1699575720.0,2023-11-10 00:05:00+00:00,2023-11-10 00:05:00+00:00,2023-11-10 00:21:00+00:00,2023-11-10 00:22:00+00:00,2364.9599378839434,2113.180843606237,2023-11-15 00:00:00+00:00,0.030867828001764807,0.020442336512436387,target,minute interval; not exact exchange fill
529,2030405.0,2030484.0,-1.0,0.34900000000000003,2079.68,2058.53,0.36290416,0.35921348500000005,0.0,7.381349999999873,6.659232354999873,9351.307680452317,2.0,9344.648448097318,0.07767101395320904,1699665900.0,2023-11-11 00:05:00+00:00,2023-11-11 00:05:00+00:00,2023-11-11 01:24:00+00:00,2023-11-11 01:25:00+00:00,2344.179480487664,2058.1105267760367,2023-11-16 00:00:00+00:00,0.08154826309751127,0.0721396312946238,target,minute interval; not exact exchange fill
530,2031845.0,2031870.0,-1.0,0.3,2053.9900000000002,2036.76,0.3080985,0.305514,0.0,5.169000000000073,4.555387500000074,9355.863067952318,2.0,9351.307680452317,0.06589420657049698,1699749060.0,2023-11-12 00:05:00+00:00,2023-11-12 00:05:00+00:00,2023-11-12 00:30:00+00:00,2023-11-12 00:31:00+00:00,2362.6762329880744,2036.3476670859911,2023-11-17 00:00:00+00:00,0.05715296319901218,0.04919113124357215,target,minute interval; not exact exchange fill
531,2033285.0,2035482.0,-1.0,0.308,2041.65,2025.69,0.31441410000000003,0.31195626,-0.49767187476159996,4.915680000000011,4.78698151476161,9360.65004946708,2.0,9355.863067952318,0.06721220644560259,1699965780.0,2023-11-13 00:05:00+00:00,2023-11-13 00:05:00+00:00,2023-11-14 12:42:00+00:00,2023-11-14 12:43:00+00:00,2342.096453728843,2025.2796275282687,2023-11-18 00:00:00+00:00,0.054486822089455725,0.05173017548487042,target,minute interval; not exact exchange fill
532,2036165.0,2036324.0,-1.0,0.425,1984.0800000000002,1969.69,0.421617,0.418559125,0.0,6.115750000000042,5.275573875000042,9365.92562334208,2.0,9360.65004946708,0.09008284633480204,1700016300.0,2023-11-15 00:05:00+00:00,2023-11-15 00:05:00+00:00,2023-11-15 02:44:00+00:00,2023-11-15 02:45:00+00:00,2201.4769985538787,1969.287816918148,2023-11-20 00:00:00+00:00,0.06804225992193735,0.05709883339039612,target,minute interval; not exact exchange fill
533,2037605.0,2037849.0,-1.0,0.245,2057.58,2052.01,0.25205354999999996,0.25137122500000003,0.0,1.3646499999999286,0.8612252249999288,9366.786848567079,2.0,9365.92562334208,0.05382352159018293,1700107800.0,2023-11-16 00:05:00+00:00,2023-11-16 00:05:00+00:00,2023-11-16 04:09:00+00:00,2023-11-16 04:10:00+00:00,2436.6582763709653,2051.589858054776,2023-11-21 00:00:00+00:00,0.015801860245249256,0.009273032033520527,target,minute interval; not exact exchange fill
534,2039045.0,2039784.0,-1.0,0.363,1962.38,1952.3400000000001,0.35617197,0.35434971000000004,-0.071531576382387,3.6445199999999867,3.0055298963823733,9369.792378463462,2.0,9366.786848567079,0.07604997866573356,1700223900.0,2023-11-17 00:05:00+00:00,2023-11-17 00:05:00+00:00,2023-11-17 12:24:00+00:00,2023-11-17 12:25:00+00:00,2217.1328743145114,1951.9463857117196,2023-11-22 00:00:00+00:00,0.04095582558726876,0.03250089604102784,target,minute interval; not exact exchange fill
535,2040485.0,2040753.0,-1.0,0.334,1958.69,1939.95,0.3271012300000001,0.32397165,0.0,6.259160000000003,5.608087120000003,9375.400465583463,2.0,9369.792378463462,0.0698203795319616,1700282040.0,2023-11-18 00:05:00+00:00,2023-11-18 00:05:00+00:00,2023-11-18 04:33:00+00:00,2023-11-18 04:34:00+00:00,2236.3234229195396,1939.561297573163,2023-11-23 00:00:00+00:00,0.06889913406564396,0.0604778769912947,target,minute interval; not exact exchange fill
536,2041925.0,2042014.0,-1.0,0.28800000000000003,1960.2,1944.8400000000001,0.28226880000000004,0.2800569600000001,0.0,4.423679999999972,3.861354239999972,9379.261819823463,2.0,9375.400465583463,0.06021477184600103,1700357700.0,2023-11-19 00:05:00+00:00,2023-11-19 00:05:00+00:00,2023-11-19 01:34:00+00:00,2023-11-19 01:35:00+00:00,2282.959240206626,1944.4468262744947,2023-11-24 00:00:00+00:00,0.04880781636312066,0.041540189496717804,target,minute interval; not exact exchange fill
537,2043365.0,2044211.0,-1.0,0.265,2007.03,1988.9,0.26593147500000003,0.26352925000000005,-0.053521785,4.804449999999969,4.328511059999968,9383.590330883462,2.0,9379.261819823463,0.05670626966355555,1700489520.0,2023-11-20 00:05:00+00:00,2023-11-20 00:05:00+00:00,2023-11-20 14:11:00+00:00,2023-11-20 14:12:00+00:00,2357.877240515681,1988.4971682630458,2023-11-25 00:00:00+00:00,0.05282307966770484,0.04655588562130884,target,minute interval; not exact exchange fill
538,2044805.0,2044971.0,-1.0,0.329,2021.74,2015.57,0.33257623000000003,0.331561265,0.0,2.029930000000024,1.3657925050000244,9384.956123388463,2.0,9383.590330883462,0.0708846439950428,1700535120.0,2023-11-21 00:05:00+00:00,2023-11-21 00:05:00+00:00,2023-11-21 02:51:00+00:00,2023-11-21 02:52:00+00:00,2303.3591385115183,2015.158849919541,2023-11-26 00:00:00+00:00,0.02336897312889813,0.014740990338731129,target,minute interval; not exact exchange fill
539,2046245.0,2053440.0,-1.0,0.382,1944.69,2062.39,0.37143579,0.39391649,-1.1844948608531,-44.961399999999934,-44.542257419146836,9340.413865969314,4.0,9384.956123388463,0.0791555730504347,1701043200.0,2023-11-22 00:05:00+00:00,2023-11-22 00:05:00+00:00,2023-11-27 00:00:00+00:00,2023-11-27 00:00:00+00:00,2187.156344786899,1921.1508436278039,2023-11-27 00:00:00+00:00,0.09708215955861636,-0.4809028989793647,timeout,minute interval; not exact exchange fill
540,2054885.0,2055169.0,-1.0,0.292,2026.68,2019.89,0.29589528000000004,0.29490394,0.0,1.9826799999999893,1.3918807799999893,9341.805746749314,2.0,9340.413865969314,0.06335806619406004,1701147000.0,2023-11-28 00:05:00+00:00,2023-11-28 00:05:00+00:00,2023-11-28 04:49:00+00:00,2023-11-28 04:50:00+00:00,2343.3452108257943,2019.4825336988392,2023-12-03 00:00:00+00:00,0.022728945444911355,0.015052853414397509,target,minute interval; not exact exchange fill
541,2056325.0,2056330.0,-1.0,0.32,2045.7,2041.3,0.327312,0.326608,0.0,1.4080000000000292,0.7540800000000292,9342.559826749315,2.0,9341.805746749314,0.07007467482695096,1701216660.0,2023-11-29 00:05:00+00:00,2023-11-29 00:05:00+00:00,2023-11-29 00:10:00+00:00,2023-11-29 00:11:00+00:00,2334.43857928699,2040.8874791951466,2023-12-04 00:00:00+00:00,0.01666739795124519,0.008161361761283252,target,minute interval; not exact exchange fill
542,2057765.0,2058280.0,-1.0,0.296,2026.47,2022.4,0.29991755999999997,0.2993152,-0.060251392,1.2047199999999811,0.6657386319999812,9343.225565381315,2.0,9342.559826749315,0.06420457895089646,1701333660.0,2023-11-30 00:05:00+00:00,2023-11-30 00:05:00+00:00,2023-11-30 08:40:00+00:00,2023-11-30 08:41:00+00:00,2338.8543446234694,2021.9890072541414,2023-12-05 00:00:00+00:00,0.01434448564078906,0.00719983904030433,target,minute interval; not exact exchange fill
543,2059205.0,2063901.0,-1.0,0.44,2049.75,2259.34,0.450945,0.4970548000000001,-0.842267204757,-92.21960000000007,-92.32533259524308,9250.900232786073,1.0,9343.225565381315,0.0965287623303989,1701670920.0,2023-12-01 00:05:00+00:00,2023-12-01 00:05:00+00:00,2023-12-04 06:21:00+00:00,2023-12-04 06:22:00+00:00,2258.886089955556,2043.3734591234224,2023-12-06 00:00:00+00:00,0.030489911511363984,-1.0033194241960657,stop,minute interval; not exact exchange fill
544,2064965.0,2064965.0,-1.0,0.372,2237.9700000000003,2237.83,0.41626242,0.41623638,0.0,0.0520800000001218,-0.7804187999998782,9250.119813986073,2.0,9250.900232786073,0.08999392697474486,1701734760.0,2023-12-05 00:05:00+00:00,2023-12-05 00:05:00+00:00,2023-12-05 00:05:00+00:00,2023-12-05 00:06:00+00:00,2483.435398887387,2237.3783635686327,2023-12-10 00:00:00+00:00,0.0024102640700042668,-0.008546622088118159,target,minute interval; not exact exchange fill
545,2066405.0,2066435.0,-1.0,0.433,2296.54,2288.88,0.49720091,0.49554252000000004,0.0,3.316779999999937,2.324036569999937,9252.443850556074,2.0,9250.119813986073,0.10750150700712827,1701822960.0,2023-12-06 00:05:00+00:00,2023-12-06 00:05:00+00:00,2023-12-06 00:35:00+00:00,2023-12-06 00:36:00+00:00,2506.739067381766,2288.4134027316068,2023-12-11 00:00:00+00:00,0.03866143351451499,0.0255343188095679,target,minute interval; not exact exchange fill
546,2067845.0,2068406.0,-1.0,0.305,2232.96,2227.73,0.3405264,0.33972882499999996,-0.06898978,1.5951500000000056,0.9838845550000058,9253.427735111074,2.0,9252.443850556074,0.07360788252274221,1701941220.0,2023-12-07 00:05:00+00:00,2023-12-07 00:05:00+00:00,2023-12-07 09:26:00+00:00,2023-12-07 09:27:00+00:00,2532.6392578215355,2227.2752194368154,2023-12-12 00:00:00+00:00,0.018969549659556433,0.010764345265167046,target,minute interval; not exact exchange fill
547,2069285.0,2069874.0,-1.0,0.333,2357.58,2350.33,0.39253707000000004,0.391329945,-0.09720880598790001,2.41425,1.7275917909879,9255.155326902062,2.0,9253.427735111074,0.08484144065027124,1702029300.0,2023-12-08 00:05:00+00:00,2023-12-08 00:05:00+00:00,2023-12-08 09:54:00+00:00,2023-12-08 09:55:00+00:00,2631.4761706159256,2349.8527997547308,2023-12-13 00:00:00+00:00,0.028212151443711572,0.01894135038337168,target,minute interval; not exact exchange fill
548,2070725.0,2071603.0,-1.0,0.365,2362.66,2349.28,0.43118544999999997,0.4287436,-0.272461360419,4.883699999999874,4.296232310418874,9259.45155921248,2.0,9255.155326902062,0.09317735570502386,1702133040.0,2023-12-09 00:05:00+00:00,2023-12-09 00:05:00+00:00,2023-12-09 14:43:00+00:00,2023-12-09 14:44:00+00:00,2612.50570012688,2348.80665835955,2023-12-14 00:00:00+00:00,0.055447588785456754,0.04711107485388858,target,minute interval; not exact exchange fill
549,2072165.0,2072758.0,-1.0,0.319,2343.38,2325.7200000000003,0.37376911,0.37095234000000005,-0.1198034248664,5.633539999999954,5.0086219748663545,9264.460181187347,2.0,9259.45155921248,0.08073245107657093,1702202340.0,2023-12-10 00:05:00+00:00,2023-12-10 00:05:00+00:00,2023-12-10 09:58:00+00:00,2023-12-10 09:59:00+00:00,2629.8253039575716,2325.2460694383153,2023-12-15 00:00:00+00:00,0.06330678252058482,0.05481328933891513,target,minute interval; not exact exchange fill
550,2073605.0,2073660.0,-1.0,0.305,2354.84,2341.8,0.3591131,0.3571245,0.0,3.9771999999999887,3.260962399999989,9267.721143587349,2.0,9264.460181187347,0.07752488390618255,1702256460.0,2023-12-11 00:05:00+00:00,2023-12-11 00:05:00+00:00,2023-12-11 01:00:00+00:00,2023-12-11 01:01:00+00:00,2655.160065806335,2341.330990629159,2023-12-16 00:00:00+00:00,0.044982040525899464,0.03560095117618492,target,minute interval; not exact exchange fill
551,2075045.0,2075338.0,-1.0,0.375,2225.73,2219.64,0.417324375,0.4161825,0.0,2.2837500000000546,1.4502431250000547,9269.171386712349,2.0,9267.721143587349,0.09005976086985762,1702357140.0,2023-12-12 00:05:00+00:00,2023-12-12 00:05:00+00:00,2023-12-12 04:58:00+00:00,2023-12-12 04:59:00+00:00,2469.1225717276966,2219.186874938142,2023-12-17 00:00:00+00:00,0.02688301050197374,0.015889207187172627,target,minute interval; not exact exchange fill
552,2076485.0,2076555.0,-1.0,0.484,2203.57,2200.25,0.5332639400000001,0.5324605,0.0,1.6068800000000791,0.541155560000079,9269.71254227235,2.0,9269.171386712349,0.1150618362207545,1702430160.0,2023-12-13 00:05:00+00:00,2023-12-13 00:05:00+00:00,2023-12-13 01:15:00+00:00,2023-12-13 01:16:00+00:00,2391.5865855218694,2199.800666060839,2023-12-18 00:00:00+00:00,0.02004787997132737,0.005946762605526159,target,minute interval; not exact exchange fill
553,2077925.0,2077943.0,-1.0,0.294,2258.11,2255.7000000000003,0.33194217,0.33158790000000005,0.0,0.7085399999999572,0.04500992999995718,9269.757552202349,2.0,9269.71254227235,0.07161865451301873,1702513440.0,2023-12-14 00:05:00+00:00,2023-12-14 00:05:00+00:00,2023-12-14 00:23:00+00:00,2023-12-14 00:24:00+00:00,2570.1499483059297,2255.244169630016,2023-12-19 00:00:00+00:00,0.009184177812945555,0.0004906262830480835,target,minute interval; not exact exchange fill
554,2079365.0,2079396.0,-1.0,0.40800000000000003,2313.39,2310.33,0.47193156,0.47130732000000003,0.0,1.2484799999999778,0.3052411199999778,9270.06279332235,2.0,9269.757552202349,0.10182176984507571,1702600620.0,2023-12-15 00:05:00+00:00,2023-12-15 00:05:00+00:00,2023-12-15 00:36:00+00:00,2023-12-15 00:37:00+00:00,2537.0375763841826,2309.866808632903,2023-12-20 00:00:00+00:00,0.015753317894421043,0.0033451737420788666,target,minute interval; not exact exchange fill
555,2080805.0,2082583.0,-1.0,0.387,2225.9900000000002,2210.5,0.4307290650000001,0.42773175,-0.26043510467547004,5.994630000000091,5.396604289675561,9275.459397612023,2.0,9270.06279332235,0.09292905012688239,1702791840.0,2023-12-16 00:05:00+00:00,2023-12-16 00:05:00+00:00,2023-12-17 05:43:00+00:00,2023-12-17 05:44:00+00:00,2462.3281218310212,2210.0579659998366,2023-12-21 00:00:00+00:00,0.06741203609781946,0.059003235782590084,target,minute interval; not exact exchange fill
556,2083685.0,2083771.0,-1.0,0.326,2204.0,2186.34,0.359252,0.35637342,0.0,5.757159999999953,5.041534579999953,9280.500932192022,2.0,9275.459397612023,0.07746290174964052,1702863120.0,2023-12-18 00:05:00+00:00,2023-12-18 00:05:00+00:00,2023-12-18 01:31:00+00:00,2023-12-18 01:32:00+00:00,2485.0749708005033,2185.8956663521317,2023-12-23 00:00:00+00:00,0.06441104875438415,0.0550203027895224,target,minute interval; not exact exchange fill
557,2085125.0,2085127.0,-1.0,0.381,2215.75,2214.75,0.42210037499999997,0.421909875,0.0,0.381,-0.46301024999999996,9280.037921942021,2.0,9280.500932192022,0.0909649981362162,1702944480.0,2023-12-19 00:05:00+00:00,2023-12-19 00:05:00+00:00,2023-12-19 00:07:00+00:00,2023-12-19 00:08:00+00:00,2456.083459643322,2214.305436216266,2023-12-24 00:00:00+00:00,0.006010664457116191,-0.005056516066483411,target,minute interval; not exact exchange fill
558,2086565.0,2086669.0,-1.0,0.434,2178.83,2173.9700000000003,0.47280611,0.47175149000000005,0.0,2.1092399999998577,1.1646823999998577,9281.202604342021,2.0,9280.037921942021,0.10189745213908706,1703037000.0,2023-12-20 00:05:00+00:00,2023-12-20 00:05:00+00:00,2023-12-20 01:49:00+00:00,2023-12-20 01:50:00+00:00,2389.5634347389764,2173.5316526245488,2023-12-25 00:00:00+00:00,0.025142414548568998,0.012734571537372294,target,minute interval; not exact exchange fill
559,2088005.0,2088016.0,-1.0,0.271,2201.39,2197.69,0.298288345,0.29778699500000005,0.0,1.0026999999999509,0.4066246599999508,9281.60922900202,2.0,9281.202604342021,0.06427795140695493,1703117820.0,2023-12-21 00:05:00+00:00,2023-12-21 00:05:00+00:00,2023-12-21 00:16:00+00:00,2023-12-21 00:17:00+00:00,2540.3800100497688,2197.2473374433916,2023-12-26 00:00:00+00:00,0.012220603657317286,0.004426266130319085,target,minute interval; not exact exchange fill
560,2089445.0,2089457.0,-1.0,0.387,2239.32,2234.75,0.4333084200000001,0.432424125,0.0,1.7685900000000634,0.9028574550000632,9282.51208645702,2.0,9281.60922900202,0.09336924434311492,1703204280.0,2023-12-22 00:05:00+00:00,2023-12-22 00:05:00+00:00,2023-12-22 00:17:00+00:00,2023-12-22 00:18:00+00:00,2475.4067938967437,2234.297561471992,2023-12-27 00:00:00+00:00,0.021273695343606007,0.009881810674342607,target,minute interval; not exact exchange fill
561,2090885.0,2090932.0,-1.0,0.366,2329.4700000000003,2314.76,0.42629301,0.42360108,0.0,5.383860000000014,4.533965910000013,9287.04605236702,2.0,9282.51208645702,0.09184863020473781,1703292780.0,2023-12-23 00:05:00+00:00,2023-12-23 00:05:00+00:00,2023-12-23 00:52:00+00:00,2023-12-23 00:53:00+00:00,2579.228383391516,2314.294819029653,2023-12-28 00:00:00+00:00,0.060759445846344476,0.04959947622891621,target,minute interval; not exact exchange fill
562,2092325.0,2092656.0,-1.0,0.336,2307.68,2292.83,0.38769024,0.38519544,0.0,4.98959999999997,4.216714319999969,9291.26276668702,2.0,9287.04605236702,0.08349053893216953,1703396220.0,2023-12-24 00:05:00+00:00,2023-12-24 00:05:00+00:00,2023-12-24 05:36:00+00:00,2023-12-24 05:37:00+00:00,2580.5771605479526,2292.368420075225,2023-12-29 00:00:00+00:00,0.056107509121863214,0.045987085299096384,target,minute interval; not exact exchange fill
563,2093765.0,2095529.0,-1.0,0.31,2269.53,2253.31,0.35177715000000004,0.34926304999999996,-0.8159486068914161,5.028200000000079,5.1431084068914945,9296.405875093911,2.0,9291.26276668702,0.07572214000044539,1703568600.0,2023-12-25 00:05:00+00:00,2023-12-25 00:05:00+00:00,2023-12-26 05:29:00+00:00,2023-12-26 05:30:00+00:00,2565.7102107029777,2252.8564469135868,2023-12-30 00:00:00+00:00,0.05629529753807359,0.05601546518221973,target,minute interval; not exact exchange fill
564,2096645.0,2096698.0,-1.0,0.438,2232.26,2227.4500000000003,0.4888649400000001,0.4878115500000001,0.0,2.106779999999976,1.130103509999976,9297.535978603912,2.0,9296.405875093911,0.10517289080712854,1703638740.0,2023-12-27 00:05:00+00:00,2023-12-27 00:05:00+00:00,2023-12-27 00:58:00+00:00,2023-12-27 00:59:00+00:00,2440.880685434003,2226.9980434276513,2024-01-01 00:00:00+00:00,0.025222602262101913,0.012367637440325506,target,minute interval; not exact exchange fill
565,2098085.0,2098495.0,-1.0,0.253,2385.33,2373.4500000000003,0.30174424499999997,0.30024142500000006,0.0,3.0056399999999126,2.4036543299999122,9299.939632933912,2.0,9297.535978603912,0.06490843287821489,1703746560.0,2023-12-28 00:05:00+00:00,2023-12-28 00:05:00+00:00,2023-12-28 06:55:00+00:00,2023-12-28 06:56:00+00:00,2748.8843152181867,2372.9742249230767,2024-01-02 00:00:00+00:00,0.033986049841020126,0.026132573874959708,target,minute interval; not exact exchange fill
566,2099525.0,2099581.0,-1.0,0.37,2349.04,2338.89,0.4345724,0.43269464999999996,0.0,3.755500000000034,2.8882329500000337,9302.827865883914,2.0,9299.939632933912,0.09345703674485092,1703811720.0,2023-12-29 00:05:00+00:00,2023-12-29 00:05:00+00:00,2023-12-29 01:01:00+00:00,2023-12-29 01:02:00+00:00,2596.4574138761914,2338.42059486691,2024-01-03 00:00:00+00:00,0.04292100934497643,0.03155006301984169,target,minute interval; not exact exchange fill
567,2100965.0,2101446.0,-1.0,0.352,2298.43,2288.59,0.40452367999999994,0.40279184,-0.2542989086519128,3.463679999999891,2.9106633886518036,9305.738529272567,2.0,9302.827865883914,0.08696789531783171,1703923620.0,2023-12-30 00:05:00+00:00,2023-12-30 00:05:00+00:00,2023-12-30 08:06:00+00:00,2023-12-30 08:07:00+00:00,2558.7489560896615,2288.1225042506676,2024-01-04 00:00:00+00:00,0.03959564030282157,0.03176460986786187,target,minute interval; not exact exchange fill
568,2102405.0,2103771.0,-1.0,0.334,2295.63,2275.84,0.38337021000000004,0.38006528000000006,-0.4564354860744,6.609859999999988,6.302859996074388,9312.041389268641,2.0,9305.738529272567,0.0823943653250202,1704063120.0,2023-12-31 00:05:00+00:00,2023-12-31 00:05:00+00:00,2023-12-31 22:51:00+00:00,2023-12-31 22:52:00+00:00,2570.5068438718267,2275.378655933598,2024-01-05 00:00:00+00:00,0.07367424545897754,0.06865197535664123,target,minute interval; not exact exchange fill
569,2103845.0,2104066.0,-1.0,0.343,2289.46,2272.78,0.39264239000000006,0.3897817700000001,0.0,5.721239999999944,4.938815839999944,9316.98020510864,2.0,9312.041389268641,0.08433003539964673,1704080820.0,2024-01-01 00:05:00+00:00,2024-01-01 00:05:00+00:00,2024-01-01 03:46:00+00:00,2024-01-01 03:47:00+00:00,2557.4533817613765,2272.3242374103033,2024-01-06 00:00:00+00:00,0.06394099166581108,0.053728490999903566,target,minute interval; not exact exchange fill
570,2105285.0,2106544.0,-1.0,0.383,2351.21,2348.88,0.45025671500000003,0.44981052000000005,-1.045094760063326,0.8923899999999721,1.0374175250632982,9318.017622633704,2.0,9316.98020510864,0.09665292940154954,1704229500.0,2024-01-02 00:05:00+00:00,2024-01-02 00:05:00+00:00,2024-01-02 21:04:00+00:00,2024-01-02 21:05:00+00:00,2591.0127817691528,2348.4079919580918,2024-01-07 00:00:00+00:00,0.011684635270851998,0.011295373328665087,target,minute interval; not exact exchange fill
571,2106725.0,2106747.0,-1.0,0.394,2357.9500000000003,2351.9700000000003,0.4645161500000001,0.4633380900000001,0.0,2.3561200000000073,1.428265760000007,9319.445888393706,2.0,9318.017622633704,0.09970278417840259,1704241680.0,2024-01-03 00:05:00+00:00,2024-01-03 00:05:00+00:00,2024-01-03 00:27:00+00:00,2024-01-03 00:28:00+00:00,2590.76893351405,2351.491938341635,2024-01-08 00:00:00+00:00,0.027738558719819836,0.015570211345295345,target,minute interval; not exact exchange fill
572,2108165.0,2108244.0,-1.0,0.258,2208.28,2203.77,0.28486812000000006,0.28428633000000003,0.0,1.1635800000000565,0.5944255500000564,9320.040313943706,2.0,9319.445888393706,0.06113413252493271,1704331500.0,2024-01-04 00:05:00+00:00,2024-01-04 00:05:00+00:00,2024-01-04 01:24:00+00:00,2024-01-04 01:25:00+00:00,2566.151258538618,2203.3287452574946,2024-01-09 00:00:00+00:00,0.013835295862328479,0.006437999546006002,target,minute interval; not exact exchange fill
573,2109605.0,2109677.0,-1.0,0.383,2268.44,2261.07,0.43440626000000004,0.43299490500000004,0.0,2.822709999999958,1.9553088349999577,9321.995622778706,2.0,9320.040313943706,0.09321982424262375,1704417480.0,2024-01-05 00:05:00+00:00,2024-01-05 00:05:00+00:00,2024-01-05 01:17:00+00:00,2024-01-05 01:18:00+00:00,2508.2320880222424,2260.6123596226003,2024-01-10 00:00:00+00:00,0.032643447254497145,0.021290297949807017,target,minute interval; not exact exchange fill
574,2111045.0,2111121.0,-1.0,0.441,2268.93,2257.3,0.500299065,0.49773465000000006,0.0,5.128829999999848,4.130796284999848,9326.126419063707,2.0,9321.995622778706,0.10733733102759611,1704504120.0,2024-01-06 00:05:00+00:00,2024-01-06 00:05:00+00:00,2024-01-06 01:21:00+00:00,2024-01-06 01:22:00+00:00,2476.7608132563437,2256.8449228794775,2024-01-11 00:00:00+00:00,0.05814863027849621,0.04506976060593238,target,minute interval; not exact exchange fill
575,2112485.0,2113426.0,-1.0,0.394,2238.1,2223.66,0.4409057,0.43806101999999997,-0.08860587200000002,5.689360000000022,4.898999152000021,9331.025418215708,2.0,9326.126419063707,0.09455280363747516,1704642420.0,2024-01-07 00:05:00+00:00,2024-01-07 00:05:00+00:00,2024-01-07 15:46:00+00:00,2024-01-07 15:47:00+00:00,2471.2245196255435,2223.2145219985578,2024-01-12 00:00:00+00:00,0.06385204793280415,0.05333633725003353,target,minute interval; not exact exchange fill
576,2113925.0,2113936.0,-1.0,0.359,2220.3,2208.86,0.39854385000000003,0.39649037,0.0,4.1069600000000195,3.3119257800000192,9334.337343995707,2.0,9331.025418215708,0.08542337677528482,1704673020.0,2024-01-08 00:05:00+00:00,2024-01-08 00:05:00+00:00,2024-01-08 00:16:00+00:00,2024-01-08 00:17:00+00:00,2476.879078231544,2208.4124953931014,2024-01-13 00:00:00+00:00,0.04633076355575334,0.03595546473853486,target,minute interval; not exact exchange fill
577,2115365.0,2115385.0,-1.0,0.375,2331.78,2324.52,0.43720875000000003,0.4358475,0.0,2.722500000000082,1.849443750000082,9336.186787745708,2.0,9334.337343995707,0.09367751215488984,1704759960.0,2024-01-09 00:05:00+00:00,2024-01-09 00:05:00+00:00,2024-01-09 00:25:00+00:00,2024-01-09 00:26:00+00:00,2577.36204799163,2324.0524615210034,2024-01-14 00:00:00+00:00,0.031466218895854436,0.020082290380477298,target,minute interval; not exact exchange fill
578,2116805.0,2118197.0,-1.0,0.34,2348.7200000000003,2619.75,0.39928240000000004,0.4453575,-0.16386925253608003,-92.15019999999993,-92.83097064746386,9243.355817098243,1.0,9336.186787745708,0.08553436409907342,1704928680.0,2024-01-10 00:05:00+00:00,2024-01-10 00:05:00+00:00,2024-01-10 23:17:00+00:00,2024-01-10 23:18:00+00:00,2619.22154666275,2333.1851724358585,2024-01-15 00:00:00+00:00,0.057429718076658434,-1.0093556579570813,stop,minute interval; not exact exchange fill
579,2118245.0,2118260.0,-1.0,0.169,2586.43,2575.82,0.21855333500000002,0.21765679000000004,0.0,1.7930899999999448,1.3568798749999447,9244.712696973244,2.0,9243.355817098243,0.04728874216780075,1704932460.0,2024-01-11 00:05:00+00:00,2024-01-11 00:05:00+00:00,2024-01-11 00:20:00+00:00,2024-01-11 00:21:00+00:00,3127.174872236047,2575.3029426567605,2024-01-16 00:00:00+00:00,0.02057727759345658,0.014847806076827461,target,minute interval; not exact exchange fill
580,2119685.0,2119699.0,-1.0,0.249,2615.85,2608.31,0.32567332499999996,0.324734595,0.0,1.877459999999991,1.227052079999991,9245.939749053243,2.0,9244.712696973244,0.0704561267991869,1705018800.0,2024-01-12 00:05:00+00:00,2024-01-12 00:05:00+00:00,2024-01-12 00:19:00+00:00,2024-01-12 00:20:00+00:00,2983.2115131567543,2607.7811912210245,2024-01-17 00:00:00+00:00,0.02196421914108458,0.013414361122519668,target,minute interval; not exact exchange fill
581,2121125.0,2121192.0,-1.0,0.241,2529.92,2505.82,0.30485536,0.30195131000000003,0.0,5.808099999999978,5.201293329999978,9251.141042383242,2.0,9245.939749053243,0.06594361812301801,1705108380.0,2024-01-13 00:05:00+00:00,2024-01-13 00:05:00+00:00,2024-01-13 01:12:00+00:00,2024-01-13 01:13:00+00:00,2908.474844260844,2505.3118115608213,2024-01-18 00:00:00+00:00,0.06500560965539373,0.05701189755513659,target,minute interval; not exact exchange fill
582,2122565.0,2122781.0,-1.0,0.187,2572.6,2552.76,0.2405381,0.23868306000000003,0.0,3.7100799999999423,3.230858839999942,9254.371901223241,2.0,9251.141042383242,0.052001823104414265,1705203720.0,2024-01-14 00:05:00+00:00,2024-01-14 00:05:00+00:00,2024-01-14 03:41:00+00:00,2024-01-14 03:42:00+00:00,3063.6779903348674,2552.2450968510893,2024-01-19 00:00:00+00:00,0.04144943074119553,0.035182436069305885,target,minute interval; not exact exchange fill
583,2124005.0,2129510.0,-1.0,0.17400000000000002,2479.65,2455.57,0.21572955000000002,0.21363459000000004,-0.48553496871310203,4.189919999999987,4.24609082871309,9258.617992051953,2.0,9254.371901223241,0.046622191609024255,1705607460.0,2024-01-15 00:05:00+00:00,2024-01-15 00:05:00+00:00,2024-01-18 19:50:00+00:00,2024-01-18 19:51:00+00:00,3005.8376330121496,2455.0735400813287,2024-01-20 00:00:00+00:00,0.046706646786782095,0.046376652212404765,target,minute interval; not exact exchange fill
584,2129765.0,2129847.0,-1.0,0.262,2471.36,2461.44,0.32374816000000006,0.32244864,0.0,2.599040000000019,1.952843200000019,9260.570835251952,2.0,9258.617992051953,0.06993444600002315,1705627680.0,2024-01-19 00:05:00+00:00,2024-01-19 00:05:00+00:00,2024-01-19 01:27:00+00:00,2024-01-19 01:28:00+00:00,2820.7309814541136,2460.9415175949202,2024-01-24 00:00:00+00:00,0.02982068619928657,0.02133434199079019,target,minute interval; not exact exchange fill
585,2131205.0,2131701.0,-1.0,0.244,2489.12,2475.55,0.30367264,0.30201710000000004,-0.060481341204556,3.311079999999929,2.765871601204485,9263.336706853157,2.0,9260.570835251952,0.06558400025277449,1705738920.0,2024-01-20 00:05:00+00:00,2024-01-20 00:05:00+00:00,2024-01-20 08:21:00+00:00,2024-01-20 08:22:00+00:00,2864.6125802577785,2475.052904453808,2024-01-25 00:00:00+00:00,0.03746304530580804,0.030188450971299546,target,minute interval; not exact exchange fill
586,2132645.0,2134156.0,-1.0,0.199,2470.41,2447.88,0.245805795,0.24356406000000003,-0.147274437148316,4.48346999999995,4.1413745821482655,9267.478081435303,2.0,9263.336706853157,0.053070681284455336,1705886220.0,2024-01-21 00:05:00+00:00,2024-01-21 00:05:00+00:00,2024-01-22 01:16:00+00:00,2024-01-22 01:17:00+00:00,2931.6448081615426,2447.384604169032,2024-01-26 00:00:00+00:00,0.049921201573544884,0.04512002819439189,target,minute interval; not exact exchange fill
587,2135525.0,2136037.0,-1.0,0.258,2318.08,2305.58,0.29903232,0.29741982,-0.059945929125,3.225,2.6884937891250003,9270.166575224428,2.0,9267.478081435303,0.06453369889247956,1705999080.0,2024-01-23 00:05:00+00:00,2024-01-23 00:05:00+00:00,2024-01-23 08:37:00+00:00,2024-01-23 08:38:00+00:00,2673.9674578968443,2305.117711944061,2024-01-28 00:00:00+00:00,0.03642243571195554,0.029280375948287665,target,minute interval; not exact exchange fill
588,2136965.0,2136973.0,-1.0,0.234,2243.54,2233.69,0.26249418,0.26134173000000005,0.0,2.3048999999999786,1.7810640899999786,9271.947639314427,2.0,9270.166575224428,0.05663203090687615,1706055240.0,2024-01-24 00:05:00+00:00,2024-01-24 00:05:00+00:00,2024-01-24 00:13:00+00:00,2024-01-24 00:14:00+00:00,2635.5768592086233,2233.235069326861,2024-01-29 00:00:00+00:00,0.02628561685230547,0.019414972906793674,target,minute interval; not exact exchange fill
589,2138405.0,2138478.0,-1.0,0.2,2232.18,2226.16,0.223218,0.22261599999999998,0.0,1.2039999999999964,0.7581659999999963,9272.705805314428,2.0,9271.947639314427,0.048149107109605044,1706145540.0,2024-01-25 00:05:00+00:00,2024-01-25 00:05:00+00:00,2024-01-25 01:18:00+00:00,2024-01-25 01:19:00+00:00,2692.1117156479218,2225.714227777105,2024-01-30 00:00:00+00:00,0.014058113417524,0.008242158283561085,target,minute interval; not exact exchange fill
590,2139845.0,2140266.0,-1.0,0.295,2215.86,2209.31,0.32683935000000003,0.325873225,0.0,1.9322500000000535,1.2795374250000535,9273.985342739428,2.0,9272.705805314428,0.07049492496843368,1706252820.0,2024-01-26 00:05:00+00:00,2024-01-26 00:05:00+00:00,2024-01-26 07:06:00+00:00,2024-01-26 07:07:00+00:00,2526.8681459667905,2208.864538577176,2024-01-31 00:00:00+00:00,0.022492855938156177,0.013946306732632441,target,minute interval; not exact exchange fill
591,2141285.0,2141817.0,-1.0,0.272,2265.04,2251.4500000000003,0.30804544000000006,0.30619720000000006,-0.061411888000000005,3.6964799999999163,3.143649247999916,9277.128991987427,2.0,9273.985342739428,0.0664321602020145,1706345880.0,2024-01-27 00:05:00+00:00,2024-01-27 00:05:00+00:00,2024-01-27 08:57:00+00:00,2024-01-27 08:58:00+00:00,2602.7702827203116,2250.9937895266976,2024-02-01 00:00:00+00:00,0.041590023731850626,0.034221195407493146,target,minute interval; not exact exchange fill
592,2142725.0,2144079.0,-1.0,0.219,2264.91,2244.86,0.248007645,0.24581217000000002,-0.07173556326239999,4.390949999999941,3.96886574826234,9281.097857735691,2.0,9277.128991987427,0.053466464725067844,1706481600.0,2024-01-28 00:05:00+00:00,2024-01-28 00:05:00+00:00,2024-01-28 22:39:00+00:00,2024-01-28 22:40:00+00:00,2683.5178016281075,2244.4042280871654,2024-02-02 00:00:00+00:00,0.04898564200925201,0.04329273028145797,target,minute interval; not exact exchange fill
593,2144165.0,2144989.0,-1.0,0.213,2250.71,2240.83,0.239700615,0.23864839499999999,-0.048104346,2.1044400000000234,1.6741953360000232,9282.77205307169,2.0,9281.097857735691,0.05165350450436469,1706536200.0,2024-01-29 00:05:00+00:00,2024-01-29 00:05:00+00:00,2024-01-29 13:49:00+00:00,2024-01-29 13:50:00+00:00,2681.6174756437513,2240.374151179459,2024-02-03 00:00:00+00:00,0.023986236964442686,0.018240741793252968,target,minute interval; not exact exchange fill
594,2145605.0,2145613.0,-1.0,0.28500000000000003,2310.43,2308.7000000000003,0.329236275,0.3289897500000001,0.0,0.49304999999987564,-0.16517602500012446,9282.60687704669,2.0,9282.77205307169,0.07093490459911811,1706573640.0,2024-01-30 00:05:00+00:00,2024-01-30 00:05:00+00:00,2024-01-30 00:13:00+00:00,2024-01-30 00:14:00+00:00,2632.620414020073,2308.229832288992,2024-02-04 00:00:00+00:00,0.006828780793182854,-0.001798827571463155,target,minute interval; not exact exchange fill
595,2147045.0,2147058.0,-1.0,0.365,2344.88,2336.25,0.4279406,0.42636562499999997,0.0,3.1499500000000396,2.29564377500004,9284.90252082169,2.0,9282.60687704669,0.09220267661192856,1706660340.0,2024-01-31 00:05:00+00:00,2024-01-31 00:05:00+00:00,2024-01-31 00:18:00+00:00,2024-01-31 00:19:00+00:00,2595.479414188155,2335.776321195032,2024-02-05 00:00:00+00:00,0.036327614070689844,0.02509756465463197,target,minute interval; not exact exchange fill
596,2148485.0,2148519.0,-1.0,0.295,2285.7000000000003,2275.98,0.33714075000000004,0.33570705,0.0,2.867400000000075,2.194552200000075,9287.09707302169,2.0,9284.90252082169,0.07262127938208315,1706748000.0,2024-02-01 00:05:00+00:00,2024-02-01 00:05:00+00:00,2024-02-01 00:39:00+00:00,2024-02-01 00:40:00+00:00,2596.486394130708,2275.522254856559,2024-02-06 00:00:00+00:00,0.03274836136861547,0.02393656910498971,target,minute interval; not exact exchange fill
597,2149925.0,2150206.0,-1.0,0.419,2301.01,2297.25,0.482061595,0.48127387499999996,0.0,1.5754400000000914,0.6121045300000915,9287.709177551691,2.0,9287.09707302169,0.1038131918315686,1706849220.0,2024-02-02 00:05:00+00:00,2024-02-02 00:05:00+00:00,2024-02-02 04:46:00+00:00,2024-02-02 04:47:00+00:00,2519.3292802210212,2296.7885461909736,2024-02-07 00:00:00+00:00,0.019336147520974217,0.0066914383306928725,target,minute interval; not exact exchange fill
598,2151365.0,2152262.0,-1.0,0.41000000000000003,2306.23,2297.85,0.4727771500000001,0.47105925000000004,-0.09485104000000001,3.435800000000045,2.5868146400000445,9290.29599219169,2.0,9287.709177551691,0.10180705294750145,1706972580.0,2024-02-03 00:05:00+00:00,2024-02-03 00:05:00+00:00,2024-02-03 15:02:00+00:00,2024-02-03 15:03:00+00:00,2528.9840764496794,2297.3860140253405,2024-02-08 00:00:00+00:00,0.03970291415366036,0.028324078735436267,target,minute interval; not exact exchange fill
599,2152805.0,2153948.0,-1.0,0.363,2294.77,2281.73,0.416500755,0.414133995,-0.15911425507701715,4.733519999999987,4.061999505077004,9294.357991696766,2.0,9290.29599219169,0.08966361359208805,1707073740.0,2024-02-04 00:05:00+00:00,2024-02-04 00:05:00+00:00,2024-02-04 19:08:00+00:00,2024-02-04 19:09:00+00:00,2547.4358215052043,2281.2694159037856,2024-02-09 00:00:00+00:00,0.05343256961225499,0.0442880687801036,target,minute interval; not exact exchange fill
600,2154245.0,2154289.0,-1.0,0.342,2286.9,2279.0,0.3910599,0.389709,0.0,2.7018000000000315,1.9210311000000313,9296.279022796767,2.0,9294.357991696766,0.08414995427319635,1707094200.0,2024-02-05 00:05:00+00:00,2024-02-05 00:05:00+00:00,2024-02-05 00:49:00+00:00,2024-02-05 00:50:00+00:00,2555.31712562784,2278.538581947005,2024-02-10 00:00:00+00:00,0.03115083671892232,0.020926570861905892,target,minute interval; not exact exchange fill
601,2155685.0,2160703.0,-1.0,0.502,2297.85,2480.07,0.57676035,0.6224975700000001,-0.9857600188367026,-91.47444000000013,-91.68793790116342,9204.591084895601,1.0,9296.279022796767,0.12408413056140882,1707479040.0,2024-02-06 00:05:00+00:00,2024-02-06 00:05:00+00:00,2024-02-09 11:43:00+00:00,2024-02-09 11:44:00+00:00,2479.5727976747385,2296.0103612159146,2024-02-11 00:00:00+00:00,0.010123324137778444,-1.0050763963624647,stop,minute interval; not exact exchange fill
602,2161445.0,2162093.0,-1.0,0.41300000000000003,2489.53,2475.0,0.5140879450000001,0.5110875,-0.09904395098696754,6.0008900000000835,5.074758505987051,9209.66584340159,2.0,9204.591084895601,0.11170250590351585,1707562440.0,2024-02-10 00:05:00+00:00,2024-02-10 00:05:00+00:00,2024-02-10 10:53:00+00:00,2024-02-10 10:54:00+00:00,2708.41943285656,2474.5000576281436,2024-02-15 00:00:00+00:00,0.06866454070309476,0.056135879661245495,target,minute interval; not exact exchange fill
603,2162885.0,2164726.0,-1.0,0.325,2496.39,2484.17,0.405663375,0.40367762500000004,-0.16252503072879737,3.971499999999935,3.3246840307287324,9212.99052743232,2.0,9209.66584340159,0.08809513437246888,1707720420.0,2024-02-11 00:05:00+00:00,2024-02-11 00:05:00+00:00,2024-02-12 06:46:00+00:00,2024-02-12 06:47:00+00:00,2775.9309427049498,2483.6687309849394,2024-02-16 00:00:00+00:00,0.0455077130811836,0.03659498647546676,target,minute interval; not exact exchange fill
604,2165765.0,2165921.0,-1.0,0.391,2665.25,2657.6,0.521056375,0.5195607999999999,0.0,2.9911500000000357,1.9505328250000358,9214.941060257319,2.0,9212.99052743232,0.11311340730211726,1707792120.0,2024-02-13 00:05:00+00:00,2024-02-13 00:05:00+00:00,2024-02-13 02:41:00+00:00,2024-02-13 02:42:00+00:00,2896.8423091470413,2657.065303795153,2024-02-18 00:00:00+00:00,0.03534096721515278,0.021540331016919795,target,minute interval; not exact exchange fill
605,2167205.0,2167206.0,-1.0,0.41400000000000003,2636.61,2636.08,0.54577827,0.5456685600000001,0.0,0.21942000000008285,-0.8720268299999172,9214.069033427319,2.0,9214.941060257319,0.11845507560625887,1707869220.0,2024-02-14 00:05:00+00:00,2024-02-14 00:05:00+00:00,2024-02-14 00:06:00+00:00,2024-02-14 00:07:00+00:00,2855.0891580404414,2635.5448829556626,2024-02-19 00:00:00+00:00,0.004875142571450021,-0.009640942499466737,target,minute interval; not exact exchange fill
606,2168645.0,2168994.0,-1.0,0.281,2775.13,2770.17,0.389905765,0.38920888500000006,0.0,1.3937600000000103,0.6146453500000103,9214.683678777319,2.0,9214.069033427319,0.08463269888373486,1707976500.0,2024-02-15 00:05:00+00:00,2024-02-15 00:05:00+00:00,2024-02-15 05:54:00+00:00,2024-02-15 05:55:00+00:00,3098.7084887665023,2769.6072789059035,2024-02-20 00:00:00+00:00,0.017067639802477264,0.006759874577380983,target,minute interval; not exact exchange fill
607,2170085.0,2170114.0,-1.0,0.331,2824.7200000000003,2821.92,0.4674911600000001,0.46702776000000007,0.0,0.9268000000000602,-0.007718919999939955,9214.675959857319,2.0,9214.683678777319,0.10146656712192875,1708043700.0,2024-02-16 00:05:00+00:00,2024-02-16 00:05:00+00:00,2024-02-16 00:34:00+00:00,2024-02-16 00:35:00+00:00,3098.8546319602215,2821.3488429377485,2024-02-21 00:00:00+00:00,0.012297450483166045,-8.506769040112554e-05,target,minute interval; not exact exchange fill
608,2171525.0,2171602.0,-1.0,0.334,2800.08,2792.75,0.46761336000000003,0.46638925000000003,0.0,2.4482199999999756,1.5142173899999756,9216.19017724732,2.0,9214.675959857319,0.1014931750258184,1708132980.0,2024-02-17 00:05:00+00:00,2024-02-17 00:05:00+00:00,2024-02-17 01:22:00+00:00,2024-02-17 01:23:00+00:00,3071.2325724409916,2792.187624490115,2024-02-22 00:00:00+00:00,0.029106769811680307,0.016719682794034813,target,minute interval; not exact exchange fill
609,2172965.0,2173087.0,-1.0,0.225,2786.15,2771.4900000000002,0.31344187500000004,0.31179262500000005,0.0,3.2984999999999673,2.6732654999999674,9218.863442747319,2.0,9216.19017724732,0.06801983660749902,1708222080.0,2024-02-18 00:05:00+00:00,2024-02-18 00:05:00+00:00,2024-02-18 02:07:00+00:00,2024-02-18 02:08:00+00:00,3190.25977926614,2770.935015912236,2024-02-23 00:00:00+00:00,0.037650620866919976,0.029400872261928387,target,minute interval; not exact exchange fill
610,2174405.0,2174448.0,-1.0,0.2,2880.48,2871.43,0.288048,0.287143,0.0,1.8100000000000365,1.2348090000000365,9220.098251747318,2.0,9218.863442747319,0.06249100049889852,1708303740.0,2024-02-19 00:05:00+00:00,2024-02-19 00:05:00+00:00,2024-02-19 00:48:00+00:00,2024-02-19 00:49:00+00:00,3336.304085466406,2870.8513789566737,2024-02-24 00:00:00+00:00,0.021123546013313888,0.01354479764640521,target,minute interval; not exact exchange fill
611,2175845.0,2175881.0,-1.0,0.306,2950.7000000000003,2942.27,0.45145710000000006,0.45016731,0.0,2.579580000000089,1.677955590000089,9221.776207337318,2.0,9220.098251747318,0.09792891304915184,1708389720.0,2024-02-20 00:05:00+00:00,2024-02-20 00:05:00+00:00,2024-02-20 00:41:00+00:00,2024-02-20 00:42:00+00:00,3247.27959641492,2941.6802160499997,2024-02-25 00:00:00+00:00,0.030412692103679903,0.01848918491455752,target,minute interval; not exact exchange fill
612,2177285.0,2177298.0,-1.0,0.291,3016.13,3011.55,0.438846915,0.438180525,0.0,1.3327799999999788,0.4557525599999787,9222.231959897317,2.0,9221.776207337318,0.09517622313385372,1708474740.0,2024-02-21 00:05:00+00:00,2024-02-21 00:05:00+00:00,2024-02-21 00:18:00+00:00,2024-02-21 00:19:00+00:00,3328.6247012759336,3010.9423056142355,2024-02-26 00:00:00+00:00,0.01660090351798925,0.005011796979613438,target,minute interval; not exact exchange fill
613,2180165.0,2180330.0,-1.0,0.31,2971.61,2970.01,0.46059955,0.46035155000000005,0.0,0.4959999999999718,-0.4249511000000283,9221.807008797317,2.0,9222.231959897317,0.09988895356414966,1708656660.0,2024-02-23 00:05:00+00:00,2024-02-23 00:05:00+00:00,2024-02-23 02:50:00+00:00,2024-02-23 02:51:00+00:00,3264.0067753737117,2969.4136632638065,2024-02-28 00:00:00+00:00,0.007511494384254106,-0.004688184396863005,target,minute interval; not exact exchange fill
614,2181605.0,2181704.0,-1.0,0.318,2924.35,2911.62,0.46497165,0.46294758,0.0,4.048140000000006,3.1202207700000066,9224.927229567316,2.0,9221.807008797317,0.10084176551437946,1708739100.0,2024-02-24 00:05:00+00:00,2024-02-24 00:05:00+00:00,2024-02-24 01:44:00+00:00,2024-02-24 01:45:00+00:00,3210.222050633997,2911.032722932603,2024-02-29 00:00:00+00:00,0.04658474670000883,0.03432310006605851,target,minute interval; not exact exchange fill
615,2183045.0,2188384.0,-1.0,0.20600000000000002,2993.87,3436.11,0.30836861,0.3539193300000001,-2.4929993390016083,-91.10144000000005,-89.27072860099844,9135.656500966315,1.0,9224.927229567316,0.06685551058042626,1709139900.0,2024-02-25 00:05:00+00:00,2024-02-25 00:05:00+00:00,2024-02-28 17:04:00+00:00,2024-02-28 17:05:00+00:00,3435.4131551351898,2976.3543195010225,2024-03-01 00:00:00+00:00,0.03966923797882121,-0.9814511818861176,stop,minute interval; not exact exchange fill
616,2188805.0,2189861.0,-1.0,0.211,3383.88,3379.2000000000003,0.35699934,0.35650560000000003,-1.0919546279168193,0.9874799999999654,1.3659296879167846,9137.022430654233,2.0,9135.656500966315,0.0781551582991849,1709228520.0,2024-02-29 00:05:00+00:00,2024-02-29 00:05:00+00:00,2024-02-29 17:41:00+00:00,2024-02-29 17:42:00+00:00,3811.27883803991,3378.5148540138357,2024-03-05 00:00:00+00:00,0.01255301958884459,0.015146509163093999,target,minute interval; not exact exchange fill
617,2190245.0,2196244.0,-1.0,0.23700000000000002,3343.6,3724.11,0.39621660000000003,0.44130703500000007,-4.319340558360198,-90.18087000000006,-86.69905307663986,9050.323377577592,1.0,9137.022430654233,0.08672772842730779,1709611500.0,2024-03-01 00:05:00+00:00,2024-03-01 00:05:00+00:00,2024-03-05 04:04:00+00:00,2024-03-05 04:05:00+00:00,3723.3588751001366,3338.922413967656,2024-03-06 00:00:00+00:00,0.012317252707024393,-0.9632922713299322,stop,minute interval; not exact exchange fill
618,2197445.0,2197445.0,-1.0,0.227,3553.76,3548.29,0.40335176,0.40273091499999997,0.0,1.241690000000058,0.4356073250000579,9050.758984902592,2.0,9050.323377577592,0.08913532548446045,1709683560.0,2024-03-06 00:05:00+00:00,2024-03-06 00:05:00+00:00,2024-03-06 00:05:00+00:00,2024-03-06 00:06:00+00:00,3946.9790645136522,3547.5749931349183,2024-03-11 00:00:00+00:00,0.0157291632661092,0.00488016775680425,target,minute interval; not exact exchange fill
619,2198885.0,2198902.0,-1.0,0.166,3824.4,3812.31,0.3174252,0.31642173,0.0,2.006940000000024,1.3730930700000241,9052.13207797259,2.0,9050.758984902592,0.07014333284744213,1709770980.0,2024-03-07 00:05:00+00:00,2024-03-07 00:05:00+00:00,2024-03-07 00:22:00+00:00,2024-03-07 00:23:00+00:00,4362.900636608918,3811.539521104962,2024-03-12 00:00:00+00:00,0.023882012426250324,0.015360511088879859,target,minute interval; not exact exchange fill
620,2200325.0,2201282.0,-1.0,0.18,3874.87,3867.3,0.3487383,0.348057,-0.7515989458740862,1.3625999999999476,1.4174036458740338,9053.549481618464,2.0,9052.13207797259,0.07705108520204161,1709913780.0,2024-03-08 00:05:00+00:00,2024-03-08 00:05:00+00:00,2024-03-08 16:02:00+00:00,2024-03-08 16:03:00+00:00,4370.246241630614,3866.5238095176064,2024-03-13 00:00:00+00:00,0.01684818483607646,0.01589592725194099,target,minute interval; not exact exchange fill
621,2201765.0,2204083.0,-1.0,0.16,3883.2200000000003,3869.07,0.31065760000000003,0.3095256,-0.9811143294449847,2.2640000000000144,2.624931129444999,9056.174412747909,2.0,9053.549481618464,0.06862669732589015,1710081840.0,2024-03-09 00:05:00+00:00,2024-03-09 00:05:00+00:00,2024-03-10 14:43:00+00:00,2024-03-10 14:44:00+00:00,4442.628186946473,3868.2923825971584,2024-03-14 00:00:00+00:00,0.026684660237677613,0.029327099498815606,target,minute interval; not exact exchange fill
622,2204645.0,2204674.0,-1.0,0.128,3879.55,3862.55,0.24829120000000002,0.2472032,0.0,2.176,1.6805056000000003,9057.85491834791,2.0,9056.174412747909,0.054833572915842545,1710117300.0,2024-03-11 00:05:00+00:00,2024-03-11 00:05:00+00:00,2024-03-11 00:34:00+00:00,2024-03-11 00:35:00+00:00,4580.090460085484,3861.7745832671576,2024-03-16 00:00:00+00:00,0.025373861676274256,0.01874117306286341,target,minute interval; not exact exchange fill
623,2206085.0,2206139.0,-1.0,0.17400000000000002,4077.89,4063.4,0.35477643000000003,0.35351580000000005,0.0,2.521259999999962,1.8129677699999622,9059.66788611791,2.0,9057.85491834791,0.07833563977302228,1710205200.0,2024-03-12 00:05:00+00:00,2024-03-12 00:05:00+00:00,2024-03-12 00:59:00+00:00,2024-03-12 01:00:00+00:00,4592.586657039714,4062.5834387825453,2024-03-17 00:00:00+00:00,0.029738994819765358,0.020243681122638076,target,minute interval; not exact exchange fill
624,2207525.0,2208337.0,-1.0,0.152,3978.8,3974.15,0.3023888,0.3020354,-0.3694891636851986,0.7068000000000139,0.4718649636852124,9060.139751081595,2.0,9059.66788611791,0.06675494152790061,1710337080.0,2024-03-13 00:05:00+00:00,2024-03-13 00:05:00+00:00,2024-03-13 13:37:00+00:00,2024-03-13 13:38:00+00:00,4568.039238163432,3973.355264338834,2024-03-18 00:00:00+00:00,0.009240280192705275,0.005268445412363887,target,minute interval; not exact exchange fill
625,2208965.0,2208997.0,-1.0,0.152,4002.21,3997.92,0.30416796,0.30384192000000004,0.0,0.6520799999999944,0.044070119999994384,9060.183821201595,2.0,9060.139751081595,0.06714420932937344,1710376680.0,2024-03-14 00:05:00+00:00,2024-03-14 00:05:00+00:00,2024-03-14 00:37:00+00:00,2024-03-14 00:38:00+00:00,4591.495877495528,3997.115874791646,2024-03-19 00:00:00+00:00,0.008644573716926732,0.0004920107728225059,target,minute interval; not exact exchange fill
626,2210405.0,2210415.0,-1.0,0.163,3887.76,3880.08,0.31685244,0.31622652,0.0,1.2518400000000476,0.6187610400000476,9060.802582241595,2.0,9060.183821201595,0.06994393187885184,1710461760.0,2024-03-15 00:05:00+00:00,2024-03-15 00:05:00+00:00,2024-03-15 00:15:00+00:00,2024-03-15 00:16:00+00:00,4437.626414365822,3879.298391481676,2024-03-20 00:00:00+00:00,0.015388480360422313,0.006903640413060018,target,minute interval; not exact exchange fill
627,2211845.0,2212113.0,-1.0,0.136,3746.25,3725.09,0.254745,0.25330612,0.0,2.8777599999999803,2.36970887999998,9063.172291121595,2.0,9060.802582241595,0.056230118179437794,1710563640.0,2024-03-16 00:05:00+00:00,2024-03-16 00:05:00+00:00,2024-03-16 04:33:00+00:00,2024-03-16 04:34:00+00:00,4402.46122458765,3724.3431216899585,2024-03-21 00:00:00+00:00,0.033383882337287625,0.02655292891545548,target,minute interval; not exact exchange fill
628,2213285.0,2213679.0,-1.0,0.10400000000000001,3557.61,3498.76,0.18499572000000003,0.18193552000000002,0.0,6.120399999999991,5.753468759999992,9068.925759881595,2.0,9063.172291121595,0.04082361320245988,1710657600.0,2024-03-17 00:05:00+00:00,2024-03-17 00:05:00+00:00,2024-03-17 06:39:00+00:00,2024-03-17 06:40:00+00:00,4417.660927300715,3498.052402978733,2024-03-22 00:00:00+00:00,0.06924891902412073,0.06432388274218645,target,minute interval; not exact exchange fill
629,2214725.0,2214728.0,-1.0,0.097,3635.7400000000002,3622.9700000000003,0.17633339,0.17571404500000004,0.0,1.2386899999999983,0.8866425649999983,9069.812402446594,2.0,9068.925759881595,0.038887381960948424,1710720540.0,2024-03-18 00:05:00+00:00,2024-03-18 00:05:00+00:00,2024-03-18 00:08:00+00:00,2024-03-18 00:09:00+00:00,4564.859114399434,3622.2383291151386,2024-03-23 00:00:00+00:00,0.014531689936859006,0.009837968951815547,target,minute interval; not exact exchange fill
630,2216165.0,2216197.0,-1.0,0.147,3531.16,3514.94,0.25954025999999997,0.25834809000000003,0.0,2.3843399999999706,1.8664516499999704,9071.678854096594,2.0,9069.812402446594,0.057231671060801355,1710808680.0,2024-03-19 00:05:00+00:00,2024-03-19 00:05:00+00:00,2024-03-19 00:37:00+00:00,2024-03-19 00:38:00+00:00,4141.843469877047,3514.227169666692,2024-03-24 00:00:00+00:00,0.027727670992497826,0.020791376590815792,target,minute interval; not exact exchange fill
631,2217605.0,2217870.0,-1.0,0.116,3160.23,3147.9,0.18329334,0.18257820000000002,0.0,1.4302799999999916,1.0644084599999915,9072.743262556594,2.0,9071.678854096594,0.04041001515771875,1710909060.0,2024-03-20 00:05:00+00:00,2024-03-20 00:05:00+00:00,2024-03-20 04:30:00+00:00,2024-03-20 04:31:00+00:00,3934.47633888673,3147.2647216608466,2024-03-25 00:00:00+00:00,0.01674567600512763,0.011851441252139184,target,minute interval; not exact exchange fill
632,2219045.0,2219066.0,-1.0,0.08700000000000001,3506.89,3499.35,0.15254971500000003,0.15222172500000003,0.0,0.6559799999999969,0.35120855999999684,9073.094471116594,2.0,9072.743262556594,0.03362813442094762,1710980820.0,2024-03-21 00:05:00+00:00,2024-03-21 00:05:00+00:00,2024-03-21 00:26:00+00:00,2024-03-21 00:27:00+00:00,4538.682563023381,3498.6416136039634,2024-03-26 00:00:00+00:00,0.007994229355430605,0.003912491856086857,target,minute interval; not exact exchange fill
633,2220485.0,2220514.0,-1.0,0.096,3497.44,3486.7400000000002,0.16787712000000002,0.16736352000000002,0.0,1.0271999999999826,0.6919593599999826,9073.786430476594,2.0,9073.094471116594,0.037005482646394174,1711067700.0,2024-03-22 00:05:00+00:00,2024-03-22 00:05:00+00:00,2024-03-22 00:34:00+00:00,2024-03-22 00:35:00+00:00,4430.658724933472,3486.034179760582,2024-03-27 00:00:00+00:00,0.012222022484847992,0.007723709144942055,target,minute interval; not exact exchange fill
634,2221925.0,2222122.0,-1.0,0.085,3328.6800000000003,3308.69,0.1414689,0.14061932500000002,0.0,1.6991500000000201,1.41706177500002,9075.203492251594,2.0,9073.786430476594,0.0311818888584023,1711164180.0,2024-03-23 00:05:00+00:00,2024-03-23 00:05:00+00:00,2024-03-23 03:22:00+00:00,2024-03-23 03:23:00+00:00,4385.213014453192,3308.0217280709962,2024-03-28 00:00:00+00:00,0.01955288821683981,0.015779265552462143,target,minute interval; not exact exchange fill
635,2223365.0,2230560.0,-1.0,0.067,3340.53,3564.7200000000003,0.11190775500000001,0.11941812000000002,-0.9488762178903963,-15.020730000000004,-14.30317965710961,9060.900312594486,4.0,9075.203492251594,0.024662313103071862,1711670400.0,2024-03-24 00:05:00+00:00,2024-03-24 00:05:00+00:00,2024-03-29 00:00:00+00:00,2024-03-29 00:00:00+00:00,4674.681470723391,3291.961040591768,2024-03-29 00:00:00+00:00,0.03640438171679093,-0.16001203617003434,timeout,minute interval; not exact exchange fill
636,2232005.0,2235787.0,-1.0,0.08600000000000001,3509.64,3482.2200000000003,0.15091452000000002,0.14973546000000001,-0.9780657654232253,2.358119999999967,3.035535785423192,9063.935848379906,2.0,9060.900312594486,0.03331115337186341,1711984080.0,2024-03-30 00:05:00+00:00,2024-03-30 00:05:00+00:00,2024-04-01 15:07:00+00:00,2024-04-01 15:08:00+00:00,4549.792186696204,3481.5152587267953,2024-04-04 00:00:00+00:00,0.027039063737909454,0.033934387860675715,target,minute interval; not exact exchange fill
637,2236325.0,2236466.0,-1.0,0.10300000000000001,3506.66,3461.2400000000002,0.18059299,0.17825386000000004,0.0,4.678259999999961,4.319413149999961,9068.255261529906,2.0,9063.935848379906,0.03984869112512073,1712024820.0,2024-04-02 00:05:00+00:00,2024-04-02 00:05:00+00:00,2024-04-02 02:26:00+00:00,2024-04-02 02:27:00+00:00,4375.37687570106,3460.5425024928354,2024-04-07 00:00:00+00:00,0.053086913351311736,0.048273552837519065,target,minute interval; not exact exchange fill
638,2237765.0,2237786.0,-1.0,0.093,3279.9700000000003,3264.7000000000003,0.152518605,0.15180855000000004,0.0,1.4201099999999982,1.1157828449999982,9069.371044374906,2.0,9068.255261529906,0.033637916137413314,1712104020.0,2024-04-03 00:05:00+00:00,2024-04-03 00:05:00+00:00,2024-04-03 00:26:00+00:00,2024-04-03 00:27:00+00:00,4241.013638641849,3264.046348873382,2024-04-08 00:00:00+00:00,0.01656912390484315,0.012483996061776276,target,minute interval; not exact exchange fill
639,2239205.0,2239346.0,-1.0,0.093,3311.57,3295.86,0.153988005,0.15325749000000002,0.0,1.4610300000000034,1.1537845050000033,9070.524828879905,2.0,9069.371044374906,0.03395781344628258,1712197620.0,2024-04-04 00:05:00+00:00,2024-04-04 00:05:00+00:00,2024-04-04 02:26:00+00:00,2024-04-04 02:27:00+00:00,4278.080063733098,3295.1916076530274,2024-04-09 00:00:00+00:00,0.016945909785679857,0.012836167429112297,target,minute interval; not exact exchange fill
640,2242085.0,2249280.0,-1.0,0.092,3313.4500000000003,3548.35,0.15241870000000002,0.16322409999999998,-0.6784777576651182,-21.610799999999966,-21.247965042334847,9049.276863837573,4.0,9070.524828879905,0.03360747098441531,1712793600.0,2024-04-06 00:05:00+00:00,2024-04-06 00:05:00+00:00,2024-04-11 00:00:00+00:00,2024-04-11 00:00:00+00:00,4289.905649372115,3290.6796755367773,2024-04-11 00:00:00+00:00,0.0233193637395256,-0.23652496855645197,timeout,minute interval; not exact exchange fill
641,2250725.0,2251478.0,-1.0,0.145,3509.7400000000002,3498.81,0.25445615,0.25366372499999995,-0.051021082443195,1.584850000000042,1.127751207443237,9050.404615045016,2.0,9049.276863837573,0.05623789697867449,1712925540.0,2024-04-12 00:05:00+00:00,2024-04-12 00:05:00+00:00,2024-04-12 12:38:00+00:00,2024-04-12 12:39:00+00:00,4128.191601604888,3498.107567795015,2024-04-17 00:00:00+00:00,0.018808961242559905,0.012575914613056799,target,minute interval; not exact exchange fill
642,2253605.0,2253617.0,-1.0,0.093,3011.33,2992.06,0.140026845,0.13913079,0.0,1.7921099999999983,1.5129523649999983,9051.917567410015,2.0,9050.404615045016,0.03094377565556024,1713053880.0,2024-04-14 00:05:00+00:00,2024-04-14 00:05:00+00:00,2024-04-14 00:17:00+00:00,2024-04-14 00:18:00+00:00,3972.766181062155,2991.4584861114195,2024-04-19 00:00:00+00:00,0.020668572995273842,0.016920837098129003,target,minute interval; not exact exchange fill
643,2255045.0,2255060.0,-1.0,0.088,3140.25,3130.42,0.138171,0.13773848,0.0,0.8650399999999936,0.5891305199999936,9052.506697930015,2.0,9051.917567410015,0.03052855905304808,1713140460.0,2024-04-15 00:05:00+00:00,2024-04-15 00:05:00+00:00,2024-04-15 00:20:00+00:00,2024-04-15 00:21:00+00:00,4164.064002403002,3129.791013575435,2024-04-20 00:00:00+00:00,0.01021570949412353,0.006538946512048895,target,minute interval; not exact exchange fill
644,2256485.0,2256525.0,-1.0,0.135,3100.81,3065.71,0.209304675,0.206935425,0.0,4.738499999999988,4.322259899999987,9056.828957830015,2.0,9052.506697930015,0.046242368436548185,1713228360.0,2024-04-16 00:05:00+00:00,2024-04-16 00:05:00+00:00,2024-04-16 00:45:00+00:00,2024-04-16 00:46:00+00:00,3764.528450811567,3065.094420872998,2024-04-21 00:00:00+00:00,0.05381133985853564,0.048238435982683896,target,minute interval; not exact exchange fill
645,2257925.0,2257990.0,-1.0,0.129,3081.85,3070.28,0.198779325,0.19803306,0.0,1.4925299999999624,1.0957176149999623,9057.924675445016,2.0,9056.828957830015,0.043896009503005304,1713316260.0,2024-04-17 00:05:00+00:00,2024-04-17 00:05:00+00:00,2024-04-17 01:10:00+00:00,2024-04-17 01:11:00+00:00,3774.6809673332505,3069.664743470119,2024-04-22 00:00:00+00:00,0.017587632632505915,0.012259750791298188,target,minute interval; not exact exchange fill
646,2259365.0,2259385.0,-1.0,0.157,2990.42,2961.42,0.23474797000000003,0.23247147,0.0,4.553,4.08578056,9062.010456005015,2.0,9057.924675445016,0.051832616942901845,1713399960.0,2024-04-18 00:05:00+00:00,2024-04-18 00:05:00+00:00,2024-04-18 00:25:00+00:00,2024-04-18 00:26:00+00:00,3560.1720917709786,2960.8231117013083,2024-04-23 00:00:00+00:00,0.05194695855647461,0.04567614647821393,target,minute interval; not exact exchange fill
647,2260805.0,2260805.0,-1.0,0.128,3058.36,3056.55,0.19573504000000003,0.19561920000000002,0.0,0.23167999999999303,-0.15967424000000702,9061.850781765013,2.0,9062.010456005015,0.04319903203605213,1713485160.0,2024-04-19 00:05:00+00:00,2024-04-19 00:05:00+00:00,2024-04-19 00:05:00+00:00,2024-04-19 00:06:00+00:00,3760.435488655601,3055.9300514972892,2024-04-24 00:00:00+00:00,0.003461092919457957,-0.0017768103575141142,target,minute interval; not exact exchange fill
648,2262245.0,2262252.0,-1.0,0.113,3054.83,3047.79,0.172597895,0.172200135,0.0,0.7955199999999959,0.4507219699999959,9062.301503735014,2.0,9061.850781765013,0.03809329885398585,1713571980.0,2024-04-20 00:05:00+00:00,2024-04-20 00:05:00+00:00,2024-04-20 00:12:00+00:00,2024-04-20 00:13:00+00:00,3845.658299094727,3047.1752758330194,2024-04-25 00:00:00+00:00,0.009679375631528311,0.005043686479816005,target,minute interval; not exact exchange fill
649,2263685.0,2263712.0,-1.0,0.08600000000000001,3145.76,3139.94,0.13526768000000003,0.13501742000000003,0.0,0.5005200000000141,0.23023490000001404,9062.531738635014,2.0,9062.301503735014,0.029852831522820034,1713659580.0,2024-04-21 00:05:00+00:00,2024-04-21 00:05:00+00:00,2024-04-21 00:32:00+00:00,2024-04-21 00:33:00+00:00,4194.050663310666,3139.3068874372675,2024-04-26 00:00:00+00:00,0.006155842829271009,0.002553824138379049,target,minute interval; not exact exchange fill
650,2265125.0,2269126.0,-1.0,0.091,3148.37,3123.35,0.143250835,0.14211242500000001,-0.06772850330197906,2.276819999999998,2.059185243301977,9064.590923878315,2.0,9062.531738635014,0.03161386666140961,1713984420.0,2024-04-22 00:05:00+00:00,2024-04-22 00:05:00+00:00,2024-04-24 18:46:00+00:00,2024-04-24 18:47:00+00:00,4139.29019566334,3122.717458404417,2024-04-27 00:00:00+00:00,0.025887595901111612,0.022835753440171674,target,minute interval; not exact exchange fill
651,2269445.0,2270048.0,-1.0,0.16,3141.7200000000003,3117.39,0.25133760000000005,0.2493912,-0.008556941152,3.892800000000061,3.4006281411520614,9067.991552019466,2.0,9064.590923878315,0.05545481359515437,1714039740.0,2024-04-25 00:05:00+00:00,2024-04-25 00:05:00+00:00,2024-04-25 10:08:00+00:00,2024-04-25 10:09:00+00:00,3703.316431013467,3116.7622960289564,2024-04-30 00:00:00+00:00,0.044440638495520296,0.03784555012902267,target,minute interval; not exact exchange fill
652,2270885.0,2270895.0,-1.0,0.137,3155.16,3148.52,0.21612846000000002,0.21567362000000004,0.0,0.9096799999999826,0.4778779199999825,9068.469429939465,2.0,9067.991552019466,0.04766842994066699,1714090560.0,2024-04-26 00:05:00+00:00,2024-04-26 00:05:00+00:00,2024-04-26 00:15:00+00:00,2024-04-26 00:16:00+00:00,3809.514052828704,3147.885563386948,2024-05-01 00:00:00+00:00,0.011116973420742561,0.005330692130538387,target,minute interval; not exact exchange fill
653,2272325.0,2272340.0,-1.0,0.122,3132.9700000000003,3123.34,0.19111117000000002,0.19052374,0.0,1.1748600000000133,0.7932250900000133,9069.262655029466,2.0,9068.469429939465,0.04214849517362838,1714177260.0,2024-04-27 00:05:00+00:00,2024-04-27 00:05:00+00:00,2024-04-27 00:20:00+00:00,2024-04-27 00:21:00+00:00,3865.841314566236,3122.709991558475,2024-05-02 00:00:00+00:00,0.013999740797056438,0.0088717416970377,target,minute interval; not exact exchange fill
654,2273765.0,2275356.0,-1.0,0.09,3253.9700000000003,3240.11,0.14642865000000002,0.14580495,-0.07536930755459875,1.2474000000000114,1.03053570755461,9070.293190737022,2.0,9069.262655029466,0.03229119181343729,1714358220.0,2024-04-28 00:05:00+00:00,2024-04-28 00:05:00+00:00,2024-04-29 02:36:00+00:00,2024-04-29 02:37:00+00:00,4250.329310645509,3239.4564267252276,2024-05-03 00:00:00+00:00,0.014566605761298852,0.01149223641337625,target,minute interval; not exact exchange fill
655,2276645.0,2276758.0,-1.0,0.163,3206.78,3186.11,0.26135257,0.25966796500000006,0.0,3.369210000000012,2.8481894650000115,9073.141380202022,2.0,9070.293190737022,0.05762825181150806,1714442340.0,2024-04-30 00:05:00+00:00,2024-04-30 00:05:00+00:00,2024-04-30 01:58:00+00:00,2024-04-30 01:59:00+00:00,3758.707727387063,3185.471548177368,2024-05-05 00:00:00+00:00,0.03860732259912159,0.03165913602986282,target,minute interval; not exact exchange fill
656,2278085.0,2278109.0,-1.0,0.154,3011.09,3001.96,0.23185393,0.23115092,0.0,1.4060200000000167,0.9430151500000167,9074.084395352022,2.0,9073.141380202022,0.05110775205287005,1714523400.0,2024-05-01 00:05:00+00:00,2024-05-01 00:05:00+00:00,2024-05-01 00:29:00+00:00,2024-05-01 00:30:00+00:00,3593.414631835022,3001.356715694897,2024-05-06 00:00:00+00:00,0.016714533050802886,0.010515569263666225,target,minute interval; not exact exchange fill
657,2279525.0,2279557.0,-1.0,0.185,2979.79,2951.75,0.27563057500000004,0.273036875,0.0,5.187399999999993,4.638732549999993,9078.723127902022,2.0,9074.084395352022,0.06075115967428847,1714610280.0,2024-05-02 00:05:00+00:00,2024-05-02 00:05:00+00:00,2024-05-02 00:37:00+00:00,2024-05-02 00:38:00+00:00,3464.874801644729,2951.159533752747,2024-05-07 00:00:00+00:00,0.059021569321855774,0.051690405296111644,target,minute interval; not exact exchange fill
658,2280965.0,2281418.0,-1.0,0.18,2985.73,2976.21,0.2687157,0.2678589,0.0,1.7135999999999967,1.1770253999999967,9079.900153302022,2.0,9078.723127902022,0.059196804707953854,1714721940.0,2024-05-03 00:05:00+00:00,2024-05-03 00:05:00+00:00,2024-05-03 07:38:00+00:00,2024-05-03 07:39:00+00:00,3483.287311104327,2975.6063490696106,2024-05-08 00:00:00+00:00,0.020346703192683516,0.013142264929213133,target,minute interval; not exact exchange fill
659,2282405.0,2282525.0,-1.0,0.17400000000000002,3098.23,3096.21,0.26954601,0.26937027,0.0,0.35147999999999685,-0.18743628000000317,9079.712717022021,2.0,9079.900153302022,0.05937202071588335,1714788360.0,2024-05-04 00:05:00+00:00,2024-05-04 00:05:00+00:00,2024-05-04 02:05:00+00:00,2024-05-04 02:06:00+00:00,3615.704001873482,3095.588557931916,2024-05-09 00:00:00+00:00,0.005104492319461049,-0.002081689120806091,target,minute interval; not exact exchange fill
660,2283845.0,2283875.0,-1.0,0.149,3113.73,3106.92,0.231972885,0.23146554,0.0,1.0146899999999919,0.5512515749999919,9080.26396859702,2.0,9079.712717022021,0.05109696578067127,1714869360.0,2024-05-05 00:05:00+00:00,2024-05-05 00:05:00+00:00,2024-05-05 00:35:00+00:00,2024-05-05 00:36:00+00:00,3715.0794893723596,3106.2961835652186,2024-05-10 00:00:00+00:00,0.01236189032527531,0.006152287588805256,target,minute interval; not exact exchange fill
661,2285285.0,2286029.0,-1.0,0.155,3138.55,3121.57,0.243237625,0.24192167500000003,-0.049284715556789996,2.631900000000003,2.196025415556793,9082.459994012577,2.0,9080.26396859702,0.0535750118809778,1714998600.0,2024-05-06 00:05:00+00:00,2024-05-06 00:05:00+00:00,2024-05-06 12:29:00+00:00,2024-05-06 12:30:00+00:00,3719.68278614243,3120.93684690885,2024-05-11 00:00:00+00:00,0.03030831078739627,0.024379808272159006,target,minute interval; not exact exchange fill
662,2286725.0,2286928.0,-1.0,0.229,3066.64,3039.9500000000003,0.35113028,0.34807427500000004,0.0,6.112009999999908,5.412805444999908,9087.872799457577,2.0,9082.459994012577,0.07732052334532172,1715052540.0,2024-05-07 00:05:00+00:00,2024-05-07 00:05:00+00:00,2024-05-07 03:28:00+00:00,2024-05-07 03:29:00+00:00,3458.21874198692,3039.3387459147884,2024-05-12 00:00:00+00:00,0.06972098114080813,0.06036258475131708,target,minute interval; not exact exchange fill
663,2288165.0,2288192.0,-1.0,0.23,3011.06,2997.28,0.3462719,0.3446872,0.0,3.1693999999999414,2.478440899999941,9090.351240357577,2.0,9087.872799457577,0.07620526995506975,1715128380.0,2024-05-08 00:05:00+00:00,2024-05-08 00:05:00+00:00,2024-05-08 00:32:00+00:00,2024-05-08 00:33:00+00:00,3400.8058647981834,2996.6804148360666,2024-05-13 00:00:00+00:00,0.036894772883297546,0.02764834979218994,target,minute interval; not exact exchange fill
664,2289605.0,2290257.0,-1.0,0.318,2977.2000000000003,2960.2200000000003,0.47337480000000004,0.4706749800000001,-0.094841762804478,5.399640000000006,4.550431982804484,9094.901672340382,2.0,9090.351240357577,0.10414884694408781,1715252280.0,2024-05-09 00:05:00+00:00,2024-05-09 00:05:00+00:00,2024-05-09 10:57:00+00:00,2024-05-09 10:58:00+00:00,3258.633053031118,2959.6234233991768,2024-05-14 00:00:00+00:00,0.062453846168808336,0.05084525212302918,target,minute interval; not exact exchange fill
665,2291045.0,2291055.0,-1.0,0.242,3028.43,3027.96,0.36644002999999997,0.36638316,0.0,0.11373999999995157,-0.6190831900000484,9094.282589150382,2.0,9094.901672340382,0.08058141653459006,1715300160.0,2024-05-10 00:05:00+00:00,2024-05-10 00:05:00+00:00,2024-05-10 00:15:00+00:00,2024-05-10 00:16:00+00:00,3399.9199064884706,3027.3445668949644,2024-05-15 00:00:00+00:00,0.0029218374068237293,-0.006886310920750666,target,minute interval; not exact exchange fill
666,2292485.0,2292698.0,-1.0,0.218,2913.34,2904.96,0.31755406,0.31664064000000003,0.0,1.8268400000000238,1.1926453000000237,9095.475234450381,2.0,9094.282589150382,0.06983597812956611,1715398740.0,2024-05-11 00:05:00+00:00,2024-05-11 00:05:00+00:00,2024-05-11 03:38:00+00:00,2024-05-11 03:39:00+00:00,3324.7253046694664,2904.3702033866834,2024-05-16 00:00:00+00:00,0.02180388193623888,0.013298603372319646,target,minute interval; not exact exchange fill
667,2293925.0,2294372.0,-1.0,0.176,2911.9700000000003,2903.34,0.25625336,0.25549392,0.0,1.518880000000019,1.0071327200000193,9096.482367170382,2.0,9095.475234450381,0.05634743724646836,1715499180.0,2024-05-12 00:05:00+00:00,2024-05-12 00:05:00+00:00,2024-05-12 07:32:00+00:00,2024-05-12 07:33:00+00:00,3422.5045428579197,2902.7532529279392,2024-05-17 00:00:00+00:00,0.018053131175936953,0.011208536386131712,target,minute interval; not exact exchange fill
668,2295365.0,2295439.0,-1.0,0.17500000000000002,2929.42,2915.09,0.25632425000000003,0.25507037500000007,0.0,2.5077499999999877,1.9963553749999876,9098.478722545382,2.0,9096.482367170382,0.05635678488754859,1715563200.0,2024-05-13 00:05:00+00:00,2024-05-13 00:05:00+00:00,2024-05-13 01:19:00+00:00,2024-05-13 01:20:00+00:00,3444.702310213278,2914.504673595824,2024-05-18 00:00:00+00:00,0.028945931402152264,0.022138825210743614,target,minute interval; not exact exchange fill
669,2296805.0,2297168.0,-1.0,0.241,2946.16,2929.6,0.35501227999999996,0.3530168,0.0,3.9909599999999865,3.2829309199999868,9101.76165346538,2.0,9098.478722545382,0.07803772275035492,1715666940.0,2024-05-14 00:05:00+00:00,2024-05-14 00:05:00+00:00,2024-05-14 06:08:00+00:00,2024-05-14 06:09:00+00:00,3319.509463923148,2929.0107662407263,2024-05-19 00:00:00+00:00,0.045933462925243765,0.036486244969683376,target,minute interval; not exact exchange fill
670,2298245.0,2298286.0,-1.0,0.23900000000000002,2884.56,2873.92,0.34470492,0.34343344000000003,0.0,2.5429599999999697,1.8548216399999697,9103.61647510538,2.0,9101.76165346538,0.07574465979753667,1715734020.0,2024-05-15 00:05:00+00:00,2024-05-15 00:05:00+00:00,2024-05-15 00:46:00+00:00,2024-05-15 00:47:00+00:00,3259.800714219493,2873.3432711106525,2024-05-20 00:00:00+00:00,0.029892089169157556,0.020682084075397802,target,minute interval; not exact exchange fill
671,2299685.0,2299728.0,-1.0,0.268,3032.3,3015.71,0.40632820000000003,0.40410514000000003,0.0,4.44612000000004,3.6356866600000397,9107.25216176538,2.0,9103.61647510538,0.08926742489891558,1715820540.0,2024-05-16 00:05:00+00:00,2024-05-16 00:05:00+00:00,2024-05-16 00:48:00+00:00,2024-05-16 00:49:00+00:00,3367.0978112028115,3015.1028189657723,2024-05-21 00:00:00+00:00,0.051365870560636205,0.04051996323172567,target,minute interval; not exact exchange fill
672,2301125.0,2301200.0,-1.0,0.217,2939.38,2935.55,0.31892273,0.31850717500000003,0.0,0.8311099999999843,0.1936800949999843,9107.445841860379,2.0,9107.25216176538,0.07003709227222692,1715908860.0,2024-05-17 00:05:00+00:00,2024-05-17 00:05:00+00:00,2024-05-17 01:20:00+00:00,2024-05-17 01:21:00+00:00,3354.236638939403,2934.958728206409,2024-05-22 00:00:00+00:00,0.010657348535856353,0.002151429954891715,target,minute interval; not exact exchange fill
673,2302565.0,2302592.0,-1.0,0.17200000000000001,3087.64,3085.57,0.26553704,0.26535902000000006,0.0,0.35603999999994995,-0.1748560600000501,9107.270985800378,2.0,9107.445841860379,0.058312076648211766,1715992380.0,2024-05-18 00:05:00+00:00,2024-05-18 00:05:00+00:00,2024-05-18 00:32:00+00:00,2024-05-18 00:33:00+00:00,3610.1990196912097,3084.944462946183,2024-05-23 00:00:00+00:00,0.005158339923803293,-0.0019454357530772747,target,minute interval; not exact exchange fill
674,2304005.0,2304391.0,-1.0,0.138,3119.21,3111.56,0.21522549000000002,0.21469764000000002,0.0,1.0557000000000127,0.6257768700000127,9107.89676267038,2.0,9107.270985800378,0.04726454068086242,1716100320.0,2024-05-19 00:05:00+00:00,2024-05-19 00:05:00+00:00,2024-05-19 06:31:00+00:00,2024-05-19 06:32:00+00:00,3770.1890844431427,3110.9365633729967,2024-05-24 00:00:00+00:00,0.012709220349345851,0.006965838240224061,target,minute interval; not exact exchange fill
675,2305445.0,2305532.0,-1.0,0.138,3068.79,3054.15,0.21174651000000003,0.21073635000000002,0.0,2.0203199999999826,1.5978371399999824,9109.49459981038,2.0,9107.89676267038,0.04649734521977986,1716168780.0,2024-05-20 00:05:00+00:00,2024-05-20 00:05:00+00:00,2024-05-20 01:32:00+00:00,2024-05-20 01:33:00+00:00,3723.1768841351527,3053.5352726249885,2024-05-25 00:00:00+00:00,0.023311480937110114,0.017693707317044147,target,minute interval; not exact exchange fill
676,2306885.0,2310960.0,-1.0,0.098,3670.02,3616.3,0.17983098,0.17719870000000001,-0.35708509306089325,5.264559999999981,5.2646154130608735,9114.759215223437,2.0,9109.49459981038,0.03948209816244763,1716494460.0,2024-05-21 00:05:00+00:00,2024-05-21 00:05:00+00:00,2024-05-23 20:00:00+00:00,2024-05-23 20:01:00+00:00,4588.664932403309,3615.575278183676,2024-05-26 00:00:00+00:00,0.059266338816988604,0.058478051251919336,target,minute interval; not exact exchange fill
677,2311205.0,2311209.0,-1.0,0.089,3772.09,3767.92,0.167858005,0.16767244,0.0,0.37113000000000645,0.035599555000006444,9114.794814778437,2.0,9114.759215223437,0.0368321314993476,1716509400.0,2024-05-24 00:05:00+00:00,2024-05-24 00:05:00+00:00,2024-05-24 00:09:00+00:00,2024-05-24 00:10:00+00:00,4782.273292595542,3767.1569453213056,2024-05-29 00:00:00+00:00,0.004883326337757684,0.0003959627950016222,target,minute interval; not exact exchange fill
678,2312645.0,2312646.0,-1.0,0.079,3722.31,3719.52,0.147031245,0.14692104,0.0,0.22040999999999714,-0.07354228500000287,9114.721272493438,2.0,9114.794814778437,0.03226210748301393,1716595620.0,2024-05-25 00:05:00+00:00,2024-05-25 00:05:00+00:00,2024-05-25 00:06:00+00:00,2024-05-25 00:07:00+00:00,4857.81633533129,3718.7705765483183,2024-05-30 00:00:00+00:00,0.0031170442132751005,-0.0008198236954164036,target,minute interval; not exact exchange fill
679,2314085.0,2320312.0,-1.0,0.067,3749.81,3731.2200000000003,0.125618635,0.12499587000000001,-0.39231840483516645,1.2455299999999794,1.387233899835146,9116.108506393273,2.0,9114.721272493438,0.027563900473642367,1717055580.0,2024-05-26 00:05:00+00:00,2024-05-26 00:05:00+00:00,2024-05-30 07:52:00+00:00,2024-05-30 07:53:00+00:00,5090.172799631968,3730.471775799696,2024-05-31 00:00:00+00:00,0.014427604381152502,0.01544729798925645,target,minute interval; not exact exchange fill
680,2321285.0,2321740.0,-1.0,0.095,3750.29,3734.31,0.17813877500000003,0.17737972500000002,0.0,1.5181000000000018,1.1625815000000017,9117.271087893274,2.0,9116.108506393273,0.03908219716232391,1717141260.0,2024-05-31 00:05:00+00:00,2024-05-31 00:05:00+00:00,2024-05-31 07:40:00+00:00,2024-05-31 07:41:00+00:00,4697.827132881387,3733.5548091040646,2024-06-05 00:00:00+00:00,0.017661778430830413,0.012915272209740338,target,minute interval; not exact exchange fill
681,2322725.0,2325244.0,-1.0,0.084,3768.16,3754.65,0.15826272,0.1576953,-0.1922938990266595,1.1348399999999803,1.0111758790266399,9118.2822637723,2.0,9117.271087893274,0.03471712499810505,1717351500.0,2024-06-01 00:05:00+00:00,2024-06-01 00:05:00+00:00,2024-06-02 18:04:00+00:00,2024-06-02 18:05:00+00:00,4845.8588929620655,3753.8947628997616,2024-06-06 00:00:00+00:00,0.013236755826138105,0.011169917833509548,target,minute interval; not exact exchange fill
682,2325605.0,2327059.0,-1.0,0.065,3781.31,3753.36,0.122892575,0.1219842,-0.09537362319060987,1.8167499999999883,1.6672468481905982,9119.94951062049,2.0,9118.2822637723,0.02695520306237119,1717460400.0,2024-06-03 00:05:00+00:00,2024-06-03 00:05:00+00:00,2024-06-04 00:19:00+00:00,2024-06-04 00:20:00+00:00,5161.718815557163,3752.6063340185515,2024-06-08 00:00:00+00:00,0.020793597996447918,0.018581416766939224,target,minute interval; not exact exchange fill
683,2328485.0,2328786.0,-1.0,0.117,3814.79,3796.1800000000003,0.22316521500000003,0.22207653000000002,0.0,2.1773699999999616,1.7321282549999615,9121.68163887549,2.0,9119.94951062049,0.048940011069165804,1717564020.0,2024-06-05 00:05:00+00:00,2024-06-05 00:05:00+00:00,2024-06-05 05:06:00+00:00,2024-06-05 05:07:00+00:00,4586.429187930858,3795.4128861014833,2024-06-10 00:00:00+00:00,0.02511162496875798,0.019185799829189366,target,minute interval; not exact exchange fill
684,2329925.0,2330705.0,-1.0,0.131,3867.09,3830.2400000000002,0.253294395,0.25088072000000006,-0.10263844087480867,4.8273499999999885,4.425813325874796,9126.107452201366,2.0,9121.68163887549,0.05553677600860137,1717679160.0,2024-06-06 00:05:00+00:00,2024-06-06 00:05:00+00:00,2024-06-06 13:05:00+00:00,2024-06-06 13:06:00+00:00,4555.166834611205,3829.466831012624,2024-06-11 00:00:00+00:00,0.054678732221286046,0.049100380726743366,target,minute interval; not exact exchange fill
685,2331365.0,2331517.0,-1.0,0.1,3811.9300000000003,3800.4700000000003,0.19059650000000003,0.1900235,0.0,1.1460000000000037,0.7653800000000036,9126.872832201365,2.0,9126.107452201366,0.041769506002041434,1717727880.0,2024-06-07 00:05:00+00:00,2024-06-07 00:05:00+00:00,2024-06-07 02:37:00+00:00,2024-06-07 02:38:00+00:00,4712.727142251188,3799.702372434614,2024-06-12 00:00:00+00:00,0.013574229970166307,0.00849669658239854,target,minute interval; not exact exchange fill
686,2332805.0,2333611.0,-1.0,0.089,3680.75,3670.6800000000003,0.163793375,0.16334526,-0.033021314,0.8962299999999741,0.602112678999974,9127.474944880365,2.0,9126.872832201365,0.03589255115336009,1717853520.0,2024-06-08 00:05:00+00:00,2024-06-08 00:05:00+00:00,2024-06-08 13:31:00+00:00,2024-06-08 13:32:00+00:00,4697.636006044097,3669.9371537386683,2024-06-13 00:00:00+00:00,0.01063329242123807,0.006652968926495715,target,minute interval; not exact exchange fill
687,2334245.0,2336105.0,-1.0,0.076,3680.9700000000003,3664.2400000000002,0.13987686,0.13924112,-0.084255710009128,1.2714800000000013,1.0766177300091293,9128.551562610375,2.0,9127.474944880365,0.030649628915926513,1718003160.0,2024-06-09 00:05:00+00:00,2024-06-09 00:05:00+00:00,2024-06-10 07:05:00+00:00,2024-06-10 07:06:00+00:00,4870.600930715603,3663.5048881090443,2024-06-14 00:00:00+00:00,0.014681117849256114,0.011907913956773708,target,minute interval; not exact exchange fill
688,2337125.0,2337232.0,-1.0,0.337,3671.13,3654.81,0.618585405,0.6158354850000001,0.0,5.499840000000056,4.265419110000056,9132.816981720376,2.0,9128.551562610375,0.13552761371993852,1718070780.0,2024-06-11 00:05:00+00:00,2024-06-11 00:05:00+00:00,2024-06-11 01:52:00+00:00,2024-06-11 01:53:00+00:00,3936.5164566564044,3654.0777276474223,2024-06-16 00:00:00+00:00,0.06425449349382349,0.04769282562292624,target,minute interval; not exact exchange fill
689,2338565.0,2338638.0,-1.0,0.326,3500.21,3484.51,0.57053423,0.56797513,0.0,5.118199999999941,3.9796906399999417,9136.796672360375,2.0,9132.816981720376,0.12494156647219415,1718155140.0,2024-06-12 00:05:00+00:00,2024-06-12 00:05:00+00:00,2024-06-12 01:18:00+00:00,2024-06-12 01:19:00+00:00,3774.678774304253,3483.806293955842,2024-06-17 00:00:00+00:00,0.059765290553504234,0.044477336378044484,target,minute interval; not exact exchange fill
690,2340005.0,2340094.0,-1.0,0.341,3556.81,3545.64,0.606436105,0.6045316199999999,0.0,3.8089700000000253,2.598002275000025,9139.394674635376,2.0,9136.796672360375,0.13274589043543528,1718242500.0,2024-06-13 00:05:00+00:00,2024-06-13 00:05:00+00:00,2024-06-13 01:34:00+00:00,2024-06-13 01:35:00+00:00,3819.3223145789852,3544.9278881538467,2024-06-18 00:00:00+00:00,0.045263064573598036,0.029022543236567742,target,minute interval; not exact exchange fill
691,2341445.0,2341461.0,-1.0,0.267,3476.29,3463.34,0.46408471500000004,0.46235589000000005,0.0,3.4576499999999517,2.531209394999952,9141.925884030376,2.0,9139.394674635376,0.10155699179683693,1718324520.0,2024-06-14 00:05:00+00:00,2024-06-14 00:05:00+00:00,2024-06-14 00:21:00+00:00,2024-06-14 00:22:00+00:00,3812.5258936714595,3462.646579111313,2024-06-19 00:00:00+00:00,0.040576931688376866,0.028195041571805038,target,minute interval; not exact exchange fill
692,2342885.0,2342999.0,-1.0,0.234,3483.26,3477.17,0.4075414200000001,0.40682889000000005,0.0,1.4250600000000342,0.610689690000034,9142.536573720376,2.0,9141.925884030376,0.08915876701908426,1718416800.0,2024-06-15 00:05:00+00:00,2024-06-15 00:05:00+00:00,2024-06-15 01:59:00+00:00,2024-06-15 02:00:00+00:00,3868.0631518834734,3476.4656070594165,2024-06-20 00:00:00+00:00,0.01765680168503723,0.006782129998743994,target,minute interval; not exact exchange fill
693,2344325.0,2344348.0,-1.0,0.189,3562.4700000000003,3560.58,0.33665341500000007,0.33647481,0.0,0.35721000000006187,-0.3159182249999382,9142.220655495377,2.0,9142.536573720376,0.07364551670871917,1718497740.0,2024-06-16 00:05:00+00:00,2024-06-16 00:05:00+00:00,2024-06-16 00:28:00+00:00,2024-06-16 00:29:00+00:00,4039.441676936595,3559.8584128077823,2024-06-21 00:00:00+00:00,0.005475350672792897,-0.0035044533686679983,target,minute interval; not exact exchange fill
694,2345765.0,2345837.0,-1.0,0.178,3619.84,3611.03,0.32216575999999997,0.32138167,0.0,1.5681799999999901,0.9246325699999902,9143.145288065376,2.0,9142.220655495377,0.0704786664291124,1718587080.0,2024-06-17 00:05:00+00:00,2024-06-17 00:05:00+00:00,2024-06-17 01:17:00+00:00,2024-06-17 01:18:00+00:00,4128.143494105039,3610.300799197332,2024-06-22 00:00:00+00:00,0.01876674253334388,0.010219416274416769,target,minute interval; not exact exchange fill
695,2347205.0,2347221.0,-1.0,0.261,3511.5,3490.29,0.45825075000000004,0.455482845,0.0,5.5358100000000094,4.622076405000009,9147.767364470375,2.0,9143.145288065376,0.10023919243592434,1718670120.0,2024-06-18 00:05:00+00:00,2024-06-18 00:05:00+00:00,2024-06-18 00:21:00+00:00,2024-06-18 00:22:00+00:00,3856.087959214281,3489.5843518918828,2024-06-23 00:00:00+00:00,0.06359957602142755,0.051392117822049846,target,minute interval; not exact exchange fill
696,2348645.0,2348662.0,-1.0,0.297,3481.4,3467.46,0.5169879,0.51491781,0.0,4.140180000000016,3.1082742900000158,9150.875638760375,2.0,9147.767364470375,0.11303039952851529,1718756580.0,2024-06-19 00:05:00+00:00,2024-06-19 00:05:00+00:00,2024-06-19 00:22:00+00:00,2024-06-19 00:23:00+00:00,3783.482924022548,3466.7652269366126,2024-06-24 00:00:00+00:00,0.04844621095595291,0.034644692459408544,target,minute interval; not exact exchange fill
697,2350085.0,2350204.0,-1.0,0.323,3552.4300000000003,3536.96,0.5737174450000001,0.5712190400000001,0.0,4.996810000000083,3.851873515000083,9154.727512275374,2.0,9150.875638760375,0.12539072054916897,1718849100.0,2024-06-20 00:05:00+00:00,2024-06-20 00:05:00+00:00,2024-06-20 02:04:00+00:00,2024-06-20 02:05:00+00:00,3829.9483861138156,3536.248903988484,2024-06-25 00:00:00+00:00,0.058306392733489434,0.04297122495916172,target,minute interval; not exact exchange fill
698,2351525.0,2351530.0,-1.0,0.24,3515.14,3504.41,0.42181679999999994,0.42052919999999994,0.0,2.575200000000004,1.7328540000000046,9156.460366275374,2.0,9154.727512275374,0.09215278104878491,1718928660.0,2024-06-21 00:05:00+00:00,2024-06-21 00:05:00+00:00,2024-06-21 00:10:00+00:00,2024-06-21 00:11:00+00:00,3891.302905684668,3503.7059487832953,2024-06-26 00:00:00+00:00,0.03039654108342509,0.019194409897643195,target,minute interval; not exact exchange fill
699,2352965.0,2352971.0,-1.0,0.213,3515.63,3510.71,0.374414595,0.373890615,0.0,1.0479600000000155,0.2996547900000156,9156.760021065375,2.0,9156.460366275374,0.08178151382143814,1719015120.0,2024-06-22 00:05:00+00:00,2024-06-22 00:05:00+00:00,2024-06-22 00:11:00+00:00,2024-06-22 00:12:00+00:00,3938.772329621893,3510.0025642902215,2024-06-27 00:00:00+00:00,0.01329915566425875,0.0033247205526735516,target,minute interval; not exact exchange fill
700,2354405.0,2355257.0,-1.0,0.185,3493.39,3486.71,0.323138575,0.322520675,-0.02983900350861833,1.2357999999999696,0.6199797535085879,9157.380000818881,2.0,9156.760021065375,0.07057923856399227,1719152280.0,2024-06-23 00:05:00+00:00,2024-06-23 00:05:00+00:00,2024-06-23 14:17:00+00:00,2024-06-23 14:18:00+00:00,3981.788334301341,3486.00513204136,2024-06-28 00:00:00+00:00,0.015120583834922466,0.006861698076123087,target,minute interval; not exact exchange fill
701,2355845.0,2356014.0,-1.0,0.17400000000000002,3418.37,3401.89,0.29739819,0.29596443,0.0,2.8675200000000034,2.2741573800000032,9159.654158198882,2.0,9157.380000818881,0.06495268078280157,1719197700.0,2024-06-24 00:05:00+00:00,2024-06-24 00:05:00+00:00,2024-06-24 02:54:00+00:00,2024-06-24 02:55:00+00:00,3937.1655579814533,3401.2037638168113,2024-06-29 00:00:00+00:00,0.0330886336999098,0.02519271763014451,target,minute interval; not exact exchange fill
702,2357285.0,2359743.0,-1.0,0.268,3354.31,3333.16,0.44947754000000006,0.44664344,-0.45382015840000006,5.6682000000000246,5.225899178400025,9164.880057377284,2.0,9159.654158198882,0.0981429063230884,1719421440.0,2024-06-25 00:05:00+00:00,2024-06-25 00:05:00+00:00,2024-06-26 17:03:00+00:00,2024-06-26 17:04:00+00:00,3690.8279491166672,3332.4906099892564,2024-06-30 00:00:00+00:00,0.0648387108860543,0.057945271125017385,target,minute interval; not exact exchange fill
703,2360165.0,2364649.0,-1.0,0.352,3368.8,3350.28,0.5929088,0.5896492799999999,-1.079550003944544,6.519039999999993,6.416031923944537,9171.29608930123,2.0,9164.880057377284,0.12938713791954914,1719715800.0,2024-06-27 00:05:00+00:00,2024-06-27 00:05:00+00:00,2024-06-30 02:49:00+00:00,2024-06-30 02:50:00+00:00,3624.40144766929,3349.6042365692124,2024-07-02 00:00:00+00:00,0.07510037054103169,0.07131165956415267,target,minute interval; not exact exchange fill
704,2365925.0,2368213.0,-1.0,0.17200000000000001,3434.64,3419.01,0.29537904000000004,0.29403486000000006,-0.23809528306058003,2.688359999999941,2.3370413830605203,9173.63313068429,2.0,9171.29608930123,0.06441380522968271,1719929640.0,2024-07-01 00:05:00+00:00,2024-07-01 00:05:00+00:00,2024-07-02 14:13:00+00:00,2024-07-02 14:14:00+00:00,3961.3715191136216,3418.3235291331757,2024-07-06 00:00:00+00:00,0.030976826475623356,0.02579577907997507,target,minute interval; not exact exchange fill
705,2368805.0,2368907.0,-1.0,0.34800000000000003,3421.15,3407.65,0.5952801000000001,0.5929311,0.0,4.698,3.5097888000000004,9177.14291948429,2.0,9173.63313068429,0.1297806641098141,1719971280.0,2024-07-03 00:05:00+00:00,2024-07-03 00:05:00+00:00,2024-07-03 01:47:00+00:00,2024-07-03 01:48:00+00:00,3679.3352875173387,3406.968263839491,2024-07-08 00:00:00+00:00,0.05492852167092057,0.03906341874465909,target,minute interval; not exact exchange fill
706,2370245.0,2370315.0,-1.0,0.41000000000000003,3299.4700000000003,3276.71,0.6763913500000002,0.6717255500000001,0.0,9.33160000000009,7.983483100000091,9185.12640258429,2.0,9177.14291948429,0.14740782745443176,1720055760.0,2024-07-04 00:05:00+00:00,2024-07-04 00:05:00+00:00,2024-07-04 01:15:00+00:00,2024-07-04 01:16:00+00:00,3518.134115585868,3276.046699333006,2024-07-09 00:00:00+00:00,0.10712000276879481,0.08904940779985336,target,minute interval; not exact exchange fill
707,2373125.0,2373125.0,-1.0,0.213,2974.7200000000003,2973.9500000000003,0.31680768000000004,0.31672567500000004,0.0,0.16400999999999613,-0.469523355000004,9184.656879229291,2.0,9185.12640258429,0.06898275888960315,1720224360.0,2024-07-06 00:05:00+00:00,2024-07-06 00:05:00+00:00,2024-07-06 00:05:00+00:00,2024-07-06 00:06:00+00:00,3400.344908058735,2973.3498293439925,2024-07-11 00:00:00+00:00,0.0032191975377030306,-0.00517905545061716,target,minute interval; not exact exchange fill
708,2374565.0,2374569.0,-1.0,0.171,3059.2200000000003,3057.36,0.26156331000000005,0.26140428000000004,0.0,0.3180600000000218,-0.20490758999997827,9184.451971639292,2.0,9184.656879229291,0.056956577352718384,1720311000.0,2024-07-07 00:05:00+00:00,2024-07-07 00:05:00+00:00,2024-07-07 00:09:00+00:00,2024-07-07 00:10:00+00:00,3589.744883975431,3056.748642935746,2024-07-12 00:00:00+00:00,0.00465832449881613,-0.0022586876434911333,target,minute interval; not exact exchange fill
709,2376005.0,2376038.0,-1.0,0.164,2929.89,2911.7200000000003,0.24025098,0.23876104000000004,0.0,2.9798799999999375,2.5008679799999376,9186.952839619293,2.0,9184.451971639292,0.052316889617774046,1720399140.0,2024-07-08 00:05:00+00:00,2024-07-08 00:05:00+00:00,2024-07-08 00:38:00+00:00,2024-07-08 00:39:00+00:00,3483.896041179854,2911.1332802641864,2024-07-13 00:00:00+00:00,0.033856525636196524,0.027525322589486128,target,minute interval; not exact exchange fill
710,2377445.0,2384640.0,-1.0,0.223,3015.76,3174.64,0.33625724,0.35397236,-0.7115251599206269,-35.43023999999993,-35.4089444400793,9151.543895179211,4.0,9186.952839619293,0.07320321457401419,1720915200.0,2024-07-09 00:05:00+00:00,2024-07-09 00:05:00+00:00,2024-07-14 00:00:00+00:00,2024-07-14 00:00:00+00:00,3421.71263877093,2994.602843703131,2024-07-14 00:00:00+00:00,0.052117302059977035,-0.391140465785224,timeout,minute interval; not exact exchange fill
711,2386085.0,2393280.0,-1.0,0.136,3243.4900000000002,3502.89,0.22055732000000003,0.23819652000000002,-0.44429275058684076,-35.278399999999955,-35.292861089413115,9116.251034089797,4.0,9151.543895179211,0.04820111721611994,1721433600.0,2024-07-15 00:05:00+00:00,2024-07-15 00:05:00+00:00,2024-07-20 00:00:00+00:00,2024-07-20 00:00:00+00:00,3909.058878525451,3220.759208936157,2024-07-20 00:00:00+00:00,0.034152424786150964,-0.3899015412420295,timeout,minute interval; not exact exchange fill
712,2394725.0,2394775.0,-1.0,0.114,3515.84,3504.14,0.20040288,0.19973598,0.0,1.3338000000000312,0.9336611400000312,9117.184695229796,2.0,9116.251034089797,0.043966073169903454,1721523360.0,2024-07-21 00:05:00+00:00,2024-07-21 00:05:00+00:00,2024-07-21 00:55:00+00:00,2024-07-21 00:56:00+00:00,4309.563766589916,3503.4300490541705,2024-07-26 00:00:00+00:00,0.015635100608296877,0.010318463859520177,target,minute interval; not exact exchange fill
713,2396165.0,2396401.0,-1.0,0.106,3533.89,3513.86,0.18729616999999998,0.18623458,0.0,2.123179999999973,1.749649249999973,9118.934344479798,2.0,9117.184695229796,0.04108640468762144,1721620920.0,2024-07-22 00:05:00+00:00,2024-07-22 00:05:00+00:00,2024-07-22 04:01:00+00:00,2024-07-22 04:02:00+00:00,4384.761723993496,3513.15305678619,2024-07-27 00:00:00+00:00,0.024371409495761213,0.019399075717935022,target,minute interval; not exact exchange fill
714,2397605.0,2398604.0,-1.0,0.161,3438.82,3422.06,0.27682501000000004,0.27547583000000003,-0.10571248696728369,2.698360000000035,2.251771646967319,9121.186116126766,2.0,9118.934344479798,0.06071433339523444,1721753100.0,2024-07-23 00:05:00+00:00,2024-07-23 00:05:00+00:00,2024-07-23 16:44:00+00:00,2024-07-23 16:45:00+00:00,3999.1536659135522,3421.366124945619,2024-07-28 00:00:00+00:00,0.03114907441073492,0.02496041224853235,target,minute interval; not exact exchange fill
715,2399045.0,2399141.0,-1.0,0.186,3481.86,3457.27,0.32381298,0.32152611000000003,0.0,4.5737400000000275,3.9284009100000277,9125.114517036767,2.0,9121.186116126766,0.07100238409289349,1721785320.0,2024-07-24 00:05:00+00:00,2024-07-24 00:05:00+00:00,2024-07-24 01:41:00+00:00,2024-07-24 01:42:00+00:00,3965.6881777471526,3456.57190906633,2024-07-29 00:00:00+00:00,0.052266676677284164,0.04365275932944451,target,minute interval; not exact exchange fill
716,2400485.0,2400544.0,-1.0,0.241,3334.91,3311.86,0.401856655,0.39907913,0.0,5.555049999999934,4.754114214999935,9129.868631251768,2.0,9125.114517036767,0.08807706560826732,1721869500.0,2024-07-25 00:05:00+00:00,2024-07-25 00:05:00+00:00,2024-07-25 01:04:00+00:00,2024-07-25 01:05:00+00:00,3707.6404207097253,3311.1925903184206,2024-07-30 00:00:00+00:00,0.06363153733579986,0.05292461764306166,target,minute interval; not exact exchange fill
717,2401925.0,2409120.0,-1.0,0.181,3172.4300000000003,3278.83,0.287104915,0.29673411499999996,-0.7061884358813151,-19.258399999999934,-19.13605059411862,9110.73258065765,4.0,9129.868631251768,0.06289354789120026,1722384000.0,2024-07-26 00:05:00+00:00,2024-07-26 00:05:00+00:00,2024-07-31 00:00:00+00:00,2024-07-31 00:00:00+00:00,3671.708039585839,3163.9898135556596,2024-07-31 00:00:00+00:00,0.016904782055589776,-0.21175382862682054,timeout,minute interval; not exact exchange fill
718,2410565.0,2410654.0,-1.0,0.256,3236.52,3210.12,0.41427456,0.41089536,0.0,6.758400000000023,5.9332300800000235,9116.66581073765,2.0,9110.73258065765,0.09094209633142278,1722476100.0,2024-08-01 00:05:00+00:00,2024-08-01 00:05:00+00:00,2024-08-01 01:34:00+00:00,2024-08-01 01:35:00+00:00,3587.6530683750925,3209.4769474044656,2024-08-06 00:00:00+00:00,0.07701653598357779,0.06600540389788055,target,minute interval; not exact exchange fill
719,2412005.0,2412031.0,-1.0,0.196,3204.04,3199.07,0.31399592000000004,0.31350886000000006,0.0,0.9741199999999608,0.34661521999996076,9117.01242595765,2.0,9116.66581073765,0.0688839377286758,1722558720.0,2024-08-02 00:05:00+00:00,2024-08-02 00:05:00+00:00,2024-08-02 00:31:00+00:00,2024-08-02 00:32:00+00:00,3663.462795818927,3198.4224915348996,2024-08-07 00:00:00+00:00,0.01222731766082072,0.003849275691354242,target,minute interval; not exact exchange fill
720,2413445.0,2413477.0,-1.0,0.169,2994.6,2979.34,0.2530437,0.25175423,0.0,2.5789399999999603,2.07414206999996,9119.08656802765,2.0,9117.01242595765,0.05551022378329606,1722645480.0,2024-08-03 00:05:00+00:00,2024-08-03 00:05:00+00:00,2024-08-03 00:37:00+00:00,2024-08-03 00:38:00+00:00,3528.6199452121286,2978.736084467162,2024-08-08 00:00:00+00:00,0.029706597431555133,0.0229823438432146,target,minute interval; not exact exchange fill
721,2414885.0,2414971.0,-1.0,0.149,2903.53,2892.26,0.216312985,0.21547337000000003,0.0,1.6792299999999971,1.247443644999997,9120.33401167265,2.0,9119.08656802765,0.047441809744062105,1722735120.0,2024-08-04 00:05:00+00:00,2024-08-04 00:05:00+00:00,2024-08-04 01:31:00+00:00,2024-08-04 01:32:00+00:00,3507.84712480806,2891.6772129452215,2024-08-09 00:00:00+00:00,0.019613521722627498,0.01385382716509827,target,minute interval; not exact exchange fill
722,2416325.0,2416328.0,-1.0,0.178,2695.38,2673.12,0.23988882,0.23790767999999998,0.0,3.962280000000039,3.4844835000000387,9123.81849517265,2.0,9120.33401167265,0.05260527074841306,1722816540.0,2024-08-05 00:05:00+00:00,2024-08-05 00:05:00+00:00,2024-08-05 00:08:00+00:00,2024-08-05 00:09:00+00:00,3203.138980825417,2672.583630543665,2024-08-10 00:00:00+00:00,0.04489604382629935,0.03855323241782494,target,minute interval; not exact exchange fill
723,2417765.0,2420066.0,-1.0,0.228,2423.75,2405.9,0.2763075,0.27427260000000003,0.09510353537352752,4.069799999999979,3.4241163646264514,9127.242611537276,2.0,9123.81849517265,0.060568390339240614,1723040820.0,2024-08-06 00:05:00+00:00,2024-08-06 00:05:00+00:00,2024-08-07 14:26:00+00:00,2024-08-07 14:27:00+00:00,2819.2235189392527,2405.40936766776,2024-08-11 00:00:00+00:00,0.04637638540611714,0.03797486686617983,target,minute interval; not exact exchange fill
724,2420645.0,2420674.0,-1.0,0.254,2346.67,2320.03,0.29802709,0.29464381000000006,0.0,6.766559999999968,6.173889099999968,9133.416500637275,2.0,9127.242611537276,0.06530495631249668,1723077300.0,2024-08-08 00:05:00+00:00,2024-08-08 00:05:00+00:00,2024-08-08 00:34:00+00:00,2024-08-08 00:35:00+00:00,2702.601815943017,2319.56328615257,2024-08-13 00:00:00+00:00,0.07615704085236841,0.06829018624143246,target,minute interval; not exact exchange fill
725,2423525.0,2423558.0,-1.0,0.112,2590.52,2585.27,0.14506912,0.14477512,0.0,0.588,0.29815576,9133.714656397275,2.0,9133.416500637275,0.03176667131951728,1723250340.0,2024-08-10 00:05:00+00:00,2024-08-10 00:05:00+00:00,2024-08-10 00:38:00+00:00,2024-08-10 00:39:00+00:00,3398.650622392162,2584.7431646163545,2024-08-15 00:00:00+00:00,0.007148393123063861,0.003294151868815285,target,minute interval; not exact exchange fill
726,2424965.0,2425869.0,-1.0,0.097,2608.85,2594.38,0.126529225,0.12582743000000002,-0.00252563556,1.4035899999999806,1.1537589805599806,9134.868415377836,2.0,9133.714656397275,0.027705972818272494,1723389000.0,2024-08-11 00:05:00+00:00,2024-08-11 00:05:00+00:00,2024-08-11 15:09:00+00:00,2024-08-11 15:10:00+00:00,3545.203658023518,2593.853070336734,2024-08-16 00:00:00+00:00,0.016016309152806312,0.012702916657694149,target,minute interval; not exact exchange fill
727,2426405.0,2426431.0,-1.0,0.10200000000000001,2558.84,2530.86,0.13050084,0.12907386000000004,0.0,2.853960000000002,2.594385300000002,9137.462800677837,2.0,9134.868415377836,0.028572024043676876,1723422720.0,2024-08-12 00:05:00+00:00,2024-08-12 00:05:00+00:00,2024-08-12 00:31:00+00:00,2024-08-12 00:32:00+00:00,3446.2534480252407,2530.3474703004854,2024-08-17 00:00:00+00:00,0.032107390036649926,0.028662119169594297,target,minute interval; not exact exchange fill
728,2427845.0,2427975.0,-1.0,0.132,2721.19,2699.9500000000003,0.17959854000000003,0.1781967,0.0,2.8036799999999715,2.4458847599999713,9139.908685437837,2.0,9137.462800677837,0.039310373988428605,1723515360.0,2024-08-13 00:05:00+00:00,2024-08-13 00:05:00+00:00,2024-08-13 02:15:00+00:00,2024-08-13 02:16:00+00:00,3407.1309736823296,2699.4098296892307,2024-08-18 00:00:00+00:00,0.031752251500369026,0.027013155228981938,target,minute interval; not exact exchange fill
729,2429285.0,2430118.0,-1.0,0.156,2694.09,2651.12,0.21013902,0.20678735999999998,-0.0134658768816,6.70332000000004,6.29985949688164,9146.208544934718,2.0,9139.908685437837,0.04598273948509007,1723643940.0,2024-08-14 00:05:00+00:00,2024-08-14 00:05:00+00:00,2024-08-14 13:58:00+00:00,2024-08-14 13:59:00+00:00,3274.368524879064,2650.589427299153,2024-08-19 00:00:00+00:00,0.07496498808035842,0.06959367440319571,target,minute interval; not exact exchange fill
730,2430725.0,2431080.0,-1.0,0.134,2659.37,2626.85,0.17817779000000003,0.17599895000000002,0.0,4.3576799999999976,4.003503259999997,9150.212048194719,2.0,9146.208544934718,0.03896210962709287,1723701660.0,2024-08-15 00:05:00+00:00,2024-08-15 00:05:00+00:00,2024-08-15 06:00:00+00:00,2024-08-15 06:01:00+00:00,3335.7846453394673,2626.323641004098,2024-08-20 00:00:00+00:00,0.048855179620359956,0.044169490128360356,target,minute interval; not exact exchange fill
731,2432165.0,2432235.0,-1.0,0.122,2567.35,2564.33,0.15660835,0.15642413,0.0,0.36843999999999777,0.05540751999999777,9150.267455714718,2.0,9150.212048194719,0.03423054005199757,1723770960.0,2024-08-16 00:05:00+00:00,2024-08-16 00:05:00+00:00,2024-08-16 01:15:00+00:00,2024-08-16 01:16:00+00:00,3313.154633000292,2563.8109506987466,2024-08-21 00:00:00+00:00,0.004745276637684664,0.000608953041995656,target,minute interval; not exact exchange fill
732,2433605.0,2437067.0,-1.0,0.111,2591.28,2578.67,0.14381604,0.143116185,0.03709247030419579,1.3997100000000142,1.0756853046958186,9151.343141019412,2.0,9150.267455714718,0.03143428117178826,1724060880.0,2024-08-17 00:05:00+00:00,2024-08-17 00:05:00+00:00,2024-08-19 09:47:00+00:00,2024-08-19 09:48:00+00:00,3407.7600089875727,2578.145256748981,2024-08-22 00:00:00+00:00,0.01608703594262669,0.011869070270170855,target,minute interval; not exact exchange fill
733,2437925.0,2438771.0,-1.0,0.14100000000000001,2631.48,2615.3,0.18551934000000003,0.18437865000000003,-0.007452930779100001,2.2813799999999773,1.9189349407790774,9153.262075960189,2.0,9151.343141019412,0.040544723794355315,1724163120.0,2024-08-20 00:05:00+00:00,2024-08-20 00:05:00+00:00,2024-08-20 14:11:00+00:00,2024-08-20 14:12:00+00:00,3275.6820003088233,2614.771347871759,2024-08-25 00:00:00+00:00,0.025936976476681053,0.02112608724992411,target,minute interval; not exact exchange fill
734,2439365.0,2446560.0,-1.0,0.17,2571.98,2745.03,0.21861830000000002,0.23332755000000002,-0.1270199626678354,-29.418500000000034,-29.743425887332197,9123.518650072858,4.0,9153.262075960189,0.047768390806633095,1724630400.0,2024-08-21 00:05:00+00:00,2024-08-21 00:05:00+00:00,2024-08-26 00:00:00+00:00,2024-08-26 00:00:00+00:00,3104.6724816058368,2524.5159732420434,2024-08-26 00:00:00+00:00,0.08910211500427632,-0.32844715251392403,timeout,minute interval; not exact exchange fill
735,2448005.0,2448618.0,-1.0,0.215,2681.75,2644.51,0.288288125,0.284284825,-0.0294215301545,8.006599999999953,7.463448580154452,9130.982098653012,2.0,9123.518650072858,0.06319669769024866,1724753940.0,2024-08-27 00:05:00+00:00,2024-08-27 00:05:00+00:00,2024-08-27 10:18:00+00:00,2024-08-27 10:19:00+00:00,3101.411705461099,2643.97604828543,2024-09-01 00:00:00+00:00,0.09001048040127078,0.08271832734454161,target,minute interval; not exact exchange fill
736,2449445.0,2449529.0,-1.0,0.202,2447.38,2425.32,0.24718538000000004,0.24495732000000003,0.0,4.45611999999999,3.963977299999989,9134.946075953012,2.0,9130.982098653012,0.054142123449451164,1724808600.0,2024-08-28 00:05:00+00:00,2024-08-28 00:05:00+00:00,2024-08-28 01:29:00+00:00,2024-08-28 01:30:00+00:00,2895.87771280501,2424.82669015296,2024-09-02 00:00:00+00:00,0.05028634305844362,0.04375418076776586,target,minute interval; not exact exchange fill
737,2450885.0,2452208.0,-1.0,0.269,2527.69,2507.65,0.33997430500000003,0.337278925,0.0013806166422773525,5.3907599999999904,4.712126153357714,9139.65820210637,2.0,9134.946075953012,0.07443378475871996,1724969340.0,2024-08-29 00:05:00+00:00,2024-08-29 00:05:00+00:00,2024-08-29 22:08:00+00:00,2024-08-29 22:09:00+00:00,2863.6228890631487,2507.1387353692753,2024-09-03 00:00:00+00:00,0.061176697191031866,0.052144931819499356,target,minute interval; not exact exchange fill
738,2452325.0,2452365.0,-1.0,0.221,2523.42,2517.4700000000003,0.27883791,0.27818043500000006,0.0,1.3149499999999599,0.7579316549999597,9140.41613376137,2.0,9139.65820210637,0.06101714174294564,1724978760.0,2024-08-30 00:05:00+00:00,2024-08-30 00:05:00+00:00,2024-08-30 00:45:00+00:00,2024-08-30 00:46:00+00:00,2932.7737583574685,2516.960928560358,2024-09-04 00:00:00+00:00,0.015778703157775437,0.008377973647441039,target,minute interval; not exact exchange fill
739,2453765.0,2454288.0,-1.0,0.221,2521.91,2517.38,0.27867105499999995,0.27817049000000005,-0.040301319258194246,1.0011299999999437,0.4845897742581379,9140.900723535628,2.0,9140.41613376137,0.060975572867123747,1725094140.0,2024-08-31 00:05:00+00:00,2024-08-31 00:05:00+00:00,2024-08-31 08:48:00+00:00,2024-08-31 08:49:00+00:00,2930.438775532408,2516.8739365396673,2024-09-05 00:00:00+00:00,0.012327316365339036,0.005367342625529111,target,minute interval; not exact exchange fill
740,2455205.0,2455270.0,-1.0,0.222,2512.13,2503.39,0.27884643,0.27787628999999997,0.0,1.9402800000000526,1.3835572800000526,9142.28428081563,2.0,9140.900723535628,0.061010711839816247,1725153060.0,2024-09-01 00:05:00+00:00,2024-09-01 00:05:00+00:00,2024-09-01 01:10:00+00:00,2024-09-01 01:11:00+00:00,2918.619444817465,2502.8852329739075,2024-09-06 00:00:00+00:00,0.022742944851234733,0.015331861821895124,target,minute interval; not exact exchange fill
741,2456645.0,2459514.0,-1.0,0.291,2430.84,2411.89,0.35368722,0.350929995,-0.19409949044946295,5.514450000000079,5.003932275449542,9147.288213091078,2.0,9142.28428081563,0.07737392737659342,1725407700.0,2024-09-02 00:05:00+00:00,2024-09-02 00:05:00+00:00,2024-09-03 23:54:00+00:00,2024-09-03 23:55:00+00:00,2740.6856652451406,2411.406287763555,2024-09-07 00:00:00+00:00,0.06272062002568159,0.055497447558742447,target,minute interval; not exact exchange fill
742,2460965.0,2461146.0,-1.0,0.28600000000000003,2448.0,2431.3,0.35006400000000004,0.3476759000000001,0.0,4.776199999999949,4.0784600999999485,9151.366673191078,2.0,9147.288213091078,0.07653940530681178,1725505620.0,2024-09-05 00:05:00+00:00,2024-09-05 00:05:00+00:00,2024-09-05 03:06:00+00:00,2024-09-05 03:07:00+00:00,2763.315734835201,2430.8127688999875,2024-09-10 00:00:00+00:00,0.05450800325266143,0.045225621256906046,target,minute interval; not exact exchange fill
743,2462405.0,2462436.0,-1.0,0.23600000000000002,2368.32,2359.05,0.27946176000000006,0.2783679,0.0,2.1877199999999957,1.6298903399999958,9152.996563531078,2.0,9151.366673191078,0.061075415286043135,1725583020.0,2024-09-06 00:05:00+00:00,2024-09-06 00:05:00+00:00,2024-09-06 00:36:00+00:00,2024-09-06 00:37:00+00:00,2751.229252551251,2358.574764517421,2024-09-11 00:00:00+00:00,0.025450509272493368,0.018036427571244434,target,minute interval; not exact exchange fill
744,2463845.0,2471040.0,-1.0,0.23500000000000001,2226.9500000000003,2339.65,0.2616666250000001,0.27490887500000005,-0.09742528805119074,-26.484499999999958,-26.923650211948768,9126.07291331913,4.0,9152.996563531078,0.05717616590015485,1726099200.0,2024-09-07 00:05:00+00:00,2024-09-07 00:05:00+00:00,2024-09-12 00:00:00+00:00,2024-09-12 00:00:00+00:00,2612.7357361522027,2215.9625301804017,2024-09-12 00:00:00+00:00,0.028480757036760253,-0.29697501377024643,timeout,minute interval; not exact exchange fill
745,2472485.0,2472544.0,-1.0,0.331,2359.17,2352.25,0.39044263500000004,0.38929737500000006,0.0,2.2905200000000243,1.510779990000024,9127.58369330913,2.0,9126.07291331913,0.08556640708626488,1726189500.0,2024-09-13 00:05:00+00:00,2024-09-13 00:05:00+00:00,2024-09-13 01:04:00+00:00,2024-09-13 01:05:00+00:00,2631.199047856479,2351.772701961927,2024-09-18 00:00:00+00:00,0.027193044626527926,0.016778686085054298,target,minute interval; not exact exchange fill
746,2473925.0,2473943.0,-1.0,0.328,2435.91,2433.17,0.39948924,0.39903988000000007,0.0,0.8987199999999285,0.10019087999992837,9127.68388418913,2.0,9127.58369330913,0.08753450056948608,1726273440.0,2024-09-14 00:05:00+00:00,2024-09-14 00:05:00+00:00,2024-09-14 00:23:00+00:00,2024-09-14 00:24:00+00:00,2709.9184438624807,2432.6788112647682,2024-09-19 00:00:00+00:00,0.011792296214248394,0.0011147831639563841,target,minute interval; not exact exchange fill
747,2475365.0,2475979.0,-1.0,0.368,2416.69,2407.73,0.44467096,0.44302231999999997,-0.01207506624,3.2972800000000135,2.421661786240014,9130.10554597537,2.0,9127.68388418913,0.09743347066833767,1726395600.0,2024-09-15 00:05:00+00:00,2024-09-15 00:05:00+00:00,2024-09-15 10:19:00+00:00,2024-09-15 10:20:00+00:00,2661.197530879057,2407.240024038631,2024-09-20 00:00:00+00:00,0.038649017997091556,0.026913701415826996,target,minute interval; not exact exchange fill
748,2476805.0,2476830.0,-1.0,0.315,2316.41,2299.94,0.364834575,0.36224055,0.0,5.188049999999937,4.460974874999938,9134.566520850369,2.0,9130.10554597537,0.07991902682019317,1726446660.0,2024-09-16 00:05:00+00:00,2024-09-16 00:05:00+00:00,2024-09-16 00:30:00+00:00,2024-09-16 00:31:00+00:00,2602.6094440074935,2299.470925970743,2024-09-21 00:00:00+00:00,0.059186257639317605,0.04948236377296735,target,minute interval; not exact exchange fill
749,2478245.0,2478296.0,-1.0,0.523,2295.75,2272.9500000000003,0.600338625,0.5943764250000001,0.0,11.924399999999858,10.729684949999857,9145.296205800369,2.0,9134.566520850369,0.13144326523424613,1726534620.0,2024-09-17 00:05:00+00:00,2024-09-17 00:05:00+00:00,2024-09-17 00:56:00+00:00,2024-09-17 00:57:00+00:00,2466.883918997251,2272.4879523378563,2024-09-22 00:00:00+00:00,0.13592891344069183,0.11988067660817892,target,minute interval; not exact exchange fill
750,2479685.0,2479701.0,-1.0,0.435,2336.53,2321.81,0.5081952750000001,0.504993675,0.0,6.403200000000111,5.390011050000111,9150.686216850369,2.0,9145.296205800369,0.11113806782500477,1726618920.0,2024-09-18 00:05:00+00:00,2024-09-18 00:05:00+00:00,2024-09-18 00:21:00+00:00,2024-09-18 00:22:00+00:00,2543.430664747815,2321.3423515461227,2024-09-23 00:00:00+00:00,0.07340550825387279,0.059887821119874445,target,minute interval; not exact exchange fill
751,2481125.0,2485420.0,-1.0,0.394,2382.05,2611.08,0.46926385000000004,0.5143827599999999,-0.5785008189203558,-90.2378199999999,-90.64296579107955,9060.043251059287,1.0,9150.686216850369,0.10256364143180485,1726962060.0,2024-09-19 00:05:00+00:00,2024-09-19 00:05:00+00:00,2024-09-21 23:40:00+00:00,2024-09-21 23:41:00+00:00,2610.5540415266846,2356.916353249409,2024-09-24 00:00:00+00:00,0.10999213222955673,-1.006801837170047,stop,minute interval; not exact exchange fill
752,2485445.0,2485551.0,-1.0,0.487,2616.87,2602.7200000000003,0.6372078449999999,0.6337623200000001,0.0,6.891049999999822,5.620079834999823,9065.663330894287,2.0,9060.043251059287,0.140663311938494,1726969920.0,2024-09-22 00:05:00+00:00,2024-09-22 00:05:00+00:00,2024-09-22 01:51:00+00:00,2024-09-22 01:52:00+00:00,2798.94289310179,2602.1955567662317,2024-09-27 00:00:00+00:00,0.0805965291360767,0.06338233442332317,target,minute interval; not exact exchange fill
753,2486885.0,2486888.0,-1.0,0.358,2575.39,2566.0,0.46099481,0.459314,0.0,3.361619999999954,2.4413111899999542,9068.104642084287,2.0,9065.663330894287,0.1017012860887974,1727050140.0,2024-09-23 00:05:00+00:00,2024-09-23 00:05:00+00:00,2024-09-23 00:08:00+00:00,2024-09-23 00:09:00+00:00,2824.491428931572,2565.4799832131334,2024-09-28 00:00:00+00:00,0.03978305876996275,0.027375615745155464,target,minute interval; not exact exchange fill
754,2488325.0,2488362.0,-1.0,0.47400000000000003,2645.86,2622.27,0.6270688200000001,0.6214779900000001,0.0,11.18166000000007,9.93311319000007,9078.037755274287,2.0,9068.104642084287,0.13830206967172126,1727138580.0,2024-09-24 00:05:00+00:00,2024-09-24 00:05:00+00:00,2024-09-24 00:42:00+00:00,2024-09-24 00:43:00+00:00,2833.114856045038,2621.7364357694973,2024-09-29 00:00:00+00:00,0.1288274426629592,0.1119113033573875,target,minute interval; not exact exchange fill
755,2489765.0,2489814.0,-1.0,0.4,2648.73,2631.63,0.5297459999999999,0.5263260000000001,0.0,6.839999999999964,5.783927999999964,9083.821683274286,2.0,9078.037755274287,0.11670936259154037,1727225700.0,2024-09-25 00:05:00+00:00,2024-09-25 00:05:00+00:00,2024-09-25 00:54:00+00:00,2024-09-25 00:55:00+00:00,2871.807630004223,2631.101886377802,2024-09-30 00:00:00+00:00,0.07902232788587589,0.06481967734607084,target,minute interval; not exact exchange fill
756,2491205.0,2491247.0,-1.0,0.275,2580.68,2568.63,0.35484350000000003,0.35318662500000003,0.0,3.313749999999925,2.605719874999925,9086.427403149286,2.0,9083.821683274286,0.07812647856207054,1727311680.0,2024-09-26 00:05:00+00:00,2024-09-26 00:05:00+00:00,2024-09-26 00:47:00+00:00,2024-09-26 00:48:00+00:00,2906.2332549065613,2568.1064785184863,2024-10-01 00:00:00+00:00,0.038622011274691025,0.02910536097302817,target,minute interval; not exact exchange fill
757,2492645.0,2492743.0,-1.0,0.51,2628.61,2624.81,0.6702955500000001,0.66932655,0.0,1.9380000000000928,0.5983779000000927,9087.025781049286,2.0,9086.427403149286,0.1475377549965745,1727401440.0,2024-09-27 00:05:00+00:00,2024-09-27 00:05:00+00:00,2024-09-27 01:43:00+00:00,2024-09-27 01:44:00+00:00,2802.8441118393616,2624.2773267179164,2024-10-02 00:00:00+00:00,0.024866963399672003,0.00673398559911115,target,minute interval; not exact exchange fill
758,2494085.0,2494110.0,-1.0,0.5680000000000001,2698.26,2690.09,0.7663058400000001,0.7639855600000001,0.0,4.6405600000000415,3.1102686000000412,9090.136049649287,2.0,9087.025781049286,0.16865933000830866,1727483460.0,2024-09-28 00:05:00+00:00,2024-09-28 00:05:00+00:00,2024-09-28 00:30:00+00:00,2024-09-28 00:31:00+00:00,2854.270840343707,2689.5511972516797,2024-10-03 00:00:00+00:00,0.05582177962207118,0.03509900329961888,target,minute interval; not exact exchange fill
759,2495525.0,2495565.0,-1.0,0.633,2674.09,2667.5,0.8463494850000001,0.84426375,0.0,4.171470000000093,2.4808567650000923,9092.616906414287,2.0,9090.136049649287,0.18621272121282578,1727570760.0,2024-09-29 00:05:00+00:00,2024-09-29 00:05:00+00:00,2024-09-29 00:45:00+00:00,2024-09-29 00:46:00+00:00,2813.904363646278,2666.961604390107,2024-10-04 00:00:00+00:00,0.05098471590463808,0.028031490454839863,target,minute interval; not exact exchange fill
760,2496965.0,2496987.0,-1.0,0.465,2654.85,2645.46,0.617252625,0.6150694500000001,0.0,4.366349999999941,3.134027924999941,9095.750934339287,2.0,9092.616906414287,0.13577007177429104,1727656080.0,2024-09-30 00:05:00+00:00,2024-09-30 00:05:00+00:00,2024-09-30 00:27:00+00:00,2024-09-30 00:28:00+00:00,2846.4009576914355,2644.929242098174,2024-10-05 00:00:00+00:00,0.05179174263282359,0.03518565023755671,target,minute interval; not exact exchange fill
761,2498405.0,2499220.0,-1.0,0.581,2601.66,2582.19,0.7557822299999999,0.750126195,-0.153662299,11.312069999999883,9.959823873999884,9105.710758213287,2.0,9095.750934339287,0.1661835807633402,1727790060.0,2024-10-01 00:05:00+00:00,2024-10-01 00:05:00+00:00,2024-10-01 13:40:00+00:00,2024-10-01 13:41:00+00:00,2754.473402183018,2581.6729005160137,2024-10-06 00:00:00+00:00,0.1307941528587163,0.11217965018191842,target,minute interval; not exact exchange fill
762,2499845.0,2500623.0,-1.0,0.464,2451.55,2428.54,0.5687596000000001,0.56342128,-0.07895743525939927,10.676640000000102,9.623416555259501,9115.334174768546,2.0,9105.710758213287,0.1249237132833333,1727874240.0,2024-10-02 00:05:00+00:00,2024-10-02 00:05:00+00:00,2024-10-02 13:03:00+00:00,2024-10-02 13:04:00+00:00,2644.3370944526146,2428.053014143804,2024-10-07 00:00:00+00:00,0.12188049165278354,0.107580447463162,target,minute interval; not exact exchange fill
763,2501285.0,2501303.0,-1.0,0.28300000000000003,2355.46,2353.25,0.33329759000000003,0.33298487500000007,0.0,0.6254300000000104,-0.040852464999989735,9115.293322303547,2.0,9115.334174768546,0.0731289898120412,1727915040.0,2024-10-03 00:05:00+00:00,2024-10-03 00:05:00+00:00,2024-10-03 00:23:00+00:00,2024-10-03 00:24:00+00:00,2673.63962665959,2352.778607151326,2024-10-08 00:00:00+00:00,0.00842729271143045,-0.00045369026771284926,target,minute interval; not exact exchange fill
764,2502725.0,2502747.0,-1.0,0.47900000000000004,2349.39,2341.81,0.562678905,0.5608634950000001,0.0,3.6308199999999653,2.5072775999999655,9117.800599903547,2.0,9115.293322303547,0.12345821140461206,1728001680.0,2024-10-04 00:05:00+00:00,2024-10-04 00:05:00+00:00,2024-10-04 00:27:00+00:00,2024-10-04 00:28:00+00:00,2536.11321853305,2341.3379886056723,2024-10-09 00:00:00+00:00,0.043122711024298044,0.028032935813354358,target,minute interval; not exact exchange fill
765,2504165.0,2504327.0,-1.0,0.511,2418.56,2409.44,0.6179420800000001,0.6156119200000001,0.0,4.6603199999999445,3.4267659999999447,9121.227365903547,2.0,9117.800599903547,0.13554630269201917,1728096480.0,2024-10-05 00:05:00+00:00,2024-10-05 00:05:00+00:00,2024-10-05 02:47:00+00:00,2024-10-05 02:48:00+00:00,2593.524179534227,2408.9531973227304,2024-10-10 00:00:00+00:00,0.054907254175362484,0.038327845264396164,target,minute interval; not exact exchange fill
766,2505605.0,2505635.0,-1.0,0.596,2408.89,2406.75,0.71784922,0.7172115,0.0,1.275439999999924,-0.159620720000076,9121.067745183547,2.0,9121.227365903547,0.1574018914786453,1728174960.0,2024-10-06 00:05:00+00:00,2024-10-06 00:05:00+00:00,2024-10-06 00:35:00+00:00,2024-10-06 00:36:00+00:00,2558.3192051601136,2406.2666423935057,2024-10-11 00:00:00+00:00,0.01755585599002067,-0.0017922868539196055,target,minute interval; not exact exchange fill
767,2507045.0,2508168.0,-1.0,0.444,2439.42,2427.23,0.54155124,0.53884506,-0.13060640293840134,5.4123600000000245,4.462570102938425,9125.530315286487,2.0,9121.067745183547,0.11874733422212996,1728326940.0,2024-10-07 00:05:00+00:00,2024-10-07 00:05:00+00:00,2024-10-07 18:48:00+00:00,2024-10-07 18:49:00+00:00,2641.0212581337746,2426.740853722745,2024-10-12 00:00:00+00:00,0.06289219816694538,0.049855014091763766,target,minute interval; not exact exchange fill
768,2508485.0,2509415.0,-1.0,0.585,2427.31,2401.82,0.709988175,0.7025323499999999,-0.14201109,14.911649999999872,13.641140564999873,9139.171455851487,2.0,9125.530315286487,0.15560480333086496,1728401760.0,2024-10-08 00:05:00+00:00,2024-10-08 00:05:00+00:00,2024-10-08 15:35:00+00:00,2024-10-08 15:36:00+00:00,2579.867015994434,2401.3392901381844,2024-10-13 00:00:00+00:00,0.17023608971719162,0.15284901089603461,target,minute interval; not exact exchange fill
769,2509925.0,2510708.0,-1.0,0.543,2440.38,2422.61,0.6625631700000001,0.6577386150000001,-0.04812657521984567,9.649109999999991,8.376934790219837,9147.548390641707,2.0,9139.171455851487,0.14499414376907974,1728479340.0,2024-10-09 00:05:00+00:00,2024-10-09 00:05:00+00:00,2024-10-09 13:08:00+00:00,2024-10-09 13:09:00+00:00,2604.976941869941,2422.1204462667265,2024-10-14 00:00:00+00:00,0.11093495131702806,0.09372674679327192,target,minute interval; not exact exchange fill
770,2511365.0,2512444.0,-1.0,0.333,2372.04,2361.02,0.39494466,0.39310983000000005,-0.159795367909101,3.669659999999994,3.0414008779090946,9150.589791519615,2.0,9147.548390641707,0.08634983782191162,1728583500.0,2024-10-10 00:05:00+00:00,2024-10-10 00:05:00+00:00,2024-10-10 18:04:00+00:00,2024-10-10 18:05:00+00:00,2642.6915660901454,2360.5454678751735,2024-10-15 00:00:00+00:00,0.042469852625933176,0.03374573478970728,target,minute interval; not exact exchange fill
771,2512805.0,2517412.0,-1.0,0.546,2382.42,2546.9700000000003,0.6504006600000001,0.6953228100000002,-0.7683725403279177,-89.8443000000001,-90.42165092967218,9060.16814058994,1.0,9150.589791519615,0.14215491565423777,1728881580.0,2024-10-11 00:05:00+00:00,2024-10-11 00:05:00+00:00,2024-10-14 04:52:00+00:00,2024-10-14 04:53:00+00:00,2546.4524163071474,2378.8332710198965,2024-10-16 00:00:00+00:00,0.0218659766212763,-1.0096017788033886,stop,minute interval; not exact exchange fill
772,2518565.0,2518807.0,-1.0,0.489,2629.55,2605.96,0.642924975,0.6371572200000001,0.0,11.535510000000071,10.255427805000071,9070.42356839494,2.0,9060.16814058994,0.14192340915168422,1728965280.0,2024-10-15 00:05:00+00:00,2024-10-15 00:05:00+00:00,2024-10-15 04:07:00+00:00,2024-10-15 04:08:00+00:00,2810.9093347962535,2605.4322763442724,2024-10-20 00:00:00+00:00,0.1329830840128668,0.1156391813168109,target,minute interval; not exact exchange fill
773,2520005.0,2522285.0,-1.0,0.47900000000000004,2603.9900000000002,2587.44,0.6236556050000002,0.6196918800000001,-0.5006082827941141,7.927450000000087,7.184710797794201,9077.608279192733,2.0,9070.42356839494,0.1375141084200458,1729173960.0,2024-10-16 00:05:00+00:00,2024-10-16 00:05:00+00:00,2024-10-17 14:05:00+00:00,2024-10-17 14:06:00+00:00,2789.560354331529,2586.9165761904706,2024-10-21 00:00:00+00:00,0.09200512587817407,0.08082862314725742,target,minute interval; not exact exchange fill
774,2522885.0,2522900.0,-1.0,0.372,2605.4500000000003,2600.82,0.48461370000000004,0.48375252,0.0,1.7223600000000405,0.7539937800000404,9078.362272972732,2.0,9077.608279192733,0.10677122984273485,1729210860.0,2024-10-18 00:05:00+00:00,2024-10-18 00:05:00+00:00,2024-10-18 00:20:00+00:00,2024-10-18 00:21:00+00:00,2845.5926551885773,2600.294051437335,2024-10-23 00:00:00+00:00,0.021470357103433077,0.008440253974907,target,minute interval; not exact exchange fill
775,2524325.0,2524356.0,-1.0,0.41200000000000003,2640.75,2637.19,0.5439945,0.54326114,0.0,1.4667199999999776,0.3794643599999775,9078.741737332732,2.0,9078.362272972732,0.11984419295967745,1729298220.0,2024-10-19 00:05:00+00:00,2024-10-19 00:05:00+00:00,2024-10-19 00:36:00+00:00,2024-10-19 00:37:00+00:00,2857.06878144709,2636.656082909647,2024-10-24 00:00:00+00:00,0.018925389015998755,0.004257744028690469,target,minute interval; not exact exchange fill
776,2525765.0,2525822.0,-1.0,0.468,2649.36,2640.2400000000002,0.6199502400000001,0.6178161600000001,0.0,4.268159999999949,3.0303935999999494,9081.772130932732,2.0,9078.741737332732,0.13657184176760975,1729386180.0,2024-10-20 00:05:00+00:00,2024-10-20 00:05:00+00:00,2024-10-20 01:02:00+00:00,2024-10-20 01:03:00+00:00,2839.4743423538207,2639.7116932259078,2024-10-25 00:00:00+00:00,0.050750020512055634,0.03405950292771146,target,minute interval; not exact exchange fill
777,2527205.0,2527369.0,-1.0,0.34500000000000003,2742.7000000000003,2730.2000000000003,0.4731157500000001,0.47095950000000014,0.0,4.3125,3.3684247499999995,9085.140555682732,2.0,9081.772130932732,0.1041901829684884,1729479000.0,2024-10-21 00:05:00+00:00,2024-10-21 00:05:00+00:00,2024-10-21 02:49:00+00:00,2024-10-21 02:50:00+00:00,3001.5394104656184,2729.6524321973907,2024-10-26 00:00:00+00:00,0.050407964456180496,0.03772049234093314,target,minute interval; not exact exchange fill
778,2528645.0,2528669.0,-1.0,0.58,2669.91,2646.96,0.7742739,0.7676183999999999,0.0,13.310999999999893,11.769107699999893,9096.909663382732,2.0,9085.140555682732,0.1704484141449399,1729557000.0,2024-10-22 00:05:00+00:00,2024-10-22 00:05:00+00:00,2024-10-22 00:29:00+00:00,2024-10-22 00:30:00+00:00,2822.5424534630524,2646.429791240371,2024-10-27 00:00:00+00:00,0.15383496908351033,0.13294397449302453,target,minute interval; not exact exchange fill
779,2530085.0,2530287.0,-1.0,0.591,2622.11,2606.08,0.7748335049999999,0.77009664,0.0,9.473730000000117,7.928799855000117,9104.838463237733,2.0,9096.909663382732,0.1703509287596628,1729654080.0,2024-10-23 00:05:00+00:00,2024-10-23 00:05:00+00:00,2024-10-23 03:27:00+00:00,2024-10-23 03:28:00+00:00,2772.1851862481262,2605.5531091520074,2024-10-28 00:00:00+00:00,0.11032397334905474,0.08939455839034625,target,minute interval; not exact exchange fill
780,2531525.0,2531538.0,-1.0,0.316,2521.3,2515.16,0.39836540000000004,0.39739527999999996,0.0,1.9402400000001034,1.1444793200001033,9105.982942557732,2.0,9104.838463237733,0.08750630812583116,1729729140.0,2024-10-24 00:05:00+00:00,2024-10-24 00:05:00+00:00,2024-10-24 00:18:00+00:00,2024-10-24 00:19:00+00:00,2805.3303364939093,2514.6497586677933,2024-10-29 00:00:00+00:00,0.02341384168430006,0.012751349185821896,target,minute interval; not exact exchange fill
781,2532965.0,2532991.0,-1.0,0.422,2535.05,2531.7400000000002,0.5348955500000001,0.53419714,0.0,1.3968199999999769,0.3277273099999768,9106.310669867733,2.0,9105.982942557732,0.11748222094730963,1729816320.0,2024-10-25 00:05:00+00:00,2024-10-25 00:05:00+00:00,2024-10-25 00:31:00+00:00,2024-10-25 00:32:00+00:00,2746.933338354125,2531.225665728965,2024-10-30 00:00:00+00:00,0.018049244932338903,0.0036652480843113243,target,minute interval; not exact exchange fill
782,2535845.0,2536392.0,-1.0,0.536,2481.42,2468.38,0.6650205600000001,0.66152584,-0.132934775527224,6.989439999999981,5.795828375527204,9112.10649824326,2.0,9106.310669867733,0.14605707714332994,1730020380.0,2024-10-27 00:05:00+00:00,2024-10-27 00:05:00+00:00,2024-10-27 09:12:00+00:00,2024-10-27 09:13:00+00:00,2647.6617348560453,2467.881322510695,2024-11-01 00:00:00+00:00,0.08143970285818183,0.06504451274087358,target,minute interval; not exact exchange fill
783,2537285.0,2537393.0,-1.0,0.406,2506.39,2492.7200000000003,0.50879717,0.5060221600000001,0.0,5.550019999999845,4.5352006699998455,9116.64169891326,2.0,9112.10649824326,0.11167498318815566,1730080440.0,2024-10-28 00:05:00+00:00,2024-10-28 00:05:00+00:00,2024-10-28 01:53:00+00:00,2024-10-28 01:54:00+00:00,2727.029920159222,2492.220505650276,2024-11-02 00:00:00+00:00,0.06421999400425099,0.05062748840707793,target,minute interval; not exact exchange fill
784,2538725.0,2542486.0,-1.0,0.529,2564.33,2545.53,0.678265285,0.6732926850000002,-0.9818164068461482,9.945199999999856,9.575458436846004,9126.21715735011,2.0,9116.64169891326,0.14879717935626494,1730386020.0,2024-10-29 00:05:00+00:00,2024-10-29 00:05:00+00:00,2024-10-31 14:46:00+00:00,2024-10-31 14:47:00+00:00,2732.8043592368613,2545.0154973488484,2024-11-03 00:00:00+00:00,0.11464357388649812,0.10744101196291302,target,minute interval; not exact exchange fill
785,2543045.0,2543131.0,-1.0,0.356,2522.82,2513.86,0.44906196,0.44746708,0.0,3.1897600000000126,2.2932309600000127,9128.51038831011,2.0,9126.21715735011,0.09841141236450476,1730424720.0,2024-11-01 00:05:00+00:00,2024-11-01 00:05:00+00:00,2024-11-01 01:31:00+00:00,2024-11-01 01:32:00+00:00,2775.2870349370646,2513.356784707553,2024-11-06 00:00:00+00:00,0.03748297394472249,0.025514855836944524,target,minute interval; not exact exchange fill
786,2544485.0,2544714.0,-1.0,0.291,2515.29,2506.7000000000003,0.365974695,0.36472485,0.0,2.49968999999991,1.7689904549999103,9130.27937876511,2.0,9128.51038831011,0.08018278545613838,1730519700.0,2024-11-02 00:05:00+00:00,2024-11-02 00:05:00+00:00,2024-11-02 03:54:00+00:00,2024-11-02 03:55:00+00:00,2824.9039648074577,2506.196307878311,2024-11-07 00:00:00+00:00,0.02937106576360055,0.01963414345273507,target,minute interval; not exact exchange fill
787,2545925.0,2546034.0,-1.0,0.342,2491.7400000000002,2478.28,0.42608754000000004,0.42378588000000006,0.0,4.6033200000000125,3.7534465800000123,9134.03282534511,2.0,9130.27937876511,0.09333504974469452,1730598900.0,2024-11-03 00:05:00+00:00,2024-11-03 00:05:00+00:00,2024-11-03 01:54:00+00:00,2024-11-03 01:55:00+00:00,2755.117262750795,2477.7817175082814,2024-11-08 00:00:00+00:00,0.05299729500540078,0.04167022576426606,target,minute interval; not exact exchange fill
788,2547365.0,2547396.0,-1.0,0.422,2453.07,2443.86,0.51759777,0.51565446,0.0,3.8866200000000153,2.8533677700000153,9136.88619311511,2.0,9134.03282534511,0.11333389750117165,1730680620.0,2024-11-04 00:05:00+00:00,2024-11-04 00:05:00+00:00,2024-11-04 00:36:00+00:00,2024-11-04 00:37:00+00:00,2665.79990514054,2443.3644255432314,2024-11-09 00:00:00+00:00,0.04562393073205572,0.03178460026827462,target,minute interval; not exact exchange fill
789,2548805.0,2550390.0,-1.0,0.611,2398.38,2545.02,0.7327050900000001,0.77750361,-0.43903499276016894,-89.59703999999992,-90.66821370723974,9046.217979407871,1.0,9136.88619311511,0.16038398082535232,1730860260.0,2024-11-05 00:05:00+00:00,2024-11-05 00:05:00+00:00,2024-11-06 02:30:00+00:00,2024-11-06 02:31:00+00:00,2544.507982934552,2378.336486197729,2024-11-10 00:00:00+00:00,0.13716410368333368,-1.0155012440258187,stop,minute interval; not exact exchange fill
790,2551685.0,2551706.0,-1.0,0.184,2717.04,2707.79,0.24996768,0.24911668,0.0,1.702,1.20291564,9047.420895047871,2.0,9046.217979407871,0.05526457146378909,1730939220.0,2024-11-07 00:05:00+00:00,2024-11-07 00:05:00+00:00,2024-11-07 00:26:00+00:00,2024-11-07 00:27:00+00:00,3203.79094029481,2707.242869315023,2024-11-12 00:00:00+00:00,0.020127605052068204,0.013431068044861688,target,minute interval; not exact exchange fill
791,2553125.0,2553298.0,-1.0,0.219,2906.48,2888.34,0.31825956000000005,0.31627323,0.0,3.9726599999999723,3.338127209999972,9050.759022257873,2.0,9047.420895047871,0.07035365408371798,1731034740.0,2024-11-08 00:05:00+00:00,2024-11-08 00:05:00+00:00,2024-11-08 02:58:00+00:00,2024-11-08 02:59:00+00:00,3314.267880795143,2887.7527884199703,2024-11-13 00:00:00+00:00,0.0459239042207768,0.03737872241391394,target,minute interval; not exact exchange fill
792,2554565.0,2561760.0,-1.0,0.166,2955.78,3189.54,0.24532974000000002,0.26473182,-1.739392357250529,-38.80415999999996,-37.574829202749434,9013.184193055124,4.0,9050.759022257873,0.05421197037655703,1731542400.0,2024-11-09 00:05:00+00:00,2024-11-09 00:05:00+00:00,2024-11-14 00:00:00+00:00,2024-11-14 00:00:00+00:00,3494.2604309692574,2953.217493940856,2024-11-14 00:00:00+00:00,0.004758772857412335,-0.42035769504234805,timeout,minute interval; not exact exchange fill
793,2563205.0,2563271.0,-1.0,0.147,3074.07,3052.7400000000002,0.22594414499999999,0.22437639,0.0,3.135509999999989,2.6851894649999886,9015.869382520123,2.0,9013.184193055124,0.05013636472093745,1731633120.0,2024-11-15 00:05:00+00:00,2024-11-15 00:05:00+00:00,2024-11-15 01:11:00+00:00,2024-11-15 01:12:00+00:00,3682.1255541276128,3052.1254465141647,2024-11-20 00:00:00+00:00,0.036089718014860876,0.030040996872740207,target,minute interval; not exact exchange fill
794,2564645.0,2564649.0,-1.0,0.152,3089.54,3084.75,0.23480504,0.234441,0.0,0.7280799999999944,0.25883395999999437,9016.128216480123,2.0,9015.869382520123,0.05208705451195592,1731715800.0,2024-11-16 00:05:00+00:00,2024-11-16 00:05:00+00:00,2024-11-16 00:09:00+00:00,2024-11-16 00:10:00+00:00,3675.005790455038,3084.123309946107,2024-11-21 00:00:00+00:00,0.009251932635864263,0.002908547395530084,target,minute interval; not exact exchange fill
795,2566085.0,2566180.0,-1.0,0.17200000000000001,3137.1,3106.19,0.26979060000000005,0.26713234,0.0,5.316519999999976,4.7795970599999755,9020.907813540123,2.0,9016.128216480123,0.05984622079949207,1731807660.0,2024-11-17 00:05:00+00:00,2024-11-17 00:05:00+00:00,2024-11-17 01:40:00+00:00,2024-11-17 01:41:00+00:00,3654.6673445887436,3105.559919343349,2024-11-22 00:00:00+00:00,0.06093908548599106,0.05369031738677473,target,minute interval; not exact exchange fill
796,2567525.0,2571503.0,-1.0,0.17500000000000002,3080.38,3048.39,0.26953325,0.266734125,-0.9844227099664035,5.598250000000042,6.046405334966445,9026.95421887509,2.0,9020.907813540123,0.05975745580626339,1732127040.0,2024-11-18 00:05:00+00:00,2024-11-18 00:05:00+00:00,2024-11-20 18:23:00+00:00,2024-11-20 18:24:00+00:00,3589.9742268929804,3047.775553206244,2024-11-23 00:00:00+00:00,0.06398119341450777,0.06780078306427852,target,minute interval; not exact exchange fill
797,2571845.0,2571977.0,-1.0,0.145,3071.98,3052.6,0.22271855,0.22131349999999997,0.0,2.810100000000016,2.3660679500000157,9029.32028682509,2.0,9026.95421887509,0.049345226440675245,1732155480.0,2024-11-21 00:05:00+00:00,2024-11-21 00:05:00+00:00,2024-11-21 02:17:00+00:00,2024-11-21 02:18:00+00:00,3687.914194904652,3051.9831616222887,2024-11-26 00:00:00+00:00,0.0324658681773739,0.02649261907357835,target,minute interval; not exact exchange fill
798,2573285.0,2573307.0,-1.0,0.121,3362.21,3348.55,0.203413705,0.202587275,0.0,1.6528599999999825,1.2468590199999825,9030.56714584509,2.0,9029.32028682509,0.04505626083434123,1732235280.0,2024-11-22 00:05:00+00:00,2024-11-22 00:05:00+00:00,2024-11-22 00:27:00+00:00,2024-11-22 00:28:00+00:00,4099.506444595008,3347.876426524349,2024-11-27 00:00:00+00:00,0.019440719646389173,0.01397622364184885,target,minute interval; not exact exchange fill
799,2574725.0,2574726.0,-1.0,0.129,3322.71,3321.84,0.214314795,0.21425868000000003,0.0,0.11222999999998592,-0.31634347500001414,9030.250802370092,2.0,9030.56714584509,0.047464304630879126,1732320420.0,2024-11-23 00:05:00+00:00,2024-11-23 00:05:00+00:00,2024-11-23 00:06:00+00:00,2024-11-23 00:07:00+00:00,4013.903106475931,3321.1728299763677,2024-11-28 00:00:00+00:00,0.0022239371446710144,-0.0035478869465338098,target,minute interval; not exact exchange fill
800,2576165.0,2576825.0,-1.0,0.149,3400.66,3363.29,0.25334917,0.250565105,-0.12105348636419999,5.568129999999983,5.185269211364184,9035.436071581456,2.0,9030.250802370092,0.056111214526512514,1732446360.0,2024-11-24 00:05:00+00:00,2024-11-24 00:05:00+00:00,2024-11-24 11:05:00+00:00,2024-11-24 11:06:00+00:00,4000.949060165595,3362.611928903275,2024-11-29 00:00:00+00:00,0.06338291603420032,0.05797284477614815,target,minute interval; not exact exchange fill
801,2577605.0,2577677.0,-1.0,0.15,3350.7200000000003,3329.14,0.251304,0.2496855,0.0,3.2370000000000574,2.736010500000057,9038.172082081457,2.0,9035.436071581456,0.0556263135523496,1732497480.0,2024-11-25 00:05:00+00:00,2024-11-25 00:05:00+00:00,2024-11-25 01:17:00+00:00,2024-11-25 01:18:00+00:00,3947.706211495082,3328.4737177764773,2024-11-30 00:00:00+00:00,0.03726431497941929,0.030553586747540246,target,minute interval; not exact exchange fill
802,2579045.0,2579536.0,-1.0,0.201,3413.46,3377.56,0.34305273000000003,0.33944478000000006,-0.083778945273,7.215900000000019,6.617181435273019,9044.789263516728,2.0,9038.172082081457,0.07591197133325575,1732609020.0,2024-11-26 00:05:00+00:00,2024-11-26 00:05:00+00:00,2024-11-26 08:16:00+00:00,2024-11-26 08:17:00+00:00,3858.300541495171,3376.882624038012,2024-12-01 00:00:00+00:00,0.08222581475835412,0.07400697014338448,target,minute interval; not exact exchange fill
803,2580485.0,2585171.0,-1.0,0.224,3320.92,3719.59,0.37194304,0.41659408000000003,-1.0488076082868263,-89.30208000000002,-89.0418095117132,8955.747454005013,1.0,9044.789263516728,0.08224471110681994,1732947120.0,2024-11-27 00:05:00+00:00,2024-11-27 00:05:00+00:00,2024-11-30 06:11:00+00:00,2024-11-30 06:12:00+00:00,3718.8415027781098,3302.2255765107425,2024-12-02 00:00:00+00:00,0.04698017915277636,-0.998961039808273,stop,minute interval; not exact exchange fill
804,2586245.0,2586397.0,-1.0,0.152,3714.71,3673.27,0.28231796,0.27916852000000003,0.0,6.2988800000000085,5.737393520000008,8961.484847525013,2.0,8955.747454005013,0.06304732496085456,1733020680.0,2024-12-01 00:05:00+00:00,2024-12-01 00:05:00+00:00,2024-12-01 02:37:00+00:00,2024-12-01 02:38:00+00:00,4295.959465624778,3672.5262324112996,2024-12-06 00:00:00+00:00,0.07257429053006977,0.06493943174541643,target,minute interval; not exact exchange fill
805,2587685.0,2587917.0,-1.0,0.16,3714.53,3678.7400000000002,0.29716240000000005,0.29429920000000004,0.0,5.726399999999995,5.134938399999994,8966.619785925013,2.0,8961.484847525013,0.06631990235012683,1733111880.0,2024-12-02 00:05:00+00:00,2024-12-02 00:05:00+00:00,2024-12-02 03:57:00+00:00,2024-12-02 03:58:00+00:00,4268.1910118542755,3678.0041051927938,2024-12-07 00:00:00+00:00,0.06597158554632004,0.05796573049728667,target,minute interval; not exact exchange fill
806,2589125.0,2589577.0,-1.0,0.234,3642.63,3610.69,0.42618771000000005,0.42245073000000005,0.0,7.473960000000013,6.625321560000013,8973.245107485014,2.0,8966.619785925013,0.09506095277263588,1733211480.0,2024-12-03 00:05:00+00:00,2024-12-03 00:05:00+00:00,2024-12-03 07:37:00+00:00,2024-12-03 07:38:00+00:00,4019.3607813327467,3609.96226690127,2024-12-08 00:00:00+00:00,0.08671373489355591,0.07515536665158339,target,minute interval; not exact exchange fill
807,2590565.0,2594350.0,-1.0,0.222,3620.42,4020.06,0.40186662,0.44622666,-1.5349841978923184,-88.72007999999997,-88.03318908210765,8885.211918402905,1.0,8973.245107485014,0.08956996386174357,1733497860.0,2024-12-04 00:05:00+00:00,2024-12-04 00:05:00+00:00,2024-12-06 15:10:00+00:00,2024-12-06 15:11:00+00:00,4019.2541969665226,3598.5765437282676,2024-12-09 00:00:00+00:00,0.054768263197766925,-0.9942625275924775,stop,minute interval; not exact exchange fill
808,2594885.0,2594956.0,-1.0,0.135,4009.2000000000003,3993.34,0.27062100000000006,0.26955045,0.0,2.1411000000000175,1.6009285500000177,8886.812846952906,2.0,8885.211918402905,0.06091492301708511,1733534220.0,2024-12-07 00:05:00+00:00,2024-12-07 00:05:00+00:00,2024-12-07 01:16:00+00:00,2024-12-07 01:17:00+00:00,4658.847729340538,3992.535458482314,2024-12-12 00:00:00+00:00,0.025651658221914533,0.01825409289437219,target,minute interval; not exact exchange fill
809,2596325.0,2596667.0,-1.0,0.153,4004.2200000000003,3966.35,0.30632283,0.303425775,0.0,5.794110000000053,5.184361395000053,8891.997208347906,2.0,8886.812846952906,0.06893873771743296,1733636880.0,2024-12-08 00:05:00+00:00,2024-12-08 00:05:00+00:00,2024-12-08 05:47:00+00:00,2024-12-08 05:48:00+00:00,4576.230278543775,3965.553178322384,2024-12-13 00:00:00+00:00,0.06759812389395203,0.05923794776251948,target,minute interval; not exact exchange fill
810,2597765.0,2597794.0,-1.0,0.159,3999.9,3969.6800000000003,0.31799205,0.31558956,0.0,4.8049799999999685,4.171398389999968,8896.168606737905,2.0,8891.997208347906,0.07152320059243059,1733704500.0,2024-12-09 00:05:00+00:00,2024-12-09 00:05:00+00:00,2024-12-09 00:34:00+00:00,2024-12-09 00:35:00+00:00,4550.945589332352,3968.8781772122584,2024-12-14 00:00:00+00:00,0.0562962908846214,0.04760987204667846,target,minute interval; not exact exchange fill
811,2599205.0,2599388.0,-1.0,0.161,3689.23,3671.86,0.296983015,0.29558473,0.0,2.7965699999999827,2.204002254999983,8898.372608992906,2.0,8896.168606737905,0.06676649873183987,1733800140.0,2024-12-10 00:05:00+00:00,2024-12-10 00:05:00+00:00,2024-12-10 03:08:00+00:00,2024-12-10 03:09:00+00:00,4233.369113322365,3671.1243451008377,2024-12-15 00:00:00+00:00,0.03327394494509716,0.025158005857023994,target,minute interval; not exact exchange fill
812,2600645.0,2600656.0,-1.0,0.167,3631.4300000000003,3624.52,0.30322440500000003,0.30264742,0.0,1.1539700000000517,0.5480981750000516,8898.920707167907,2.0,8898.372608992906,0.06815277766488544,1733876220.0,2024-12-11 00:05:00+00:00,2024-12-11 00:05:00+00:00,2024-12-11 00:16:00+00:00,2024-12-11 00:17:00+00:00,4157.368518944826,3623.7907488932406,2024-12-16 00:00:00+00:00,0.014524988818248421,0.006240320649236596,target,minute interval; not exact exchange fill
813,2602085.0,2602129.0,-1.0,0.122,3821.52,3808.76,0.23311272,0.23233436000000002,0.0,1.556719999999971,1.091272919999971,8900.011980087907,2.0,8898.920707167907,0.05239123432400791,1733964600.0,2024-12-12 00:05:00+00:00,2024-12-12 00:05:00+00:00,2024-12-12 00:49:00+00:00,2024-12-12 00:50:00+00:00,4541.921709453375,3807.9915605081987,2024-12-17 00:00:00+00:00,0.018779021918293778,0.012416489137410464,target,minute interval; not exact exchange fill
814,2603525.0,2603596.0,-1.0,0.162,3884.4700000000003,3870.78,0.31464207000000005,0.31353318,0.0,2.2177800000000087,1.5896047500000086,8901.601584837908,2.0,8900.011980087907,0.07070598797034254,1734052620.0,2024-12-13 00:05:00+00:00,2024-12-13 00:05:00+00:00,2024-12-13 01:16:00+00:00,2024-12-13 01:17:00+00:00,4426.186525578965,3870.00261920292,2024-12-18 00:00:00+00:00,0.02670655243832212,0.018113486550023514,target,minute interval; not exact exchange fill
815,2604965.0,2605013.0,-1.0,0.138,3906.03,3897.4300000000003,0.26951607,0.26892267000000003,0.0,1.1867999999999876,0.6483612599999876,8902.249946097907,2.0,8901.601584837908,0.06055451200131593,1734137640.0,2024-12-14 00:05:00+00:00,2024-12-14 00:05:00+00:00,2024-12-14 00:53:00+00:00,2024-12-14 00:54:00+00:00,4544.021382736756,3896.6443987704106,2024-12-19 00:00:00+00:00,0.014711172413220886,0.007364159026484032,target,minute interval; not exact exchange fill
816,2606405.0,2606860.0,-1.0,0.156,3869.85,3831.23,0.3018483,0.29883594,0.0,6.0247199999999825,5.424035759999983,8907.673981857908,2.0,8902.249946097907,0.0678139350900405,1734248460.0,2024-12-15 00:05:00+00:00,2024-12-15 00:05:00+00:00,2024-12-15 07:40:00+00:00,2024-12-15 07:41:00+00:00,4432.199004851025,3830.454094721941,2024-12-20 00:00:00+00:00,0.07005597047067831,0.06182897044373866,target,minute interval; not exact exchange fill
817,2607845.0,2608547.0,-1.0,0.157,3953.48,3920.2400000000002,0.31034818000000003,0.30773884000000007,-0.062382411162145004,5.218679999999965,4.66297539116211,8912.33695724907,2.0,8907.673981857908,0.06968108186987541,1734349680.0,2024-12-16 00:05:00+00:00,2024-12-16 00:05:00+00:00,2024-12-16 11:47:00+00:00,2024-12-16 11:48:00+00:00,4512.135430623751,3919.451230321633,2024-12-21 00:00:00+00:00,0.06091191065729594,0.05316421996528979,target,minute interval; not exact exchange fill
818,2609285.0,2609343.0,-1.0,0.171,3975.9100000000003,3945.07,0.3399403050000001,0.337303485,0.0,5.273640000000025,4.596396210000026,8916.93335345907,2.0,8912.33695724907,0.0762853349532529,1734397440.0,2024-12-17 00:05:00+00:00,2024-12-17 00:05:00+00:00,2024-12-17 01:03:00+00:00,2024-12-17 01:04:00+00:00,4490.4298375905655,3944.275769375397,2024-12-22 00:00:00+00:00,0.061483014479563405,0.05224193128465887,target,minute interval; not exact exchange fill
819,2612165.0,2612278.0,-1.0,0.145,3643.27,3606.29,0.264137075,0.261456025,0.0,5.3621000000000025,4.8365069000000025,8921.769860359069,2.0,8916.93335345907,0.05924392715070267,1734573540.0,2024-12-19 00:05:00+00:00,2024-12-19 00:05:00+00:00,2024-12-19 01:58:00+00:00,2024-12-19 01:59:00+00:00,4250.343216434755,3605.562962847812,2024-12-24 00:00:00+00:00,0.06211283273809313,0.05494431165303248,target,minute interval; not exact exchange fill
820,2613605.0,2613605.0,-1.0,0.183,3416.91,3408.12,0.312647265,0.31184298,0.0,1.6085699999999934,0.9840797549999933,8922.75394011407,2.0,8921.769860359069,0.07008637745502597,1734653160.0,2024-12-20 00:05:00+00:00,2024-12-20 00:05:00+00:00,2024-12-20 00:05:00+00:00,2024-12-20 00:06:00+00:00,3897.7384564240238,3407.429019930711,2024-12-25 00:00:00+00:00,0.01971800949511161,0.01118379107591288,target,minute interval; not exact exchange fill
821,2615045.0,2615045.0,-1.0,0.157,3469.3,3463.7000000000003,0.27234005,0.27190045,0.0,0.8791999999999858,0.3349594999999858,8923.08889961407,2.0,8922.75394011407,0.06104394491383193,1734739560.0,2024-12-21 00:05:00+00:00,2024-12-21 00:05:00+00:00,2024-12-21 00:05:00+00:00,2024-12-21 00:06:00+00:00,4031.985545566372,3463.0026153647664,2024-12-26 00:00:00+00:00,0.011191658795669208,0.0037916381837255707,target,minute interval; not exact exchange fill
822,2616485.0,2616786.0,-1.0,0.176,3329.5,3304.9700000000003,0.292996,0.29083736,0.0,4.317279999999955,3.7334466399999555,8926.82234625407,2.0,8923.08889961407,0.06567142909731008,1734844020.0,2024-12-22 00:05:00+00:00,2024-12-22 00:05:00+00:00,2024-12-22 05:06:00+00:00,2024-12-22 05:07:00+00:00,3829.9896107579657,3304.3030609523257,2024-12-27 00:00:00+00:00,0.050344579599793916,0.04238402664917282,target,minute interval; not exact exchange fill
823,2617925.0,2617955.0,-1.0,0.189,3277.83,3248.82,0.309754935,0.30701349,0.0,5.482889999999955,4.866121574999955,8931.68846782907,2.0,8926.82234625407,0.0693987004524586,1734914160.0,2024-12-23 00:05:00+00:00,2024-12-23 00:05:00+00:00,2024-12-23 00:35:00+00:00,2024-12-23 00:36:00+00:00,3743.752540338494,3248.1668649317166,2024-12-28 00:00:00+00:00,0.063665378899104,0.05525956091605857,target,minute interval; not exact exchange fill
824,2619365.0,2619456.0,-1.0,0.187,3414.31,3384.26,0.319237985,0.31642831,0.0,5.619349999999949,4.983683704999949,8936.672151534069,2.0,8931.68846782907,0.0714843528521755,1735004220.0,2024-12-24 00:05:00+00:00,2024-12-24 00:05:00+00:00,2024-12-24 01:36:00+00:00,2024-12-24 01:37:00+00:00,3887.036765250575,3383.5793345176717,2024-12-29 00:00:00+00:00,0.06500724676767365,0.05637657302072404,target,minute interval; not exact exchange fill
825,2622245.0,2622295.0,-1.0,0.14100000000000001,3504.13,3476.39,0.24704116500000003,0.24508549500000001,0.0,3.911340000000034,3.4192133400000335,8940.09136487407,2.0,8936.672151534069,0.055287060062417744,1735174560.0,2024-12-26 00:05:00+00:00,2024-12-26 00:05:00+00:00,2024-12-26 00:55:00+00:00,2024-12-26 00:56:00+00:00,4129.35479898407,3475.6874796308593,2024-12-31 00:00:00+00:00,0.045491670220626446,0.038785633646336054,target,minute interval; not exact exchange fill
826,2623685.0,2623697.0,-1.0,0.202,3334.59,3325.32,0.33679359000000003,0.33585732,0.0,1.8725399999999965,1.1998890899999965,8941.29125396407,2.0,8940.09136487407,0.07534455214255949,1735258680.0,2024-12-27 00:05:00+00:00,2024-12-27 00:05:00+00:00,2024-12-27 00:17:00+00:00,2024-12-27 00:18:00+00:00,3772.47767808003,3324.647955296909,2025-01-01 00:00:00+00:00,0.022704554617026935,0.013565225278877024,target,minute interval; not exact exchange fill
827,2625125.0,2625203.0,-1.0,0.17300000000000001,3333.85,3325.55,0.28837802500000004,0.28766007500000007,0.0,1.4358999999999529,0.8598618999999528,8942.15111586407,2.0,8941.29125396407,0.06450478276773487,1735349040.0,2024-12-28 00:05:00+00:00,2024-12-28 00:05:00+00:00,2024-12-28 01:23:00+00:00,2024-12-28 01:24:00+00:00,3843.899436444489,3324.8786328501756,2025-01-02 00:00:00+00:00,0.017589210983866545,0.009744741675723168,target,minute interval; not exact exchange fill
828,2626565.0,2627430.0,-1.0,0.184,3396.61,3371.04,0.31248812,0.31013567999999997,-0.032248230220931304,4.70488000000003,4.114504430220961,8946.26562029429,2.0,8942.15111586407,0.0698910398518365,1735482660.0,2024-12-29 00:05:00+00:00,2024-12-29 00:05:00+00:00,2024-12-29 14:30:00+00:00,2024-12-29 14:31:00+00:00,3876.469196384078,3370.3646859275464,2025-01-03 00:00:00+00:00,0.05469378157222417,0.04659999701843387,target,minute interval; not exact exchange fill
829,2628005.0,2628873.0,-1.0,0.22,3353.9900000000002,3327.7000000000003,0.36893890000000007,0.366047,-0.07538606566656,5.783799999999992,5.124200165666553,8951.389820459957,2.0,8946.26562029429,0.08247886116036507,1735569240.0,2024-12-30 00:05:00+00:00,2024-12-30 00:05:00+00:00,2024-12-30 14:33:00+00:00,2024-12-30 14:34:00+00:00,3754.4202011586394,3327.0330795397317,2025-01-04 00:00:00+00:00,0.06731989840493811,0.05816698857242389,target,minute interval; not exact exchange fill
830,2629445.0,2629495.0,-1.0,0.23600000000000002,3355.1,3331.02,0.3959018,0.39306036,0.0,5.682879999999983,4.893917839999983,8956.283738299957,2.0,8951.389820459957,0.08845593990222561,1735606560.0,2024-12-31 00:05:00+00:00,2024-12-31 00:05:00+00:00,2024-12-31 00:55:00+00:00,2024-12-31 00:56:00+00:00,3728.6803976990877,3330.350283929998,2025-01-05 00:00:00+00:00,0.06625003940901963,0.055508640516794876,target,minute interval; not exact exchange fill
831,2630885.0,2631386.0,-1.0,0.261,3338.7400000000002,3334.2200000000003,0.43570557000000004,0.43511571000000004,-0.08732642400000001,1.1797199999999952,0.3962251439999951,8956.679963443956,2.0,8956.283738299957,0.09729606223545208,1735720020.0,2025-01-01 00:05:00+00:00,2025-01-01 00:05:00+00:00,2025-01-01 08:26:00+00:00,2025-01-01 08:27:00+00:00,3675.9862068078387,3333.5521838989,2025-01-06 00:00:00+00:00,0.015382874577612221,0.004501470941272857,target,minute interval; not exact exchange fill
832,2632325.0,2639520.0,-1.0,0.187,3353.36,3686.46,0.31353916000000004,0.34468401,-1.004946166883164,-62.28969999999998,-61.942977003116816,8894.736986440837,4.0,8956.679963443956,0.07001236200906755,1736208000.0,2025-01-02 00:05:00+00:00,2025-01-02 00:05:00+00:00,2025-01-07 00:00:00+00:00,2025-01-07 00:00:00+00:00,3826.0658740793247,3344.31702642758,2025-01-07 00:00:00+00:00,0.01913023312865079,-0.7007441296810323,timeout,minute interval; not exact exchange fill
833,2640965.0,2641071.0,-1.0,0.219,3377.9900000000002,3376.57,0.369889905,0.36973441500000004,0.0,0.3109800000000159,-0.42864431999998415,8894.308342120838,2.0,8894.736986440837,0.08317050983381774,1736301120.0,2025-01-08 00:05:00+00:00,2025-01-08 00:05:00+00:00,2025-01-08 01:51:00+00:00,2025-01-08 01:52:00+00:00,3778.0144075778417,3375.8906051472673,2025-01-13 00:00:00+00:00,0.005248166894227473,-0.004892901440317881,target,minute interval; not exact exchange fill
834,2643845.0,2644751.0,-1.0,0.23800000000000002,3219.91,3211.67,0.38316929,0.38218873000000003,-0.048319158307526,1.9611199999999482,1.2440811383074741,8895.552423259145,2.0,8894.308342120838,0.08616055914891606,1736521920.0,2025-01-10 00:05:00+00:00,2025-01-10 00:05:00+00:00,2025-01-10 15:11:00+00:00,2025-01-10 15:12:00+00:00,3588.485944511865,3211.019051734244,2025-01-15 00:00:00+00:00,0.024122432291480454,0.014182237748813638,target,minute interval; not exact exchange fill
835,2645285.0,2645299.0,-1.0,0.20800000000000002,3268.09,3260.14,0.33988136,0.33905456000000006,0.0,1.6536000000000568,0.9746640800000566,8896.527087339146,2.0,8895.552423259145,0.07641602091204912,1736554800.0,2025-01-11 00:05:00+00:00,2025-01-11 00:05:00+00:00,2025-01-11 00:19:00+00:00,2025-01-11 00:20:00+00:00,3689.388088647279,3259.4828049004686,2025-01-16 00:00:00+00:00,0.020430178373625776,0.011122492900563363,target,minute interval; not exact exchange fill
836,2646725.0,2647233.0,-1.0,0.233,3282.58,3256.56,0.38242057,0.37938924,-0.076091742,6.062659999999996,5.376941931999996,8901.904029271145,2.0,8896.527087339146,0.08597075381116562,1736670840.0,2025-01-12 00:05:00+00:00,2025-01-12 00:05:00+00:00,2025-01-12 08:33:00+00:00,2025-01-12 08:34:00+00:00,3659.3582339998957,3255.9069751933007,2025-01-17 00:00:00+00:00,0.07079237174487794,0.06124824078878815,target,minute interval; not exact exchange fill
837,2648165.0,2648323.0,-1.0,0.264,3272.38,3242.01,0.4319541600000001,0.4279453200000001,0.0,8.017679999999972,7.157780519999972,8909.061809791145,2.0,8901.904029271145,0.09704758860119207,1736736240.0,2025-01-13 00:05:00+00:00,2025-01-13 00:05:00+00:00,2025-01-13 02:43:00+00:00,2025-01-13 02:44:00+00:00,3604.8504145242227,3241.3551791234445,2025-01-18 00:00:00+00:00,0.09331603511534486,0.08154952686180908,target,minute interval; not exact exchange fill
838,2649605.0,2652247.0,-1.0,0.28,3133.46,3447.4300000000003,0.43868440000000003,0.48264020000000013,-0.27971526268,-87.91160000000008,-88.55320933732008,8820.508600453826,1.0,8909.061809791145,0.09848049309027841,1736971680.0,2025-01-14 00:05:00+00:00,2025-01-14 00:05:00+00:00,2025-01-15 20:07:00+00:00,2025-01-15 20:08:00+00:00,3446.7374175575337,3110.9276087493495,2025-01-19 00:00:00+00:00,0.07192472226796388,-1.009525245658406,stop,minute interval; not exact exchange fill
839,2652485.0,2652485.0,-1.0,0.16,3444.13,3444.53,0.27553040000000006,0.27556240000000004,0.0,-0.06400000000001456,-0.6150928000000147,8819.893507653826,2.0,8820.508600453826,0.06247494616939065,1736985960.0,2025-01-16 00:05:00+00:00,2025-01-16 00:05:00+00:00,2025-01-16 00:05:00+00:00,2025-01-16 00:06:00+00:00,3987.9035753196017,3443.8361618055133,2025-01-21 00:00:00+00:00,0.0005403686531000513,-0.007069725662451685,target,minute interval; not exact exchange fill
840,2653925.0,2655715.0,-1.0,0.213,3310.14,3299.6,0.35252991,0.3514074,-0.218632845639609,2.2450199999999922,1.7597155356396013,8821.653223189467,2.0,8819.893507653826,0.07993972029119799,1737179760.0,2025-01-17 00:05:00+00:00,2025-01-17 00:05:00+00:00,2025-01-18 05:55:00+00:00,2025-01-18 05:56:00+00:00,3719.155422321671,3298.9362773860366,2025-01-22 00:00:00+00:00,0.027391931948111355,0.02019868893402174,target,minute interval; not exact exchange fill
841,2656805.0,2657104.0,-1.0,0.182,3298.4300000000003,3275.4900000000002,0.30015713,0.29806959,0.0,4.17508000000001,3.57685328000001,8825.230076469468,2.0,8821.653223189467,0.0680500859432963,1737263100.0,2025-01-19 00:05:00+00:00,2025-01-19 00:05:00+00:00,2025-01-19 05:04:00+00:00,2025-01-19 05:05:00+00:00,3776.705796749885,3274.8346613922117,2025-01-24 00:00:00+00:00,0.04933416821033031,0.041091437479278625,target,minute interval; not exact exchange fill
842,2658245.0,2658260.0,-1.0,0.192,3203.4700000000003,3183.48,0.30753312000000005,0.30561408,0.0,3.8380800000000455,3.2249328000000457,8828.455009269468,2.0,8825.230076469468,0.06969407422475463,1737332460.0,2025-01-20 00:05:00+00:00,2025-01-20 00:05:00+00:00,2025-01-20 00:20:00+00:00,2025-01-20 00:21:00+00:00,3657.687294666387,3182.83851031288,2025-01-25 00:00:00+00:00,0.04542206985375534,0.03697905209077725,target,minute interval; not exact exchange fill
843,2659685.0,2659689.0,-1.0,0.181,3267.53,3262.46,0.29571146500000006,0.29525263,0.0,0.9176700000000296,0.3267059050000296,8828.781715174468,2.0,8828.455009269468,0.06699053564627486,1737418200.0,2025-01-21 00:05:00+00:00,2025-01-21 00:05:00+00:00,2025-01-21 00:09:00+00:00,2025-01-21 00:10:00+00:00,3750.3714316410346,3261.7987140159858,2025-01-26 00:00:00+00:00,0.011869913409326768,0.0037382976723134313,target,minute interval; not exact exchange fill
844,2661125.0,2661148.0,-1.0,0.196,3331.55,3323.4900000000002,0.32649190000000006,0.3257020200000001,0.0,1.5797599999999894,0.9275660799999894,8829.709281254469,2.0,8828.781715174468,0.07396080468018416,1737505740.0,2025-01-22 00:05:00+00:00,2025-01-22 00:05:00+00:00,2025-01-22 00:28:00+00:00,2025-01-22 00:29:00+00:00,3775.3025331675,3322.8235549987066,2025-01-27 00:00:00+00:00,0.019665115912700922,0.010664682782134373,target,minute interval; not exact exchange fill
845,2662565.0,2662666.0,-1.0,0.147,3242.83,3236.13,0.23834800499999997,0.237855555,0.0,0.9848999999999732,0.5086964399999733,8830.217977694469,2.0,8829.709281254469,0.05398773558853503,1737596820.0,2025-01-23 00:05:00+00:00,2025-01-23 00:05:00+00:00,2025-01-23 01:46:00+00:00,2025-01-23 01:47:00+00:00,3837.3400091473413,3235.482268733696,2025-01-28 00:00:00+00:00,0.012359306240852446,0.005820793505163972,target,minute interval; not exact exchange fill
846,2664005.0,2664008.0,-1.0,0.189,3333.23,3329.76,0.314990235,0.31466232000000005,0.0,0.6558299999999622,0.026177444999962107,8830.24415513947,2.0,8830.217977694469,0.07134370539791421,1737677340.0,2025-01-24 00:05:00+00:00,2025-01-24 00:05:00+00:00,2025-01-24 00:08:00+00:00,2025-01-24 00:09:00+00:00,3793.340552998439,3329.084532257596,2025-01-29 00:00:00+00:00,0.009009721066793366,0.0003010254798486864,target,minute interval; not exact exchange fill
847,2665445.0,2665448.0,-1.0,0.167,3309.33,3301.9300000000003,0.276329055,0.27571115500000004,0.0,1.2357999999999394,0.6837597899999395,8830.92791492947,2.0,8830.24415513947,0.06258695685988888,1737763740.0,2025-01-25 00:05:00+00:00,2025-01-25 00:05:00+00:00,2025-01-25 00:08:00+00:00,2025-01-25 00:09:00+00:00,3831.6378859727406,3301.2655249800027,2025-01-30 00:00:00+00:00,0.015440078996659215,0.007838997093398898,target,minute interval; not exact exchange fill
848,2666885.0,2668208.0,-1.0,0.184,3312.77,3286.81,0.30477484,0.30238652,-0.08319527989805815,4.776640000000007,4.252673919898065,8835.180588849369,2.0,8830.92791492947,0.069024420295573,1737929340.0,2025-01-26 00:05:00+00:00,2025-01-26 00:05:00+00:00,2025-01-26 22:08:00+00:00,2025-01-26 22:09:00+00:00,3786.132941335434,3286.1500423713724,2025-01-31 00:00:00+00:00,0.0562358294325457,0.048825871740427816,target,minute interval; not exact exchange fill
849,2668325.0,2668392.0,-1.0,0.215,3236.42,3200.27,0.34791515,0.344029025,0.0,7.772250000000019,7.080305825000019,8842.26089467437,2.0,8835.180588849369,0.07875677163613244,1737940380.0,2025-01-27 00:05:00+00:00,2025-01-27 00:05:00+00:00,2025-01-27 01:12:00+00:00,2025-01-27 01:13:00+00:00,3641.556789736709,3199.620932562455,2025-02-01 00:00:00+00:00,0.09083121644287138,0.0812852740956993,target,minute interval; not exact exchange fill
850,2669765.0,2669845.0,-1.0,0.243,3196.63,3155.44,0.38839054500000003,0.38338596,0.0,10.009170000000013,9.237393495000013,8851.498288169369,2.0,8842.26089467437,0.08784869608041647,1738027560.0,2025-01-28 00:05:00+00:00,2025-01-28 00:05:00+00:00,2025-01-28 01:25:00+00:00,2025-01-28 01:26:00+00:00,3555.7360169007666,3154.807785546385,2025-02-02 00:00:00+00:00,0.11646202649167037,0.1058572210181169,target,minute interval; not exact exchange fill
851,2671205.0,2672177.0,-1.0,0.253,3080.57,3073.51,0.389692105,0.3887990150000001,-0.12054989356184762,1.7861799999999861,1.1282387735618338,8852.626526942931,2.0,8851.498288169369,0.08805110554466244,1738167480.0,2025-01-29 00:05:00+00:00,2025-01-29 00:05:00+00:00,2025-01-29 16:17:00+00:00,2025-01-29 16:18:00+00:00,3425.707663957155,3072.892522088161,2025-02-03 00:00:00+00:00,0.02224468295871696,0.012920762520105924,target,minute interval; not exact exchange fill
852,2672645.0,2672646.0,-1.0,0.186,3109.11,3107.91,0.28914723000000003,0.28903563,0.0,0.22320000000005075,-0.3549828599999493,8852.271544082932,2.0,8852.626526942931,0.06532461956233704,1738195620.0,2025-01-30 00:05:00+00:00,2025-01-30 00:05:00+00:00,2025-01-30 00:06:00+00:00,2025-01-30 00:07:00+00:00,3578.2205229672095,3107.2844198104713,2025-02-04 00:00:00+00:00,0.0038915779974018436,-0.004068358961397955,target,minute interval; not exact exchange fill
853,2674085.0,2674092.0,-1.0,0.28800000000000003,3255.54,3238.86,0.46879776000000006,0.46639584000000006,0.0,4.803839999999953,3.8686463999999527,8856.140190482933,2.0,8852.271544082932,0.10591581102442696,1738282380.0,2025-01-31 00:05:00+00:00,2025-01-31 00:05:00+00:00,2025-01-31 00:12:00+00:00,2025-01-31 00:13:00+00:00,3558.178958464092,3238.2031587991246,2025-02-05 00:00:00+00:00,0.05728555665424147,0.04438556115898619,target,minute interval; not exact exchange fill
854,2676965.0,2677168.0,-1.0,0.272,3119.88,3073.73,0.42430368000000007,0.41802728,0.0,12.552800000000026,11.710469040000026,8867.850659522934,2.0,8856.140190482933,0.09582135577663262,1738466940.0,2025-02-02 00:05:00+00:00,2025-02-02 00:05:00+00:00,2025-02-02 03:28:00+00:00,2025-02-02 03:29:00+00:00,3440.8458826383085,3073.1120491866577,2025-02-07 00:00:00+00:00,0.14571003755575013,0.13413635943517427,target,minute interval; not exact exchange fill
855,2678405.0,2678417.0,-1.0,0.225,2851.13,2828.63,0.32075212500000005,0.318220875,0.0,5.0625,4.423527,8872.274186522933,2.0,8867.850659522934,0.07234044354491996,1738541880.0,2025-02-03 00:05:00+00:00,2025-02-03 00:05:00+00:00,2025-02-03 00:17:00+00:00,2025-02-03 00:18:00+00:00,3240.969901742622,2828.059707320665,2025-02-08 00:00:00+00:00,0.05917889004231917,0.05043126655870108,target,minute interval; not exact exchange fill
856,2679845.0,2679890.0,-1.0,0.209,2877.11,2850.51,0.300657995,0.29787829500000007,0.0,5.559399999999981,4.96086370999998,8877.235050232934,2.0,8872.274186522933,0.06777473028430576,1738630260.0,2025-02-04 00:05:00+00:00,2025-02-04 00:05:00+00:00,2025-02-04 00:50:00+00:00,2025-02-04 00:51:00+00:00,3295.6991468680158,2849.9338509012796,2025-02-09 00:00:00+00:00,0.06492320525283325,0.05670522080565101,target,minute interval; not exact exchange fill
857,2681285.0,2681286.0,-1.0,0.248,2731.73,2727.57,0.33873452,0.33821868,0.0,1.031679999999964,0.3547267999999639,8877.589777032932,2.0,8877.235050232934,0.07631532072390305,1738714020.0,2025-02-05 00:05:00+00:00,2025-02-05 00:05:00+00:00,2025-02-05 00:06:00+00:00,2025-02-05 00:07:00+00:00,3085.4891757508067,2727.019222852807,2025-02-10 00:00:00+00:00,0.013316339108928725,0.004043287349265578,target,minute interval; not exact exchange fill
858,2682725.0,2682729.0,-1.0,0.189,2794.29,2782.26,0.264060405,0.26292357000000005,0.0,2.2736699999999517,1.7466860249999516,8879.336463057933,2.0,8877.589777032932,0.059489210840344614,1738800600.0,2025-02-06 00:05:00+00:00,2025-02-06 00:05:00+00:00,2025-02-06 00:09:00+00:00,2025-02-06 00:10:00+00:00,3259.6765812051185,2781.702750801723,2025-02-11 00:00:00+00:00,0.0270468675003094,0.019858168183681395,target,minute interval; not exact exchange fill
859,2684165.0,2684210.0,-1.0,0.34600000000000003,2694.86,2679.37,0.46621078000000005,0.46353101,0.0,5.359540000000083,4.429798210000083,8883.766261267932,2.0,8879.336463057933,0.10501027457167512,1738889460.0,2025-02-07 00:05:00+00:00,2025-02-07 00:05:00+00:00,2025-02-07 00:50:00+00:00,2025-02-07 00:51:00+00:00,2947.2061421231983,2678.831919831548,2025-02-12 00:00:00+00:00,0.06351624809317283,0.05073541006919665,target,minute interval; not exact exchange fill
860,2685605.0,2685920.0,-1.0,0.281,2617.96,2616.03,0.36782338000000003,0.36755221500000007,0.0,0.542329999999954,-0.1930455950000461,8883.573215672932,2.0,8883.766261267932,0.08280798237649774,1738992060.0,2025-02-08 00:05:00+00:00,2025-02-08 00:05:00+00:00,2025-02-08 05:20:00+00:00,2025-02-08 05:21:00+00:00,2929.55720988428,2615.49823900449,2025-02-13 00:00:00+00:00,0.007900459045907667,-0.0022047533745738553,target,minute interval; not exact exchange fill
861,2687045.0,2688337.0,-1.0,0.35100000000000003,2630.63,2598.37,0.46167556500000007,0.45601393500000004,-0.09790849778407824,11.323260000000078,10.503478997784155,8894.076694670714,2.0,8883.573215672932,0.10393915911797393,1739137080.0,2025-02-09 00:05:00+00:00,2025-02-09 00:05:00+00:00,2025-02-09 21:37:00+00:00,2025-02-09 21:38:00+00:00,2879.31015090852,2597.8447057671547,2025-02-14 00:00:00+00:00,0.1318371977540979,0.12033305223518515,target,minute interval; not exact exchange fill
862,2688485.0,2688581.0,-1.0,0.34,2641.63,2596.94,0.44907710000000006,0.4414798000000001,0.0,15.194600000000019,14.304043100000019,8908.380737770714,2.0,8894.076694670714,0.10098341073876388,1739151720.0,2025-02-10 00:05:00+00:00,2025-02-10 00:05:00+00:00,2025-02-10 01:41:00+00:00,2025-02-10 01:42:00+00:00,2898.9336844497525,2596.4190552977793,2025-02-15 00:00:00+00:00,0.1757104442515273,0.163506072950214,target,minute interval; not exact exchange fill
863,2689925.0,2690754.0,-1.0,0.281,2660.11,2638.65,0.37374545500000006,0.3707303250000001,-0.03245559070011333,6.030260000000011,5.318239810700124,8913.698977581416,2.0,8908.380737770714,0.08390872954393468,1739282100.0,2025-02-11 00:05:00+00:00,2025-02-11 00:05:00+00:00,2025-02-11 13:54:00+00:00,2025-02-11 13:55:00+00:00,2973.0889360915835,2638.113773138396,2025-02-16 00:00:00+00:00,0.07028021481665335,0.06047090759244613,target,minute interval; not exact exchange fill
864,2691365.0,2691381.0,-1.0,0.299,2603.89,2599.02,0.389281555,0.38855348999999995,0.0,1.4561299999999673,0.6782949549999674,8914.377272536416,2.0,8913.698977581416,0.08734455942007255,1739319720.0,2025-02-12 00:05:00+00:00,2025-02-12 00:05:00+00:00,2025-02-12 00:21:00+00:00,2025-02-12 00:22:00+00:00,2898.2859431360866,2598.493781031618,2025-02-17 00:00:00+00:00,0.01832980071293859,0.007705761756884125,target,minute interval; not exact exchange fill
865,2694245.0,2694247.0,-1.0,0.33,2669.54,2667.7000000000003,0.44047410000000004,0.4401705000000001,0.0,0.6071999999998979,-0.2734446000001022,8914.103827936417,2.0,8914.377272536416,0.09882330229774346,1739491680.0,2025-02-14 00:05:00+00:00,2025-02-14 00:05:00+00:00,2025-02-14 00:07:00+00:00,2025-02-14 00:08:00+00:00,2935.7087318287277,2667.157397221064,2025-02-19 00:00:00+00:00,0.008951475113422043,-0.003113138024542657,target,minute interval; not exact exchange fill
866,2695685.0,2695689.0,-1.0,0.262,2725.73,2719.67,0.35707063,0.35627677,0.0,1.5877199999999858,0.8743725999999858,8914.978200536418,2.0,8914.103827936417,0.08011363495250214,1739578200.0,2025-02-15 00:05:00+00:00,2025-02-15 00:05:00+00:00,2025-02-15 00:09:00+00:00,2025-02-15 00:10:00+00:00,3061.7506093869997,2719.1235820124534,2025-02-20 00:00:00+00:00,0.019660752355632707,0.009931831282873277,target,minute interval; not exact exchange fill
867,2697125.0,2698500.0,-1.0,0.331,2691.84,2656.94,0.44549952000000004,0.43972357000000006,-0.0866742863124618,11.55190000000003,10.753351196312492,8925.731551732732,2.0,8914.978200536418,0.09994405145560403,1739746860.0,2025-02-16 00:05:00+00:00,2025-02-16 00:05:00+00:00,2025-02-16 23:00:00+00:00,2025-02-16 23:01:00+00:00,2956.9643381181972,2656.4044464488575,2025-02-21 00:00:00+00:00,0.13365635838134513,0.12253671647226591,target,minute interval; not exact exchange fill
868,2698565.0,2700996.0,-1.0,0.299,2662.02,2628.51,0.39797199,0.392962245,-0.19697112847091874,10.019489999999928,9.425526893470847,8935.1570786262,2.0,8925.731551732732,0.08917408902416354,1739896620.0,2025-02-17 00:05:00+00:00,2025-02-17 00:05:00+00:00,2025-02-18 16:36:00+00:00,2025-02-18 16:37:00+00:00,2955.8137170371383,2627.9748719156537,2025-02-22 00:00:00+00:00,0.11588106249407185,0.10729807850850377,target,minute interval; not exact exchange fill
869,2701445.0,2701470.0,-1.0,0.264,2670.46,2668.27,0.35250072,0.35221164,0.0,0.5781600000000144,-0.12655235999998554,8935.030526266199,2.0,8935.1570786262,0.07890196375914138,1739925060.0,2025-02-19 00:05:00+00:00,2025-02-19 00:05:00+00:00,2025-02-19 00:30:00+00:00,2025-02-19 00:31:00+00:00,3004.8369516006696,2667.732209610064,2025-02-24 00:00:00+00:00,0.008157830187990609,-0.0014336065859360664,target,minute interval; not exact exchange fill
870,2702885.0,2702897.0,-1.0,0.21,2715.19,2709.85,0.28509495,0.28453425,0.0,1.1214000000000306,0.5517708000000306,8935.582297066197,2.0,8935.030526266199,0.06381510374517689,1740010680.0,2025-02-20 00:05:00+00:00,2025-02-20 00:05:00+00:00,2025-02-20 00:17:00+00:00,2025-02-20 00:18:00+00:00,3136.177510317006,2709.299575124403,2025-02-25 00:00:00+00:00,0.01399192311230698,0.00624123028738225,target,minute interval; not exact exchange fill
871,2704325.0,2704370.0,-1.0,0.34,2738.28,2730.09,0.4655076000000001,0.46411530000000006,0.0,2.784600000000019,1.8549771000000188,8937.437274166197,2.0,8935.582297066197,0.10419188912911458,1740099060.0,2025-02-21 00:05:00+00:00,2025-02-21 00:05:00+00:00,2025-02-21 00:50:00+00:00,2025-02-21 00:51:00+00:00,2996.717556583968,2729.5357206546487,2025-02-26 00:00:00+00:00,0.03383517264647428,0.021110766840992907,target,minute interval; not exact exchange fill
872,2707205.0,2708847.0,-1.0,0.41000000000000003,2763.57,2733.54,0.5665318500000001,0.5603757,-0.12873763810330935,12.312300000000082,11.314130088103392,8948.751404254303,2.0,8937.437274166197,0.1267772477995609,1740367680.0,2025-02-23 00:05:00+00:00,2025-02-23 00:05:00+00:00,2025-02-24 03:27:00+00:00,2025-02-24 03:28:00+00:00,2977.5837372638143,2732.9848738551677,2025-02-28 00:00:00+00:00,0.14291197628650457,0.1289423734760528,target,minute interval; not exact exchange fill
873,2710085.0,2710090.0,-1.0,0.271,2514.28,2489.35,0.34068494000000005,0.33730692500000004,0.0,6.756030000000079,6.078038135000079,8954.829442389302,2.0,8948.751404254303,0.07614133516728064,1740442260.0,2025-02-25 00:05:00+00:00,2025-02-25 00:05:00+00:00,2025-02-25 00:10:00+00:00,2025-02-25 00:11:00+00:00,2840.379062812828,2488.843985553673,2025-03-02 00:00:00+00:00,0.07800088177783793,0.06877721391328703,target,minute interval; not exact exchange fill
874,2711525.0,2711525.0,-1.0,0.275,2494.7200000000003,2492.2200000000003,0.34302400000000005,0.3426802500000001,0.0,0.6875,0.0017957499999998738,8954.831238139303,2.0,8954.829442389302,0.07661206775781434,1740528360.0,2025-02-26 00:05:00+00:00,2025-02-26 00:05:00+00:00,2025-02-26 00:05:00+00:00,2025-02-26 00:06:00+00:00,2816.4357003569885,2491.7213515936833,2025-03-03 00:00:00+00:00,0.009320802195819388,2.0297424069616742e-05,target,minute interval; not exact exchange fill
875,2712965.0,2712984.0,-1.0,0.23900000000000002,2334.57,2331.15,0.27898111500000006,0.278572425,0.0,0.8173800000000174,0.2598264600000174,8955.091064599303,2.0,8954.831238139303,0.06230851427144677,1740615900.0,2025-02-27 00:05:00+00:00,2025-02-27 00:05:00+00:00,2025-02-27 00:24:00+00:00,2025-02-27 00:25:00+00:00,2705.669441415123,2330.6835878345432,2025-03-04 00:00:00+00:00,0.010472697427505628,0.0029295112810045053,target,minute interval; not exact exchange fill
876,2714405.0,2714430.0,-1.0,0.358,2311.03,2300.09,0.41367437,0.41171611,0.0,3.9165200000000193,3.0911295200000195,8958.182194119303,2.0,8955.091064599303,0.0923886461937414,1740702660.0,2025-02-28 00:05:00+00:00,2025-02-28 00:05:00+00:00,2025-02-28 00:30:00+00:00,2025-02-28 00:31:00+00:00,2557.4925944591228,2299.626381015448,2025-03-05 00:00:00+00:00,0.04626916717150667,0.035033470368795186,target,minute interval; not exact exchange fill
877,2717285.0,2718137.0,-1.0,0.361,2215.04,2184.88,0.39981471999999996,0.39437084,-0.0498617280744,10.887759999999947,10.143436168074347,8968.325630287376,2.0,8958.182194119303,0.08926246672287214,1740925080.0,2025-03-02 00:05:00+00:00,2025-03-02 00:05:00+00:00,2025-03-02 14:17:00+00:00,2025-03-02 14:18:00+00:00,2459.4953980162136,2184.4362983127635,2025-03-07 00:00:00+00:00,0.125191351615016,0.11494187225326163,target,minute interval; not exact exchange fill
878,2718725.0,2718755.0,-1.0,0.209,2500.38,2474.57,0.26128971,0.258592565,0.0,5.394289999999988,4.874407724999989,8973.200038012375,2.0,8968.325630287376,0.058269452018464986,1740962160.0,2025-03-03 00:05:00+00:00,2025-03-03 00:05:00+00:00,2025-03-03 00:35:00+00:00,2025-03-03 00:36:00+00:00,2925.0400002306615,2474.0662435578893,2025-03-08 00:00:00+00:00,0.061964292440583234,0.0549204657545611,target,minute interval; not exact exchange fill
879,2720165.0,2720230.0,-1.0,0.184,2147.64,2115.61,0.19758288,0.19463612,0.0,5.8935199999999535,5.501300999999954,8978.701339012376,2.0,8973.200038012375,0.04403844317812978,1741050660.0,2025-03-04 00:05:00+00:00,2025-03-04 00:05:00+00:00,2025-03-04 01:10:00+00:00,2025-03-04 01:11:00+00:00,2631.994530297924,2115.177522466566,2025-03-09 00:00:00+00:00,0.06702214081380878,0.06172828605858068,target,minute interval; not exact exchange fill
880,2723045.0,2723097.0,-1.0,0.153,2242.51,2233.9,0.171552015,0.17089335,0.0,1.3173300000000194,0.9748846350000193,8979.676223647377,2.0,8978.701339012376,0.038213101989395294,1741222680.0,2025-03-06 00:05:00+00:00,2025-03-06 00:05:00+00:00,2025-03-06 00:57:00+00:00,2025-03-06 00:58:00+00:00,2823.1884786264077,2233.452692505316,2025-03-11 00:00:00+00:00,0.015597801241246677,0.010973017314284803,target,minute interval; not exact exchange fill
881,2724485.0,2724495.0,-1.0,0.231,2206.89,2191.25,0.254895795,0.253089375,0.0,3.612839999999971,3.104854829999971,8982.781078477377,2.0,8979.676223647377,0.05677171173026238,1741306560.0,2025-03-07 00:05:00+00:00,2025-03-07 00:05:00+00:00,2025-03-07 00:15:00+00:00,2025-03-07 00:16:00+00:00,2590.952614345118,2190.8106729518636,2025-03-12 00:00:00+00:00,0.041866420858364076,0.03499671537392044,target,minute interval; not exact exchange fill
882,2725925.0,2725931.0,-1.0,0.17400000000000002,2135.1,2133.58,0.18575370000000002,0.18562146000000002,0.0,0.2644799999999969,-0.10689516000000315,8982.674183317378,2.0,8982.781078477377,0.04135772616012281,1741392720.0,2025-03-08 00:05:00+00:00,2025-03-08 00:05:00+00:00,2025-03-08 00:11:00+00:00,2025-03-08 00:12:00+00:00,2645.55418312179,2133.1512701832503,2025-03-13 00:00:00+00:00,0.0038176390383006576,-0.0012035164375437033,target,minute interval; not exact exchange fill
883,2727365.0,2727981.0,-1.0,0.17,2199.51,2152.98,0.18695835000000002,0.18300330000000004,-0.013504584040196058,7.9101000000000345,7.55364293404023,8990.22782625142,2.0,8982.674183317378,0.04162643466401555,1741515720.0,2025-03-09 00:05:00+00:00,2025-03-09 00:05:00+00:00,2025-03-09 10:21:00+00:00,2025-03-09 10:22:00+00:00,2723.9773838686924,2152.546221782518,2025-03-14 00:00:00+00:00,0.08954566034413368,0.08472060436225885,target,minute interval; not exact exchange fill
884,2728805.0,2729823.0,-1.0,0.217,2031.02,1976.0900000000001,0.22036566999999999,0.214405765,-0.026616978348624074,11.919809999999964,11.511655543348589,9001.739481794766,2.0,8990.22782625142,0.04902337833008711,1741626240.0,2025-03-10 00:05:00+00:00,2025-03-10 00:05:00+00:00,2025-03-10 17:03:00+00:00,2025-03-10 17:04:00+00:00,2440.80724179415,1975.693096057645,2025-03-15 00:00:00+00:00,0.13501372980798526,0.12945523548790083,target,minute interval; not exact exchange fill
885,2730245.0,2730269.0,-1.0,0.20800000000000002,1879.02,1834.77,0.19541808,0.19081608000000003,0.0,9.204,8.817765840000002,9010.557247634766,2.0,9001.739481794766,0.04341784838257451,1741653000.0,2025-03-11 00:05:00+00:00,2025-03-11 00:05:00+00:00,2025-03-11 00:29:00+00:00,2025-03-11 00:30:00+00:00,2307.9215828891474,1834.3962351642651,2025-03-16 00:00:00+00:00,0.10404196817167766,0.09884110176146585,target,minute interval; not exact exchange fill
886,2733125.0,2733136.0,-1.0,0.168,1908.57,1901.26,0.16031988000000003,0.15970584000000002,0.0,1.228079999999991,0.9080542799999909,9011.465301914766,2.0,9010.557247634766,0.035584897935603994,1741825020.0,2025-03-13 00:05:00+00:00,2025-03-13 00:05:00+00:00,2025-03-13 00:16:00+00:00,2025-03-13 00:17:00+00:00,2441.973831364078,1900.872858077351,2025-03-18 00:00:00+00:00,0.014430233661735917,0.010133194930710339,target,minute interval; not exact exchange fill
887,2734565.0,2741760.0,-1.0,0.249,1861.82,1931.02,0.23179659,0.24041199000000002,-0.20335203274500477,-17.230800000000013,-17.499656547255004,8993.96564536751,4.0,9011.465301914766,0.05144481662726873,1742342400.0,2025-03-14 00:05:00+00:00,2025-03-14 00:05:00+00:00,2025-03-19 00:00:00+00:00,2025-03-19 00:00:00+00:00,2220.4680503328964,1854.1817227801087,2025-03-19 00:00:00+00:00,0.021297417378406056,-0.19595741592479113,timeout,minute interval; not exact exchange fill
888,2743205.0,2743222.0,-1.0,0.167,2059.83,2049.15,0.171995805,0.17110402500000002,0.0,1.7835599999999727,1.4404601699999726,8995.406105537511,2.0,8993.96564536751,0.038246933951452046,1742430180.0,2025-03-20 00:05:00+00:00,2025-03-20 00:05:00+00:00,2025-03-20 00:22:00+00:00,2025-03-20 00:23:00+00:00,2594.866216312986,2048.736709670507,2025-03-25 00:00:00+00:00,0.02073371856196653,0.016121357278278285,target,minute interval; not exact exchange fill
889,2744645.0,2744836.0,-1.0,0.251,1984.56,1974.47,0.24906228,0.247795985,0.0,2.5325899999999795,2.0357317349999793,8997.441837272512,2.0,8995.406105537511,0.05537543876905767,1742527020.0,2025-03-21 00:05:00+00:00,2025-03-21 00:05:00+00:00,2025-03-21 03:16:00+00:00,2025-03-21 03:17:00+00:00,2339.9104482688713,1974.065382667529,2025-03-26 00:00:00+00:00,0.02953314786458419,0.022823905357404316,target,minute interval; not exact exchange fill
890,2746085.0,2753280.0,-1.0,0.19,1965.51,2009.1000000000001,0.18672345,0.19086450000000002,-0.12710797519028955,-8.282100000000028,-8.532579974809739,8988.909257297704,4.0,8997.441837272512,0.041505897648926274,1743033600.0,2025-03-22 00:05:00+00:00,2025-03-22 00:05:00+00:00,2025-03-27 00:00:00+00:00,2025-03-27 00:00:00+00:00,2435.4903662584034,1957.764503348231,2025-03-27 00:00:00+00:00,0.01648046856389381,-0.0955535994288791,timeout,minute interval; not exact exchange fill
891,2754725.0,2754725.0,-1.0,0.401,1999.3400000000001,1997.76,0.40086767000000006,0.40055088,0.0,0.633580000000062,-0.16783854999993808,8988.741418747704,2.0,8988.909257297704,0.08919161569565362,1743120360.0,2025-03-28 00:05:00+00:00,2025-03-28 00:05:00+00:00,2025-03-28 00:05:00+00:00,2025-03-28 00:06:00+00:00,2220.3985190830704,1997.3519843036468,2025-04-02 00:00:00+00:00,0.008993164817169169,-0.0018933900477391746,target,minute interval; not exact exchange fill
892,2756165.0,2756342.0,-1.0,0.322,1898.25,1892.6100000000001,0.30561825,0.30471021000000004,0.0,1.816079999999959,1.205751539999959,8989.947170287704,2.0,8988.741418747704,0.06800023179275708,1743217380.0,2025-03-29 00:05:00+00:00,2025-03-29 00:05:00+00:00,2025-03-29 03:02:00+00:00,2025-03-29 03:03:00+00:00,2174.434270147676,1892.2290132703909,2025-04-03 00:00:00+00:00,0.021800614229006296,0.013558230517609291,target,minute interval; not exact exchange fill
893,2757605.0,2757639.0,-1.0,0.377,1826.52,1813.43,0.34429902,0.34183155500000006,0.0,4.934929999999969,4.248799424999969,8994.195969712704,2.0,8989.947170287704,0.07659645011884568,1743295200.0,2025-03-30 00:05:00+00:00,2025-03-30 00:05:00+00:00,2025-03-30 00:39:00+00:00,2025-03-30 00:40:00+00:00,2062.191441797053,1813.0595608236429,2025-04-04 00:00:00+00:00,0.057115274866220284,0.04782091930215726,target,minute interval; not exact exchange fill
894,2759045.0,2759076.0,-1.0,0.523,1807.45,1791.39,0.47264817500000006,0.4684484850000001,0.0,8.399379999999972,7.458283339999973,9001.654253052704,2.0,8994.195969712704,0.10510070640924617,1743381420.0,2025-03-31 00:05:00+00:00,2025-03-31 00:05:00+00:00,2025-03-31 00:36:00+00:00,2025-03-31 00:37:00+00:00,1976.6569682763943,1791.02367349052,2025-04-05 00:00:00+00:00,0.09707830993489694,0.08427891679204215,target,minute interval; not exact exchange fill
895,2760485.0,2763278.0,-1.0,0.492,1823.39,1808.78,0.44855394000000004,0.44495988000000003,-0.13137585452928446,7.188120000000063,6.425982034529348,9008.080235087235,2.0,9001.654253052704,0.0996603351762557,1743633540.0,2025-04-01 00:05:00+00:00,2025-04-01 00:05:00+00:00,2025-04-02 22:38:00+00:00,2025-04-02 22:39:00+00:00,2003.4455774394237,1808.4085324544542,2025-04-06 00:00:00+00:00,0.08320468467901891,0.07253837554110736,target,minute interval; not exact exchange fill
896,2763365.0,2764000.0,-1.0,0.362,1791.1000000000001,1791.38,0.3241891,0.32423978,-0.04197711831020885,-0.10135999999999012,-0.7078117616897812,9007.372423325545,2.0,9008.080235087235,0.07197740063132564,1743676860.0,2025-04-03 00:05:00+00:00,2025-04-03 00:05:00+00:00,2025-04-03 10:40:00+00:00,2025-04-03 10:41:00+00:00,2037.3484606920977,1791.016242862504,2025-04-08 00:00:00+00:00,0.00034013263376650124,-0.007940277491054495,target,minute interval; not exact exchange fill
897,2764805.0,2764847.0,-1.0,0.531,1818.64,1812.5900000000001,0.48284892000000007,0.481242645,0.0,3.212549999999976,2.248458434999976,9009.620881760544,2.0,9007.372423325545,0.10721193646875567,1743727680.0,2025-04-04 00:05:00+00:00,2025-04-04 00:05:00+00:00,2025-04-04 00:47:00+00:00,2025-04-04 00:48:00+00:00,1985.419283918041,1812.218821022229,2025-04-09 00:00:00+00:00,0.038501058566282845,0.025389154459260228,target,minute interval; not exact exchange fill
898,2766245.0,2766249.0,-1.0,0.398,1813.07,1813.3,0.36080093,0.3608467,0.0,-0.09154000000000724,-0.8131876300000073,9008.807694130543,2.0,9009.620881760544,0.0800923667566125,1743811800.0,2025-04-05 00:05:00+00:00,2025-04-05 00:05:00+00:00,2025-04-05 00:09:00+00:00,2025-04-05 00:10:00+00:00,2036.3277495003038,1812.9343975896684,2025-04-10 00:00:00+00:00,0.0006073805305081833,-0.009151686804032923,target,minute interval; not exact exchange fill
899,2767685.0,2768104.0,-1.0,0.41600000000000004,1805.1000000000001,1792.48,0.3754608000000001,0.37283584000000003,0.0,5.249920000000049,4.50162336000005,9013.309317490543,2.0,9008.807694130543,0.08335416022802261,1743923100.0,2025-04-06 00:05:00+00:00,2025-04-06 00:05:00+00:00,2025-04-06 07:04:00+00:00,2025-04-06 07:05:00+00:00,2018.804352890404,1792.1139336882263,2025-04-11 00:00:00+00:00,0.060766503518220716,0.05063635744260982,target,minute interval; not exact exchange fill
900,2769125.0,2769166.0,-1.0,0.41400000000000003,1574.95,1559.8,0.32601465,0.3228786,0.0,6.272100000000038,5.623206750000038,9018.932524240543,2.0,9013.309317490543,0.07234072159653077,1743986820.0,2025-04-07 00:05:00+00:00,2025-04-07 00:05:00+00:00,2025-04-07 00:46:00+00:00,2025-04-07 00:47:00+00:00,1790.240066430356,1559.4849481115723,2025-04-12 00:00:00+00:00,0.07183355992614057,0.06308988252550858,target,minute interval; not exact exchange fill
901,2770565.0,2771454.0,-1.0,0.449,1553.57,1535.75,0.348776465,0.344775875,-0.008141837781,8.001179999999971,7.3157694977809715,9026.248293738325,2.0,9018.932524240543,0.0773431809280266,1744124100.0,2025-04-08 00:05:00+00:00,2025-04-08 00:05:00+00:00,2025-04-08 14:54:00+00:00,2025-04-08 14:55:00+00:00,1751.8621665549563,1535.4347088746208,2025-04-13 00:00:00+00:00,0.09145742588047703,0.08216902135911773,target,minute interval; not exact exchange fill
902,2773445.0,2773462.0,-1.0,0.263,1662.8500000000001,1654.24,0.21866477500000003,0.21753256,0.0,2.2644300000000337,1.8282326650000336,9028.076526403323,2.0,9026.248293738325,0.04845086638081778,1744244580.0,2025-04-10 00:05:00+00:00,2025-04-10 00:05:00+00:00,2025-04-10 00:22:00+00:00,2025-04-10 00:23:00+00:00,2002.8738634385754,1653.9053352152796,2025-04-15 00:00:00+00:00,0.026305991274451778,0.02044402098635614,target,minute interval; not exact exchange fill
903,2774885.0,2774913.0,-1.0,0.378,1521.45,1515.8600000000001,0.28755405,0.28649754,0.0,2.113019999999969,1.538968409999969,9029.615494813323,2.0,9028.076526403323,0.06370217380391614,1744331640.0,2025-04-11 00:05:00+00:00,2025-04-11 00:05:00+00:00,2025-04-11 00:33:00+00:00,2025-04-11 00:34:00+00:00,1757.5708014986617,1515.5510881530772,2025-04-16 00:00:00+00:00,0.024982601318826476,0.017242635863333685,target,minute interval; not exact exchange fill
904,2776325.0,2776328.0,-1.0,0.261,1563.25,1561.78,0.204004125,0.20381229,0.0,0.3836700000000071,-0.0241464149999929,9029.591348398322,2.0,9029.615494813323,0.0451855619139445,1744416540.0,2025-04-12 00:05:00+00:00,2025-04-12 00:05:00+00:00,2025-04-12 00:08:00+00:00,2025-04-12 00:09:00+00:00,1906.696758008376,1561.4629299377636,2025-04-17 00:00:00+00:00,0.0052033394421873375,-0.0002693721744134691,target,minute interval; not exact exchange fill
905,2777765.0,2777872.0,-1.0,0.244,1641.3700000000001,1622.74,0.20024714000000002,0.19797428,0.0,4.545720000000027,4.147498580000026,9033.738846978324,2.0,9029.591348398322,0.04435353323836079,1744509180.0,2025-04-13 00:05:00+00:00,2025-04-13 00:05:00+00:00,2025-04-13 01:52:00+00:00,2025-04-13 01:53:00+00:00,2007.9949507337665,1622.412780183075,2025-04-18 00:00:00+00:00,0.05170739137907539,0.04636330660523861,target,minute interval; not exact exchange fill
906,2779205.0,2782404.0,-1.0,0.319,1596.72,1570.48,0.25467684,0.25049156,-0.10502601694156188,8.370560000000003,7.970417616941564,9041.709264595263,2.0,9033.738846978324,0.05638348513587734,1744781100.0,2025-04-14 00:05:00+00:00,2025-04-14 00:05:00+00:00,2025-04-16 05:24:00+00:00,2025-04-16 05:25:00+00:00,1877.2471429722239,1570.156405281176,2025-04-19 00:00:00+00:00,0.09469170946304571,0.08906672950823925,target,minute interval; not exact exchange fill
907,2783525.0,2790420.0,-1.0,0.26,1579.75,1561.6200000000001,0.2053675,0.2030106,-0.17390600792942185,4.71379999999997,4.479327907929392,9046.18859250319,2.0,9041.709264595263,0.045426698423971706,1745262060.0,2025-04-17 00:05:00+00:00,2025-04-17 00:05:00+00:00,2025-04-21 19:00:00+00:00,2025-04-21 19:01:00+00:00,1925.2029704670517,1561.29943263278,2025-04-22 00:00:00+00:00,0.05340978062013714,0.04987128707555885,target,minute interval; not exact exchange fill
908,2790725.0,2790756.0,-1.0,0.34600000000000003,1576.4,1557.43,0.27271720000000005,0.26943539000000005,0.0,6.56362000000001,6.02146741000001,9052.21005991319,2.0,9046.18859250319,0.06029438745639414,1745282220.0,2025-04-22 00:05:00+00:00,2025-04-22 00:05:00+00:00,2025-04-22 00:36:00+00:00,2025-04-22 00:37:00+00:00,1835.3679017023549,1557.1086831308241,2025-04-27 00:00:00+00:00,0.07449308096625988,0.06720170679686124,target,minute interval; not exact exchange fill
909,2792165.0,2792169.0,-1.0,0.23800000000000002,1758.31,1753.23,0.20923889,0.20863437,0.0,1.2090399999999828,0.7911667399999829,9053.00122665319,2.0,9052.21005991319,0.046229349211988256,1745367000.0,2025-04-23 00:05:00+00:00,2025-04-23 00:05:00+00:00,2025-04-23 00:09:00+00:00,2025-04-23 00:10:00+00:00,2135.756300780762,1752.877415285301,2025-04-28 00:00:00+00:00,0.014393000284971725,0.008807160099658231,target,minute interval; not exact exchange fill
910,2793605.0,2793768.0,-1.0,0.215,1791.98,1779.58,0.19263785,0.19130485,0.0,2.6660000000000195,2.2820573000000195,9055.283283953191,2.0,9053.00122665319,0.04255778723034955,1745462940.0,2025-04-24 00:05:00+00:00,2025-04-24 00:05:00+00:00,2025-04-24 02:48:00+00:00,2025-04-24 02:49:00+00:00,2209.8833693089878,1779.214954857173,2025-04-29 00:00:00+00:00,0.030545446819283124,0.02539874233976848,target,minute interval; not exact exchange fill
911,2795045.0,2795169.0,-1.0,0.302,1767.03,1761.67,0.26682153000000003,0.26601217000000005,0.0,1.6187199999999697,1.0858862999999697,9056.36917025319,2.0,9055.283283953191,0.05893168035346452,1745547000.0,2025-04-25 00:05:00+00:00,2025-04-25 00:05:00+00:00,2025-04-25 02:09:00+00:00,2025-04-25 02:10:00+00:00,2063.9373366718164,1761.312873715144,2025-04-30 00:00:00+00:00,0.019255591151576663,0.012110344056517255,target,minute interval; not exact exchange fill
912,2796485.0,2797193.0,-1.0,0.221,1790.0900000000001,1778.71,0.19780494500000004,0.196547455,0.0119263104376,2.514980000000024,2.1087012895624238,9058.477871542753,2.0,9056.36917025319,0.04368305692522249,1745668440.0,2025-04-26 00:05:00+00:00,2025-04-26 00:05:00+00:00,2025-04-26 11:53:00+00:00,2025-04-26 11:54:00+00:00,2196.9521273729642,1778.3494742977573,2025-05-01 00:00:00+00:00,0.02885627565792206,0.023451764498231217,target,minute interval; not exact exchange fill
913,2797925.0,2798200.0,-1.0,0.259,1818.88,1800.02,0.23554496000000003,0.23310259,0.0,4.884740000000033,4.416092450000033,9062.893963992752,2.0,9058.477871542753,0.05200541709992261,1745728860.0,2025-04-27 00:05:00+00:00,2025-04-27 00:05:00+00:00,2025-04-27 04:40:00+00:00,2025-04-27 04:41:00+00:00,2164.825202074014,1799.6546840564843,2025-05-02 00:00:00+00:00,0.05557329839597731,0.04928685207304076,target,minute interval; not exact exchange fill
914,2799365.0,2799453.0,-1.0,0.326,1789.49,1764.0900000000001,0.29168687,0.28754667,0.0,8.280399999999956,7.701166459999955,9070.595130452753,2.0,9062.893963992752,0.06436947649589278,1745804040.0,2025-04-28 00:05:00+00:00,2025-04-28 00:05:00+00:00,2025-04-28 01:33:00+00:00,2025-04-28 01:34:00+00:00,2064.526634253026,1763.7352736126727,2025-05-03 00:00:00+00:00,0.09364107605983028,0.0858911397900077,target,minute interval; not exact exchange fill
915,2800805.0,2802999.0,-1.0,0.332,1796.26,1778.04,0.29817916000000005,0.29515464,0.011994654475472055,6.0490400000000095,5.443711545524538,9076.038841998277,2.0,9070.595130452753,0.06574632771314456,1746016800.0,2025-04-29 00:05:00+00:00,2025-04-29 00:05:00+00:00,2025-04-30 12:39:00+00:00,2025-04-30 12:40:00+00:00,2066.550222869305,1777.6828836070838,2025-05-04 00:00:00+00:00,0.06873025666895433,0.06066339118227254,target,minute interval; not exact exchange fill
916,2803685.0,2809531.0,-1.0,0.494,1794.38,1785.15,0.44321186,0.44093205,-0.1299097641177599,4.559620000000009,3.8053858541177688,9079.844227852398,2.0,9076.038841998277,0.09766636474694014,1746408720.0,2025-05-01 00:05:00+00:00,2025-05-01 00:05:00+00:00,2025-05-05 01:31:00+00:00,2025-05-05 01:32:00+00:00,1975.5175422839352,1784.7856759175086,2025-05-06 00:00:00+00:00,0.05296706558738845,0.042526856298694626,target,minute interval; not exact exchange fill
917,2810885.0,2810978.0,-1.0,0.584,1817.3700000000001,1807.25,0.53067204,0.527717,0.0,5.910080000000069,4.851690960000069,9084.695918812398,2.0,9079.844227852398,0.11689011984856854,1746495540.0,2025-05-06 00:05:00+00:00,2025-05-06 00:05:00+00:00,2025-05-06 01:38:00+00:00,2025-05-06 01:39:00+00:00,1970.1868823911125,1806.8825779570225,2025-05-11 00:00:00+00:00,0.0686273785911731,0.054363692479590095,target,minute interval; not exact exchange fill
918,2812325.0,2812329.0,-1.0,0.519,1815.83,1815.3,0.471207885,0.47107035,0.0,0.2750699999999858,-0.6672082350000141,9084.028710577397,2.0,9084.695918812398,0.10373663339115897,1746576600.0,2025-05-07 00:05:00+00:00,2025-05-07 00:05:00+00:00,2025-05-07 00:09:00+00:00,2025-05-07 00:10:00+00:00,1988.1839533622524,1814.9339449608992,2025-05-12 00:00:00+00:00,0.005198923619798723,-0.007458865752258289,target,minute interval; not exact exchange fill
919,2813765.0,2814498.0,-1.0,0.553,1811.89,1973.8500000000001,0.5009875850000001,0.5457695250000001,-0.10659989143286003,-89.56388000000003,-90.50403721856716,8993.52467335883,1.0,9084.028710577397,0.11030074892137949,1746706740.0,2025-05-08 00:05:00+00:00,2025-05-08 00:05:00+00:00,2025-05-08 12:18:00+00:00,2025-05-08 12:19:00+00:00,1973.4487388130792,1803.020526325354,2025-05-13 00:00:00+00:00,0.054899374306876254,-1.0130068151790426,stop,minute interval; not exact exchange fill
920,2816645.0,2816686.0,-1.0,0.209,2351.79,2338.41,0.24576205499999998,0.24436384499999997,0.0,2.7964200000000226,2.3062941000000223,8995.83096745883,2.0,8993.52467335883,0.05465311186125088,1746838020.0,2025-05-10 00:05:00+00:00,2025-05-10 00:05:00+00:00,2025-05-10 00:46:00+00:00,2025-05-10 00:47:00+00:00,2778.0553035841026,2337.9333910486007,2025-05-15 00:00:00+00:00,0.03250700639927955,0.02588739901469111,target,minute interval; not exact exchange fill
921,2818085.0,2818101.0,-1.0,0.157,2587.09,2550.48,0.20308656500000002,0.20021268,0.0,5.74777000000002,5.344470755000019,9001.175438213832,2.0,8995.83096745883,0.04515126300941791,1746922920.0,2025-05-11 00:05:00+00:00,2025-05-11 00:05:00+00:00,2025-05-11 00:21:00+00:00,2025-05-11 00:22:00+00:00,3153.9457453426658,2549.962223044802,2025-05-16 00:00:00+00:00,0.0654977518711646,0.060052694675295434,target,minute interval; not exact exchange fill
922,2819525.0,2820485.0,-1.0,0.20400000000000001,2514.55,2472.17,0.2564841,0.25216134,-0.0810924328632,8.645520000000023,8.217966992863222,9009.393405206694,2.0,9001.175438213832,0.05698902365820258,1747065960.0,2025-05-12 00:05:00+00:00,2025-05-12 00:05:00+00:00,2025-05-12 16:05:00+00:00,2025-05-12 16:06:00+00:00,2951.125247837451,2471.6681844602226,2025-05-17 00:00:00+00:00,0.09822319463183052,0.09227310097250184,target,minute interval; not exact exchange fill
923,2820965.0,2820997.0,-1.0,0.185,2486.06,2461.67,0.22996054999999999,0.22770447500000002,0.0,4.512149999999976,4.054484974999975,9013.447890181695,2.0,9009.393405206694,0.0510490639396658,1747096680.0,2025-05-13 00:05:00+00:00,2025-05-13 00:05:00+00:00,2025-05-13 00:37:00+00:00,2025-05-13 00:38:00+00:00,2969.5173905970537,2461.173093505929,2025-05-18 00:00:00+00:00,0.051476938770832315,0.04533209218900175,target,minute interval; not exact exchange fill
924,2822405.0,2822405.0,-1.0,0.168,2676.65,2675.36,0.22483860000000003,0.22473024000000005,0.0,0.2167199999999939,-0.2328488400000062,9013.215041341695,2.0,9013.447890181695,0.04988958781132259,1747181160.0,2025-05-14 00:05:00+00:00,2025-05-14 00:05:00+00:00,2025-05-14 00:05:00+00:00,2025-05-14 00:06:00+00:00,3208.118177829541,2674.823789088679,2025-05-19 00:00:00+00:00,0.0034361622906176454,-0.0026078795642296647,target,minute interval; not exact exchange fill
925,2823845.0,2823937.0,-1.0,0.163,2613.44,2601.37,0.21299536000000002,0.212011655,0.0,1.9674100000000267,1.5424029850000267,9014.757444326695,2.0,9013.215041341695,0.047262904307294504,1747273080.0,2025-05-15 00:05:00+00:00,2025-05-15 00:05:00+00:00,2025-05-15 01:37:00+00:00,2025-05-15 01:38:00+00:00,3161.3147265909206,2600.848488709196,2025-05-20 00:00:00+00:00,0.022982464201539717,0.017271457398445687,target,minute interval; not exact exchange fill
926,2825285.0,2825340.0,-1.0,0.227,2550.3,2537.94,0.28945905000000005,0.28805619000000005,0.0,2.805720000000029,2.228204760000029,9016.985649086695,2.0,9014.757444326695,0.06421893251984652,1747357260.0,2025-05-16 00:05:00+00:00,2025-05-16 00:05:00+00:00,2025-05-16 01:00:00+00:00,2025-05-16 01:01:00+00:00,2943.5694293235783,2537.4250538453475,2025-05-21 00:00:00+00:00,0.0327382328618767,0.024959682263844922,target,minute interval; not exact exchange fill
927,2828165.0,2829353.0,-1.0,0.218,2477.9,2409.5,0.2700911,0.26263549999999997,-0.02756843952425314,14.91120000000002,14.406041839524274,9031.391690926219,2.0,9016.985649086695,0.0599071819588305,1747598040.0,2025-05-18 00:05:00+00:00,2025-05-18 00:05:00+00:00,2025-05-18 19:53:00+00:00,2025-05-18 19:54:00+00:00,2887.28127412712,2409.0091975549058,2025-05-23 00:00:00+00:00,0.1682802971190679,0.1614210637080652,target,minute interval; not exact exchange fill
928,2829605.0,2829626.0,-1.0,0.224,2498.82,2456.01,0.27986784000000003,0.27507312,0.0,9.589439999999987,9.034499039999988,9040.42618996622,2.0,9031.391690926219,0.06197668079908026,1747614420.0,2025-05-19 00:05:00+00:00,2025-05-19 00:05:00+00:00,2025-05-19 00:26:00+00:00,2025-05-19 00:27:00+00:00,2897.819358242578,2455.5093272165745,2025-05-24 00:00:00+00:00,0.10854822667933775,0.10108433551785098,target,minute interval; not exact exchange fill
929,2831045.0,2831723.0,-1.0,0.17500000000000002,2528.44,2491.96,0.22123850000000003,0.21804650000000003,-0.03015941236414912,6.384000000000004,5.974874412364153,9046.401064378584,2.0,9040.42618996622,0.04894426332368003,1747740240.0,2025-05-20 00:05:00+00:00,2025-05-20 00:05:00+00:00,2025-05-20 11:23:00+00:00,2025-05-20 11:24:00+00:00,3040.175995742795,2491.455673230405,2025-05-25 00:00:00+00:00,0.07227227921677003,0.06671826837130296,target,minute interval; not exact exchange fill
930,2832485.0,2832502.0,-1.0,0.17400000000000002,2524.79,2519.94,0.21965673000000002,0.21923478000000005,0.0,0.8438999999999842,0.4050084899999842,9046.806072868585,2.0,9046.401064378584,0.04856223561984838,1747786980.0,2025-05-21 00:05:00+00:00,2025-05-21 00:05:00+00:00,2025-05-21 00:22:00+00:00,2025-05-21 00:23:00+00:00,3039.0440870126704,2519.4311094968853,2025-05-26 00:00:00+00:00,0.010420705714260415,0.0045262352964879,target,minute interval; not exact exchange fill
931,2833925.0,2836080.0,-1.0,0.165,2559.63,2542.89,0.21116947500000002,0.209788425,-0.17514931500000003,2.7621000000000393,2.516291415000039,9049.322364283586,2.0,9046.806072868585,0.04668376293226806,1748001660.0,2025-05-22 00:05:00+00:00,2025-05-22 00:05:00+00:00,2025-05-23 12:00:00+00:00,2025-05-23 12:01:00+00:00,3103.3725051938377,2542.3780661192877,2025-05-27 00:00:00+00:00,0.03172813181960509,0.02804682520555149,target,minute interval; not exact exchange fill
932,2836805.0,2836805.0,-1.0,0.203,2518.82,2518.36,0.25566023000000004,0.25561354000000003,0.0,0.09338000000000739,-0.41789376999999267,9048.904470513586,2.0,9049.322364283586,0.0565037291651926,1748045160.0,2025-05-24 00:05:00+00:00,2025-05-24 00:05:00+00:00,2025-05-24 00:05:00+00:00,2025-05-24 00:06:00+00:00,2959.4497953837536,2517.8531529640304,2025-05-29 00:00:00+00:00,0.0021942388964588805,-0.004671926459732701,target,minute interval; not exact exchange fill
933,2838245.0,2838770.0,-1.0,0.246,2536.4700000000003,2461.01,0.31198581000000003,0.30270423,-0.023000600249999996,18.563160000000007,17.971470560250008,9066.875941073835,2.0,9048.904470513586,0.0689554875988856,1748163060.0,2025-05-25 00:05:00+00:00,2025-05-25 00:05:00+00:00,2025-05-25 08:50:00+00:00,2025-05-25 08:51:00+00:00,2899.3775666771185,2460.5119659801285,2025-05-30 00:00:00+00:00,0.2093040790396422,0.20130403739968708,target,minute interval; not exact exchange fill
934,2839685.0,2846838.0,-1.0,0.217,2550.56,2506.7400000000002,0.27673576,0.27198129,-0.676706755904752,9.508939999999937,9.63692970590469,9076.512870779741,2.0,9066.875941073835,0.06104324395712969,1748647140.0,2025-05-26 00:05:00+00:00,2025-05-26 00:05:00+00:00,2025-05-30 23:18:00+00:00,2025-05-30 23:19:00+00:00,2964.2105654137576,2506.23672910169,2025-05-31 00:00:00+00:00,0.1071514814780328,0.10736070013225661,target,minute interval; not exact exchange fill
935,2846885.0,2846896.0,-1.0,0.461,2525.32,2517.04,0.5820862600000001,0.58017772,0.0,3.8170800000000926,2.6548160200000925,9079.167686799741,2.0,9076.512870779741,0.12826209102262737,1748650620.0,2025-05-31 00:05:00+00:00,2025-05-31 00:05:00+00:00,2025-05-31 00:16:00+00:00,2025-05-31 00:17:00+00:00,2718.3705207477606,2516.5341473246904,2025-06-05 00:00:00+00:00,0.045510639605004656,0.029830636963288318,target,minute interval; not exact exchange fill
936,2848325.0,2848434.0,-1.0,0.535,2523.0,2500.4900000000002,0.6749025000000001,0.6688810750000002,0.0,12.042849999999873,10.699066424999874,9089.86675322474,2.0,9079.167686799741,0.14867056613157284,1748742900.0,2025-06-01 00:05:00+00:00,2025-06-01 00:05:00+00:00,2025-06-01 01:54:00+00:00,2025-06-01 01:55:00+00:00,2688.8925292103304,2499.987783279226,2025-06-06 00:00:00+00:00,0.13871761935462232,0.12054946111915954,target,minute interval; not exact exchange fill
937,2849765.0,2849889.0,-1.0,0.438,2536.9900000000002,2518.6,0.5556008100000001,0.5515734,0.0,8.054820000000143,6.947645790000144,9096.81439901474,2.0,9089.86675322474,0.12224619459969398,1748830200.0,2025-06-02 00:05:00+00:00,2025-06-02 00:05:00+00:00,2025-06-02 02:09:00+00:00,2025-06-02 02:10:00+00:00,2740.553022719696,2518.087456583054,2025-06-07 00:00:00+00:00,0.09285843354259281,0.07792282109036291,target,minute interval; not exact exchange fill
938,2851205.0,2852516.0,-1.0,0.451,2605.46,2584.82,0.5875312300000001,0.5828769100000001,-0.1352134886388,9.308639999999944,8.273445348638745,9105.087844363381,2.0,9096.81439901474,0.1291729619247007,1748987820.0,2025-06-03 00:05:00+00:00,2025-06-03 00:05:00+00:00,2025-06-03 21:56:00+00:00,2025-06-03 21:57:00+00:00,2803.110234847179,2584.2977418729697,2025-06-08 00:00:00+00:00,0.10706922834365844,0.09281379398807076,target,minute interval; not exact exchange fill
939,2852645.0,2852670.0,-1.0,0.42,2596.71,2591.05,0.5453091,0.5441205,0.0,2.377199999999939,1.287770399999939,9106.375614763381,2.0,9105.087844363381,0.11978118373401095,1748997060.0,2025-06-04 00:05:00+00:00,2025-06-04 00:05:00+00:00,2025-06-04 00:30:00+00:00,2025-06-04 00:31:00+00:00,2809.8397746266082,2590.5238559828763,2025-06-09 00:00:00+00:00,0.029025245430684382,0.01438616451113661,target,minute interval; not exact exchange fill
940,2854085.0,2854099.0,-1.0,0.447,2608.81,2603.73,0.583069035,0.581933655,0.0,2.2707599999999677,1.1057573099999678,9107.481372073382,2.0,9106.375614763381,0.12805732152201596,1749082800.0,2025-06-05 00:05:00+00:00,2025-06-05 00:05:00+00:00,2025-06-05 00:19:00+00:00,2025-06-05 00:20:00+00:00,2808.671705915101,2603.205139926311,2025-06-10 00:00:00+00:00,0.028043691751885053,0.012377208473596937,target,minute interval; not exact exchange fill
941,2855525.0,2855536.0,-1.0,0.515,2406.26,2401.98,0.6196119500000001,0.61850985,0.0,2.204200000000103,0.966078200000103,9108.447450273381,2.0,9107.481372073382,0.13606658629024262,1749169020.0,2025-06-06 00:05:00+00:00,2025-06-06 00:05:00+00:00,2025-06-06 00:16:00+00:00,2025-06-06 00:17:00+00:00,2579.6191546786417,2401.4988948947666,2025-06-11 00:00:00+00:00,0.0274638228022011,0.010820772652459844,target,minute interval; not exact exchange fill
942,2856965.0,2856974.0,-1.0,0.484,2473.73,2463.19,0.59864266,0.5960919800000001,0.0,5.101359999999982,3.9066253599999814,9112.354075633382,2.0,9108.447450273381,0.13144779354949945,1749255300.0,2025-06-07 00:05:00+00:00,2025-06-07 00:05:00+00:00,2025-06-07 00:14:00+00:00,2025-06-07 00:15:00+00:00,2658.142373356892,2462.6939532674137,2025-06-12 00:00:00+00:00,0.05984439401594995,0.04376897196794467,target,minute interval; not exact exchange fill
943,2858405.0,2858967.0,-1.0,0.531,2520.66,2496.29,0.6692352300000001,0.662764995,-0.12708993075645503,12.940469999999943,11.735559705756398,9124.08963533914,2.0,9112.354075633382,0.14688525587247503,1749374880.0,2025-06-08 00:05:00+00:00,2025-06-08 00:05:00+00:00,2025-06-08 09:27:00+00:00,2025-06-08 09:28:00+00:00,2688.4489110521167,2495.7870464653374,2025-06-13 00:00:00+00:00,0.14823955515711432,0.131718273855553,target,minute interval; not exact exchange fill
944,2859845.0,2860002.0,-1.0,0.438,2508.3,2488.87,0.5493177,0.5450625299999999,0.0,8.510340000000127,7.415959770000128,9131.50559510914,2.0,9124.08963533914,0.12041041286407354,1749436980.0,2025-06-09 00:05:00+00:00,2025-06-09 00:05:00+00:00,2025-06-09 02:42:00+00:00,2025-06-09 02:43:00+00:00,2712.65745729796,2488.3704068751617,2025-06-14 00:00:00+00:00,0.09752319973222445,0.08285195570482047,target,minute interval; not exact exchange fill
945,2861285.0,2865404.0,-1.0,0.327,2680.4500000000003,2648.88,0.43825357500000006,0.4330918800000001,-0.6455339299704776,10.323390000000053,10.09757847497053,9141.603173584112,2.0,9131.50559510914,0.09598714482192945,1749761100.0,2025-06-10 00:05:00+00:00,2025-06-10 00:05:00+00:00,2025-06-12 20:44:00+00:00,2025-06-12 20:45:00+00:00,2955.870516182021,2648.3477353297753,2025-06-15 00:00:00+00:00,0.11655727436444523,0.11211744609896089,target,minute interval; not exact exchange fill
946,2867045.0,2867061.0,-1.0,0.34400000000000003,2570.51,2563.38,0.44212772000000006,0.4409013600000001,0.0,2.4527200000000375,1.5696909200000373,9143.172864504111,2.0,9141.603173584112,0.09672870537141394,1749860520.0,2025-06-14 00:05:00+00:00,2025-06-14 00:05:00+00:00,2025-06-14 00:21:00+00:00,2025-06-14 00:22:00+00:00,2832.3894965967584,2562.8626689106723,2025-06-19 00:00:00+00:00,0.029201717540733318,0.017424254511327005,target,minute interval; not exact exchange fill
947,2868485.0,2869718.0,-1.0,0.356,2529.03,2498.32,0.45016734,0.44470096000000003,-0.1408667103941889,10.932760000000012,10.1787584103942,9153.351622914506,2.0,9143.172864504111,0.09847070522917764,1750019940.0,2025-06-15 00:05:00+00:00,2025-06-15 00:05:00+00:00,2025-06-15 20:38:00+00:00,2025-06-15 20:39:00+00:00,2781.9701300591887,2497.8175889959875,2025-06-20 00:00:00+00:00,0.12339841446554525,0.11303867836248323,target,minute interval; not exact exchange fill
948,2869925.0,2869994.0,-1.0,0.365,2546.25,2523.44,0.464690625,0.46052780000000004,0.0,8.32564999999998,7.400431574999979,9160.752054489507,2.0,9153.351622914506,0.10153452945841022,1750036500.0,2025-06-16 00:05:00+00:00,2025-06-16 00:05:00+00:00,2025-06-16 01:14:00+00:00,2025-06-16 01:15:00+00:00,2793.3370011675333,2522.9334413994525,2025-06-21 00:00:00+00:00,0.09436578407756104,0.08205674480727823,target,minute interval; not exact exchange fill
949,2871365.0,2872268.0,-1.0,0.335,2534.48,2514.6,0.42452540000000005,0.42119550000000006,-0.08647320941655501,6.659800000000037,5.900552309416591,9166.652606798923,2.0,9160.752054489507,0.09268352586662323,1750172940.0,2025-06-17 00:05:00+00:00,2025-06-17 00:05:00+00:00,2025-06-17 15:08:00+00:00,2025-06-17 15:09:00+00:00,2804.0734827587075,2514.0939757558663,2025-06-22 00:00:00+00:00,0.07561764489084374,0.06533388271517558,target,minute interval; not exact exchange fill
950,2872805.0,2872829.0,-1.0,0.31,2513.4900000000002,2507.31,0.38959095000000005,0.38863305,0.0,1.91580000000009,1.13757600000009,9167.790182798923,2.0,9166.652606798923,0.08500179219424978,1750206600.0,2025-06-18 00:05:00+00:00,2025-06-18 00:05:00+00:00,2025-06-18 00:29:00+00:00,2025-06-18 00:30:00+00:00,2805.0654993812295,2506.7995480684363,2025-06-23 00:00:00+00:00,0.02294586460715051,0.012585419583565079,target,minute interval; not exact exchange fill
951,2874245.0,2874250.0,-1.0,0.403,2520.2000000000003,2519.32,0.5078203000000001,0.5076429800000001,0.0,0.35464000000004403,-0.6608232799999562,9167.129359518924,2.0,9167.790182798923,0.11078357813048526,1750291860.0,2025-06-19 00:05:00+00:00,2025-06-19 00:05:00+00:00,2025-06-19 00:10:00+00:00,2025-06-19 00:11:00+00:00,2743.933678590249,2518.814486408273,2025-06-24 00:00:00+00:00,0.006192691241021844,-0.007329070930814068,target,minute interval; not exact exchange fill
952,2875685.0,2875951.0,-1.0,0.40900000000000003,2520.3,2507.82,0.5154013500000001,0.5128491900000001,0.0,5.1043200000000075,4.076069460000007,9171.205428978925,2.0,9167.129359518924,0.1124455278826888,1750393920.0,2025-06-20 00:05:00+00:00,2025-06-20 00:05:00+00:00,2025-06-20 04:31:00+00:00,2025-06-20 04:32:00+00:00,2740.5009816612705,2507.317929804949,2025-06-25 00:00:00+00:00,0.0589555509567217,0.0452583813424155,target,minute interval; not exact exchange fill
953,2877125.0,2878248.0,-1.0,0.379,2399.89,2391.94,0.454779155,0.45327263,-0.033329607159477505,3.013049999999931,2.1383278221594084,9173.343756801085,2.0,9171.205428978925,0.09917543741044144,1750531740.0,2025-06-21 00:05:00+00:00,2025-06-21 00:05:00+00:00,2025-06-21 18:48:00+00:00,2025-06-21 18:49:00+00:00,2638.356875331909,2391.4595115222137,2025-06-26 00:00:00+00:00,0.03535287014622991,0.023659579168532535,target,minute interval; not exact exchange fill
954,2878565.0,2878570.0,-1.0,0.402,2303.43,2265.69,0.46298943,0.45540369,0.0,15.171479999999914,14.253086879999913,9187.596843681085,2.0,9173.343756801085,0.10094234823735701,1750551060.0,2025-06-22 00:05:00+00:00,2025-06-22 00:05:00+00:00,2025-06-22 00:10:00+00:00,2025-06-22 00:11:00+00:00,2527.8236171736858,2265.2290996745573,2025-06-27 00:00:00+00:00,0.17024058351835425,0.15800556382384282,target,minute interval; not exact exchange fill
955,2880005.0,2880990.0,-1.0,0.40800000000000003,2221.92,2206.2200000000003,0.45327168000000007,0.4500688800000001,0.011713949524185837,6.405599999999926,5.49054549047574,9193.087389171562,2.0,9187.596843681085,0.09867034605719445,1750696260.0,2025-06-23 00:05:00+00:00,2025-06-23 00:05:00+00:00,2025-06-23 16:30:00+00:00,2025-06-23 16:31:00+00:00,2443.4933728453416,2205.7754359641854,2025-06-28 00:00:00+00:00,0.07286328600090244,0.06073482190838192,target,minute interval; not exact exchange fill
956,2881445.0,2881937.0,-1.0,0.328,2412.35,2377.8,0.3956254,0.38995920000000006,-0.009422747087308697,11.332399999999911,10.55623814708722,9203.643627318648,2.0,9193.087389171562,0.08607019236344972,1750753080.0,2025-06-24 00:05:00+00:00,2025-06-24 00:05:00+00:00,2025-06-24 08:17:00+00:00,2025-06-24 08:18:00+00:00,2688.508369520888,2377.31456151805,2025-06-29 00:00:00+00:00,0.12686719777037114,0.11654056671647137,target,minute interval; not exact exchange fill
957,2882885.0,2883165.0,-1.0,0.262,2444.04,2430.41,0.32016924,0.31838371000000004,0.0,3.5710600000000285,2.9325070500000283,9206.576134368648,2.0,9203.643627318648,0.06957445398030405,1750826760.0,2025-06-25 00:05:00+00:00,2025-06-25 00:05:00+00:00,2025-06-25 04:45:00+00:00,2025-06-25 04:46:00+00:00,2791.01209345626,2429.9154546535124,2025-06-30 00:00:00+00:00,0.04070801546542289,0.03225843003253254,target,minute interval; not exact exchange fill
958,2884325.0,2885249.0,-1.0,0.391,2416.81,2412.88,0.472486355,0.47171804000000006,-0.07841829826103162,1.536629999999936,0.6708439032609675,9207.246978271909,2.0,9206.576134368648,0.10264105745808864,1750951800.0,2025-06-26 00:05:00+00:00,2025-06-26 00:05:00+00:00,2025-06-26 15:29:00+00:00,2025-06-26 15:30:00+00:00,2648.799211810728,2412.389174729546,2025-07-01 00:00:00+00:00,0.01905616746549687,0.007395659885135507,target,minute interval; not exact exchange fill
959,2885765.0,2885812.0,-1.0,0.385,2416.18,2401.26,0.46511465,0.4622425500000001,0.0,5.744199999999853,4.816842799999852,9212.063821071908,2.0,9207.246978271909,0.10103229577692864,1750985580.0,2025-06-27 00:05:00+00:00,2025-06-27 00:05:00+00:00,2025-06-27 00:52:00+00:00,2025-06-27 00:53:00+00:00,2651.6026897281463,2400.773663133026,2025-07-02 00:00:00+00:00,0.0654411725767148,0.05314390050698586,target,minute interval; not exact exchange fill
960,2887205.0,2887297.0,-1.0,0.364,2419.39,2407.78,0.44032898,0.43821596000000007,0.0,4.22603999999988,3.3474950599998805,9215.41131613191,2.0,9212.063821071908,0.09559833465173793,1751074680.0,2025-06-28 00:05:00+00:00,2025-06-28 00:05:00+00:00,2025-06-28 01:37:00+00:00,2025-06-28 01:38:00+00:00,2668.9953455343243,2407.2976336338306,2025-07-03 00:00:00+00:00,0.0484459430958235,0.036843822316037014,target,minute interval; not exact exchange fill
961,2888645.0,2892658.0,-1.0,0.335,2432.93,2403.87,0.407515775,0.402648225,-0.26308563662379175,9.735099999999981,9.188021636623773,9224.599337768534,2.0,9215.41131613191,0.08844223247781224,1751396340.0,2025-06-29 00:05:00+00:00,2025-06-29 00:05:00+00:00,2025-07-01 18:58:00+00:00,2025-07-01 18:59:00+00:00,2704.1104877669623,2403.381269919354,2025-07-04 00:00:00+00:00,0.10896333406568076,0.10113902546759787,target,minute interval; not exact exchange fill
962,2892965.0,2893037.0,-1.0,0.367,2404.04,2391.16,0.44114134,0.43877785999999996,0.0,4.72696000000004,3.8470408000000402,9228.446378568535,2.0,9224.599337768534,0.09564455297127598,1751419080.0,2025-07-02 00:05:00+00:00,2025-07-02 00:05:00+00:00,2025-07-02 01:17:00+00:00,2025-07-02 01:18:00+00:00,2651.4731365568437,2390.6739483486954,2025-07-07 00:00:00+00:00,0.054018842574199664,0.042364576329055874,target,minute interval; not exact exchange fill
963,2894405.0,2894420.0,-1.0,0.419,2575.7000000000003,2565.17,0.53960915,0.5374031149999999,0.0,4.412070000000083,3.3350577350000834,9231.781436303534,2.0,9228.446378568535,0.11694474408024921,1751502060.0,2025-07-03 00:05:00+00:00,2025-07-03 00:05:00+00:00,2025-07-03 00:20:00+00:00,2025-07-03 00:21:00+00:00,2791.8178155927008,2564.6502256903973,2025-07-08 00:00:00+00:00,0.05112847489828226,0.03682974945018387,target,minute interval; not exact exchange fill
964,2895845.0,2895993.0,-1.0,0.397,2591.9900000000002,2577.25,0.514510015,0.5115841250000001,0.0,5.851780000000094,4.825685860000094,9236.607122163534,2.0,9231.781436303534,0.11146494716105698,1751596440.0,2025-07-04 00:05:00+00:00,2025-07-04 00:05:00+00:00,2025-07-04 02:33:00+00:00,2025-07-04 02:34:00+00:00,2820.511499807293,2576.732946815157,2025-07-09 00:00:00+00:00,0.06676419154306784,0.05319140654271304,target,minute interval; not exact exchange fill
965,2897285.0,2898277.0,-1.0,0.386,2509.55,2493.08,0.48434315000000006,0.48116444,-0.09213344934359999,6.357420000000099,5.484045859343699,9242.091168022878,2.0,9236.607122163534,0.10487468907014637,1751733480.0,2025-07-05 00:05:00+00:00,2025-07-05 00:05:00+00:00,2025-07-05 16:37:00+00:00,2025-07-05 16:38:00+00:00,2745.0282311299925,2492.5731160359924,2025-07-10 00:00:00+00:00,0.07209534351664112,0.0603341235596308,target,minute interval; not exact exchange fill
966,2898725.0,2904231.0,-1.0,0.35100000000000003,2514.3,2774.56,0.4412596500000001,0.48693528,-0.6018138587760251,-91.35125999999993,-91.6776410712239,9150.413526951652,1.0,9242.091168022878,0.09548913594939075,1752090720.0,2025-07-06 00:05:00+00:00,2025-07-06 00:05:00+00:00,2025-07-09 19:51:00+00:00,2025-07-09 19:52:00+00:00,2774.0030735052374,2484.9423888927777,2025-07-11 00:00:00+00:00,0.11304298678864301,-1.0057249499456167,stop,minute interval; not exact exchange fill
967,2904485.0,2904514.0,-1.0,0.343,2770.26,2762.66,0.4750995900000001,0.47379619000000006,0.0,2.606800000000125,1.6579042200001248,9152.071431171653,2.0,9150.413526951652,0.1038422118520962,1752107700.0,2025-07-10 00:05:00+00:00,2025-07-10 00:05:00+00:00,2025-07-10 00:34:00+00:00,2025-07-10 00:35:00+00:00,3032.815886917009,2762.0994807211378,2025-07-15 00:00:00+00:00,0.031081075251007145,0.0184095662708496,target,minute interval; not exact exchange fill
968,2905925.0,2905936.0,-1.0,0.304,2950.7000000000003,2934.04,0.4485064,0.44597408,0.0,5.064640000000094,4.170159520000094,9156.241590691652,2.0,9152.071431171653,0.09801199725614074,1752193020.0,2025-07-11 00:05:00+00:00,2025-07-11 00:05:00+00:00,2025-07-11 00:16:00+00:00,2025-07-11 00:17:00+00:00,3246.636980400981,2933.4481881115703,2025-07-16 00:00:00+00:00,0.05829555963250888,0.04635321338148941,target,minute interval; not exact exchange fill
969,2907365.0,2907395.0,-1.0,0.281,2957.4,2940.3,0.41551470000000007,0.41311215000000007,0.0,4.805099999999975,3.9764731499999746,9160.218063841652,2.0,9156.241590691652,0.09076097345933236,1752280560.0,2025-07-12 00:05:00+00:00,2025-07-12 00:05:00+00:00,2025-07-12 00:35:00+00:00,2025-07-12 00:36:00+00:00,3278.9499084285085,2939.71116170138,2025-07-17 00:00:00+00:00,0.055011175046105545,0.044009186844928605,target,minute interval; not exact exchange fill
970,2908805.0,2910099.0,-1.0,0.226,2937.64,2930.7400000000002,0.33195332000000005,0.33117362000000006,-0.07820353029957061,1.5593999999999177,0.9744765902994883,9161.192540431954,2.0,9160.218063841652,0.07247716543131813,1752442800.0,2025-07-13 00:05:00+00:00,2025-07-13 00:05:00+00:00,2025-07-13 21:39:00+00:00,2025-07-13 21:40:00+00:00,3337.124844835575,2930.1449195630425,2025-07-18 00:00:00+00:00,0.018761864270576373,0.010793509129699178,target,minute interval; not exact exchange fill
971,2910245.0,2911869.0,-1.0,0.261,2969.32,2948.54,0.3874962600000001,0.38478447,-0.20626135208294838,5.423580000000053,4.857560622083001,9166.050101054036,2.0,9161.192540431954,0.08459515686190992,1752549000.0,2025-07-14 00:05:00+00:00,2025-07-14 00:05:00+00:00,2025-07-15 03:09:00+00:00,2025-07-15 03:10:00+00:00,3316.086636010028,2947.94618734329,2025-07-19 00:00:00+00:00,0.0616374542333188,0.05367109014227697,target,minute interval; not exact exchange fill
972,2913125.0,2913131.0,-1.0,0.281,3133.25,3122.15,0.440221625,0.4386620750000001,0.0,3.1190999999999747,2.2402162999999744,9168.290317354036,2.0,9166.050101054036,0.09605481535593557,1752624720.0,2025-07-16 00:05:00+00:00,2025-07-16 00:05:00+00:00,2025-07-16 00:11:00+00:00,2025-07-16 00:12:00+00:00,3454.226441265026,3121.5246442722555,2025-07-21 00:00:00+00:00,0.036530268955356215,0.024837648422356588,target,minute interval; not exact exchange fill
973,2914565.0,2914652.0,-1.0,0.28,3380.44,3365.32,0.47326160000000006,0.4711448000000001,0.0,4.23359999999997,3.2891935999999697,9171.579510954036,2.0,9168.290317354036,0.10323879013826497,1752715980.0,2025-07-17 00:05:00+00:00,2025-07-17 00:05:00+00:00,2025-07-17 01:32:00+00:00,2025-07-17 01:33:00+00:00,3702.855466726305,3364.6458001225915,2025-07-22 00:00:00+00:00,0.04898710362060916,0.03643472851745009,target,minute interval; not exact exchange fill
974,2916005.0,2916012.0,-1.0,0.308,3482.1800000000003,3459.94,0.53625572,0.5328307600000001,0.0,6.849920000000073,5.780833520000073,9177.360344474035,2.0,9171.579510954036,0.11693857516244074,1752797580.0,2025-07-18 00:05:00+00:00,2025-07-18 00:05:00+00:00,2025-07-18 00:12:00+00:00,2025-07-18 00:13:00+00:00,3774.6162786850746,3459.240307273195,2025-07-23 00:00:00+00:00,0.07844338886390076,0.06418129817679898,target,minute interval; not exact exchange fill
975,2917445.0,2917496.0,-1.0,0.233,3547.16,3528.01,0.41324414000000004,0.41101316500000007,0.0,4.4619499999999155,3.6376926949999158,9180.998037169034,2.0,9177.360344474035,0.09005729850170409,1752886620.0,2025-07-19 00:05:00+00:00,2025-07-19 00:05:00+00:00,2025-07-19 00:56:00+00:00,2025-07-19 00:57:00+00:00,3935.115714644248,3527.2955952079656,2025-07-24 00:00:00+00:00,0.05120276372330223,0.04024277620015492,target,minute interval; not exact exchange fill
976,2918885.0,2918889.0,-1.0,0.158,3585.58,3580.87,0.28326082,0.28288873000000003,0.0,0.7441800000000057,0.17803045000000567,9181.176067619033,2.0,9180.998037169034,0.06170588836926571,1752970200.0,2025-07-20 00:05:00+00:00,2025-07-20 00:05:00+00:00,2025-07-20 00:09:00+00:00,2025-07-20 00:10:00+00:00,4159.046602780947,3580.145040563226,2025-07-25 00:00:00+00:00,0.009477377427766488,0.001964848509984533,target,minute interval; not exact exchange fill
977,2920325.0,2920339.0,-1.0,0.149,3745.57,3725.28,0.279044965,0.27753336,0.0,3.0232099999999944,2.4666316749999946,9183.642699294032,2.0,9181.176067619033,0.060786322568011725,1753057200.0,2025-07-21 00:05:00+00:00,2025-07-21 00:05:00+00:00,2025-07-21 00:19:00+00:00,2025-07-21 00:20:00+00:00,4353.694651997291,3724.5341003269496,2025-07-26 00:00:00+00:00,0.03459142727393385,0.02722233829138326,target,minute interval; not exact exchange fill
978,2921765.0,2921820.0,-1.0,0.179,3755.41,3739.9700000000003,0.336109195,0.334727315,0.0,2.763759999999928,2.092923489999928,9185.735622784034,2.0,9183.642699294032,0.07319735882708883,1753146060.0,2025-07-22 00:05:00+00:00,2025-07-22 00:05:00+00:00,2025-07-22 01:00:00+00:00,2025-07-22 01:01:00+00:00,4261.010995671642,3739.22188645162,2025-07-27 00:00:00+00:00,0.03201756659295267,0.02312556759202478,target,minute interval; not exact exchange fill
979,2923205.0,2923259.0,-1.0,0.221,3735.46,3724.94,0.41276833,0.41160587,0.0,2.324919999999996,1.500545799999996,9187.236168584035,2.0,9185.735622784034,0.08987158937520068,1753232400.0,2025-07-23 00:05:00+00:00,2025-07-23 00:05:00+00:00,2025-07-23 00:59:00+00:00,2025-07-23 01:00:00+00:00,4144.372784544253,3724.189458891017,2025-07-28 00:00:00+00:00,0.027562212615936325,0.016604518754695936,target,minute interval; not exact exchange fill
980,2924645.0,2924645.0,-1.0,0.259,3616.2200000000003,3616.3,0.46830049,0.46831085,0.0,-0.020719999999981156,-0.9573313399999812,9186.278837244035,2.0,9187.236168584035,0.10194589132286906,1753315560.0,2025-07-24 00:05:00+00:00,2025-07-24 00:05:00+00:00,2025-07-24 00:05:00+00:00,2025-07-24 00:06:00+00:00,3964.5404794207193,3615.5760102027725,2025-07-29 00:00:00+00:00,0.0018488427619838248,-0.010611664310255493,target,minute interval; not exact exchange fill
981,2927525.0,2927633.0,-1.0,0.253,3718.4,3707.54,0.47037760000000006,0.46900381,0.0,2.747580000000032,1.8081985900000321,9188.087035834034,2.0,9186.278837244035,0.10240873553564317,1753494840.0,2025-07-26 00:05:00+00:00,2025-07-26 00:05:00+00:00,2025-07-26 01:53:00+00:00,2025-07-26 01:54:00+00:00,4075.8817478130095,3706.7948748529143,2025-07-31 00:00:00+00:00,0.03246354595187942,0.01999271303702637,target,minute interval; not exact exchange fill
982,2928965.0,2928973.0,-1.0,0.17500000000000002,3733.61,3730.57,0.32669087500000005,0.32642487500000006,0.0,0.5319999999999937,-0.1211157500000064,9187.965920084034,2.0,9188.087035834034,0.07111183725750268,1753575240.0,2025-07-27 00:05:00+00:00,2025-07-27 00:05:00+00:00,2025-07-27 00:13:00+00:00,2025-07-27 00:14:00+00:00,4252.739173449009,3729.8198559155276,2025-08-01 00:00:00+00:00,0.0073009653055933306,-0.0013331749310136127,target,minute interval; not exact exchange fill
983,2930405.0,2930506.0,-1.0,0.17200000000000001,3863.84,3844.91,0.33229024000000007,0.33066226,0.0,3.25596000000005,2.59300750000005,9190.558927584034,2.0,9187.965920084034,0.072331622230693,1753667220.0,2025-07-28 00:05:00+00:00,2025-07-28 00:05:00+00:00,2025-07-28 01:46:00+00:00,2025-07-28 01:47:00+00:00,4390.302416508448,3844.1347527768266,2025-08-02 00:00:00+00:00,0.03742954217674397,0.02863570983847881,target,minute interval; not exact exchange fill
984,2931845.0,2931880.0,-1.0,0.185,3796.2400000000002,3775.38,0.3511522,0.34922264999999997,0.0,3.8591000000000233,3.1587251500000235,9193.717652734033,2.0,9190.558927584034,0.07641585300020683,1753749660.0,2025-07-29 00:05:00+00:00,2025-07-29 00:05:00+00:00,2025-07-29 00:40:00+00:00,2025-07-29 00:41:00+00:00,4286.945575974082,3774.621187422067,2025-08-03 00:00:00+00:00,0.04405658634511823,0.03479518235778505,target,minute interval; not exact exchange fill
985,2933285.0,2933308.0,-1.0,0.225,3784.44,3770.64,0.4257495,0.424197,0.0,3.105000000000041,2.255053500000041,9195.972706234032,2.0,9193.717652734033,0.09261748426076374,1753835340.0,2025-07-30 00:05:00+00:00,2025-07-30 00:05:00+00:00,2025-07-30 00:28:00+00:00,2025-07-30 00:29:00+00:00,4186.793510755823,3769.8782103569997,2025-08-04 00:00:00+00:00,0.0361915312125547,0.024909587544477835,target,minute interval; not exact exchange fill
986,2934725.0,2935516.0,-1.0,0.307,3801.4900000000002,3799.2200000000003,0.583528715,0.5831802700000001,-0.118572820854354,0.6968899999999945,-0.35124616414565163,9195.621460069886,2.0,9195.972706234032,0.12690962307976855,1753967820.0,2025-07-31 00:05:00+00:00,2025-07-31 00:05:00+00:00,2025-07-31 13:16:00+00:00,2025-07-31 13:17:00+00:00,4095.0440071441362,3798.460000663816,2025-08-05 00:00:00+00:00,0.010321778147952104,-0.0038974917232734263,target,minute interval; not exact exchange fill
987,2936165.0,2936170.0,-1.0,0.308,3687.29,3684.06,0.56784266,0.56734524,0.0,0.9948400000000056,-0.14034789999999442,9195.481112169886,2.0,9195.621460069886,0.12350283501027988,1754007060.0,2025-08-01 00:05:00+00:00,2025-08-01 00:05:00+00:00,2025-08-01 00:10:00+00:00,2025-08-01 00:11:00+00:00,3980.24327320648,3683.32260813792,2025-08-06 00:00:00+00:00,0.013542746318058182,-0.0015554528372817057,target,minute interval; not exact exchange fill
988,2937605.0,2937987.0,-1.0,0.242,3484.38,3468.86,0.42160998,0.41973206,0.0,3.7558399999999956,2.914497959999996,9198.395610129886,2.0,9195.481112169886,0.09169938469929854,1754116080.0,2025-08-02 00:05:00+00:00,2025-08-02 00:05:00+00:00,2025-08-02 06:27:00+00:00,2025-08-02 06:28:00+00:00,3858.3078551997733,3468.1567911357633,2025-08-07 00:00:00+00:00,0.04338593297781847,0.032207763696999084,target,minute interval; not exact exchange fill
989,2939045.0,2939062.0,-1.0,0.17,3401.31,3382.4500000000003,0.28911135000000004,0.28750825,0.0,3.2061999999999444,2.629580399999944,9201.025190529885,2.0,9198.395610129886,0.06286125586544926,1754180580.0,2025-08-03 00:05:00+00:00,2025-08-03 00:05:00+00:00,2025-08-03 00:22:00+00:00,2025-08-03 00:23:00+00:00,3934.489894908144,3381.7679798885997,2025-08-08 00:00:00+00:00,0.03665183233281316,0.02901107139957802,target,minute interval; not exact exchange fill
990,2940485.0,2947380.0,-1.0,0.159,3493.4500000000003,4066.28,0.27772927500000005,0.32326926000000006,-0.42564984463524014,-91.07996999999999,-91.25531869036475,9109.769871839519,1.0,9201.025190529885,0.06036920218104645,1754679660.0,2025-08-04 00:05:00+00:00,2025-08-04 00:05:00+00:00,2025-08-08 19:00:00+00:00,2025-08-08 19:01:00+00:00,4065.4660245919526,3465.3540593902994,2025-08-09 00:00:00+00:00,0.04911740126466402,-1.0033509504587645,stop,minute interval; not exact exchange fill
991,2947685.0,2952955.0,-1.0,0.191,4008.7000000000003,4479.8,0.38283085000000006,0.42782090000000006,-0.7440642728168032,-89.98009999999998,-90.04668747718318,9019.723184362334,1.0,9109.769871839519,0.08404841294255345,1755014160.0,2025-08-09 00:05:00+00:00,2025-08-09 00:05:00+00:00,2025-08-12 15:55:00+00:00,2025-08-12 15:56:00+00:00,4478.894364212668,3986.09273072688,2025-08-14 00:00:00+00:00,0.04808068959094379,-1.002667537975329,stop,minute interval; not exact exchange fill
992,2953445.0,2955634.0,-1.0,0.097,4598.39,4553.49,0.22302191500000004,0.220844265,-0.182212321128091,4.355300000000053,4.0936461411281435,9023.816830503461,2.0,9019.723184362334,0.049452053115478616,1755174900.0,2025-08-13 00:05:00+00:00,2025-08-13 00:05:00+00:00,2025-08-14 12:34:00+00:00,2025-08-14 12:35:00+00:00,5514.184667850316,4552.578691145979,2025-08-18 00:00:00+00:00,0.050023559278365444,0.04608296927134045,target,minute interval; not exact exchange fill
993,2956325.0,2957160.0,-1.0,0.128,4550.27,4521.16,0.29121728,0.28935424,-0.05799036633438586,3.7260800000000747,3.2034988463344605,9027.020329349796,2.0,9023.816830503461,0.06454414699899272,1755266460.0,2025-08-15 00:05:00+00:00,2025-08-15 00:05:00+00:00,2025-08-15 14:00:00+00:00,2025-08-15 14:01:00+00:00,5243.920723664342,4520.246739724718,2025-08-20 00:00:00+00:00,0.04328296540466154,0.036080600629631455,target,minute interval; not exact exchange fill
994,2957765.0,2957933.0,-1.0,0.125,4443.6,4433.56,0.27772500000000006,0.27709750000000005,0.0,1.2549999999999955,0.7001774999999955,9027.720506849797,2.0,9027.020329349796,0.06153193188166979,1755312840.0,2025-08-16 00:05:00+00:00,2025-08-16 00:05:00+00:00,2025-08-16 02:53:00+00:00,2025-08-16 02:54:00+00:00,5157.311039454638,4432.665025077881,2025-08-21 00:00:00+00:00,0.01532129155585828,0.0078483023105263,target,minute interval; not exact exchange fill
995,2959205.0,2959267.0,-1.0,0.093,4422.64,4403.35,0.20565276000000002,0.20475577500000003,0.0,1.7939699999999965,1.3835614649999965,9029.104068314797,2.0,9027.720506849797,0.04556028508945545,1755392880.0,2025-08-17 00:05:00+00:00,2025-08-17 00:05:00+00:00,2025-08-17 01:07:00+00:00,2025-08-17 01:08:00+00:00,5380.943995339718,4402.466599089083,2025-08-22 00:00:00+00:00,0.021051149748954445,0.015524306558615655,target,minute interval; not exact exchange fill
996,2960645.0,2960659.0,-1.0,0.094,4470.3,4452.05,0.21010410000000002,0.20924635,0.0,1.7155,1.29614955,9030.400217864797,2.0,9029.104068314797,0.04653930188650802,1755476400.0,2025-08-18 00:05:00+00:00,2025-08-18 00:05:00+00:00,2025-08-18 00:19:00+00:00,2025-08-18 00:20:00+00:00,5423.640991776241,4451.154807656989,2025-08-23 00:00:00+00:00,0.02008220826353065,0.01446368625596284,target,minute interval; not exact exchange fill
997,2962085.0,2962110.0,-1.0,0.096,4314.6,4282.32,0.20710080000000003,0.20555136,0.0,3.098880000000063,2.686227840000063,9033.086445704797,2.0,9030.400217864797,0.0458674687729329,1755563460.0,2025-08-19 00:05:00+00:00,2025-08-19 00:05:00+00:00,2025-08-19 00:30:00+00:00,2025-08-19 00:31:00+00:00,5243.795853316581,4281.455652964622,2025-08-24 00:00:00+00:00,0.035669925685824604,0.030113715962168885,target,minute interval; not exact exchange fill
998,2963525.0,2970720.0,-1.0,0.094,4092.77,4779.29,0.19236019,0.22462663000000002,-0.46695372477719793,-64.53287999999999,-64.4829130952228,8968.603532609573,4.0,9033.086445704797,0.04259013597538782,1756080000.0,2025-08-20 00:05:00+00:00,2025-08-20 00:05:00+00:00,2025-08-25 00:00:00+00:00,2025-08-25 00:00:00+00:00,5040.754413779521,4036.1450216923017,2025-08-25 00:00:00+00:00,0.05973197183900946,-0.7236283922097964,timeout,minute interval; not exact exchange fill
999,2972165.0,2972205.0,-1.0,0.069,4368.79,4334.85,0.15072325500000003,0.14955232500000004,0.0,2.3418599999999725,2.0415844199999724,8970.645117029575,2.0,8968.603532609573,0.03361130959841736,1756169160.0,2025-08-26 00:05:00+00:00,2025-08-26 00:05:00+00:00,2025-08-26 00:45:00+00:00,2025-08-26 00:46:00+00:00,5655.492112934585,4333.978786464133,2025-08-31 00:00:00+00:00,0.027054601982795325,0.02299536132144662,target,minute interval; not exact exchange fill
1000,2973605.0,2973618.0,-1.0,0.062,4583.1900000000005,4583.11,0.14207889,0.14207641,0.0,0.004960000000051878,-0.27919529999994813,8970.365921729575,2.0,8970.645117029575,0.0316764041262277,1756253940.0,2025-08-27 00:05:00+00:00,2025-08-27 00:05:00+00:00,2025-08-27 00:18:00+00:00,2025-08-27 00:19:00+00:00,6019.303344816952,4582.186163149905,2025-09-01 00:00:00+00:00,0.0006989955588940077,-0.0031356508288509365,target,minute interval; not exact exchange fill
1001,2975045.0,2975063.0,-1.0,0.099,4510.24,4478.93,0.22325688,0.22170703500000002,0.0,3.0996899999999497,2.6547260849999494,8973.020647814576,2.0,8970.365921729575,0.049776537980282046,1756340640.0,2025-08-28 00:05:00+00:00,2025-08-28 00:05:00+00:00,2025-08-28 00:23:00+00:00,2025-08-28 00:24:00+00:00,5406.489416374829,4478.03249437167,2025-09-02 00:00:00+00:00,0.035935873474377114,0.02991958991556516,target,minute interval; not exact exchange fill
1002,2976485.0,2976501.0,-1.0,0.084,4501.2,4489.22,0.1890504,0.18854724000000003,0.0,1.0063199999999635,0.6287223599999635,8973.649370174575,2.0,8973.020647814576,0.04213751587566984,1756426920.0,2025-08-29 00:05:00+00:00,2025-08-29 00:05:00+00:00,2025-08-29 00:21:00+00:00,2025-08-29 00:22:00+00:00,5553.544022900816,4488.313347668687,2025-09-03 00:00:00+00:00,0.01224566496400128,0.007112493478480095,target,minute interval; not exact exchange fill
1003,2979365.0,2981752.0,-1.0,0.069,4371.45,4349.95,0.15081502500000002,0.150073275,-0.003042287814622028,1.4835,1.1856539878146222,8974.835024162388,2.0,8973.649370174575,0.03361286334660211,1756741980.0,2025-08-31 00:05:00+00:00,2025-08-31 00:05:00+00:00,2025-09-01 15:52:00+00:00,2025-09-01 15:53:00+00:00,5652.592703379964,4349.077801461647,2025-09-05 00:00:00+00:00,0.017462690517870805,0.0134125504383034,target,minute interval; not exact exchange fill
1004,2982245.0,2983010.0,-1.0,0.078,4312.72,4277.82,0.16819608000000003,0.16683498,-0.018818917689,2.7222000000000426,2.4059878576890426,8977.241012020078,2.0,8974.835024162388,0.037481709590689125,1756817460.0,2025-09-02 00:05:00+00:00,2025-09-02 00:05:00+00:00,2025-09-02 12:50:00+00:00,2025-09-02 12:51:00+00:00,5444.927406920857,4276.962350991755,2025-09-07 00:00:00+00:00,0.03158224260826191,0.027244123282490363,target,minute interval; not exact exchange fill
1005,2983685.0,2983693.0,-1.0,0.076,4317.75,4311.96,0.1640745,0.16385448,0.0,0.4400399999999972,0.1121110199999972,8977.353123040079,2.0,8977.241012020078,0.036553435466489634,1756858440.0,2025-09-03 00:05:00+00:00,2025-09-03 00:05:00+00:00,2025-09-03 00:13:00+00:00,2025-09-03 00:14:00+00:00,5480.635171909793,4311.096065893006,2025-09-08 00:00:00+00:00,0.005721918438487028,0.0012685216353540303,target,minute interval; not exact exchange fill
1006,2985125.0,2985284.0,-1.0,0.114,4448.67,4425.64,0.25357419000000003,0.25226148000000004,0.0,2.625419999999971,2.119584329999971,8979.47270737008,2.0,8977.353123040079,0.056491971859547394,1756953900.0,2025-09-04 00:05:00+00:00,2025-09-04 00:05:00+00:00,2025-09-04 02:44:00+00:00,2025-09-04 02:45:00+00:00,5229.151473668936,4424.745143521008,2025-09-09 00:00:00+00:00,0.030653971024481648,0.023822275899256572,target,minute interval; not exact exchange fill
1007,2986565.0,2987436.0,-1.0,0.101,4301.34,4278.79,0.21721767000000003,0.21607889500000002,0.015412066946985947,2.2775500000000184,1.8288413680530322,8981.301548738133,2.0,8979.47270737008,0.04838094108169945,1757083020.0,2025-09-05 00:05:00+00:00,2025-09-05 00:05:00+00:00,2025-09-05 14:36:00+00:00,2025-09-05 14:37:00+00:00,5177.21487573737,4277.9337688349215,2025-09-10 00:00:00+00:00,0.026723259010453703,0.020673432677822654,target,minute interval; not exact exchange fill
1008,2988005.0,2988323.0,-1.0,0.106,4301.93,4301.43,0.22800229000000002,0.22797579,0.0,0.053,-0.40297808,8980.898570658133,2.0,8981.301548738133,0.05077266112549894,1757136240.0,2025-09-06 00:05:00+00:00,2025-09-06 00:05:00+00:00,2025-09-06 05:23:00+00:00,2025-09-06 05:24:00+00:00,5141.84375119331,4300.563625670453,2025-09-11 00:00:00+00:00,0.0016268031421156257,-0.00452627426875528,target,minute interval; not exact exchange fill
1009,2989445.0,2996640.0,-1.0,0.079,4274.32,4457.77,0.16883563999999998,0.176081915,-0.3338969540613563,-14.492550000000058,-14.503570600938701,8966.395000057195,4.0,8980.898570658133,0.037598830155283106,1757635200.0,2025-09-07 00:05:00+00:00,2025-09-07 00:05:00+00:00,2025-09-12 00:00:00+00:00,2025-09-12 00:00:00+00:00,5398.154572489663,4251.280707536645,2025-09-12 00:00:00+00:00,0.02050060838786501,-0.163359898130731,timeout,minute interval; not exact exchange fill
1010,2999525.0,2999571.0,-1.0,0.113,4666.76,4660.61,0.26367194,0.263324465,0.0,0.6949500000000617,0.16795359500006168,8966.562953652196,2.0,8966.395000057195,0.0588133670217112,1757811120.0,2025-09-14 00:05:00+00:00,2025-09-14 00:05:00+00:00,2025-09-14 00:51:00+00:00,2025-09-14 00:52:00+00:00,5447.967095357577,4659.670978104299,2025-09-19 00:00:00+00:00,0.009074446376419904,0.0019025876862014735,target,minute interval; not exact exchange fill
1011,3000965.0,3000975.0,-1.0,0.155,4602.37,4590.74,0.356683675,0.35578235,0.0,1.802650000000017,1.0901839750000168,8967.653137627196,2.0,8966.562953652196,0.07955861724134065,1757895360.0,2025-09-15 00:05:00+00:00,2025-09-15 00:05:00+00:00,2025-09-15 00:15:00+00:00,2025-09-15 00:16:00+00:00,5173.9361733622045,4589.817489325119,2025-09-20 00:00:00+00:00,0.02196160525218203,0.012305565528180717,target,minute interval; not exact exchange fill
1012,3002405.0,3002424.0,-1.0,0.179,4519.04,4511.1900000000005,0.40445408,0.403751505,0.0,1.4051499999999022,0.5969444149999021,8968.250082042196,2.0,8967.653137627196,0.09020288224640607,1757982300.0,2025-09-16 00:05:00+00:00,2025-09-16 00:05:00+00:00,2025-09-16 00:24:00+00:00,2025-09-16 00:25:00+00:00,5012.15397502627,4510.279694824888,2025-09-21 00:00:00+00:00,0.017765274599336564,0.006762909122220256,target,minute interval; not exact exchange fill
1013,3003845.0,3003852.0,-1.0,0.179,4499.2300000000005,4494.150000000001,0.40268108500000005,0.402226425,0.0,0.9093199999999869,0.10441248999998681,8968.354494532196,2.0,8968.250082042196,0.08980148441808482,1758067980.0,2025-09-17 00:05:00+00:00,2025-09-17 00:05:00+00:00,2025-09-17 00:12:00+00:00,2025-09-17 00:13:00+00:00,4992.5082641980325,4493.2417972086905,2025-09-22 00:00:00+00:00,0.012139604004335225,0.0011825171355325523,target,minute interval; not exact exchange fill
1014,3005285.0,3005341.0,-1.0,0.253,4589.68,4580.59,0.58059452,0.5794446350000001,0.0,2.299770000000037,1.1397308450000367,8969.494225377195,2.0,8968.354494532196,0.12947626464898893,1758157320.0,2025-09-18 00:05:00+00:00,2025-09-18 00:05:00+00:00,2025-09-18 01:01:00+00:00,2025-09-18 01:02:00+00:00,4936.898434719206,4579.667108414312,2025-09-23 00:00:00+00:00,0.028837442325854334,0.012974152722171015,target,minute interval; not exact exchange fill
1015,3006725.0,3006928.0,-1.0,0.243,4591.27,4578.38,0.5578393050000001,0.5562731700000001,0.0,3.1322700000000796,2.0181575250000794,8971.512382902196,2.0,8969.494225377195,0.12438589980284896,1758252540.0,2025-09-19 00:05:00+00:00,2025-09-19 00:05:00+00:00,2025-09-19 03:28:00+00:00,2025-09-19 03:29:00+00:00,4953.805810211219,4577.455930036584,2025-09-24 00:00:00+00:00,0.038104015036110675,0.02290856452266498,target,minute interval; not exact exchange fill
1016,3008165.0,3008169.0,-1.0,0.251,4467.0,4465.06,0.5606085000000001,0.56036503,0.0,0.48693999999989956,-0.6340335300001005,8970.878349372197,2.0,8971.512382902196,0.12497524967326606,1758327000.0,2025-09-20 00:05:00+00:00,2025-09-20 00:05:00+00:00,2025-09-20 00:09:00+00:00,2025-09-20 00:10:00+00:00,4817.323256452834,4464.1598562338395,2025-09-25 00:00:00+00:00,0.008107208738917652,-0.007210568963012856,target,minute interval; not exact exchange fill
1017,3009605.0,3009622.0,-1.0,0.183,4478.51,4475.96,0.409783665,0.40955034,0.0,0.46665000000003326,-0.35268400499996677,8970.525665367197,2.0,8970.878349372197,0.09135864940776454,1758414180.0,2025-09-21 00:05:00+00:00,2025-09-21 00:05:00+00:00,2025-09-21 00:22:00+00:00,2025-09-21 00:23:00+00:00,4960.388260235744,4475.063597108053,2025-09-26 00:00:00+00:00,0.007152019869627141,-0.003999423005837569,target,minute interval; not exact exchange fill
1018,3011045.0,3011061.0,-1.0,0.191,4448.78,4433.86,0.42485849,0.42343363,0.0,2.849720000000014,2.001427880000014,8972.527093247198,2.0,8970.525665367197,0.09472320928532986,1758500520.0,2025-09-22 00:05:00+00:00,2025-09-22 00:05:00+00:00,2025-09-22 00:21:00+00:00,2025-09-22 00:22:00+00:00,4910.051958392024,4432.972399362375,2025-09-27 00:00:00+00:00,0.03426958944725291,0.022716923952039773,target,minute interval; not exact exchange fill
1019,3012485.0,3012543.0,-1.0,0.171,4201.15,4185.82,0.35919832500000004,0.35788761,0.0,2.6214299999999877,1.9043440649999877,8974.431437312196,2.0,8972.527093247198,0.08006625586460159,1758589440.0,2025-09-23 00:05:00+00:00,2025-09-23 00:05:00+00:00,2025-09-23 01:03:00+00:00,2025-09-23 01:04:00+00:00,4718.519214814007,4184.975118439354,2025-09-28 00:00:00+00:00,0.03126371090027074,0.0215252757240368,target,minute interval; not exact exchange fill
1020,3013925.0,3014109.0,-1.0,0.17300000000000001,4162.96,4156.72,0.36009604,0.35955628000000006,0.0,1.0795199999999623,0.3598676799999623,8974.791304992195,2.0,8974.431437312196,0.08024932665992872,1758683400.0,2025-09-24 00:05:00+00:00,2025-09-24 00:05:00+00:00,2025-09-24 03:09:00+00:00,2025-09-24 03:10:00+00:00,4673.941986022451,4155.888551552922,2025-09-29 00:00:00+00:00,0.013838938828594027,0.004070906718634084,target,minute interval; not exact exchange fill
1021,3015365.0,3015379.0,-1.0,0.273,4154.29,4143.29,0.5670605850000001,0.565559085,0.0,3.003,1.8703803300000001,8976.661685322197,2.0,8974.791304992195,0.12636741417810454,1758759600.0,2025-09-25 00:05:00+00:00,2025-09-25 00:05:00+00:00,2025-09-25 00:19:00+00:00,2025-09-25 00:20:00+00:00,4476.1177593248285,4142.456071566663,2025-09-30 00:00:00+00:00,0.03677099967437141,0.021288437064513468,target,minute interval; not exact exchange fill
1022,3016805.0,3024000.0,-1.0,0.211,3884.92,4143.58,0.40985906,0.43714769,-0.367761545414932,-54.57725999999997,-55.056505204585044,8921.605180117607,4.0,8976.661685322197,0.09131658836383763,1759276800.0,2025-09-26 00:05:00+00:00,2025-09-26 00:05:00+00:00,2025-10-01 00:00:00+00:00,2025-10-01 00:00:00+00:00,4302.946138800425,3864.0701624600006,2025-10-01 00:00:00+00:00,0.04987687516343014,-0.6241985370482002,timeout,minute interval; not exact exchange fill
1023,3025445.0,3025486.0,-1.0,0.182,4360.03,4334.65,0.39676273,0.3944531499999999,0.0,4.6191600000000195,3.8279441200000197,8925.433124237607,2.0,8921.605180117607,0.08894424758544846,1759366020.0,2025-10-02 00:05:00+00:00,2025-10-02 00:05:00+00:00,2025-10-02 00:46:00+00:00,2025-10-02 00:47:00+00:00,4842.206631920757,4333.779311663264,2025-10-07 00:00:00+00:00,0.05444205836389451,0.04362023915637765,target,minute interval; not exact exchange fill
1024,3029765.0,3029773.0,-1.0,0.126,4486.09,4481.13,0.28262367,0.28231119,0.0,0.6249600000000046,0.06002514000000464,8925.493149377606,2.0,8925.433124237607,0.06332996193372771,1759623240.0,2025-10-05 00:05:00+00:00,2025-10-05 00:05:00+00:00,2025-10-05 00:13:00+00:00,2025-10-05 00:14:00+00:00,5186.32881086145,4480.226464574398,2025-10-10 00:00:00+00:00,0.0083736224480169,0.0006803250442716409,target,minute interval; not exact exchange fill
1025,3031205.0,3031252.0,-1.0,0.126,4509.08,4497.82,0.28407204,0.28336266,0.0,1.4187600000000276,0.8513253000000275,8926.344474677606,2.0,8925.493149377606,0.06365408280433422,1759711980.0,2025-10-06 00:05:00+00:00,2025-10-06 00:05:00+00:00,2025-10-06 00:52:00+00:00,2025-10-06 00:53:00+00:00,5208.543810119517,4496.911262151187,2025-10-11 00:00:00+00:00,0.01739723724481745,0.00965961340994287,target,minute interval; not exact exchange fill
1026,3032645.0,3032721.0,-1.0,0.11900000000000001,4683.6,4666.8,0.27867420000000004,0.27767460000000005,0.0,1.9992000000000218,1.4428512000000218,8927.787325877605,2.0,8926.344474677606,0.06243859416148399,1759800120.0,2025-10-07 00:05:00+00:00,2025-10-07 00:05:00+00:00,2025-10-07 01:21:00+00:00,2025-10-07 01:22:00+00:00,5420.964504441269,4665.859976642249,2025-10-12 00:00:00+00:00,0.02405868908918159,0.016443427812120735,target,minute interval; not exact exchange fill
1027,3034085.0,3034327.0,-1.0,0.115,4456.61,4429.11,0.256255075,0.254673825,0.0,3.1625,2.6515711,8930.438896977605,2.0,8927.787325877605,0.057406178181962905,1759896480.0,2025-10-08 00:05:00+00:00,2025-10-08 00:05:00+00:00,2025-10-08 04:07:00+00:00,2025-10-08 04:08:00+00:00,5224.660798168793,4428.220804743996,2025-10-13 00:00:00+00:00,0.036962653152225945,0.030020332060032264,target,minute interval; not exact exchange fill
1028,3035525.0,3035553.0,-1.0,0.162,4517.8,4511.55,0.3659418,0.36543555000000005,0.0,1.0125,0.2811226499999999,8930.720019627604,2.0,8930.438896977605,0.08195382202857879,1759970040.0,2025-10-09 00:05:00+00:00,2025-10-09 00:05:00+00:00,2025-10-09 00:33:00+00:00,2025-10-09 00:34:00+00:00,5060.5164917784505,4510.641859723156,2025-10-14 00:00:00+00:00,0.013189465190909291,0.0031974797639066407,target,minute interval; not exact exchange fill
1029,3036965.0,3037133.0,-1.0,0.145,4366.9800000000005,4353.61,0.31660605,0.31563672499999995,0.0,1.938650000000116,1.306407225000116,8932.026426852604,2.0,8930.720019627604,0.07090269302008685,1760064840.0,2025-10-10 00:05:00+00:00,2025-10-10 00:05:00+00:00,2025-10-10 02:53:00+00:00,2025-10-10 02:54:00+00:00,4973.254486282058,4352.737283706467,2025-10-15 00:00:00+00:00,0.023492191434405108,0.014860768849522742,target,minute interval; not exact exchange fill
1030,3038405.0,3038477.0,-1.0,0.137,3854.55,3790.1,0.26403667500000005,0.25962185,0.0,8.829650000000038,8.305991475000038,8940.332418327604,2.0,8932.026426852604,0.05912133761857648,1760145480.0,2025-10-11 00:05:00+00:00,2025-10-11 00:05:00+00:00,2025-10-11 01:17:00+00:00,2025-10-11 01:18:00+00:00,4497.095200618443,3789.337792341129,2025-10-16 00:00:00+00:00,0.10149045949779892,0.09435550205907188,target,minute interval; not exact exchange fill
1031,3039845.0,3039849.0,-1.0,0.094,3734.51,3729.76,0.17552197000000003,0.17529872000000002,0.0,0.4465,0.09567930999999996,8940.428097637603,2.0,8940.332418327604,0.03926519994719246,1760227800.0,2025-10-12 00:05:00+00:00,2025-10-12 00:05:00+00:00,2025-10-12 00:09:00+00:00,2025-10-12 00:10:00+00:00,4671.898269152776,3729.0057080144165,2025-10-17 00:00:00+00:00,0.005871944600457321,0.001085852078050816,target,minute interval; not exact exchange fill
1032,3041285.0,3041318.0,-1.0,0.076,4141.7300000000005,4126.65,0.15738574000000002,0.15681269999999997,0.0,1.1460800000000635,0.8318815600000635,8941.259979197603,2.0,8940.428097637603,0.035207651866600714,1760315940.0,2025-10-13 00:05:00+00:00,2025-10-13 00:05:00+00:00,2025-10-13 00:38:00+00:00,2025-10-13 00:39:00+00:00,5300.353773081142,4125.822971490314,2025-10-18 00:00:00+00:00,0.013729244021452347,0.009447251346217864,target,minute interval; not exact exchange fill
1033,3042725.0,3042785.0,-1.0,0.077,4241.83,4215.86,0.163310455,0.16231061,0.0,1.9996900000000195,1.6740689350000195,8942.934048132602,2.0,8941.259979197603,0.036529629018718146,1760403960.0,2025-10-14 00:05:00+00:00,2025-10-14 00:05:00+00:00,2025-10-14 01:05:00+00:00,2025-10-14 01:06:00+00:00,5396.39964558457,4215.015248576232,2025-10-19 00:00:00+00:00,0.023224888620895154,0.01883052709998494,target,minute interval; not exact exchange fill
1034,3044165.0,3044184.0,-1.0,0.075,4127.63,4098.57,0.154786125,0.153696375,0.0,2.1795000000000297,1.87101750000003,8944.805065632601,2.0,8942.934048132602,0.03461640758321846,1760487900.0,2025-10-15 00:05:00+00:00,2025-10-15 00:05:00+00:00,2025-10-15 00:24:00+00:00,2025-10-15 00:25:00+00:00,5301.674871300047,4097.744669921146,2025-10-20 00:00:00+00:00,0.02545501522932548,0.02124867678385761,target,minute interval; not exact exchange fill
1035,3045605.0,3046173.0,-1.0,0.124,3989.7200000000003,3967.61,0.24736264000000002,0.24599182000000003,-0.0037975303799999997,2.741640000000016,2.252083070380016,8947.057148702981,2.0,8944.805065632601,0.055308670940277416,1760607240.0,2025-10-16 00:05:00+00:00,2025-10-16 00:05:00+00:00,2025-10-16 09:33:00+00:00,2025-10-16 09:34:00+00:00,4704.429368360704,3966.811468653149,2025-10-21 00:00:00+00:00,0.032052932787764575,0.025411672281080336,target,minute interval; not exact exchange fill
1036,3047045.0,3047423.0,-1.0,0.11,3894.79,3875.96,0.21421345,0.2131778,0.0,2.071299999999992,1.643908749999992,8948.70105745298,2.0,8947.057148702981,0.047884672343029275,1760682240.0,2025-10-17 00:05:00+00:00,2025-10-17 00:05:00+00:00,2025-10-17 06:23:00+00:00,2025-10-17 06:24:00+00:00,4697.562447296686,3875.1761453962663,2025-10-22 00:00:00+00:00,0.024432645477286612,0.01861626548136467,target,minute interval; not exact exchange fill
1037,3048485.0,3054902.0,-1.0,0.12,3828.44,3797.8,0.2297064,0.227868,-0.21151759611752907,3.6767999999999845,3.430743196117514,8952.131800649095,2.0,8948.70105745298,0.051338490027820885,1761130980.0,2025-10-18 00:05:00+00:00,2025-10-18 00:05:00+00:00,2025-10-22 11:02:00+00:00,2025-10-22 11:03:00+00:00,4562.631776079085,3797.0348030649156,2025-10-23 00:00:00+00:00,0.04277519574354578,0.038940134670254097,target,minute interval; not exact exchange fill
1038,3055685.0,3062880.0,-1.0,0.137,3801.83,4119.29,0.260425355,0.28217136500000006,-0.47410103188129393,-43.49202000000001,-43.56051568811872,8908.571284960977,4.0,8952.131800649095,0.058181751743448924,1761609600.0,2025-10-23 00:05:00+00:00,2025-10-23 00:05:00+00:00,2025-10-28 00:00:00+00:00,2025-10-28 00:00:00+00:00,4447.695636687174,3788.6649109740624,2025-10-28 00:00:00+00:00,0.020383634425056186,-0.4923004886237949,timeout,minute interval; not exact exchange fill
1039,3064325.0,3065253.0,-1.0,0.08600000000000001,3976.09,3956.17,0.17097187000000003,0.17011531000000002,0.0034873108704000003,1.7131200000000064,1.3685455091296064,8909.939830470106,2.0,8908.571284960977,0.038383678938198884,1761752040.0,2025-10-29 00:05:00+00:00,2025-10-29 00:05:00+00:00,2025-10-29 15:33:00+00:00,2025-10-29 15:34:00+00:00,4998.512711251042,3955.370456420258,2025-11-03 00:00:00+00:00,0.020265144105014603,0.015564325497160027,target,minute interval; not exact exchange fill
1040,3065765.0,3065766.0,-1.0,0.133,3898.36,3892.04,0.25924094000000003,0.25882066000000004,0.0,0.8405600000000218,0.3224984000000217,8910.262328870105,2.0,8909.939830470106,0.05819140082482958,1761782820.0,2025-10-30 00:05:00+00:00,2025-10-30 00:05:00+00:00,2025-10-30 00:06:00+00:00,2025-10-30 00:07:00+00:00,4558.518876824288,3891.2567891164394,2025-11-04 00:00:00+00:00,0.010759850594952032,0.0036730552070506567,target,minute interval; not exact exchange fill
1041,3067205.0,3071672.0,-1.0,0.159,3795.4300000000003,3794.86,0.301736685,0.30169137,-0.3599849067186598,0.09063000000002604,-0.1528131482813142,8910.109515721824,2.0,8910.262328870105,0.06772790157307584,1762137180.0,2025-10-31 00:05:00+00:00,2025-10-31 00:05:00+00:00,2025-11-03 02:32:00+00:00,2025-11-03 02:33:00+00:00,4348.808736071978,3794.1007036744427,2025-11-05 00:00:00+00:00,0.002402145653433104,-0.0017367652933746598,target,minute interval; not exact exchange fill
1042,3072965.0,3072981.0,-1.0,0.163,3595.1800000000003,3590.85,0.29300717000000004,0.29265427499999996,0.0,0.7057900000000623,0.12012855500006231,8910.229644276826,2.0,8910.109515721824,0.06576960013409285,1762215720.0,2025-11-04 00:05:00+00:00,2025-11-04 00:05:00+00:00,2025-11-04 00:21:00+00:00,2025-11-04 00:22:00+00:00,4135.852250409055,3590.1235164793216,2025-11-09 00:00:00+00:00,0.009352215721915023,0.0013630901150240345,target,minute interval; not exact exchange fill
1043,3074405.0,3074406.0,-1.0,0.14300000000000002,3280.27,3272.28,0.23453930500000003,0.23396802000000005,0.0,1.142569999999969,0.674062674999969,8910.903706951825,2.0,8910.229644276826,0.052644951783178365,1762301220.0,2025-11-05 00:05:00+00:00,2025-11-05 00:05:00+00:00,2025-11-05 00:06:00+00:00,2025-11-05 00:07:00+00:00,3894.7242351799987,3271.6194999057184,2025-11-10 00:00:00+00:00,0.01407834725355504,0.007671401269809688,target,minute interval; not exact exchange fill
1044,3077285.0,3077298.0,-1.0,0.176,3319.91,3306.31,0.29215208,0.29095528,0.0,2.3935999999999837,1.8104926399999837,8912.714199591826,2.0,8910.903706951825,0.06557181843903846,1762474740.0,2025-11-07 00:05:00+00:00,2025-11-07 00:05:00+00:00,2025-11-07 00:18:00+00:00,2025-11-07 00:19:00+00:00,3821.478093825476,3305.645110815465,2025-11-12 00:00:00+00:00,0.02844058336274127,0.02050945848955714,target,minute interval; not exact exchange fill
1045,3078725.0,3078759.0,-1.0,0.17300000000000001,3425.44,3412.07,0.29630056000000005,0.295144055,0.0,2.313009999999981,1.721565384999981,8914.435764976826,2.0,8912.714199591826,0.0664894112757637,1762562400.0,2025-11-08 00:05:00+00:00,2025-11-08 00:05:00+00:00,2025-11-08 00:39:00+00:00,2025-11-08 00:40:00+00:00,3934.5850943249047,3411.38169281042,2025-11-13 00:00:00+00:00,0.027611593131856297,0.019545008114424892,target,minute interval; not exact exchange fill
1046,3080165.0,3080173.0,-1.0,0.131,3397.51,3388.9,0.22253690500000003,0.22197295000000003,0.0,1.1279100000000166,0.6834001450000166,8915.119165121827,2.0,8914.435764976826,0.04992731135588109,1762647240.0,2025-11-09 00:05:00+00:00,2025-11-09 00:05:00+00:00,2025-11-09 00:13:00+00:00,2025-11-09 00:14:00+00:00,4072.7377032246477,3388.219275408125,2025-11-14 00:00:00+00:00,0.0137593948641411,0.007725978918054707,target,minute interval; not exact exchange fill
1047,3083045.0,3083374.0,-1.0,0.121,3569.28,3551.04,0.21594144,0.21483792,0.0,2.2070400000000285,1.7762606400000287,8916.895425761828,2.0,8915.119165121827,0.04844387068763295,1762839300.0,2025-11-11 00:05:00+00:00,2025-11-11 00:05:00+00:00,2025-11-11 05:34:00+00:00,2025-11-11 05:35:00+00:00,4297.067608900489,3550.326698693941,2025-11-16 00:00:00+00:00,0.026042352293814026,0.02017050004764154,target,minute interval; not exact exchange fill
1048,3084485.0,3085450.0,-1.0,0.121,3430.05,3400.56,0.207518025,0.20573388,-0.012856593809008925,3.5682900000000286,3.1678946888090374,8920.063320450638,2.0,8916.895425761828,0.046544904945382465,1762963860.0,2025-11-12 00:05:00+00:00,2025-11-12 00:05:00+00:00,2025-11-12 16:10:00+00:00,2025-11-12 16:11:00+00:00,4160.7047877830355,3399.8703789413644,2025-11-17 00:00:00+00:00,0.04130489741976139,0.03583217174397182,target,minute interval; not exact exchange fill
1049,3085925.0,3085941.0,-1.0,0.181,3418.76,3407.2400000000002,0.30939778,0.30835522000000004,0.0,2.0851199999999968,1.4673669999999968,8921.530687450637,2.0,8920.063320450638,0.06937120710581893,1762993320.0,2025-11-13 00:05:00+00:00,2025-11-13 00:05:00+00:00,2025-11-13 00:21:00+00:00,2025-11-13 00:22:00+00:00,3906.547383579929,3406.549773942414,2025-11-18 00:00:00+00:00,0.025031861152237867,0.016619946052113446,target,minute interval; not exact exchange fill
1050,3087365.0,3087365.0,-1.0,0.157,3223.42,3222.04,0.25303847,0.25293014,0.0,0.21666000000001714,-0.28930860999998287,8921.241378840636,2.0,8921.530687450637,0.056725348791532716,1763078760.0,2025-11-14 00:05:00+00:00,2025-11-14 00:05:00+00:00,2025-11-14 00:05:00+00:00,2025-11-14 00:06:00+00:00,3784.698067258854,3221.395192732405,2025-11-19 00:00:00+00:00,0.0036074940135887015,-0.0032830963964071112,target,minute interval; not exact exchange fill
1051,3088805.0,3091203.0,-1.0,0.184,3128.78,3089.14,0.28784776,0.28420088,-0.215008436479384,7.29376000000006,6.936719796479444,8928.178098637116,2.0,8921.241378840636,0.06453087586727922,1763309040.0,2025-11-15 00:05:00+00:00,2025-11-15 00:05:00+00:00,2025-11-16 16:03:00+00:00,2025-11-16 16:04:00+00:00,3608.268378695973,3088.516203794245,2025-11-20 00:00:00+00:00,0.08397241308591773,0.07862456273461707,target,minute interval; not exact exchange fill
1052,3091685.0,3091696.0,-1.0,0.136,3090.87,3080.7200000000003,0.21017916,0.20948896000000003,0.0,1.3803999999999506,0.9607318799999505,8929.138830517117,2.0,8928.178098637116,0.047082205950189054,1763338620.0,2025-11-17 00:05:00+00:00,2025-11-17 00:05:00+00:00,2025-11-17 00:16:00+00:00,2025-11-17 00:17:00+00:00,3739.0563329732367,3080.0964674331776,2025-11-22 00:00:00+00:00,0.016621042466915297,0.010898417076454019,target,minute interval; not exact exchange fill
1053,3093125.0,3093151.0,-1.0,0.14300000000000002,3026.69,3017.16,0.21640833500000003,0.21572694,0.0,1.3627900000000288,0.9306547250000287,8930.069485242117,2.0,8929.138830517117,0.04847238666743119,1763425920.0,2025-11-18 00:05:00+00:00,2025-11-18 00:05:00+00:00,2025-11-18 00:31:00+00:00,2025-11-18 00:32:00+00:00,3644.411365734394,3016.5500167597197,2025-11-23 00:00:00+00:00,0.016415140875409354,0.010535615831035577,target,minute interval; not exact exchange fill
1054,3094565.0,3094565.0,-1.0,0.128,3108.81,3107.81,0.19896384,0.19889984000000002,0.0,0.128,-0.26986368000000005,8929.799621562117,2.0,8930.069485242117,0.04456042370752182,1763510760.0,2025-11-19 00:05:00+00:00,2025-11-19 00:05:00+00:00,2025-11-19 00:05:00+00:00,2025-11-19 00:06:00+00:00,3801.4458457947953,3107.1876397017313,2025-11-24 00:00:00+00:00,0.0023422990711764033,-0.0030438938625544677,target,minute interval; not exact exchange fill
1055,3097445.0,3097578.0,-1.0,0.179,2835.84,2825.75,0.25380768000000004,0.252904625,0.0,1.8061100000000259,1.2993976950000259,8931.099019257117,2.0,8929.799621562117,0.056845100843505976,1763691540.0,2025-11-21 00:05:00+00:00,2025-11-21 00:05:00+00:00,2025-11-21 02:18:00+00:00,2025-11-21 02:19:00+00:00,3329.149860961343,2825.175918424956,2025-11-26 00:00:00+00:00,0.02161741010865371,0.014715304871168983,target,minute interval; not exact exchange fill
1056,3098885.0,3099034.0,-1.0,0.202,2769.93,2745.02,0.27976292999999997,0.27724702,0.0,5.031819999999971,4.474810049999971,8935.573829307117,2.0,8931.099019257117,0.06264916095920085,1763778900.0,2025-11-22 00:05:00+00:00,2025-11-22 00:05:00+00:00,2025-11-22 02:34:00+00:00,2025-11-22 02:35:00+00:00,3208.0725766025444,2744.461838862338,2025-11-27 00:00:00+00:00,0.05812756508428746,0.050560082911310485,target,minute interval; not exact exchange fill
1057,3100325.0,3107520.0,-1.0,0.16,2772.03,3014.42,0.22176240000000003,0.24115360000000002,-0.13283086603044297,-38.78239999999998,-39.112485133969535,8896.461344173144,4.0,8935.573829307117,0.04963584974759163,1764288000.0,2025-11-23 00:05:00+00:00,2025-11-23 00:05:00+00:00,2025-11-28 00:00:00+00:00,2025-11-28 00:00:00+00:00,3326.220049769977,2758.3574319292593,2025-11-28 00:00:00+00:00,0.024671262279818765,-0.44109964115879163,timeout,minute interval; not exact exchange fill
1058,3108965.0,3109341.0,-1.0,0.23,3034.39,3011.79,0.34895485000000004,0.34635585,0.0,5.197999999999979,4.502689299999979,8900.964033473143,2.0,8896.461344173144,0.07844801129351339,1764397320.0,2025-11-29 00:05:00+00:00,2025-11-29 00:05:00+00:00,2025-11-29 06:21:00+00:00,2025-11-29 06:22:00+00:00,3415.645534865132,3011.1794577686123,2025-12-04 00:00:00+00:00,0.06087922694577584,0.051348526669718175,target,minute interval; not exact exchange fill
1059,3110405.0,3110599.0,-1.0,0.20400000000000001,2987.34,2983.69,0.30470868,0.30433638,0.0,0.7446000000000186,0.13555494000001855,8901.099588413143,2.0,8900.964033473143,0.06846644450064206,1764472800.0,2025-11-30 00:05:00+00:00,2025-11-30 00:05:00+00:00,2025-11-30 03:19:00+00:00,2025-11-30 03:20:00+00:00,3419.291299059884,2983.0853101187577,2025-12-05 00:00:00+00:00,0.009849929588133115,0.0015383331441444974,target,minute interval; not exact exchange fill
1060,3111845.0,3111845.0,-1.0,0.192,2985.25,2980.16,0.286584,0.28609535999999997,0.0,0.977280000000028,0.404600640000028,8901.504189053143,2.0,8901.099588413143,0.0643929431759321,1764547560.0,2025-12-01 00:05:00+00:00,2025-12-01 00:05:00+00:00,2025-12-01 00:05:00+00:00,2025-12-01 00:06:00+00:00,3442.3402001931745,2979.5597327600085,2025-12-06 00:00:00+00:00,0.012448893539145425,0.004610238852439989,target,minute interval; not exact exchange fill
1061,3113285.0,3113300.0,-1.0,0.23,2792.77,2787.67,0.32116855000000005,0.32058205000000006,0.0,1.1729999999999792,0.531249399999979,8902.035438453144,2.0,8901.504189053143,0.07216051201660174,1764634860.0,2025-12-02 00:05:00+00:00,2025-12-02 00:05:00+00:00,2025-12-02 00:20:00+00:00,2025-12-02 00:21:00+00:00,3174.196638027212,2787.11223851335,2025-12-07 00:00:00+00:00,0.014833157736210464,0.006055633691307954,target,minute interval; not exact exchange fill
1062,3114725.0,3118740.0,-1.0,0.164,2993.39,2981.9700000000003,0.24545798,0.24452154000000004,-0.2548715373096804,1.8728799999999375,1.6377720173096177,8903.673210470457,2.0,8902.035438453144,0.05514648457581334,1764961260.0,2025-12-03 00:05:00+00:00,2025-12-03 00:05:00+00:00,2025-12-05 19:00:00+00:00,2025-12-05 19:01:00+00:00,3530.3140898855618,2981.363751205942,2025-12-08 00:00:00+00:00,0.022398415382369783,0.01859930468350053,target,minute interval; not exact exchange fill
1063,3119045.0,3121344.0,-1.0,0.198,3018.17,2999.82,0.29879883,0.29698218000000004,-0.038401874636400005,3.633299999999982,3.075920864636382,8906.749131335095,2.0,8903.673210470457,0.06711810349207817,1765117500.0,2025-12-06 00:05:00+00:00,2025-12-06 00:05:00+00:00,2025-12-07 14:24:00+00:00,2025-12-07 14:25:00+00:00,3462.984535571993,2999.2128201236355,2025-12-11 00:00:00+00:00,0.042618166360025175,0.03492456432841904,target,minute interval; not exact exchange fill
1064,3121925.0,3121933.0,-1.0,0.151,3056.59,3045.55,0.23077254500000002,0.22993902500000002,0.0,1.6670399999999945,1.2063284299999946,8907.955459765095,2.0,8906.749131335095,0.05181970247441064,1765152840.0,2025-12-08 00:05:00+00:00,2025-12-08 00:05:00+00:00,2025-12-08 00:13:00+00:00,2025-12-08 00:14:00+00:00,3638.8711063117985,3044.94099748883,2025-12-13 00:00:00+00:00,0.020005805417516776,0.013720057053889833,target,minute interval; not exact exchange fill
1065,3123365.0,3123424.0,-1.0,0.155,3123.38,3110.4700000000003,0.24206195,0.24106142500000002,0.0,2.0010499999999776,1.5179266249999774,8909.473386390095,2.0,8907.955459765095,0.05434736423937693,1765242300.0,2025-12-09 00:05:00+00:00,2025-12-09 00:05:00+00:00,2025-12-09 01:04:00+00:00,2025-12-09 01:05:00+00:00,3691.756323495408,3109.8393065089676,2025-12-14 00:00:00+00:00,0.02382346507285831,0.017229913694810993,target,minute interval; not exact exchange fill
1066,3124805.0,3124876.0,-1.0,0.14200000000000002,3320.03,3301.76,0.23572213000000006,0.23442496000000004,0.0,2.5943399999999976,2.1241929099999974,8911.597579300094,2.0,8909.473386390095,0.052914941159167436,1765329420.0,2025-12-10 00:05:00+00:00,2025-12-10 00:05:00+00:00,2025-12-10 01:16:00+00:00,2025-12-10 01:17:00+00:00,3940.863627855635,3301.091871354405,2025-12-15 00:00:00+00:00,0.030504353816992028,0.024095191253845044,target,minute interval; not exact exchange fill
1067,3126245.0,3126261.0,-1.0,0.242,3322.09,3313.33,0.40197289,0.40091292999999995,0.0,2.119920000000053,1.3170341800000527,8912.914613480094,2.0,8911.597579300094,0.09021342950532343,1765412520.0,2025-12-11 00:05:00+00:00,2025-12-11 00:05:00+00:00,2025-12-11 00:21:00+00:00,2025-12-11 00:22:00+00:00,3685.3807739347762,3312.6662798222765,2025-12-16 00:00:00+00:00,0.02593988301892737,0.014980534575803202,target,minute interval; not exact exchange fill
1068,3127685.0,3127692.0,-1.0,0.20700000000000002,3230.98,3228.96,0.3344064300000001,0.33419736,0.0,0.4181399999999963,-0.2504637900000038,8912.664149690094,2.0,8912.914613480094,0.07503862529867306,1765498380.0,2025-12-12 00:05:00+00:00,2025-12-12 00:05:00+00:00,2025-12-12 00:12:00+00:00,2025-12-12 00:13:00+00:00,3656.2547021747982,3228.304395032664,2025-12-17 00:00:00+00:00,0.00629147455433669,-0.0028451492501491214,target,minute interval; not exact exchange fill
1069,3129125.0,3131264.0,-1.0,0.194,3089.2400000000002,3062.79,0.29965628000000005,0.29709063,-0.09107901064925489,5.131300000000053,4.625632100649307,8917.289781790741,2.0,8912.664149690094,0.06724280753032066,1765712700.0,2025-12-13 00:05:00+00:00,2025-12-13 00:05:00+00:00,2025-12-14 11:44:00+00:00,2025-12-14 11:45:00+00:00,3542.0038783574955,3062.1736659263834,2025-12-18 00:00:00+00:00,0.059780241683162094,0.05266202887658412,target,minute interval; not exact exchange fill
1070,3132005.0,3132896.0,-1.0,0.162,3067.9700000000003,3050.04,0.24850557000000004,0.24705324000000004,-0.017301383082000004,2.9046600000000473,2.4264025730820475,8919.716184363824,2.0,8917.289781790741,0.055735672178659636,1765810620.0,2025-12-15 00:05:00+00:00,2025-12-15 00:05:00+00:00,2025-12-15 14:56:00+00:00,2025-12-15 14:57:00+00:00,3613.9610734885878,3049.4214787589617,2025-12-20 00:00:00+00:00,0.033972206033559355,0.02743230501059348,target,minute interval; not exact exchange fill
1071,3133445.0,3133491.0,-1.0,0.166,2964.3,2951.41,0.24603690000000003,0.24496703,0.0,2.1397400000000544,1.6487360700000544,8921.364920433823,2.0,8919.716184363824,0.05516697951248725,1765846320.0,2025-12-16 00:05:00+00:00,2025-12-16 00:05:00+00:00,2025-12-16 00:51:00+00:00,2025-12-16 00:52:00+00:00,3494.3412809361994,2950.811323484112,2025-12-21 00:00:00+00:00,0.025448350913467244,0.01873843671658445,target,minute interval; not exact exchange fill
1072,3134885.0,3134900.0,-1.0,0.168,2953.37,2948.58,0.24808308,0.24768072000000002,0.0,0.8047199999999939,0.30895619999999385,8921.673876633824,2.0,8921.364920433823,0.055615498797001645,1765930860.0,2025-12-17 00:05:00+00:00,2025-12-17 00:05:00+00:00,2025-12-17 00:20:00+00:00,2025-12-17 00:21:00+00:00,3478.8077615571115,2947.9898319217773,2025-12-22 00:00:00+00:00,0.010239401260919477,0.0034999863628949962,target,minute interval; not exact exchange fill
1073,3136325.0,3136385.0,-1.0,0.261,2828.85,2823.27,0.369164925,0.368436735,0.0,1.4563799999999811,0.7187783399999812,8922.392654973824,2.0,8921.673876633824,0.08275687502249009,1766019960.0,2025-12-18 00:05:00+00:00,2025-12-18 00:05:00+00:00,2025-12-18 01:05:00+00:00,2025-12-18 01:06:00+00:00,3166.5181145632587,2822.6995221266684,2025-12-23 00:00:00+00:00,0.01821456515456475,0.008155759697837875,target,minute interval; not exact exchange fill
1074,3137765.0,3137791.0,-1.0,0.222,2827.17,2820.87,0.31381587000000005,0.31311657,0.0,1.3986000000000405,0.7716675600000404,8923.164322533825,2.0,8922.392654973824,0.07034343412919898,1766104320.0,2025-12-19 00:05:00+00:00,2025-12-19 00:05:00+00:00,2025-12-19 00:31:00+00:00,2025-12-19 00:32:00+00:00,3223.3105812551166,2820.3014440572756,2025-12-24 00:00:00+00:00,0.0173386829518006,0.008774612257565284,target,minute interval; not exact exchange fill
1075,3139205.0,3141450.0,-1.0,0.185,2973.77,2957.26,0.275073725,0.27354655000000005,-0.048748864205731116,3.0543499999999564,2.554478589205688,8925.718801123028,2.0,8923.164322533825,0.06165385171835319,1766323860.0,2025-12-20 00:05:00+00:00,2025-12-20 00:05:00+00:00,2025-12-21 13:30:00+00:00,2025-12-21 13:31:00+00:00,3449.9779870768725,2956.6615212793763,2025-12-25 00:00:00+00:00,0.03592648419368472,0.02899571773006786,target,minute interval; not exact exchange fill
1076,3142085.0,3142205.0,-1.0,0.162,3003.83,2988.75,0.24331023,0.24208875000000002,0.0,2.4429599999999883,1.9575610199999882,8927.676362143027,2.0,8925.718801123028,0.05451890999958162,1766369160.0,2025-12-22 00:05:00+00:00,2025-12-22 00:05:00+00:00,2025-12-22 02:05:00+00:00,2025-12-22 02:06:00+00:00,3547.69452104067,2988.144054333774,2025-12-27 00:00:00+00:00,0.028841641731310808,0.022218235484230648,target,minute interval; not exact exchange fill
1077,3143525.0,3143679.0,-1.0,0.184,3003.96,2997.87,0.27636432000000005,0.27580404,0.0,1.1205600000000266,0.5683916400000266,8928.244753783029,2.0,8927.676362143027,0.06191181418087621,1766457600.0,2025-12-23 00:05:00+00:00,2025-12-23 00:05:00+00:00,2025-12-23 02:39:00+00:00,2025-12-23 02:40:00+00:00,3482.9813212036806,2997.268883227057,2025-12-28 00:00:00+00:00,0.01396830678878709,0.006448742181742389,target,minute interval; not exact exchange fill
1078,3144965.0,3145088.0,-1.0,0.217,2963.81,2953.6,0.321573385,0.3204656,0.0,2.215570000000008,1.573531015000008,8929.81828479803,2.0,8928.244753783029,0.07203507382876004,1766542140.0,2025-12-24 00:05:00+00:00,2025-12-24 00:05:00+00:00,2025-12-24 02:08:00+00:00,2025-12-24 02:09:00+00:00,3371.001411409177,2953.0019516254806,2025-12-29 00:00:00+00:00,0.026542918322161223,0.017808074524227585,target,minute interval; not exact exchange fill
1079,3146405.0,3146456.0,-1.0,0.328,2941.62,2939.41,0.48242568,0.48206324,0.0,0.724880000000012,-0.23960891999998807,8929.578675878029,2.0,8929.81828479803,0.10804826360717178,1766624220.0,2025-12-25 00:05:00+00:00,2025-12-25 00:05:00+00:00,2025-12-25 00:56:00+00:00,2025-12-25 00:57:00+00:00,3209.150593902971,2938.819397021773,2025-12-30 00:00:00+00:00,0.010468346581858837,-0.002730584900001787,target,minute interval; not exact exchange fill
1080,3147845.0,3147851.0,-1.0,0.315,2904.26,2897.58,0.45742095000000005,0.45636885,0.0,2.1042000000000916,1.1904102000000916,8930.769086078028,2.0,8929.578675878029,0.10245073515857067,1766707920.0,2025-12-26 00:05:00+00:00,2025-12-26 00:05:00+00:00,2025-12-26 00:11:00+00:00,2025-12-26 00:12:00+00:00,3183.6332895506966,2896.9969797938097,2025-12-31 00:00:00+00:00,0.025997546930385845,0.013526991095240406,target,minute interval; not exact exchange fill
1081,3149285.0,3152894.0,-1.0,0.31,2928.19,2912.39,0.45386945000000006,0.45142045,-0.3955271649973937,4.8980000000000565,4.38823726499745,8935.157323343026,2.0,8930.769086078028,0.10164173894217617,1767010500.0,2025-12-27 00:05:00+00:00,2025-12-27 00:05:00+00:00,2025-12-29 12:14:00+00:00,2025-12-29 12:15:00+00:00,3211.8141390227584,2911.8020022185415,2026-01-01 00:00:00+00:00,0.05778068763090574,0.049909729578768595,target,minute interval; not exact exchange fill
1082,3153605.0,3153693.0,-1.0,0.28,2936.76,2929.42,0.4111464000000001,0.4101188,0.0,2.055200000000041,1.233934800000041,8936.391258143027,2.0,8935.157323343026,0.09202891121477703,1767058440.0,2025-12-30 00:05:00+00:00,2025-12-30 00:05:00+00:00,2025-12-30 01:33:00+00:00,2025-12-30 01:34:00+00:00,3251.3298693408005,2928.8277710317598,2026-01-04 00:00:00+00:00,0.025216111717447396,0.014009320120948281,target,minute interval; not exact exchange fill
1083,3155045.0,3155052.0,-1.0,0.271,2967.11,2964.64,0.4020434050000001,0.40170872,0.0,0.6693700000000691,-0.13438212499993102,8936.256876018027,2.0,8936.391258143027,0.08997891730258559,1767139980.0,2025-12-31 00:05:00+00:00,2025-12-31 00:05:00+00:00,2025-12-31 00:12:00+00:00,2025-12-31 00:13:00+00:00,3291.882893676264,2964.0400324797774,2026-01-05 00:00:00+00:00,0.009452659319785655,-0.0015268361666107445,target,minute interval; not exact exchange fill
1084,3156485.0,3162289.0,-1.0,0.434,2973.06,3175.38,0.64515402,0.68905746,-0.8187604086913326,-87.80688000000006,-88.32233107130874,8847.93454494672,1.0,8936.256876018027,0.1443902136992908,1767574200.0,2026-01-01 00:05:00+00:00,2026-01-01 00:05:00+00:00,2026-01-05 00:49:00+00:00,2026-01-05 00:50:00+00:00,3174.735980210069,2964.5834896697293,2026-01-06 00:00:00+00:00,0.042030341548068374,-1.0090823660186807,stop,minute interval; not exact exchange fill
1085,3163685.0,3163694.0,-1.0,0.28300000000000003,3228.29,3216.75,0.456803035,0.45517012500000004,0.0,3.26581999999999,2.35384683999999,8850.28839178672,2.0,8847.93454494672,0.10325642276838312,1767658500.0,2026-01-06 00:05:00+00:00,2026-01-06 00:05:00+00:00,2026-01-06 00:14:00+00:00,2026-01-06 00:15:00+00:00,3536.2850542472083,3216.106748426089,2026-01-11 00:00:00+00:00,0.03955664678995903,0.027005238835179614,target,minute interval; not exact exchange fill
1086,3165125.0,3165127.0,-1.0,0.324,3289.34,3289.34,0.5328730800000001,0.5328730800000001,0.0,-0.0,-1.0657461600000002,8849.222645626722,2.0,8850.28839178672,0.12041937085225812,1767744480.0,2026-01-07 00:05:00+00:00,2026-01-07 00:05:00+00:00,2026-01-07 00:07:00+00:00,2026-01-07 00:08:00+00:00,3557.09935683947,3288.6744016226544,2026-01-12 00:00:00+00:00,0.002485808097249076,-0.012284687410464843,target,minute interval; not exact exchange fill
1087,3166565.0,3166565.0,-1.0,0.384,3165.11,3165.7000000000003,0.6077011200000001,0.6078144000000001,0.0,-0.22656000000005588,-1.4420755200000561,8847.780570106723,2.0,8849.222645626722,0.13734565042282565,1767830760.0,2026-01-08 00:05:00+00:00,2026-01-08 00:05:00+00:00,2026-01-08 00:05:00+00:00,2026-01-08 00:06:00+00:00,3390.8696760699945,3165.0654674059742,2026-01-13 00:00:00+00:00,0.00019725663502497462,-0.01663452510817664,target,minute interval; not exact exchange fill
1088,3168005.0,3168085.0,-1.0,0.438,3105.82,3102.46,0.68017458,0.67943874,0.0,1.4716800000000558,0.11206668000005582,8847.892636786723,2.0,8847.780570106723,0.153750327465862,1767921960.0,2026-01-09 00:05:00+00:00,2026-01-09 00:05:00+00:00,2026-01-09 01:25:00+00:00,2026-01-09 01:26:00+00:00,3303.0699954957163,3101.8298389703727,2026-01-14 00:00:00+00:00,0.02022895371733519,0.00129713564432342,target,minute interval; not exact exchange fill
1089,3169445.0,3169739.0,-1.0,0.46,3087.81,3078.57,0.7101963000000001,0.7080711000000002,0.0,4.2503999999999,2.832132599999899,8850.724769386721,2.0,8847.892636786723,0.16053456549579498,1768021200.0,2026-01-10 00:05:00+00:00,2026-01-10 00:05:00+00:00,2026-01-10 04:59:00+00:00,2026-01-10 05:00:00+00:00,3275.485668306285,3077.946838541611,2026-01-15 00:00:00+00:00,0.05255428978833923,0.03280558452549067,target,minute interval; not exact exchange fill
1090,3170885.0,3173181.0,-1.0,0.36,3083.57,3083.15,0.5550426,0.554967,-0.29073436490954785,0.15120000000002617,-0.668075235090426,8850.05669415163,2.0,8850.724769386721,0.1254230844280247,1768227720.0,2026-01-11 00:05:00+00:00,2026-01-11 00:05:00+00:00,2026-01-12 14:21:00+00:00,2026-01-12 14:22:00+00:00,3324.4359255418753,3082.5310440015,2026-01-16 00:00:00+00:00,0.004313420406654776,-0.007704554049074991,target,minute interval; not exact exchange fill
1091,3173765.0,3175090.0,-1.0,0.34400000000000003,3096.2200000000003,3349.35,0.5325498400000002,0.5760882,-0.1276474619008,-87.0767199999999,-88.05771057809909,8761.99898357353,1.0,8850.05669415163,0.1203494753546436,1768342260.0,2026-01-13 00:05:00+00:00,2026-01-13 00:05:00+00:00,2026-01-13 22:10:00+00:00,2026-01-13 22:11:00+00:00,3348.6719384304133,3087.5980115305065,2026-01-18 00:00:00+00:00,0.03415298976549698,-1.0139819816331477,stop,minute interval; not exact exchange fill
1092,3175205.0,3175248.0,-1.0,0.23500000000000001,3327.76,3315.91,0.3910118000000001,0.389619425,0.0,2.7847500000000855,2.0041187750000855,8764.00310234853,2.0,8761.99898357353,0.08925173370438538,1768351740.0,2026-01-14 00:05:00+00:00,2026-01-14 00:05:00+00:00,2026-01-14 00:48:00+00:00,2026-01-14 00:49:00+00:00,3694.687905975527,3315.2386326468186,2026-01-19 00:00:00+00:00,0.03412487071511203,0.023242072519197198,target,minute interval; not exact exchange fill
1093,3178085.0,3178145.0,-1.0,0.26,3319.34,3312.52,0.4315142,0.43062760000000005,0.0,1.7732000000000425,0.9110582000000425,8764.914160548531,2.0,8764.00310234853,0.09847422347086235,1768525560.0,2026-01-16 00:05:00+00:00,2026-01-16 00:05:00+00:00,2026-01-16 01:05:00+00:00,2026-01-16 01:06:00+00:00,3650.715453592832,3311.8521851621863,2026-01-21 00:00:00+00:00,0.022596166241734654,0.010574319739161151,target,minute interval; not exact exchange fill
1094,3179525.0,3182394.0,-1.0,0.28,3291.1,3282.32,0.46075400000000005,0.45952480000000007,-0.20096194811049062,2.458399999999929,1.7390831481104194,8766.65324369664,2.0,8764.914160548531,0.10513599826770348,1768780500.0,2026-01-17 00:05:00+00:00,2026-01-17 00:05:00+00:00,2026-01-18 23:54:00+00:00,2026-01-18 23:55:00+00:00,3598.4001417790137,3281.6584736943323,2026-01-22 00:00:00+00:00,0.03072411958878041,0.020211546949815504,target,minute interval; not exact exchange fill
1095,3183845.0,3183860.0,-1.0,0.216,3193.58,3184.1,0.34490664,0.3438828,0.0,2.0476800000000037,1.3588905600000036,8768.01213425664,2.0,8766.65324369664,0.07868604595442238,1768868460.0,2026-01-20 00:05:00+00:00,2026-01-20 00:05:00+00:00,2026-01-20 00:20:00+00:00,2026-01-20 00:21:00+00:00,3593.5263367252473,3183.4550986291906,2026-01-25 00:00:00+00:00,0.025315649728690607,0.015730010309662812,target,minute interval; not exact exchange fill
1096,3185285.0,3185297.0,-1.0,0.197,2944.93,2927.62,0.290075605,0.28837057,0.0,3.4100699999999895,2.831623824999989,8770.843758081639,2.0,8768.01213425664,0.06616678913266419,1768954680.0,2026-01-21 00:05:00+00:00,2026-01-21 00:05:00+00:00,2026-01-21 00:17:00+00:00,2026-01-21 00:18:00+00:00,3385.4523178164472,2927.030549681415,2026-01-26 00:00:00+00:00,0.040632334832223276,0.03262882360023595,target,minute interval; not exact exchange fill
1097,3186725.0,3187421.0,-1.0,0.263,2989.7000000000003,2977.62,0.39314555000000007,0.39155703000000003,-0.06060329201030001,3.1770400000001007,2.4529407120104003,8773.296698793649,2.0,8770.843758081639,0.08964828489568008,1769082120.0,2026-01-22 00:05:00+00:00,2026-01-22 00:05:00+00:00,2026-01-22 11:41:00+00:00,2026-01-22 11:42:00+00:00,3318.2877745529745,2977.023399171906,2026-01-27 00:00:00+00:00,0.03857903978728386,0.02838441199094806,target,minute interval; not exact exchange fill
1098,3188165.0,3188195.0,-1.0,0.221,2948.8,2945.88,0.32584240000000003,0.32551974,0.0,0.6453200000000161,-0.006042139999983931,8773.29065665365,2.0,8773.296698793649,0.07428049254160164,1769128560.0,2026-01-23 00:05:00+00:00,2026-01-23 00:05:00+00:00,2026-01-23 00:35:00+00:00,2026-01-23 00:36:00+00:00,3341.1046616834956,2945.282745394913,2026-01-28 00:00:00+00:00,0.008965620214640238,-6.96907344475675e-05,target,minute interval; not exact exchange fill
1099,3189605.0,3191250.0,-1.0,0.244,2954.4,2940.58,0.3604368,0.35875075999999995,-0.0470437828672,3.37208000000004,2.69993622286724,8775.990592876518,2.0,8773.29065665365,0.08216684345836538,1769311860.0,2026-01-24 00:05:00+00:00,2026-01-24 00:05:00+00:00,2026-01-25 03:30:00+00:00,2026-01-25 03:31:00+00:00,3309.3381654656537,2939.984515000888,2026-01-29 00:00:00+00:00,0.04061407422952045,0.03117532422663892,target,minute interval; not exact exchange fill
1100,3192485.0,3197717.0,-1.0,0.242,2818.76,2805.94,0.34106996000000006,0.33951874,-0.4652706880991074,3.1024400000000396,2.887121988099147,8778.877714864615,2.0,8775.990592876518,0.0777279684590471,1769699880.0,2026-01-26 00:05:00+00:00,2026-01-26 00:05:00+00:00,2026-01-29 15:17:00+00:00,2026-01-29 15:18:00+00:00,3176.2101938177757,2805.376853517259,2026-01-31 00:00:00+00:00,0.037440590924854446,0.033375995748520855,target,minute interval; not exact exchange fill
1101,3198245.0,3198259.0,-1.0,0.201,2826.18,2815.0,0.28403109,0.28290750000000003,0.0,2.2471799999999673,1.6802414099999672,8780.557956274615,2.0,8778.877714864615,0.06470783606407263,1769732400.0,2026-01-30 00:05:00+00:00,2026-01-30 00:05:00+00:00,2026-01-30 00:19:00+00:00,2026-01-30 00:20:00+00:00,3257.174370427472,2814.436615227147,2026-02-04 00:00:00+00:00,0.027247188312936887,0.019395636169699262,target,minute interval; not exact exchange fill
1102,3199685.0,3199817.0,-1.0,0.28400000000000003,2702.75,2689.7400000000002,0.3837905000000001,0.3819430800000001,0.0,3.694839999999933,2.929106419999933,8783.487062694616,2.0,8780.557956274615,0.0874182487972173,1769825880.0,2026-01-31 00:05:00+00:00,2026-01-31 00:05:00+00:00,2026-01-31 02:17:00+00:00,2026-01-31 02:18:00+00:00,3007.9186876962244,2689.1996660147975,2026-02-05 00:00:00+00:00,0.04440276650758815,0.033796897964402016,target,minute interval; not exact exchange fill
1103,3201125.0,3201184.0,-1.0,0.219,2451.9900000000002,2445.37,0.268492905,0.26776801499999997,0.0,1.4497800000000758,0.9135190800000759,8784.400581774617,2.0,8783.487062694616,0.06113583434086171,1769907900.0,2026-02-01 00:05:00+00:00,2026-02-01 00:05:00+00:00,2026-02-01 01:04:00+00:00,2026-02-01 01:05:00+00:00,2848.5103042298424,2444.875448889593,2026-02-06 00:00:00+00:00,0.01794246356242929,0.010519814384038324,target,minute interval; not exact exchange fill
1104,3202565.0,3202633.0,-1.0,0.225,2258.28,2257.92,0.2540565,0.254016,0.0,0.08100000000002865,-0.4270724999999714,8783.973509274616,2.0,8784.400581774617,0.05784264905384717,1769994840.0,2026-02-02 00:05:00+00:00,2026-02-02 00:05:00+00:00,2026-02-02 01:13:00+00:00,2026-02-02 01:14:00+00:00,2645.0695351698655,2257.4653960736014,2026-02-07 00:00:00+00:00,0.0021060650620784867,-0.004907319943819806,target,minute interval; not exact exchange fill
1105,3205445.0,3206255.0,-1.0,0.28600000000000003,2226.34,2221.7400000000002,0.3183666200000001,0.31770882000000006,-0.013554873028154174,1.3155999999999741,0.6930794330281281,8784.666588707645,2.0,8783.973509274616,0.0724880646927841,1770212160.0,2026-02-04 00:05:00+00:00,2026-02-04 00:05:00+00:00,2026-02-04 13:35:00+00:00,2026-02-04 13:36:00+00:00,2529.327313767039,2221.285892873789,2026-02-09 00:00:00+00:00,0.016680919948011328,0.00799820504300316,target,minute interval; not exact exchange fill
1106,3209765.0,3209796.0,-1.0,0.20800000000000002,2055.58,2041.38,0.21378032000000002,0.21230352000000002,0.0,2.9535999999999625,2.5275161599999625,8787.194104867645,2.0,8784.666588707645,0.0486712427480871,1770424620.0,2026-02-07 00:05:00+00:00,2026-02-07 00:05:00+00:00,2026-02-07 00:36:00+00:00,2026-02-07 00:37:00+00:00,2473.9838619635843,2040.9631901403245,2026-02-12 00:00:00+00:00,0.03493469154677062,0.02904256175593671,target,minute interval; not exact exchange fill
1107,3211205.0,3211222.0,-1.0,0.165,2090.31,2079.29,0.17245057500000002,0.171541425,0.0,1.8182999999999971,1.474307999999997,8788.668412867644,2.0,8787.194104867645,0.0392504303289423,1770510180.0,2026-02-08 00:05:00+00:00,2026-02-08 00:05:00+00:00,2026-02-08 00:22:00+00:00,2026-02-08 00:23:00+00:00,2617.4700303120667,2078.869034535123,2026-02-13 00:00:00+00:00,0.021703021486861002,0.016949691718301456,target,minute interval; not exact exchange fill
1108,3212645.0,3212740.0,-1.0,0.17200000000000001,2091.09,2073.86,0.17983374000000005,0.17835196000000003,0.0,2.9635600000000033,2.6053743000000034,8791.273787167645,2.0,8788.668412867644,0.04092400157837387,1770601260.0,2026-02-09 00:05:00+00:00,2026-02-09 00:05:00+00:00,2026-02-09 01:40:00+00:00,2026-02-09 01:41:00+00:00,2598.64056811483,2073.435384692898,2026-02-14 00:00:00+00:00,0.03478395339537468,0.0298443661609162,target,minute interval; not exact exchange fill
1109,3214085.0,3214126.0,-1.0,0.151,2102.93,2096.98,0.158771215,0.15832199,0.0,0.8984499999999725,0.5813567949999725,8791.855143962646,2.0,8791.273787167645,0.03612018436549058,1770684420.0,2026-02-10 00:05:00+00:00,2026-02-10 00:05:00+00:00,2026-02-10 00:46:00+00:00,2026-02-10 00:47:00+00:00,2678.500360786541,2096.555221014101,2026-02-15 00:00:00+00:00,0.011075585923478673,0.006689095308414716,target,minute interval; not exact exchange fill
1110,3215525.0,3215715.0,-1.0,0.20800000000000002,2019.91,2007.05,0.21007064000000003,0.2087332,0.0,2.6748800000000266,2.2560761600000263,8794.111220122646,2.0,8791.855143962646,0.047787557133321334,1770779760.0,2026-02-11 00:05:00+00:00,2026-02-11 00:05:00+00:00,2026-02-11 03:15:00+00:00,2026-02-11 03:16:00+00:00,2438.6977104591006,2006.6466701460313,2026-02-16 00:00:00+00:00,0.03167077142600181,0.025899804910964348,target,minute interval; not exact exchange fill
1111,3216965.0,3217925.0,-1.0,0.245,1945.33,1935.9,0.238302925,0.23714775000000002,0.008777449997755397,2.3103499999999597,1.8261218750022041,8795.937341997647,2.0,8794.111220122646,0.054196022550798834,1770912360.0,2026-02-12 00:05:00+00:00,2026-02-12 00:05:00+00:00,2026-02-12 16:05:00+00:00,2026-02-12 16:06:00+00:00,2301.196526388284,1935.5031118546601,2026-02-17 00:00:00+00:00,0.027613971578258935,0.020944815319173478,target,minute interval; not exact exchange fill
1112,3218405.0,3218418.0,-1.0,0.157,1949.22,1939.63,0.15301377,0.152260955,0.0,1.5056299999999871,1.200355274999987,8797.137697272648,2.0,8795.937341997647,0.03479191905322259,1770941940.0,2026-02-13 00:05:00+00:00,2026-02-13 00:05:00+00:00,2026-02-13 00:18:00+00:00,2026-02-13 00:19:00+00:00,2503.4348155359708,1939.2383117329834,2026-02-18 00:00:00+00:00,0.018010504207404625,0.013795327706290252,target,minute interval; not exact exchange fill
1113,3219845.0,3222054.0,-1.0,0.209,2048.18,2026.19,0.21403480999999996,0.211736855,0.0028247127641016154,4.595909999999954,4.167313622235852,8801.305010894883,2.0,8797.137697272648,0.04866010226629886,1771160100.0,2026-02-14 00:05:00+00:00,2026-02-14 00:05:00+00:00,2026-02-15 12:54:00+00:00,2026-02-15 12:55:00+00:00,2464.365172991698,2025.7842252119128,2026-02-19 00:00:00+00:00,0.05381204387243694,0.047909682809196295,target,minute interval; not exact exchange fill
1114,3222725.0,3222896.0,-1.0,0.181,1963.64,1951.6000000000001,0.17770942,0.1766198,0.0,2.1792399999999934,1.8249107799999935,8803.129921674883,2.0,8801.305010894883,0.0403825159519,1771210620.0,2026-02-16 00:05:00+00:00,2026-02-16 00:05:00+00:00,2026-02-16 02:56:00+00:00,2026-02-16 02:57:00+00:00,2445.2558770256364,1951.2043418556525,2026-02-21 00:00:00+00:00,0.025820698065744312,0.020934484266313506,target,minute interval; not exact exchange fill
1115,3224165.0,3224276.0,-1.0,0.157,1995.65,1990.63,0.156658525,0.156264455,0.0,0.7881399999999972,0.4752170199999972,8803.605138694882,2.0,8803.129921674883,0.035591551276388335,1771293420.0,2026-02-17 00:05:00+00:00,2026-02-17 00:05:00+00:00,2026-02-17 01:56:00+00:00,2026-02-17 01:57:00+00:00,2550.644690908915,1990.2306498528596,2026-02-22 00:00:00+00:00,0.009764688268035823,0.005453853972986468,target,minute interval; not exact exchange fill
1116,3225605.0,3225664.0,-1.0,0.209,1991.51,1976.19,0.208112795,0.206511855,0.0,3.2018799999999867,2.787255349999987,8806.392394044882,2.0,8803.605138694882,0.047278993485355775,1771376700.0,2026-02-18 00:05:00+00:00,2026-02-18 00:05:00+00:00,2026-02-18 01:04:00+00:00,2026-02-18 01:05:00+00:00,2409.402518152083,1975.788188498725,2026-02-23 00:00:00+00:00,0.037621663031433675,0.03191287094340018,target,minute interval; not exact exchange fill
1117,3227045.0,3227065.0,-1.0,0.23900000000000002,1953.22,1950.56,0.23340979000000003,0.23309192,0.0,0.6357400000000196,0.16923829000001955,8806.561632334882,2.0,8806.392394044882,0.05300917323598661,1771460760.0,2026-02-19 00:05:00+00:00,2026-02-19 00:05:00+00:00,2026-02-19 00:25:00+00:00,2026-02-19 00:26:00+00:00,2318.658974270089,1950.1682043831604,2026-02-24 00:00:00+00:00,0.00835104034246797,0.0019376969887090678,target,minute interval; not exact exchange fill
1118,3228485.0,3228738.0,-1.0,0.157,1946.58,1940.66,0.15280653,0.15234181000000002,0.0,0.9294399999999757,0.6242916599999757,8807.18592399488,2.0,8806.561632334882,0.03470288096070166,1771561140.0,2026-02-20 00:05:00+00:00,2026-02-20 00:05:00+00:00,2026-02-20 04:18:00+00:00,2026-02-20 04:19:00+00:00,2502.4044850847495,1940.2633294355228,2026-02-25 00:00:00+00:00,0.011364505763926537,0.007154020930534475,target,minute interval; not exact exchange fill
1119,3229925.0,3232180.0,-1.0,0.23900000000000002,1966.07,1949.05,0.23494536500000002,0.23291147500000003,-0.0786142677095981,4.067779999999996,3.6785374277095944,8810.86446142259,2.0,8807.18592399488,0.05335310666257182,1771767660.0,2026-02-21 00:05:00+00:00,2026-02-21 00:05:00+00:00,2026-02-22 13:40:00+00:00,2026-02-22 13:41:00+00:00,2331.3892925600185,1948.656796009382,2026-02-26 00:00:00+00:00,0.0476657114618632,0.042131281604537905,target,minute interval; not exact exchange fill
1120,3232805.0,3232843.0,-1.0,0.224,1953.44,1940.03,0.21878528,0.21728335999999998,0.0,3.0038400000000185,2.5677713600000183,8813.43223278259,2.0,8810.86446142259,0.049662613914429735,1771807440.0,2026-02-23 00:05:00+00:00,2026-02-23 00:05:00+00:00,2026-02-23 00:43:00+00:00,2026-02-23 00:44:00+00:00,2343.580757629059,1939.6402601399664,2026-02-28 00:00:00+00:00,0.03537118229814461,0.029382382578185318,target,minute interval; not exact exchange fill
1121,3234245.0,3234312.0,-1.0,0.23700000000000002,1854.89,1849.98,0.21980446500000003,0.21922263,0.0,1.1636700000000195,0.7246429050000195,8814.156875687591,2.0,8813.43223278259,0.049879424767665805,1771895580.0,2026-02-24 00:05:00+00:00,2026-02-24 00:05:00+00:00,2026-02-24 01:12:00+00:00,2026-02-24 01:13:00+00:00,2222.8520794397623,1849.6086334097008,2026-03-01 00:00:00+00:00,0.01435301865436892,0.00830945679145893,target,minute interval; not exact exchange fill
1122,3235685.0,3240417.0,-1.0,0.28400000000000003,1849.2,1839.29,0.26258640000000005,0.26117918,-0.011118779363738208,2.8144400000000234,2.3017931993637615,8816.458668886953,2.0,8814.156875687591,0.059582874165605475,1772261880.0,2026-02-25 00:05:00+00:00,2026-02-25 00:05:00+00:00,2026-02-28 06:57:00+00:00,2026-02-28 06:58:00+00:00,2155.9440674773923,1838.9211275561431,2026-03-02 00:00:00+00:00,0.03350960469549913,0.026422371256323938,target,minute interval; not exact exchange fill
1123,3241445.0,3241449.0,-1.0,0.34700000000000003,1965.99,1959.75,0.34109926500000004,0.340016625,0.0,2.165280000000003,1.4841641100000031,8817.942832996952,2.0,8816.458668886953,0.07737784019874788,1772323800.0,2026-03-01 00:05:00+00:00,2026-03-01 00:05:00+00:00,2026-03-01 00:09:00+00:00,2026-03-01 00:10:00+00:00,2216.888489183006,1959.3500241955649,2026-03-06 00:00:00+00:00,0.026464789907889533,0.017047252910639316,target,minute interval; not exact exchange fill
1124,3242885.0,3243309.0,-1.0,0.391,1939.96,1926.77,0.37926218,0.376683535,0.0,5.157290000000022,4.401344285000022,8822.344177281951,2.0,8817.942832996952,0.08602055767038813,1772435400.0,2026-03-02 00:05:00+00:00,2026-03-02 00:05:00+00:00,2026-03-02 07:09:00+00:00,2026-03-02 07:10:00+00:00,2162.7163376538,1926.3813567610694,2026-03-07 00:00:00+00:00,0.06095738232163846,0.050533399491846175,target,minute interval; not exact exchange fill
1125,3244325.0,3244440.0,-1.0,0.339,2030.13,2017.0900000000001,0.34410703500000006,0.34189675500000005,0.0,4.420559999999988,3.734556209999987,8826.078733491951,2.0,8822.344177281951,0.07800807315726713,1772503260.0,2026-03-03 00:05:00+00:00,2026-03-03 00:05:00+00:00,2026-03-03 02:00:00+00:00,2026-03-03 02:01:00+00:00,2287.3753067553366,2016.6840362446442,2026-03-08 00:00:00+00:00,0.052269034272972206,0.042824454754688844,target,minute interval; not exact exchange fill
1126,3245765.0,3245794.0,-1.0,0.384,1979.9,1973.06,0.3801408,0.37882752,0.0,2.626560000000056,1.867591680000056,8827.946325171952,2.0,8826.078733491951,0.0861403600576314,1772584500.0,2026-03-04 00:05:00+00:00,2026-03-04 00:05:00+00:00,2026-03-04 00:34:00+00:00,2026-03-04 00:35:00+00:00,2206.6363014199355,1972.6595385958192,2026-03-09 00:00:00+00:00,0.03193340174836379,0.021450116146123785,target,minute interval; not exact exchange fill
1127,3247205.0,3247209.0,-1.0,0.37,2124.45,2123.01,0.39302325,0.39275685000000005,0.0,0.532799999999852,-0.2529801000001481,8827.693345071952,2.0,8827.946325171952,0.08904069769417058,1772669400.0,2026-03-05 00:05:00+00:00,2026-03-05 00:05:00+00:00,2026-03-05 00:09:00+00:00,2026-03-05 00:10:00+00:00,2359.675474562422,2122.5770085553745,2026-03-10 00:00:00+00:00,0.007962536575213812,-0.0029067004807719387,target,minute interval; not exact exchange fill
1128,3248645.0,3248691.0,-1.0,0.275,2072.98,2067.01,0.28503475000000006,0.28421387500000006,0.0,1.6417499999999452,1.072501374999945,8828.765846446951,2.0,8827.693345071952,0.06457740178732428,1772758320.0,2026-03-06 00:05:00+00:00,2026-03-06 00:05:00+00:00,2026-03-06 00:51:00+00:00,2026-03-06 00:52:00+00:00,2390.067478691925,2066.5960246436744,2026-03-11 00:00:00+00:00,0.02013316761248776,0.012299460754768428,target,minute interval; not exact exchange fill
1129,3250085.0,3251275.0,-1.0,0.339,1975.73,1948.28,0.33488623500000003,0.33023346000000003,0.021326095675200003,9.305550000000016,8.619104209324815,8837.384950656276,2.0,8828.765846446951,0.07586252502885703,1772913360.0,2026-03-07 00:05:00+00:00,2026-03-07 00:05:00+00:00,2026-03-07 19:55:00+00:00,2026-03-07 19:56:00+00:00,2232.7584727213853,1947.884634477197,2026-03-12 00:00:00+00:00,0.10833572338496075,0.09891933720028143,target,minute interval; not exact exchange fill
1130,3251525.0,3251611.0,-1.0,0.342,1971.3600000000001,1964.58,0.33710256000000005,0.33594318000000006,0.0,2.3187600000000685,1.6457142600000685,8839.030664916276,2.0,8837.384950656276,0.07629011565801858,1772933520.0,2026-03-08 00:05:00+00:00,2026-03-08 00:05:00+00:00,2026-03-08 01:31:00+00:00,2026-03-08 01:32:00+00:00,2226.7891772108696,1964.1829648999508,2026-03-13 00:00:00+00:00,0.02809794549870218,0.01883899894500944,target,minute interval; not exact exchange fill
1131,3252965.0,3259519.0,-1.0,0.337,1939.25,2198.63,0.32676362500000006,0.37046915500000005,-0.11849369102868941,-87.41106000000005,-87.98979908897135,8751.040865827303,1.0,8839.030664916276,0.07393652932939455,1773408000.0,2026-03-09 00:05:00+00:00,2026-03-09 00:05:00+00:00,2026-03-13 13:19:00+00:00,2026-03-13 13:20:00+00:00,2198.1878138828292,1923.6009561673807,2026-03-14 00:00:00+00:00,0.06043552928001703,-1.0083398896371831,stop,minute interval; not exact exchange fill
1132,3260165.0,3260793.0,-1.0,0.33,2087.67,2061.18,0.34446555,0.34009469999999997,0.01621945487953959,8.741700000000078,8.040920295120538,8759.081786122422,2.0,8751.040865827303,0.07872561796508878,1773484440.0,2026-03-14 00:05:00+00:00,2026-03-14 00:05:00+00:00,2026-03-14 10:33:00+00:00,2026-03-14 10:34:00+00:00,2349.458215748327,2060.7609142635783,2026-03-19 00:00:00+00:00,0.10278952266625743,0.09307686011410785,target,minute interval; not exact exchange fill
1133,3261605.0,3261609.0,-1.0,0.306,2091.96,2091.15,0.32006988000000003,0.31994595,0.0,0.2478599999999833,-0.39215583000001675,8758.689630292423,2.0,8759.081786122422,0.07308297554821497,1773533400.0,2026-03-15 00:05:00+00:00,2026-03-15 00:05:00+00:00,2026-03-15 00:09:00+00:00,2026-03-15 00:10:00+00:00,2374.4129851430957,2090.729294451037,2026-03-20 00:00:00+00:00,0.004357204964003894,-0.004537232981803312,target,minute interval; not exact exchange fill
1134,3263045.0,3263069.0,-1.0,0.3,2181.09,2167.28,0.3271635,0.32509200000000005,0.0,4.142999999999984,3.4907444999999835,8762.180374792422,2.0,8758.689630292423,0.07470603795994472,1773621000.0,2026-03-16 00:05:00+00:00,2026-03-16 00:05:00+00:00,2026-03-16 00:29:00+00:00,2026-03-16 00:30:00+00:00,2469.628303478662,2166.846543446577,2026-03-21 00:00:00+00:00,0.049364179319354974,0.04032676029392556,target,minute interval; not exact exchange fill
1135,3265925.0,3266583.0,-1.0,0.37,2317.57,2303.9500000000003,0.42875045,0.42623075000000005,-0.01115141742,5.03939999999996,4.195570217419959,8766.375945009842,2.0,8762.180374792422,0.09786387215525844,1773831840.0,2026-03-18 00:05:00+00:00,2026-03-18 00:05:00+00:00,2026-03-18 11:03:00+00:00,2026-03-18 11:04:00+00:00,2550.7164602508483,2303.483368317293,2026-03-23 00:00:00+00:00,0.06041966782404142,0.04863629048367094,target,minute interval; not exact exchange fill
1136,3267365.0,3267370.0,-1.0,0.406,2203.94,2199.25,0.44739982000000006,0.44644775000000003,0.0,1.9041400000000224,1.0102924300000224,8767.386237439843,2.0,8766.375945009842,0.10207178492149363,1773879060.0,2026-03-19 00:05:00+00:00,2026-03-19 00:05:00+00:00,2026-03-19 00:10:00+00:00,2026-03-19 00:11:00+00:00,2416.6155192333977,2198.8058943183673,2026-03-24 00:00:00+00:00,0.02414055787962304,0.011700476900066677,target,minute interval; not exact exchange fill
1137,3268805.0,3268955.0,-1.0,0.307,2134.12,2131.92,0.32758741999999996,0.32724972,0.0,0.6753999999999442,0.020562859999944172,8767.406800299843,2.0,8767.386237439843,0.07472863887325636,1773974160.0,2026-03-20 00:05:00+00:00,2026-03-20 00:05:00+00:00,2026-03-20 02:35:00+00:00,2026-03-20 02:36:00+00:00,2416.4126083968176,2131.483740184871,2026-03-25 00:00:00+00:00,0.00933874900267764,0.00023727153318043876,target,minute interval; not exact exchange fill
1138,3270245.0,3271669.0,-1.0,0.323,2146.79,2120.4700000000003,0.346706585,0.34245590500000006,-0.0222599867994,8.501359999999906,7.834457496799306,8775.241257796642,2.0,8767.406800299843,0.07908988208192706,1774137000.0,2026-03-21 00:05:00+00:00,2026-03-21 00:05:00+00:00,2026-03-21 23:49:00+00:00,2026-03-21 23:50:00+00:00,2415.1382076192185,2120.0382227343284,2026-03-26 00:00:00+00:00,0.09969053828610565,0.09038736119384684,target,minute interval; not exact exchange fill
1139,3273125.0,3273155.0,-1.0,0.34500000000000003,2052.58,2043.8600000000001,0.35407005,0.35256585000000007,0.0,3.008399999999931,2.301764099999931,8777.543021896643,2.0,8775.241257796642,0.08069750781732986,1774226160.0,2026-03-23 00:05:00+00:00,2026-03-23 00:05:00+00:00,2026-03-23 00:35:00+00:00,2026-03-23 00:36:00+00:00,2303.6447621355683,2043.4468106610336,2026-03-28 00:00:00+00:00,0.03637782244421311,0.026573940298309225,target,minute interval; not exact exchange fill
1140,3274565.0,3274569.0,-1.0,0.356,2148.3,2147.12,0.3823974,0.38218736,0.0,0.4200800000001036,-0.3445047599998964,8777.198517136643,2.0,8777.543021896643,0.08713085177618918,1774311000.0,2026-03-24 00:05:00+00:00,2026-03-24 00:05:00+00:00,2026-03-24 00:09:00+00:00,2026-03-24 00:10:00+00:00,2391.214465478495,2146.6895564278966,2026-03-29 00:00:00+00:00,0.006629673407597655,-0.003983747934045449,target,minute interval; not exact exchange fill
1141,3276005.0,3276030.0,-1.0,0.43,2155.96,2144.54,0.46353140000000004,0.4610761,0.0,4.910600000000032,3.9859925000000316,8781.184509636643,2.0,8777.198517136643,0.1056217195258827,1774398660.0,2026-03-25 00:05:00+00:00,2026-03-25 00:05:00+00:00,2026-03-25 00:30:00+00:00,2026-03-25 00:31:00+00:00,2356.5899375393446,2144.105825315809,2026-03-30 00:00:00+00:00,0.05908477483260157,0.04620322427295889,target,minute interval; not exact exchange fill
1142,3277445.0,3277450.0,-1.0,0.47500000000000003,2166.36,2165.78,0.5145105000000001,0.5143727500000002,0.0,0.27549999999996544,-0.7533832500000348,8780.431126386644,2.0,8781.184509636643,0.11718476008227961,1774483860.0,2026-03-26 00:05:00+00:00,2026-03-26 00:05:00+00:00,2026-03-26 00:10:00+00:00,2026-03-26 00:11:00+00:00,2348.147537680183,2165.3434652836195,2026-03-31 00:00:00+00:00,0.005591883411551712,-0.00872485551122008,target,minute interval; not exact exchange fill
1143,3278885.0,3279120.0,-1.0,0.359,2059.63,2055.17,0.36970358500000006,0.368903015,0.0,1.6011400000000129,0.8625334000000128,8781.293659786645,2.0,8780.431126386644,0.08421080461276663,1774584060.0,2026-03-27 00:05:00+00:00,2026-03-27 00:05:00+00:00,2026-03-27 04:00:00+00:00,2026-03-27 04:01:00+00:00,2300.8642252231725,2054.758244826028,2026-04-01 00:00:00+00:00,0.020195124342182007,0.009959614966646314,target,minute interval; not exact exchange fill
1144,3280325.0,3283122.0,-1.0,0.373,1991.93,1970.29,0.371494945,0.367459085,0.12388619467165429,8.071720000000036,7.2088797753283815,8788.502539561972,2.0,8781.293659786645,0.08461052764952769,1774824180.0,2026-03-28 00:05:00+00:00,2026-03-28 00:05:00+00:00,2026-03-29 22:42:00+00:00,2026-03-29 22:43:00+00:00,2224.491137983553,1969.8862232507902,2026-04-02 00:00:00+00:00,0.09478701790136944,0.0831039768613517,target,minute interval; not exact exchange fill
1145,3283205.0,3290400.0,-1.0,0.384,1979.72,2053.35,0.38010624000000004,0.3942432,0.13937906296275243,-28.273919999999954,-29.18764850296271,8759.314891059008,4.0,8788.502539561972,0.08650079767034917,1775260800.0,2026-03-30 00:05:00+00:00,2026-03-30 00:05:00+00:00,2026-04-04 00:00:00+00:00,2026-04-04 00:00:00+00:00,2205.670665622984,1973.7876964852876,2026-04-04 00:00:00+00:00,0.026254861867107463,-0.33639866074405117,timeout,minute interval; not exact exchange fill
1146,3291845.0,3291962.0,-1.0,0.357,2062.81,2055.45,0.36821158499999995,0.36689782499999996,0.0,2.6275200000000454,1.8924105900000454,8761.207301649007,2.0,8759.314891059008,0.0840731471763502,1775354580.0,2026-04-05 00:05:00+00:00,2026-04-05 00:05:00+00:00,2026-04-05 02:02:00+00:00,2026-04-05 02:03:00+00:00,2304.7559258105302,2055.0375329811445,2026-04-10 00:00:00+00:00,0.03212481050390616,0.021909317060173517,target,minute interval; not exact exchange fill
1147,3293285.0,3294660.0,-1.0,0.442,2119.57,2104.19,0.46842497000000005,0.46502599000000006,-0.07793097907179697,6.797960000000049,5.942440019071846,8767.149741668078,2.0,8761.207301649007,0.10693160288807105,1775516460.0,2026-04-06 00:05:00+00:00,2026-04-06 00:05:00+00:00,2026-04-06 23:00:00+00:00,2026-04-06 23:01:00+00:00,2314.4389034456385,2103.761197065373,2026-04-11 00:00:00+00:00,0.08112532402604372,0.06899220036941284,target,minute interval; not exact exchange fill
1148,3294725.0,3294830.0,-1.0,0.482,2108.46,2103.27,0.50813886,0.50688807,0.0,2.5015800000000263,1.4865530700000265,8768.636294738079,2.0,8767.149741668078,0.11591882766298438,1775526660.0,2026-04-07 00:05:00+00:00,2026-04-07 00:05:00+00:00,2026-04-07 01:50:00+00:00,2026-04-07 01:51:00+00:00,2287.24970599127,2102.842841205918,2026-04-12 00:00:00+00:00,0.03141768572714359,0.0172500703152935,target,minute interval; not exact exchange fill
1149,3296165.0,3296207.0,-1.0,0.454,2240.21,2227.98,0.50852767,0.50575146,0.0,5.552420000000009,4.538140870000008,8773.17443560808,2.0,8768.636294738079,0.11598785783945892,1775609280.0,2026-04-08 00:05:00+00:00,2026-04-08 00:05:00+00:00,2026-04-08 00:47:00+00:00,2026-04-08 00:48:00+00:00,2429.9749783817765,2227.5255757405794,2026-04-13 00:00:00+00:00,0.06684280928750538,0.0526751831936548,target,minute interval; not exact exchange fill
1150,3297605.0,3297618.0,-1.0,0.515,2188.83,2186.84,0.563623725,0.5631113000000001,0.0,1.0248499999998877,-0.10188502500011243,8773.07255058308,2.0,8773.17443560808,0.12848797869842754,1775693940.0,2026-04-09 00:05:00+00:00,2026-04-09 00:05:00+00:00,2026-04-09 00:18:00+00:00,2026-04-09 00:19:00+00:00,2355.9778388492296,2186.3978226674353,2026-04-14 00:00:00+00:00,0.014551054619129561,-0.0011835929280465843,target,minute interval; not exact exchange fill
1151,3299045.0,3299048.0,-1.0,0.369,2187.05,2185.1,0.40351072500000007,0.40315094999999995,0.0,0.7195500000001007,-0.0871116749998993,8772.98543890808,2.0,8773.07255058308,0.09198846189256277,1775779740.0,2026-04-10 00:05:00+00:00,2026-04-10 00:05:00+00:00,2026-04-10 00:08:00+00:00,2026-04-10 00:09:00+00:00,2421.349096692673,2184.6551665993306,2026-04-15 00:00:00+00:00,0.010221266041886685,-0.0010075796421417016,target,minute interval; not exact exchange fill
1152,3300485.0,3302023.0,-1.0,0.373,2238.4500000000003,2223.11,0.41747092500000005,0.41461001500000005,0.020437870696510735,5.721820000000054,4.869301189303544,8777.854740097382,2.0,8772.98543890808,0.09517191790801835,1775958240.0,2026-04-11 00:05:00+00:00,2026-04-11 00:05:00+00:00,2026-04-12 01:43:00+00:00,2026-04-12 01:44:00+00:00,2470.0744361498564,2222.661747222164,2026-04-16 00:00:00+00:00,0.0681631568770292,0.056360317581210254,target,minute interval; not exact exchange fill
1153,3303365.0,3303681.0,-1.0,0.396,2189.62,2185.15,0.43354476000000003,0.43265970000000004,0.0,1.7701199999999209,0.9039155399999208,8778.75865563738,2.0,8777.854740097382,0.09878148427760157,1776057720.0,2026-04-13 00:05:00+00:00,2026-04-13 00:05:00+00:00,2026-04-13 05:21:00+00:00,2026-04-13 05:22:00+00:00,2407.6919873928614,2184.7098876674413,2026-04-18 00:00:00+00:00,0.022516015886593025,0.010467254539610438,target,minute interval; not exact exchange fill
1154,3304805.0,3304811.0,-1.0,0.315,2369.03,2364.83,0.37312222500000003,0.372460725,0.0,1.3230000000000859,0.5774170500000859,8779.33607268738,2.0,8778.75865563738,0.08500569149611951,1776125520.0,2026-04-14 00:05:00+00:00,2026-04-14 00:05:00+00:00,2026-04-14 00:11:00+00:00,2026-04-14 00:12:00+00:00,2644.0478646200136,2364.351854825959,2026-04-19 00:00:00+00:00,0.017010331966997555,0.006665276099547164,target,minute interval; not exact exchange fill
1155,3306245.0,3306677.0,-1.0,0.393,2331.2200000000003,2307.76,0.4580847300000001,0.4534748400000001,0.0,9.219780000000014,8.308220430000015,8787.644293117379,2.0,8779.33607268738,0.10435521005400561,1776237480.0,2026-04-15 00:05:00+00:00,2026-04-15 00:05:00+00:00,2026-04-15 07:17:00+00:00,2026-04-15 07:18:00+00:00,2550.798197577884,2307.288781731528,2026-04-20 00:00:00+00:00,0.10898722428935036,0.09627781916964487,target,minute interval; not exact exchange fill
1156,3309125.0,3309201.0,-1.0,0.337,2345.73,2340.03,0.39525550500000006,0.39429505500000006,0.0,1.9208999999999388,1.1313494399999384,8788.775642557379,2.0,8787.644293117379,0.08995710154303135,1776388920.0,2026-04-17 00:05:00+00:00,2026-04-17 00:05:00+00:00,2026-04-17 01:21:00+00:00,2026-04-17 01:22:00+00:00,2603.0480451607195,2339.56007371478,2026-04-22 00:00:00+00:00,0.023977822003762465,0.013046578205982318,target,minute interval; not exact exchange fill
1157,3310565.0,3311055.0,-1.0,0.335,2418.68,2393.83,0.4051289,0.400966525,0.008652053905433976,8.32474999999997,7.510002521094536,8796.285645078473,2.0,8788.775642557379,0.09219234088495053,1776500160.0,2026-04-18 00:05:00+00:00,2026-04-18 00:05:00+00:00,2026-04-18 08:15:00+00:00,2026-04-18 08:16:00+00:00,2677.4644303202026,2393.3458214836974,2026-04-23 00:00:00+00:00,0.09789684211277948,0.08662776947468621,target,minute interval; not exact exchange fill
1158,3312005.0,3312144.0,-1.0,0.36,2350.78,2339.34,0.4231404,0.42108120000000004,0.0,4.11840000000002,3.27417840000002,8799.559823478472,2.0,8796.285645078473,0.09620888112853572,1776565500.0,2026-04-19 00:05:00+00:00,2026-04-19 00:05:00+00:00,2026-04-19 02:24:00+00:00,2026-04-19 02:25:00+00:00,2591.1739151889833,2338.8624459537327,2026-04-24 00:00:00+00:00,0.04957510691108222,0.0378334867288557,target,minute interval; not exact exchange fill
1159,3313445.0,3320640.0,-1.0,0.342,2270.12,2314.34,0.38819052,0.3957521400000001,0.16715613517678643,-15.123240000000088,-16.074338795176875,8783.485484683293,4.0,8799.559823478472,0.08822953142820911,1777075200.0,2026-04-20 00:05:00+00:00,2026-04-20 00:05:00+00:00,2026-04-25 00:00:00+00:00,2026-04-25 00:00:00+00:00,2523.5629913720177,2255.1390279587367,2026-04-25 00:00:00+00:00,0.05910982963136373,-0.18544995217556232,timeout,minute interval; not exact exchange fill
1160,3322085.0,3322295.0,-1.0,0.367,2317.8,2308.82,0.42531630000000004,0.42366847,0.0,3.2956600000000065,2.4466752300000065,8785.932159913295,2.0,8783.485484683293,0.09684453870656921,1777174560.0,2026-04-26 00:05:00+00:00,2026-04-26 00:05:00+00:00,2026-04-26 03:35:00+00:00,2026-04-26 03:36:00+00:00,2553.749383590411,2308.3532095643495,2026-05-01 00:00:00+00:00,0.040037360097746735,0.028254746414480378,target,minute interval; not exact exchange fill
1161,3323525.0,3323544.0,-1.0,0.339,2371.11,2363.76,0.4019031450000001,0.4006573200000001,0.0,2.4916499999999693,1.6890895349999693,8787.621249448293,2.0,8785.932159913295,0.09148787804980418,1777249500.0,2026-04-27 00:05:00+00:00,2026-04-27 00:05:00+00:00,2026-04-27 00:24:00+00:00,2026-04-27 00:25:00+00:00,2626.5631975598844,2363.281870623856,2026-05-02 00:00:00+00:00,0.030644084516926674,0.019504805763223526,target,minute interval; not exact exchange fill
1162,3324965.0,3324984.0,-1.0,0.37,2299.7200000000003,2298.98,0.42544820000000005,0.4253113,0.0,0.2738000000000875,-0.5769594999999126,8787.044289948293,2.0,8787.621249448293,0.09682897974846393,1777335900.0,2026-04-28 00:05:00+00:00,2026-04-28 00:05:00+00:00,2026-04-28 00:24:00+00:00,2026-04-28 00:25:00+00:00,2533.553749131894,2298.514944537111,2026-05-03 00:00:00+00:00,0.005153471076620929,-0.006668626773461228,target,minute interval; not exact exchange fill
1163,3326405.0,3327339.0,-1.0,0.461,2288.48,2275.44,0.52749464,0.52448892,-0.04996576625530735,6.0114399999999835,5.009422206255292,8792.053712154548,2.0,8787.044289948293,0.1200619053675224,1777477200.0,2026-04-29 00:05:00+00:00,2026-04-29 00:05:00+00:00,2026-04-29 15:39:00+00:00,2026-04-29 15:40:00+00:00,2475.6732980027978,2274.9831788281313,2026-05-04 00:00:00+00:00,0.07210098500250281,0.05804922358884792,target,minute interval; not exact exchange fill
1164,3327845.0,3327857.0,-1.0,0.483,2252.33,2249.44,0.543937695,0.5432397600000001,0.0,1.3958699999999384,0.30869254499993837,8792.362404699548,2.0,8792.053712154548,0.12373393357413978,1777508280.0,2026-04-30 00:05:00+00:00,2026-04-30 00:05:00+00:00,2026-04-30 00:17:00+00:00,2026-04-30 00:18:00+00:00,2430.898525346046,2248.986624353402,2026-05-05 00:00:00+00:00,0.018723208024027826,0.0035791021892650917,target,minute interval; not exact exchange fill
1165,3329285.0,3336480.0,-1.0,0.382,2261.96,2359.9500000000003,0.43203436,0.4507504500000001,-0.015852812632980648,-37.43218000000009,-38.29911199736711,8754.063292702183,4.0,8792.362404699548,0.09827492091751726,1778025600.0,2026-05-01 00:05:00+00:00,2026-05-01 00:05:00+00:00,2026-05-06 00:00:00+00:00,2026-05-06 00:00:00+00:00,2488.5723162780932,2249.8011724975654,2026-05-06 00:00:00+00:00,0.05365475143687076,-0.44242721285922443,timeout,minute interval; not exact exchange fill
1166,3337925.0,3337927.0,-1.0,0.7030000000000001,2348.83,2348.4500000000003,0.8256137450000002,0.8254801750000001,0.0,0.26713999999975707,-1.383953920000243,8752.679338782182,2.0,8754.063292702183,0.18862412056999228,1778112480.0,2026-05-07 00:05:00+00:00,2026-05-07 00:05:00+00:00,2026-05-07 00:07:00+00:00,2026-05-07 00:08:00+00:00,2469.8694498991795,2347.9793813359934,2026-05-12 00:00:00+00:00,0.007027615085123801,-0.016264449331520714,target,minute interval; not exact exchange fill
1167,3339365.0,3339397.0,-1.0,0.577,2290.67,2288.39,0.660858295,0.6602005149999999,0.0,1.3155600000001153,-0.005498809999884613,8752.673839972182,2.0,8752.679338782182,0.15100708466990398,1778200680.0,2026-05-08 00:05:00+00:00,2026-05-08 00:05:00+00:00,2026-05-08 00:37:00+00:00,2026-05-08 00:38:00+00:00,2439.004010482208,2287.929176019193,2026-05-13 00:00:00+00:00,0.018477380689007006,-6.424689771967785e-05,target,minute interval; not exact exchange fill
1168,3340805.0,3341711.0,-1.0,0.608,2303.75,2299.65,0.7003400000000001,0.6990936000000001,-0.06068203260633035,2.492799999999945,1.154048432606275,8753.827888404789,2.0,8752.673839972182,0.1600288124073925,1778339520.0,2026-05-09 00:05:00+00:00,2026-05-09 00:05:00+00:00,2026-05-09 15:11:00+00:00,2026-05-09 15:12:00+00:00,2444.264583366347,2299.187315965834,2026-05-14 00:00:00+00:00,0.03247124906793715,0.013508248960413374,target,minute interval; not exact exchange fill
1169,3342245.0,3342298.0,-1.0,0.766,2323.26,2320.9,0.8898085800000002,0.8889047000000001,0.0,1.8077600000000975,0.029046720000097226,8753.85693512479,2.0,8753.827888404789,0.20329588183442115,1778374740.0,2026-05-10 00:05:00+00:00,2026-05-10 00:05:00+00:00,2026-05-10 00:58:00+00:00,2026-05-10 00:59:00+00:00,2434.125518704553,2320.4324670765373,2026-05-15 00:00:00+00:00,0.02550416898330762,0.0003420360130292673,target,minute interval; not exact exchange fill
1170,3343685.0,3343686.0,-1.0,0.707,2369.06,2368.3,0.8374627099999999,0.8371940500000001,0.0,0.5373199999998328,-1.1373367600001671,8752.719598364789,2.0,8753.85693512479,0.19133570863825444,1778458020.0,2026-05-11 00:05:00+00:00,2026-05-11 00:05:00+00:00,2026-05-11 00:06:00+00:00,2026-05-11 00:07:00+00:00,2489.485523755097,2367.816699195323,2026-05-16 00:00:00+00:00,0.010324229996336386,-0.013358297724921874,target,minute interval; not exact exchange fill
1171,3345125.0,3345126.0,-1.0,0.704,2336.76,2337.1,0.8225395200000001,0.8226591999999999,0.0,-0.2393599999997823,-1.8845587199997822,8750.835039644788,2.0,8752.719598364789,0.18795061597852844,1778544420.0,2026-05-12 00:05:00+00:00,2026-05-12 00:05:00+00:00,2026-05-12 00:06:00+00:00,2026-05-12 00:07:00+00:00,2457.710558139665,2336.6245889075435,2026-05-17 00:00:00+00:00,0.0011195574004738695,-0.022132431971984542,target,minute interval; not exact exchange fill
1172,3346565.0,3347379.0,-1.0,0.854,2274.34,2266.79,0.97114318,0.96791933,-0.0991187031408,6.447700000000156,4.607756193140955,8755.44279583793,2.0,8750.835039644788,0.22195440220283721,1778679600.0,2026-05-13 00:05:00+00:00,2026-05-13 00:05:00+00:00,2026-05-13 13:39:00+00:00,2026-05-13 13:40:00+00:00,2373.579936889136,2266.336269224977,2026-05-18 00:00:00+00:00,0.08065030093644958,0.05436822336180702,target,minute interval; not exact exchange fill
1173,3348005.0,3348172.0,-1.0,0.989,2260.13,2249.89,1.117634285,1.112570605,0.0,10.127360000000234,7.897155110000234,8763.33995094793,2.0,8755.44279583793,0.2553004596252492,1778727180.0,2026-05-14 00:05:00+00:00,2026-05-14 00:05:00+00:00,2026-05-14 02:52:00+00:00,2026-05-14 02:53:00+00:00,2345.3975736046477,2249.436733415547,2026-05-19 00:00:00+00:00,0.12540836020540913,0.09364626741958802,target,minute interval; not exact exchange fill
1174,3349445.0,3349531.0,-1.0,0.6950000000000001,2283.82,2279.42,0.7936274500000002,0.7920984500000001,0.0,3.0580000000000633,1.472274100000063,8764.812225047928,2.0,8763.33995094793,0.18112442389368988,1778808720.0,2026-05-15 00:05:00+00:00,2026-05-15 00:05:00+00:00,2026-05-15 01:31:00+00:00,2026-05-15 01:32:00+00:00,2406.5520280643173,2278.9610864242236,2026-05-20 00:00:00+00:00,0.039589613668163944,0.017260205289608383,target,minute interval; not exact exchange fill
1175,3350885.0,3351154.0,-1.0,0.681,2224.34,2217.7200000000003,0.7573877700000001,0.7551336600000003,0.0,4.508219999999926,2.9956985699999255,8767.80792361793,2.0,8764.812225047928,0.17282464257147473,1778906100.0,2026-05-16 00:05:00+00:00,2026-05-16 00:05:00+00:00,2026-05-16 04:34:00+00:00,2026-05-16 04:35:00+00:00,2349.7658051413778,2217.2733780123385,2026-05-21 00:00:00+00:00,0.05634105341955952,0.035072288314525496,target,minute interval; not exact exchange fill
1176,3352325.0,3352379.0,-1.0,0.808,2182.56,2175.35,0.88175424,0.8788414,0.0,5.8256800000000295,4.0650843600000295,8771.87300797793,2.0,8767.80792361793,0.20113447914952837,1778979600.0,2026-05-17 00:05:00+00:00,2026-05-17 00:05:00+00:00,2026-05-17 00:59:00+00:00,2026-05-17 01:00:00+00:00,2287.8737989035108,2174.909584948096,2026-05-22 00:00:00+00:00,0.07264399472393337,0.04777194491492528,target,minute interval; not exact exchange fill
1177,3355205.0,3355282.0,-1.0,0.759,2127.7200000000003,2127.57,0.8074697400000002,0.8074128150000001,0.0,0.11385000000006903,-1.5010325549999313,8770.37197542293,2.0,8771.87300797793,0.18410429318017132,1779153780.0,2026-05-19 00:05:00+00:00,2026-05-19 00:05:00+00:00,2026-05-19 01:22:00+00:00,2026-05-19 01:23:00+00:00,2240.2497677252472,2127.1364989034164,2026-05-24 00:00:00+00:00,0.005185304372159882,-0.017574416440888186,target,minute interval; not exact exchange fill
1178,3356645.0,3356653.0,-1.0,0.9390000000000001,2111.07,2104.83,0.9911473650000002,0.9882176850000001,0.0,5.859360000000223,3.879994950000223,8774.251970372929,2.0,8770.37197542293,0.22602173950602694,1779236040.0,2026-05-20 00:05:00+00:00,2026-05-20 00:05:00+00:00,2026-05-20 00:13:00+00:00,2026-05-20 00:14:00+00:00,2201.4066231160286,2104.408496708991,2026-05-25 00:00:00+00:00,0.07374089335233362,0.04574058513005325,target,minute interval; not exact exchange fill
1179,3358085.0,3358705.0,-1.0,1.029,2130.52,2121.27,1.0961525399999998,1.091393415,-0.05560148786568939,9.518249999999998,7.386305532865688,8781.638275905794,2.0,8774.251970372929,0.24985663591637441,1779359160.0,2026-05-21 00:05:00+00:00,2026-05-21 00:05:00+00:00,2026-05-21 10:25:00+00:00,2026-05-21 10:26:00+00:00,2212.7513396576232,2120.8410984556413,2026-05-26 00:00:00+00:00,0.11770331828056797,0.08729201685888267,target,minute interval; not exact exchange fill
1180,3359525.0,3359530.0,-1.0,0.754,2130.83,2130.43,0.80332291,0.80317211,0.0,0.3016000000000686,-1.3048950199999314,8780.333380885793,2.0,8781.638275905794,0.182955135422528,1779408660.0,2026-05-22 00:05:00+00:00,2026-05-22 00:05:00+00:00,2026-05-22 00:10:00+00:00,2026-05-22 00:11:00+00:00,2244.267419275862,2130.0016963985036,2026-05-27 00:00:00+00:00,0.007301855126676226,-0.015256253280862202,target,minute interval; not exact exchange fill
1181,3360965.0,3361000.0,-1.0,0.765,2065.68,2059.69,0.7901225999999999,0.7878314250000001,0.0,4.582349999999833,3.0043959749998326,8783.337776860793,2.0,8780.333380885793,0.17997553526157553,1779496860.0,2026-05-23 00:05:00+00:00,2026-05-23 00:05:00+00:00,2026-05-23 00:40:00+00:00,2026-05-23 00:41:00+00:00,2177.4533910504347,2059.277362974951,2026-05-28 00:00:00+00:00,0.057282300956226384,0.03513640378171654,target,minute interval; not exact exchange fill
1182,3362405.0,3363234.0,-1.0,0.745,2115.75,2112.26,0.788116875,0.78681685,-0.1269829386375,2.6000499999998374,1.1520992136373374,8784.489876074433,2.0,8783.337776860793,0.17945726215294813,1779630900.0,2026-05-24 00:05:00+00:00,2026-05-24 00:05:00+00:00,2026-05-24 13:54:00+00:00,2026-05-24 13:55:00+00:00,2230.603804130271,2111.835329088988,2026-05-29 00:00:00+00:00,0.03408394646268493,0.013464437762512051,target,minute interval; not exact exchange fill
1183,3363845.0,3363958.0,-1.0,0.721,2100.39,2097.01,0.757190595,0.7559721050000001,0.0,2.4369799999997506,0.9238172999997505,8785.413693374432,2.0,8784.489876074433,0.17239261600432723,1779674340.0,2026-05-25 00:05:00+00:00,2026-05-25 00:05:00+00:00,2026-05-25 01:58:00+00:00,2026-05-25 01:59:00+00:00,2219.2226593548444,2096.5856785954797,2026-05-30 00:00:00+00:00,0.032014106434831976,0.010782389344444294,target,minute interval; not exact exchange fill
1184,3365285.0,3365289.0,-1.0,0.707,2110.37,2110.07,0.7460157949999999,0.7459097450000001,0.0,0.21209999999980708,-1.2798255400001928,8784.133867834431,2.0,8785.413693374432,0.16983054436300749,1779754200.0,2026-05-26 00:05:00+00:00,2026-05-26 00:05:00+00:00,2026-05-26 00:09:00+00:00,2026-05-26 00:10:00+00:00,2231.5079367549606,2109.6474657736176,2026-05-31 00:00:00+00:00,0.005964557806889787,-0.014943460723307577,target,minute interval; not exact exchange fill
1185,3366725.0,3366975.0,-1.0,1.038,2075.45,2066.18,1.0771585499999998,1.07234742,0.0,9.622259999999981,7.472754029999981,8791.60662186443,2.0,8784.133867834431,0.24525094134649245,1779855360.0,2026-05-27 00:05:00+00:00,2026-05-27 00:05:00+00:00,2026-05-27 04:15:00+00:00,2026-05-27 04:16:00+00:00,2157.146919074208,2065.758082102191,2026-06-01 00:00:00+00:00,0.11863259970679156,0.0881206425111416,target,minute interval; not exact exchange fill
1186,3368165.0,3368237.0,-1.0,0.966,2023.63,2016.01,0.9774132900000001,0.97373283,0.0,7.360920000000114,5.409773880000113,8797.01639574443,2.0,8791.60662186443,0.22235146135160463,1779931080.0,2026-05-28 00:05:00+00:00,2026-05-28 00:05:00+00:00,2026-05-28 01:17:00+00:00,2026-05-28 01:18:00+00:00,2111.7044729454697,2015.6027684256783,2026-06-02 00:00:00+00:00,0.09114140914918462,0.06358459849617737,target,minute interval; not exact exchange fill
1187,3369605.0,3369691.0,-1.0,0.731,2010.19,2006.38,0.7347244450000001,0.7333318900000001,0.0,2.78510999999996,1.31705366499996,8798.33344940943,2.0,8797.01639574443,0.16703946246034604,1780018320.0,2026-05-29 00:05:00+00:00,2026-05-29 00:05:00+00:00,2026-05-29 01:31:00+00:00,2026-05-29 01:32:00+00:00,2127.651282293529,2005.9710612264348,2026-06-03 00:00:00+00:00,0.035917697229137596,0.01533879900525486,target,minute interval; not exact exchange fill
1188,3371045.0,3371307.0,-1.0,0.74,2011.57,2007.97,0.7442809,0.7429489,0.0,2.6639999999999326,1.1767701999999325,8799.51021960943,2.0,8798.33344940943,0.16918679072113554,1780115280.0,2026-05-30 00:05:00+00:00,2026-05-30 00:05:00+00:00,2026-05-30 04:27:00+00:00,2026-05-30 04:28:00+00:00,2127.5166022466847,2007.5680205454905,2026-06-04 00:00:00+00:00,0.03451571134439033,0.013715192762756257,target,minute interval; not exact exchange fill
1189,3372485.0,3373079.0,-1.0,0.861,2019.71,2017.71,0.869485155,0.868624155,-0.1258707728418,1.722,0.10976146284179997,8799.61998107227,2.0,8799.51021960943,0.19762126147939002,1780221600.0,2026-05-31 00:05:00+00:00,2026-05-31 00:05:00+00:00,2026-05-31 09:59:00+00:00,2026-05-31 10:00:00+00:00,2118.9820446048197,2017.3010565671627,2026-06-05 00:00:00+00:00,0.024266080571089085,0.0012841618635686957,target,minute interval; not exact exchange fill
1190,3373925.0,3373989.0,-1.0,0.87,2013.0,2004.6100000000001,0.875655,0.87200535,0.0,7.2992999999998895,5.551639649999889,8805.17162072227,2.0,8799.61998107227,0.19902109452078812,1780276200.0,2026-06-01 00:05:00+00:00,2026-06-01 00:05:00+00:00,2026-06-01 01:09:00+00:00,2026-06-01 01:10:00+00:00,2111.236765021723,2004.2066459673656,2026-06-06 00:00:00+00:00,0.08951184447787891,0.06495729983157335,target,minute interval; not exact exchange fill
1191,3376805.0,3376903.0,-1.0,0.888,1858.56,1851.13,0.82520064,0.8219017200000001,0.0,6.597839999999855,4.950737639999854,8810.12235836227,2.0,8805.17162072227,0.18743544715425103,1780451040.0,2026-06-03 00:05:00+00:00,2026-06-03 00:05:00+00:00,2026-06-03 01:43:00+00:00,2026-06-03 01:44:00+00:00,1955.0019277266815,1850.75443790562,2026-06-08 00:00:00+00:00,0.08093535953056633,0.05780841519261146,target,minute interval; not exact exchange fill
1192,3378245.0,3378265.0,-1.0,0.889,1815.42,1803.73,0.80695419,0.8017579850000001,0.0,10.392410000000048,8.783697825000047,8818.90605618727,2.0,8810.12235836227,0.18318796429292866,1780532760.0,2026-06-04 00:05:00+00:00,2026-06-04 00:05:00+00:00,2026-06-04 00:25:00+00:00,2026-06-04 00:26:00+00:00,1911.9519371362867,1803.3604929020626,2026-06-09 00:00:00+00:00,0.12492764007119786,0.10235394930540531,target,minute interval; not exact exchange fill
1193,3381125.0,3381255.0,-1.0,0.544,1597.27,1574.05,0.43445744000000003,0.42814160000000007,0.0,12.631680000000015,11.769080960000016,8830.67513714727,2.0,8818.90605618727,0.09852864680312323,1780712160.0,2026-06-06 00:05:00+00:00,2026-06-06 00:05:00+00:00,2026-06-06 02:15:00+00:00,2026-06-06 02:16:00+00:00,1757.08540733234,1573.7312260032616,2026-06-11 00:00:00+00:00,0.14728726341002257,0.13537080286014527,target,minute interval; not exact exchange fill
1194,3382565.0,3389760.0,-1.0,0.56,1569.65,1672.91,0.43950200000000006,0.4684148000000001,0.5399265431725718,-57.8256,-59.273443343172566,8771.401693804097,4.0,8830.67513714727,0.09953984110482865,1781222400.0,2026-06-07 00:05:00+00:00,2026-06-07 00:05:00+00:00,2026-06-12 00:00:00+00:00,2026-06-12 00:00:00+00:00,1725.0290418874201,1561.9000838639436,2026-06-12 00:00:00+00:00,0.04987748696295689,-0.6812079238979342,timeout,minute interval; not exact exchange fill
1195,3391205.0,3393515.0,-1.0,0.389,1664.2,1655.0,0.32368690000000006,0.32189750000000006,-0.02939476668109989,3.578800000000018,2.9626103666811177,8774.364304170776,2.0,8771.401693804097,0.07380505677414011,1781447760.0,2026-06-13 00:05:00+00:00,2026-06-13 00:05:00+00:00,2026-06-14 14:35:00+00:00,2026-06-14 14:36:00+00:00,1887.1238316881809,1654.6650991173678,2026-06-18 00:00:00+00:00,0.042772012352494164,0.03416397832045495,target,minute interval; not exact exchange fill
1196,3394085.0,3394119.0,-1.0,0.372,1724.8500000000001,1720.5900000000001,0.32082210000000005,0.32002974,0.0,1.5847199999999966,0.9438681599999965,8775.308172330777,2.0,8774.364304170776,0.07312714377439322,1781484000.0,2026-06-15 00:05:00+00:00,2026-06-15 00:05:00+00:00,2026-06-15 00:39:00+00:00,2026-06-15 00:40:00+00:00,1957.9586228733715,1720.2449344276172,2026-06-20 00:00:00+00:00,0.019755020280328738,0.010884539442276596,target,minute interval; not exact exchange fill
1197,3395525.0,3395545.0,-1.0,0.34500000000000003,1794.82,1791.51,0.30960645,0.309035475,0.0,1.1419499999999814,0.5233080749999814,8775.831480405777,2.0,8775.308172330777,0.0705630945192815,1781569560.0,2026-06-16 00:05:00+00:00,2026-06-16 00:05:00+00:00,2026-06-16 00:25:00+00:00,2026-06-16 00:26:00+00:00,2046.0387379418073,1791.1493432162772,2026-06-21 00:00:00+00:00,0.0146113972779093,0.006037905501902918,target,minute interval; not exact exchange fill
1198,3396965.0,3397434.0,-1.0,0.497,1792.04,1778.18,0.44532193999999997,0.44187772999999997,0.0,6.88841999999995,6.00122032999995,8781.832700735777,2.0,8775.831480405777,0.10148826148138596,1781682900.0,2026-06-17 00:05:00+00:00,2026-06-17 00:05:00+00:00,2026-06-17 07:54:00+00:00,2026-06-17 07:55:00+00:00,1965.9566919676072,1777.8243510797226,2026-06-22 00:00:00+00:00,0.0817382665197257,0.06942916095856344,target,minute interval; not exact exchange fill
1199,3398405.0,3398536.0,-1.0,0.362,1751.55,1749.6100000000001,0.31703055,0.31667941000000005,0.0,0.7022799999999374,0.06857003999993733,8781.901270775776,2.0,8781.832700735777,0.07220145516400875,1781749020.0,2026-06-18 00:05:00+00:00,2026-06-18 00:05:00+00:00,2026-06-18 02:16:00+00:00,2026-06-18 02:17:00+00:00,1991.0276016781095,1749.2571256883348,2026-06-23 00:00:00+00:00,0.009574483357099543,0.0007909716761504615,target,minute interval; not exact exchange fill
1200,3399845.0,3399989.0,-1.0,0.34400000000000003,1710.15,1704.51,0.29414580000000007,0.29317572000000003,0.0,1.9401600000000345,1.3528384800000344,8783.254109255775,2.0,8781.901270775776,0.06698909289241321,1781836200.0,2026-06-19 00:05:00+00:00,2026-06-19 00:05:00+00:00,2026-06-19 02:29:00+00:00,2026-06-19 02:30:00+00:00,1962.6274683836482,1704.1666917100104,2026-06-24 00:00:00+00:00,0.0236983851600488,0.015576320632399061,target,minute interval; not exact exchange fill
1201,3401285.0,3405980.0,-1.0,0.35100000000000003,1708.07,1700.28,0.299766285,0.29839914000000006,-0.1311955261427722,2.7342899999999877,2.2673201011427597,8785.521429356919,2.0,8783.254109255775,0.06825859328927007,1782195660.0,2026-06-20 00:05:00+00:00,2026-06-20 00:05:00+00:00,2026-06-23 06:20:00+00:00,2026-06-23 06:21:00+00:00,1955.586863162672,1699.9316573653907,2026-06-25 00:00:00+00:00,0.0328799522207122,0.02609762157300691,target,minute interval; not exact exchange fill
1202,3407045.0,3407831.0,-1.0,0.583,1666.5,1653.96,0.48578475,0.48212933999999996,-0.021563587636725907,7.310819999999978,6.364469497636704,8791.885898854556,2.0,8785.521429356919,0.11058757386368549,1782306720.0,2026-06-24 00:05:00+00:00,2026-06-24 00:05:00+00:00,2026-06-24 13:11:00+00:00,2026-06-24 13:12:00+00:00,1814.6407541609112,1653.6289895766777,2026-06-29 00:00:00+00:00,0.0868836566698032,0.07369178959335129,target,minute interval; not exact exchange fill
1203,3408485.0,3408498.0,-1.0,0.41600000000000004,1623.6200000000001,1621.6000000000001,0.33771296000000006,0.33729280000000006,0.0,0.8403199999999925,0.1653142399999924,8792.051213094557,2.0,8791.885898854556,0.07682378135594292,1782346740.0,2026-06-25 00:05:00+00:00,2026-06-25 00:05:00+00:00,2026-06-25 00:18:00+00:00,2026-06-25 00:19:00+00:00,1832.2741383236603,1621.2747131744995,2026-06-30 00:00:00+00:00,0.011240068585951635,0.0019045392686319895,target,minute interval; not exact exchange fill
1204,3409925.0,3409974.0,-1.0,0.536,1568.08,1563.33,0.42024544,0.41897244,0.0,2.5460000000000003,1.7067821200000002,8793.757995214557,2.0,8792.051213094557,0.09559667700163119,1782435300.0,2026-06-26 00:05:00+00:00,2026-06-26 00:05:00+00:00,2026-06-26 00:54:00+00:00,2026-06-26 00:55:00+00:00,1729.735716855633,1563.0133656068692,2026-07-01 00:00:00+00:00,0.03134212938262781,0.019698004264481046,target,minute interval; not exact exchange fill
1205,3411365.0,3411394.0,-1.0,0.601,1578.75,1571.3,0.474414375,0.47217564999999995,0.0,4.477450000000027,3.5308599750000265,8797.288855189558,2.0,8793.757995214557,0.10789798292338039,1782520500.0,2026-06-27 00:05:00+00:00,2026-06-27 00:05:00+00:00,2026-06-27 00:34:00+00:00,2026-06-27 00:35:00+00:00,1722.640397371689,1570.9778735272885,2026-07-02 00:00:00+00:00,0.054014212307962745,0.04082951404202577,target,minute interval; not exact exchange fill
1206,3412805.0,3413125.0,-1.0,0.788,1572.3600000000001,1568.0900000000001,0.6195098400000001,0.6178274600000001,0.0,3.3647599999999858,2.1274226999999857,8799.416277889557,2.0,8797.288855189558,0.14084108188275496,1782624360.0,2026-06-28 00:05:00+00:00,2026-06-28 00:05:00+00:00,2026-06-28 05:25:00+00:00,2026-06-28 05:26:00+00:00,1681.6491041426877,1567.7683879548304,2026-07-03 00:00:00+00:00,0.04201344755443296,0.02470305728259206,target,minute interval; not exact exchange fill
1207,3415685.0,3415690.0,-1.0,0.8130000000000001,1612.41,1610.41,0.6554446650000001,0.6546316650000001,0.0,1.6260000000000001,0.3159236699999999,8799.732201559556,2.0,8799.416277889557,0.14897457838128356,1782778260.0,2026-06-30 00:05:00+00:00,2026-06-30 00:05:00+00:00,2026-06-30 00:10:00+00:00,2026-06-30 00:11:00+00:00,1718.351359314985,1610.0836073326575,2026-07-05 00:00:00+00:00,0.021959248799383012,0.003667972570038898,target,minute interval; not exact exchange fill
1208,3417125.0,3417190.0,-1.0,1.041,1573.74,1564.3700000000001,0.81913167,0.814254585,0.0,9.754169999999887,8.120783744999887,8807.852985304557,2.0,8799.732201559556,0.1861719541544292,1782868260.0,2026-07-01 00:05:00+00:00,2026-07-01 00:05:00+00:00,2026-07-01 01:10:00+00:00,2026-07-01 01:11:00+00:00,1656.0441922004966,1564.0510520881294,2026-07-06 00:00:00+00:00,0.11772119563810227,0.09478186701591643,target,minute interval; not exact exchange fill
1209,3420005.0,3420030.0,-1.0,0.545,1700.01,1696.3600000000001,0.4632527250000001,0.46225810000000006,0.0,1.9892499999999258,1.0637391749999257,8808.916724479557,2.0,8807.852985304557,0.10519083953215683,1783038660.0,2026-07-03 00:05:00+00:00,2026-07-03 00:05:00+00:00,2026-07-03 00:30:00+00:00,2026-07-03 00:31:00+00:00,1859.1094725054365,1696.011035877215,2026-07-08 00:00:00+00:00,0.025134992968932908,0.012267891082625484,target,minute interval; not exact exchange fill
1210,3421445.0,3421509.0,-1.0,0.5720000000000001,1757.41,1750.55,0.50261926,0.5006573000000001,0.0,3.923920000000073,2.920643440000073,8811.837367919557,2.0,8808.916724479557,0.11411602032818524,1783127400.0,2026-07-04 00:05:00+00:00,2026-07-04 00:05:00+00:00,2026-07-04 01:09:00+00:00,2026-07-04 01:10:00+00:00,1908.687772406552,1750.1990481883076,2026-07-09 00:00:00+00:00,0.04766696188725823,0.03375261228912028,target,minute interval; not exact exchange fill
1211,3422885.0,3422902.0,-1.0,0.559,1775.88,1773.21,0.4963584600000001,0.49561219500000003,0.0,1.4925300000000408,0.5005593450000405,8812.337927264558,2.0,8811.837367919557,0.11265719946376825,1783210980.0,2026-07-05 00:05:00+00:00,2026-07-05 00:05:00+00:00,2026-07-05 00:22:00+00:00,2026-07-05 00:23:00+00:00,1930.7985257602554,1772.8528199970901,2026-07-10 00:00:00+00:00,0.019540464822100714,0.00578016732089122,target,minute interval; not exact exchange fill
1212,3424325.0,3424327.0,-1.0,0.522,1786.38,1782.41,0.4662451800000001,0.46520901000000003,0.0,2.0723400000000143,1.140885810000014,8813.478813074558,2.0,8812.337927264558,0.10581645503118545,1783296480.0,2026-07-06 00:05:00+00:00,2026-07-06 00:05:00+00:00,2026-07-06 00:07:00+00:00,2026-07-06 00:08:00+00:00,1952.3732098846615,1782.0474262248292,2026-07-11 00:00:00+00:00,0.0261009096587826,0.013166833760963302,target,minute interval; not exact exchange fill
1213,3425765.0,3425775.0,-1.0,0.5630000000000001,1798.3600000000001,1796.69,0.5062383400000001,0.5057682350000001,0.0,0.9402100000000411,-0.07179657499995917,8813.40701649956,2.0,8813.478813074558,0.1148782111438242,1783383360.0,2026-07-07 00:05:00+00:00,2026-07-07 00:05:00+00:00,2026-07-07 00:15:00+00:00,2026-07-07 00:16:00+00:00,1952.1431284576925,1796.326267954682,2026-07-12 00:00:00+00:00,0.013224675981784829,-0.0008292522156291755,target,minute interval; not exact exchange fill
1214,3427205.0,3427296.0,-1.0,0.711,1772.75,1762.15,0.630212625,0.626444325,0.0,7.536599999999935,6.279943049999936,8819.68695954956,2.0,8813.40701649956,0.14301225934991552,1783474620.0,2026-07-08 00:05:00+00:00,2026-07-08 00:05:00+00:00,2026-07-08 01:36:00+00:00,2026-07-08 01:37:00+00:00,1894.0875287709734,1761.7948891878088,2026-07-13 00:00:00+00:00,0.09028625292731238,0.07279322472993077,target,minute interval; not exact exchange fill
1215,3430085.0,3430090.0,-1.0,0.5650000000000001,1742.68,1740.88,0.49230710000000005,0.4917986000000001,0.0,1.0169999999999744,0.032894299999974175,8819.71985384956,2.0,8819.68695954956,0.1116382253152312,1783642260.0,2026-07-10 00:05:00+00:00,2026-07-10 00:05:00+00:00,2026-07-10 00:10:00+00:00,2026-07-10 00:11:00+00:00,1896.1274419618826,1740.52846465283,2026-07-15 00:00:00+00:00,0.014021317785828375,0.0003794132978405503,target,minute interval; not exact exchange fill
1216,3431525.0,3431539.0,-1.0,0.6,1793.5,1789.6100000000001,0.5380499999999999,0.536883,0.0,2.3339999999999237,1.2590669999999238,8820.97892084956,2.0,8819.71985384956,0.12201067809770767,1783729200.0,2026-07-11 00:05:00+00:00,2026-07-11 00:05:00+00:00,2026-07-11 00:19:00+00:00,2026-07-11 00:20:00+00:00,1937.8881772521436,1789.2444537096385,2026-07-16 00:00:00+00:00,0.02947295527479436,0.014533357508457084,target,minute interval; not exact exchange fill
1217,3432965.0,3432991.0,-1.0,0.626,1787.38,1780.52,0.5594499400000001,0.55730276,0.0,4.29436000000008,3.17760730000008,8824.15652814956,2.0,8820.97892084956,0.12684531842098964,1783816320.0,2026-07-12 00:05:00+00:00,2026-07-12 00:05:00+00:00,2026-07-12 00:31:00+00:00,2026-07-12 00:32:00+00:00,1925.5450291610566,1780.1545958571105,2026-07-17 00:00:00+00:00,0.052295462800989075,0.03673903614266289,target,minute interval; not exact exchange fill
1218,3434405.0,3434521.0,-1.0,0.544,1811.8500000000001,1803.29,0.49282320000000013,0.49049488,0.0,4.6566400000000945,3.6733219200000944,8827.82985006956,2.0,8824.15652814956,0.11169865322036528,1783908120.0,2026-07-13 00:05:00+00:00,2026-07-13 00:05:00+00:00,2026-07-13 02:01:00+00:00,2026-07-13 02:02:00+00:00,1971.4915335117064,1802.92582238012,2026-07-18 00:00:00+00:00,0.05590135238349917,0.042297451367848626,target,minute interval; not exact exchange fill
1219,3435845.0,3435846.0,-1.0,0.616,1774.95,1774.06,0.5466846000000001,0.54641048,0.0,0.5482400000000616,-0.5448550799999385,8827.28499498956,2.0,8827.82985006956,0.12385481126954262,1783987620.0,2026-07-14 00:05:00+00:00,2026-07-14 00:05:00+00:00,2026-07-14 00:06:00+00:00,2026-07-14 00:07:00+00:00,1915.6401202688744,1773.703099061613,2026-07-19 00:00:00+00:00,0.008862746978991688,-0.0062869020106707816,target,minute interval; not exact exchange fill
1220,3437285.0,3437302.0,-1.0,0.621,1889.07,1881.64,0.586556235,0.58424922,0.0,4.614029999999898,3.4432245449998984,8830.72821953456,2.0,8827.28499498956,0.13289618163069034,1784074980.0,2026-07-15 00:05:00+00:00,2026-07-15 00:05:00+00:00,2026-07-15 00:22:00+00:00,2026-07-15 00:23:00+00:00,2028.481887548603,1881.2568137006683,2026-07-20 00:00:00+00:00,0.056043902974972006,0.03977168014504366,target,minute interval; not exact exchange fill
1221,3438725.0,3438740.0,-1.0,0.52,1920.88,1917.1000000000001,0.49942880000000006,0.49844600000000006,0.0,1.9655999999999858,0.9677251999999857,8831.69594473456,2.0,8830.72821953456,0.11311157756960691,1784161260.0,2026-07-16 00:05:00+00:00,2026-07-16 00:05:00+00:00,2026-07-16 00:20:00+00:00,2026-07-16 00:21:00+00:00,2087.7321894626766,1916.7143765784206,2026-07-21 00:00:00+00:00,0.024965950012369217,0.011153644468155244,target,minute interval; not exact exchange fill
1222,3440165.0,3440187.0,-1.0,0.511,1863.74,1859.3400000000001,0.47618557,0.4750613700000001,0.0,2.2483999999999305,1.2971530599999304,8832.99309779456,2.0,8831.69594473456,0.10783558967151738,1784248080.0,2026-07-17 00:05:00+00:00,2026-07-17 00:05:00+00:00,2026-07-17 00:27:00+00:00,2026-07-17 00:28:00+00:00,2033.8658255127355,1858.9585038731389,2026-07-22 00:00:00+00:00,0.02810564540951026,0.01492107381315741,target,minute interval; not exact exchange fill
1223,3441605.0,3448800.0,-1.0,0.54,1839.3400000000001,1933.7,0.49662180000000006,0.5220990000000001,-0.45598143923502676,-50.95439999999995,-51.51713936076492,8781.475958433793,4.0,8832.99309779456,0.11244700284527509,1784764800.0,2026-07-18 00:05:00+00:00,2026-07-18 00:05:00+00:00,2026-07-23 00:00:00+00:00,2026-07-23 00:00:00+00:00,2000.266628291042,1833.9705081409045,2026-07-23 00:00:00+00:00,0.03336608686900922,-0.5928298563169057,timeout,minute interval; not exact exchange fill
1224,3450245.0,3450250.0,-1.0,0.6,1875.53,1873.71,0.562659,0.562113,0.0,1.0919999999999617,-0.032772000000038326,8781.443186433795,2.0,8781.475958433793,0.12814679506344676,1784851860.0,2026-07-24 00:05:00+00:00,2026-07-24 00:05:00+00:00,2026-07-24 00:10:00+00:00,2026-07-24 00:11:00+00:00,2019.2204787334304,1873.3350304840396,2026-07-29 00:00:00+00:00,0.015275678216873156,-0.00038012261133455485,target,minute interval; not exact exchange fill
1225,3451685.0,3451725.0,-1.0,0.646,1861.8700000000001,1857.58,0.6013840100000001,0.59999834,0.0,2.7713400000001234,1.5699576500001236,8783.013144083794,2.0,8781.443186433795,0.1369670103722954,1784940360.0,2026-07-25 00:05:00+00:00,2026-07-25 00:05:00+00:00,2026-07-25 00:45:00+00:00,2026-07-25 00:46:00+00:00,1995.0012665258773,1857.2008262371498,2026-07-30 00:00:00+00:00,0.03507195480591867,0.018254727558892486,target,minute interval; not exact exchange fill
1226,3453125.0,3456067.0,-1.0,0.621,1874.21,1868.28,0.581942205,0.58010094,-0.3078057734819904,3.6825300000000394,2.82829262848203,8785.841436712275,2.0,8783.013144083794,0.13251538975368476,1785200880.0,2026-07-26 00:05:00+00:00,2026-07-26 00:05:00+00:00,2026-07-28 01:07:00+00:00,2026-07-28 01:08:00+00:00,2012.975155838857,1867.897588292738,2026-07-31 00:00:00+00:00,0.04548989023290867,0.0328210381305984,target,minute interval; not exact exchange fill
1227,3457445.0,3457551.0,-1.0,0.8190000000000001,1923.74,1907.29,0.7877715300000001,0.781035255,0.0,13.472550000000039,11.903743215000038,8797.745179927275,2.0,8785.841436712275,0.17932750907801265,1785289920.0,2026-07-29 00:05:00+00:00,2026-07-29 00:05:00+00:00,2026-07-29 01:51:00+00:00,2026-07-29 01:52:00+00:00,2028.1928263187303,1906.9076090405674,2026-08-03 00:00:00+00:00,0.16114825756911305,0.13914879579848902,target,minute interval; not exact exchange fill
1228,3458885.0,3458917.0,-1.0,0.554,1908.48,1899.3400000000001,0.5286489600000002,0.5261171800000001,0.0,5.06355999999993,4.00879385999993,8801.753973787274,2.0,8797.745179927275,0.1201782841372021,1785371880.0,2026-07-30 00:05:00+00:00,2026-07-30 00:05:00+00:00,2026-07-30 00:37:00+00:00,2026-07-30 00:38:00+00:00,2064.3823267001494,1898.9502930376714,2026-08-04 00:00:00+00:00,0.061126136883494726,0.04641425277710713,target,minute interval; not exact exchange fill
1229,3460325.0,3460427.0,-1.0,0.578,1919.6100000000001,1913.14,0.55476729,0.5528974600000001,0.0,3.7396600000000153,2.631995250000015,8804.385969037274,2.0,8801.753973787274,0.12605834965443627,1785462480.0,2026-07-31 00:05:00+00:00,2026-07-31 00:05:00+00:00,2026-07-31 01:47:00+00:00,2026-07-31 01:48:00+00:00,2068.994781601065,1912.748111173056,2026-08-05 00:00:00+00:00,0.04593432311779198,0.030482522725511482,target,minute interval; not exact exchange fill
1230,3461765.0,3462816.0,-1.0,0.611,1863.89,1858.2,0.569418395,0.5676801,-0.09233386965849433,3.476590000000033,2.431825374658527,8806.817794411932,2.0,8804.385969037274,0.1293488034264958,1785605820.0,2026-08-01 00:05:00+00:00,2026-08-01 00:05:00+00:00,2026-08-01 17:36:00+00:00,2026-08-01 17:37:00+00:00,2005.334338834098,1857.827918451652,2026-08-06 00:00:00+00:00,0.04285842472252169,0.02813880213058133,target,minute interval; not exact exchange fill
1231,3463205.0,3465138.0,-1.0,0.613,1847.03,1837.77,0.566114695,0.5632765049999999,-0.1864819750643,5.676379999999995,4.733470775064295,8811.551265186996,2.0,8806.817794411932,0.1285628267134603,1785745140.0,2026-08-02 00:05:00+00:00,2026-08-02 00:05:00+00:00,2026-08-03 08:18:00+00:00,2026-08-03 08:19:00+00:00,1987.8756333356812,1837.3961719976278,2026-08-07 00:00:00+00:00,0.06839990544408019,0.05482464630405962,target,minute interval; not exact exchange fill
1232,3466085.0,3466095.0,-1.0,0.758,1860.74,1857.6200000000001,0.70522046,0.7040379800000001,0.0,2.3649599999999174,0.9557015599999172,8812.506966746996,2.0,8811.551265186996,0.16006726597306678,1785802560.0,2026-08-04 00:05:00+00:00,2026-08-04 00:05:00+00:00,2026-08-04 00:15:00+00:00,2026-08-04 00:16:00+00:00,1974.2670417889326,1857.2462078383453,2026-08-09 00:00:00+00:00,0.03077497754367902,0.011105900234271798,target,minute interval; not exact exchange fill
1233,3467525.0,3468332.0,-1.0,0.987,1868.21,1857.8,0.9219616350000001,0.9168243,-0.0113252727735,10.27467000000008,8.447209337773579,8820.95417608477,2.0,8812.506966746996,0.20923935458523177,1785936780.0,2026-08-05 00:05:00+00:00,2026-08-05 00:05:00+00:00,2026-08-05 13:32:00+00:00,2026-08-05 13:33:00+00:00,1954.8336071807319,1857.4236530164817,2026-08-10 00:00:00+00:00,0.12451971621331431,0.09880065860849753,target,minute interval; not exact exchange fill
1234,3468965.0,3469097.0,-1.0,0.6920000000000001,1906.56,1899.71,0.65966976,0.6572996600000001,0.0,4.740199999999938,3.4232305799999376,8824.37740666477,2.0,8820.95417608477,0.14956879875614504,1785982680.0,2026-08-06 00:05:00+00:00,2026-08-06 00:05:00+00:00,2026-08-06 02:17:00+00:00,2026-08-06 02:18:00+00:00,2031.3093482975185,1899.3231685437217,2026-08-11 00:00:00+00:00,0.05801097604950093,0.03965443561438078,target,minute interval; not exact exchange fill
1235,3470405.0,3470415.0,-1.0,0.704,1903.1200000000001,1899.79,0.66989824,0.6687260799999999,0.0,2.3443200000001085,1.0056956800001087,8825.38310234477,2.0,8824.37740666477,0.15182900937442848,1786061760.0,2026-08-07 00:05:00+00:00,2026-08-07 00:05:00+00:00,2026-08-07 00:15:00+00:00,2026-08-07 00:16:00+00:00,2025.6413110919787,1899.4086877640461,2026-08-12 00:00:00+00:00,0.03029115672103645,0.011659563444662496,target,minute interval; not exact exchange fill
1236,3471845.0,3474690.0,-1.0,0.754,1912.58,1910.38,0.72104266,0.72021326,-0.3659769673191156,1.6587999999998628,0.5835210473189785,8825.966623392087,2.0,8825.38310234477,0.16340200796686774,1786318260.0,2026-08-08 00:05:00+00:00,2026-08-08 00:05:00+00:00,2026-08-09 23:30:00+00:00,2026-08-09 23:31:00+00:00,2026.9186468949206,1909.9908403154259,2026-08-13 00:00:00+00:00,0.022644659132213873,0.006768495292518843,target,minute interval; not exact exchange fill
1237,3474725.0,3474759.0,-1.0,0.712,1909.75,1907.54,0.679871,0.6790842399999999,0.0,1.5735200000000258,0.2145647600000259,8826.181188152086,2.0,8825.966623392087,0.15406153886829563,1786322400.0,2026-08-10 00:05:00+00:00,2026-08-10 00:05:00+00:00,2026-08-10 00:39:00+00:00,2026-08-10 00:40:00+00:00,2030.872868840617,1907.1516228704081,2026-08-15 00:00:00+00:00,0.021452407414581886,0.0024880107520949078,target,minute interval; not exact exchange fill
1238,3476165.0,3476600.0,-1.0,0.792,1871.46,1870.3,0.7410981600000001,0.7406388,0.0,0.9187200000000648,-0.5630169599999353,8825.618171192085,2.0,8826.181188152086,0.16793178027997446,1786432860.0,2026-08-11 00:05:00+00:00,2026-08-11 00:05:00+00:00,2026-08-11 07:20:00+00:00,2026-08-11 07:21:00+00:00,1980.231469911334,1869.9169507433023,2026-08-16 00:00:00+00:00,0.014186157987526916,-0.006535537311203007,target,minute interval; not exact exchange fill
1239,3477605.0,3480039.0,-1.0,1.02,1880.23,1871.18,0.9589173000000001,0.9543018000000001,-0.6293169537288044,9.230999999999954,7.947097853728759,8833.565269045814,2.0,8825.618171192085,0.21730314668042752,1786639200.0,2026-08-12 00:05:00+00:00,2026-08-12 00:05:00+00:00,2026-08-13 16:39:00+00:00,2026-08-13 16:40:00+00:00,1964.0584599199326,1870.8008134816334,2026-08-17 00:00:00+00:00,0.11248192472309183,0.09294304599008665,target,minute interval; not exact exchange fill
1240,3480485.0,3480711.0,-1.0,0.775,1885.38,1882.39,0.7305847500000001,0.729426125,0.0,2.317250000000007,0.8572391250000069,8834.422508170814,2.0,8833.565269045814,0.16541107191681317,1786679520.0,2026-08-14 00:05:00+00:00,2026-08-14 00:05:00+00:00,2026-08-14 03:51:00+00:00,2026-08-14 03:52:00+00:00,1996.5593559485512,1882.0135967349715,2026-08-19 00:00:00+00:00,0.03027903189677037,0.009948924335484277,target,minute interval; not exact exchange fill
1241,3481925.0,3482402.0,-1.0,0.8320000000000001,1880.7,1878.98,0.7823712,0.7816556800000001,-0.06830772671861698,1.4310400000000227,-0.0646791532813604,8834.357829017532,2.0,8834.422508170814,0.17711880980933337,1786780980.0,2026-08-15 00:05:00+00:00,2026-08-15 00:05:00+00:00,2026-08-15 08:02:00+00:00,2026-08-15 08:03:00+00:00,1984.2221684811996,1878.6021633299208,2026-08-20 00:00:00+00:00,0.0202646128926503,-0.0007509441510475134,target,minute interval; not exact exchange fill
1242,3483365.0,3483459.0,-1.0,1.01,1881.9,1878.04,0.9503595,0.9484102000000001,0.0,3.898600000000129,1.9998303000001285,8836.357659317531,2.0,8834.357829017532,0.21515078252285133,1786844400.0,2026-08-16 00:05:00+00:00,2026-08-16 00:05:00+00:00,2026-08-16 01:39:00+00:00,2026-08-16 01:40:00+00:00,1966.636908716495,1877.6617309542062,2026-08-21 00:00:00+00:00,0.05001680035288903,0.02336679529607022,target,minute interval; not exact exchange fill
1243,3484805.0,3484812.0,-1.0,1.09,1875.44,1874.02,1.0221148,1.0213409,0.0,1.5478000000000793,-0.49565569999992065,8835.86200361753,2.0,8836.357659317531,0.23134301245088856,1786925580.0,2026-08-17 00:05:00+00:00,2026-08-17 00:05:00+00:00,2026-08-17 00:12:00+00:00,2026-08-17 00:13:00+00:00,1953.847158463937,1873.6358012062913,2026-08-22 00:00:00+00:00,0.023010638684714334,-0.0057995980074839575,target,minute interval; not exact exchange fill
1244,3487685.0,3487817.0,-1.0,1.393,1912.23,1909.96,1.331868195,1.3302871400000003,0.0,3.162109999999975,0.49995466499997465,8836.36195828253,2.0,8835.86200361753,0.3014687631958747,1787105880.0,2026-08-19 00:05:00+00:00,2026-08-19 00:05:00+00:00,2026-08-19 02:17:00+00:00,2026-08-19 02:18:00+00:00,1972.9364541714308,1909.5735398636366,2026-08-24 00:00:00+00:00,0.04375910556168811,0.005912139078102951,target,minute interval; not exact exchange fill
1245,3489125.0,3489308.0,-1.0,0.294,2256.63,2232.26,0.33172461,0.32814222000000004,0.0,7.1647799999999675,6.504913169999967,8842.86687145253,2.0,8836.36195828253,0.0750817161103426,1787195340.0,2026-08-20 00:05:00+00:00,2026-08-20 00:05:00+00:00,2026-08-20 03:08:00+00:00,2026-08-20 03:09:00+00:00,2553.3313117565394,2231.806305852339,2026-08-25 00:00:00+00:00,0.08366560296177745,0.0745718138858624,target,minute interval; not exact exchange fill
1246,3490565.0,3497760.0,-1.0,0.28200000000000003,2323.87,2442.21,0.32766567,0.34435161000000003,-0.9405795429111018,-33.37188000000005,-33.10331773708894,8809.763553715438,4.0,8842.86687145253,0.07410847064944621,1787702400.0,2026-08-21 00:05:00+00:00,2026-08-21 00:05:00+00:00,2026-08-26 00:00:00+00:00,2026-08-26 00:00:00+00:00,2633.900522253167,2317.155696852932,2026-08-26 00:00:00+00:00,0.021656910094758196,-0.3786325639709226,timeout,minute interval; not exact exchange fill
1247,3499205.0,3499533.0,-1.0,0.227,2498.52,2481.41,0.28358202,0.281640035,0.0,3.883970000000029,3.318747945000029,8813.082301660439,2.0,8809.763553715438,0.06437903089473992,1787808840.0,2026-08-27 00:05:00+00:00,2026-08-27 00:05:00+00:00,2026-08-27 05:33:00+00:00,2026-08-27 05:34:00+00:00,2882.2494842256137,2480.912353846235,2026-09-01 00:00:00+00:00,0.04588557011535919,0.03809984794237046,target,minute interval; not exact exchange fill
1248,3502085.0,3502453.0,-1.0,0.23500000000000001,2442.38,2433.43,0.28697965000000003,0.285928025,0.0,2.1032500000000645,1.5303423250000643,8814.61264398544,2.0,8813.082301660439,0.06512583002791913,1787984040.0,2026-08-29 00:05:00+00:00,2026-08-29 00:05:00+00:00,2026-08-29 06:13:00+00:00,2026-08-29 06:14:00+00:00,2813.3050619381484,2432.9340685545135,2026-09-03 00:00:00+00:00,0.025465875495524568,0.017556362910538963,target,minute interval; not exact exchange fill
1249,3503525.0,3504923.0,-1.0,0.227,2454.79,2441.07,0.27861866500000004,0.2770614450000001,-0.038864282666548164,3.114439999999955,2.5976241726665026,8817.210268158105,2.0,8814.61264398544,0.06321744953593908,1788132240.0,2026-08-30 00:05:00+00:00,2026-08-30 00:05:00+00:00,2026-08-30 23:23:00+00:00,2026-08-30 23:24:00+00:00,2838.801659024651,2440.5733156642737,2026-09-04 00:00:00+00:00,0.03702149140949309,0.029799299122192653,target,minute interval; not exact exchange fill
1250,3504965.0,3504968.0,-1.0,0.217,2419.1,2408.9500000000003,0.26247235,0.261371075,0.0,2.202549999999921,1.678706574999921,8818.888974733107,2.0,8817.210268158105,0.05953637080605312,1788134940.0,2026-08-31 00:05:00+00:00,2026-08-31 00:05:00+00:00,2026-08-31 00:08:00+00:00,2026-08-31 00:09:00+00:00,2821.2766912243706,2408.465901124495,2026-09-05 00:00:00+00:00,0.026441360495385834,0.019235264421835443,target,minute interval; not exact exchange fill
