trade_id,entry_index,exit_index,side,quantity,entry_price,exit_price,entry_fee,exit_fee,funding_paid,gross_pnl,net_pnl,balance_after,reason_code,equity_before,entry_leverage,exit_epoch_upper_bound,signal_available_utc,entry_utc_simulated,exit_bar_open_utc,exit_utc_upper_bound,exit_reason,timestamp_precision,initial_stop,initial_target,target_r,realized_net_r
1,1928760.0,1929109.0,1.0,419.0,0.5236000000000001,0.5191,0.1096942,0.10875145000000001,0.0,-1.8855000000000248,-2.103945650000025,9997.89605435,1.0,10000.0,0.02193884,1696261800.0,2023-10-02T10:00:00Z,2023-10-02T10:00:00Z,2023-10-02T15:49:00Z,2023-10-02T15:50:00Z,stop,within_minute_not_exact_tick,0.5192126561503196,0.5586987507974435,8.0,-1.144507969295778
2,1932060.0,1932802.0,1.0,10553.0,0.5337000000000001,0.5244,2.81606805,2.7669966,-0.278340282145,-98.1429000000009,-103.44762436785591,9894.448429982143,1.0,9997.89605435,0.5633321320188667,1696483380.0,2023-10-04T17:00:00Z,2023-10-04T17:00:00Z,2023-10-05T05:22:00Z,2023-10-05T05:23:00Z,stop,within_minute_not_exact_tick,0.5245908467549709,0.6065732259602331,8.0,-1.0761345507442648
3,1940820.0,1941273.0,1.0,48382.0,0.4984,0.49350000000000005,12.056794400000001,11.938258500000002,-1.510834196872,-237.07179999999806,-259.5560187031261,9634.892411279017,1.0,9894.448429982143,2.437082670210402,1696991640.0,2023-10-10T19:00:00Z,2023-10-10T19:00:00Z,2023-10-11T02:33:00Z,2023-10-11T02:34:00Z,stop,within_minute_not_exact_tick,0.49362721394645703,0.5365822884283437,8.0,-1.1240233154841694
4,1943700.0,1946580.0,1.0,1192.0,0.48200000000000004,0.4857,0.287272,0.28947720000000005,0.245694413006808,4.410399999999978,3.58795638699317,9638.480367666014,4.0,9634.892411279017,0.05963159477810197,1697310000.0,2023-10-12T19:00:00Z,2023-10-12T19:00:00Z,2023-10-14T19:00:00Z,2023-10-14T19:00:00Z,timeout,simulated_bar_open_or_final_close,0.47659609156021304,0.5252312675182961,8.0,0.5570099048753725
5,1948920.0,1950056.0,1.0,4373.0,0.4934,0.4892,1.0788191,1.0696358000000001,0.241990229389738,-18.36659999999992,-20.75704512938966,9617.723322536625,1.0,9638.480367666014,0.22385667840733262,1697518620.0,2023-10-16T10:00:00Z,2023-10-16T10:00:00Z,2023-10-17T04:56:00Z,2023-10-17T04:57:00Z,stop,within_minute_not_exact_tick,0.48938535706953235,0.5255171434437413,8.0,-1.182331139211188
6,1950840.0,1951736.0,1.0,7544.0,0.4913,0.4864,1.8531836000000002,1.8347008,0.38284062616799996,-36.965600000000116,-41.036325026168115,9576.686997510458,1.0,9617.723322536625,0.38536845734739483,1697619420.0,2023-10-17T18:00:00Z,2023-10-17T18:00:00Z,2023-10-18T08:56:00Z,2023-10-18T08:57:00Z,stop,within_minute_not_exact_tick,0.4865123771718693,0.5296009826250456,8.0,-1.1361792464181815
7,1951800.0,1952744.0,1.0,65167.0,0.48700000000000004,0.4829,15.8681645,15.73457215,2.501113887902149,-267.18470000000315,-301.2885505379053,9275.398446972551,1.0,9576.686997510458,3.3139152410692896,1697679900.0,2023-10-18T10:00:00Z,2023-10-18T10:00:00Z,2023-10-19T01:44:00Z,2023-10-19T01:45:00Z,stop,within_minute_not_exact_tick,0.48309618594460924,0.5182305124431263,8.0,-1.184311035911835
8,1953720.0,1953909.0,1.0,1034.0,0.48650000000000004,0.519,0.25152050000000004,0.26832300000000003,0.0,33.604999999999976,33.085156499999975,9308.48360347255,2.0,9275.398446972551,0.05423389656798953,1697749800.0,2023-10-19T18:00:00Z,2023-10-19T18:00:00Z,2023-10-19T21:09:00Z,2023-10-19T21:10:00Z,target,within_minute_not_exact_tick,0.4824218436290249,0.519125250967801,8.0,7.846008610098772
9,1955100.0,1957980.0,1.0,13322.0,0.5187,0.5217,3.4550607000000007,3.4750437,2.44315937244909,39.96600000000004,30.592736227550944,9339.076339700101,4.0,9308.48360347255,0.7423466264067077,1697994000.0,2023-10-20T17:00:00Z,2023-10-20T17:00:00Z,2023-10-22T17:00:00Z,2023-10-22T17:00:00Z,timeout,simulated_bar_open_or_final_close,0.5095352020099264,0.5920183839205893,8.0,0.2505682248143637
10,1959060.0,1961940.0,1.0,20497.0,0.5309,0.553,5.440928650000001,5.6674205,6.71538435199,452.98370000000017,435.1599664980102,9774.23630619811,4.0,9339.076339700101,1.1651963110893087,1698231600.0,2023-10-23T11:00:00Z,2023-10-23T11:00:00Z,2023-10-25T11:00:00Z,2023-10-25T11:00:00Z,timeout,simulated_bar_open_or_final_close,0.5233810248819054,0.5910518009447572,8.0,2.8235792773018176
11,1965060.0,1965187.0,1.0,6617.0,0.5499,0.5427000000000001,1.8193441500000003,1.7955229500000003,0.36730967000000003,-47.642399999999895,-51.62457676999989,9722.61172942811,1.0,9774.23630619811,0.372273412061115,1698426480.0,2023-10-27T15:00:00Z,2023-10-27T15:00:00Z,2023-10-27T17:07:00Z,2023-10-27T17:08:00Z,stop,within_minute_not_exact_tick,0.5428244918640601,0.6065040650875195,8.0,-1.1026501348179953
12,1969260.0,1970580.0,1.0,4591.0,0.5646,0.6121,1.2960393,1.40507555,0.9899110536326907,218.07249999999993,214.38147409636727,9936.993203524478,2.0,9722.61172942811,0.26660311777692136,1698750060.0,2023-10-30T13:00:00Z,2023-10-30T13:00:00Z,2023-10-31T11:00:00Z,2023-10-31T11:01:00Z,target,within_minute_not_exact_tick,0.5586418654554527,0.6122650763563785,8.0,7.83735743640362
13,1970880.0,1971723.0,1.0,7651.0,0.5957,0.5807,2.2788503500000004,2.2214678500000002,0.9142912483250001,-114.7650000000001,-120.1796094483251,9816.813594076155,1.0,9936.993203524478,0.45865993934497845,1698818640.0,2023-10-31T16:00:00Z,2023-10-31T16:00:00Z,2023-11-01T06:03:00Z,2023-11-01T06:04:00Z,stop,within_minute_not_exact_tick,0.5808683505371695,0.7143531957026448,8.0,-1.0590662632881713
14,1972620.0,1973127.0,1.0,24354.0,0.6157,0.6029,7.497378900000001,7.3415133,1.482921732996,-311.7312000000008,-328.05301393299675,9488.76058014316,1.0,9816.813594076155,1.527456710500077,1698902880.0,2023-11-01T21:00:00Z,2023-11-01T21:00:00Z,2023-11-02T05:27:00Z,2023-11-02T05:28:00Z,stop,within_minute_not_exact_tick,0.6030813114025456,0.7166495087796352,8.0,-1.0674794111899562
15,1975500.0,1978380.0,1.0,3231.0,0.6141,0.6523,0.99207855,1.0537906499999998,1.8716624169128515,123.42420000000004,119.50666838308719,9608.267248526246,4.0,9488.76058014316,0.20910603479153905,1699218000.0,2023-11-03T21:00:00Z,2023-11-03T21:00:00Z,2023-11-05T21:00:00Z,2023-11-05T21:00:00Z,timeout,simulated_bar_open_or_final_close,0.6042308773859207,0.693052980912634,8.0,3.747801982229339
16,1978440.0,1981320.0,1.0,12539.0,0.6506000000000001,0.6880000000000001,4.0789367,4.313416,6.993861926365431,468.9585999999999,453.57238537363446,10061.839633899883,4.0,9608.267248526246,0.849047303638571,1699394400.0,2023-11-05T22:00:00Z,2023-11-05T22:00:00Z,2023-11-07T22:00:00Z,2023-11-07T22:00:00Z,timeout,simulated_bar_open_or_final_close,0.6382696856567157,0.7492425147462749,8.0,2.9336584840584545
17,1984860.0,1985171.0,1.0,5083.0,0.6529,0.6355000000000001,1.6593453500000002,1.6151232500000001,0.0,-88.44419999999985,-91.71866859999984,9970.120965299882,1.0,10061.839633899883,0.32982941696057466,1699625520.0,2023-11-10T09:00:00Z,2023-11-10T09:00:00Z,2023-11-10T14:11:00Z,2023-11-10T14:12:00Z,stop,within_minute_not_exact_tick,0.6357189947253227,0.7903480421974186,8.0,-1.0502412234629186
18,1985220.0,1988100.0,1.0,5965.0,0.6436000000000001,0.6653,1.9195370000000003,1.9842572500000002,4.310144068035127,129.44049999999964,121.22656168196451,10091.34752698185,4.0,9970.120965299882,0.38505791588302246,1699801200.0,2023-11-10T15:00:00Z,2023-11-10T15:00:00Z,2023-11-12T15:00:00Z,2023-11-12T15:00:00Z,timeout,simulated_bar_open_or_final_close,0.6270658904204849,0.7758728766361216,8.0,1.2291546485896725
19,1990680.0,1991173.0,1.0,15208.0,0.6549,0.6352,4.979859600000001,4.8300608,0.99475528,-299.5976000000008,-310.4022756800008,9780.94525130185,1.0,10091.34752698185,0.9869563181101527,1699985640.0,2023-11-14T10:00:00Z,2023-11-14T10:00:00Z,2023-11-14T18:13:00Z,2023-11-14T18:14:00Z,stop,within_minute_not_exact_tick,0.6354008274015709,0.810893380787433,8.0,-1.0467346702518208
20,1991220.0,1994100.0,1.0,43706.0,0.6122000000000001,0.6204000000000001,13.378406600000002,13.5576012,16.700839430444002,358.38919999999933,314.75235276955533,10095.697604071403,4.0,9780.94525130185,2.735606070020549,1700161200.0,2023-11-14T19:00:00Z,2023-11-14T19:00:00Z,2023-11-16T19:00:00Z,2023-11-16T19:00:00Z,timeout,simulated_bar_open_or_final_close,0.5908785054782724,0.7827719561738219,8.0,0.3377616057195799
21,2001240.0,2001245.0,1.0,15066.0,0.5926,0.5819,4.464055800000001,4.3834527,0.0,-161.20620000000065,-170.05370850000065,9925.643895571404,1.0,10095.697604071403,0.8843481599923776,1700589960.0,2023-11-21T18:00:00Z,2023-11-21T18:00:00Z,2023-11-21T18:05:00Z,2023-11-21T18:06:00Z,stop,within_minute_not_exact_tick,0.5820282856699502,0.6771737146403983,8.0,-1.0676839770363793
22,2009700.0,2012580.0,1.0,9146.0,0.599,0.6081,2.739227,2.7808413,3.326068401412,83.22859999999997,74.38246329858796,10000.026358869993,4.0,9925.643895571404,0.551949481327288,1701270000.0,2023-11-27T15:00:00Z,2023-11-27T15:00:00Z,2023-11-29T15:00:00Z,2023-11-29T15:00:00Z,timeout,simulated_bar_open_or_final_close,0.5913565103201301,0.6601479174389587,8.0,1.0640148176583235
23,2013600.0,2013636.0,1.0,1396.0,0.6042000000000001,0.5989,0.4217316000000001,0.4180322,0.08430444000000001,-7.398800000000115,-8.322868240000115,9991.703490629992,1.0,10000.026358869993,0.08434609767321771,1701333420.0,2023-11-30T08:00:00Z,2023-11-30T08:00:00Z,2023-11-30T08:36:00Z,2023-11-30T08:37:00Z,stop,within_minute_not_exact_tick,0.5990749734215728,0.6452002126274179,8.0,-1.163299332943105
24,2015160.0,2015234.0,1.0,2892.0,0.6145,0.6099,0.8885670000000001,0.8819154,0.0,-13.30320000000014,-15.073682400000141,9976.629808229993,1.0,9991.703490629992,0.1778609625142058,1701429300.0,2023-12-01T10:00:00Z,2023-12-01T10:00:00Z,2023-12-01T11:14:00Z,2023-12-01T11:15:00Z,stop,within_minute_not_exact_tick,0.6101215898338533,0.6495272813291737,8.0,-1.1904320980021696
25,2015280.0,2015418.0,1.0,14774.0,0.6116,0.6071000000000001,4.517889200000001,4.484647700000001,0.0,-66.48299999999924,-75.48553689999923,9901.144271329993,1.0,9976.629808229993,0.905694465333989,1701440340.0,2023-12-01T12:00:00Z,2023-12-01T12:00:00Z,2023-12-01T14:18:00Z,2023-12-01T14:19:00Z,stop,within_minute_not_exact_tick,0.6072399902188251,0.6464800782493993,8.0,-1.1718666371026143
26,2018160.0,2018211.0,1.0,9691.0,0.6289,0.6236,3.04733495,3.0216538,0.0,-51.36229999999972,-57.43128874999972,9843.712982579993,1.0,9901.144271329993,0.6155520748897562,1701607920.0,2023-12-03T12:00:00Z,2023-12-03T12:00:00Z,2023-12-03T12:51:00Z,2023-12-03T12:52:00Z,stop,within_minute_not_exact_tick,0.6237558605493047,0.6700531156055631,8.0,-1.152039142173499
27,2020980.0,2023860.0,1.0,3450.0,0.6108,0.63,1.05363,1.08675,2.987198619194535,66.23999999999998,61.11242138080545,9904.825403960796,4.0,9843.712982579993,0.2140716621593021,1701946800.0,2023-12-05T11:00:00Z,2023-12-05T11:00:00Z,2023-12-07T11:00:00Z,2023-12-07T11:00:00Z,timeout,simulated_bar_open_or_final_close,0.601493307010337,0.6852535439173042,8.0,1.9033340142888997
28,2024220.0,2027100.0,1.0,10782.0,0.646,0.6736000000000001,3.4825860000000004,3.6313776000000004,16.192794280967533,297.5832000000007,274.27644211903316,10179.10184607983,4.0,9904.825403960796,0.7032099725064037,1702141200.0,2023-12-07T17:00:00Z,2023-12-07T17:00:00Z,2023-12-09T17:00:00Z,2023-12-09T17:00:00Z,timeout,simulated_bar_open_or_final_close,0.6339407520299455,0.7424739837604365,8.0,2.109448632253232
29,2029140.0,2030053.0,1.0,18255.0,0.622,0.6058,5.6773050000000005,5.5294395000000005,2.266590435345,-295.7309999999999,-309.2043349353449,9869.897511144485,1.0,10179.10184607983,1.1154825024540729,1702318440.0,2023-12-11T03:00:00Z,2023-12-11T03:00:00Z,2023-12-11T18:13:00Z,2023-12-11T18:14:00Z,stop,within_minute_not_exact_tick,0.6059302596774967,0.7505579225800262,8.0,-1.0540346252690074
30,2031420.0,2031972.0,1.0,2596.0,0.6159,0.6067,0.7994382000000001,0.7874966000000001,0.160826138132,-23.883199999999963,-25.630960938131963,9844.266550206354,1.0,9869.897511144485,0.16199523836946095,1702433580.0,2023-12-12T17:00:00Z,2023-12-12T17:00:00Z,2023-12-13T02:12:00Z,2023-12-13T02:13:00Z,stop,within_minute_not_exact_tick,0.6068947866058574,0.6879417071531406,8.0,-1.0963928432192431
31,2050620.0,2050890.0,1.0,7143.0,0.638,0.6283000000000001,2.278617,2.2439734500000004,0.0,-69.28709999999951,-73.80969044999951,9770.456859756354,1.0,9844.266550206354,0.4629328123896109,1703568660.0,2023-12-26T01:00:00Z,2023-12-26T01:00:00Z,2023-12-26T05:30:00Z,2023-12-26T05:31:00Z,stop,within_minute_not_exact_tick,0.6285239601711641,0.7138083186306877,8.0,-1.0904502499615656
32,2053680.0,2053876.0,1.0,3464.0,0.6425000000000001,0.6326,1.1128100000000003,1.0956632000000002,0.0,-34.29360000000007,-36.50207320000007,9733.954786556353,1.0,9770.456859756354,0.22779078112172338,1703747820.0,2023-12-28T04:00:00Z,2023-12-28T04:00:00Z,2023-12-28T07:16:00Z,2023-12-28T07:17:00Z,stop,within_minute_not_exact_tick,0.6327595735501597,0.7204234115987233,8.0,-1.0818366171403808
33,2060220.0,2062795.0,1.0,4599.0,0.6217,0.6166,1.42959915,1.4178717,7.498181762290712,-23.45489999999997,-33.80055261229068,9700.15423394406,1.0,9733.954786556353,0.2937344956593453,1704282960.0,2024-01-01T17:00:00Z,2024-01-01T17:00:00Z,2024-01-03T11:55:00Z,2024-01-03T11:56:00Z,stop,within_minute_not_exact_tick,0.6167251919927985,0.6614984640576121,8.0,-1.4773522789962978
34,2062860.0,2065740.0,1.0,44195.0,0.5622,0.5706,12.4232145,12.608833500000001,15.377517620805001,371.23799999999835,330.82843437919337,10030.982668323253,4.0,9700.15423394406,2.561446797727617,1704459600.0,2024-01-03T13:00:00Z,2024-01-03T13:00:00Z,2024-01-05T13:00:00Z,2024-01-05T13:00:00Z,timeout,simulated_bar_open_or_final_close,0.54123880581438,0.7298895534849599,8.0,0.357119586542228
35,2070360.0,2071496.0,1.0,11768.0,0.5703,0.5593,3.3556452000000005,3.2909212,1.3521819755600002,-129.44800000000012,-137.44674837556013,9893.535919947693,1.0,10030.982668323253,0.6690561255970985,1704805020.0,2024-01-08T18:00:00Z,2024-01-08T18:00:00Z,2024-01-09T12:56:00Z,2024-01-09T12:57:00Z,stop,within_minute_not_exact_tick,0.5595017604474027,0.6566859164207779,8.0,-1.0816303192857726
36,2073300.0,2076180.0,1.0,5527.0,0.5735,0.5785,1.58486725,1.59868475,1.980631600172,27.635000000000023,22.470816399828024,9916.006736347521,4.0,9893.535919947693,0.32038439296602444,1705086000.0,2024-01-10T19:00:00Z,2024-01-10T19:00:00Z,2024-01-12T19:00:00Z,2024-01-12T19:00:00Z,timeout,simulated_bar_open_or_final_close,0.5603735573309402,0.6785115413524783,8.0,0.3097293353958796
37,2076420.0,2079300.0,1.0,11076.0,0.5676,0.5855,3.1433687999999997,3.2424990000000005,3.8178350857920007,198.2604000000003,188.05669711420828,10104.06343346173,4.0,9916.006736347521,0.6339989238768576,1705273200.0,2024-01-12T23:00:00Z,2024-01-12T23:00:00Z,2024-01-14T23:00:00Z,2024-01-14T23:00:00Z,timeout,simulated_bar_open_or_final_close,0.5535862090604668,0.6797103275162651,8.0,1.2115747752524741
38,2080440.0,2081676.0,1.0,50077.0,0.5785,0.5707,14.48477225,14.28947195,5.769428508164999,-390.60060000000146,-425.14427270816645,9678.919160753563,1.0,10104.06343346173,2.86711823325072,1705415820.0,2024-01-15T18:00:00Z,2024-01-15T18:00:00Z,2024-01-16T14:36:00Z,2024-01-16T14:37:00Z,stop,within_minute_not_exact_tick,0.5708504658579113,0.6396962731367093,8.0,-1.1098468203819183
39,2083260.0,2083265.0,1.0,1035.0,0.5685,0.5632,0.29419875,0.29145600000000005,0.0,-5.485499999999971,-6.0711547499999705,9672.848006003564,1.0,9678.919160753563,0.06079165351291039,1705511160.0,2024-01-17T17:00:00Z,2024-01-17T17:00:00Z,2024-01-17T17:05:00Z,2024-01-17T17:06:00Z,stop,within_minute_not_exact_tick,0.5633846460840641,0.6094228313274869,8.0,-1.1467144006842007
40,2084580.0,2084678.0,1.0,2314.0,0.5642,0.559,0.6527794,0.6467630000000001,0.13013936,-12.032799999999959,-13.462481759999958,9659.385524243564,1.0,9672.848006003564,0.13497149952006793,1705595940.0,2024-01-18T15:00:00Z,2024-01-18T15:00:00Z,2024-01-18T16:38:00Z,2024-01-18T16:39:00Z,stop,within_minute_not_exact_tick,0.5591544965532632,0.6045640275738945,8.0,-1.1530742296415806
41,2084700.0,2084751.0,1.0,5354.0,0.5566,0.5508000000000001,1.4900182,1.4744916000000003,0.0,-31.053199999999553,-34.01770979999955,9625.367814443563,1.0,9659.385524243564,0.3085120055018582,1705600320.0,2024-01-18T17:00:00Z,2024-01-18T17:00:00Z,2024-01-18T17:51:00Z,2024-01-18T17:52:00Z,stop,within_minute_not_exact_tick,0.5509151571009013,0.6020787431927895,8.0,-1.117656215443926
42,2084760.0,2084876.0,1.0,6553.0,0.5535,0.5473,1.81354275,1.7932284500000002,0.0,-40.62859999999989,-44.235371199999896,9581.132443243563,1.0,9625.367814443563,0.37682565174883964,1705607820.0,2024-01-18T18:00:00Z,2024-01-18T18:00:00Z,2024-01-18T19:56:00Z,2024-01-18T19:57:00Z,stop,within_minute_not_exact_tick,0.5474968910009755,0.6015248719921956,8.0,-1.1244839967251916
43,2086080.0,2086103.0,1.0,5877.0,0.539,0.5326000000000001,1.5838515000000002,1.5650451000000003,0.31665276,-37.61279999999977,-41.07834935999977,9540.054093883564,1.0,9581.132443243563,0.330618851035068,1705681440.0,2024-01-19T16:00:00Z,2024-01-19T16:00:00Z,2024-01-19T16:23:00Z,2024-01-19T16:24:00Z,stop,within_minute_not_exact_tick,0.5327509879656847,0.5889920962745234,8.0,-1.1185256103872552
44,2086140.0,2089020.0,1.0,10845.0,0.5266000000000001,0.5513,2.8554885000000003,2.98942425,3.578152547205,267.8714999999994,258.44843470279443,9798.502528586361,4.0,9540.054093883564,0.5986315112889655,1705856400.0,2024-01-19T17:00:00Z,2024-01-19T17:00:00Z,2024-01-21T17:00:00Z,2024-01-21T17:00:00Z,timeout,simulated_bar_open_or_final_close,0.5190552123295766,0.5869583013633872,8.0,3.1586196129045727
45,2090460.0,2090622.0,1.0,3273.0,0.5275000000000001,0.5208,0.8632537500000002,0.8522892000000001,0.0,-21.92910000000013,-23.644642950000133,9774.857885636362,1.0,9798.502528586361,0.17620115879574968,1705952580.0,2024-01-22T17:00:00Z,2024-01-22T17:00:00Z,2024-01-22T19:42:00Z,2024-01-22T19:43:00Z,stop,within_minute_not_exact_tick,0.5209813753481162,0.5796489972150717,8.0,-1.1082322400496218
46,2090640.0,2091373.0,1.0,6486.0,0.5258,0.5177,1.7051694000000002,1.6789011000000003,0.68101352556,-52.53659999999997,-56.60168402555997,9718.256201610802,1.0,9774.857885636362,0.34888883704501866,1705997640.0,2024-01-22T20:00:00Z,2024-01-22T20:00:00Z,2024-01-23T08:13:00Z,2024-01-23T08:14:00Z,stop,within_minute_not_exact_tick,0.5178242495306723,0.5896060037546216,8.0,-1.0941600409341297
47,2091420.0,2091448.0,1.0,9540.0,0.5132,0.505,2.447964,2.40885,0.0,-78.22799999999985,-83.08481399999985,9635.171387610802,1.0,9718.256201610802,0.5037866772012555,1706002140.0,2024-01-23T09:00:00Z,2024-01-23T09:00:00Z,2024-01-23T09:28:00Z,2024-01-23T09:29:00Z,stop,within_minute_not_exact_tick,0.5051237709431202,0.5778098324550379,8.0,-1.0783621834723889
48,2091480.0,2091727.0,1.0,23653.0,0.5071,0.49810000000000004,5.99721815,5.890779650000001,0.0,-212.87699999999887,-224.7649977999989,9410.406389810803,1.0,9635.171387610802,1.2448596727010806,1706018880.0,2024-01-23T10:00:00Z,2024-01-23T10:00:00Z,2024-01-23T14:07:00Z,2024-01-23T14:08:00Z,stop,within_minute_not_exact_tick,0.49822030645733284,0.578137548341337,8.0,-1.070149544501704
49,2092020.0,2094900.0,1.0,11036.0,0.5074000000000001,0.5117,2.7998332000000006,2.8235606000000004,3.40837164874,47.45479999999967,38.42303455125967,9448.829424362062,4.0,9410.406389810803,0.5950504333227401,1706209200.0,2024-01-23T19:00:00Z,2024-01-23T19:00:00Z,2024-01-25T19:00:00Z,2024-01-25T19:00:00Z,timeout,simulated_bar_open_or_final_close,0.4983636962977088,0.5796904296183301,8.0,0.3852912540021391
50,2096160.0,2099040.0,1.0,2894.0,0.5215000000000001,0.5292,0.7546105000000002,0.7657524,1.0711821386640001,22.283799999999793,19.69225496133579,9468.521679323398,4.0,9448.829424362062,0.15972571121971496,1706457600.0,2024-01-26T16:00:00Z,2024-01-26T16:00:00Z,2024-01-28T16:00:00Z,2024-01-28T16:00:00Z,timeout,simulated_bar_open_or_final_close,0.516539422227265,0.5611846221818804,8.0,1.3717174401336398
51,2102100.0,2102121.0,1.0,2352.0,0.5228,0.5168,0.6148128,0.6077568,0.0,-14.112000000000013,-15.334569600000012,9453.187109723398,1.0,9468.521679323398,0.12986458093929895,1706642520.0,2024-01-30T19:00:00Z,2024-01-30T19:00:00Z,2024-01-30T19:21:00Z,2024-01-30T19:22:00Z,stop,within_minute_not_exact_tick,0.516934950612047,0.5697203951036244,8.0,-1.111635992936706
52,2102160.0,2102223.0,1.0,49886.0,0.5145000000000001,0.508,12.833173500000003,12.671044,0.0,-324.2590000000031,-349.76321750000307,9103.423892223396,1.0,9453.187109723398,2.7150998601942415,1706648640.0,2024-01-30T20:00:00Z,2024-01-30T20:00:00Z,2024-01-30T21:03:00Z,2024-01-30T21:04:00Z,stop,within_minute_not_exact_tick,0.5081549189869521,0.5652606481043844,8.0,-1.1049898315848314
53,2103540.0,2103684.0,1.0,2980.0,0.5121,0.5035000000000001,0.763029,0.7502150000000001,0.0,-25.627999999999822,-27.141243999999823,9076.282648223396,1.0,9103.423892223396,0.16763560810385153,1706736300.0,2024-01-31T19:00:00Z,2024-01-31T19:00:00Z,2024-01-31T21:24:00Z,2024-01-31T21:25:00Z,stop,within_minute_not_exact_tick,0.5036778724017934,0.5794770207856532,8.0,-1.0814132051311234
54,2112060.0,2114940.0,1.0,1829.0,0.5038,0.5128,0.4607251,0.46895560000000003,0.558223943194,16.461000000000016,14.973095356806017,9091.255743580203,4.0,9076.282648223396,0.10152286301709279,1707411600.0,2024-02-06T17:00:00Z,2024-02-06T17:00:00Z,2024-02-08T17:00:00Z,2024-02-08T17:00:00Z,timeout,simulated_bar_open_or_final_close,0.498736881897733,0.5443049448181363,8.0,1.616887587578587
55,2116440.0,2117453.0,1.0,2885.0,0.5237,0.5184,0.7554372500000001,0.7477919999999999,0.302807341045,-15.290500000000238,-17.09653659104524,9074.159206989158,1.0,9091.255743580203,0.16618985788260388,1707562440.0,2024-02-09T18:00:00Z,2024-02-09T18:00:00Z,2024-02-10T10:53:00Z,2024-02-10T10:54:00Z,stop,within_minute_not_exact_tick,0.518519975593044,0.5651401952556487,8.0,-1.1440118330412201
56,2120640.0,2121930.0,1.0,10260.0,0.5279,0.5223,2.7081270000000006,2.679399,1.689306718578192,-57.45600000000051,-64.5328327185787,9009.626374270578,1.0,9074.159206989158,0.596887697961951,1707831060.0,2024-02-12T16:00:00Z,2024-02-12T16:00:00Z,2024-02-13T13:30:00Z,2024-02-13T13:31:00Z,stop,within_minute_not_exact_tick,0.5224650992948644,0.5713792056410852,8.0,-1.1572888114949025
57,2124600.0,2124934.0,1.0,14693.0,0.5528000000000001,0.5445,4.0611452,4.00016925,0.0,-121.95190000000125,-130.01321445000124,8879.613159820577,1.0,9009.626374270578,0.9015124559654766,1708011300.0,2024-02-15T10:00:00Z,2024-02-15T10:00:00Z,2024-02-15T15:34:00Z,2024-02-15T15:35:00Z,stop,within_minute_not_exact_tick,0.544678118195067,0.6177750544394649,8.0,-1.0894827347309521
58,2125140.0,2127752.0,1.0,2492.0,0.554,0.5451,0.6902840000000001,0.6791946000000001,1.4856830224523563,-22.17880000000005,-25.033961622452406,8854.579198198124,1.0,8879.613159820577,0.15547614238950655,1708180380.0,2024-02-15T19:00:00Z,2024-02-15T19:00:00Z,2024-02-17T14:32:00Z,2024-02-17T14:33:00Z,stop,within_minute_not_exact_tick,0.5452964176713629,0.6236286586290967,8.0,-1.1542064645140333
59,2131680.0,2131788.0,1.0,6529.0,0.5679000000000001,0.5601,1.8539095500000002,1.8284464500000002,1.3871255373920002,-50.92620000000019,-55.995681537392194,8798.58351666073,1.0,8854.579198198124,0.4187459411684441,1708422540.0,2024-02-20T08:00:00Z,2024-02-20T08:00:00Z,2024-02-20T09:48:00Z,2024-02-20T09:49:00Z,stop,within_minute_not_exact_tick,0.5602468668598181,0.6291250651214566,8.0,-1.1206463929093495
60,2131800.0,2132129.0,1.0,5917.0,0.5622,0.5537000000000001,1.6632687000000002,1.6381214500000003,0.0,-50.294499999999715,-53.59589014999972,8744.98762651073,1.0,8798.58351666073,0.3780764703433195,1708443000.0,2024-02-20T10:00:00Z,2024-02-20T10:00:00Z,2024-02-20T15:29:00Z,2024-02-20T15:30:00Z,stop,within_minute_not_exact_tick,0.5539024076276826,0.6285807389785398,8.0,-1.0916359340836257
61,2132160.0,2132245.0,1.0,10807.0,0.5553,0.544,3.0005635500000003,2.9395040000000003,1.8572045783030646,-122.11909999999975,-129.9163721283028,8615.071254382427,1.0,8744.98762651073,0.686236202531308,1708449960.0,2024-02-20T16:00:00Z,2024-02-20T16:00:00Z,2024-02-20T17:25:00Z,2024-02-20T17:26:00Z,stop,within_minute_not_exact_tick,0.5441593646701525,0.6444250826387804,8.0,-1.0790679028076557
62,2132280.0,2133208.0,1.0,5552.0,0.5535,0.5418000000000001,1.5365160000000002,1.5040368000000002,0.7088353445967873,-64.95839999999963,-68.70778814459642,8546.363466237828,1.0,8615.071254382427,0.35670418842290713,1708507740.0,2024-02-20T18:00:00Z,2024-02-20T18:00:00Z,2024-02-21T09:28:00Z,2024-02-21T09:29:00Z,stop,within_minute_not_exact_tick,0.5419276920127372,0.6460784638981031,8.0,-1.069391005301146
63,2133240.0,2136120.0,1.0,46912.0,0.5385,0.5355,12.631056,12.560688,31.498752539268875,-140.73600000000013,-197.426496539269,8348.936969698558,4.0,8546.363466237828,2.955890198187483,1708682400.0,2024-02-21T10:00:00Z,2024-02-21T10:00:00Z,2024-02-23T10:00:00Z,2024-02-23T10:00:00Z,timeout,simulated_bar_open_or_final_close,0.5292490600287338,0.6125075197701287,8.0,-0.4549206251389643
64,2140440.0,2140570.0,1.0,5708.0,0.5338,0.5292,1.5234652000000002,1.5103368000000001,0.0,-26.256800000000275,-29.290602000000277,8319.646367698557,1.0,8348.936969698558,0.36494830552182395,1708949460.0,2024-02-26T10:00:00Z,2024-02-26T10:00:00Z,2024-02-26T12:10:00Z,2024-02-26T12:11:00Z,stop,within_minute_not_exact_tick,0.5293692004934256,0.5692463960525957,8.0,-1.1581431279808245
65,2142240.0,2143771.0,1.0,21549.0,0.5614,0.5527000000000001,6.0488043,5.95506615,25.725231124888815,-187.4762999999985,-225.2054015748873,8094.44096612367,1.0,8319.646367698557,1.4541013001429448,1709141520.0,2024-02-27T16:00:00Z,2024-02-27T16:00:00Z,2024-02-28T17:31:00Z,2024-02-28T17:32:00Z,stop,within_minute_not_exact_tick,0.5528489939845902,0.6298080481232784,8.0,-1.2221780223152825
66,2143800.0,2143822.0,1.0,38753.0,0.5730000000000001,0.553,11.1027345,10.715204500000002,0.0,-775.0600000000007,-796.8779390000008,7297.563027123669,1.0,8094.44096612367,2.743298653104383,1709144580.0,2024-02-28T18:00:00Z,2024-02-28T18:00:00Z,2024-02-28T18:22:00Z,2024-02-28T18:23:00Z,stop,within_minute_not_exact_tick,0.5531151738722065,0.7320786090223479,8.0,-1.0341050943995254
67,2146500.0,2148927.0,1.0,11380.0,0.5940000000000001,0.5800000000000001,3.3798600000000008,3.3002000000000002,28.375966999887563,-159.32000000000014,-194.3760269998877,7103.187000123781,1.0,7297.563027123669,0.9262982690078035,1709450880.0,2024-03-01T15:00:00Z,2024-03-01T15:00:00Z,2024-03-03T07:27:00Z,2024-03-03T07:28:00Z,stop,within_minute_not_exact_tick,0.5801983308021695,0.7044133535826448,8.0,-1.23756729850088
68,2152560.0,2155440.0,1.0,24965.0,0.5682,0.633,7.092556500000001,7.9014225,32.09633214112063,1617.7319999999993,1570.6416888588785,8673.828688982661,4.0,7103.187000123781,1.997006836473939,1709841600.0,2024-03-05T20:00:00Z,2024-03-05T20:00:00Z,2024-03-07T20:00:00Z,2024-03-07T20:00:00Z,timeout,simulated_bar_open_or_final_close,0.5407433958087927,0.7878528335296587,8.0,2.2913884893319167
69,2156640.0,2159520.0,1.0,42432.0,0.6148,0.6106,13.043596800000001,12.9544896,98.98555245120349,-178.21439999999922,-303.1980388512027,8370.630650131458,4.0,8673.828688982661,3.007575378233545,1710086400.0,2024-03-08T16:00:00Z,2024-03-08T16:00:00Z,2024-03-10T16:00:00Z,2024-03-10T16:00:00Z,timeout,simulated_bar_open_or_final_close,0.6015823844924505,0.7205409240603962,8.0,-0.5406046427356563
70,2160960.0,2161943.0,1.0,45204.0,0.6940000000000001,0.6821,15.685788000000002,15.4168242,76.40291815165487,-537.927600000001,-645.4331303516558,7725.197519779802,7.0,8370.630650131458,3.7478151063214487,1710231840.0,2024-03-11T16:00:00Z,2024-03-11T16:00:00Z,2024-03-12T08:23:00Z,2024-03-12T08:24:00Z,daily_circuit,within_minute_not_exact_tick,0.6766541962067864,0.8327664303457101,8.0,-0.823151849538148
71,2166420.0,2168594.0,1.0,12077.0,0.619,0.5949,3.7378315,3.59230365,6.524067494987217,-291.0557000000001,-304.90990264498737,7420.287617134815,1.0,7725.197519779802,0.9676986227030587,1710630900.0,2024-03-15T11:00:00Z,2024-03-15T11:00:00Z,2024-03-16T23:14:00Z,2024-03-16T23:15:00Z,stop,within_minute_not_exact_tick,0.5950808239908404,0.8103534080732764,8.0,-1.055519469397379
72,2171160.0,2171951.0,1.0,4280.0,0.6028,0.5906,1.289992,1.263884,0.60312719104,-52.21599999999995,-55.37300319103995,7364.914613943775,1.0,7420.287617134815,0.34769326111326737,1710832320.0,2024-03-18T18:00:00Z,2024-03-18T18:00:00Z,2024-03-19T07:11:00Z,2024-03-19T07:12:00Z,stop,within_minute_not_exact_tick,0.5907766714558211,0.6989866283534305,8.0,-1.0760429210980704
73,2172240.0,2173286.0,1.0,9439.0,0.5910000000000001,0.5701,2.7892245000000004,2.6905869500000006,1.4703847213231116,-197.2751000000003,-204.2252961713234,7160.689317772451,1.0,7364.914613943775,0.7574356652334417,1710912420.0,2024-03-19T12:00:00Z,2024-03-19T12:00:00Z,2024-03-20T05:26:00Z,2024-03-20T05:27:00Z,stop,within_minute_not_exact_tick,0.5702669183794425,0.75686465296446,8.0,-1.0435654472980676
74,2174040.0,2176920.0,1.0,13753.0,0.5855,0.6116,4.0261907500000005,4.2056674,10.383312050699189,358.9533000000002,340.338129799301,7501.027447571752,4.0,7160.689317772451,1.124526025729732,1711130400.0,2024-03-20T18:00:00Z,2024-03-20T18:00:00Z,2024-03-22T18:00:00Z,2024-03-22T18:00:00Z,timeout,simulated_bar_open_or_final_close,0.5693267530296592,0.7148859757627264,8.0,1.5300863705420837
75,2181120.0,2181309.0,1.0,14645.0,0.6428,0.6347,4.7069030000000005,4.64759075,1.6878407899499996,-118.62449999999994,-129.66683453994995,7371.360613031802,1.0,7501.027447571752,1.25500220680401,1711393800.0,2024-03-25T16:00:00Z,2024-03-25T16:00:00Z,2024-03-25T19:09:00Z,2024-03-25T19:10:00Z,stop,within_minute_not_exact_tick,0.6348689698933592,0.7062482408531272,8.0,-1.116374568113955
76,2181360.0,2181438.0,1.0,9370.0,0.6561,0.6447,3.0738285000000003,3.0204195000000005,0.0,-106.81799999999969,-112.91224799999969,7258.4483650318025,1.0,7371.360613031802,0.8339921654533601,1711401540.0,2024-03-25T20:00:00Z,2024-03-25T20:00:00Z,2024-03-25T21:18:00Z,2024-03-25T21:19:00Z,stop,within_minute_not_exact_tick,0.6448452863113161,0.7461377095094712,8.0,-1.0706980500193526
77,2184000.0,2186880.0,1.0,12310.0,0.6118,0.6252,3.765629,3.848106,23.882908074594056,164.9539999999996,133.45735692540558,7391.905721957207,4.0,7258.4483650318025,1.0375851175414406,1711728000.0,2024-03-27T16:00:00Z,2024-03-27T16:00:00Z,2024-03-29T16:00:00Z,2024-03-29T16:00:00Z,timeout,simulated_bar_open_or_final_close,0.6015897588399797,0.6934819292801628,8.0,1.061814047484052
78,2191200.0,2191839.0,1.0,10546.0,0.6003000000000001,0.5910000000000001,3.1653819000000003,3.1163430000000005,3.660567685401921,-98.07779999999974,-108.02009258540166,7283.8856293718045,1.0,7391.905721957207,0.8564454199131425,1712025600.0,2024-04-01T16:00:00Z,2024-04-01T16:00:00Z,2024-04-02T02:39:00Z,2024-04-02T02:40:00Z,stop,within_minute_not_exact_tick,0.5911945830159139,0.6731433358726896,8.0,-1.1249078281594733
79,2194140.0,2194222.0,1.0,2074.0,0.5839,0.5740000000000001,0.6055043,0.595238,0.0,-20.53259999999981,-21.73334229999981,7262.152287071805,1.0,7283.8856293718045,0.1662585962520725,1712168580.0,2024-04-03T17:00:00Z,2024-04-03T17:00:00Z,2024-04-03T18:22:00Z,2024-04-03T18:23:00Z,stop,within_minute_not_exact_tick,0.5741476971874168,0.661918422500666,8.0,-1.074510318371069
80,2195460.0,2195779.0,1.0,6425.0,0.5969,0.5854,1.91754125,1.8805975000000001,0.7097648670000001,-73.8874999999997,-78.3954036169997,7183.7568834548065,1.0,7262.152287071805,0.528091721076584,1712262000.0,2024-04-04T15:00:00Z,2024-04-04T15:00:00Z,2024-04-04T20:19:00Z,2024-04-04T20:20:00Z,stop,within_minute_not_exact_tick,0.5856124731137847,0.6872002150897222,8.0,-1.0809825184027688
81,2196960.0,2199840.0,1.0,13571.0,0.5836,0.5967,3.9600178,4.04890785,6.175548301271586,177.7801,163.5956260487284,7347.352509503535,4.0,7183.7568834548065,1.1024921539648629,1712505600.0,2024-04-05T16:00:00Z,2024-04-05T16:00:00Z,2024-04-07T16:00:00Z,2024-04-07T16:00:00Z,timeout,simulated_bar_open_or_final_close,0.5734665350472854,0.6646677196217168,8.0,1.189602498745872
82,2202780.0,2203365.0,1.0,6409.0,0.616,0.6032000000000001,1.973972,1.9329544000000003,0.536470831104,-82.0351999999995,-86.4785972311035,7260.873912272431,1.0,7347.352509503535,0.5373287854221609,1712717160.0,2024-04-09T17:00:00Z,2024-04-09T17:00:00Z,2024-04-10T02:45:00Z,2024-04-10T02:46:00Z,stop,within_minute_not_exact_tick,0.6034021193966793,0.7167830448265656,8.0,-1.071077451904346
83,2204220.0,2205638.0,1.0,51586.0,0.6156,0.6037,15.878170800000001,15.5712341,12.674463899902,-613.8734000000011,-657.997268799903,6602.8766434725285,1.0,7260.873912272431,4.3736252665571,1712853540.0,2024-04-10T17:00:00Z,2024-04-10T17:00:00Z,2024-04-11T16:38:00Z,2024-04-11T16:39:00Z,stop,within_minute_not_exact_tick,0.6039092916346325,0.709125666922941,8.0,-1.091066974588663
84,2205660.0,2206862.0,1.0,14487.0,0.609,0.6004,4.4112915,4.3489974,2.293351134525,-124.58819999999915,-135.64184003452417,6467.234803438005,1.0,6602.8766434725285,1.3361726223860064,1712926980.0,2024-04-11T17:00:00Z,2024-04-11T17:00:00Z,2024-04-12T13:02:00Z,2024-04-12T13:03:00Z,stop,within_minute_not_exact_tick,0.6006120249128012,0.6761038006975904,8.0,-1.1162412832256945
85,2207220.0,2208711.0,1.0,35474.0,0.5286000000000001,0.5112,9.375778200000001,9.0671544,5.79129988835,-617.2476000000029,-641.4818324883529,5825.752970949652,1.0,6467.234803438005,2.899470480031374,1713037920.0,2024-04-12T19:00:00Z,2024-04-12T19:00:00Z,2024-04-13T19:51:00Z,2024-04-13T19:52:00Z,stop,within_minute_not_exact_tick,0.5113092477480201,0.6669260180158402,8.0,-1.0458281115519035
86,2208720.0,2208727.0,1.0,5725.0,0.4917,0.4728,1.40749125,1.35339,0.0,-108.20250000000016,-110.96338125000017,5714.7895896996515,1.0,5825.752970949652,0.4831963377158321,1713038880.0,2024-04-13T20:00:00Z,2024-04-13T20:00:00Z,2024-04-13T20:07:00Z,2024-04-13T20:08:00Z,stop,within_minute_not_exact_tick,0.47294807293924584,0.6417154164860333,8.0,-1.0336137687184732
87,2208780.0,2211660.0,1.0,902.0,0.4312,0.49210000000000004,0.1944712,0.22193710000000003,0.16500088658636,54.93180000000001,54.35039081341365,5769.139980513065,4.0,5714.7895896996515,0.06805891868723052,1713214800.0,2024-04-13T21:00:00Z,2024-04-13T21:00:00Z,2024-04-15T21:00:00Z,2024-04-15T21:00:00Z,timeout,simulated_bar_open_or_final_close,0.4057727596564359,0.6346179227485134,8.0,2.3697192999975374
88,2212860.0,2214155.0,1.0,18920.0,0.49310000000000004,0.4797,4.664726000000001,4.537962,-0.851319899775268,-253.52800000000045,-261.8793681002252,5507.26061241284,1.0,5769.139980513065,1.617130461648169,1713364560.0,2024-04-16T17:00:00Z,2024-04-16T17:00:00Z,2024-04-17T14:35:00Z,2024-04-17T14:36:00Z,stop,within_minute_not_exact_tick,0.4798225870599828,0.5993193035201376,8.0,-1.0424774989041796
89,2214300.0,2216302.0,1.0,5285.0,0.48260000000000003,0.4708,1.2752705000000002,1.244089,0.592537504685,-62.36300000000017,-65.47489700468516,5441.785715408155,1.0,5507.26061241284,0.4631233528791654,1713493380.0,2024-04-17T17:00:00Z,2024-04-17T17:00:00Z,2024-04-19T02:22:00Z,2024-04-19T02:23:00Z,stop,within_minute_not_exact_tick,0.4709351638626429,0.5759186890988574,8.0,-1.0620652270737252
90,2217060.0,2219940.0,1.0,3720.0,0.49760000000000004,0.5239,0.925536,0.974454,0.3332165522400001,97.83599999999996,95.60279344775996,5537.3885088559155,4.0,5441.785715408155,0.3401589288528541,1713711600.0,2024-04-19T15:00:00Z,2024-04-19T15:00:00Z,2024-04-21T15:00:00Z,2024-04-21T15:00:00Z,timeout,simulated_bar_open_or_final_close,0.4868974542648445,0.5832203658812446,8.0,2.4012675389540314
91,2221380.0,2224233.0,1.0,11009.0,0.5348,0.5275000000000001,2.9438066000000003,2.903623750000001,1.5182190978072172,-80.3656999999997,-87.73134944780692,5449.657159408109,1.0,5537.3885088559155,1.0632472672964832,1713969240.0,2024-04-22T15:00:00Z,2024-04-22T15:00:00Z,2024-04-24T14:33:00Z,2024-04-24T14:34:00Z,stop,within_minute_not_exact_tick,0.5276812295538745,0.5917501635690041,8.0,-1.11944290734227
92,2224320.0,2225410.0,1.0,13788.0,0.5261,0.5176000000000001,3.6269334,3.5683344000000004,0.9544764035675988,-117.19799999999934,-125.34774420356693,5324.309415204542,1.0,5449.657159408109,1.3310684668442239,1714039860.0,2024-04-24T16:00:00Z,2024-04-24T16:00:00Z,2024-04-25T10:10:00Z,2024-04-25T10:11:00Z,stop,within_minute_not_exact_tick,0.5177741132770611,0.5927070937835114,8.0,-1.0919047370075237
93,2225460.0,2227757.0,1.0,4530.0,0.5171,0.5081,1.1712315000000002,1.1508464999999999,0.695625827639124,-40.77000000000004,-43.78770382763916,5280.521711376903,1.0,5324.309415204542,0.4399562116564201,1714180680.0,2024-04-25T11:00:00Z,2024-04-25T11:00:00Z,2024-04-27T01:17:00Z,2024-04-27T01:18:00Z,stop,within_minute_not_exact_tick,0.5082571720437633,0.5878426236498938,8.0,-1.0931072992925748
94,2231520.0,2232511.0,1.0,6348.0,0.5124000000000001,0.5055000000000001,1.6263576000000004,1.6044570000000002,0.9418285233360001,-43.80120000000011,-47.97384312333611,5232.547868253567,1.0,5280.521711376903,0.6159836807397295,1714465920.0,2024-04-29T16:00:00Z,2024-04-29T16:00:00Z,2024-04-30T08:31:00Z,2024-04-30T08:32:00Z,stop,within_minute_not_exact_tick,0.5056816472609202,0.566146821912639,8.0,-1.124876361141326
95,2234340.0,2237220.0,1.0,7716.0,0.49770000000000003,0.523,1.9201266000000001,2.0177340000000004,2.203489887809802,195.2147999999999,189.0734495121901,5421.621317765756,4.0,5232.547868253567,0.7339164966457796,1714748400.0,2024-05-01T15:00:00Z,2024-05-01T15:00:00Z,2024-05-03T15:00:00Z,2024-05-03T15:00:00Z,timeout,simulated_bar_open_or_final_close,0.4890236096392846,0.5671111228857233,8.0,2.8242246906978736
96,2237280.0,2240160.0,1.0,7074.0,0.5266000000000001,0.5313,1.8625842000000004,1.8792081,1.5835034507324148,33.24779999999948,27.922504249267064,5449.543822015024,4.0,5421.621317765756,0.6870949079001958,1714924800.0,2024-05-03T16:00:00Z,2024-05-03T16:00:00Z,2024-05-05T16:00:00Z,2024-05-05T16:00:00Z,timeout,simulated_bar_open_or_final_close,0.5197491995144997,0.5814064038840026,8.0,0.576166482567104
97,2241120.0,2241280.0,1.0,52457.0,0.5399,0.5351,14.160767150000002,14.034870350000002,2.83057972,-251.7936000000014,-282.8198172200014,5166.724004795023,1.0,5449.543822015024,5.197046803364879,1714992060.0,2024-05-06T08:00:00Z,2024-05-06T08:00:00Z,2024-05-06T10:40:00Z,2024-05-06T10:41:00Z,stop,within_minute_not_exact_tick,0.5352118936632928,0.5774048506936581,8.0,-1.1500293749281247
98,2241600.0,2241601.0,1.0,50261.0,0.5594,0.5499,14.0580017,13.819261950000001,2.810464240356,-477.47949999999764,-508.1672278903536,4658.556776904669,1.0,5166.724004795023,5.441746718792547,1715011320.0,2024-05-06T16:00:00Z,2024-05-06T16:00:00Z,2024-05-06T16:01:00Z,2024-05-06T16:02:00Z,stop,within_minute_not_exact_tick,0.5501034277606109,0.6337725779151129,8.0,-1.0875586329724822
99,2241660.0,2241795.0,1.0,17427.0,0.553,0.5429,4.818565500000001,4.73055915,0.0,-176.01269999999997,-185.56182464999998,4472.994952254669,1.0,4658.556776904669,2.068694546726829,1715022960.0,2024-05-06T17:00:00Z,2024-05-06T17:00:00Z,2024-05-06T19:15:00Z,2024-05-06T19:16:00Z,stop,within_minute_not_exact_tick,0.543022719951164,0.6328182403906886,8.0,-1.0672197179873852
100,2242980.0,2243386.0,1.0,21957.0,0.5402,0.5317000000000001,5.930585700000001,5.837268450000001,0.8450313000164491,-186.63449999999895,-199.2473854500154,4273.747566804654,1.0,4472.994952254669,2.6517292164663027,1715118420.0,2024-05-07T15:00:00Z,2024-05-07T15:00:00Z,2024-05-07T21:46:00Z,2024-05-07T21:47:00Z,stop,within_minute_not_exact_tick,0.5318553680681709,0.6069570554546331,8.0,-1.0874578782970783
101,2244480.0,2244737.0,1.0,3887.0,0.5276000000000001,0.5197,1.0253906000000002,1.0100369500000002,0.20496151,-30.70730000000007,-32.94768906000007,4240.799877744654,1.0,4273.747566804654,0.47985548232398406,1715199480.0,2024-05-08T16:00:00Z,2024-05-08T16:00:00Z,2024-05-08T20:17:00Z,2024-05-08T20:18:00Z,stop,within_minute_not_exact_tick,0.5198950106857808,0.5892399145137543,8.0,-1.10011573726094
102,2246040.0,2247258.0,1.0,1110.0,0.5166000000000001,0.5093,0.28671300000000005,0.2826615,0.07276879947,-8.103000000000094,-8.745143299470094,4232.0547344451825,1.0,4240.799877744654,0.13521647248890226,1715350740.0,2024-05-09T18:00:00Z,2024-05-09T18:00:00Z,2024-05-10T14:18:00Z,2024-05-10T14:19:00Z,stop,within_minute_not_exact_tick,0.5094795253640984,0.5735637970872134,8.0,-1.1064581899184627
103,2253120.0,2253452.0,1.0,8979.0,0.5081,0.5014000000000001,2.28111495,2.2510353000000003,0.45604341000000004,-60.159299999999355,-65.14749365999937,4166.907240785183,1.0,4232.0547344451825,1.0780176973769937,1715722380.0,2024-05-14T16:00:00Z,2024-05-14T16:00:00Z,2024-05-14T21:32:00Z,2024-05-14T21:33:00Z,stop,within_minute_not_exact_tick,0.5015120407109469,0.5608036743124248,8.0,-1.1013334602805016
104,2256060.0,2256343.0,1.0,1816.0,0.5199,0.5139,0.4720692,0.46662120000000007,0.0,-10.89600000000001,-11.83469040000001,4155.072550385183,1.0,4166.907240785183,0.22658013376417116,1715895840.0,2024-05-16T17:00:00Z,2024-05-16T17:00:00Z,2024-05-16T21:43:00Z,2024-05-16T21:44:00Z,stop,within_minute_not_exact_tick,0.5140889614287798,0.5663883085697622,8.0,-1.1214690661795952
105,2257380.0,2258763.0,1.0,7565.0,0.5233,0.5182,1.97938225,1.9600915,0.556655384929472,-38.58149999999995,-43.07762913492942,4111.994921250252,1.0,4155.072550385183,0.9527546034383961,1716041040.0,2024-05-17T15:00:00Z,2024-05-17T15:00:00Z,2024-05-18T14:03:00Z,2024-05-18T14:04:00Z,stop,within_minute_not_exact_tick,0.5183786040094366,0.5626711679245073,8.0,-1.1570564550358178
106,2261700.0,2263152.0,1.0,2982.0,0.5153,0.5547000000000001,0.7683123,0.8270577000000001,0.47566182585600003,117.4908000000003,115.41976817414431,4227.414689424397,2.0,4111.994921250252,0.37369321446846265,1716304380.0,2024-05-20T15:00:00Z,2024-05-20T15:00:00Z,2024-05-21T15:12:00Z,2024-05-21T15:13:00Z,target,within_minute_not_exact_tick,0.5103528669971102,0.5548770640231181,8.0,7.823822195479905
107,2263200.0,2263411.0,1.0,30686.0,0.543,0.5346000000000001,8.331249,8.202367800000001,1.66485005811,-257.7623999999989,-275.9608668581089,3951.4538225662886,1.0,4227.414689424397,3.941533827207465,1716319920.0,2024-05-21T16:00:00Z,2024-05-21T16:00:00Z,2024-05-21T19:31:00Z,2024-05-21T19:32:00Z,stop,within_minute_not_exact_tick,0.5347436323748249,0.609050941001401,8.0,-1.0892264968408811
108,2264640.0,2264767.0,1.0,2876.0,0.5362,0.5288,0.7710556000000001,0.7604144000000002,0.15418236000000002,-21.282399999999893,-22.968052359999895,3928.4857702062886,1.0,3951.4538225662886,0.39026425949689303,1716401280.0,2024-05-22T16:00:00Z,2024-05-22T16:00:00Z,2024-05-22T18:07:00Z,2024-05-22T18:08:00Z,stop,within_minute_not_exact_tick,0.5289552629170969,0.5941578966632243,8.0,-1.1023326186462314
109,2267460.0,2270340.0,1.0,1826.0,0.5347000000000001,0.535,0.4881811000000001,0.48845500000000003,0.589069245226,0.5477999999999397,-1.0179053452260605,3927.4678648610625,4.0,3928.4857702062886,0.24853397902182814,1716735600.0,2024-05-24T15:00:00Z,2024-05-24T15:00:00Z,2024-05-26T15:00:00Z,2024-05-26T15:00:00Z,timeout,simulated_bar_open_or_final_close,0.5245955693682819,0.6155354450537455,8.0,-0.055168957194893724
110,2271660.0,2272575.0,1.0,2133.0,0.5301,0.5254,0.5653516500000001,0.5603391000000001,0.2504794122188118,-10.02510000000008,-11.401270162218893,3916.0665946988433,1.0,3927.4678648610625,0.2878962575649234,1716869760.0,2024-05-27T13:00:00Z,2024-05-27T13:00:00Z,2024-05-28T04:15:00Z,2024-05-28T04:16:00Z,stop,within_minute_not_exact_tick,0.5255507000840948,0.5664943993272422,8.0,-1.1749457436993331
111,2273280.0,2273436.0,1.0,1685.0,0.5307000000000001,0.5243,0.44711475000000006,0.44172275,0.18328315504738799,-10.784000000000121,-11.85612065504751,3904.2104740437962,1.0,3916.0665946988433,0.22834890019758944,1716921420.0,2024-05-28T16:00:00Z,2024-05-28T16:00:00Z,2024-05-28T18:36:00Z,2024-05-28T18:37:00Z,stop,within_minute_not_exact_tick,0.5244515240029822,0.5806878079761423,8.0,-1.1260783252017108
112,2274840.0,2275028.0,1.0,478.0,0.5277000000000001,0.5219,0.12612030000000002,0.12473410000000001,0.0,-2.772400000000013,-3.023254400000013,3901.187219643796,1.0,3904.2104740437962,0.06460732628964574,1717016940.0,2024-05-29T18:00:00Z,2024-05-29T18:00:00Z,2024-05-29T21:08:00Z,2024-05-29T21:09:00Z,stop,within_minute_not_exact_tick,0.5220473370109378,0.5729213039124987,8.0,-1.118906259268995
113,2276100.0,2276410.0,1.0,1021.0,0.5227,0.5172,0.26683835000000006,0.2640306,0.09910491848560139,-5.615500000000061,-6.2454738684856625,3894.9417457753107,1.0,3901.187219643796,0.13679853592074678,1717099860.0,2024-05-30T15:00:00Z,2024-05-30T15:00:00Z,2024-05-30T20:10:00Z,2024-05-30T20:11:00Z,stop,within_minute_not_exact_tick,0.5173823568174589,0.5652411454603288,8.0,-1.150324741911394
114,2277600.0,2277610.0,1.0,10334.0,0.518,0.5122,2.676506,2.6465374,0.535067052228,-59.93720000000028,-65.79531045222828,3829.1464353230826,1.0,3894.9417457753107,1.3743496949103797,1717171860.0,2024-05-31T16:00:00Z,2024-05-31T16:00:00Z,2024-05-31T16:10:00Z,2024-05-31T16:11:00Z,stop,within_minute_not_exact_tick,0.5123303411265866,0.5633572709873069,8.0,-1.1229736187226567
115,2277660.0,2280540.0,1.0,4267.0,0.5165000000000001,0.5162,1.1019527500000001,1.1013127,2.1433129516990963,-1.2801000000003326,-5.626678401699429,3823.5197569213833,4.0,3829.1464353230826,0.5755605164820621,1717347600.0,2024-05-31T17:00:00Z,2024-05-31T17:00:00Z,2024-06-02T17:00:00Z,2024-06-02T17:00:00Z,timeout,simulated_bar_open_or_final_close,0.5104566613291426,0.5648467093668595,8.0,-0.2181988802393207
116,2281440.0,2281855.0,1.0,3498.0,0.5215000000000001,0.5172,0.9121035000000002,0.9045828,0.396798525798312,-15.041400000000285,-17.254884825798598,3806.264872095585,1.0,3823.5197569213833,0.4771014970428224,1717426560.0,2024-06-03T08:00:00Z,2024-06-03T08:00:00Z,2024-06-03T14:55:00Z,2024-06-03T14:56:00Z,stop,within_minute_not_exact_tick,0.5173152074048956,0.5549783407608364,8.0,-1.1787408134908675
117,2281860.0,2284740.0,1.0,7504.0,0.5185000000000001,0.5283,1.9454120000000004,1.9821815999999999,2.868483410229797,73.5391999999994,66.74312298976959,3873.0079950853547,4.0,3806.264872095585,1.0222157760287083,1717599600.0,2024-06-03T15:00:00Z,2024-06-03T15:00:00Z,2024-06-05T15:00:00Z,2024-06-05T15:00:00Z,timeout,simulated_bar_open_or_final_close,0.5142557697195809,0.5524538422433534,8.0,2.095630733951321
118,2284800.0,2285208.0,1.0,2772.0,0.53,0.5255000000000001,0.73458,0.7283430000000001,0.2646180259297344,-12.473999999999858,-14.201541025929593,3858.806454059425,1.0,3873.0079950853547,0.3793330666666032,1717627740.0,2024-06-05T16:00:00Z,2024-06-05T16:00:00Z,2024-06-05T22:48:00Z,2024-06-05T22:49:00Z,stop,within_minute_not_exact_tick,0.5256864966068985,0.5645080271448121,8.0,-1.1877146211380265
119,2286120.0,2286429.0,1.0,3481.0,0.5269,0.5233,0.9170694500000001,0.91080365,0.51739797714407,-12.531600000000166,-14.876871077144235,3843.9295829822813,1.0,3858.806454059425,0.4753124889356668,1717701000.0,2024-06-06T14:00:00Z,2024-06-06T14:00:00Z,2024-06-06T19:09:00Z,2024-06-06T19:10:00Z,stop,within_minute_not_exact_tick,0.5234128022509899,0.5547975819920813,8.0,-1.2255499045567877
120,2287380.0,2287470.0,1.0,1227.0,0.5271,0.5234,0.32337585,0.32110589999999994,0.0,-4.539900000000045,-5.184381750000044,3838.745201232281,1.0,3843.9295829822813,0.16825274397930645,1717763460.0,2024-06-07T11:00:00Z,2024-06-07T11:00:00Z,2024-06-07T12:30:00Z,2024-06-07T12:31:00Z,stop,within_minute_not_exact_tick,0.5235699886491407,0.555340090806874,8.0,-1.1969508253766854
121,2287620.0,2287685.0,1.0,2688.0,0.5276000000000001,0.5237,0.7090944000000001,0.7038528000000002,0.43425327859199997,-10.48320000000004,-12.330400478592038,3826.4148007536887,1.0,3838.745201232281,0.3694407223341485,1717776360.0,2024-06-07T15:00:00Z,2024-06-07T15:00:00Z,2024-06-07T16:05:00Z,2024-06-07T16:06:00Z,stop,within_minute_not_exact_tick,0.5238150692125185,0.557879446299852,8.0,-1.211964713904942
122,2287800.0,2287800.0,1.0,69703.0,0.5136000000000001,0.5089,17.8997304,17.735928350000002,0.0,-327.60410000000263,-363.23975875000264,3463.175042003686,1.0,3826.4148007536887,9.355875581745236,1717783260.0,2024-06-07T18:00:00Z,2024-06-07T18:00:00Z,2024-06-07T18:00:00Z,2024-06-07T18:01:00Z,stop,within_minute_not_exact_tick,0.509029486541223,0.5501641076702162,8.0,-1.1401891815880283
123,2287860.0,2290740.0,1.0,14362.0,0.4904,0.49670000000000003,3.5215624,3.5668027,4.271294575742,90.4806000000004,79.1209403242584,3542.2959823279443,4.0,3463.175042003686,2.033718975961742,1717959600.0,2024-06-07T19:00:00Z,2024-06-07T19:00:00Z,2024-06-09T19:00:00Z,2024-06-09T19:00:00Z,timeout,simulated_bar_open_or_final_close,0.4800432469871045,0.5732540241031643,8.0,0.531928057195197
124,2291940.0,2292112.0,1.0,8899.0,0.5032,0.4989,2.2389883999999998,2.21985555,0.4490435400000001,-38.26569999999974,-43.17358748999973,3499.1223948379447,1.0,3542.2959823279443,1.2641452951249825,1718041980.0,2024-06-10T15:00:00Z,2024-06-10T15:00:00Z,2024-06-10T17:52:00Z,2024-06-10T17:53:00Z,stop,within_minute_not_exact_tick,0.4990213658575177,0.536629073139858,8.0,-1.1610277029704295
125,2292120.0,2292242.0,1.0,8891.0,0.5006,0.496,2.2254173,2.204968,0.0,-40.89860000000043,-45.32898530000043,3453.793409537944,1.0,3499.1223948379447,1.271985971844272,1718049780.0,2024-06-10T18:00:00Z,2024-06-10T18:00:00Z,2024-06-10T20:02:00Z,2024-06-10T20:03:00Z,stop,within_minute_not_exact_tick,0.4961275447112022,0.5363796423103828,8.0,-1.1399331398057264
126,2293380.0,2293418.0,1.0,1745.0,0.4832,0.4768,0.4215920000000001,0.416008,0.0,-11.16800000000003,-12.00560000000003,3441.787809537944,1.0,3453.793409537944,0.2441327259677651,1718120340.0,2024-06-11T15:00:00Z,2024-06-11T15:00:00Z,2024-06-11T15:38:00Z,2024-06-11T15:39:00Z,stop,within_minute_not_exact_tick,0.4769720504643508,0.5330235962851938,8.0,-1.104697454694905
127,2293440.0,2296320.0,1.0,9183.0,0.4766,0.48040000000000005,2.1883089,2.2057566000000004,3.117235678809,34.89540000000024,27.384098821191234,3469.171908359135,4.0,3441.787809537944,1.2716117443008654,1718294400.0,2024-06-11T16:00:00Z,2024-06-11T16:00:00Z,2024-06-13T16:00:00Z,2024-06-13T16:00:00Z,timeout,simulated_bar_open_or_final_close,0.4695040474059053,0.5333676207527579,8.0,0.420245588940615
128,2296380.0,2296630.0,1.0,2524.0,0.4838,0.4772,0.6105556000000001,0.6022264,0.0,-16.658399999999986,-17.871181999999987,3451.300726359135,1.0,3469.171908359135,0.35198924476981797,1718313060.0,2024-06-13T17:00:00Z,2024-06-13T17:00:00Z,2024-06-13T21:10:00Z,2024-06-13T21:11:00Z,stop,within_minute_not_exact_tick,0.477298935137426,0.5358085189005919,8.0,-1.0891292656933418
129,2297700.0,2297747.0,1.0,587.0,0.47800000000000004,0.47300000000000003,0.140293,0.13882550000000002,0.0,-2.9350000000000027,-3.2141185000000028,3448.086607859135,1.0,3451.300726359135,0.08129862398168859,1718380080.0,2024-06-14T15:00:00Z,2024-06-14T15:00:00Z,2024-06-14T15:47:00Z,2024-06-14T15:48:00Z,stop,within_minute_not_exact_tick,0.4731698817886612,0.5166409456907107,8.0,-1.1336161477675877
130,2297760.0,2297768.0,1.0,2850.0,0.4742,0.46900000000000003,0.675735,0.6683250000000001,0.1351325904,-14.81999999999995,-16.29919259039995,3431.787415268735,1.0,3448.086607859135,0.3919478115542775,1718381340.0,2024-06-14T16:00:00Z,2024-06-14T16:00:00Z,2024-06-14T16:08:00Z,2024-06-14T16:09:00Z,stop,within_minute_not_exact_tick,0.46910687192181316,0.5149450246254949,8.0,-1.1228884992100843
131,2297820.0,2300700.0,1.0,4247.0,0.46780000000000005,0.4892,0.9933733000000001,1.0388162,1.2347713402670002,90.88579999999989,87.61883915973289,3519.406254428468,4.0,3431.787415268735,0.5789247291835595,1718557200.0,2024-06-14T17:00:00Z,2024-06-14T17:00:00Z,2024-06-16T17:00:00Z,2024-06-16T17:00:00Z,timeout,simulated_bar_open_or_final_close,0.4615344066999838,0.5179247464001302,8.0,3.2927065883683184
132,2302260.0,2302390.0,1.0,2763.0,0.5172,0.5061,0.7145118,0.69917715,0.0,-30.669299999999996,-32.082988949999994,3487.323265478468,1.0,3519.406254428468,0.4060411037236352,1718658660.0,2024-06-17T19:00:00Z,2024-06-17T19:00:00Z,2024-06-17T21:10:00Z,2024-06-17T21:11:00Z,stop,within_minute_not_exact_tick,0.5062507181626282,0.6047942546989742,8.0,-1.0604942107132032
133,2303460.0,2306340.0,1.0,25253.0,0.4832,0.4944,6.101124800000001,6.242541600000001,4.447812438046779,282.8335999999997,266.042121161953,3753.365386640421,4.0,3487.323265478468,3.499030250734678,1718895600.0,2024-06-18T15:00:00Z,2024-06-18T15:00:00Z,2024-06-20T15:00:00Z,2024-06-20T15:00:00Z,timeout,simulated_bar_open_or_final_close,0.4702672187893581,0.586662249685135,8.0,0.8146020385800388
134,2307960.0,2310840.0,1.0,1366.0,0.4802,0.48150000000000004,0.3279766,0.3288645,0.2829809005716664,1.7758000000000318,0.8359779994283656,3754.20136463985,4.0,3753.365386640421,0.1747640137394493,1719165600.0,2024-06-21T18:00:00Z,2024-06-21T18:00:00Z,2024-06-23T18:00:00Z,2024-06-23T18:00:00Z,timeout,simulated_bar_open_or_final_close,0.4729645083023938,0.5380839335808498,8.0,0.08458163954249198
135,2312100.0,2312147.0,1.0,5062.0,0.4801,0.4738,1.2151331,1.1991878,0.0,-31.89060000000014,-34.30492090000014,3719.89644373985,1.0,3754.20136463985,0.6473457238842439,1719244080.0,2024-06-24T15:00:00Z,2024-06-24T15:00:00Z,2024-06-24T15:47:00Z,2024-06-24T15:48:00Z,stop,within_minute_not_exact_tick,0.47394310546605123,0.5293551562715906,8.0,-1.1007091257828527
136,2312160.0,2312395.0,1.0,10319.0,0.4731,0.46640000000000004,2.4409594500000003,2.4063908,0.488101371732,-69.13729999999983,-74.47275162173182,3645.4236921181187,1.0,3719.89644373985,1.3123803239780232,1719258960.0,2024-06-24T16:00:00Z,2024-06-24T16:00:00Z,2024-06-24T19:55:00Z,2024-06-24T19:56:00Z,stop,within_minute_not_exact_tick,0.46657182556549653,0.525325395476028,8.0,-1.1055236498975207
137,2313540.0,2314408.0,1.0,519.0,0.4782,0.4726,0.1240929,0.1226397,0.049439606802000005,-2.906399999999997,-3.2025722068019973,3642.2211199113167,1.0,3645.4236921181187,0.06808146897618789,1719379740.0,2024-06-25T15:00:00Z,2024-06-25T15:00:00Z,2024-06-26T05:28:00Z,2024-06-26T05:29:00Z,stop,within_minute_not_exact_tick,0.47273216362680703,0.5219426909855438,8.0,-1.12853767685016
138,2314980.0,2315103.0,1.0,1246.0,0.4717,0.46690000000000004,0.2938691,0.29087870000000005,0.05851216000000001,-5.980799999999964,-6.624059959999965,3635.5970599513166,1.0,3642.2211199113167,0.16136807202257689,1719421440.0,2024-06-26T15:00:00Z,2024-06-26T15:00:00Z,2024-06-26T17:03:00Z,2024-06-26T17:04:00Z,stop,within_minute_not_exact_tick,0.467035215061029,0.5090182795117679,8.0,-1.1396581127645058
139,2315220.0,2318100.0,1.0,2423.0,0.46900000000000003,0.4736,0.5681935000000001,0.5737664,0.641375400499,11.145799999999983,9.362464699500984,3644.9595246508175,4.0,3635.5970599513166,0.312572317905664,1719601200.0,2024-06-26T19:00:00Z,2024-06-26T19:00:00Z,2024-06-28T19:00:00Z,2024-06-28T19:00:00Z,timeout,simulated_bar_open_or_final_close,0.46433888346138935,0.5062889323088855,8.0,0.8289852774527963
140,2325180.0,2325317.0,1.0,1315.0,0.4691,0.4636,0.30843325,0.304817,0.0,-7.232500000000006,-7.845750250000006,3637.113774400818,1.0,3644.9595246508175,0.1692382304462201,1720034280.0,2024-07-03T17:00:00Z,2024-07-03T17:00:00Z,2024-07-03T19:17:00Z,2024-07-03T19:18:00Z,stop,within_minute_not_exact_tick,0.46370587550143627,0.5122529959885102,8.0,-1.106083109796334
141,2326500.0,2326695.0,1.0,3530.0,0.4456,0.43770000000000003,0.7864840000000001,0.7725405000000001,0.1568379,-27.88699999999987,-29.60286239999987,3607.510912000818,1.0,3637.113774400818,0.4324769852048779,1720116960.0,2024-07-04T15:00:00Z,2024-07-04T15:00:00Z,2024-07-04T18:15:00Z,2024-07-04T18:16:00Z,stop,within_minute_not_exact_tick,0.43786598955474365,0.5074720835620509,8.0,-1.084311956824878
142,2331420.0,2331430.0,1.0,26193.0,0.4106,0.4032,5.377422900000001,5.2805088,0.0,-193.82820000000046,-204.48613170000047,3403.0247803008174,1.0,3607.510912000818,2.9812372193311227,1720401060.0,2024-07-08T01:00:00Z,2024-07-08T01:00:00Z,2024-07-08T01:10:00Z,2024-07-08T01:11:00Z,stop,within_minute_not_exact_tick,0.4033358195682133,0.4687134434542936,8.0,-1.0747117411674523
143,2332260.0,2335140.0,1.0,15302.0,0.4304,0.43270000000000003,3.2929904000000003,3.3105877,2.832756185728,35.19460000000037,25.75826571427237,3428.78304601509,4.0,3403.0247803008174,1.9353314257728735,1720623600.0,2024-07-08T15:00:00Z,2024-07-08T15:00:00Z,2024-07-10T15:00:00Z,2024-07-10T15:00:00Z,timeout,simulated_bar_open_or_final_close,0.4202744587124065,0.5114043303007483,8.0,0.1662456048707781
144,2336640.0,2338771.0,1.0,11921.0,0.4404,0.4907,2.6250042,2.9248173500000005,1.6502363385564789,599.6263000000001,592.4262421114436,4021.2092881265335,2.0,3428.78304601509,1.5311579442454157,1720841520.0,2024-07-11T16:00:00Z,2024-07-11T16:00:00Z,2024-07-13T03:31:00Z,2024-07-13T03:32:00Z,target,within_minute_not_exact_tick,0.4340914462932767,0.49086842965378674,8.0,7.877561367913226
145,2339460.0,2342340.0,1.0,7084.0,0.5214,0.5291,1.8467987999999997,1.8740722,2.1847427839301683,54.54680000000028,48.64118621607011,4069.850474342604,4.0,4021.2092881265335,0.9185290631119658,1721055600.0,2024-07-13T15:00:00Z,2024-07-13T15:00:00Z,2024-07-15T15:00:00Z,2024-07-15T15:00:00Z,timeout,simulated_bar_open_or_final_close,0.5111614445747621,0.603308443401903,8.0,0.6706360873988729
146,2342460.0,2344759.0,1.0,15442.0,0.5332,0.6164000000000001,4.1168372,4.7592244,2.9645679614180005,1284.7744000000007,1272.9337704385828,5342.784244781186,2.0,4069.850474342604,2.023090148374547,1721200800.0,2024-07-15T17:00:00Z,2024-07-15T17:00:00Z,2024-07-17T07:19:00Z,2024-07-17T07:20:00Z,target,within_minute_not_exact_tick,0.5227733253365846,0.6166133973073229,8.0,7.905993217591984
147,2345160.0,2345282.0,1.0,16305.0,0.6155,0.5974,5.017863750000001,4.8703035,0.707740017575973,-295.1205000000001,-305.7164072675761,5037.06783751361,1.0,5342.784244781186,1.8783703477831555,1721232180.0,2024-07-17T14:00:00Z,2024-07-17T14:00:00Z,2024-07-17T16:02:00Z,2024-07-17T16:03:00Z,stop,within_minute_not_exact_tick,0.5976166338215244,0.7585669294278049,8.0,-1.0484522953360933
148,2345340.0,2346076.0,1.0,20971.0,0.6118,0.5931000000000001,6.4150289,6.21895005,1.31236518,-392.1576999999987,-406.10404412999867,4630.963793383612,1.0,5037.06783751361,2.5471282527600727,1721279820.0,2024-07-17T17:00:00Z,2024-07-17T17:00:00Z,2024-07-18T05:16:00Z,2024-07-18T05:17:00Z,stop,within_minute_not_exact_tick,0.593299016257202,0.7598078699423834,8.0,-1.0467027196615086
149,2346660.0,2347216.0,1.0,10218.0,0.5744,0.5563,2.9346096000000004,2.8421367,1.156832596842,-184.94580000000005,-191.87937889684204,4439.08441448677,1.0,4630.963793383612,1.2673861126674146,1721348220.0,2024-07-18T15:00:00Z,2024-07-18T15:00:00Z,2024-07-19T00:16:00Z,2024-07-19T00:17:00Z,stop,within_minute_not_exact_tick,0.5564256679352622,0.7181946565179029,8.0,-1.0447434208606778
150,2348160.0,2351040.0,1.0,7389.0,0.5627,0.5875,2.0788951499999997,2.1705187500000003,2.3017878891400336,183.24720000000033,176.6959982108603,4615.780412697629,4.0,4439.08441448677,0.9366324024907527,1721577600.0,2024-07-19T16:00:00Z,2024-07-19T16:00:00Z,2024-07-21T16:00:00Z,2024-07-21T16:00:00Z,timeout,simulated_bar_open_or_final_close,0.5483841511758837,0.6772267905929303,8.0,1.6704133169324664
151,2352120.0,2353788.0,1.0,5358.0,0.6019,0.5891000000000001,1.6124901,1.5781989,0.9738275374800001,-68.58239999999958,-72.74691653747959,4543.033496160148,1.0,4615.780412697629,0.6986857934420683,1721742540.0,2024-07-22T10:00:00Z,2024-07-22T10:00:00Z,2024-07-23T13:48:00Z,2024-07-23T13:49:00Z,stop,within_minute_not_exact_tick,0.5892509395759211,0.7030924833926313,8.0,-1.0733802831832544
152,2354040.0,2356920.0,1.0,17885.0,0.5887,0.6148,5.26444975,5.497849,5.0809512587396535,466.7985000000002,450.9552499912606,4993.988746151409,4.0,4543.033496160148,2.317592311150514,1721930400.0,2024-07-23T18:00:00Z,2024-07-23T18:00:00Z,2024-07-25T18:00:00Z,2024-07-25T18:00:00Z,timeout,simulated_bar_open_or_final_close,0.5750706786920582,0.6977345704635348,8.0,1.84999379942408
153,2356980.0,2357076.0,1.0,8098.0,0.6022000000000001,0.5851000000000001,2.4383078000000005,2.3690699000000004,0.0,-138.47580000000002,-143.2831777,4850.705568451409,1.0,4993.988746151409,0.9764971144074241,1721939820.0,2024-07-25T19:00:00Z,2024-07-25T19:00:00Z,2024-07-25T20:36:00Z,2024-07-25T20:37:00Z,stop,within_minute_not_exact_tick,0.5852916763865232,0.7374665889078149,8.0,-1.0464461412305361
154,2358180.0,2361060.0,1.0,10964.0,0.5884,0.5998,3.2256088,3.2881036,2.647899271416804,124.98959999999963,115.82798832858282,4966.533556779992,4.0,4850.705568451409,1.3299544796035838,1722178800.0,2024-07-26T15:00:00Z,2024-07-26T15:00:00Z,2024-07-28T15:00:00Z,2024-07-28T15:00:00Z,timeout,simulated_bar_open_or_final_close,0.5761699793642457,0.6862401650860344,8.0,0.8638081494363234
155,2364000.0,2366193.0,1.0,8646.0,0.6181,0.6049,2.6720463,2.6149827,2.735001163356,-114.1271999999999,-122.14923016335591,4844.384326616637,1.0,4966.533556779992,1.0760206367083915,1722486840.0,2024-07-30T16:00:00Z,2024-07-30T16:00:00Z,2024-08-01T04:33:00Z,2024-08-01T04:34:00Z,stop,within_minute_not_exact_tick,0.6050621561933793,0.722402750452965,8.0,-1.0836018283042992
156,2366220.0,2366864.0,1.0,9428.0,0.6004,0.5842,2.8302856000000003,2.7539188000000006,0.0083726585315656,-152.73359999999994,-158.3261770585315,4686.0581495581055,1.0,4844.384326616637,1.1684810325429724,1722527100.0,2024-08-01T05:00:00Z,2024-08-01T05:00:00Z,2024-08-01T15:44:00Z,2024-08-01T15:45:00Z,stop,within_minute_not_exact_tick,0.5843439052951516,0.7288487576387881,8.0,-1.0459073873044051
157,2366880.0,2367009.0,1.0,25002.0,0.5856,0.5709000000000001,7.3205856,7.136820900000001,1.1070995525743355,-367.52939999999836,-383.09390605257266,4302.964243505532,1.0,4686.0581495581055,3.124410908426448,1722535800.0,2024-08-01T16:00:00Z,2024-08-01T16:00:00Z,2024-08-01T18:09:00Z,2024-08-01T18:10:00Z,stop,within_minute_not_exact_tick,0.5710225902417654,0.7022192780658766,8.0,-1.0511147517831316
158,2367060.0,2367748.0,1.0,2657.0,0.5768,0.5613,0.7662787999999999,0.74568705,-0.10516682327999999,-41.18349999999989,-42.59029902671989,4260.3739444788125,1.0,4302.964243505532,0.35616321988106003,1722580140.0,2024-08-01T19:00:00Z,2024-08-01T19:00:00Z,2024-08-02T06:28:00Z,2024-08-02T06:29:00Z,stop,within_minute_not_exact_tick,0.5614332298263622,0.6997341613891018,8.0,-1.0431254439855626
159,2367960.0,2368253.0,1.0,6017.0,0.5761000000000001,0.5613,1.7331968500000003,1.6886710500000002,0.0,-89.0516000000002,-92.4734679000002,4167.900476578812,1.0,4260.3739444788125,0.8136360200240726,1722610440.0,2024-08-02T10:00:00Z,2024-08-02T10:00:00Z,2024-08-02T14:53:00Z,2024-08-02T14:54:00Z,stop,within_minute_not_exact_tick,0.5614522322694149,0.6932821418446817,8.0,-1.0492178933114487
160,2368260.0,2368869.0,1.0,25782.0,0.5601,0.5448000000000001,7.220249100000001,7.0230168000000015,2.50950224170477,-394.4645999999995,-411.21736814170424,3756.6831084371074,1.0,4167.900476578812,3.464693622399873,1722647400.0,2024-08-02T15:00:00Z,2024-08-02T15:00:00Z,2024-08-03T01:09:00Z,2024-08-03T01:10:00Z,stop,within_minute_not_exact_tick,0.5449182135407818,0.6815542916737456,8.0,-1.0505868647301557
161,2369400.0,2369757.0,1.0,3688.0,0.5704,0.5568000000000001,1.0518176000000001,1.0267392000000002,0.0,-50.1567999999998,-52.2353567999998,3704.4477516371076,1.0,3756.6831084371074,0.5599714267289304,1722700680.0,2024-08-03T10:00:00Z,2024-08-03T10:00:00Z,2024-08-03T15:57:00Z,2024-08-03T15:58:00Z,stop,within_minute_not_exact_tick,0.5569676232315021,0.6778590141479836,8.0,-1.0544373675712324
162,2371140.0,2371270.0,1.0,28566.0,0.5308,0.5189,7.581416400000001,7.411448700000001,-0.6239290111826149,-339.93540000000064,-354.30433608881805,3350.14341554829,1.0,3704.4477516371076,4.0931425725464985,1722791460.0,2024-08-04T15:00:00Z,2024-08-04T15:00:00Z,2024-08-04T17:10:00Z,2024-08-04T17:11:00Z,stop,within_minute_not_exact_tick,0.5190092841734038,0.6251257266127709,8.0,-1.051930053874653
163,2371800.0,2372060.0,1.0,17154.0,0.4743,0.4555,4.0680711,3.9068235000000002,0.0,-322.4951999999997,-330.4700945999997,3019.67332094829,1.0,3350.14341554829,2.4285951945339113,1722838860.0,2024-08-05T02:00:00Z,2024-08-05T02:00:00Z,2024-08-05T06:20:00Z,2024-08-05T06:21:00Z,stop,within_minute_not_exact_tick,0.4556353241336559,0.6236174069307531,8.0,-1.0321582939856009
164,2372100.0,2372486.0,1.0,12352.0,0.45580000000000004,0.4345,2.8150208,2.683472,-0.3540111828378624,-263.0976000000005,-268.2420816171627,2751.431239331127,1.0,3019.67332094829,1.8644538668944353,1722864420.0,2024-08-05T07:00:00Z,2024-08-05T07:00:00Z,2024-08-05T13:26:00Z,2024-08-05T13:27:00Z,stop,within_minute_not_exact_tick,0.4346474392091293,0.625020486326966,8.0,-1.0266600806840125
165,2372640.0,2375520.0,1.0,2262.0,0.4884,0.4993,0.5523804,0.5647083,0.028067810297459382,24.655800000000045,23.510643489702588,2774.9418828208295,4.0,2751.431239331127,0.40152222748934385,1723046400.0,2024-08-05T16:00:00Z,2024-08-05T16:00:00Z,2024-08-07T16:00:00Z,2024-08-07T16:00:00Z,timeout,simulated_bar_open_or_final_close,0.4640664623194934,0.6830683014440531,8.0,0.42713647856175274
166,2375580.0,2375784.0,1.0,8661.0,0.5032,0.6005,2.1791076,2.60046525,0.0,842.7153000000004,837.9357271500005,3612.8776099708302,2.0,2774.9418828208295,1.5705608924572196,1723062300.0,2024-08-07T17:00:00Z,2024-08-07T17:00:00Z,2024-08-07T20:24:00Z,2024-08-07T20:25:00Z,target,within_minute_not_exact_tick,0.49101995018043126,0.6006403985565495,8.0,7.943165375609768
167,2376960.0,2378015.0,1.0,12687.0,0.6129,0.5879,3.88793115,3.7293436499999997,1.8027138582270001,-317.1750000000003,-326.59498865822724,3286.282621312603,1.0,3612.8776099708302,2.1522628606460823,1723196160.0,2024-08-08T16:00:00Z,2024-08-08T16:00:00Z,2024-08-09T09:35:00Z,2024-08-09T09:36:00Z,stop,within_minute_not_exact_tick,0.5881056282182604,0.8112549742539169,8.0,-1.0382393088079234
168,2378460.0,2381340.0,1.0,2514.0,0.5781000000000001,0.5682,0.7266717000000001,0.7142274000000001,0.13460357667461642,-24.88860000000005,-26.464102676674667,3259.8185186359283,4.0,3286.282621312603,0.4422454084060206,1723395600.0,2024-08-09T17:00:00Z,2024-08-09T17:00:00Z,2024-08-11T17:00:00Z,2024-08-11T17:00:00Z,timeout,simulated_bar_open_or_final_close,0.5598507769186676,0.7240937846506599,8.0,-0.5768295751993191
169,2382660.0,2382890.0,1.0,4760.0,0.5750000000000001,0.5619000000000001,1.3685000000000003,1.3373220000000001,0.26023587828000005,-62.356,-65.32205787827999,3194.496460757648,1.0,3259.8185186359283,0.8396172929115387,1723488660.0,2024-08-12T15:00:00Z,2024-08-12T15:00:00Z,2024-08-12T18:50:00Z,2024-08-12T18:51:00Z,stop,within_minute_not_exact_tick,0.5620867145521611,0.6783062835827116,8.0,-1.06271339377049
170,2388420.0,2391300.0,1.0,4357.0,0.5575,0.5711,1.21451375,1.24414135,0.8429301689470893,59.255200000000244,55.95361473105315,3250.4500754887017,4.0,3194.496460757648,0.760378835863196,1723993200.0,2024-08-16T15:00:00Z,2024-08-16T15:00:00Z,2024-08-18T15:00:00Z,2024-08-18T15:00:00Z,timeout,simulated_bar_open_or_final_close,0.5492650558275215,0.6233795533798276,8.0,1.559480429356615
171,2392860.0,2395740.0,1.0,4738.0,0.5864,0.5953,1.3891816000000001,1.4102657000000003,0.8025678134010916,42.16820000000009,38.566184886599,3289.016260375301,4.0,3250.4500754887017,0.8547626130151457,1724259600.0,2024-08-19T17:00:00Z,2024-08-19T17:00:00Z,2024-08-21T17:00:00Z,2024-08-21T17:00:00Z,timeout,simulated_bar_open_or_final_close,0.5777510931698134,0.6555912546414925,8.0,0.9411317040787501
172,2397180.0,2400060.0,1.0,1163.0,0.5961000000000001,0.6229,0.34663215,0.36221634999999996,0.20248637084365317,31.168399999999924,30.257065129156267,3319.2733255044573,4.0,3289.016260375301,0.21078165783251357,1724518800.0,2024-08-22T17:00:00Z,2024-08-22T17:00:00Z,2024-08-24T17:00:00Z,2024-08-24T17:00:00Z,timeout,simulated_bar_open_or_final_close,0.5893058343924725,0.6504533248602208,8.0,3.829225627279191
173,2402940.0,2402979.0,1.0,1186.0,0.5917,0.5844,0.3508781,0.34654920000000006,0.0,-8.657799999999968,-9.355227299999967,3309.9180982044572,1.0,3319.2733255044573,0.211418624253653,1724694000.0,2024-08-26T17:00:00Z,2024-08-26T17:00:00Z,2024-08-26T17:39:00Z,2024-08-26T17:40:00Z,stop,within_minute_not_exact_tick,0.5845906285557446,0.6485749715540431,8.0,-1.1095284670171202
174,2405820.0,2407373.0,1.0,8275.0,0.5707,0.5596,2.3612712499999997,2.3153449999999998,0.6724574180438625,-91.85249999999999,-97.20157366804385,3212.7165245364135,1.0,3309.9180982044572,1.4267853040115566,1724957640.0,2024-08-28T17:00:00Z,2024-08-28T17:00:00Z,2024-08-29T18:53:00Z,2024-08-29T18:54:00Z,stop,within_minute_not_exact_tick,0.5597253665330543,0.6584970677355662,8.0,-1.0703240132527647
175,2412900.0,2414940.0,1.0,1242.0,0.5572,0.5503,0.34602120000000003,0.34173630000000005,0.23240526974794443,-8.569800000000022,-9.489962769747967,3203.2265617666653,1.0,3212.7165245364135,0.21540724017032903,1725411660.0,2024-09-02T15:00:00Z,2024-09-02T15:00:00Z,2024-09-04T01:00:00Z,2024-09-04T01:01:00Z,stop,within_minute_not_exact_tick,0.5504612472575875,0.6111100219393005,8.0,-1.1338703299199386
176,2417340.0,2418201.0,1.0,6269.0,0.542,0.5356000000000001,1.6988990000000002,1.6788382000000002,0.032917984354604,-40.12159999999976,-43.53225518435436,3159.6943065823107,1.0,3203.2265617666653,1.0607423279251353,1725607320.0,2024-09-05T17:00:00Z,2024-09-05T17:00:00Z,2024-09-06T07:21:00Z,2024-09-06T07:22:00Z,stop,within_minute_not_exact_tick,0.5357639901498135,0.5918880788014924,8.0,-1.1135407225997622
177,2422620.0,2422951.0,1.0,870.0,0.5321,0.5276000000000001,0.23146350000000002,0.22950600000000004,0.0,-3.914999999999955,-4.375969499999955,3155.318337082311,1.0,3159.6943065823107,0.14651005922807953,1725892320.0,2024-09-09T09:00:00Z,2024-09-09T09:00:00Z,2024-09-09T14:31:00Z,2024-09-09T14:32:00Z,stop,within_minute_not_exact_tick,0.52778798785209,0.5665960971832802,8.0,-1.1664739864978941
178,2423220.0,2425217.0,1.0,1869.0,0.5356000000000001,0.5305,0.5005182000000001,0.49575224999999995,0.1355810671500096,-9.531900000000196,-10.663751517150207,3144.6545855651602,1.0,3155.318337082311,0.3172536945751242,1726028280.0,2024-09-09T19:00:00Z,2024-09-09T19:00:00Z,2024-09-11T04:17:00Z,2024-09-11T04:18:00Z,stop,within_minute_not_exact_tick,0.530648317395059,0.5752134608395287,8.0,-1.1522531818386612
179,2426040.0,2427176.0,1.0,2695.0,0.5353,0.5834,0.72131675,0.7861315000000001,0.08810565956499998,129.6295000000001,128.03394609043508,3272.688531655595,2.0,3144.6545855651602,0.4587573804201228,1726145820.0,2024-09-11T18:00:00Z,2024-09-11T18:00:00Z,2024-09-12T12:56:00Z,2024-09-12T12:57:00Z,target,within_minute_not_exact_tick,0.5292670331185484,0.5835637350516124,8.0,7.874725432202182
180,2427540.0,2430420.0,1.0,1823.0,0.5615,0.5897,0.51180725,0.5375115500000001,0.17149511641908033,51.40860000000001,50.18778608358093,3322.876317739176,4.0,3272.688531655595,0.3127747997094522,1726340400.0,2024-09-12T19:00:00Z,2024-09-12T19:00:00Z,2024-09-14T19:00:00Z,2024-09-14T19:00:00Z,timeout,simulated_bar_open_or_final_close,0.5512187080085975,0.6437503359312199,8.0,2.677710836585087
181,2430780.0,2430997.0,1.0,1457.0,0.5934,0.5853,0.43229190000000006,0.42639105,0.0,-11.801699999999995,-12.660382949999995,3310.215934789176,1.0,3322.876317739176,0.2601913876193403,1726375080.0,2024-09-15T01:00:00Z,2024-09-15T01:00:00Z,2024-09-15T04:37:00Z,2024-09-15T04:38:00Z,stop,within_minute_not_exact_tick,0.5854973992941341,0.6566208056469269,8.0,-1.0995557441678865
182,2433240.0,2435639.0,1.0,7073.0,0.5807,0.5726,2.05364555,2.0249999,0.7084576763333651,-57.29129999999997,-62.078403126333335,3248.1375316628423,1.0,3310.215934789176,1.2407924984088958,1726653600.0,2024-09-16T18:00:00Z,2024-09-16T18:00:00Z,2024-09-18T09:59:00Z,2024-09-18T10:00:00Z,stop,within_minute_not_exact_tick,0.5727911817906238,0.643970545675009,8.0,-1.1097503372915103
183,2437500.0,2437808.0,1.0,10699.0,0.5922000000000001,0.5848,3.1679739000000007,3.1283876,0.0,-79.17260000000078,-85.46896150000079,3162.668570162841,1.0,3248.1375316628423,1.9506402479073581,1726783740.0,2024-09-19T17:00:00Z,2024-09-19T17:00:00Z,2024-09-19T22:08:00Z,2024-09-19T22:09:00Z,stop,within_minute_not_exact_tick,0.5849524288146046,0.6501805694831638,8.0,-1.1022313262817809
184,2439060.0,2441940.0,1.0,11972.0,0.5825,0.5903,3.486845,3.5335358,3.582914431245388,93.38160000000035,82.77830476875496,3245.4468749315965,4.0,3162.668570162841,2.2050018347768052,1727031600.0,2024-09-20T19:00:00Z,2024-09-20T19:00:00Z,2024-09-22T19:00:00Z,2024-09-22T19:00:00Z,timeout,simulated_bar_open_or_final_close,0.5755657458106599,0.6379740335147208,8.0,0.9971260501000958
185,2443320.0,2446200.0,1.0,667.0,0.5859,0.5840000000000001,0.19539765,0.19476400000000005,0.194572245807485,-1.2672999999999344,-1.8520338958074194,3243.594841035789,4.0,3245.4468749315965,0.12041340224009574,1727287200.0,2024-09-23T18:00:00Z,2024-09-23T18:00:00Z,2024-09-25T18:00:00Z,2024-09-25T18:00:00Z,timeout,simulated_bar_open_or_final_close,0.5792139409270229,0.6393884725838163,8.0,-0.41529135207274903
186,2447580.0,2447960.0,1.0,10475.0,0.5921000000000001,0.5866,3.10112375,3.0723175,0.0,-57.61250000000063,-63.785941250000626,3179.8088997857885,1.0,3243.594841035789,1.9121523506984657,1727392860.0,2024-09-26T17:00:00Z,2024-09-26T17:00:00Z,2024-09-26T23:20:00Z,2024-09-26T23:21:00Z,stop,within_minute_not_exact_tick,0.5867603205941764,0.6348174352465895,8.0,-1.1403961805944305
187,2449020.0,2449206.0,1.0,8737.0,0.5914,0.5852,2.5835309000000004,2.5564462000000003,0.0,-54.169399999999854,-59.30937709999986,3120.4995226857886,1.0,3179.8088997857885,1.6249598522565571,1727467620.0,2024-09-27T17:00:00Z,2024-09-27T17:00:00Z,2024-09-27T20:06:00Z,2024-09-27T20:07:00Z,stop,within_minute_not_exact_tick,0.5853374911610449,0.6399000707116405,8.0,-1.1197179551114742
188,2452440.0,2452921.0,1.0,9493.0,0.6454000000000001,0.6328,3.0633911000000005,3.0035852,0.61239343,-119.61180000000053,-126.29116973000053,2994.208352955788,1.0,3120.4995226857886,1.9633978968619514,1727690520.0,2024-09-30T02:00:00Z,2024-09-30T02:00:00Z,2024-09-30T10:01:00Z,2024-09-30T10:02:00Z,stop,within_minute_not_exact_tick,0.6330004482619676,0.7445964139042605,8.0,-1.0729105600805335
189,2452980.0,2453701.0,1.0,6458.0,0.6291,0.6145,2.0313639,1.9842205000000002,0.39889209325,-94.28679999999966,-98.70127649324967,2895.507076462538,1.0,2994.208352955788,1.3568620887686067,1727737320.0,2024-09-30T11:00:00Z,2024-09-30T11:00:00Z,2024-09-30T23:01:00Z,2024-09-30T23:02:00Z,stop,within_minute_not_exact_tick,0.6146469337313144,0.7447245301494846,8.0,-1.0574619143699466
190,2454720.0,2454767.0,1.0,10320.0,0.6116,0.5991000000000001,3.1558560000000004,3.091356,0.63116762928,-128.99999999999955,-135.87837962927952,2759.628696833259,1.0,2895.507076462538,2.1798295888508292,1727801280.0,2024-10-01T16:00:00Z,2024-10-01T16:00:00Z,2024-10-01T16:47:00Z,2024-10-01T16:48:00Z,stop,within_minute_not_exact_tick,0.5992408101934548,0.7104735184523621,8.0,-1.0653214215568696
191,2454780.0,2454798.0,1.0,17668.0,0.6061000000000001,0.5927,5.354287400000001,5.2359118,0.0,-236.75120000000138,-247.34139920000138,2512.2872976332574,1.0,2759.628696833259,3.880440441965382,1727803140.0,2024-10-01T17:00:00Z,2024-10-01T17:00:00Z,2024-10-01T17:18:00Z,2024-10-01T17:19:00Z,stop,within_minute_not_exact_tick,0.5929146721755507,0.7115826225955951,8.0,-1.0617407611239802
192,2454840.0,2455877.0,1.0,9750.0,0.5969,0.5817,2.9098875,2.8357875,0.6195930433524001,-148.1999999999999,-154.56526804335232,2357.722029589905,1.0,2512.2872976332574,2.3165244697462017,1727867880.0,2024-10-01T18:00:00Z,2024-10-01T18:00:00Z,2024-10-02T11:17:00Z,2024-10-02T11:18:00Z,stop,within_minute_not_exact_tick,0.5818648589802835,0.7171811281577318,8.0,-1.0543863861108849
193,2457060.0,2457126.0,1.0,4602.0,0.532,0.5152,1.224132,1.1854752000000002,0.09940298579714879,-77.31360000000016,-79.82261018579732,2277.899419404108,1.0,2357.722029589905,1.038402309209387,1727942820.0,2024-10-03T07:00:00Z,2024-10-03T07:00:00Z,2024-10-03T08:06:00Z,2024-10-03T08:07:00Z,stop,within_minute_not_exact_tick,0.5153329642015217,0.6653362863878262,8.0,-1.0406889481234622
194,2457600.0,2460480.0,1.0,9312.0,0.5226000000000001,0.5299,2.4332256,2.4672144000000005,1.1441286425480834,67.97759999999975,61.93303135745167,2339.83245076156,4.0,2277.899419404108,2.1363766804387923,1728144000.0,2024-10-03T16:00:00Z,2024-10-03T16:00:00Z,2024-10-05T16:00:00Z,2024-10-05T16:00:00Z,timeout,simulated_bar_open_or_final_close,0.5061100491270711,0.6545196069834318,8.0,0.40332951886078217
195,2464800.0,2467680.0,1.0,1122.0,0.5246000000000001,0.5351,0.2943006,0.3001911,0.384666164718,11.780999999999949,10.80184213528195,2350.634292896842,4.0,2339.83245076156,0.25155698640234875,1728576000.0,2024-10-08T16:00:00Z,2024-10-08T16:00:00Z,2024-10-10T16:00:00Z,2024-10-10T16:00:00Z,timeout,simulated_bar_open_or_final_close,0.5179009886237781,0.5781920910097758,8.0,1.4371240382083765
196,2473440.0,2474253.0,1.0,19268.0,0.5492,0.5438000000000001,5.2909928,5.2389692000000005,2.11418014392,-104.04719999999924,-116.69134214391923,2233.9429507529226,1.0,2350.634292896842,4.501757517950238,1728970440.0,2024-10-14T16:00:00Z,2024-10-14T16:00:00Z,2024-10-15T05:33:00Z,2024-10-15T05:34:00Z,stop,within_minute_not_exact_tick,0.5439625141531436,0.5910998867748514,8.0,-1.156322922311085
197,2474820.0,2474829.0,1.0,12937.0,0.5391,0.5313,3.4871683500000006,3.43671405,0.0,-100.90860000000038,-107.83248240000039,2126.110468352922,1.0,2233.9429507529226,3.1219851418539526,1729005000.0,2024-10-15T15:00:00Z,2024-10-15T15:00:00Z,2024-10-15T15:09:00Z,2024-10-15T15:10:00Z,stop,within_minute_not_exact_tick,0.5314888510676242,0.5999891914590068,8.0,-1.0951303244828476
198,2479260.0,2481593.0,1.0,4522.0,0.5461,0.5398000000000001,1.2347321000000002,1.2204878000000001,0.9861798771020001,-28.488599999999874,-31.929999777101873,2094.1804685758198,1.0,2126.110468352922,1.161493834284665,1729410840.0,2024-10-18T17:00:00Z,2024-10-18T17:00:00Z,2024-10-20T07:53:00Z,2024-10-20T07:54:00Z,stop,within_minute_not_exact_tick,0.5399378016606987,0.5953975867144107,8.0,-1.1458629700323075
199,2488920.0,2489270.0,1.0,2377.0,0.5265000000000001,0.522,0.62574525,0.6203970000000001,0.0,-10.69650000000014,-11.94264225000014,2082.2378263258197,1.0,2094.1804685758198,0.5976039404336035,1729871460.0,2024-10-25T10:00:00Z,2024-10-25T10:00:00Z,2024-10-25T15:50:00Z,2024-10-25T15:51:00Z,stop,within_minute_not_exact_tick,0.5221826864214281,0.5610385086285762,8.0,-1.163744515787957
200,2493720.0,2496600.0,1.0,2103.0,0.5133,0.5234,0.53973495,0.5503551,0.661724707779,21.240299999999994,19.488485242220992,2101.7263115680403,4.0,2082.2378263258197,0.518418158748351,1730311200.0,2024-10-28T18:00:00Z,2024-10-28T18:00:00Z,2024-10-30T18:00:00Z,2024-10-30T18:00:00Z,timeout,simulated_bar_open_or_final_close,0.5091626609003763,0.5463987127969888,8.0,2.2398436008890505
201,2497860.0,2498020.0,1.0,5920.0,0.5105000000000001,0.5056,1.5110800000000002,1.4965760000000004,0.30237910192,-29.00800000000009,-32.318035101920096,2069.40827646612,1.0,2101.7263115680403,1.4379417450149585,1730396460.0,2024-10-31T15:00:00Z,2024-10-31T15:00:00Z,2024-10-31T17:40:00Z,2024-10-31T17:41:00Z,stop,within_minute_not_exact_tick,0.5057834276161494,0.548232579070806,8.0,-1.1574353379356033
202,2498100.0,2500980.0,1.0,2448.0,0.5069,0.509,0.6204456,0.623016,0.752482962288,5.140799999999977,3.1448554377119775,2072.553131903832,4.0,2069.40827646612,0.5996357577727682,1730574000.0,2024-10-31T19:00:00Z,2024-10-31T19:00:00Z,2024-11-02T19:00:00Z,2024-11-02T19:00:00Z,timeout,simulated_bar_open_or_final_close,0.5015664250831121,0.5495685993351034,8.0,0.24086343381665268
203,2506500.0,2509380.0,1.0,10524.0,0.5285000000000001,0.5504,2.7809670000000004,2.8962048,3.45754380456,230.47559999999916,221.34088439543916,2293.8940162992703,4.0,2072.553131903832,2.683614675243983,1731078000.0,2024-11-06T15:00:00Z,2024-11-06T15:00:00Z,2024-11-08T15:00:00Z,2024-11-08T15:00:00Z,timeout,simulated_bar_open_or_final_close,0.5201691788426721,0.5951465692586239,8.0,2.524602396667668
204,2514300.0,2515968.0,1.0,12847.0,0.613,0.6508,3.9376055,4.1804138,12.277856497469692,485.61660000000074,465.220724202531,2759.114740501802,7.0,2293.8940162992703,3.4331189427421958,1731473340.0,2024-11-12T01:00:00Z,2024-11-12T01:00:00Z,2024-11-13T04:48:00Z,2024-11-13T04:49:00Z,daily_circuit,within_minute_not_exact_tick,0.5962038346872817,0.7473693225017464,8.0,2.1559922155883395
205,2518560.0,2520822.0,1.0,6110.0,0.7743,1.125,2.3654865,3.436875,2.7814795078200003,2142.777,2134.19315899218,4893.307899493982,2.0,2759.114740501802,1.7146706262529607,1731764580.0,2024-11-15T00:00:00Z,2024-11-15T00:00:00Z,2024-11-16T13:42:00Z,2024-11-16T13:43:00Z,target,within_minute_not_exact_tick,0.7304309801617175,1.1252521587062603,8.0,7.962227497346222
206,2520840.0,2521555.0,1.0,8218.0,1.1168,1.0588,4.5889312,4.3506092,3.579595400334245,-476.6440000000004,-489.16313580033466,4404.144763693648,1.0,4893.307899493982,1.8755947078149495,1731808560.0,2024-11-16T14:00:00Z,2024-11-16T14:00:00Z,2024-11-17T01:55:00Z,2024-11-17T01:56:00Z,stop,within_minute_not_exact_tick,1.0590240868418688,1.5790073052650502,8.0,-1.0302455923210632
207,2522340.0,2522608.0,1.0,5005.0,1.1084,1.0358,2.7737710000000004,2.5920895,1.1692287857249999,-363.363,-369.898089285725,4034.246674407923,1.0,4404.144763693648,1.259618449813946,1731871740.0,2024-11-17T15:00:00Z,2024-11-17T15:00:00Z,2024-11-17T19:28:00Z,2024-11-17T19:29:00Z,stop,within_minute_not_exact_tick,1.0360803026700935,1.6869575786392512,8.0,-1.0219306063721278
208,2523060.0,2525940.0,1.0,6611.0,1.1164,1.0936000000000001,3.6902602000000004,3.6148948000000005,8.933253532987305,-150.73079999999953,-166.96920853298684,3867.277465874936,4.0,4034.246674407923,1.8294668114421104,1732071600.0,2024-11-18T03:00:00Z,2024-11-18T03:00:00Z,2024-11-20T03:00:00Z,2024-11-20T03:00:00Z,timeout,simulated_bar_open_or_final_close,1.0571479861019164,1.5904161111846689,8.0,-0.4262516914183284
209,2526600.0,2526750.0,1.0,8416.0,1.1255,1.0886,4.736103999999999,4.5808288,1.2983591664194976,-310.55039999999946,-321.165691966419,3546.1117739085166,1.0,3867.277465874936,2.449322057593041,1732120260.0,2024-11-20T14:00:00Z,2024-11-20T14:00:00Z,2024-11-20T16:30:00Z,2024-11-20T16:31:00Z,stop,within_minute_not_exact_tick,1.0888437831884443,1.4187497344924453,8.0,-1.041060044761927
210,2527800.0,2528778.0,1.0,9353.0,1.1187,1.4075,5.2316005500000005,6.58217375,3.130229790856,2701.1463999999996,2686.2023959091434,6232.3141698176605,2.0,3546.1117739085166,2.950612323329979,1732241940.0,2024-11-21T10:00:00Z,2024-11-21T10:00:00Z,2024-11-22T02:18:00Z,2024-11-22T02:19:00Z,target,within_minute_not_exact_tick,1.0825554693263757,1.4078562453889945,8.0,7.945938655044691
211,2528820.0,2531700.0,1.0,9904.0,1.3606,1.4913,6.7376912,7.3849176000000005,19.356183986931793,1294.4528000000005,1260.9740072130687,7493.288177030729,4.0,6232.3141698176605,2.1621795745246026,1732417200.0,2024-11-22T03:00:00Z,2024-11-22T03:00:00Z,2024-11-24T03:00:00Z,2024-11-24T03:00:00Z,timeout,simulated_bar_open_or_final_close,1.2997797037194319,1.8471623702445459,8.0,2.0933747011300734
212,2532480.0,2535360.0,1.0,10283.0,1.31,1.345,6.735365000000001,6.9153175000000005,12.779065249678,359.9049999999992,333.47525225032115,7826.763429281051,4.0,7493.288177030729,1.7977061180286649,1732636800.0,2024-11-24T16:00:00Z,2024-11-24T16:00:00Z,2024-11-26T16:00:00Z,2024-11-26T16:00:00Z,timeout,simulated_bar_open_or_final_close,1.2391686580616967,1.876650735506426,8.0,0.45784481906678354
213,2536800.0,2537492.0,1.0,13569.0,1.4968000000000001,1.4411,10.1550396,9.77714295,7.977400886748,-755.7933000000011,-783.7028834367491,7043.0605458443015,1.0,7826.763429281051,2.5949524836814493,1732764780.0,2024-11-27T16:00:00Z,2024-11-27T16:00:00Z,2024-11-28T03:32:00Z,2024-11-28T03:33:00Z,stop,within_minute_not_exact_tick,1.4414159053785978,1.9398727569712197,8.0,-1.042842066604456
214,2539620.0,2539704.0,1.0,12297.0,1.7438,1.6888,10.7217543,10.383586800000002,4.126094775306,-676.3349999999992,-701.5664358753053,6341.494109968997,1.0,7043.0605458443015,3.0446293142620453,1732897500.0,2024-11-29T15:00:00Z,2024-11-29T15:00:00Z,2024-11-29T16:24:00Z,2024-11-29T16:25:00Z,stop,within_minute_not_exact_tick,1.689167588322881,2.1808592934169524,8.0,-1.0442855247756564
215,2539860.0,2542740.0,1.0,9350.0,1.7135,1.9721000000000002,8.0106125,9.219567500000002,12.325455508238676,2417.9100000000017,2388.354364491763,8729.84847446076,4.0,6341.494109968997,2.5264117134184847,1733079600.0,2024-11-29T19:00:00Z,2024-11-29T19:00:00Z,2024-12-01T19:00:00Z,2024-12-01T19:00:00Z,timeout,simulated_bar_open_or_final_close,1.6556077619265495,2.1766379045876043,8.0,4.412318092457795
216,2543040.0,2545311.0,1.0,9145.0,2.2947,2.4484,10.49251575,11.195309,23.06174278713921,1405.5864999999974,1360.8369324628584,10090.685406923618,7.0,8729.84847446076,2.4038253998785746,1733233920.0,2024-12-02T00:00:00Z,2024-12-02T00:00:00Z,2024-12-03T13:51:00Z,2024-12-03T13:52:00Z,daily_circuit,within_minute_not_exact_tick,2.2026527377016114,3.0310780983871104,8.0,1.6166332296132453
217,2548560.0,2548708.0,1.0,8258.0,2.3409,2.2217000000000002,9.665576100000001,9.173399300000002,0.0,-984.353599999998,-1003.192575399998,9087.49283152362,1.0,10090.685406923618,1.9157422335985357,1733437740.0,2024-12-05T20:00:00Z,2024-12-05T20:00:00Z,2024-12-05T22:28:00Z,2024-12-05T22:29:00Z,stop,within_minute_not_exact_tick,2.22219512078319,3.2905390337344813,8.0,-1.0233892726356981
218,2548800.0,2551680.0,1.0,7481.0,2.2459000000000002,2.6113,8.40078895,9.767567649999998,39.10324585733381,2733.557399999998,2676.2857975426646,11763.778629066283,4.0,9087.49283152362,1.8488683525247995,1733616000.0,2024-12-06T00:00:00Z,2024-12-06T00:00:00Z,2024-12-08T00:00:00Z,2024-12-08T00:00:00Z,timeout,simulated_bar_open_or_final_close,2.1277846009998194,3.190823192001449,8.0,3.0287701278634773
219,2551860.0,2552177.0,1.0,10208.0,2.5948,2.5227,13.243859200000001,12.8758608,2.6075315199999998,-735.9968000000028,-764.7240515200028,10999.05457754628,1.0,11763.778629066283,2.251633529940234,1733645880.0,2024-12-08T03:00:00Z,2024-12-08T03:00:00Z,2024-12-08T08:17:00Z,2024-12-08T08:18:00Z,stop,within_minute_not_exact_tick,2.5232088138076905,3.1675294895384782,8.0,-1.046416381462995
220,2553540.0,2553637.0,1.0,3568.0,2.4575,2.3853,4.384180000000001,4.2553752000000005,0.8719835200000001,-257.60960000000017,-267.1211387200002,10731.93343882628,1.0,10999.05457754628,0.7971921530328552,1733733480.0,2024-12-09T07:00:00Z,2024-12-09T07:00:00Z,2024-12-09T08:37:00Z,2024-12-09T08:38:00Z,stop,within_minute_not_exact_tick,2.385813651414409,3.03099078868473,8.0,-1.0443521183201656
221,2553720.0,2554359.0,1.0,12881.0,2.392,2.3156000000000003,15.405676,14.913621800000003,3.0758539900000006,-984.1083999999946,-1017.5035517899946,9714.429887036285,1.0,10731.93343882628,2.8709973068347456,1733776800.0,2024-12-09T10:00:00Z,2024-12-09T10:00:00Z,2024-12-09T20:39:00Z,2024-12-09T20:40:00Z,stop,within_minute_not_exact_tick,2.3161227346641393,2.9990181226868837,8.0,-1.0410574188506867
222,2554380.0,2554383.0,1.0,8339.0,2.2743,2.1894,9.482693850000002,9.1287033,0.0,-707.9811000000017,-726.5924971500017,8987.837389886285,1.0,9714.429887036285,1.952290347507571,1733778240.0,2024-12-09T21:00:00Z,2024-12-09T21:00:00Z,2024-12-09T21:03:00Z,2024-12-09T21:04:00Z,stop,within_minute_not_exact_tick,2.189886497672305,2.9496080186215616,8.0,-1.0322027590059273
223,2554440.0,2554461.0,1.0,1358.0,2.2343,2.1261,1.5170897000000003,1.4436219000000001,0.0,-146.9356000000001,-149.89631160000013,8837.941078286283,1.0,8987.837389886285,0.33758726024730507,1733782920.0,2024-12-09T22:00:00Z,2024-12-09T22:00:00Z,2024-12-09T22:21:00Z,2024-12-09T22:22:00Z,stop,within_minute_not_exact_tick,2.126603557636732,3.095871538906144,8.0,-1.0249196498773807
224,2554500.0,2554752.0,1.0,252.0,2.2156000000000002,2.0956,0.27916560000000007,0.26404560000000005,0.055775723724000005,-30.240000000000027,-30.838986923724026,8807.102091362558,1.0,8837.941078286283,0.06317435192816007,1733800380.0,2024-12-09T23:00:00Z,2024-12-09T23:00:00Z,2024-12-10T03:12:00Z,2024-12-10T03:13:00Z,stop,within_minute_not_exact_tick,2.096085357110997,3.1717171431120237,8.0,-1.0239492775011299
225,2555400.0,2555514.0,1.0,7721.0,2.1588000000000003,2.0475000000000003,8.334047400000001,7.904373750000001,0.0,-859.3472999999997,-875.5857211499997,7931.516370212558,1.0,8807.102091362558,1.8925742687083194,1733846100.0,2024-12-10T14:00:00Z,2024-12-10T14:00:00Z,2024-12-10T15:54:00Z,2024-12-10T15:55:00Z,stop,within_minute_not_exact_tick,2.0479611878653587,3.0455104970771334,8.0,-1.0231357393314835
226,2555760.0,2558640.0,1.0,4875.0,2.1229,2.3462,5.174568750000001,5.7188625,5.05624789271355,1088.5875000000003,1072.637820857287,9004.154191069845,4.0,7931.516370212558,1.3048119699868503,1734033600.0,2024-12-10T20:00:00Z,2024-12-10T20:00:00Z,2024-12-12T20:00:00Z,2024-12-12T20:00:00Z,timeout,simulated_bar_open_or_final_close,1.9846515047686684,3.2288879618506536,8.0,1.5915418867808322
227,2559840.0,2562720.0,1.0,12425.0,2.4003,2.4141,14.91186375,14.997596249999999,18.775417636675,171.46499999999767,122.78012236332268,9126.934313433167,4.0,9004.154191069845,3.3122186567594127,1734278400.0,2024-12-13T16:00:00Z,2024-12-13T16:00:00Z,2024-12-15T16:00:00Z,2024-12-15T16:00:00Z,timeout,simulated_bar_open_or_final_close,2.331397726101818,2.9515181911854573,8.0,0.14341616654919315
228,2564160.0,2567040.0,1.0,2855.0,2.3743000000000003,2.4701,3.3893132500000007,3.52606775,4.018210539244826,273.50899999999905,262.57540846075426,9389.50972189392,4.0,9126.934313433167,0.7427057396505101,1734537600.0,2024-12-16T16:00:00Z,2024-12-16T16:00:00Z,2024-12-18T16:00:00Z,2024-12-18T16:00:00Z,timeout,simulated_bar_open_or_final_close,2.3299682473352794,2.7289540213177665,8.0,2.0745936086688612
229,2567160.0,2567282.0,1.0,11706.0,2.4703,2.3966000000000003,14.4586659,14.027299800000003,0.0,-862.7321999999959,-891.218165699996,8498.291556193924,1.0,9389.50972189392,3.079748853400963,1734552180.0,2024-12-18T18:00:00Z,2024-12-18T18:00:00Z,2024-12-18T20:02:00Z,2024-12-18T20:03:00Z,stop,within_minute_not_exact_tick,2.3971096589476213,3.0558227284190274,8.0,-1.0402117124377792
230,2567640.0,2567676.0,1.0,8710.0,2.2758000000000003,2.1811000000000003,9.911109,9.4986905,0.0,-824.8370000000001,-844.2467995000001,7654.044756693924,1.0,8498.291556193924,2.3324944630256543,1734575820.0,2024-12-19T02:00:00Z,2024-12-19T02:00:00Z,2024-12-19T02:36:00Z,2024-12-19T02:37:00Z,stop,within_minute_not_exact_tick,2.181625996010738,3.0291920319141,8.0,-1.0292484750998967
231,2568420.0,2568589.0,1.0,8024.0,2.3301000000000003,2.2478000000000002,9.348361200000001,9.0181736,1.8679363117919998,-660.3752000000003,-680.6096711117923,6973.435085582132,1.0,7654.044756693924,2.442724467171242,1734630600.0,2024-12-19T15:00:00Z,2024-12-19T15:00:00Z,2024-12-19T17:49:00Z,2024-12-19T17:50:00Z,stop,within_minute_not_exact_tick,2.2482867179873427,2.9846062561012596,8.0,-1.036772288940531
232,2568660.0,2568706.0,1.0,1453.0,2.2926,2.1993,1.6655739,1.59779145,0.0,-135.56490000000022,-138.8282653500002,6834.606820232132,1.0,6973.435085582132,0.4776910889852961,1734637620.0,2024-12-19T19:00:00Z,2024-12-19T19:00:00Z,2024-12-19T19:46:00Z,2024-12-19T19:47:00Z,stop,within_minute_not_exact_tick,2.1998316401310585,3.0347468789515353,8.0,-1.029941136557575
233,2568720.0,2569556.0,1.0,284.0,2.2297000000000002,2.1315,0.31661740000000005,0.302673,0.12859323443600001,-27.88880000000008,-28.63668363443608,6805.970136597697,1.0,6834.606820232132,0.09265124046718648,1734688620.0,2024-12-19T20:00:00Z,2024-12-19T20:00:00Z,2024-12-20T09:56:00Z,2024-12-20T09:57:00Z,stop,within_minute_not_exact_tick,2.1319566656493043,3.0116466748055677,8.0,-1.0316140097821653
234,2569680.0,2572560.0,1.0,6232.0,1.9682000000000002,2.2591,6.132911200000001,7.039355600000001,8.455614805040002,1812.8887999999995,1791.2609183949594,8597.231054992657,4.0,6805.970136597697,1.8022151366846406,1734868800.0,2024-12-20T12:00:00Z,2024-12-20T12:00:00Z,2024-12-22T12:00:00Z,2024-12-22T12:00:00Z,timeout,simulated_bar_open_or_final_close,1.86195621126651,2.818150309867922,8.0,2.7053773915292996
235,2573700.0,2576580.0,1.0,3510.0,2.1648,2.2904,3.799224,4.019652,4.006100864921454,440.85599999999977,429.0310231350783,9026.262078127735,4.0,8597.231054992657,0.8838250305704376,1735110000.0,2024-12-23T07:00:00Z,2024-12-23T07:00:00Z,2024-12-25T07:00:00Z,2024-12-25T07:00:00Z,timeout,simulated_bar_open_or_final_close,2.102762250398915,2.6611019968086778,8.0,1.970269094353278
236,2578140.0,2578651.0,1.0,9708.0,2.1870000000000003,2.1455,10.615698000000002,10.414257000000001,-1.533807247032,-402.8820000000009,-422.37814775296897,8603.883930374765,1.0,9026.262078127735,2.3521803174148372,1735234320.0,2024-12-26T09:00:00Z,2024-12-26T09:00:00Z,2024-12-26T17:31:00Z,2024-12-26T17:32:00Z,stop,within_minute_not_exact_tick,2.146024148527403,2.5148068117807783,8.0,-1.061802361205268
237,2578680.0,2581560.0,1.0,12794.0,2.1508000000000003,2.1928,13.758667600000003,14.0273416,10.82042852917687,537.3479999999977,498.74156227082085,9102.625492645586,4.0,8603.883930374765,3.1982457483944016,1735408800.0,2024-12-26T18:00:00Z,2024-12-26T18:00:00Z,2024-12-28T18:00:00Z,2024-12-28T18:00:00Z,timeout,simulated_bar_open_or_final_close,2.108305949783594,2.490752401731251,8.0,0.9173627220958019
238,2583720.0,2584190.0,1.0,10842.0,2.0644,2.0274,11.1911124,10.9905354,0.03406784640579841,-401.15399999999914,-423.3697156464049,8679.255776999182,1.0,9102.625492645586,2.458875718668596,1735566660.0,2024-12-30T06:00:00Z,2024-12-30T06:00:00Z,2024-12-30T13:50:00Z,2024-12-30T13:51:00Z,stop,within_minute_not_exact_tick,2.027852180878296,2.356782552973632,8.0,-1.068436999769591
239,2584200.0,2587080.0,1.0,15014.0,2.0238,2.1646,15.1926666,16.2496522,13.85629102918,2113.9712000000004,2068.6725901708205,10747.928367170003,4.0,8679.255776999182,3.5009145922999414,1735740000.0,2024-12-30T14:00:00Z,2024-12-30T14:00:00Z,2025-01-01T14:00:00Z,2025-01-01T14:00:00Z,timeout,simulated_bar_open_or_final_close,1.9810932720644898,2.3654538234840823,8.0,3.2262576715795355
240,2588640.0,2591520.0,1.0,4684.0,2.4048000000000003,2.4107000000000003,5.632041600000001,5.6458594,7.953357187152,27.635600000000075,8.404341812848074,10756.33270898285,4.0,10747.928367170003,1.048023657694502,1736006400.0,2025-01-02T16:00:00Z,2025-01-02T16:00:00Z,2025-01-04T16:00:00Z,2025-01-04T16:00:00Z,timeout,simulated_bar_open_or_final_close,2.350181806829151,2.8417455453667926,8.0,0.03285106789211139
241,2594340.0,2595779.0,1.0,26205.0,2.4290000000000003,2.391,31.825972500000002,31.3280775,19.085929761435,-995.7900000000067,-1078.0299797614416,9678.302729221408,1.0,10756.33270898285,5.917625153677411,1736262000.0,2025-01-06T15:00:00Z,2025-01-06T15:00:00Z,2025-01-07T14:59:00Z,2025-01-07T15:00:00Z,stop,within_minute_not_exact_tick,2.391554321070842,2.7285654314332652,8.0,-1.0986135859581578
242,2595840.0,2596062.0,1.0,17207.0,2.3127,2.2626,19.89731445,19.4662791,3.97980703,-862.0707000000006,-905.4141005800004,8772.888628641407,1.0,9678.302729221408,4.111736325404378,1736278980.0,2025-01-07T16:00:00Z,2025-01-07T16:00:00Z,2025-01-07T19:42:00Z,2025-01-07T19:43:00Z,stop,within_minute_not_exact_tick,2.2631433105007503,2.7091535159939983,8.0,-1.0617928786545872
243,2596740.0,2597371.0,1.0,14173.0,2.2617000000000003,2.2027,16.027537050000003,15.609433550000002,6.511229934531,-836.2070000000023,-874.3552005345332,7898.5334281068735,1.0,8772.888628641407,3.6538790650262865,1736357520.0,2025-01-08T07:00:00Z,2025-01-08T07:00:00Z,2025-01-08T17:31:00Z,2025-01-08T17:32:00Z,stop,within_minute_not_exact_tick,2.203168991856607,2.729948065147149,8.0,-1.053998774390892
244,2597400.0,2600280.0,1.0,10207.0,2.2803,2.3487,11.637511049999999,11.98659045,11.557501905457832,698.1588000000002,662.9771965945424,8561.510624701416,4.0,7898.5334281068735,2.9467523701521605,1736532000.0,2025-01-08T18:00:00Z,2025-01-08T18:00:00Z,2025-01-10T18:00:00Z,2025-01-10T18:00:00Z,timeout,simulated_bar_open_or_final_close,2.2147056923307478,2.8050544613540165,8.0,0.9902259961615154
245,2600340.0,2603220.0,1.0,3463.0,2.3355,2.5419,4.04391825,4.40129985,5.101445474201001,714.7631999999998,701.2165364257987,9262.727161127214,4.0,8561.510624701416,0.9446740014157332,1736708400.0,2025-01-10T19:00:00Z,2025-01-10T19:00:00Z,2025-01-12T19:00:00Z,2025-01-12T19:00:00Z,timeout,simulated_bar_open_or_final_close,2.2819999049306237,2.76350076055501,8.0,3.7848189019182743
246,2604000.0,2604189.0,1.0,2319.0,2.462,2.4046000000000003,2.8546890000000005,2.7881337000000004,0.5079695291999999,-133.11059999999975,-139.26139222919977,9123.465768898013,1.0,9262.727161127214,0.6163819683646179,1736766600.0,2025-01-13T08:00:00Z,2025-01-13T08:00:00Z,2025-01-13T11:09:00Z,2025-01-13T11:10:00Z,stop,within_minute_not_exact_tick,2.405139004248684,2.9168879660105276,8.0,-1.0561254864871084
247,2604240.0,2606567.0,1.0,13669.0,2.3379000000000003,2.8434,15.978377550000003,19.4332173,14.543402239823813,6909.679499999995,6859.7245029101705,15983.190271808182,2.0,9123.465768898013,3.502699073957279,1736909280.0,2025-01-13T12:00:00Z,2025-01-13T12:00:00Z,2025-01-15T02:47:00Z,2025-01-15T02:48:00Z,target,within_minute_not_exact_tick,2.274631994604888,2.8440440431608986,8.0,7.9320562918953
248,2607420.0,2610300.0,1.0,14955.0,2.8997,3.2409000000000003,21.68250675,24.23382975,20.14560102030796,5102.6460000000025,5036.584062479694,21019.77433428788,4.0,15983.190271808182,2.713163815392289,1737133200.0,2025-01-15T17:00:00Z,2025-01-15T17:00:00Z,2025-01-17T17:00:00Z,2025-01-17T17:00:00Z,timeout,simulated_bar_open_or_final_close,2.7970889330826982,3.720588535338416,8.0,3.2821276379424953
249,2610360.0,2611074.0,1.0,5348.0,3.1872000000000003,3.0854000000000004,8.5225728,8.250359600000001,0.94619040768,-544.4263999999994,-562.1455228076794,20457.628811480197,1.0,21019.77433428788,0.810910018771972,1737179700.0,2025-01-17T18:00:00Z,2025-01-17T18:00:00Z,2025-01-18T05:54:00Z,2025-01-18T05:55:00Z,stop,within_minute_not_exact_tick,3.0860687048586244,3.996250361131008,8.0,-1.0393738556700711
250,2611560.0,2611696.0,1.0,8270.0,3.2404,3.1409000000000002,13.399054,12.987621500000001,1.8265118361200001,-822.8649999999993,-851.0781873361193,19606.550624144078,1.0,20457.628811480197,1.3099322627733727,1737217020.0,2025-01-18T14:00:00Z,2025-01-18T14:00:00Z,2025-01-18T16:16:00Z,2025-01-18T16:17:00Z,stop,within_minute_not_exact_tick,3.1416251989877817,4.030598408097747,8.0,-1.0418802052890983
251,2612160.0,2612459.0,1.0,9497.0,3.2701000000000002,3.1813000000000002,15.528069850000001,15.10640305,3.10504415,-843.3335999999999,-877.07311705,18729.477507094078,1.0,19606.550624144078,1.5839675369392394,1737262800.0,2025-01-19T00:00:00Z,2025-01-19T00:00:00Z,2025-01-19T04:59:00Z,2025-01-19T05:00:00Z,stop,within_minute_not_exact_tick,3.181954882989716,3.975260936082274,8.0,-1.047734158537958
252,2614320.0,2614338.0,1.0,14508.0,3.3269,3.202,24.133332600000003,23.227308,0.0,-1812.0492000000033,-1859.4098406000032,16870.067666494077,1.0,18729.477507094078,2.577042802273489,1737375540.0,2025-01-20T12:00:00Z,2025-01-20T12:00:00Z,2025-01-20T12:18:00Z,2025-01-20T12:19:00Z,stop,within_minute_not_exact_tick,3.2026686520180045,4.320750783855964,8.0,-1.0316594972355508
253,2614440.0,2614626.0,1.0,4982.0,3.2943000000000002,3.1651000000000002,8.2061013,7.8842641,1.63025986,-643.6743999999999,-661.3950252599999,16208.672641234078,1.0,16870.067666494077,0.9728593224671263,1737392820.0,2025-01-20T14:00:00Z,2025-01-20T14:00:00Z,2025-01-20T17:06:00Z,2025-01-20T17:07:00Z,stop,within_minute_not_exact_tick,3.1657532231391396,4.322674214886886,8.0,-1.0327519152323543
254,2614680.0,2617560.0,1.0,6169.0,3.1366,3.1868000000000003,9.674842700000001,9.8296846,9.312499896508,309.6838000000015,280.8667728034935,16489.539414037572,4.0,16208.672641234078,1.1937859335116277,1737568800.0,2025-01-20T18:00:00Z,2025-01-20T18:00:00Z,2025-01-22T18:00:00Z,2025-01-22T18:00:00Z,timeout,simulated_bar_open_or_final_close,2.9823420718285027,4.37066342537198,8.0,0.2951468142200336
255,2619060.0,2621940.0,1.0,7016.0,3.0922,3.1229,10.847437600000001,10.9551332,7.874363034368001,215.39119999999966,185.71426616563164,16675.253680203205,4.0,16489.539414037572,1.3156750261642312,1737831600.0,2025-01-23T19:00:00Z,2025-01-23T19:00:00Z,2025-01-25T19:00:00Z,2025-01-25T19:00:00Z,timeout,simulated_bar_open_or_final_close,3.0217180138981705,3.656055888814636,8.0,0.3755584627504257
256,2623740.0,2623802.0,1.0,6043.0,2.9884,2.9506,9.0294506,8.915237900000001,0.0,-228.425399999999,-246.37008849999899,16428.883591703205,1.0,16675.253680203205,1.0829761001740834,1737943380.0,2025-01-27T01:00:00Z,2025-01-27T01:00:00Z,2025-01-27T02:02:00Z,2025-01-27T02:03:00Z,stop,within_minute_not_exact_tick,2.9512367301870426,3.285706158503659,8.0,-1.0970374836550336
257,2623860.0,2624004.0,1.0,3499.0,2.9766000000000004,2.9344,5.2075617,5.1337328,0.0,-147.65780000000083,-157.99909450000084,16270.884497203202,1.0,16428.883591703205,0.6339519871733567,1737955500.0,2025-01-27T03:00:00Z,2025-01-27T03:00:00Z,2025-01-27T05:24:00Z,2025-01-27T05:25:00Z,stop,within_minute_not_exact_tick,2.935007748585635,3.309338011314923,8.0,-1.085670971502259
258,2624100.0,2624120.0,1.0,12414.0,2.8565,2.8007,17.7302955,17.3839449,0.0,-692.7012000000009,-727.8154404000009,15543.069056803202,1.0,16270.884497203202,2.179389264676749,1737962460.0,2025-01-27T07:00:00Z,2025-01-27T07:00:00Z,2025-01-27T07:20:00Z,2025-01-27T07:21:00Z,stop,within_minute_not_exact_tick,2.801291307247607,3.2981695420191453,8.0,-1.0619450864910882
259,2624160.0,2624196.0,1.0,20270.0,2.8092,2.7361,28.471242000000004,27.730373500000002,5.6932349,-1481.7370000000033,-1543.6318504000035,13999.4372064032,1.0,15543.069056803202,3.6635289846490307,1737967020.0,2025-01-27T08:00:00Z,2025-01-27T08:00:00Z,2025-01-27T08:36:00Z,2025-01-27T08:37:00Z,stop,within_minute_not_exact_tick,2.7366534517505925,3.389572385995262,8.0,-1.0497194123997744
260,2624220.0,2627100.0,1.0,6512.0,2.7921,3.101,9.0910776,10.096856,4.504363926631325,2011.5567999999996,1987.8645024733682,15987.30170887657,4.0,13999.4372064032,1.2987775816933318,1738141200.0,2025-01-27T09:00:00Z,2025-01-27T09:00:00Z,2025-01-29T09:00:00Z,2025-01-29T09:00:00Z,timeout,simulated_bar_open_or_final_close,2.71522488702636,3.407100903789119,8.0,3.970878690317988
261,2627520.0,2627703.0,1.0,735.0,3.0641000000000003,3.0064,1.1260567500000003,1.1048520000000002,0.09294600672,-42.409500000000065,-44.73335475672007,15942.56835411985,1.0,15987.30170887657,0.1408688933886553,1738177440.0,2025-01-29T16:00:00Z,2025-01-29T16:00:00Z,2025-01-29T19:03:00Z,2025-01-29T19:04:00Z,stop,within_minute_not_exact_tick,3.0070598300834455,3.520421359332439,8.0,-1.0669972975367328
262,2629020.0,2629731.0,1.0,832.0,3.1233,3.0740000000000003,1.2992928,1.2787840000000001,0.26016639999999996,-41.01759999999973,-43.85584319999974,15898.712510919851,1.0,15942.56835411985,0.16299667295003178,1738299120.0,2025-01-30T17:00:00Z,2025-01-30T17:00:00Z,2025-01-31T04:51:00Z,2025-01-31T04:52:00Z,stop,within_minute_not_exact_tick,3.0746304679065415,3.512656256747668,8.0,-1.0830461632295922
263,2630700.0,2631455.0,1.0,2246.0,3.0182,2.9769,3.3894386000000005,3.3430587000000003,0.27824818958399994,-92.75980000000025,-99.77054548958426,15798.941965430267,1.0,15898.712510919851,0.4263790036673728,1738402560.0,2025-01-31T21:00:00Z,2025-01-31T21:00:00Z,2025-02-01T09:35:00Z,2025-02-01T09:36:00Z,stop,within_minute_not_exact_tick,2.9775041890795713,3.3437664873634305,8.0,-1.0915481249619505
264,2633400.0,2633681.0,1.0,16192.0,2.575,2.4807,20.8472,20.0837472,0.0,-1526.9056000000007,-1567.8365472000007,14231.105418230267,1.0,15798.941965430267,2.6390627987134643,1738536120.0,2025-02-02T18:00:00Z,2025-02-02T18:00:00Z,2025-02-02T22:41:00Z,2025-02-02T22:42:00Z,stop,within_minute_not_exact_tick,2.481234559678195,3.3251235225744407,8.0,-1.0326603241843126
265,2633820.0,2633863.0,1.0,8911.0,2.3944,2.2378,10.6682492,9.9705179,0.0,-1395.4626000000007,-1416.1013671000007,12815.004051130267,1.0,14231.105418230267,1.4992860900789629,1738547040.0,2025-02-03T01:00:00Z,2025-02-03T01:00:00Z,2025-02-03T01:43:00Z,2025-02-03T01:44:00Z,stop,within_minute_not_exact_tick,2.238250680467709,3.643594556258326,8.0,-1.017718812198456
266,2633880.0,2633887.0,1.0,6056.0,2.0982000000000003,1.9120000000000001,6.3533496000000005,5.789536,0.0,-1127.6272000000008,-1139.7700856000008,11675.233965530266,1.0,12815.004051130267,0.9915485901761605,1738548480.0,2025-02-03T02:00:00Z,2025-02-03T02:00:00Z,2025-02-03T02:07:00Z,2025-02-03T02:08:00Z,stop,within_minute_not_exact_tick,1.9124438852217809,3.5842489182257546,8.0,-1.0131838740528392
267,2633940.0,2636820.0,1.0,1080.0,2.1523000000000003,2.5167,1.1622420000000002,1.359018,-0.9317948056976879,393.5519999999998,391.9625348056975,12067.196500335964,4.0,11675.233965530266,0.19909528210421837,1738724400.0,2025-02-03T03:00:00Z,2025-02-03T03:00:00Z,2025-02-05T03:00:00Z,2025-02-05T03:00:00Z,timeout,simulated_bar_open_or_final_close,1.9405994827588475,3.8459041379292227,8.0,1.7143475967742619
268,2637600.0,2637694.0,1.0,5447.0,2.5014000000000003,2.4116,6.8125629000000005,6.567992599999999,0.0,-489.14060000000177,-502.5211555000018,11564.675344835961,1.0,12067.196500335964,1.1291044941234414,1738776900.0,2025-02-05T16:00:00Z,2025-02-05T16:00:00Z,2025-02-05T17:34:00Z,2025-02-05T17:35:00Z,stop,within_minute_not_exact_tick,2.412169873493474,3.2152410120522097,8.0,-1.0339164989668908
269,2637720.0,2639025.0,1.0,11880.0,2.3909000000000002,2.2966,14.201946000000001,13.641804000000002,0.9625452756480002,-1120.2840000000006,-1149.0902952756485,10415.585049560314,1.0,11564.675344835961,2.456090737790002,1738856760.0,2025-02-05T18:00:00Z,2025-02-05T18:00:00Z,2025-02-06T15:45:00Z,2025-02-06T15:46:00Z,stop,within_minute_not_exact_tick,2.2971074643587923,3.141240285129663,8.0,-1.0312630068943773
270,2639160.0,2642040.0,1.0,7423.0,2.3229,2.4188,8.621443350000002,8.9773762,0.09252708366770052,711.865699999999,694.1743533663313,11109.759402926644,4.0,10415.585049560314,1.6554890213035032,1739037600.0,2025-02-06T18:00:00Z,2025-02-06T18:00:00Z,2025-02-08T18:00:00Z,2025-02-08T18:00:00Z,timeout,simulated_bar_open_or_final_close,2.241628357862153,2.9730731371027757,8.0,1.1506680881843177
271,2643960.0,2646840.0,1.0,7209.0,2.3431,2.4204000000000003,8.44570395,8.724331800000002,6.066103495024496,557.2557000000011,534.0195607549765,11643.778963681621,4.0,11109.759402926644,1.5204116747614083,1739325600.0,2025-02-10T02:00:00Z,2025-02-10T02:00:00Z,2025-02-12T02:00:00Z,2025-02-12T02:00:00Z,timeout,simulated_bar_open_or_final_close,2.2827111707354657,2.8262106341162747,8.0,1.2266637448687603
272,2647680.0,2650560.0,1.0,4231.0,2.4,2.7236000000000002,5.0771999999999995,5.761775800000001,4.421030042932144,1369.1516000000015,1353.8915941570694,12997.670557838688,4.0,11643.778963681621,0.8720880078257086,1739548800.0,2025-02-12T16:00:00Z,2025-02-12T16:00:00Z,2025-02-14T16:00:00Z,2025-02-14T16:00:00Z,timeout,simulated_bar_open_or_final_close,2.345908002322576,2.8327359814193924,8.0,5.915723212260433
273,2650680.0,2653560.0,1.0,11898.0,2.7444,2.7283,16.3264356,16.2306567,7.114773822115342,-191.5578000000027,-231.22966612211803,12766.440891716571,4.0,12997.670557838688,2.512209480513997,1739728800.0,2025-02-14T18:00:00Z,2025-02-14T18:00:00Z,2025-02-16T18:00:00Z,2025-02-16T18:00:00Z,timeout,simulated_bar_open_or_final_close,2.6771370432681416,3.282503653854868,8.0,-0.288930662556862
274,2654100.0,2654222.0,1.0,3405.0,2.7334,2.6883,4.6536135000000005,4.57683075,0.0,-153.56550000000047,-162.79594425000047,12603.64494746657,1.0,12766.440891716571,0.7290385064202929,1739768580.0,2025-02-17T03:00:00Z,2025-02-17T03:00:00Z,2025-02-17T05:02:00Z,2025-02-17T05:03:00Z,stop,within_minute_not_exact_tick,2.6888923796993462,3.089460962405229,8.0,-1.0742171717344775
275,2654340.0,2654890.0,1.0,2339.0,2.6759,2.6281000000000003,3.12946505,3.0735629500000003,0.06682742164300004,-111.80419999999911,-118.0740554216421,12485.570892044929,1.0,12603.64494746657,0.49659682782940445,1739808660.0,2025-02-17T07:00:00Z,2025-02-17T07:00:00Z,2025-02-17T16:10:00Z,2025-02-17T16:11:00Z,stop,within_minute_not_exact_tick,2.628669333845102,3.053745329239182,8.0,-1.0688092090728403
276,2654940.0,2655727.0,1.0,1507.0,2.6173,2.5632,1.9721355500000002,1.9313712,0.2755660260654136,-81.52870000000006,-85.70777277606548,12399.863119268864,1.0,12485.570892044929,0.3159063477436228,1739858880.0,2025-02-17T17:00:00Z,2025-02-17T17:00:00Z,2025-02-18T06:07:00Z,2025-02-18T06:08:00Z,stop,within_minute_not_exact_tick,2.5637706537493017,3.0455347700055873,8.0,-1.062465943136805
277,2656260.0,2656342.0,1.0,7378.0,2.5768,2.5205,9.505815199999999,9.2981245,0.21979564441799998,-415.3813999999985,-434.4051353444165,11965.457983924447,1.0,12399.863119268864,1.5332129247827524,1739895780.0,2025-02-18T15:00:00Z,2025-02-18T15:00:00Z,2025-02-18T16:22:00Z,2025-02-18T16:23:00Z,stop,within_minute_not_exact_tick,2.521094013557579,3.0224478915393713,8.0,-1.0569499696743991
278,2656440.0,2659320.0,1.0,8487.0,2.504,2.702,10.625724,11.465937,-2.2912036089941967,1680.4259999999997,1660.625542608994,13626.08352653344,4.0,11965.457983924447,1.7760664095391292,1740074400.0,2025-02-18T18:00:00Z,2025-02-18T18:00:00Z,2025-02-20T18:00:00Z,2025-02-20T18:00:00Z,timeout,simulated_bar_open_or_final_close,2.4431379146313397,2.9908966829492836,8.0,3.214923791554558
279,2660700.0,2660739.0,1.0,5127.0,2.6284,2.5725000000000002,6.7379034,6.59460375,0.0,-286.5992999999992,-299.93180714999914,13326.15171938344,1.0,13626.08352653344,0.9889713925325048,1740159600.0,2025-02-21T17:00:00Z,2025-02-21T17:00:00Z,2025-02-21T17:39:00Z,2025-02-21T17:40:00Z,stop,within_minute_not_exact_tick,2.573099086280169,3.0708073097586506,8.0,-1.0578568429516049
280,2660760.0,2660867.0,1.0,6351.0,2.5679000000000003,2.508,8.154366450000001,7.964154000000001,0.0,-380.4249000000018,-396.5434204500018,12929.608298933439,1.0,13326.15171938344,1.2238141395522515,1740167280.0,2025-02-21T18:00:00Z,2025-02-21T18:00:00Z,2025-02-21T19:47:00Z,2025-02-21T19:48:00Z,stop,within_minute_not_exact_tick,2.5085989193219462,3.042308645424434,8.0,-1.0528973382285582
281,2660880.0,2663760.0,1.0,5662.0,2.5246,2.5504000000000002,7.1471426000000005,7.2201824000000006,-2.833616695151474,146.0796000000015,134.545891695153,13064.15419062859,4.0,12929.608298933439,1.1055466545865225,1740340800.0,2025-02-21T20:00:00Z,2025-02-21T20:00:00Z,2025-02-23T20:00:00Z,2025-02-23T20:00:00Z,timeout,simulated_bar_open_or_final_close,2.46262013645676,3.020438908345919,8.0,0.3833981037042651
282,2665080.0,2665177.0,1.0,6057.0,2.4634,2.4135,7.4604069,7.30928475,0.0,-302.24430000000035,-317.0139916500004,12747.14019897859,1.0,13064.15419062859,1.142118623393412,1740425880.0,2025-02-24T18:00:00Z,2025-02-24T18:00:00Z,2025-02-24T19:37:00Z,2025-02-24T19:38:00Z,stop,within_minute_not_exact_tick,2.41398448646947,2.8587241082442407,8.0,-1.0591501789749518
283,2665920.0,2668800.0,1.0,13588.0,2.1509,2.2216,14.6132146,15.0935504,-6.3112538342242095,960.6715999999998,937.276088834224,13684.416287812815,4.0,12747.14019897859,2.2927832238278723,1740643200.0,2025-02-25T08:00:00Z,2025-02-25T08:00:00Z,2025-02-27T08:00:00Z,2025-02-27T08:00:00Z,timeout,simulated_bar_open_or_final_close,2.0603023052357217,2.875681558114227,8.0,0.7613684077743191
284,2669220.0,2669850.0,1.0,6542.0,2.1831,2.1202,7.140920100000001,6.9351742000000005,0.19450603746400003,-411.4917999999997,-425.76240033746376,13258.653887475351,1.0,13684.416287812815,1.0436572448266752,1740706260.0,2025-02-27T15:00:00Z,2025-02-27T15:00:00Z,2025-02-28T01:30:00Z,2025-02-28T01:31:00Z,stop,within_minute_not_exact_tick,2.1207197265286957,2.6821421877704337,8.0,-1.043300682577775
285,2670240.0,2673120.0,1.0,4761.0,1.9996,2.2715,4.760047800000001,5.407305750000001,-0.9853725108099527,1294.5159,1285.3339189608103,14543.98780643616,4.0,13258.653887475351,0.7180288195767037,1740902400.0,2025-02-28T08:00:00Z,2025-02-28T08:00:00Z,2025-03-02T08:00:00Z,2025-03-02T08:00:00Z,timeout,simulated_bar_open_or_final_close,1.9278294605466906,2.573764315626476,8.0,3.761591031745491
286,2675040.0,2675199.0,1.0,7970.0,2.5976,2.4732000000000003,10.351436,9.855702,0.0,-991.467999999997,-1011.675137999997,13532.312668436163,1.0,14543.98780643616,1.4234659899012254,1741027200.0,2025-03-03T16:00:00Z,2025-03-03T16:00:00Z,2025-03-03T18:39:00Z,2025-03-03T18:40:00Z,stop,within_minute_not_exact_tick,2.473739599783712,3.5884832017303028,8.0,-1.0248263349572757
287,2675220.0,2675275.0,1.0,10469.0,2.4739,2.3478000000000003,12.94962955,12.289559100000002,0.0,-1320.1408999999965,-1345.3800886499964,12186.932579786167,1.0,13532.312668436163,1.913882699474531,1741031760.0,2025-03-03T19:00:00Z,2025-03-03T19:00:00Z,2025-03-03T19:55:00Z,2025-03-03T19:56:00Z,stop,within_minute_not_exact_tick,2.3483093467129623,3.4786252262963,8.0,-1.0232517041398614
288,2675280.0,2675651.0,1.0,3252.0,2.3487,2.216,3.8189862,3.6032160000000006,0.021415646368224,-431.5403999999994,-438.9840178463676,11747.9485619398,1.0,12186.932579786167,0.626734606923871,1741054320.0,2025-03-03T20:00:00Z,2025-03-03T20:00:00Z,2025-03-04T02:11:00Z,2025-03-04T02:12:00Z,stop,within_minute_not_exact_tick,2.2164689889068305,3.4065480887453568,8.0,-1.0208568645217346
289,2675700.0,2678580.0,1.0,6438.0,2.2894,2.5209,7.3695786000000005,8.114777100000001,-5.172731408449833,1490.3970000000002,1480.0853757084499,13228.03393764825,4.0,11747.9485619398,1.2546154013434239,1741230000.0,2025-03-04T03:00:00Z,2025-03-04T03:00:00Z,2025-03-06T03:00:00Z,2025-03-06T03:00:00Z,timeout,simulated_bar_open_or_final_close,2.1559271009444476,3.3571831924444213,8.0,1.7224344441005512
290,2679420.0,2679859.0,1.0,16523.0,2.5737,2.4969,21.26262255,20.62813935,-3.684343262305106,-1268.9663999999996,-1307.1728186376945,11920.861119010555,1.0,13228.03393764825,3.214781977461449,1741306800.0,2025-03-06T17:00:00Z,2025-03-06T17:00:00Z,2025-03-07T00:19:00Z,2025-03-07T00:20:00Z,stop,within_minute_not_exact_tick,2.4974452170509847,3.1837382635921236,8.0,-1.037473509644966
291,2679960.0,2680849.0,1.0,7506.0,2.4837000000000002,2.3885,9.3213261,8.964040500000001,-2.7338073773349874,-714.5712000000013,-730.1227592226663,11190.738359787889,1.0,11920.861119010555,1.5638679130545363,1741366200.0,2025-03-07T02:00:00Z,2025-03-07T02:00:00Z,2025-03-07T16:49:00Z,2025-03-07T16:50:00Z,stop,within_minute_not_exact_tick,2.3890583386998974,3.240833290400823,8.0,-1.0277913805239276
292,2680860.0,2681170.0,1.0,2709.0,2.4313000000000002,2.3456,3.2931958500000005,3.1771152000000003,0.0,-232.1613000000003,-238.6316110500003,10952.10674873789,1.0,11190.738359787889,0.5885573845303306,1741385460.0,2025-03-07T17:00:00Z,2025-03-07T17:00:00Z,2025-03-07T22:10:00Z,2025-03-07T22:11:00Z,stop,within_minute_not_exact_tick,2.3461432418107555,3.112554065513959,8.0,-1.0344270011340746
293,2683560.0,2683795.0,1.0,19391.0,2.1682,2.1145,21.0217831,20.501134750000002,0.8014179494690511,-1041.2967000000015,-1083.6210357994703,9868.485712938418,1.0,10952.10674873789,3.838856501726945,1741542960.0,2025-03-09T14:00:00Z,2025-03-09T14:00:00Z,2025-03-09T17:55:00Z,2025-03-09T17:56:00Z,stop,within_minute_not_exact_tick,2.1149561869404647,2.5941505044762847,8.0,-1.049561933412188
294,2683800.0,2685187.0,1.0,14139.0,2.1042,2.0443000000000002,14.875641900000002,14.452178850000003,-10.688599768281609,-846.9260999999977,-865.5653209817161,9002.920391956704,1.0,9868.485712938418,3.0147770048441735,1741626480.0,2025-03-09T18:00:00Z,2025-03-09T18:00:00Z,2025-03-10T17:07:00Z,2025-03-10T17:08:00Z,stop,within_minute_not_exact_tick,2.0447252587928264,2.5799979296573907,8.0,-1.0293156894066886
295,2685960.0,2688840.0,1.0,2281.0,2.0996,2.2333000000000003,2.3945938,2.5470786500000004,-1.0725753452882372,304.96970000000033,301.10060289528855,9304.020994851993,4.0,9002.920391956704,0.5319593411354283,1741845600.0,2025-03-11T06:00:00Z,2025-03-11T06:00:00Z,2025-03-13T06:00:00Z,2025-03-13T06:00:00Z,timeout,simulated_bar_open_or_final_close,2.0073539563767206,2.8375683489862347,8.0,1.4309965648455054
296,2689380.0,2689486.0,1.0,8802.0,2.3197,2.2562,10.2089997,9.929536200000001,-1.3354941356280003,-558.926999999999,-577.7300417643711,8726.290953087622,1.0,9304.020994851993,2.1945349662578666,1741884420.0,2025-03-13T15:00:00Z,2025-03-13T15:00:00Z,2025-03-13T16:46:00Z,2025-03-13T16:47:00Z,stop,within_minute_not_exact_tick,2.2567234345531197,2.823512523575041,8.0,-1.0422325085569037
297,2689500.0,2692380.0,1.0,7756.0,2.2705,2.4092000000000002,8.804999000000002,9.342877600000001,-1.5434789474509358,1075.7572000000005,1059.1528023474514,9785.443755435073,4.0,8726.290953087622,2.018039290079946,1742058000.0,2025-03-13T17:00:00Z,2025-03-13T17:00:00Z,2025-03-15T17:00:00Z,2025-03-15T17:00:00Z,timeout,simulated_bar_open_or_final_close,2.2055904370555472,2.789776503555623,8.0,2.103837220760866
298,2695140.0,2695790.0,1.0,1805.0,2.3216,2.2815000000000003,2.095244,2.0590537500000003,-0.475993790155,-72.38049999999964,-76.05880395984464,9709.384951475227,1.0,9785.443755435073,0.42823688988785014,1742262660.0,2025-03-17T15:00:00Z,2025-03-17T15:00:00Z,2025-03-18T01:50:00Z,2025-03-18T01:51:00Z,stop,within_minute_not_exact_tick,2.28195734659952,2.638741227203842,8.0,-1.0629420060083405
299,2696580.0,2697919.0,1.0,4457.0,2.2572,2.5747,5.030170200000001,5.7377189500000005,-3.501795089055202,1415.0974999999996,1407.8314059390548,11117.216357414281,2.0,9709.384951475227,1.0361460020669435,1742390400.0,2025-03-18T15:00:00Z,2025-03-18T15:00:00Z,2025-03-19T13:19:00Z,2025-03-19T13:20:00Z,target,within_minute_not_exact_tick,2.2174372610604722,2.5753019115162217,8.0,7.943862589978258
300,2699580.0,2702460.0,1.0,5762.0,2.4018,2.3823000000000003,6.919585800000001,6.8634063,-1.9883009855021512,-112.35899999999914,-124.153691114497,10993.062666299782,4.0,11117.216357414281,1.2448414382769835,1742662800.0,2025-03-20T17:00:00Z,2025-03-20T17:00:00Z,2025-03-22T17:00:00Z,2025-03-22T17:00:00Z,timeout,simulated_bar_open_or_final_close,2.339194276875876,2.9026457849929934,8.0,-0.3441694720208998
301,2705280.0,2705703.0,1.0,1247.0,2.4730000000000003,2.4419,1.5419155000000002,1.52252465,0.0,-38.781700000000434,-41.84614015000044,10951.216526149781,1.0,10993.062666299782,0.2805251906235157,1742857440.0,2025-03-24T16:00:00Z,2025-03-24T16:00:00Z,2025-03-24T23:03:00Z,2025-03-24T23:04:00Z,stop,within_minute_not_exact_tick,2.442469972099815,2.717240223201484,8.0,-1.0991621137626455
302,2706900.0,2708036.0,1.0,3531.0,2.4511000000000003,2.4175,4.327417050000001,4.268096249999999,0.9161784535494097,-118.64160000000105,-128.15329175355046,10823.063234396232,1.0,10951.216526149781,0.790308006360172,1742997420.0,2025-03-25T19:00:00Z,2025-03-25T19:00:00Z,2025-03-26T13:56:00Z,2025-03-26T13:57:00Z,stop,within_minute_not_exact_tick,2.4179844895834117,2.71602408333271,8.0,-1.0959748673171907
303,2708220.0,2708336.0,1.0,2215.0,2.4013,2.3707000000000003,2.65943975,2.6255502500000003,0.0,-67.77899999999943,-73.06398999999944,10749.999244396233,1.0,10823.063234396232,0.4914393813293391,1743015420.0,2025-03-26T17:00:00Z,2025-03-26T17:00:00Z,2025-03-26T18:56:00Z,2025-03-26T18:57:00Z,stop,within_minute_not_exact_tick,2.37118574791626,2.642214016669918,8.0,-1.0953617545697114
304,2710560.0,2710928.0,1.0,16198.0,2.2205,2.1802,17.9838295,17.6574398,0.0,-652.7793999999965,-688.4206692999965,10061.578575096235,1.0,10749.999244396233,3.3458289793600913,1743170940.0,2025-03-28T08:00:00Z,2025-03-28T08:00:00Z,2025-03-28T14:08:00Z,2025-03-28T14:09:00Z,stop,within_minute_not_exact_tick,2.180697154286084,2.538922765711328,8.0,-1.067771643903859
305,2711040.0,2711710.0,1.0,4365.0,2.1782,2.1362,4.7539215,4.662256500000001,-1.73692220553,-183.3299999999992,-191.0092557944692,9870.569319301765,1.0,10061.578575096235,0.9449653380964687,1743217860.0,2025-03-28T16:00:00Z,2025-03-28T16:00:00Z,2025-03-29T03:10:00Z,2025-03-29T03:11:00Z,stop,within_minute_not_exact_tick,2.136710779248663,2.5101137660106962,8.0,-1.0547144266764668
306,2712180.0,2715011.0,1.0,8641.0,2.0719000000000003,2.0254000000000003,8.951643950000001,8.750740700000001,-12.394092716466908,-401.80649999999986,-407.11479193353296,9463.45452736823,1.0,9870.569319301765,1.8138049914699819,1743415920.0,2025-03-29T11:00:00Z,2025-03-29T11:00:00Z,2025-03-31T10:11:00Z,2025-03-31T10:12:00Z,stop,within_minute_not_exact_tick,2.0259031856516763,2.4398745147865917,8.0,-1.0242951649313992
307,2715240.0,2718120.0,1.0,4210.0,2.079,2.1148000000000002,4.376295,4.451654,-2.7664129380211944,150.71800000000022,144.65646393802143,9608.110991306252,4.0,9463.45452736823,0.9248831887644817,1743602400.0,2025-03-31T14:00:00Z,2025-03-31T14:00:00Z,2025-04-02T14:00:00Z,2025-04-02T14:00:00Z,timeout,simulated_bar_open_or_final_close,2.0245786524122233,2.514370780702216,8.0,0.6313736563673175
308,2718300.0,2718491.0,1.0,3438.0,2.1609000000000003,2.1152,3.7145871000000006,3.6360288000000005,0.0,-157.11660000000026,-164.46721590000024,9443.643775406252,1.0,9608.110991306252,0.7732190236688744,1743624720.0,2025-04-02T17:00:00Z,2025-04-02T17:00:00Z,2025-04-02T20:11:00Z,2025-04-02T20:12:00Z,stop,within_minute_not_exact_tick,2.115719254980451,2.5223459601563967,8.0,-1.0588149880950544
309,2718660.0,2721540.0,1.0,9857.0,2.0168,2.1347,9.9397988,10.52086895,-22.006088739334437,1162.1403000000012,1163.6857209893356,10607.329496395589,4.0,9443.643775406252,2.105077030941355,1743807600.0,2025-04-02T23:00:00Z,2025-04-02T23:00:00Z,2025-04-04T23:00:00Z,2025-04-04T23:00:00Z,timeout,simulated_bar_open_or_final_close,1.9542770020822702,2.5169839833418384,8.0,1.8882137460374981
310,2724000.0,2724096.0,1.0,30325.0,2.0741,2.0418000000000003,31.44854125,30.958792500000005,0.40124469165,-979.4974999999931,-1042.306078441643,9565.023417953946,1.0,10607.329496395589,5.929586944703912,1743961020.0,2025-04-06T16:00:00Z,2025-04-06T16:00:00Z,2025-04-06T17:36:00Z,2025-04-06T17:37:00Z,stop,within_minute_not_exact_tick,2.04222552657137,2.329095787429043,8.0,-1.0783293897845796
311,2724180.0,2724276.0,1.0,19703.0,1.995,1.9577,19.6537425,19.28628155,0.0,-734.9219000000022,-773.8619240500022,8791.161493903943,1.0,9565.023417953946,4.1095022230910825,1743971820.0,2025-04-06T19:00:00Z,2025-04-06T19:00:00Z,2025-04-06T20:36:00Z,2025-04-06T20:37:00Z,stop,within_minute_not_exact_tick,1.9581025029038106,2.290179976769516,8.0,-1.0644719314594446
312,2724300.0,2724408.0,1.0,5511.0,1.9478000000000002,1.9060000000000001,5.3671629,5.251983,0.0,-230.35980000000032,-240.97894590000033,8550.182548003942,1.0,8791.161493903943,1.2210361290079255,1743979740.0,2025-04-06T21:00:00Z,2025-04-06T21:00:00Z,2025-04-06T22:48:00Z,2025-04-06T22:49:00Z,stop,within_minute_not_exact_tick,1.9064126928087837,2.278898457529733,8.0,-1.056529234868413
313,2724420.0,2724441.0,1.0,1016.0,1.9161000000000001,1.868,0.9733788000000001,0.9489440000000001,0.0,-48.869600000000034,-50.79192280000003,8499.390625203943,1.0,8550.182548003942,0.2276860861239126,1743981720.0,2025-04-06T23:00:00Z,2025-04-06T23:00:00Z,2025-04-06T23:21:00Z,2025-04-06T23:22:00Z,stop,within_minute_not_exact_tick,1.86837424953775,2.297906003698001,8.0,-1.0474858858331104
314,2724480.0,2724675.0,1.0,15698.0,1.9208,1.8691,15.0763592,14.6705659,0.0,-811.5866000000012,-841.3335251000012,7658.057100103942,1.0,8499.390625203943,3.5476329691902455,1743995760.0,2025-04-07T00:00:00Z,2025-04-07T00:00:00Z,2025-04-07T03:15:00Z,2025-04-07T03:16:00Z,stop,within_minute_not_exact_tick,1.8695472235078099,2.3308222119375213,8.0,-1.0456984707582984
315,2724720.0,2724821.0,1.0,10681.0,1.8227,1.7607000000000002,9.73412935,9.40301835,0.0,-662.2219999999982,-681.3591476999982,6976.697952403943,1.0,7658.057100103942,2.542192940783343,1744004520.0,2025-04-07T04:00:00Z,2025-04-07T04:00:00Z,2025-04-07T05:41:00Z,2025-04-07T05:42:00Z,stop,within_minute_not_exact_tick,1.76114847177137,2.3151122258290404,8.0,-1.0363950633857342
316,2724840.0,2724866.0,1.0,2075.0,1.7635,1.6975,1.8296312500000003,1.76115625,0.0,-136.95000000000013,-140.54078750000014,6836.157164903943,1.0,6976.697952403943,0.524497767420064,1744007220.0,2025-04-07T06:00:00Z,2025-04-07T06:00:00Z,2025-04-07T06:26:00Z,2025-04-07T06:27:00Z,stop,within_minute_not_exact_tick,1.6978704352885123,2.2885365176919015,8.0,-1.0320120253387064
317,2724900.0,2727780.0,1.0,368.0,1.655,1.8005,0.30452,0.331292,-0.49170232260538405,53.54399999999998,53.39989032260537,6889.557055226549,4.0,6836.157164903943,0.08909098859323222,1744182000.0,2025-04-07T07:00:00Z,2025-04-07T07:00:00Z,2025-04-09T07:00:00Z,2025-04-09T07:00:00Z,timeout,simulated_bar_open_or_final_close,1.5778580099028099,2.272135920777522,8.0,1.8810559260002915
318,2728260.0,2731140.0,1.0,10011.0,1.8144,1.9982000000000002,9.0819792,10.0019901,-4.411683538113342,1840.0218000000018,1825.349514238115,8714.906569464663,4.0,6889.557055226549,2.6364479246485772,1744383600.0,2025-04-09T15:00:00Z,2025-04-09T15:00:00Z,2025-04-11T15:00:00Z,2025-04-11T15:00:00Z,timeout,simulated_bar_open_or_final_close,1.7483247246435338,2.3430022028517294,8.0,2.7594948733574363
319,2731200.0,2734080.0,1.0,1936.0,2.001,2.1459,1.9369679999999998,2.0772312000000004,1.6973419619660766,280.5264000000005,274.8148588380344,8989.721428302697,4.0,8714.906569464663,0.4445183627755136,1744560000.0,2025-04-11T16:00:00Z,2025-04-11T16:00:00Z,2025-04-13T16:00:00Z,2025-04-13T16:00:00Z,timeout,simulated_bar_open_or_final_close,1.9570909801383636,2.35227215889309,8.0,3.2328169525824353
320,2735460.0,2735509.0,1.0,18024.0,2.1596,2.1125000000000003,19.462315200000003,19.037850000000002,0.0,-848.9303999999986,-887.4305651999987,8102.290863102698,1.0,8989.721428302697,4.32990395869799,1744645800.0,2025-04-14T15:00:00Z,2025-04-14T15:00:00Z,2025-04-14T15:49:00Z,2025-04-14T15:50:00Z,stop,within_minute_not_exact_tick,2.112947501338166,2.532819989294677,8.0,-1.0553786273462529
321,2737020.0,2737344.0,1.0,2890.0,2.1297,2.093,3.0774165000000004,3.0243849999999997,0.0,-106.06300000000051,-112.16480150000051,7990.126061602697,1.0,8102.290863102698,0.7596410822559713,1744755900.0,2025-04-15T17:00:00Z,2025-04-15T17:00:00Z,2025-04-15T22:24:00Z,2025-04-15T22:25:00Z,stop,within_minute_not_exact_tick,2.0935147115957595,2.419182307233926,8.0,-1.0725726313529038
322,2737500.0,2737933.0,1.0,2846.0,2.0719000000000003,2.0356,2.948313700000001,2.8966588000000004,-0.5310555663112,-103.30980000000064,-108.62371693368944,7881.5023446690075,1.0,7990.126061602697,0.7379892825892698,1744791240.0,2025-04-16T01:00:00Z,2025-04-16T01:00:00Z,2025-04-16T08:13:00Z,2025-04-16T08:14:00Z,stop,within_minute_not_exact_tick,2.0360300517710894,2.3588595858312873,8.0,-1.064042595746983
323,2738400.0,2738510.0,1.0,9517.0,2.0936,2.0559000000000003,9.9623956,9.783000150000001,0.0,-358.7908999999964,-378.5362957499964,7502.966048919012,1.0,7881.5023446690075,2.5280448230123267,1744825860.0,2025-04-16T16:00:00Z,2025-04-16T16:00:00Z,2025-04-16T17:50:00Z,2025-04-16T17:51:00Z,stop,within_minute_not_exact_tick,2.0563845927704816,2.391323257836148,8.0,-1.0687710537384938
324,2738580.0,2741460.0,1.0,2040.0,2.0846,2.0813,2.126292,2.122926,-0.32506478761418384,-6.7319999999997115,-10.656153212385528,7492.309895706627,4.0,7502.966048919012,0.5667870509173755,1745002800.0,2025-04-16T19:00:00Z,2025-04-16T19:00:00Z,2025-04-18T19:00:00Z,2025-04-18T19:00:00Z,timeout,simulated_bar_open_or_final_close,2.039475413457178,2.4455966923425745,8.0,-0.11575960947405523
325,2745480.0,2745658.0,1.0,9937.0,2.1060000000000003,2.0829,10.463661000000002,10.34888865,2.10059276448,-229.54470000000342,-252.45784241448342,7239.852053292144,1.0,7492.309895706627,2.7931735728112557,1745254740.0,2025-04-21T14:00:00Z,2025-04-21T14:00:00Z,2025-04-21T16:58:00Z,2025-04-21T16:59:00Z,stop,within_minute_not_exact_tick,2.083415138981553,2.286678888147579,8.0,-1.1249057950477914
326,2745780.0,2748042.0,1.0,2615.0,2.0688,2.2835,2.704956,2.98567625,1.3756432691169551,561.4405000000003,554.3742244808833,7794.2262777730275,2.0,7239.852053292144,0.7472406839501612,1745397780.0,2025-04-21T19:00:00Z,2025-04-21T19:00:00Z,2025-04-23T08:42:00Z,2025-04-23T08:43:00Z,target,within_minute_not_exact_tick,2.0418970422357425,2.2840236621140613,8.0,7.880092339517261
327,2748540.0,2749188.0,1.0,3751.0,2.2294,2.1807000000000003,4.1812397,4.0899028500000005,0.8318946006690001,-182.67369999999903,-191.776737150668,7602.449540622359,1.0,7794.2262777730275,1.0729069316151973,1745466540.0,2025-04-23T17:00:00Z,2025-04-23T17:00:00Z,2025-04-24T03:48:00Z,2025-04-24T03:49:00Z,stop,within_minute_not_exact_tick,2.1812342136781657,2.6147262905746755,8.0,-1.0614760667952188
328,2749980.0,2750576.0,1.0,7707.0,2.2114000000000003,2.1658,8.521629900000002,8.3459103,1.1380511477286,-351.43920000000236,-369.444791347731,7233.004749274628,1.0,7602.449540622359,2.2418116304399427,1745549820.0,2025-04-24T17:00:00Z,2025-04-24T17:00:00Z,2025-04-25T02:56:00Z,2025-04-25T02:57:00Z,stop,within_minute_not_exact_tick,2.1662829144346345,2.5723366845229245,8.0,-1.0624858412086555
329,2751480.0,2754360.0,1.0,2860.0,2.1858,2.2296,3.125694,3.188328,0.6542594002882081,125.26800000000017,118.29971859971197,7351.304467874341,4.0,7233.004749274628,0.8642864503340647,1745776800.0,2025-04-25T18:00:00Z,2025-04-25T18:00:00Z,2025-04-27T18:00:00Z,2025-04-27T18:00:00Z,timeout,simulated_bar_open_or_final_close,2.149033696293979,2.4799304296481672,8.0,1.1250393377225325
330,2755440.0,2755559.0,1.0,5575.0,2.3188,2.2791,6.463655,6.3529912500000005,0.0,-221.32749999999913,-234.14414624999912,7117.160321624342,1.0,7351.304467874341,1.7585055899253188,1745848800.0,2025-04-28T12:00:00Z,2025-04-28T12:00:00Z,2025-04-28T13:59:00Z,2025-04-28T14:00:00Z,stop,within_minute_not_exact_tick,2.279580844477392,2.6325532441808623,8.0,-1.0708784888493996
331,2755620.0,2757504.0,1.0,8805.0,2.2876000000000003,2.2466,10.071159000000002,9.890656499999999,1.2831159734416806,-361.00500000000324,-382.2499314734449,6734.910390150897,1.0,7117.160321624342,2.8301059818479604,1745965500.0,2025-04-28T15:00:00Z,2025-04-28T15:00:00Z,2025-04-29T22:24:00Z,2025-04-29T22:25:00Z,stop,within_minute_not_exact_tick,2.2470874705217434,2.6117002358260555,8.0,-1.0715901078918322
332,2758620.0,2761500.0,1.0,1806.0,2.1637,2.2248,1.9538210999999999,2.0089944,1.91520998487,110.34660000000028,104.46857451513027,6839.378964666027,4.0,6734.910390150897,0.5802070070174234,1746205200.0,2025-04-30T17:00:00Z,2025-04-30T17:00:00Z,2025-05-02T17:00:00Z,2025-05-02T17:00:00Z,timeout,simulated_bar_open_or_final_close,2.1263480553811447,2.462515556950841,8.0,1.5486550953440876
333,2765880.0,2766354.0,1.0,1140.0,2.1438,2.1115,1.221966,1.2035550000000002,0.09772587299999999,-36.822000000000244,-39.34524687300025,6800.033717793027,1.0,6839.378964666027,0.3573324438704121,1746496500.0,2025-05-05T18:00:00Z,2025-05-05T18:00:00Z,2025-05-06T01:54:00Z,2025-05-06T01:55:00Z,stop,within_minute_not_exact_tick,2.111988317701266,2.3982934583898743,8.0,-1.0849276729817416
334,2767320.0,2770200.0,1.0,509.0,2.1207000000000003,2.2314000000000003,0.53971815,0.5678913000000001,0.436411231068,56.346300000000014,54.802279318932015,6854.835997111959,4.0,6800.033717793027,0.15873984524158133,1746727200.0,2025-05-06T18:00:00Z,2025-05-06T18:00:00Z,2025-05-08T18:00:00Z,2025-05-08T18:00:00Z,timeout,simulated_bar_open_or_final_close,2.0888400434282253,2.375579652574201,8.0,3.3793693442564945
335,2770380.0,2773260.0,1.0,16125.0,2.3120000000000003,2.4233000000000002,18.640500000000003,19.53785625,22.807702116375,1794.7124999999992,1733.7264416336243,8588.562438745583,4.0,6854.835997111959,5.438642152154629,1746910800.0,2025-05-08T21:00:00Z,2025-05-08T21:00:00Z,2025-05-10T21:00:00Z,2025-05-10T21:00:00Z,timeout,simulated_bar_open_or_final_close,2.2751432383100627,2.606854093519501,8.0,2.917183006079285
336,2773440.0,2773467.0,1.0,4384.0,2.4715000000000003,2.4294000000000002,5.417528000000001,5.3252448,1.0833700248,-184.5664000000001,-196.3925428248001,8392.169895920782,1.0,8588.562438745583,1.2615680537082448,1746923280.0,2025-05-11T00:00:00Z,2025-05-11T00:00:00Z,2025-05-11T00:27:00Z,2025-05-11T00:28:00Z,stop,within_minute_not_exact_tick,2.429973996342961,2.803708029256313,8.0,-1.0787835363349823
337,2775360.0,2778240.0,1.0,4891.0,2.4134,2.6183,5.9019697,6.40305265,8.701951165916,1002.1658999999993,981.1589264840834,9373.328822404867,4.0,8392.169895920782,1.4065419964552424,1747209600.0,2025-05-12T08:00:00Z,2025-05-12T08:00:00Z,2025-05-14T08:00:00Z,2025-05-14T08:00:00Z,timeout,simulated_bar_open_or_final_close,2.368907844816471,2.769337241468233,8.0,4.508771780025242
338,2778720.0,2779546.0,1.0,2839.0,2.5604,2.5,3.6344878,3.54875,0.9295612141642182,-171.47560000000001,-179.58839901416422,9193.740423390704,1.0,9373.328822404867,0.7754956363661459,1747288020.0,2025-05-14T16:00:00Z,2025-05-14T16:00:00Z,2025-05-15T05:46:00Z,2025-05-15T05:47:00Z,stop,within_minute_not_exact_tick,2.5005590391327344,3.0391276869381265,8.0,-1.057095752818651
339,2780100.0,2780582.0,1.0,7066.0,2.4255,2.3722000000000003,8.5692915,8.380982600000001,0.044413826957406005,-376.61779999999777,-393.61248792695517,8800.127935463748,1.0,9193.740423390704,1.8641578085450439,1747350180.0,2025-05-15T15:00:00Z,2025-05-15T15:00:00Z,2025-05-15T23:02:00Z,2025-05-15T23:03:00Z,stop,within_minute_not_exact_tick,2.3727374732914113,2.8476002136687093,8.0,-1.055770810146267
340,2780700.0,2782185.0,1.0,3521.0,2.3783000000000003,2.3205,4.18699715,4.08524025,1.4838354244177983,-203.51380000000103,-213.26987282441883,8586.858062639329,1.0,8800.127935463748,0.9515764272305103,1747446360.0,2025-05-16T01:00:00Z,2025-05-16T01:00:00Z,2025-05-17T01:45:00Z,2025-05-17T01:46:00Z,stop,within_minute_not_exact_tick,2.320978639978924,2.8368708801686133,8.0,-1.0566885434948348
341,2785380.0,2788260.0,1.0,10136.0,2.2843,2.3761,11.576832399999999,12.0420748,4.0665694622478465,930.4848000000011,902.7993233377533,9489.65738597708,4.0,8586.858062639329,2.6964070712592276,1747810800.0,2025-05-19T07:00:00Z,2025-05-19T07:00:00Z,2025-05-21T07:00:00Z,2025-05-21T07:00:00Z,timeout,simulated_bar_open_or_final_close,2.2367949654711703,2.664340276230639,8.0,1.874929684097456
342,2788860.0,2788880.0,1.0,23462.0,2.4156,2.3787000000000003,28.3374036,27.904529700000005,0.0,-865.7477999999932,-921.9897332999932,8567.667652677086,1.0,9489.65738597708,5.97227116795056,1747848060.0,2025-05-21T17:00:00Z,2025-05-21T17:00:00Z,2025-05-21T17:20:00Z,2025-05-21T17:21:00Z,stop,within_minute_not_exact_tick,2.3792161984553384,2.7066704123572918,8.0,-1.0800726788200532
343,2791620.0,2791956.0,1.0,4010.0,2.3748,2.3306,4.761474000000001,4.672853,0.07885182998,-177.24200000000008,-186.75517882998008,8380.912473847106,1.0,8567.667652677086,1.1114982963916,1748032620.0,2025-05-23T15:00:00Z,2025-05-23T15:00:00Z,2025-05-23T20:36:00Z,2025-05-23T20:37:00Z,stop,within_minute_not_exact_tick,2.331108330334638,2.7243333573228985,8.0,-1.065932342588442
344,2792160.0,2795040.0,1.0,3058.0,2.2958000000000003,2.3401,3.5102782000000006,3.5780129,0.9145829985809989,135.46939999999933,127.46652590141834,8508.378999748522,4.0,8380.912473847106,0.8376840137524241,1748217600.0,2025-05-24T00:00:00Z,2025-05-24T00:00:00Z,2025-05-26T00:00:00Z,2025-05-26T00:00:00Z,timeout,simulated_bar_open_or_final_close,2.2560753598096763,2.6135971215225924,8.0,1.0492976397288365
345,2795880.0,2796097.0,1.0,2742.0,2.3234,2.3002000000000002,3.1853814,3.1535742000000004,0.6392698800000001,-63.61439999999908,-70.59262547999907,8437.786374268524,1.0,8508.378999748522,0.7487634013703782,1748281080.0,2025-05-26T14:00:00Z,2025-05-26T14:00:00Z,2025-05-26T17:37:00Z,2025-05-26T17:38:00Z,stop,within_minute_not_exact_tick,2.300667677646934,2.5052585788245296,8.0,-1.1325257314295958
346,2796180.0,2796556.0,1.0,2019.0,2.3039,2.2783,2.3257870499999997,2.29994385,-0.25668261726,-51.686399999999686,-56.05544828273969,8381.730925985785,1.0,8437.786374268524,0.5512789603426346,1748308620.0,2025-05-26T19:00:00Z,2025-05-26T19:00:00Z,2025-05-27T01:16:00Z,2025-05-27T01:17:00Z,stop,within_minute_not_exact_tick,2.278850551521922,2.504295587824624,8.0,-1.10836637717982
347,2798880.0,2799119.0,1.0,4074.0,2.2520000000000002,2.2279,4.587324000000001,4.5382323,0.0,-98.18340000000094,-107.30895630000094,8274.421969685784,1.0,8381.730925985785,1.0946006357178497,1748462400.0,2025-05-28T16:00:00Z,2025-05-28T16:00:00Z,2025-05-28T19:59:00Z,2025-05-28T20:00:00Z,stop,within_minute_not_exact_tick,2.228374908786424,2.4410007297086094,8.0,-1.1149142139550348
348,2800320.0,2800764.0,1.0,3215.0,2.2763,2.2486,3.65915225,3.6146245000000006,0.731638086905,-89.05549999999947,-97.06091483690447,8177.361054848879,1.0,8274.421969685784,0.8844490318249878,1748561100.0,2025-05-29T16:00:00Z,2025-05-29T16:00:00Z,2025-05-29T23:24:00Z,2025-05-29T23:25:00Z,stop,within_minute_not_exact_tick,2.249078942520976,2.494068459832193,8.0,-1.1090686021387492
349,2800860.0,2802254.0,1.0,19865.0,2.1554,2.117,21.408510500000002,21.0271025,2.368540663559345,-762.8160000000042,-807.6201536635635,7369.740901185315,1.0,8177.361054848879,5.236043842605073,1748650500.0,2025-05-30T01:00:00Z,2025-05-30T01:00:00Z,2025-05-31T00:14:00Z,2025-05-31T00:15:00Z,stop,within_minute_not_exact_tick,2.117454478360595,2.458964173115243,8.0,-1.0714158111858372
350,2805720.0,2808600.0,1.0,1227.0,2.1523000000000003,2.2574,1.3204360500000003,1.3849149,1.2893503669650002,128.9576999999997,124.96299868303471,7494.70389986835,4.0,7369.740901185315,0.35833988404873973,1749031200.0,2025-06-02T10:00:00Z,2025-06-02T10:00:00Z,2025-06-04T10:00:00Z,2025-06-04T10:00:00Z,timeout,simulated_bar_open_or_final_close,2.1276123708029964,2.34980103357603,8.0,4.125318550934825
351,2810520.0,2810596.0,1.0,670.0,2.17,2.1428000000000003,0.72695,0.7178380000000001,0.0,-18.223999999999776,-19.668787999999775,7475.03511186835,1.0,7494.70389986835,0.19399031895383334,1749151020.0,2025-06-05T18:00:00Z,2025-06-05T18:00:00Z,2025-06-05T19:16:00Z,2025-06-05T19:17:00Z,stop,within_minute_not_exact_tick,2.143277287954363,2.383781696365097,8.0,-1.0985561626329194
352,2816280.0,2817573.0,1.0,2010.0,2.29,2.2629,2.30145,2.2742145000000002,0.9252592096500001,-54.470999999999805,-59.97192370964981,7415.0631881587005,1.0,7475.03511186835,0.6157696828329046,1749569640.0,2025-06-09T18:00:00Z,2025-06-09T18:00:00Z,2025-06-10T15:33:00Z,2025-06-10T15:34:00Z,stop,within_minute_not_exact_tick,2.2633558949939796,2.503152840048165,8.0,-1.1198266167415967
353,2817660.0,2819720.0,1.0,6098.0,2.2720000000000002,2.2419000000000002,6.927328,6.835553100000001,5.486331580937171,-183.5498000000001,-202.79901268093724,7212.264175477763,1.0,7415.0631881587005,1.8684474627437897,1749698460.0,2025-06-10T17:00:00Z,2025-06-10T17:00:00Z,2025-06-12T03:20:00Z,2025-06-12T03:21:00Z,stop,within_minute_not_exact_tick,2.242416613996066,2.5086670880314754,8.0,-1.1241662329292355
354,2821020.0,2821031.0,1.0,8278.0,2.1242,2.0869,8.7920638,8.6376791,0.0,-308.7694000000009,-326.19914290000094,6886.065032577762,1.0,7212.264175477763,2.4380870101496486,1749777120.0,2025-06-13T01:00:00Z,2025-06-13T01:00:00Z,2025-06-13T01:11:00Z,2025-06-13T01:12:00Z,stop,within_minute_not_exact_tick,2.087356773283083,2.4189458137353355,8.0,-1.0695466578638915
355,2827260.0,2827623.0,1.0,2814.0,2.217,2.1815,3.119319,3.0693705000000007,0.0,-99.89699999999962,-106.08568949999963,6779.979343077763,1.0,6886.065032577762,0.9059801164359028,1750172640.0,2025-06-17T09:00:00Z,2025-06-17T09:00:00Z,2025-06-17T15:03:00Z,2025-06-17T15:04:00Z,stop,within_minute_not_exact_tick,2.1820057499387433,2.4969540004900543,8.0,-1.077298411424963
356,2827680.0,2827741.0,1.0,11086.0,2.1787,2.1431,12.076534100000002,11.879203299999999,1.5804167955852446,-394.6616000000008,-420.197754195586,6359.781588882177,1.0,6779.979343077763,3.562410293279116,1750179720.0,2025-06-17T16:00:00Z,2025-06-17T16:00:00Z,2025-06-17T17:01:00Z,2025-06-17T17:02:00Z,stop,within_minute_not_exact_tick,2.143611621493723,2.459407028050217,8.0,-1.0802283066382268
357,2827800.0,2830680.0,1.0,5161.0,2.1467,2.1675,5.53955935,5.5932337500000004,2.4968369415066087,107.34879999999964,93.71916995849303,6453.500758840671,4.0,6359.781588882177,1.7420596203127339,1750356000.0,2025-06-17T18:00:00Z,2025-06-17T18:00:00Z,2025-06-19T18:00:00Z,2025-06-19T18:00:00Z,timeout,simulated_bar_open_or_final_close,2.1102926275927745,2.4379589792578034,8.0,0.4987756442930518
358,2834880.0,2837760.0,1.0,11407.0,1.9335,2.1868000000000003,11.02771725,12.472413800000002,3.0112026801271887,2889.3931000000034,2862.881766269876,9316.382525110546,4.0,6453.500758840671,3.417592299774071,1750780800.0,2025-06-22T16:00:00Z,2025-06-22T16:00:00Z,2025-06-24T16:00:00Z,2025-06-24T16:00:00Z,timeout,simulated_bar_open_or_final_close,1.8903565796422064,2.278647362862348,8.0,5.817245582865456
359,2840700.0,2842011.0,1.0,2673.0,2.1005000000000003,2.072,2.8073182500000002,2.769228,0.027170821167791404,-76.1805000000005,-81.78421707116829,9234.598308039378,1.0,9316.382525110546,0.6026627271762199,1751035920.0,2025-06-26T17:00:00Z,2025-06-26T17:00:00Z,2025-06-27T14:51:00Z,2025-06-27T14:52:00Z,stop,within_minute_not_exact_tick,2.072444824547111,2.3249414036231153,8.0,-1.0905800595558512
360,2846460.0,2847762.0,1.0,1221.0,2.1999,2.1784,1.34303895,1.3299132,0.544453845045,-26.251500000000092,-29.46890599504509,9205.129402044333,1.0,9234.598308039378,0.29087111430299867,1751380980.0,2025-06-30T17:00:00Z,2025-06-30T17:00:00Z,2025-07-01T14:42:00Z,2025-07-01T14:43:00Z,stop,within_minute_not_exact_tick,2.1789342112078893,2.367626310336884,8.0,-1.1511638500375514
361,2848020.0,2850900.0,1.0,7557.0,2.1665,2.2777000000000003,8.18612025,8.60628945,4.272599449263272,840.3384000000015,819.2733908507382,10024.40279289507,4.0,9205.129402044333,1.778599711630773,1751569200.0,2025-07-01T19:00:00Z,2025-07-01T19:00:00Z,2025-07-03T19:00:00Z,2025-07-03T19:00:00Z,timeout,simulated_bar_open_or_final_close,2.1358153244028406,2.4119774047772777,8.0,3.533115956891061
362,2856180.0,2856738.0,1.0,2033.0,2.2851,2.2641,2.32280415,2.3014576499999997,0.47535645236900004,-42.69299999999981,-47.79261825236881,9976.610174642701,1.0,10024.40279289507,0.46342993153593515,1751919540.0,2025-07-07T11:00:00Z,2025-07-07T11:00:00Z,2025-07-07T20:18:00Z,2025-07-07T20:19:00Z,stop,within_minute_not_exact_tick,2.2646104588143747,2.4490163294850023,8.0,-1.1473375601739946
363,2861820.0,2862207.0,1.0,2342.0,2.5873,2.9177,3.0297283,3.4166266999999997,0.0,773.7968000000001,767.350445,10743.960619642701,2.0,9976.610174642701,0.607366279119652,1752247680.0,2025-07-11T09:00:00Z,2025-07-11T09:00:00Z,2025-07-11T15:27:00Z,2025-07-11T15:28:00Z,target,within_minute_not_exact_tick,2.545922235118487,2.918322119052104,8.0,7.918443660217811
364,2862660.0,2865540.0,1.0,11129.0,2.7039,2.814,15.04585155,15.658503000000001,18.427908475779002,1225.302900000001,1176.170636974222,11920.131256616925,4.0,10743.960619642701,2.800801693649611,1752447600.0,2025-07-11T23:00:00Z,2025-07-11T23:00:00Z,2025-07-13T23:00:00Z,2025-07-13T23:00:00Z,timeout,simulated_bar_open_or_final_close,2.6113471351451936,3.444322918838451,8.0,1.1418901437010645
365,2866020.0,2867177.0,1.0,5951.0,2.9271000000000003,2.8577000000000004,8.70958605,8.503086350000002,5.274400531312001,-412.99939999999947,-435.4864729313114,11484.644783685611,1.0,11920.131256616925,1.4613238499643642,1752545880.0,2025-07-14T07:00:00Z,2025-07-14T07:00:00Z,2025-07-15T02:17:00Z,2025-07-15T02:18:00Z,stop,within_minute_not_exact_tick,2.8583625138712465,3.4769998890300298,8.0,-1.0646113064846057
366,2868900.0,2871186.0,1.0,2045.0,2.9367,3.4221000000000004,3.0027757500000005,3.49909725,3.14063106504,992.6430000000006,983.0004959349607,12467.645279620572,2.0,11484.644783685611,0.5229200914016184,1752786420.0,2025-07-16T07:00:00Z,2025-07-16T07:00:00Z,2025-07-17T21:06:00Z,2025-07-17T21:07:00Z,target,within_minute_not_exact_tick,2.8759278262881733,3.4228773896946145,8.0,7.909620632747829
367,2871420.0,2871748.0,1.0,10312.0,3.6565000000000003,3.5402,18.852914000000002,18.2532712,0.0,-1199.2856000000031,-1236.3917852000031,11231.253494420569,1.0,12467.645279620572,3.0242942555988006,1752820140.0,2025-07-18T01:00:00Z,2025-07-18T01:00:00Z,2025-07-18T06:28:00Z,2025-07-18T06:29:00Z,stop,within_minute_not_exact_tick,3.540922888090204,4.581116895278369,8.0,-1.0373883550021281
368,2871780.0,2871838.0,1.0,5404.0,3.5687,3.458,9.642627400000002,9.343516,0.0,-598.2228000000001,-617.2089434000002,10614.044551020568,1.0,11231.253494420569,1.717106181387543,1752825540.0,2025-07-18T07:00:00Z,2025-07-18T07:00:00Z,2025-07-18T07:58:00Z,2025-07-18T07:59:00Z,stop,within_minute_not_exact_tick,3.4587180647111895,4.448555482310487,8.0,-1.0384737247992366
369,2871900.0,2874780.0,1.0,4241.0,3.4503000000000004,3.4992,7.3163611500000005,7.4200536,8.708583016390001,207.38489999999882,183.93990223360882,10797.984453254176,4.0,10614.044551020568,1.3786188883664547,1753002000.0,2025-07-18T09:00:00Z,2025-07-18T09:00:00Z,2025-07-20T09:00:00Z,2025-07-20T09:00:00Z,timeout,simulated_bar_open_or_final_close,3.3346349498365617,4.375620401307508,8.0,0.3749777754707574
370,2874840.0,2875576.0,1.0,15480.0,3.4898000000000002,3.4244000000000003,27.011052000000003,26.504856000000004,5.4467607564,-1012.3919999999985,-1071.3546687563985,9726.629784497778,1.0,10797.984453254176,5.002980346366347,1753049820.0,2025-07-20T10:00:00Z,2025-07-20T10:00:00Z,2025-07-20T22:16:00Z,2025-07-20T22:17:00Z,stop,within_minute_not_exact_tick,3.425134228827256,4.007126169381952,8.0,-1.0702564382185984
371,2876100.0,2876404.0,1.0,13132.0,3.5621,3.4992,23.3887486,22.9757472,4.686649525908,-826.0027999999994,-877.0539453259074,8849.57583917187,1.0,9726.629784497778,4.809219455905846,1753099500.0,2025-07-21T07:00:00Z,2025-07-21T07:00:00Z,2025-07-21T12:04:00Z,2025-07-21T12:05:00Z,stop,within_minute_not_exact_tick,3.4999362665869294,4.059409867304565,8.0,-1.0743810587308962
372,2876460.0,2877195.0,1.0,2272.0,3.5404,3.4802,4.0218944,3.9535072,1.625800958976,-136.77440000000007,-146.37560255897606,8703.200236612893,1.0,8849.57583917187,0.90894625303903,1753146960.0,2025-07-21T13:00:00Z,2025-07-21T13:00:00Z,2025-07-22T01:15:00Z,2025-07-22T01:16:00Z,stop,within_minute_not_exact_tick,3.480949009211382,4.016007926308942,8.0,-1.083680533383723
373,2879400.0,2879598.0,1.0,11503.0,3.2653000000000003,3.1937,18.78037295,18.368565550000003,3.82106654,-823.6148000000012,-864.5848050400011,7838.615431572892,1.0,8703.200236612893,4.315739599094629,1753291140.0,2025-07-23T14:00:00Z,2025-07-23T14:00:00Z,2025-07-23T17:18:00Z,2025-07-23T17:19:00Z,stop,within_minute_not_exact_tick,3.194411306478834,3.832409548169332,8.0,-1.0602774048524082
374,2879640.0,2879780.0,1.0,4633.0,3.2417000000000002,3.1594,7.509398050000001,7.3187501,0.0,-381.2959000000002,-396.1240481500002,7442.491383422892,1.0,7838.615431572892,1.9160011396280912,1753302060.0,2025-07-23T18:00:00Z,2025-07-23T18:00:00Z,2025-07-23T20:20:00Z,2025-07-23T20:21:00Z,stop,within_minute_not_exact_tick,3.160044783999885,3.894941728000921,8.0,-1.0470923253681614
375,2880420.0,2883300.0,1.0,6832.0,3.0132000000000003,3.1558,10.293091200000001,10.780212800000001,10.398192528070032,974.2431999999989,942.7717034719288,8385.26308689482,4.0,7442.491383422892,2.766033756633275,1753513200.0,2025-07-24T07:00:00Z,2025-07-24T07:00:00Z,2025-07-26T07:00:00Z,2025-07-26T07:00:00Z,timeout,simulated_bar_open_or_final_close,2.9086937476358874,3.8492500189129037,8.0,1.3204331147131947
376,2886240.0,2886541.0,1.0,1935.0,3.2728,3.2179,3.166434,3.1133182500000003,0.527271820231761,-106.2314999999999,-113.03852407023166,8272.224562824587,1.0,8385.26308689482,0.7552378421969286,1753707720.0,2025-07-28T08:00:00Z,2025-07-28T08:00:00Z,2025-07-28T13:01:00Z,2025-07-28T13:02:00Z,stop,within_minute_not_exact_tick,3.2185665422491385,3.7066676620068915,8.0,-1.0771550315880911
377,2886600.0,2886844.0,1.0,4224.0,3.1907,3.1376,6.738758400000001,6.6266112,0.70968686756352,-224.29440000000062,-238.36945646756416,8033.855106357022,1.0,8272.224562824587,1.6292493872286808,1753725900.0,2025-07-28T14:00:00Z,2025-07-28T14:00:00Z,2025-07-28T18:04:00Z,2025-07-28T18:05:00Z,stop,within_minute_not_exact_tick,3.13830787060012,3.6098370351990408,8.0,-1.0771114599821803
378,2886900.0,2887242.0,1.0,1774.0,3.1416,3.0859,2.7865992000000004,2.7371933,-0.08473523418,-98.81179999999975,-104.25085726581975,7929.604249091202,1.0,8033.855106357022,0.6937140795071154,1753749780.0,2025-07-28T19:00:00Z,2025-07-28T19:00:00Z,2025-07-29T00:42:00Z,2025-07-29T00:43:00Z,stop,within_minute_not_exact_tick,3.086544960250086,3.582040317999311,8.0,-1.0674042775546586
379,2887860.0,2888179.0,1.0,7117.0,3.1178000000000003,3.0637000000000003,11.094691300000001,10.90217645,1.1333507281678934,-385.0297000000003,-408.1599184781682,7521.444330613034,1.0,7929.604249091202,2.7982963465727924,1753806000.0,2025-07-29T11:00:00Z,2025-07-29T11:00:00Z,2025-07-29T16:19:00Z,2025-07-29T16:20:00Z,stop,within_minute_not_exact_tick,3.0643562136220717,3.5453502910234294,8.0,-1.0730900532637937
380,2888220.0,2889349.0,1.0,10503.0,3.1061,3.0483000000000002,16.31168415,16.00814745,0.6955867430158608,-607.0733999999984,-640.0888183430143,6881.355512270021,1.0,7521.444330613034,4.337380809589937,1753876200.0,2025-07-29T17:00:00Z,2025-07-29T17:00:00Z,2025-07-30T11:49:00Z,2025-07-30T11:50:00Z,stop,within_minute_not_exact_tick,3.048988756423002,3.562989948615985,8.0,-1.0671003399214865
381,2889360.0,2891530.0,1.0,5635.0,3.0506,2.9970000000000003,8.5950655,8.4440475,3.1080114079236347,-302.03599999999926,-322.1831244079229,6559.172387862098,1.0,6881.355512270021,2.4980733765823593,1754007060.0,2025-07-30T12:00:00Z,2025-07-30T12:00:00Z,2025-08-01T00:10:00Z,2025-08-01T00:11:00Z,stop,within_minute_not_exact_tick,2.9976774952339094,3.4739800381287282,8.0,-1.0803599540916113
382,2892540.0,2892863.0,1.0,6750.0,3.0116,2.9414000000000002,10.16415,9.927225,0.0,-473.8499999999988,-493.9413749999988,6065.231012862099,1.0,6559.172387862098,3.099217217955423,1754087040.0,2025-08-01T17:00:00Z,2025-08-01T17:00:00Z,2025-08-01T22:23:00Z,2025-08-01T22:24:00Z,stop,within_minute_not_exact_tick,2.9419907940965313,3.568473647227751,8.0,-1.0512474470902304
383,2893920.0,2894071.0,1.0,8797.0,2.8296,2.7642,12.4459956,12.158333700000002,2.049512833023309,-575.3237999999991,-601.9776421330223,5463.253370729077,1.0,6065.231012862099,4.104046679708216,1754159520.0,2025-08-02T16:00:00Z,2025-08-02T16:00:00Z,2025-08-02T18:31:00Z,2025-08-02T18:32:00Z,stop,within_minute_not_exact_tick,2.7648163204837912,3.3478694361296704,8.0,-1.0562826798526597
384,2894100.0,2896980.0,1.0,6578.0,2.7602,3.0425,9.0782978,10.0067825,4.336487357042812,1856.9693999999986,1833.5478323429556,7296.801203072033,4.0,5463.253370729077,3.323403541428097,1754334000.0,2025-08-02T19:00:00Z,2025-08-02T19:00:00Z,2025-08-04T19:00:00Z,2025-08-04T19:00:00Z,timeout,simulated_bar_open_or_final_close,2.6899550119448055,3.3221599044415564,8.0,3.9681038705851344
385,2897700.0,2898141.0,1.0,2758.0,3.0219,2.9773,4.1672001000000005,4.1056967,0.828298250262,-123.00679999999993,-132.10799505026193,7164.693208021771,1.0,7296.801203072033,1.1421991593372622,1754403720.0,2025-08-05T07:00:00Z,2025-08-05T07:00:00Z,2025-08-05T14:21:00Z,2025-08-05T14:22:00Z,stop,within_minute_not_exact_tick,2.977901410532261,3.373888715741912,8.0,-1.088669574830838
386,2898300.0,2898602.0,1.0,2508.0,2.9686000000000003,2.9174,3.722624400000001,3.6584196,0.0,-128.40960000000032,-135.79064400000033,7028.902564021771,1.0,7164.693208021771,1.0391580747189724,1754431380.0,2025-08-05T17:00:00Z,2025-08-05T17:00:00Z,2025-08-05T22:02:00Z,2025-08-05T22:03:00Z,stop,within_minute_not_exact_tick,2.9180806948698454,3.372754441041239,8.0,-1.0717289135412578
387,2899740.0,2901792.0,1.0,1994.0,2.9797000000000002,3.3707000000000003,2.9707609,3.3605879000000005,2.1185077142950623,779.654,771.2041434857049,7800.106707507476,2.0,7028.902564021771,0.8452986431213813,1754622780.0,2025-08-06T17:00:00Z,2025-08-06T17:00:00Z,2025-08-08T03:12:00Z,2025-08-08T03:13:00Z,target,within_minute_not_exact_tick,2.930728471632259,3.3714722269419326,8.0,7.897698350662015
388,2902560.0,2904964.0,1.0,10660.0,3.2212,3.1521000000000003,17.168996,16.800693000000003,18.191897161620002,-736.605999999997,-788.767586161617,7011.33912134586,1.0,7800.106707507476,4.402246441955754,1754813100.0,2025-08-08T16:00:00Z,2025-08-08T16:00:00Z,2025-08-10T08:04:00Z,2025-08-10T08:05:00Z,stop,within_minute_not_exact_tick,3.1527412283872422,3.768870172902064,8.0,-1.0808433340806596
389,2906400.0,2906672.0,1.0,9018.0,3.2449000000000003,3.1978,14.631254100000001,14.4188802,2.9260400062140004,-424.7478000000033,-456.72397430621726,6554.615147039643,1.0,7011.33912134586,4.173597610035859,1754915580.0,2025-08-11T08:00:00Z,2025-08-11T08:00:00Z,2025-08-11T12:32:00Z,2025-08-11T12:33:00Z,stop,within_minute_not_exact_tick,3.1985105128328364,3.6160158973373124,8.0,-1.0917520264989935
390,2906700.0,2907113.0,1.0,10620.0,3.2067,3.149,17.027577,16.72119,1.1772030412799999,-612.7740000000009,-647.6999700412808,5906.915176998362,1.0,6554.615147039643,5.195599319874765,1754942040.0,2025-08-11T13:00:00Z,2025-08-11T13:00:00Z,2025-08-11T19:53:00Z,2025-08-11T19:54:00Z,stop,within_minute_not_exact_tick,3.1496750385142005,3.662899691886397,8.0,-1.069508793253416
391,2908320.0,2910992.0,1.0,2463.0,3.2122,3.1598,3.9558243,3.8912937000000003,4.693407516162001,-129.0612,-141.60172551616202,5765.3134514821995,1.0,5906.915176998362,1.3393875420470076,1755174780.0,2025-08-12T16:00:00Z,2025-08-12T16:00:00Z,2025-08-14T12:32:00Z,2025-08-14T12:33:00Z,stop,within_minute_not_exact_tick,3.1605318476218938,3.6255452190248523,8.0,-1.1127079782779508
392,2911140.0,2911227.0,1.0,7301.0,3.1208,3.0457,11.3924804,11.11832785,2.25900241,-548.3050999999996,-573.0749106599995,5192.2385408222,1.0,5765.3134514821995,3.9520766722826206,1755188880.0,2025-08-14T15:00:00Z,2025-08-14T15:00:00Z,2025-08-14T16:27:00Z,2025-08-14T16:28:00Z,stop,within_minute_not_exact_tick,3.0464079643697066,3.7159362850423454,8.0,-1.0551218196271126
393,2916180.0,2916213.0,1.0,2034.0,3.0094000000000003,2.9742,3.0605598000000005,3.0247614000000005,0.0,-71.59680000000024,-77.68212120000025,5114.556419622199,1.0,5192.2385408222,1.1788979939721165,1755488040.0,2025-08-18T03:00:00Z,2025-08-18T03:00:00Z,2025-08-18T03:33:00Z,2025-08-18T03:34:00Z,stop,within_minute_not_exact_tick,2.9748195723139084,3.2860434214887357,8.0,-1.1044339979450473
394,2916540.0,2918400.0,1.0,2696.0,2.9613,2.9236,3.9918324000000003,3.9410128,0.9445962973995874,-101.63920000000019,-110.51664149739977,5004.039778124799,1.0,5114.556419622199,1.5609691525486653,1755619260.0,2025-08-18T09:00:00Z,2025-08-18T09:00:00Z,2025-08-19T16:00:00Z,2025-08-19T16:01:00Z,stop,within_minute_not_exact_tick,2.924239378667081,3.2577849706633555,8.0,-1.1061017886956215
395,2918460.0,2918847.0,1.0,9676.0,2.9099,2.8618,14.078096200000001,13.845388400000001,0.0,-465.41559999999816,-493.33908459999816,4510.700693524801,1.0,5004.039778124799,5.626692362255996,1755646080.0,2025-08-19T17:00:00Z,2025-08-19T17:00:00Z,2025-08-19T23:27:00Z,2025-08-19T23:28:00Z,stop,within_minute_not_exact_tick,2.8624602475718737,3.2894180194250118,8.0,-1.0747494957366364
396,2918880.0,2921760.0,1.0,8348.0,2.8599,2.8498,11.937222600000002,11.895065200000001,8.893183547549294,-84.31479999999998,-117.04027134754928,4393.660422177251,4.0,4510.700693524801,5.292846238783308,1755820800.0,2025-08-20T00:00:00Z,2025-08-20T00:00:00Z,2025-08-22T00:00:00Z,2025-08-22T00:00:00Z,timeout,simulated_bar_open_or_final_close,2.810188862518115,3.257589099855081,8.0,-0.28203251414926667
397,2922660.0,2925540.0,1.0,6624.0,3.0046,3.02,9.9512352,10.00224,10.85766706043931,102.00960000000053,71.19845773956122,4464.858879916812,4.0,4393.660422177251,4.529815344750165,1756047600.0,2025-08-22T15:00:00Z,2025-08-22T15:00:00Z,2025-08-24T15:00:00Z,2025-08-24T15:00:00Z,timeout,simulated_bar_open_or_final_close,2.9426795959181744,3.4999632326546024,8.0,0.1735867134709762
398,2926500.0,2927262.0,1.0,8261.0,2.9552,2.9049,12.206453600000001,11.99868945,3.365553985574,-415.5283000000001,-443.09899703557414,4021.7598828812374,1.0,4464.858879916812,5.467789208257094,1756150980.0,2025-08-25T07:00:00Z,2025-08-25T07:00:00Z,2025-08-25T19:42:00Z,2025-08-25T19:43:00Z,stop,within_minute_not_exact_tick,2.9054924824780226,3.352860140175819,8.0,-1.0790611844633973
399,2928300.0,2931180.0,1.0,8017.0,2.9170000000000003,3.0174000000000003,11.692794500000002,12.095247900000002,11.900440108624103,804.9068000000003,769.2183174913762,4790.978200372614,4.0,4021.7598828812374,5.8147650981207475,1756386000.0,2025-08-26T13:00:00Z,2025-08-26T13:00:00Z,2025-08-28T13:00:00Z,2025-08-28T13:00:00Z,timeout,simulated_bar_open_or_final_close,2.871123086676678,3.2840153065865785,8.0,2.0914310137132137
400,2932800.0,2933071.0,1.0,10530.0,2.8336,2.7917,14.918904000000001,14.698300500000002,1.9937789462292388,-441.2070000000005,-472.81798344622973,4318.160216926384,1.0,4790.978200372614,6.227915626432905,1756499520.0,2025-08-29T16:00:00Z,2025-08-29T16:00:00Z,2025-08-29T20:31:00Z,2025-08-29T20:32:00Z,stop,within_minute_not_exact_tick,2.7922725654135867,3.164219476691307,8.0,-1.0864935890479426
401,2933100.0,2935980.0,1.0,8302.0,2.7852,2.8062,11.561365200000001,11.6485362,5.066359727529705,174.34199999999925,146.06573887246952,4464.225955798854,4.0,4318.160216926384,5.354764352967544,1756674000.0,2025-08-29T21:00:00Z,2025-08-29T21:00:00Z,2025-08-31T21:00:00Z,2025-08-31T21:00:00Z,timeout,simulated_bar_open_or_final_close,2.7425314012045154,3.1265487903638784,8.0,0.412341692961085
402,2936340.0,2936469.0,1.0,3907.0,2.733,2.7014,5.338915500000001,5.2771849,0.0,-123.46120000000029,-134.0773004000003,4330.1486553988525,1.0,4464.225955798854,2.391866161283776,1756703400.0,2025-09-01T03:00:00Z,2025-09-01T03:00:00Z,2025-09-01T05:09:00Z,2025-09-01T05:10:00Z,stop,within_minute_not_exact_tick,2.7019951978139747,2.981038417488202,8.0,-1.1068349926601955
403,2936640.0,2936986.0,1.0,8656.0,2.7936,2.7552000000000003,12.0907008,11.924505600000002,2.354728926768,-332.390399999998,-358.760335326766,3971.388320072086,1.0,4330.1486553988525,5.584427585378737,1756734420.0,2025-09-01T08:00:00Z,2025-09-01T08:00:00Z,2025-09-01T13:46:00Z,2025-09-01T13:47:00Z,stop,within_minute_not_exact_tick,2.755817713285667,3.0958582937146666,8.0,-1.0969805670146597
404,2937000.0,2937227.0,1.0,2311.0,2.7587,2.7184,3.18767785,3.1411112,0.590318632332,-93.13330000000052,-100.05240768233251,3871.3359123897535,1.0,3971.388320072086,1.6053216623964586,1756748880.0,2025-09-01T14:00:00Z,2025-09-01T14:00:00Z,2025-09-01T17:47:00Z,2025-09-01T17:48:00Z,stop,within_minute_not_exact_tick,2.7189712821629115,3.0765297426967106,8.0,-1.0897403935745196
405,2937240.0,2940120.0,1.0,5345.0,2.7261,2.8604000000000003,7.28550225,7.644419000000001,7.907748153786619,717.8335000000004,694.9958305962138,4566.331742985967,4.0,3871.3359123897535,3.7638181831153483,1756922400.0,2025-09-01T18:00:00Z,2025-09-01T18:00:00Z,2025-09-03T18:00:00Z,2025-09-03T18:00:00Z,timeout,simulated_bar_open_or_final_close,2.6865797999520056,3.042261600383958,8.0,3.2901474030016526
406,2949600.0,2951311.0,1.0,5421.0,2.9804,2.951,8.0783742,7.998685500000001,6.486642111807,-159.3773999999993,-181.9411018118063,4384.39064117416,1.0,4566.331742985967,3.538233599610297,1757593920.0,2025-09-10T08:00:00Z,2025-09-10T08:00:00Z,2025-09-11T12:31:00Z,2025-09-11T12:32:00Z,stop,within_minute_not_exact_tick,2.951673026525011,3.2102157877999122,8.0,-1.168319269561085
407,2953740.0,2955566.0,1.0,574.0,3.1058000000000003,3.0700000000000003,0.8913646000000002,0.88109,0.7146242600000001,-20.54920000000003,-23.03627886000003,4361.35436231416,1.0,4384.39064117416,0.40660820303242345,1757849220.0,2025-09-13T05:00:00Z,2025-09-13T05:00:00Z,2025-09-14T11:26:00Z,2025-09-14T11:27:00Z,stop,within_minute_not_exact_tick,3.0706815184796055,3.38674785216316,8.0,-1.1427854583260662
408,2957220.0,2958017.0,1.0,3403.0,3.0049,2.9635000000000002,5.1128373499999995,5.04239525,0.9598487948510472,-140.8841999999996,-151.99928139485064,4209.355080919309,1.0,4361.35436231416,2.344609919422873,1757996280.0,2025-09-15T15:00:00Z,2025-09-15T15:00:00Z,2025-09-16T04:17:00Z,2025-09-16T04:18:00Z,stop,within_minute_not_exact_tick,2.9641602594925387,3.330817924059692,8.0,-1.0963805619915932
409,2970300.0,2970780.0,1.0,5910.0,2.9459,2.9091,8.7051345,8.5963905,1.7284386,-217.48799999999966,-236.51796359999966,3972.8371173193095,1.0,4209.355080919309,4.136089416385765,1758762060.0,2025-09-24T17:00:00Z,2025-09-24T17:00:00Z,2025-09-25T01:00:00Z,2025-09-25T01:01:00Z,stop,within_minute_not_exact_tick,2.909774335194187,3.234905318446502,8.0,-1.1077985751991084
410,2970840.0,2970977.0,1.0,1711.0,2.8955,2.8555,2.47710025,2.4428802500000004,0.0,-68.44000000000005,-73.35998050000006,3899.477136819309,1.0,3972.8371173193095,1.2470182777951062,1758773880.0,2025-09-25T02:00:00Z,2025-09-25T02:00:00Z,2025-09-25T04:17:00Z,2025-09-25T04:18:00Z,stop,within_minute_not_exact_tick,2.8560976538072405,3.210718769542077,8.0,-1.0881458629455578
411,2971320.0,2971470.0,1.0,2597.0,2.827,2.7854,3.6708595,3.6168419000000003,0.0,-108.03519999999963,-115.32290139999964,3784.1542354193098,1.0,3899.477136819309,1.8827444660922998,1758803460.0,2025-09-25T10:00:00Z,2025-09-25T10:00:00Z,2025-09-25T12:30:00Z,2025-09-25T12:31:00Z,stop,within_minute_not_exact_tick,2.7860538705439355,3.1545690356485157,8.0,-1.0845029942976192
412,2971620.0,2971732.0,1.0,809.0,2.8379000000000003,2.7928,1.14793055,1.1296876,0.12479226349770178,-36.485900000000115,-38.88831041349781,3745.265925005812,1.0,3784.1542354193098,0.6067038913242402,1758819180.0,2025-09-25T15:00:00Z,2025-09-25T15:00:00Z,2025-09-25T16:52:00Z,2025-09-25T16:53:00Z,stop,within_minute_not_exact_tick,2.793427188924464,3.1936824886042903,8.0,-1.080876243226789
413,2971740.0,2971776.0,1.0,6105.0,2.7909,2.7447,8.51922225,8.378196749999999,0.0,-282.05100000000147,-298.9484190000014,3446.31750600581,1.0,3745.265925005812,4.549328363105101,1758821820.0,2025-09-25T17:00:00Z,2025-09-25T17:00:00Z,2025-09-25T17:36:00Z,2025-09-25T17:37:00Z,stop,within_minute_not_exact_tick,2.7453383762057304,3.1553929903541573,8.0,-1.0747597631970043
414,2971800.0,2974680.0,1.0,2804.0,2.7366,2.7815000000000003,3.8367132,3.8996630000000008,3.240881241345945,125.89960000000045,114.92234255865449,3561.239848564465,4.0,3446.31750600581,2.2265581701708315,1758996000.0,2025-09-25T18:00:00Z,2025-09-25T18:00:00Z,2025-09-27T18:00:00Z,2025-09-27T18:00:00Z,timeout,simulated_bar_open_or_final_close,2.687432675173935,3.1299385986085246,8.0,0.8335849817097659
415,2976900.0,2978506.0,1.0,1194.0,2.8678000000000003,2.8406000000000002,1.7120766,1.6958382,1.3519251402475345,-32.47680000000013,-37.23663994024767,3524.003208624217,1.0,3561.239848564465,0.9615059208607575,1759225620.0,2025-09-29T07:00:00Z,2025-09-29T07:00:00Z,2025-09-30T09:46:00Z,2025-09-30T09:47:00Z,stop,within_minute_not_exact_tick,2.8411720045184183,3.0808239638526578,8.0,-1.1711908856664963
416,2980440.0,2983320.0,1.0,7461.0,2.92,3.027,10.89306,11.2922235,9.86493528795108,798.3270000000016,766.2767812120505,4290.279989836268,4.0,3524.003208624217,6.182207764931455,1759514400.0,2025-10-01T18:00:00Z,2025-10-01T18:00:00Z,2025-10-03T18:00:00Z,2025-10-03T18:00:00Z,timeout,simulated_bar_open_or_final_close,2.884226508537931,3.2061879316965545,8.0,2.870961028869081
417,2987280.0,2988457.0,1.0,923.0,2.9948,2.9613,1.3821002000000002,1.36663995,0.5312603951746324,-30.92050000000008,-34.20050054517471,4256.079489291093,1.0,4290.279989836268,0.644293707298458,1759822680.0,2025-10-06T12:00:00Z,2025-10-06T12:00:00Z,2025-10-07T07:37:00Z,2025-10-07T07:38:00Z,stop,within_minute_not_exact_tick,2.9619531400699213,3.2575748794406314,8.0,-1.1280722156898295
418,2988900.0,2988940.0,1.0,5458.0,2.9090000000000003,2.8733,7.9386610000000015,7.8412357,0.0,-194.85060000000158,-210.63049670000157,4045.4489925910907,1.0,4256.079489291093,3.7305041035886726,1759851660.0,2025-10-07T15:00:00Z,2025-10-07T15:00:00Z,2025-10-07T15:40:00Z,2025-10-07T15:41:00Z,stop,within_minute_not_exact_tick,2.87397369186381,3.1892104650895226,8.0,-1.1017761235340338
419,2988960.0,2989646.0,1.0,4985.0,2.8841,2.8462,7.188619250000001,7.094153500000001,0.11704535346967601,-188.93150000000023,-203.3313181034699,3842.1176744876207,1.0,4045.4489925910907,3.553929001782185,1759894020.0,2025-10-07T16:00:00Z,2025-10-07T16:00:00Z,2025-10-08T03:26:00Z,2025-10-08T03:27:00Z,stop,within_minute_not_exact_tick,2.8468239339900303,3.182308528079758,8.0,-1.094231067685963
420,2991420.0,2993241.0,1.0,2598.0,2.787,2.7559,3.6203130000000003,3.5799141,0.8324313153492474,-80.79779999999975,-88.830458415349,3753.2872160722723,1.0,3842.1176744876207,1.884540405432949,1760109720.0,2025-10-09T09:00:00Z,2025-10-09T09:00:00Z,2025-10-10T15:21:00Z,2025-10-10T15:22:00Z,stop,within_minute_not_exact_tick,2.7565278282040406,3.0307773743676725,8.0,-1.1220684429883794
421,2993280.0,2993448.0,1.0,9011.0,2.7406,2.7024,12.347773300000002,12.175663199999999,0.29529407440000005,-344.2202000000021,-369.03893057440206,3384.2482854978703,1.0,3753.2872160722723,6.579711377868736,1760122140.0,2025-10-10T16:00:00Z,2025-10-10T16:00:00Z,2025-10-10T18:48:00Z,2025-10-10T18:49:00Z,stop,within_minute_not_exact_tick,2.7029883358914826,3.041493312868139,8.0,-1.088871534155967
422,2993460.0,2993489.0,1.0,1915.0,2.7073,2.6679,2.59223975,2.55451425,0.0,-75.45100000000019,-80.5977540000002,3303.6505314978704,1.0,3384.2482854978703,1.5319441904473894,1760124600.0,2025-10-10T19:00:00Z,2025-10-10T19:00:00Z,2025-10-10T19:29:00Z,2025-10-10T19:30:00Z,stop,within_minute_not_exact_tick,2.6685141831478805,3.017586534816957,8.0,-1.0851286221576646
423,2993520.0,2993575.0,1.0,3409.0,2.6758,2.6314,4.5609011,4.4852213,0.0,-151.35959999999997,-160.40572239999997,3143.24480909787,1.0,3303.6505314978704,2.761128065160145,1760129760.0,2025-10-10T20:00:00Z,2025-10-10T20:00:00Z,2025-10-10T20:55:00Z,2025-10-10T20:56:00Z,stop,within_minute_not_exact_tick,2.6319435519359047,3.026651584512766,8.0,-1.0729003847104006
424,2993580.0,2993593.0,1.0,485.0,2.4966,2.4284000000000003,0.6054255,0.588887,0.0,-33.076999999999806,-34.27131249999981,3108.9734965978705,1.0,3143.24480909787,0.38522325607451535,1760130840.0,2025-10-10T21:00:00Z,2025-10-10T21:00:00Z,2025-10-10T21:13:00Z,2025-10-10T21:14:00Z,stop,within_minute_not_exact_tick,2.4289180944690294,3.0380552442477633,8.0,-1.0440382764883192
425,2997060.0,2997329.0,1.0,4259.0,2.6043000000000003,2.5346,5.545856850000001,5.397430700000001,-0.848034175164,-296.8523000000004,-306.9475533748364,2802.025943223034,1.0,3108.9734965978705,3.567644983830706,1760355000.0,2025-10-13T07:00:00Z,2025-10-13T07:00:00Z,2025-10-13T11:29:00Z,2025-10-13T11:30:00Z,stop,within_minute_not_exact_tick,2.5351641852202955,3.1573865182376375,8.0,-1.042445719829093
426,2997360.0,2998420.0,1.0,3562.0,2.5687,2.5013,4.574854700000001,4.4548153,1.437948535170264,-240.07880000000046,-250.54641853517074,2551.479524687864,1.0,2802.025943223034,3.2653906799576364,1760420460.0,2025-10-13T12:00:00Z,2025-10-13T12:00:00Z,2025-10-14T05:40:00Z,2025-10-14T05:41:00Z,stop,within_minute_not_exact_tick,2.5018025330583558,3.1038797355331544,8.0,-1.0514402794403215
427,2998440.0,2998486.0,1.0,2839.0,2.5051,2.4483,3.55598945,3.47536185,0.0,-161.2551999999999,-168.2865512999999,2383.1929733878637,1.0,2551.479524687864,2.78739407123796,1760424420.0,2025-10-14T06:00:00Z,2025-10-14T06:00:00Z,2025-10-14T06:46:00Z,2025-10-14T06:47:00Z,stop,within_minute_not_exact_tick,2.448871654895023,2.9549267608398146,8.0,-1.0542138469366644
428,2998500.0,2998871.0,1.0,542.0,2.4656000000000002,2.4031000000000002,0.6681776000000001,0.6512401000000001,0.07496798744,-33.875,-35.26938568744,2347.923587700424,1.0,2383.1929733878637,0.5607414988725333,1760447520.0,2025-10-14T07:00:00Z,2025-10-14T07:00:00Z,2025-10-14T13:11:00Z,2025-10-14T13:12:00Z,stop,within_minute_not_exact_tick,2.403649736284446,2.9612021097244323,8.0,-1.0504017806733248
429,2998920.0,3001534.0,1.0,115.0,2.4308,2.3699,0.139771,0.13626925,-0.0170222387830045,-7.00350000000002,-7.262518011217015,2340.661069689207,1.0,2347.923587700424,0.11905924088176388,1760607300.0,2025-10-14T14:00:00Z,2025-10-14T14:00:00Z,2025-10-16T09:34:00Z,2025-10-16T09:35:00Z,stop,within_minute_not_exact_tick,2.3704562683323918,2.913549853340868,8.0,-1.0465433407430615
430,3001860.0,3001906.0,1.0,4623.0,2.4047,2.3571,5.55846405,5.44843665,0.0,-220.0548000000004,-231.0617007000004,2109.5993689892066,1.0,2340.661069689207,4.749482205672821,1760629620.0,2025-10-16T15:00:00Z,2025-10-16T15:00:00Z,2025-10-16T15:46:00Z,2025-10-16T15:47:00Z,stop,within_minute_not_exact_tick,2.3576392181047825,2.781186255161739,8.0,-1.0620499275019375
431,3001920.0,3002187.0,1.0,3352.0,2.3545000000000003,2.3018,3.9461420000000005,3.8578168,0.2268106625697792,-176.65040000000064,-184.68116946257044,1924.9181995266365,1.0,2109.5993689892066,3.7411292949814965,1760646480.0,2025-10-16T16:00:00Z,2025-10-16T16:00:00Z,2025-10-16T20:27:00Z,2025-10-16T20:28:00Z,stop,within_minute_not_exact_tick,2.3023258628035017,2.7718930975719873,8.0,-1.0559985701595371
432,3002820.0,3002852.0,1.0,3350.0,2.2933,2.2388,3.8412775,3.74999,0.0,-182.575,-190.16626749999998,1734.7519320266365,1.0,1924.9181995266365,3.991107259461334,1760686380.0,2025-10-17T07:00:00Z,2025-10-17T07:00:00Z,2025-10-17T07:32:00Z,2025-10-17T07:33:00Z,stop,within_minute_not_exact_tick,2.2392541185267656,2.725667051785874,8.0,-1.0503307273860063
433,3002880.0,3005760.0,1.0,2396.0,2.2387,2.3463000000000003,2.6819626000000003,2.8108674000000007,-0.8394297828764588,257.80960000000033,253.1561997828768,1987.9081318095134,4.0,1734.7519320266365,3.092041634871423,1760860800.0,2025-10-17T08:00:00Z,2025-10-17T08:00:00Z,2025-10-19T08:00:00Z,2025-10-19T08:00:00Z,timeout,simulated_bar_open_or_final_close,2.181850518266237,2.6934958538701053,8.0,1.8585542576250924
434,3007680.0,3007725.0,1.0,5445.0,2.4624,2.4290000000000003,6.703884,6.6129525000000005,1.223647188885,-181.86299999999932,-196.4034836888843,1791.504648120629,1.0,1987.9081318095134,6.744661780620337,1760978760.0,2025-10-20T16:00:00Z,2025-10-20T16:00:00Z,2025-10-20T16:45:00Z,2025-10-20T16:46:00Z,stop,within_minute_not_exact_tick,2.4295437652565273,2.725249877947783,8.0,-1.0978259948110916
435,3007740.0,3008663.0,1.0,4211.0,2.4443,2.4092000000000002,5.14647365,5.072570600000001,0.9214491460178322,-147.80609999999962,-158.94659339601745,1632.5580547246116,1.0,1791.504648120629,5.745420370970165,1761035040.0,2025-10-20T17:00:00Z,2025-10-20T17:00:00Z,2025-10-21T08:23:00Z,2025-10-21T08:24:00Z,stop,within_minute_not_exact_tick,2.409708385951951,2.721032912384392,8.0,-1.0911768818462553
436,3009300.0,3009511.0,1.0,621.0,2.4841,2.4391000000000003,0.7713130500000001,0.7573405500000001,0.0,-27.944999999999958,-29.473653599999956,1603.0844011246118,1.0,1632.5580547246116,0.9449134721645279,1761085920.0,2025-10-21T19:00:00Z,2025-10-21T19:00:00Z,2025-10-21T22:31:00Z,2025-10-21T22:32:00Z,stop,within_minute_not_exact_tick,2.439636695692849,2.8398064344572123,8.0,-1.0674330380876842
437,3013980.0,3016860.0,1.0,3387.0,2.5251,2.6464000000000003,4.27625685,4.481678400000001,3.57858417237462,410.8431000000006,398.506580577626,2001.5909817022375,4.0,1603.0844011246118,5.335036442248552,1761526800.0,2025-10-25T01:00:00Z,2025-10-25T01:00:00Z,2025-10-27T01:00:00Z,2025-10-27T01:00:00Z,timeout,simulated_bar_open_or_final_close,2.4913288723377227,2.79526902129822,8.0,3.4839726589634865
438,3017820.0,3018009.0,1.0,3062.0,2.6845000000000003,2.6461,4.1099695,4.051179100000001,0.0,-117.58080000000065,-125.74194860000065,1875.8490331022367,1.0,2001.5909817022375,4.106702655609198,1761595800.0,2025-10-27T17:00:00Z,2025-10-27T17:00:00Z,2025-10-27T20:09:00Z,2025-10-27T20:10:00Z,stop,within_minute_not_exact_tick,2.6466450278383684,2.9873397772930548,8.0,-1.0848059754121875
439,3019080.0,3019120.0,1.0,3897.0,2.6644,2.6268000000000002,5.191583400000001,5.1183198,0.0,-146.52719999999943,-156.83710319999943,1719.0119299022374,1.0,1875.8490331022367,5.535182531628654,1761662460.0,2025-10-28T14:00:00Z,2025-10-28T14:00:00Z,2025-10-28T14:40:00Z,2025-10-28T14:41:00Z,stop,within_minute_not_exact_tick,2.627332125596683,2.960942995226537,8.0,-1.0857272138700893
440,3019380.0,3019409.0,1.0,1988.0,2.6718,2.6321000000000003,2.6557692000000004,2.6163074,0.0,-78.9235999999997,-84.19567659999969,1634.8162533022378,1.0,1719.0119299022374,3.089878730685758,1761679800.0,2025-10-28T19:00:00Z,2025-10-28T19:00:00Z,2025-10-28T19:29:00Z,2025-10-28T19:30:00Z,stop,within_minute_not_exact_tick,2.632678774052825,2.9847698075774023,8.0,-1.0825823826990233
441,3022080.0,3022299.0,1.0,3006.0,2.4530000000000003,2.4017,3.6868590000000006,3.6097551,0.14435642634272638,-154.20780000000104,-161.64877052634378,1473.167482775894,1.0,1634.8162533022378,4.510426162637851,1761853200.0,2025-10-30T16:00:00Z,2025-10-30T16:00:00Z,2025-10-30T19:39:00Z,2025-10-30T19:40:00Z,stop,within_minute_not_exact_tick,2.4022626005549914,2.8588991955600718,8.0,-1.059876409738707
442,3023520.0,3024850.0,1.0,3248.0,2.5222,2.48,4.096052800000001,4.02752,0.29366407856181753,-137.06560000000076,-145.48283687856258,1327.6846458973316,1.0,1473.167482775894,5.56087864807034,1762006260.0,2025-10-31T16:00:00Z,2025-10-31T16:00:00Z,2025-11-01T14:10:00Z,2025-11-01T14:11:00Z,stop,within_minute_not_exact_tick,2.480578887494899,2.8551689000408103,8.0,-1.0761729113271918
443,3027300.0,3027807.0,1.0,3301.0,2.4071000000000002,2.3699,3.9729185500000006,3.9115199499999997,-0.30584400228595193,-122.79720000000114,-130.3757944977152,1197.3088513996165,1.0,1327.6846458973316,5.984732236343452,1762183680.0,2025-11-03T07:00:00Z,2025-11-03T07:00:00Z,2025-11-03T15:27:00Z,2025-11-03T15:28:00Z,stop,within_minute_not_exact_tick,2.3704520371256868,2.7002837029945086,8.0,-1.077709236147772
444,3027840.0,3028128.0,1.0,2192.0,2.3275,2.2811,2.55094,2.5000856,0.0,-101.70880000000048,-106.75982560000048,1090.549025799616,1.0,1197.3088513996165,4.261122762131143,1762202940.0,2025-11-03T16:00:00Z,2025-11-03T16:00:00Z,2025-11-03T20:48:00Z,2025-11-03T20:49:00Z,stop,within_minute_not_exact_tick,2.281646026105911,2.694331791152713,8.0,-1.062160939692918
445,3028680.0,3029419.0,1.0,1828.0,2.2499000000000002,2.1931000000000003,2.0564086,2.0044934000000003,0.309045231804,-103.83039999999993,-108.20034723180393,982.348678567812,1.0,1090.549025799616,3.77132719639485,1762280400.0,2025-11-04T06:00:00Z,2025-11-04T06:00:00Z,2025-11-04T18:19:00Z,2025-11-04T18:20:00Z,stop,within_minute_not_exact_tick,2.1936011818450996,2.7002905452392043,8.0,-1.0513642005795416
446,3029460.0,3029525.0,1.0,1283.0,2.2113,2.1456,1.4185489500000001,1.3764024,0.0,-84.29310000000012,-87.08805135000013,895.2606272178119,1.0,982.348678567812,2.888076262428803,1762286760.0,2025-11-04T19:00:00Z,2025-11-04T19:00:00Z,2025-11-04T20:05:00Z,2025-11-04T20:06:00Z,stop,within_minute_not_exact_tick,2.146099708919158,2.7329023286467367,8.0,-1.0410758736619343
447,3030600.0,3032439.0,1.0,1352.0,2.262,2.1987,1.529112,1.4863212000000001,-0.36006304195952477,-85.58159999999988,-88.23697015804036,807.0236570597715,1.0,895.2606272178119,3.4160152999289126,1762461600.0,2025-11-05T14:00:00Z,2025-11-05T14:00:00Z,2025-11-06T20:39:00Z,2025-11-06T20:40:00Z,stop,within_minute_not_exact_tick,2.1991855782452543,2.764515374037967,8.0,-1.0389975639161493
448,3033240.0,3033391.0,1.0,1802.0,2.2003,2.1583,1.9824703,1.9446283000000002,0.0,-75.68399999999967,-79.61109859999968,727.4125584597717,1.0,807.0236570597715,4.91304135301989,1762518720.0,2025-11-07T10:00:00Z,2025-11-07T10:00:00Z,2025-11-07T12:31:00Z,2025-11-07T12:32:00Z,stop,within_minute_not_exact_tick,2.1588060296315827,2.532251762947336,8.0,-1.0647161408691492
449,3033420.0,3036300.0,1.0,1082.0,2.1683,2.2734,1.1730502999999999,1.2299094,0.5894134828305064,113.71820000000021,110.7258268171697,838.1383852769414,4.0,727.4125584597717,3.2252682095118748,1762693200.0,2025-11-07T13:00:00Z,2025-11-07T13:00:00Z,2025-11-09T13:00:00Z,2025-11-09T13:00:00Z,timeout,simulated_bar_open_or_final_close,2.1245347011149365,2.5184223910805086,8.0,2.3382544657105058
450,3037860.0,3038767.0,1.0,1530.0,2.5090000000000003,2.4574000000000003,1.9193850000000003,1.8799110000000003,0.73135937745,-78.94800000000014,-83.47865537745015,754.6597298994914,1.0,838.1383852769414,4.580114772731208,1762841280.0,2025-11-10T15:00:00Z,2025-11-10T15:00:00Z,2025-11-11T06:07:00Z,2025-11-11T06:08:00Z,stop,within_minute_not_exact_tick,2.457933135400454,2.9175349167963702,8.0,-1.068426916217702
451,3038820.0,3039447.0,1.0,985.0,2.4724,2.4217,1.217657,1.1926872499999999,0.20449720853731448,-49.93949999999997,-52.55434145853728,702.105388440954,1.0,754.6597298994914,3.227035846108212,1762882080.0,2025-11-11T07:00:00Z,2025-11-11T07:00:00Z,2025-11-11T17:27:00Z,2025-11-11T17:28:00Z,stop,within_minute_not_exact_tick,2.422262899511687,2.873496803906505,8.0,-1.0641752486596727
452,3040860.0,3042505.0,1.0,1484.0,2.3372,2.2929,1.7342024000000003,1.7013318,0.27976015230242524,-65.74120000000033,-69.45649435230277,632.6488940886512,1.0,702.105388440954,4.940005955091296,1763065560.0,2025-11-12T17:00:00Z,2025-11-12T17:00:00Z,2025-11-13T20:25:00Z,2025-11-13T20:26:00Z,stop,within_minute_not_exact_tick,2.2933918384292573,2.687665292565943,8.0,-1.068375525123683
453,3047580.0,3047854.0,1.0,1421.0,2.2659000000000002,2.2243,1.6099219500000002,1.58036515,0.0,-59.11360000000043,-62.30388710000043,570.3450069886509,1.0,632.6488940886512,5.089464203740176,1763386500.0,2025-11-17T09:00:00Z,2025-11-17T09:00:00Z,2025-11-17T13:34:00Z,2025-11-17T13:35:00Z,stop,within_minute_not_exact_tick,2.2247740625488026,2.5949074996095804,8.0,-1.0661179469046624
454,3047880.0,3048016.0,1.0,1139.0,2.2108000000000003,2.1685000000000003,1.2590506000000004,1.2349607500000002,0.034682207161000005,-48.179700000000004,-50.708393557161,519.6366134314898,1.0,570.3450069886509,4.415049082826647,1763396220.0,2025-11-17T14:00:00Z,2025-11-17T14:00:00Z,2025-11-17T16:16:00Z,2025-11-17T16:17:00Z,stop,within_minute_not_exact_tick,2.169005540624802,2.5451556750015847,8.0,-1.065215350660079
455,3048060.0,3048104.0,1.0,188.0,2.2186,2.1641,0.2085484,0.2034254,0.0,-10.245999999999999,-10.657973799999999,508.9786396314897,1.0,519.6366134314898,0.8026701529856519,1763401500.0,2025-11-17T17:00:00Z,2025-11-17T17:00:00Z,2025-11-17T17:44:00Z,2025-11-17T17:45:00Z,stop,within_minute_not_exact_tick,2.164545439687631,2.6510364824989514,8.0,-1.0487801523570566
456,3048120.0,3048662.0,1.0,38.0,2.1637,2.1067,0.0411103,0.040027299999999995,-0.009911395068,-2.1659999999999977,-2.237226204931998,506.7414134265577,1.0,508.9786396314897,0.1615403743849237,1763434980.0,2025-11-17T18:00:00Z,2025-11-17T18:00:00Z,2025-11-18T03:02:00Z,2025-11-18T03:03:00Z,stop,within_minute_not_exact_tick,2.107165307657689,2.6159775387384876,8.0,-1.0413848802346442
457,3048960.0,3050785.0,1.0,843.0,2.1606,2.1032,0.9106929,0.8864988000000001,0.30008416446937564,-48.38819999999991,-50.48547586446929,456.25593756208843,1.0,506.7414134265577,3.594310138742932,1763562360.0,2025-11-18T08:00:00Z,2025-11-18T08:00:00Z,2025-11-19T14:25:00Z,2025-11-19T14:26:00Z,stop,within_minute_not_exact_tick,2.103717794648984,2.6156576428081273,8.0,-1.0528401871162594
458,3050820.0,3050874.0,1.0,261.0,2.1229,2.0820000000000003,0.27703845,0.271701,0.0,-10.674899999999926,-11.223639449999926,445.0322981120885,1.0,456.25593756208843,1.2143993192956528,1763567700.0,2025-11-19T15:00:00Z,2025-11-19T15:00:00Z,2025-11-19T15:54:00Z,2025-11-19T15:55:00Z,stop,within_minute_not_exact_tick,2.082427321231715,2.44668143014628,8.0,-1.0625056534112365
459,3050940.0,3051040.0,1.0,51.0,2.0791,2.0345,0.053017049999999996,0.05187975,0.0,-2.2745999999999986,-2.3794967999999983,442.6528013120885,1.0,445.0322981120885,0.2382615833723008,1763577660.0,2025-11-19T17:00:00Z,2025-11-19T17:00:00Z,2025-11-19T18:40:00Z,2025-11-19T18:41:00Z,stop,within_minute_not_exact_tick,2.034914211716842,2.4325863062652653,8.0,-1.0559232235714944
460,3051060.0,3052376.0,1.0,10.0,2.0474,2.0008,0.010237,0.010003999999999999,0.00318199417,-0.46600000000000197,-0.48942299417000196,442.16337831791856,1.0,442.6528013120885,0.04625295477474,1763657820.0,2025-11-19T19:00:00Z,2025-11-19T19:00:00Z,2025-11-20T16:56:00Z,2025-11-20T16:57:00Z,stop,within_minute_not_exact_tick,2.001264829851027,2.416481361191787,8.0,-1.0608457551790198
461,3052440.0,3053081.0,1.0,891.0,2.003,1.9560000000000002,0.8923365,0.8713980000000001,-0.16156254700574998,-41.87699999999994,-43.479171952994186,398.68420636492436,1.0,442.16337831791856,4.036229790873381,1763700120.0,2025-11-20T18:00:00Z,2025-11-20T18:00:00Z,2025-11-21T04:41:00Z,2025-11-21T04:42:00Z,stop,within_minute_not_exact_tick,1.9563936692498365,2.3758506460013096,8.0,-1.0470288478261844
462,3053280.0,3053531.0,1.0,634.0,1.9185,1.8599,0.6081645,0.5895883000000001,0.12162896476200001,-37.15239999999999,-38.471781764762,360.21242460016236,1.0,398.68420636492436,3.050858249666071,1763727120.0,2025-11-21T08:00:00Z,2025-11-21T08:00:00Z,2025-11-21T12:11:00Z,2025-11-21T12:12:00Z,stop,within_minute_not_exact_tick,1.8603572468721934,2.3836420250224535,8.0,-1.043656182905783
463,3056100.0,3058980.0,1.0,728.0,2.0361000000000002,2.236,0.7411404000000001,0.8139040000000001,-0.12265289011721196,145.52719999999997,144.09480849011717,504.3072330902795,4.0,360.21242460016236,4.115018524542399,1764054000.0,2025-11-23T07:00:00Z,2025-11-23T07:00:00Z,2025-11-25T07:00:00Z,2025-11-25T07:00:00Z,timeout,simulated_bar_open_or_final_close,1.990937846275674,2.3973972297946116,8.0,4.382705715339943
464,3059040.0,3059448.0,1.0,1053.0,2.2164,2.1713,1.1669346,1.1431894500000002,0.06150413786400001,-47.49030000000015,-49.861928187864144,454.4453049024154,1.0,504.3072330902795,4.6278717552762085,1764082140.0,2025-11-25T08:00:00Z,2025-11-25T08:00:00Z,2025-11-25T14:48:00Z,2025-11-25T14:49:00Z,stop,within_minute_not_exact_tick,2.17181384350426,2.573089251965921,8.0,-1.0620394806294706
465,3059520.0,3062400.0,1.0,922.0,2.1876,2.2008,1.0084836000000001,1.0145688,-0.14619582333317319,12.170399999999887,10.29354342333306,464.73884832574845,4.0,454.4453049024154,4.4383057284156795,1764259200.0,2025-11-25T16:00:00Z,2025-11-25T16:00:00Z,2025-11-27T16:00:00Z,2025-11-27T16:00:00Z,timeout,simulated_bar_open_or_final_close,2.1427663233623377,2.5462694131012995,8.0,0.24901736009604625
466,3063420.0,3063550.0,1.0,1345.0,2.2434000000000003,2.2117,1.5086865000000003,1.48736825,0.0,-42.63650000000038,-45.63255475000039,419.10629357574805,1.0,464.73884832574845,6.492620556405561,1764328260.0,2025-11-28T09:00:00Z,2025-11-28T09:00:00Z,2025-11-28T11:10:00Z,2025-11-28T11:11:00Z,stop,within_minute_not_exact_tick,2.212192193878388,2.4930624489728985,8.0,-1.0871494736858325
467,3063840.0,3063863.0,1.0,915.0,2.245,2.2065,1.0270875000000002,1.0094737500000002,0.0,-35.22749999999998,-37.264061249999976,381.8422323257481,1.0,419.10629357574805,4.901322245662566,1764347040.0,2025-11-28T16:00:00Z,2025-11-28T16:00:00Z,2025-11-28T16:23:00Z,2025-11-28T16:24:00Z,stop,within_minute_not_exact_tick,2.2069750263535868,2.5491997891713063,8.0,-1.0710263833106284
468,3065100.0,3066452.0,1.0,1194.0,2.213,2.1838,1.321161,1.3037286000000001,0.4488142307996545,-34.864799999999875,-37.93850383079953,343.90372849494855,1.0,381.8422323257481,6.919931260368931,1764502380.0,2025-11-29T13:00:00Z,2025-11-29T13:00:00Z,2025-11-30T11:32:00Z,2025-11-30T11:33:00Z,stop,within_minute_not_exact_tick,2.1843235848220957,2.442411321423235,8.0,-1.1080287099504718
469,3067920.0,3067969.0,1.0,991.0,2.0335,2.0014000000000003,1.0075992500000002,0.9916937000000001,0.0,-31.811099999999797,-33.810392949999795,310.0933355449488,1.0,343.90372849494855,5.859775085368406,1764593400.0,2025-12-01T12:00:00Z,2025-12-01T12:00:00Z,2025-12-01T12:49:00Z,2025-12-01T12:50:00Z,stop,within_minute_not_exact_tick,2.0018556866978563,2.2866545064171504,8.0,-1.0781542223476996
470,3067980.0,3068134.0,1.0,780.0,2.0275000000000003,1.9943000000000002,0.7907250000000001,0.777777,0.0,-25.896000000000093,-27.464502000000095,282.6288335449487,1.0,310.0933355449488,5.099916117903041,1764603300.0,2025-12-01T13:00:00Z,2025-12-01T13:00:00Z,2025-12-01T15:34:00Z,2025-12-01T15:35:00Z,stop,within_minute_not_exact_tick,1.9947000170099651,2.289899863920282,8.0,-1.0735036054956895
471,3068160.0,3071040.0,1.0,149.0,2.007,2.1675,0.1495215,0.16147875,0.0550753054758632,23.91449999999998,23.548424444524116,306.1772579894729,4.0,282.6288335449487,1.0580767583023012,1764777600.0,2025-12-01T16:00:00Z,2025-12-01T16:00:00Z,2025-12-03T16:00:00Z,2025-12-03T16:00:00Z,timeout,simulated_bar_open_or_final_close,1.9698998412213016,2.303801270229588,8.0,4.259904061868474
472,3076740.0,3079620.0,1.0,1149.0,1.9981,2.0536000000000003,1.1479084499999999,1.1797932,0.3136786899362164,63.76950000000038,61.12811966006416,367.3053776495371,4.0,306.1772579894729,7.498326018972107,1765292400.0,2025-12-07T15:00:00Z,2025-12-07T15:00:00Z,2025-12-09T15:00:00Z,2025-12-09T15:00:00Z,timeout,simulated_bar_open_or_final_close,1.9744600033828907,2.187219972936874,8.0,2.2504719180335133
473,3084000.0,3086880.0,1.0,1221.0,1.9772,1.9896,1.2070806,1.2146508000000003,0.08078057203595282,15.140399999999959,12.637888027964005,379.9432656775012,4.0,367.3053776495371,6.572626884606797,1765728000.0,2025-12-12T16:00:00Z,2025-12-12T16:00:00Z,2025-12-14T16:00:00Z,2025-12-14T16:00:00Z,timeout,simulated_bar_open_or_final_close,1.950099546762876,2.1940036258969933,8.0,0.381928691552818
474,3088320.0,3088412.0,1.0,1372.0,1.9244,1.8992,1.3201384,1.3028512,0.0,-34.57440000000015,-37.19738960000015,342.745876077501,1.0,379.9432656775012,6.949134353761879,1765819980.0,2025-12-15T16:00:00Z,2025-12-15T16:00:00Z,2025-12-15T17:32:00Z,2025-12-15T17:33:00Z,stop,within_minute_not_exact_tick,1.899620840423844,2.122633276609249,8.0,-1.0941371888209084
475,3088440.0,3088924.0,1.0,1067.0,1.8908,1.8641,1.0087418000000001,0.9944973500000002,-0.596668822214839,-28.488899999999944,-29.895470327785105,312.8504057497159,1.0,342.745876077501,5.886237416154383,1765850700.0,2025-12-15T18:00:00Z,2025-12-15T18:00:00Z,2025-12-16T02:04:00Z,2025-12-16T02:05:00Z,stop,within_minute_not_exact_tick,1.8645687625097425,2.1006498999220606,8.0,-1.068125273933
476,3089040.0,3091384.0,1.0,933.0,1.8718000000000001,1.8501,0.8731947,0.8630716500000001,-0.12127161600603116,-20.246100000000048,-21.861094733994015,290.9893110157218,7.0,312.8504057497159,5.582186782896912,1765998300.0,2025-12-16T04:00:00Z,2025-12-16T04:00:00Z,2025-12-17T19:04:00Z,2025-12-17T19:05:00Z,daily_circuit,within_minute_not_exact_tick,1.8449634335974539,2.0864925312203697,8.0,-0.8730986428260277
477,3092820.0,3092871.0,1.0,706.0,1.8429,1.8041,0.6505437,0.6368473,0.0,-27.392799999999962,-28.68019099999996,262.3091200157218,1.0,290.9893110157218,4.471254959360702,1766087520.0,2025-12-18T19:00:00Z,2025-12-18T19:00:00Z,2025-12-18T19:51:00Z,2025-12-18T19:52:00Z,stop,within_minute_not_exact_tick,1.8044705825490353,2.150335339607718,8.0,-1.057093827972667
478,3094200.0,3097080.0,1.0,673.0,1.8733000000000002,1.9068,0.63036545,0.6416382,0.0420262858184482,22.545499999999908,21.23147006418146,283.54059007990327,4.0,262.3091200157218,4.8062793238924995,1766340000.0,2025-12-19T18:00:00Z,2025-12-19T18:00:00Z,2025-12-21T18:00:00Z,2025-12-21T18:00:00Z,timeout,simulated_bar_open_or_final_close,1.8371773469243609,2.162281224605114,8.0,0.8733440410375561
479,3097980.0,3098641.0,1.0,1226.0,1.9172,1.8965,1.1752436,1.1625545,0.22927194163400003,-25.37819999999993,-27.94527004163393,255.59532003826934,1.0,283.54059007990327,8.289773253761023,1766433720.0,2025-12-22T09:00:00Z,2025-12-22T09:00:00Z,2025-12-22T20:01:00Z,2025-12-22T20:02:00Z,stop,within_minute_not_exact_tick,1.8969718688162132,2.079025049470295,8.0,-1.1268395435001672
480,3099840.0,3100449.0,1.0,958.0,1.8809,1.8587,0.9009511,0.8903173000000001,0.0966170303,-21.267599999999998,-23.155485430299997,232.43983460796935,1.0,255.59532003826934,7.049824698395135,1766542200.0,2025-12-23T16:00:00Z,2025-12-23T16:00:00Z,2025-12-24T02:09:00Z,2025-12-24T02:10:00Z,stop,within_minute_not_exact_tick,1.8591108646582584,2.0552130827339337,8.0,-1.1092983944019095
481,3107940.0,3108093.0,1.0,1230.0,1.9013,1.8848,1.1692995000000002,1.159152,0.23372459999999998,-20.29499999999995,-22.857176099999947,209.58265850796943,1.0,232.43983460796935,10.061093891003052,1767000840.0,2025-12-29T07:00:00Z,2025-12-29T07:00:00Z,2025-12-29T09:33:00Z,2025-12-29T09:34:00Z,stop,within_minute_not_exact_tick,1.8852682429688787,2.029554056248969,8.0,-1.1591411948126538
482,3108180.0,3108248.0,1.0,909.0,1.8754000000000002,1.857,0.8523693000000001,0.8440065,0.0,-16.725600000000178,-18.421975800000176,191.16068270796927,1.0,209.58265850796943,8.13396782031552,1767010140.0,2025-12-29T11:00:00Z,2025-12-29T11:00:00Z,2025-12-29T12:08:00Z,2025-12-29T12:09:00Z,stop,within_minute_not_exact_tick,1.8574296122140965,2.01916310228723,8.0,-1.1277552961821617
483,3108420.0,3108750.0,1.0,193.0,1.8662,1.8470000000000002,0.1800883,0.17823550000000005,-0.016648404073,-3.7055999999999774,-4.047275395926977,187.1134073120423,1.0,191.16068270796927,1.8841562757454238,1767040260.0,2025-12-29T15:00:00Z,2025-12-29T15:00:00Z,2025-12-29T20:30:00Z,2025-12-29T20:31:00Z,stop,within_minute_not_exact_tick,1.8474452371926695,2.0162381024586447,8.0,-1.1181340470380858
484,3109500.0,3111395.0,1.0,706.0,1.8663,1.8501,0.6588039,0.6530853000000001,0.10650688081067622,-11.437199999999994,-12.85559608081067,174.25781123123164,1.0,187.1134073120423,7.041760496631183,1767198960.0,2025-12-30T09:00:00Z,2025-12-30T09:00:00Z,2025-12-31T16:35:00Z,2025-12-31T16:36:00Z,stop,within_minute_not_exact_tick,1.8505306652853388,1.9924546777172896,8.0,-1.154713241492567
485,3115140.0,3118020.0,1.0,517.0,2.0112,2.1221,0.5198952,0.54856285,0.28195599966965423,57.3353,55.98488595033034,230.24269718156197,4.0,174.25781123123164,5.966965800002209,1767596400.0,2026-01-03T07:00:00Z,2026-01-03T07:00:00Z,2026-01-05T07:00:00Z,2026-01-05T07:00:00Z,timeout,simulated_bar_open_or_final_close,1.980554732854942,2.2563621371604654,8.0,3.5335955809747235
486,3118080.0,3119100.0,1.0,586.0,2.1334,2.3782,0.6250861999999999,0.6968126,0.16560502299259,143.45280000000008,141.9652961770075,372.20799335856947,2.0,230.24269718156197,5.429802618296094,1767661260.0,2026-01-05T08:00:00Z,2026-01-05T08:00:00Z,2026-01-06T01:00:00Z,2026-01-06T01:01:00Z,target,within_minute_not_exact_tick,2.102729115403747,2.3787670767700226,8.0,7.898748300245731
487,3119400.0,3119498.0,1.0,734.0,2.3896,2.3419000000000003,0.8769832000000001,0.8594773000000001,0.0,-35.011799999999894,-36.748260499999894,335.45973285856957,1.0,372.20799335856947,4.712328674549187,1767685140.0,2026-01-06T06:00:00Z,2026-01-06T06:00:00Z,2026-01-06T07:38:00Z,2026-01-06T07:39:00Z,stop,within_minute_not_exact_tick,2.3424587502437677,2.7667299980498585,8.0,-1.0620369688731244
488,3119520.0,3120043.0,1.0,640.0,2.3302,2.2808,0.745664,0.7298560000000001,0.22906393663999997,-31.61599999999993,-33.32058393663993,302.1391489219297,1.0,335.45973285856957,4.445624478657612,1767717840.0,2026-01-06T08:00:00Z,2026-01-06T08:00:00Z,2026-01-06T16:43:00Z,2026-01-06T16:44:00Z,stop,within_minute_not_exact_tick,2.281316083913223,2.7212713286942174,8.0,-1.0650417676967323
489,3120060.0,3120113.0,1.0,265.0,2.2816,2.2295000000000003,0.302312,0.29540875000000005,0.0,-13.80649999999995,-14.40422074999995,287.73492817192977,1.0,302.1391489219297,2.001144181935291,1767722040.0,2026-01-06T17:00:00Z,2026-01-06T17:00:00Z,2026-01-06T17:53:00Z,2026-01-06T17:54:00Z,stop,within_minute_not_exact_tick,2.2299722894838347,2.694621684129321,8.0,-1.0528367316032845
490,3120540.0,3121322.0,1.0,491.0,2.2823,2.2266,0.5603046500000001,0.5466303,0.111924788466,-27.34870000000015,-28.567559738466148,259.16736843346365,1.0,287.73492817192977,3.8945890480505176,1767794580.0,2026-01-07T01:00:00Z,2026-01-07T01:00:00Z,2026-01-07T14:02:00Z,2026-01-07T14:03:00Z,stop,within_minute_not_exact_tick,2.227099663265626,2.7239026938749955,8.0,-1.0540226050789452
491,3122340.0,3125220.0,1.0,560.0,2.1076,2.0913,0.5901280000000001,0.585564,0.08790472934924798,-9.128000000000114,-10.391596729349361,248.7757717041143,4.0,259.16736843346365,4.554030112409806,1768028400.0,2026-01-08T07:00:00Z,2026-01-08T07:00:00Z,2026-01-10T07:00:00Z,2026-01-10T07:00:00Z,timeout,simulated_bar_open_or_final_close,2.064547458803633,2.452020329570938,8.0,-0.4310180587562339
492,3130020.0,3132900.0,1.0,874.0,2.0772,2.095,0.9077364,0.9155150000000001,0.7145429462716657,15.557200000000227,13.019405653728564,261.7951773578429,4.0,248.7757717041143,7.29762704609058,1768489200.0,2026-01-13T15:00:00Z,2026-01-13T15:00:00Z,2026-01-15T15:00:00Z,2026-01-15T15:00:00Z,timeout,simulated_bar_open_or_final_close,2.0518709618094966,2.2798323055240277,8.0,0.5881133357503838
493,3138840.0,3139092.0,1.0,856.0,2.0178000000000003,1.9898,0.8636184000000001,0.8516344,0.0,-23.96800000000021,-25.68325280000021,236.11192455784266,1.0,261.7951773578429,6.597664698914881,1768860780.0,2026-01-19T18:00:00Z,2026-01-19T18:00:00Z,2026-01-19T22:12:00Z,2026-01-19T22:13:00Z,stop,within_minute_not_exact_tick,1.9902478922924465,2.238216861660431,8.0,-1.0889838381320738
494,3140040.0,3140477.0,1.0,875.0,1.9165,1.8920000000000001,0.83846875,0.82775,0.07988878727339999,-21.43749999999997,-23.18360753727337,212.92831702056927,1.0,236.11192455784266,7.102299060669357,1768943880.0,2026-01-20T14:00:00Z,2026-01-20T14:00:00Z,2026-01-20T21:17:00Z,2026-01-20T21:18:00Z,stop,within_minute_not_exact_tick,1.8924218246930782,2.1091254024553763,8.0,-1.1003969833026592
495,3140520.0,3143400.0,1.0,655.0,1.8885,1.9239000000000002,0.61848375,0.63007725,0.12678989068169902,23.187000000000065,21.811649109318367,234.73996612988768,4.0,212.92831702056927,5.809314220430844,1769119200.0,2026-01-20T22:00:00Z,2026-01-20T22:00:00Z,2026-01-22T22:00:00Z,2026-01-22T22:00:00Z,timeout,simulated_bar_open_or_final_close,1.861993791470877,2.100549668232984,8.0,1.2563180287073707
496,3148440.0,3151320.0,1.0,886.0,1.8791,1.9308,0.8324412999999999,0.8553444000000001,0.5165758179164396,45.80620000000007,43.60183848208363,278.3418046119713,4.0,234.73996612988768,7.092454802003241,1769594400.0,2026-01-26T10:00:00Z,2026-01-26T10:00:00Z,2026-01-28T10:00:00Z,2026-01-28T10:00:00Z,timeout,simulated_bar_open_or_final_close,1.855445707061598,2.0683343435072157,8.0,2.0804683295448396
497,3155820.0,3155894.0,1.0,824.0,1.6897,1.6581000000000001,0.6961564,0.6831372,0.0,-26.038399999999875,-27.417693599999875,250.92411101197143,1.0,278.3418046119713,5.002169192446622,1769868900.0,2026-01-31T13:00:00Z,2026-01-31T13:00:00Z,2026-01-31T14:14:00Z,2026-01-31T14:15:00Z,stop,within_minute_not_exact_tick,1.658509365573361,1.9392250754131117,8.0,-1.0667913818252324
498,3155940.0,3156057.0,1.0,597.0,1.6401000000000001,1.6044,0.48956985000000003,0.47891340000000004,-0.0050244296100000006,-21.312900000000038,-22.276358820390037,228.6477521915814,1.0,250.92411101197143,3.902134777129034,1769878680.0,2026-01-31T15:00:00Z,2026-01-31T15:00:00Z,2026-01-31T16:57:00Z,2026-01-31T16:58:00Z,stop,within_minute_not_exact_tick,1.6048020396232567,1.9224836830139473,8.0,-1.057110197635806
499,3156120.0,3156163.0,1.0,101.0,1.5675000000000001,1.5225,0.07915875000000001,0.07688625,0.0,-4.545000000000015,-4.701045000000016,223.94670719158137,1.0,228.6477521915814,0.6924078565502256,1769885040.0,2026-01-31T18:00:00Z,2026-01-31T18:00:00Z,2026-01-31T18:43:00Z,2026-01-31T18:44:00Z,stop,within_minute_not_exact_tick,1.5228156341945556,1.9249749264435567,8.0,-1.0416394898085113
500,3156240.0,3158131.0,1.0,18.0,1.5821,1.5302,0.0142389,0.0137718,-0.0051832528353828,-0.934200000000001,-0.9570274471646183,222.98967974441672,1.0,223.94670719158137,0.12716328968229876,1770003120.0,2026-01-31T20:00:00Z,2026-01-31T20:00:00Z,2026-02-02T03:31:00Z,2026-02-02T03:32:00Z,stop,within_minute_not_exact_tick,1.530551597455796,1.9944872203536337,8.0,-1.0314226801412951
501,3158700.0,3159527.0,1.0,452.0,1.6449,1.5977000000000001,0.37174740000000006,0.3610802000000001,-0.0210802840472896,-21.33439999999996,-22.04614731595267,200.94353242846404,1.0,222.98967974441672,3.3342117036634558,1770086880.0,2026-02-02T13:00:00Z,2026-02-02T13:00:00Z,2026-02-03T02:47:00Z,2026-02-03T02:48:00Z,stop,within_minute_not_exact_tick,1.5981157335623912,2.01917413150087,8.0,-1.0425441268483004
502,3159780.0,3160275.0,1.0,565.0,1.6119,1.5785,0.45536175000000007,0.44592624999999997,-0.0498308756,-18.871000000000056,-19.722457124400055,181.221075304064,1.0,200.94353242846404,4.532235942076006,1770131760.0,2026-02-03T07:00:00Z,2026-02-03T07:00:00Z,2026-02-03T15:15:00Z,2026-02-03T15:16:00Z,stop,within_minute_not_exact_tick,1.5788403730980984,1.8763770152152142,8.0,-1.0558801484233349
503,3160320.0,3160350.0,1.0,287.0,1.6179000000000001,1.5851000000000002,0.23216865000000003,0.22746185000000002,0.0,-9.413599999999983,-9.873230499999982,171.347844804064,1.0,181.221075304064,2.5622698641474564,1770136260.0,2026-02-03T16:00:00Z,2026-02-03T16:00:00Z,2026-02-03T16:30:00Z,2026-02-03T16:31:00Z,stop,within_minute_not_exact_tick,1.5854692273700648,1.877346181039483,8.0,-1.060767203808321
504,3160380.0,3160455.0,1.0,58.0,1.5858,1.5517,0.04598820000000001,0.044999300000000006,0.0,-1.9778000000000011,-2.0687875000000013,169.279057304064,1.0,171.347844804064,0.5367817733871989,1770142560.0,2026-02-03T17:00:00Z,2026-02-03T17:00:00Z,2026-02-03T18:15:00Z,2026-02-03T18:16:00Z,stop,within_minute_not_exact_tick,1.5520155572352223,1.8560755421182225,8.0,-1.0557744062360777
505,3160500.0,3162126.0,1.0,12.0,1.5310000000000001,1.4949000000000001,0.009186,0.0089694,0.0015766403595600003,-0.43320000000000025,-0.4529320403595603,168.82612526370443,1.0,169.279057304064,0.10853085013936294,1770242820.0,2026-02-03T19:00:00Z,2026-02-03T19:00:00Z,2026-02-04T22:06:00Z,2026-02-04T22:07:00Z,stop,within_minute_not_exact_tick,1.4952906518646358,1.8166747850829141,8.0,-1.0569875583713175
506,3162180.0,3162321.0,1.0,385.0,1.5103,1.4685000000000001,0.29073275000000004,0.28268625000000003,-0.0490467516,-16.092999999999936,-16.61737224839994,152.2087530153045,1.0,168.82612526370443,3.4441677737480365,1770254520.0,2026-02-04T23:00:00Z,2026-02-04T23:00:00Z,2026-02-05T01:21:00Z,2026-02-05T01:22:00Z,stop,within_minute_not_exact_tick,1.468843684171987,1.8419505266241045,8.0,-1.0411442738680166
507,3162360.0,3162562.0,1.0,307.0,1.4744000000000002,1.4319000000000002,0.22632040000000003,0.21979665000000004,0.0,-13.047499999999994,-13.493617049999994,138.7151359653045,1.0,152.2087530153045,2.9738158353776627,1770268980.0,2026-02-05T02:00:00Z,2026-02-05T02:00:00Z,2026-02-05T05:22:00Z,2026-02-05T05:23:00Z,stop,within_minute_not_exact_tick,1.43221107289743,1.8119114168205617,8.0,-1.0418172022516854
508,3162600.0,3162847.0,1.0,65.0,1.4414,1.3989,0.046845500000000005,0.04546425,0.0073988953809875,-2.762499999999999,-2.8622086453809863,135.85292731992354,1.0,138.7151359653045,0.675420164843684,1770286080.0,2026-02-05T06:00:00Z,2026-02-05T06:00:00Z,2026-02-05T10:07:00Z,2026-02-05T10:08:00Z,stop,within_minute_not_exact_tick,1.399198896610638,1.7790088271148972,8.0,-1.0434319395261917
509,3162900.0,3163152.0,1.0,12.0,1.3668,1.3223,0.008200800000000001,0.0079338,0.0,-0.5339999999999998,-0.5501345999999998,135.30279271992353,1.0,135.85292731992354,0.12073056005172016,1770304380.0,2026-02-05T11:00:00Z,2026-02-05T11:00:00Z,2026-02-05T15:12:00Z,2026-02-05T15:13:00Z,stop,within_minute_not_exact_tick,1.3226272291383194,1.7201821668934443,8.0,-1.037846372453164
510,3168420.0,3168512.0,1.0,392.0,1.4349,1.4023,0.2812404,0.2748508,-0.05281014278400001,-12.779199999999985,-13.282481057215984,122.02031166270756,1.0,135.30279271992353,4.157200222498984,1770625980.0,2026-02-09T07:00:00Z,2026-02-09T07:00:00Z,2026-02-09T08:32:00Z,2026-02-09T08:33:00Z,stop,within_minute_not_exact_tick,1.4026402512168323,1.6929779902653421,8.0,-1.0503454467593256
511,3168660.0,3171540.0,1.0,309.0,1.3825,1.3604,0.21359625000000002,0.2101818,-0.2640505628712267,-6.828900000000003,-6.988627487128776,115.03168417557876,4.0,122.02031166270756,3.5009949915622176,1770807600.0,2026-02-09T11:00:00Z,2026-02-09T11:00:00Z,2026-02-11T11:00:00Z,2026-02-11T11:00:00Z,timeout,simulated_bar_open_or_final_close,1.3490161781104322,1.6503705751165423,8.0,-0.6754580617668448
512,3171840.0,3174720.0,1.0,357.0,1.3535000000000001,1.4034,0.24159975000000003,0.25050690000000003,-0.07646767485026461,17.81429999999994,17.398661024850202,132.43034520042895,4.0,115.03168417557876,4.200577462314365,1770998400.0,2026-02-11T16:00:00Z,2026-02-11T16:00:00Z,2026-02-13T16:00:00Z,2026-02-13T16:00:00Z,timeout,simulated_bar_open_or_final_close,1.325606227614473,1.576650179084216,8.0,1.7471908960200295
513,3174840.0,3177098.0,1.0,476.0,1.4143000000000001,1.6189,0.33660340000000005,0.38529820000000004,-0.217563699197866,97.38959999999994,96.88526209919782,229.31560729962675,2.0,132.43034520042895,5.0834784050522845,1771141140.0,2026-02-13T18:00:00Z,2026-02-13T18:00:00Z,2026-02-15T07:38:00Z,2026-02-15T07:39:00Z,target,within_minute_not_exact_tick,1.3886758523650171,1.619293181079864,8.0,7.943306817241125
514,3177360.0,3177418.0,1.0,542.0,1.5622,1.522,0.4233562,0.412462,0.0,-21.788400000000006,-22.62421820000001,206.69138909962675,1.0,229.31560729962675,3.6923452789398437,1771160340.0,2026-02-15T12:00:00Z,2026-02-15T12:00:00Z,2026-02-15T12:58:00Z,2026-02-15T12:59:00Z,stop,within_minute_not_exact_tick,1.5223430562360039,1.8810555501119692,8.0,-1.0472980629715714
515,3177600.0,3177705.0,1.0,478.0,1.5227000000000002,1.4815,0.36392530000000006,0.3540785,0.023609922832,-19.69360000000006,-20.435213722832064,186.25617537679466,1.0,206.69138909962675,3.521436491237527,1771177560.0,2026-02-15T16:00:00Z,2026-02-15T16:00:00Z,2026-02-15T17:45:00Z,2026-02-15T17:46:00Z,stop,within_minute_not_exact_tick,1.4818317847314457,1.8496457221484353,8.0,-1.0460817254453196
516,3178860.0,3179012.0,1.0,495.0,1.5038,1.4681,0.3721905,0.36335474999999995,0.0,-17.671500000000034,-18.40704525000003,167.84913012679465,1.0,186.25617537679466,3.9965439991137126,1771255980.0,2026-02-16T13:00:00Z,2026-02-16T13:00:00Z,2026-02-16T15:32:00Z,2026-02-16T15:33:00Z,stop,within_minute_not_exact_tick,1.4684784015537446,1.7863727875700426,8.0,-1.0527821966092925
517,3179040.0,3180403.0,1.0,374.0,1.4737,1.4354,0.27558190000000005,0.26841980000000004,-0.11087717546399999,-14.324200000000001,-14.757324524536003,153.09180560225866,1.0,167.84913012679465,3.283685769379003,1771339440.0,2026-02-16T16:00:00Z,2026-02-16T16:00:00Z,2026-02-17T14:43:00Z,2026-02-17T14:44:00Z,stop,within_minute_not_exact_tick,1.4357134648176837,1.777592281458531,8.0,-1.0387387734791005
518,3180420.0,3182370.0,1.0,440.0,1.4349,1.4091,0.315678,0.310002,-0.015223412364203995,-11.35200000000002,-11.962456587635817,141.12934901462285,1.0,153.09180560225866,4.124035231776541,1771457460.0,2026-02-17T15:00:00Z,2026-02-17T15:00:00Z,2026-02-18T23:30:00Z,2026-02-18T23:31:00Z,stop,within_minute_not_exact_tick,1.4094695635900125,1.6383434912799002,8.0,-1.0690890591581979
519,3188280.0,3190474.0,1.0,704.0,1.3318,1.3135000000000001,0.46879360000000003,0.46235200000000004,-0.30990497076154877,-12.883199999999988,-13.504440629238438,127.62490838538442,1.0,141.12934901462285,6.64346010625227,1771943700.0,2026-02-23T02:00:00Z,2026-02-23T02:00:00Z,2026-02-24T14:34:00Z,2026-02-24T14:35:00Z,stop,within_minute_not_exact_tick,1.3138271191850193,1.475583046519846,8.0,-1.067299353570176
520,3190500.0,3193380.0,1.0,132.0,1.3355000000000001,1.4345,0.08814300000000001,0.09467700000000001,0.0142595274987,13.067999999999998,12.870920472501297,140.4958288578857,4.0,127.62490838538442,1.3812820885063866,1772118000.0,2026-02-24T15:00:00Z,2026-02-24T15:00:00Z,2026-02-26T15:00:00Z,2026-02-26T15:00:00Z,timeout,simulated_bar_open_or_final_close,1.3128375444567306,1.5167996443461556,8.0,4.30257758654418
521,3197220.0,3197600.0,1.0,418.0,1.3943,1.3626,0.2914087,0.2847834,0.0319559469090048,-13.250600000000025,-13.85874804690903,126.63708081097667,1.0,140.4958288578857,4.148289701821193,1772371260.0,2026-03-01T07:00:00Z,2026-03-01T07:00:00Z,2026-03-01T13:20:00Z,2026-03-01T13:21:00Z,stop,within_minute_not_exact_tick,1.362892742138051,1.645558062895592,8.0,-1.0556445194765636
522,3199200.0,3199868.0,1.0,402.0,1.4000000000000001,1.3704,0.28140000000000004,0.2754504,0.013640875361308799,-11.899200000000029,-12.469691275361338,114.16738953561533,1.0,126.63708081097667,4.44419593689195,1772507340.0,2026-03-02T16:00:00Z,2026-03-02T16:00:00Z,2026-03-03T03:08:00Z,2026-03-03T03:09:00Z,stop,within_minute_not_exact_tick,1.3707048609681274,1.6343611122549824,8.0,-1.058849131660581
523,3200220.0,3203100.0,1.0,430.0,1.3486,1.4176,0.289949,0.304784,-0.013411047270277001,29.66999999999998,29.088678047270257,143.2560675828856,4.0,114.16738953561533,5.079366379127874,1772701200.0,2026-03-03T09:00:00Z,2026-03-03T09:00:00Z,2026-03-05T09:00:00Z,2026-03-05T09:00:00Z,timeout,simulated_bar_open_or_final_close,1.3241723691015836,1.5440210471873304,8.0,2.769326618833497
524,3209220.0,3212100.0,1.0,667.0,1.3642,1.3912,0.45496070000000005,0.46396519999999997,-0.13935001827144117,18.008999999999943,17.229424118271382,160.48549170115695,4.0,143.2560675828856,6.351712812956662,1773241200.0,2026-03-09T15:00:00Z,2026-03-09T15:00:00Z,2026-03-11T15:00:00Z,2026-03-11T15:00:00Z,timeout,simulated_bar_open_or_final_close,1.3448405117465236,1.5190759060278118,8.0,1.3342925303040933
525,3214680.0,3215022.0,1.0,718.0,1.4284000000000001,1.4079000000000002,0.5127956,0.5054361,0.0,-14.718999999999973,-15.737231699999974,144.74826000115698,1.0,160.48549170115695,6.390553994187666,1773416580.0,2026-03-13T10:00:00Z,2026-03-13T10:00:00Z,2026-03-13T15:42:00Z,2026-03-13T15:43:00Z,stop,within_minute_not_exact_tick,1.4082485176949877,1.5896118584400991,8.0,-1.087669366860827
526,3217380.0,3219299.0,1.0,1009.0,1.4099000000000002,1.5068000000000001,0.7112945500000001,0.7601806000000001,0.4577873351911856,97.77209999999998,95.84283751480879,240.5910975159658,2.0,144.74826000115698,9.828022112242518,1773673200.0,2026-03-15T07:00:00Z,2026-03-15T07:00:00Z,2026-03-16T14:59:00Z,2026-03-16T15:00:00Z,target,within_minute_not_exact_tick,1.3977410145178604,1.5071718838571193,8.0,7.81216049154164
527,3219360.0,3222031.0,1.0,934.0,1.4928000000000001,1.469,0.6971376,0.686023,0.0856997745075896,-22.22920000000004,-23.69806037450763,216.8930371414582,1.0,240.5910975159658,5.7952069482017095,1773837120.0,2026-03-16T16:00:00Z,2026-03-16T16:00:00Z,2026-03-18T12:31:00Z,2026-03-18T12:32:00Z,stop,within_minute_not_exact_tick,1.4693495723716643,1.6804034210266876,8.0,-1.0819698493073886
528,3229260.0,3230758.0,1.0,819.0,1.4246,1.4000000000000001,0.5833737,0.5733,0.04026922957593897,-20.147399999999962,-21.344342929575898,195.5486942118823,1.0,216.8930371414582,5.379367707590559,1774360740.0,2026-03-23T13:00:00Z,2026-03-23T13:00:00Z,2026-03-24T13:58:00Z,2026-03-24T13:59:00Z,stop,within_minute_not_exact_tick,1.400344001074127,1.6186479914069842,8.0,-1.0744339517051225
529,3230940.0,3233373.0,1.0,645.0,1.3903,1.37,0.44837175,0.4418250000000001,-0.22705658256358047,-13.09349999999999,-13.756640167436409,181.79205404444585,1.0,195.5486942118823,4.585781069079164,1774517640.0,2026-03-24T17:00:00Z,2026-03-24T17:00:00Z,2026-03-26T09:33:00Z,2026-03-26T09:34:00Z,stop,within_minute_not_exact_tick,1.3702819385903409,1.550444491277273,8.0,-1.0654440434630614
530,3235800.0,3238482.0,1.0,1091.0,1.3233000000000001,1.3084,0.7218601500000001,0.7137322,-0.285037421321,-16.255900000000146,-17.406454928679146,164.3855991157667,1.0,181.79205404444585,7.941602880217355,1774824180.0,2026-03-28T02:00:00Z,2026-03-28T02:00:00Z,2026-03-29T22:42:00Z,2026-03-29T22:43:00Z,stop,within_minute_not_exact_tick,1.3086963712877058,1.4401290296983549,8.0,-1.09250842946784
531,3239640.0,3239732.0,1.0,926.0,1.3338,1.3178,0.6175494,0.6101414000000001,0.0,-14.816000000000013,-16.043690800000014,148.3419083157667,1.0,164.3855991157667,7.51342457395064,1774899180.0,2026-03-30T18:00:00Z,2026-03-30T18:00:00Z,2026-03-30T19:32:00Z,2026-03-30T19:33:00Z,stop,within_minute_not_exact_tick,1.3181320390437619,1.4591436876499064,8.0,-1.1058107719563632
532,3240540.0,3243420.0,1.0,808.0,1.3133000000000001,1.3108,0.5305732000000001,0.5295631999999999,0.15208184852811601,-2.0200000000001364,-3.2322182485282527,145.10969006723843,4.0,148.3419083157667,7.1533824260990375,1775120400.0,2026-03-31T09:00:00Z,2026-03-31T09:00:00Z,2026-04-02T09:00:00Z,2026-04-02T09:00:00Z,timeout,simulated_bar_open_or_final_close,1.296990612497682,1.4437751000185455,8.0,-0.24527408579850615
533,3251940.0,3252391.0,1.0,708.0,1.3799000000000001,1.3612,0.48848460000000005,0.48186480000000004,0.09766152,-13.239600000000113,-14.307610920000114,130.80207914723832,1.0,145.10969006723843,6.732625502454791,1775658720.0,2026-04-08T07:00:00Z,2026-04-08T07:00:00Z,2026-04-08T14:31:00Z,2026-04-08T14:32:00Z,stop,within_minute_not_exact_tick,1.3615582832518294,1.5266337339853666,8.0,-1.1017774550474129
534,3259140.0,3259200.0,1.0,993.0,1.3343,1.3229,0.66247995,0.65681985,0.03709784448,-11.320200000000076,-12.676597644480076,118.12548150275823,1.0,130.80207914723832,10.129501829313808,1776067260.0,2026-04-13T07:00:00Z,2026-04-13T07:00:00Z,2026-04-13T08:00:00Z,2026-04-13T08:01:00Z,stop,within_minute_not_exact_tick,1.323205052017477,1.423059583860184,8.0,-1.1506101137300755
535,3263460.0,3263900.0,1.0,679.0,1.4094,1.3939000000000001,0.47849129999999995,0.47322905000000004,0.0004293742811084999,-10.524499999999897,-11.476649724281005,106.64883177847722,1.0,118.12548150275823,8.101406976932868,1776349260.0,2026-04-16T07:00:00Z,2026-04-16T07:00:00Z,2026-04-16T14:20:00Z,2026-04-16T14:21:00Z,stop,within_minute_not_exact_tick,1.3941920614027952,1.5310635087776392,8.0,-1.1114117968504857
536,3264480.0,3264586.0,1.0,434.0,1.4524000000000001,1.4297,0.31517080000000003,0.3102449,0.019595014380046,-9.851800000000072,-10.49681071438012,96.1520210640971,1.0,106.64883177847722,5.91044073796605,1776390420.0,2026-04-17T00:00:00Z,2026-04-17T00:00:00Z,2026-04-17T01:46:00Z,2026-04-17T01:47:00Z,stop,within_minute_not_exact_tick,1.4300816799398783,1.6309465604809739,8.0,-1.083692667618607
537,3266040.0,3266426.0,1.0,395.0,1.4776,1.4552,0.29182600000000003,0.287402,0.018635617467526,-8.84799999999999,-9.445863617467516,86.70615744662959,1.0,96.1520210640971,6.070096016088153,1776500820.0,2026-04-18T02:00:00Z,2026-04-18T02:00:00Z,2026-04-18T08:26:00Z,2026-04-18T08:27:00Z,stop,within_minute_not_exact_tick,1.4555522595939103,1.653981923248717,8.0,-1.084627192535059
538,3269460.0,3272340.0,1.0,442.0,1.4141000000000001,1.4497,0.3125161000000001,0.3203837,0.1078009499491704,15.735199999999935,14.994499250050763,101.70065669668034,4.0,86.70615744662959,7.208625297283269,1776855600.0,2026-04-20T11:00:00Z,2026-04-20T11:00:00Z,2026-04-22T11:00:00Z,2026-04-22T11:00:00Z,timeout,simulated_bar_open_or_final_close,1.3966905515888122,1.5533755872895045,8.0,1.9486089189521647
539,3285720.0,3285893.0,1.0,747.0,1.3946,1.3828,0.5208831,0.5164758,0.0,-8.814600000000024,-9.851958900000024,91.84869779668031,1.0,101.70065669668034,10.243455979906223,1777668840.0,2026-05-01T18:00:00Z,2026-05-01T18:00:00Z,2026-05-01T20:53:00Z,2026-05-01T20:54:00Z,stop,within_minute_not_exact_tick,1.3831500714376368,1.4861994284989064,8.0,-1.1518587149401258
540,3289440.0,3289565.0,1.0,676.0,1.4101000000000001,1.3984,0.47661380000000003,0.47265920000000006,0.0919966549417552,-7.9092000000000295,-8.950469654941786,82.89822814173854,1.0,91.84869779668031,10.378237502181033,1777889160.0,2026-05-04T08:00:00Z,2026-05-04T08:00:00Z,2026-05-04T10:05:00Z,2026-05-04T10:06:00Z,stop,within_minute_not_exact_tick,1.398689782030861,1.501381743753113,8.0,-1.1603932336837048
541,3289740.0,3292620.0,1.0,499.0,1.3928,1.4443000000000001,0.3475036,0.36035285000000006,0.13309639355541003,25.69850000000005,24.85754715644464,107.75577529818321,4.0,82.89822814173854,8.383860735982003,1778072400.0,2026-05-04T13:00:00Z,2026-05-04T13:00:00Z,2026-05-06T13:00:00Z,2026-05-06T13:00:00Z,timeout,simulated_bar_open_or_final_close,1.3798663768716535,1.4962689850267734,8.0,3.8515675975768167
542,3296520.0,3297052.0,1.0,766.0,1.4262000000000001,1.4140000000000001,0.5462346,0.541562,0.097853766912,-9.345199999999991,-10.530850366911992,97.22492493127122,1.0,107.75577529818321,10.138381882334425,1778338380.0,2026-05-09T06:00:00Z,2026-05-09T06:00:00Z,2026-05-09T14:52:00Z,2026-05-09T14:53:00Z,stop,within_minute_not_exact_tick,1.4143415625533946,1.5210674995728453,8.0,-1.1593303497110552
543,3300060.0,3300906.0,1.0,430.0,1.4737,1.453,0.3168455,0.31239500000000003,0.0153040784,-8.900999999999975,-9.545544578399975,87.67938035287123,1.0,97.22492493127122,6.517783381658143,1778569620.0,2026-05-11T17:00:00Z,2026-05-11T17:00:00Z,2026-05-12T07:06:00Z,2026-05-12T07:07:00Z,stop,within_minute_not_exact_tick,1.4533826860063492,1.6362385119492056,8.0,-1.0926119902924802
544,3330240.0,3331077.0,1.0,533.0,1.2816,1.2669000000000001,0.3415464,0.3376288500000001,0.0306380352162027,-7.835099999999965,-8.544913285216168,79.13446706765507,1.0,87.67938035287123,7.790803233905733,1780379880.0,2026-06-01T16:00:00Z,2026-06-01T16:00:00Z,2026-06-02T05:57:00Z,2026-06-02T05:58:00Z,stop,within_minute_not_exact_tick,1.2671668847556112,1.397064921955111,8.0,-1.110760357065981
545,3331920.0,3332092.0,1.0,99.0,1.2212,1.2001000000000002,0.06044940000000001,0.059404950000000005,0.0,-2.08889999999999,-2.2087543499999898,76.92571271765507,1.0,79.13446706765507,1.5277641270603242,1780440780.0,2026-06-02T20:00:00Z,2026-06-02T20:00:00Z,2026-06-02T22:52:00Z,2026-06-02T22:53:00Z,stop,within_minute_not_exact_tick,1.2003874931352096,1.3877000549183234,8.0,-1.071982829600598
546,3332100.0,3333679.0,1.0,20.0,1.2005000000000001,1.1777,0.012005000000000002,0.011777,-0.004429696067276001,-0.45600000000000307,-0.47535230393272704,76.45036041372236,1.0,76.92571271765507,0.3121193051291615,1780536000.0,2026-06-02T23:00:00Z,2026-06-02T23:00:00Z,2026-06-04T01:19:00Z,2026-06-04T01:20:00Z,stop,within_minute_not_exact_tick,1.1780011615951758,1.3804907072385957,8.0,-1.0563929910061418
547,3333720.0,3335218.0,1.0,280.0,1.161,1.1353,0.16254,0.158942,-0.077194523493024,-7.196000000000016,-7.440287476506992,69.01007293721534,1.0,76.45036041372236,4.252170928178517,1780628340.0,2026-06-04T02:00:00Z,2026-06-04T02:00:00Z,2026-06-05T02:58:00Z,2026-06-05T02:59:00Z,stop,within_minute_not_exact_tick,1.135604616986335,1.3641630641093208,8.0,-1.0463498526067037
548,3335280.0,3335418.0,1.0,182.0,1.1341,1.1077000000000001,0.1032031,0.10080070000000001,0.0,-4.804799999999997,-5.008803799999996,64.00126913721535,1.0,69.01007293721534,2.9909575691622043,1780640340.0,2026-06-05T04:00:00Z,2026-06-05T04:00:00Z,2026-06-05T06:18:00Z,2026-06-05T06:19:00Z,stop,within_minute_not_exact_tick,1.1079589949266573,1.3432280405867434,8.0,-1.0527866056712643
549,3336780.0,3339660.0,1.0,186.0,1.0577,1.1394,0.09836610000000001,0.1059642,-0.10438256477492039,15.196199999999978,15.096252264774899,79.09752140199024,4.0,64.00126913721535,3.073879669139319,1780894800.0,2026-06-06T05:00:00Z,2026-06-06T05:00:00Z,2026-06-08T05:00:00Z,2026-06-08T05:00:00Z,timeout,simulated_bar_open_or_final_close,1.0250658207356582,1.318773434114735,8.0,2.487044209918116
550,3360240.0,3360526.0,1.0,557.0,1.1476,1.1349,0.3196066,0.31606965000000004,-0.0263139306760473,-7.073899999999963,-7.683262319323916,71.41425908266632,1.0,79.09752140199024,8.081330346009,1782146820.0,2026-06-22T12:00:00Z,2026-06-22T12:00:00Z,2026-06-22T16:46:00Z,2026-06-22T16:47:00Z,stop,within_minute_not_exact_tick,1.1352245428009993,1.2466036575920045,8.0,-1.114626113024334
551,3360540.0,3360868.0,1.0,401.0,1.1382,1.1235,0.2282091,0.22526174999999998,0.0,-5.894700000000063,-6.348170850000063,65.06608823266626,1.0,71.41425908266632,6.391135409969994,1782167340.0,2026-06-22T17:00:00Z,2026-06-22T17:00:00Z,2026-06-22T22:28:00Z,2026-06-22T22:29:00Z,stop,within_minute_not_exact_tick,1.1238018432129862,1.2533852542961117,8.0,-1.0995053210059762
552,3363480.0,3364671.0,1.0,388.0,1.0506,1.0353,0.20381639999999998,0.20084820000000003,-0.07754865442740001,-5.936399999999949,-6.263515945572549,58.8025722870937,1.0,65.06608823266626,6.264904054818359,1782395520.0,2026-06-24T18:00:00Z,2026-06-24T18:00:00Z,2026-06-25T13:51:00Z,2026-06-25T13:52:00Z,stop,within_minute_not_exact_tick,1.0355110567428571,1.1713115460571424,8.0,-1.0698616900363815
553,3365460.0,3368340.0,1.0,278.0,1.0141,1.0454,0.1409599,0.1453106,-0.1918012720358272,8.70140000000003,8.606930772035856,67.40950305912956,4.0,58.8025722870937,4.7943446865483,1782615600.0,2026-06-26T03:00:00Z,2026-06-26T03:00:00Z,2026-06-28T03:00:00Z,2026-06-28T03:00:00Z,timeout,simulated_bar_open_or_final_close,0.9946084448873742,1.1700324409010063,8.0,1.588389559187497
554,3375780.0,3378660.0,1.0,460.0,1.1009,1.1376,0.253207,0.261648,0.04256647187987,16.88199999999998,16.32457852812011,83.73408158724968,4.0,67.40950305912956,7.512501606127983,1783234800.0,2026-07-03T07:00:00Z,2026-07-03T07:00:00Z,2026-07-05T07:00:00Z,2026-07-05T07:00:00Z,timeout,simulated_bar_open_or_final_close,1.0880126967016597,1.2039984263867216,8.0,2.7537346929777073
555,3380220.0,3380402.0,1.0,548.0,1.1422,1.1285,0.31296280000000004,0.309209,0.0,-7.507600000000025,-8.129771800000025,75.60430978724966,1.0,83.73408158724968,7.475159315478905,1783339380.0,2026-07-06T09:00:00Z,2026-07-06T09:00:00Z,2026-07-06T12:02:00Z,2026-07-06T12:03:00Z,stop,within_minute_not_exact_tick,1.128731013166739,1.2499518946660897,8.0,-1.101445133450177
556,3380460.0,3382656.0,1.0,421.0,1.115,1.1001,0.2347075,0.23157105000000003,-0.009798689817133397,-6.2728999999999635,-6.7293798601828305,68.87492992706684,1.0,75.60430978724966,6.208839169631105,1783474620.0,2026-07-06T13:00:00Z,2026-07-06T13:00:00Z,2026-07-08T01:36:00Z,2026-07-08T01:37:00Z,stop,within_minute_not_exact_tick,1.1004115712848168,1.231707429721465,8.0,-1.0956817567130201
557,3400620.0,3400677.0,1.0,568.0,1.0998,1.0891,0.31234320000000004,0.3093044,0.0,-6.077600000000087,-6.699247600000088,62.17568232706675,1.0,68.87492992706684,9.069866214912945,1784555880.0,2026-07-20T13:00:00Z,2026-07-20T13:00:00Z,2026-07-20T13:57:00Z,2026-07-20T13:58:00Z,stop,within_minute_not_exact_tick,1.089414958033314,1.182880335733489,8.0,-1.1357151986323442
558,3400740.0,3403620.0,1.0,444.0,1.0931,1.1414,0.2426682,0.25339079999999997,0.1441777592965332,21.445200000000003,20.804963240703472,82.98064556777022,4.0,62.17568232706675,7.80588779785244,1784732400.0,2026-07-20T15:00:00Z,2026-07-20T15:00:00Z,2026-07-22T15:00:00Z,2026-07-22T15:00:00Z,timeout,simulated_bar_open_or_final_close,1.0820919354636345,1.1811645162909243,8.0,4.256699727922428
559,3410880.0,3411280.0,1.0,750.0,1.086,1.0764,0.40725000000000006,0.40365000000000006,0.0,-7.20000000000004,-8.01090000000004,74.96974556777018,1.0,82.98064556777022,9.815541858309581,1785192060.0,2026-07-27T16:00:00Z,2026-07-27T16:00:00Z,2026-07-27T22:40:00Z,2026-07-27T22:41:00Z,stop,within_minute_not_exact_tick,1.0766594252879977,1.1607245976960179,8.0,-1.1435270665171362
560,3430680.0,3430993.0,1.0,742.0,1.0304,1.0217,0.38227839999999996,0.3790507,0.0,-6.455399999999948,-7.216729099999947,67.75301646777022,1.0,74.96974556777018,10.198204545177038,1786374840.0,2026-08-10T10:00:00Z,2026-08-10T10:00:00Z,2026-08-10T15:13:00Z,2026-08-10T15:14:00Z,stop,within_minute_not_exact_tick,1.0219415643282546,1.0980674853739627,8.0,-1.1498639201677616
561,3431100.0,3431404.0,1.0,600.0,1.0185,1.0095,0.30555000000000004,0.30285,0.0,-5.399999999999938,-6.008399999999939,61.744616467770285,1.0,67.75301646777022,9.019524618371749,1786399500.0,2026-08-10T17:00:00Z,2026-08-10T17:00:00Z,2026-08-10T22:04:00Z,2026-08-10T22:05:00Z,stop,within_minute_not_exact_tick,1.0097633323153306,1.0883933414773546,8.0,-1.1462036054744267
562,3445320.0,3446514.0,1.0,219.0,1.2206000000000001,1.4301000000000001,0.13365570000000002,0.15659595,0.08416046133600001,45.880500000000005,45.506087888664005,107.25070435643428,2.0,61.744616467770285,4.329306995364242,1787306100.0,2026-08-20T14:00:00Z,2026-08-20T14:00:00Z,2026-08-21T09:54:00Z,2026-08-21T09:55:00Z,target,within_minute_not_exact_tick,1.1943715172023979,1.4304278623808184,8.0,7.922317019229017
563,3446520.0,3446544.0,1.0,209.0,1.4199000000000002,1.3706,0.14837955000000003,0.1432277,0.0,-10.303700000000026,-10.595307250000026,96.65539710643425,1.0,107.25070435643428,2.766966443537362,1787307900.0,2026-08-21T10:00:00Z,2026-08-21T10:00:00Z,2026-08-21T10:24:00Z,2026-08-21T10:25:00Z,stop,within_minute_not_exact_tick,1.3709687808890316,1.8113497528877478,8.0,-1.036051235204893
564,3446580.0,3449460.0,1.0,180.0,1.3844,1.4754,0.12459600000000001,0.13278600000000002,0.15810064542000002,16.379999999999995,15.964517354579996,112.61991446101426,4.0,96.65539710643425,2.5781488407274007,1787482800.0,2026-08-21T11:00:00Z,2026-08-21T11:00:00Z,2026-08-23T11:00:00Z,2026-08-23T11:00:00Z,timeout,simulated_bar_open_or_final_close,1.3330205589636284,1.7954355282909735,8.0,1.7262111321572144
565,3449640.0,3449682.0,1.0,193.0,1.5202,1.4641000000000002,0.1466993,0.14128565,0.0,-10.827299999999966,-11.115284949999966,101.5046295110143,1.0,112.61991446101426,2.6052106450637207,1787496180.0,2026-08-23T14:00:00Z,2026-08-23T14:00:00Z,2026-08-23T14:42:00Z,2026-08-23T14:43:00Z,stop,within_minute_not_exact_tick,1.4644582074050299,1.9661343407597607,8.0,-1.0331951542799271
566,3449700.0,3450745.0,1.0,160.0,1.5157,1.4543000000000001,0.121256,0.11634400000000002,0.0718544,-9.823999999999984,-10.133454399999984,91.37117511101432,1.0,101.5046295110143,2.389171815790776,1787559960.0,2026-08-23T15:00:00Z,2026-08-23T15:00:00Z,2026-08-24T08:25:00Z,2026-08-24T08:26:00Z,stop,within_minute_not_exact_tick,1.4546392240661252,2.004186207470998,8.0,-1.0372303501119446
567,3450780.0,3452948.0,1.0,157.0,1.4597,1.4120000000000001,0.11458645,0.11084200000000001,0.072069831855,-7.488899999999977,-7.786398281854977,83.58477682915934,1.0,91.37117511101432,2.5081531426246744,1787692140.0,2026-08-24T09:00:00Z,2026-08-24T09:00:00Z,2026-08-25T21:08:00Z,2026-08-25T21:09:00Z,stop,within_minute_not_exact_tick,1.412356614481394,1.8384470841488483,8.0,-1.0475569706671897
568,3453000.0,3453870.0,1.0,161.0,1.4378,1.4005,0.1157429,0.11274025,0.031687780123846,-6.005299999999982,-6.265470930123828,77.31930589903551,1.0,83.58477682915934,2.769473207700711,1787747460.0,2026-08-25T22:00:00Z,2026-08-25T22:00:00Z,2026-08-26T12:30:00Z,2026-08-26T12:31:00Z,stop,within_minute_not_exact_tick,1.4008348907317734,1.7335208741458135,8.0,-1.0527756925511398
569,3454020.0,3456900.0,1.0,208.0,1.3713,1.4301000000000001,0.1426152,0.1487304,0.0801927094769008,12.230400000000039,11.858861690523138,89.17816758955867,4.0,77.31930589903551,3.688993281606243,1787929200.0,2026-08-26T15:00:00Z,2026-08-26T15:00:00Z,2026-08-28T15:00:00Z,2026-08-28T15:00:00Z,timeout,simulated_bar_open_or_final_close,1.3363589191242522,1.6508286470059814,8.0,1.6317113466025572
570,3460260.0,3460289.0,1.0,397.0,1.3858000000000001,1.3652,0.2750813000000001,0.27099219999999996,0.0,-8.17820000000007,-8.72427350000007,80.4538940895586,1.0,89.17816758955867,6.169252126059779,1788132600.0,2026-08-30T23:00:00Z,2026-08-30T23:00:00Z,2026-08-30T23:29:00Z,2026-08-30T23:30:00Z,stop,within_minute_not_exact_tick,1.3654869964914875,1.5483040280681004,8.0,-1.081843952362384
