trade_id,entry_index,exit_index,side,quantity,entry_price,exit_price,entry_fee,exit_fee,funding_paid,gross_pnl,net_pnl,balance_after,reason_code,equity_before,entry_leverage,exit_epoch_upper_bound,signal_available_utc,entry_utc_simulated,exit_bar_open_utc,exit_utc_upper_bound,initial_stop,initial_target,forecast_expires_utc,planned_price_RR,realized_net_R,exit_reason,intrabar_precision
1,876965.0,884160.0,-1.0,0.25,3424.73,3953.36,0.42809125000000003,0.49417000000000005,-7.790006888299179,-132.15750000000003,-125.28975436170084,9874.710245638302,4.0,10000.0,0.08561825,1630886400.0,2021-09-01 00:05:00+00:00,2021-09-01 00:05:00+00:00,2021-09-06 00:00:00+00:00,2021-09-06 00:00:00+00:00,4217.5587830216,3380.698186941869,2021-09-06 00:00:00+00:00,0.055537606606963025,-0.6321150646635261,timeout,minute interval; not exact exchange fill
2,885605.0,886091.0,-1.0,0.17200000000000001,3929.9500000000003,3872.02,0.3379757000000001,0.33299372000000005,-0.4438301316584,9.963960000000052,9.736820711658453,9884.44706634996,2.0,9874.710245638302,0.06845278323974828,1631002320.0,2021-09-07 00:05:00+00:00,2021-09-07 00:05:00+00:00,2021-09-07 08:11:00+00:00,2021-09-07 08:12:00+00:00,5067.515594721289,3871.237560135311,2021-09-12 00:00:00+00:00,0.05161235548713498,0.04976365583214566,target,minute interval; not exact exchange fill
3,887045.0,887047.0,-1.0,0.222,3410.05,3384.03,0.37851555000000003,0.37562733000000004,0.0,5.7764399999999965,5.022297119999996,9889.469363469958,2.0,9884.44706634996,0.07658810805686773,1631059680.0,2021-09-08 00:05:00+00:00,2021-09-08 00:05:00+00:00,2021-09-08 00:07:00+00:00,2021-09-08 00:08:00+00:00,4291.9671924571,3383.345427732944,2021-09-13 00:00:00+00:00,0.030280135703733214,0.02565202288093556,target,minute interval; not exact exchange fill
4,888485.0,888664.0,-1.0,0.20400000000000001,3513.92,3428.15,0.35841984000000005,0.3496713,0.0,17.497079999999997,16.788988859999996,9906.258352329958,2.0,9889.469363469958,0.0724851509877654,1631156700.0,2021-09-09 00:05:00+00:00,2021-09-09 00:05:00+00:00,2021-09-09 03:04:00+00:00,2021-09-09 03:05:00+00:00,4475.37093732307,3427.461559354096,2021-09-14 00:00:00+00:00,0.08992496370810842,0.08559871523880534,target,minute interval; not exact exchange fill
5,889925.0,890356.0,-1.0,0.241,3439.69,3393.6,0.414482645,0.4089288,0.0,11.107690000000035,10.284278555000036,9916.542630884958,2.0,9906.258352329958,0.08368096818361564,1631258220.0,2021-09-10 00:05:00+00:00,2021-09-10 00:05:00+00:00,2021-09-10 07:16:00+00:00,2021-09-10 07:17:00+00:00,4254.124177116699,3392.920901347742,2021-09-15 00:00:00+00:00,0.05742526525327353,0.052396321518670214,target,minute interval; not exact exchange fill
6,891365.0,894705.0,-1.0,0.243,3210.91,3185.79,0.390125565,0.387073485,-0.485255147694282,6.104159999999974,5.812216097694256,9922.354846982653,2.0,9916.542630884958,0.07868177035511519,1631519160.0,2021-09-11 00:05:00+00:00,2021-09-11 00:05:00+00:00,2021-09-13 07:45:00+00:00,2021-09-13 07:46:00+00:00,4021.252896489814,3185.143097893201,2021-09-16 00:00:00+00:00,0.03179752943897494,0.029516621750844893,target,minute interval; not exact exchange fill
7,895685.0,902880.0,-1.0,0.214,3287.16,3436.05,0.35172612,0.36765735,-1.1184047133656079,-31.86246000000007,-31.463438756634467,9890.89140822602,4.0,9922.354846982653,0.07089569470637476,1632009600.0,2021-09-14 00:05:00+00:00,2021-09-14 00:05:00+00:00,2021-09-19 00:00:00+00:00,2021-09-19 00:00:00+00:00,4205.55505877397,3237.4892218458954,2021-09-19 00:00:00+00:00,0.05408432643400051,-0.16008950978776268,timeout,minute interval; not exact exchange fill
8,904325.0,904331.0,-1.0,0.23900000000000002,3328.08,3319.41,0.39770556000000007,0.39666949500000004,0.0,2.0721300000000173,1.2777549450000172,9892.169163171018,2.0,9890.89140822602,0.080418547446439,1632096720.0,2021-09-20 00:05:00+00:00,2021-09-20 00:05:00+00:00,2021-09-20 00:11:00+00:00,2021-09-20 00:12:00+00:00,4150.415789823095,3318.7405233359864,2021-09-25 00:00:00+00:00,0.01135725427446457,0.006501304048982452,target,minute interval; not exact exchange fill
9,907205.0,914400.0,-1.0,0.302,2785.13,3058.2400000000002,0.42055463000000004,0.46179424,-0.6076371700603395,-82.47922000000004,-82.7539316999397,9809.415231471083,4.0,9892.169163171018,0.08502778775068737,1632700800.0,2021-09-22 00:05:00+00:00,2021-09-22 00:05:00+00:00,2021-09-27 00:00:00+00:00,2021-09-27 00:00:00+00:00,3434.5843963544035,2725.014157545207,2021-09-27 00:00:00+00:00,0.09256360845694873,-0.4219228369669823,timeout,minute interval; not exact exchange fill
10,917285.0,924112.0,-1.0,0.293,2816.76,3483.01,0.41265534000000004,0.510260965,-0.8776645537850256,-195.21124999999998,-195.25650175121493,9614.158729719868,1.0,9809.415231471083,0.0841345442643915,1633283580.0,2021-09-29 00:05:00+00:00,2021-09-29 00:05:00+00:00,2021-10-03 17:52:00+00:00,2021-10-03 17:53:00+00:00,3482.3080163901527,2768.617073455898,2021-10-04 00:00:00+00:00,0.07233576745555205,-1.001286798887034,stop,minute interval; not exact exchange fill
11,924485.0,924496.0,-1.0,0.23600000000000002,3423.16,3409.04,0.40393288,0.40226672,0.0,3.3323199999999744,2.526120399999974,9616.684850119867,2.0,9614.158729719868,0.08402875204282582,1633306620.0,2021-10-04 00:05:00+00:00,2021-10-04 00:05:00+00:00,2021-10-04 00:16:00+00:00,2021-10-04 00:17:00+00:00,4229.682662627433,3408.355663915981,2021-10-09 00:00:00+00:00,0.018355759571330926,0.013271666744155048,target,minute interval; not exact exchange fill
12,927365.0,927448.0,-1.0,0.227,3511.29,3486.02,0.398531415,0.39566327,0.0,5.736289999999996,4.942095314999996,9621.626945434868,2.0,9616.684850119867,0.08288332647087472,1633483740.0,2021-10-06 00:05:00+00:00,2021-10-06 00:05:00+00:00,2021-10-06 01:28:00+00:00,2021-10-06 01:29:00+00:00,4353.410006551313,3485.317438315433,2021-10-11 00:00:00+00:00,0.030841877027635446,0.025853019558529377,target,minute interval; not exact exchange fill
13,928805.0,928814.0,-1.0,0.209,3564.6800000000003,3548.91,0.37250906000000006,0.370861095,0.0,3.2959300000000913,2.5525598450000913,9624.179505279868,2.0,9621.626945434868,0.07743161569504475,1633565700.0,2021-10-07 00:05:00+00:00,2021-10-07 00:05:00+00:00,2021-10-07 00:14:00+00:00,2021-10-07 00:15:00+00:00,4480.2650430010835,3548.1975058739663,2021-10-12 00:00:00+00:00,0.018002144368815882,0.013339236036412608,target,minute interval; not exact exchange fill
14,930245.0,930429.0,-1.0,0.234,3588.2400000000002,3563.02,0.41982408000000004,0.41687334000000004,0.0,5.90148000000006,5.06478258000006,9629.244287859869,2.0,9624.179505279868,0.08724360965413887,1633662600.0,2021-10-08 00:05:00+00:00,2021-10-08 00:05:00+00:00,2021-10-08 03:09:00+00:00,2021-10-08 03:10:00+00:00,4403.187401445528,3562.2983930429637,2021-10-13 00:00:00+00:00,0.03183224697817576,0.02655922328435941,target,minute interval; not exact exchange fill
15,931685.0,933205.0,-1.0,0.219,3548.3,3538.31,0.38853885000000005,0.38744494500000004,-0.236225735019072,2.1878100000000518,1.6480519400191236,9630.892339799888,2.0,9629.244287859869,0.08069975968723794,1633829160.0,2021-10-09 00:05:00+00:00,2021-10-09 00:05:00+00:00,2021-10-10 01:25:00+00:00,2021-10-10 01:26:00+00:00,4420.332053177402,3537.6003163002365,2021-10-14 00:00:00+00:00,0.012269828455017808,0.008629672839281883,target,minute interval; not exact exchange fill
16,937445.0,937784.0,-1.0,0.23,3486.4500000000003,3461.76,0.4009417500000001,0.3981024000000001,0.0,5.6787000000000125,4.879655850000012,9635.771995649888,2.0,9630.892339799888,0.08326159941443825,1634103900.0,2021-10-13 00:05:00+00:00,2021-10-13 00:05:00+00:00,2021-10-13 05:44:00+00:00,2021-10-13 05:45:00+00:00,4315.697624837781,3461.0612707094215,2021-10-18 00:00:00+00:00,0.030616583671910284,0.02558451102485864,target,minute interval; not exact exchange fill
17,938885.0,946080.0,-1.0,0.211,3618.89,3748.85,0.381792895,0.395503675,-4.150093445659,-27.421560000000007,-24.048763124341008,9611.723232525548,4.0,9635.771995649888,0.07924490018492801,1634601600.0,2021-10-14 00:05:00+00:00,2021-10-14 00:05:00+00:00,2021-10-19 00:00:00+00:00,2021-10-19 00:00:00+00:00,4525.686803982016,3581.0230958771845,2021-10-19 00:00:00+00:00,0.041758973958146435,-0.125689879125711,timeout,minute interval; not exact exchange fill
18,947525.0,947763.0,-1.0,0.2,3886.36,3845.37,0.38863600000000004,0.384537,0.0,8.198000000000048,7.4248270000000485,9619.148059525549,2.0,9611.723232525548,0.08086708087575326,1634702640.0,2021-10-20 00:05:00+00:00,2021-10-20 00:05:00+00:00,2021-10-20 04:03:00+00:00,2021-10-20 04:04:00+00:00,4838.929821712619,3844.5973425183342,2021-10-25 00:00:00+00:00,0.04384209590702873,0.038972612982064676,target,minute interval; not exact exchange fill
19,948965.0,949363.0,-1.0,0.17400000000000002,4153.36,4137.1,0.36134232000000005,0.3599277000000001,0.0,2.82923999999988,2.10796997999988,9621.256029505548,2.0,9619.148059525549,0.07512979689343148,1634798640.0,2021-10-21 00:05:00+00:00,2021-10-21 00:05:00+00:00,2021-10-21 06:43:00+00:00,2021-10-21 06:44:00+00:00,5248.93464504146,4136.265064076884,2021-10-26 00:00:00+00:00,0.01560362500217267,0.011057913812473133,target,minute interval; not exact exchange fill
20,950405.0,951277.0,-1.0,0.21,4091.46,4002.86,0.4296033,0.4203003,-0.29838754363331943,18.60599999999998,18.054483943633297,9639.310513449182,2.0,9621.256029505548,0.08930295559800792,1634913480.0,2021-10-22 00:05:00+00:00,2021-10-22 00:05:00+00:00,2021-10-22 14:37:00+00:00,2021-10-22 14:38:00+00:00,4998.10538517224,4002.0575821755483,2021-10-27 00:00:00+00:00,0.09860792244309224,0.09482619607509236,target,minute interval; not exact exchange fill
21,951845.0,952501.0,-1.0,0.181,3966.0,3944.6600000000003,0.358923,0.35699173,-0.1100358724932,3.8625399999999437,3.2566611424931438,9642.567174591673,2.0,9639.310513449182,0.07447067910079568,1634986920.0,2021-10-23 00:05:00+00:00,2021-10-23 00:05:00+00:00,2021-10-23 11:01:00+00:00,2021-10-23 11:02:00+00:00,5021.366852147501,3943.867914158528,2021-10-28 00:00:00+00:00,0.020970988236400208,0.01704867171125154,target,minute interval; not exact exchange fill
22,953285.0,953681.0,-1.0,0.184,4173.71,4099.93,0.38398132,0.37719356000000004,0.0,13.575519999999953,12.814345119999953,9655.381519711675,2.0,9642.567174591673,0.0796429650003989,1635057720.0,2021-10-24 00:05:00+00:00,2021-10-24 00:05:00+00:00,2021-10-24 06:41:00+00:00,2021-10-24 06:42:00+00:00,5214.860657610381,4099.101762989382,2021-10-29 00:00:00+00:00,0.07165940535623969,0.06689058830337076,target,minute interval; not exact exchange fill
23,954725.0,954726.0,-1.0,0.188,4076.27,4072.4100000000003,0.38316938,0.38280654000000003,0.0,0.7256799999999385,-0.04029592000006155,9655.341223791675,2.0,9655.381519711675,0.07936908121502009,1635120420.0,2021-10-25 00:05:00+00:00,2021-10-25 00:05:00+00:00,2021-10-25 00:06:00+00:00,2021-10-25 00:07:00+00:00,5095.184790002486,4071.587236034505,2021-10-30 00:00:00+00:00,0.004595834716937802,-0.00021036106463800022,target,minute interval; not exact exchange fill
24,956165.0,956430.0,-1.0,0.155,4217.22,4208.5,0.32683455000000006,0.32615875,0.0,1.3516000000000394,0.6986067000000393,9656.039830491674,2.0,9655.341223791675,0.06770025883593814,1635222660.0,2021-10-26 00:05:00+00:00,2021-10-26 00:05:00+00:00,2021-10-26 04:30:00+00:00,2021-10-26 04:31:00+00:00,5454.927368775932,4207.650637501892,2021-10-31 00:00:00+00:00,0.007731522603418376,0.003641523120653087,target,minute interval; not exact exchange fill
25,957605.0,958082.0,-1.0,0.187,4127.52,4094.9700000000003,0.38592312000000006,0.382879695,-0.46177978218640553,6.086850000000034,5.779826967186439,9661.81965745886,2.0,9656.039830491674,0.07993403647349066,1635321780.0,2021-10-27 00:05:00+00:00,2021-10-27 00:05:00+00:00,2021-10-27 08:02:00+00:00,2021-10-27 08:03:00+00:00,5152.097991999226,4094.1439471979006,2021-11-01 00:00:00+00:00,0.03257541452454412,0.03016672800048866,target,minute interval; not exact exchange fill
26,959045.0,959102.0,-1.0,0.192,3939.35,3898.23,0.3781776,0.37423008,0.0,7.895039999999979,7.142632319999979,9668.962289778861,2.0,9661.81965745886,0.07828289357648058,1635382980.0,2021-10-28 00:05:00+00:00,2021-10-28 00:05:00+00:00,2021-10-28 01:02:00+00:00,2021-10-28 01:03:00+00:00,4939.517071724958,3897.4467561236156,2021-11-02 00:00:00+00:00,0.04189624419859675,0.03719499576789712,target,minute interval; not exact exchange fill
27,960485.0,962804.0,-1.0,0.201,4284.24,4233.8,0.43056612,0.42549690000000007,-1.207966884076687,10.13843999999992,10.490343864076605,9679.452633642937,2.0,9668.962289778861,0.08906149534891764,1635605100.0,2021-10-29 00:05:00+00:00,2021-10-29 00:05:00+00:00,2021-10-30 14:44:00+00:00,2021-10-30 14:45:00+00:00,5239.204004726226,4232.947263633706,2021-11-03 00:00:00+00:00,0.0537116960560191,0.05465207613545678,target,minute interval; not exact exchange fill
28,963365.0,963912.0,-1.0,0.17200000000000001,4331.43,4247.93,0.37250298000000004,0.36532198000000005,-0.07431346000000001,14.362000000000002,13.698488500000002,9693.151122142935,2.0,9679.452633642937,0.0769677778483649,1635671580.0,2021-10-31 00:05:00+00:00,2021-10-31 00:05:00+00:00,2021-10-31 09:12:00+00:00,2021-10-31 09:13:00+00:00,5450.377247905604,4247.078134622839,2021-11-05 00:00:00+00:00,0.07538502421365058,0.0711761659444367,target,minute interval; not exact exchange fill
29,964805.0,964939.0,-1.0,0.17500000000000002,4291.75,4275.57,0.37552812500000005,0.374112375,0.0,2.831500000000051,2.081859500000051,9695.232981642936,2.0,9693.151122142935,0.07748318792681308,1635733200.0,2021-11-01 00:05:00+00:00,2021-11-01 00:05:00+00:00,2021-11-01 02:19:00+00:00,2021-11-01 02:20:00+00:00,5391.5136264780085,4274.708355784331,2021-11-06 00:00:00+00:00,0.01549573363345825,0.010817178995179448,target,minute interval; not exact exchange fill
30,966245.0,966274.0,-1.0,0.149,4325.4800000000005,4297.75,0.32224826,0.32018237499999996,0.0,4.1317700000000706,3.489339365000071,9698.722321007936,2.0,9695.232981642936,0.06647560932473692,1635813300.0,2021-11-02 00:05:00+00:00,2021-11-02 00:05:00+00:00,2021-11-02 00:34:00+00:00,2021-11-02 00:35:00+00:00,5619.644739638245,4296.889575407782,2021-11-07 00:00:00+00:00,0.022091796906945717,0.018095366287406794,target,minute interval; not exact exchange fill
31,967685.0,967970.0,-1.0,0.162,4596.17,4549.25,0.37228977,0.36848925000000005,0.0,7.601040000000012,6.860260980000012,9705.582581987936,2.0,9698.722321007936,0.07677088954152261,1635915060.0,2021-11-03 00:05:00+00:00,2021-11-03 00:05:00+00:00,2021-11-03 04:50:00+00:00,2021-11-03 04:51:00+00:00,5782.270145981213,4548.337840951172,2021-11-08 00:00:00+00:00,0.040327251632920086,0.03570296331509836,target,minute interval; not exact exchange fill
32,969125.0,969156.0,-1.0,0.146,4591.35,4574.27,0.33516855,0.33392171000000004,0.0,2.4936799999999892,1.824589739999989,9707.407171727935,2.0,9705.582581987936,0.06906716771892109,1635986220.0,2021-11-04 00:05:00+00:00,2021-11-04 00:05:00+00:00,2021-11-04 00:36:00+00:00,2021-11-04 00:37:00+00:00,5912.566037941363,4573.354265168642,2021-11-09 00:00:00+00:00,0.013620584608856338,0.009458854298705213,target,minute interval; not exact exchange fill
33,970565.0,970619.0,-1.0,0.19,4531.75,4476.95,0.43051625000000004,0.42531025,0.0,10.412000000000035,9.556173500000034,9716.963345227934,2.0,9707.407171727935,0.08869850463341951,1636074000.0,2021-11-05 00:05:00+00:00,2021-11-05 00:05:00+00:00,2021-11-05 00:59:00+00:00,2021-11-05 01:00:00+00:00,5541.936745128983,4476.047456496569,2021-11-10 00:00:00+00:00,0.05514083784213473,0.0497884675704969,target,minute interval; not exact exchange fill
34,972005.0,972638.0,-1.0,0.167,4467.5,4438.83,0.37303625,0.370642305,-0.32135580849990336,4.787890000000012,4.365567253499916,9721.328912481436,2.0,9716.963345227934,0.07678041724489999,1636195140.0,2021-11-06 00:05:00+00:00,2021-11-06 00:05:00+00:00,2021-11-06 10:38:00+00:00,2021-11-06 10:39:00+00:00,5619.696582211184,4437.942377372663,2021-11-11 00:00:00+00:00,0.02565328094500405,0.02268807396414516,target,minute interval; not exact exchange fill
35,973445.0,980640.0,-1.0,0.168,4510.49,4722.14,0.37888116000000005,0.3966597600000001,-2.1818976671679655,-35.557200000000094,-34.150843252832125,9687.178069228605,4.0,9721.328912481436,0.07794842935795451,1636675200.0,2021-11-07 00:05:00+00:00,2021-11-07 00:05:00+00:00,2021-11-12 00:00:00+00:00,2021-11-12 00:00:00+00:00,5657.539372772204,4442.613626991365,2021-11-12 00:00:00+00:00,0.059174761453022966,-0.1772189006952844,timeout,minute interval; not exact exchange fill
36,982085.0,982205.0,-1.0,0.17200000000000001,4702.35,4627.150000000001,0.4044021000000001,0.3979349000000001,0.0,12.93439999999997,12.13206299999997,9699.310132228604,2.0,9687.178069228605,0.08349224038413962,1636769160.0,2021-11-13 00:05:00+00:00,2021-11-13 00:05:00+00:00,2021-11-13 02:05:00+00:00,2021-11-13 02:06:00+00:00,5816.32112242015,4626.222249360632,2021-11-18 00:00:00+00:00,0.06833907011339514,0.06331874191384694,target,minute interval; not exact exchange fill
37,983525.0,984491.0,-1.0,0.17,4639.32,4561.900000000001,0.3943422,0.3877615000000001,-0.15611753003864004,13.161399999999858,12.535413830038499,9711.845546058643,2.0,9699.310132228604,0.0813134531474956,1636906320.0,2021-11-14 00:05:00+00:00,2021-11-14 00:05:00+00:00,2021-11-14 16:11:00+00:00,2021-11-14 16:12:00+00:00,5768.246500094636,4560.987144618875,2021-11-19 00:00:00+00:00,0.06938702862813283,0.06531667775166039,target,minute interval; not exact exchange fill
38,984965.0,985946.0,-1.0,0.17200000000000001,4646.07,4615.3,0.39956202,0.39691580000000004,-0.277597874532,5.292439999999919,4.773560054531918,9716.619106113174,2.0,9711.845546058643,0.08228343791199484,1636993620.0,2021-11-15 00:05:00+00:00,2021-11-15 00:05:00+00:00,2021-11-15 16:26:00+00:00,2021-11-15 16:27:00+00:00,5767.61976311717,4614.369101997135,2021-11-20 00:00:00+00:00,0.02826526209123109,0.024745452269423818,target,minute interval; not exact exchange fill
39,987845.0,987889.0,-1.0,0.183,4191.99,4170.41,0.383567085,0.381592515,0.0,3.9491399999999865,3.1839803999999865,9719.803086513173,2.0,9716.619106113174,0.07895072983949328,1637110200.0,2021-11-17 00:05:00+00:00,2021-11-17 00:05:00+00:00,2021-11-17 00:49:00+00:00,2021-11-17 00:50:00+00:00,5243.279723379049,4169.575514129116,2021-11-22 00:00:00+00:00,0.021320940719214546,0.016549957269701838,target,minute interval; not exact exchange fill
40,989285.0,989558.0,-1.0,0.17500000000000002,4274.63,4258.24,0.37403012500000005,0.37259600000000004,0.0,2.8682500000000575,2.1216238750000573,9721.924710388173,2.0,9719.803086513173,0.07696249022143051,1637210340.0,2021-11-18 00:05:00+00:00,2021-11-18 00:05:00+00:00,2021-11-18 04:38:00+00:00,2021-11-18 04:39:00+00:00,5379.171095345292,4257.383663558085,2021-11-23 00:00:00+00:00,0.01561402877140035,0.010976110396517537,target,minute interval; not exact exchange fill
41,990725.0,997920.0,-1.0,0.228,3984.94,4342.2300000000005,0.45428316,0.4950142200000001,-1.452106231214508,-81.4621200000001,-80.95931114878559,9640.965399239387,4.0,9721.924710388173,0.09345539562029,1637712000.0,2021-11-19 00:05:00+00:00,2021-11-19 00:05:00+00:00,2021-11-24 00:00:00+00:00,2021-11-24 00:00:00+00:00,4830.764273158266,3945.1682559361807,2021-11-24 00:00:00+00:00,0.04702128482942873,-0.4198090658892072,timeout,minute interval; not exact exchange fill
42,999365.0,1001297.0,-1.0,0.176,4271.78,4241.58,0.37591663999999997,0.37325904,-0.7681127582030752,5.315199999999968,5.334137078203043,9646.29953631759,2.0,9640.965399239387,0.07798319451071933,1637914680.0,2021-11-25 00:05:00+00:00,2021-11-25 00:05:00+00:00,2021-11-26 08:17:00+00:00,2021-11-26 08:18:00+00:00,5361.076869247513,4240.731476180814,2021-11-30 00:00:00+00:00,0.028503270959214483,0.027823082844423364,target,minute interval; not exact exchange fill
43,1002245.0,1003838.0,-1.0,0.234,4028.52,3987.25,0.47133684000000003,0.46650825000000007,-0.289026793627884,9.657179999999997,9.00836170362788,9655.30789802122,2.0,9646.29953631759,0.09772386565966615,1638067140.0,2021-11-27 00:05:00+00:00,2021-11-27 00:05:00+00:00,2021-11-28 02:38:00+00:00,2021-11-28 02:39:00+00:00,4844.14548924291,3986.4451228336743,2021-12-02 00:00:00+00:00,0.05158602535261733,0.04719969243906341,target,minute interval; not exact exchange fill
44,1005125.0,1012040.0,-1.0,0.223,4311.4400000000005,4263.31,0.4807255600000001,0.4753590650000001,-1.6020282087199076,10.732990000000024,11.378933583719933,9666.686831604942,2.0,9655.30789802122,0.09957746869957841,1638559260.0,2021-11-29 00:05:00+00:00,2021-11-29 00:05:00+00:00,2021-12-03 19:20:00+00:00,2021-12-03 19:21:00+00:00,5170.549280278794,4262.452894378749,2021-12-04 00:00:00+00:00,0.057020808348565856,0.05939478151392477,target,minute interval; not exact exchange fill
45,1012325.0,1012364.0,-1.0,0.20500000000000002,4195.8,4157.81,0.43006950000000005,0.42617552500000005,0.0,7.787949999999956,6.931704974999956,9673.618536579943,2.0,9666.686831604942,0.08897971093754703,1638578700.0,2021-12-04 00:05:00+00:00,2021-12-04 00:05:00+00:00,2021-12-04 00:44:00+00:00,2021-12-04 00:45:00+00:00,5129.501916184167,4156.9711887207695,2021-12-09 00:00:00+00:00,0.041585875113029004,0.03621412188826474,target,minute interval; not exact exchange fill
46,1013765.0,1014695.0,-1.0,0.226,4131.9400000000005,4042.79,0.46690922000000007,0.45683527000000007,-0.09490729776717999,20.147900000000124,19.319062807767303,9692.937599387711,2.0,9673.618536579943,0.09653248538474485,1638718560.0,2021-12-05 00:05:00+00:00,2021-12-05 00:05:00+00:00,2021-12-05 15:35:00+00:00,2021-12-05 15:36:00+00:00,4980.192975967564,4041.9766982352626,2021-12-10 00:00:00+00:00,0.1060571602028521,0.10077486459499238,target,minute interval; not exact exchange fill
47,1015205.0,1015212.0,-1.0,0.213,4179.72,4163.9800000000005,0.44514018000000005,0.44346387000000004,0.0,3.3526199999999533,2.464015949999953,9695.40161533771,2.0,9692.937599387711,0.09184835359470774,1638749580.0,2021-12-06 00:05:00+00:00,2021-12-06 00:05:00+00:00,2021-12-06 00:12:00+00:00,2021-12-06 00:13:00+00:00,5080.324892593323,4163.143173213423,2021-12-11 00:00:00+00:00,0.018406325485134094,0.012844866927925401,target,minute interval; not exact exchange fill
48,1016645.0,1016739.0,-1.0,0.149,4358.09,4319.95,0.324677705,0.321836275,0.0,5.682860000000049,5.036346020000049,9700.43796135771,2.0,9695.40161533771,0.06697560717575098,1638841200.0,2021-12-07 00:05:00+00:00,2021-12-07 00:05:00+00:00,2021-12-07 01:39:00+00:00,2021-12-07 01:40:00+00:00,5645.520868643803,4319.0824244008745,2021-12-12 00:00:00+00:00,0.030298772966518,0.026254598070657373,target,minute interval; not exact exchange fill
49,1018085.0,1018743.0,-1.0,0.17200000000000001,4295.45,4253.71,0.36940870000000003,0.36581906000000003,-0.07507468496453601,7.179279999999963,6.519126924964499,9706.957088282674,2.0,9700.43796135771,0.07616330344497069,1638961440.0,2021-12-08 00:05:00+00:00,2021-12-08 00:05:00+00:00,2021-12-08 11:03:00+00:00,2021-12-08 11:04:00+00:00,5416.334524662478,4252.853702460805,2021-12-13 00:00:00+00:00,0.03800239596672239,0.03381427782487304,target,minute interval; not exact exchange fill
50,1019525.0,1019637.0,-1.0,0.183,4464.55,4405.72,0.408506325,0.40312338000000003,0.0,10.765889999999986,9.954260294999987,9716.911348577672,2.0,9706.957088282674,0.08416774098921492,1639015080.0,2021-12-09 00:05:00+00:00,2021-12-09 00:05:00+00:00,2021-12-09 01:57:00+00:00,2021-12-09 01:58:00+00:00,5517.681494961991,4404.835405671462,2021-12-14 00:00:00+00:00,0.05670193571667308,0.05165059183987572,target,minute interval; not exact exchange fill
51,1020965.0,1021376.0,-1.0,0.23800000000000002,4110.13,4059.35,0.48910547000000004,0.48306265000000004,0.0,12.085640000000048,11.113471880000047,9728.024820457673,2.0,9716.911348577672,0.10067097505661479,1639119420.0,2021-12-10 00:05:00+00:00,2021-12-10 00:05:00+00:00,2021-12-10 06:56:00+00:00,2021-12-10 06:57:00+00:00,4918.0148227071,4058.5306438958055,2021-12-15 00:00:00+00:00,0.06386969361708386,0.05779940244889292,target,minute interval; not exact exchange fill
52,1022405.0,1022417.0,-1.0,0.224,3904.57,3843.02,0.43731184,0.43041824,0.0,13.787200000000041,12.919469920000042,9740.944290377673,2.0,9728.024820457673,0.0899076324477194,1639181880.0,2021-12-11 00:05:00+00:00,2021-12-11 00:05:00+00:00,2021-12-11 00:17:00+00:00,2021-12-11 00:18:00+00:00,4765.91506144024,3842.245312855189,2021-12-16 00:00:00+00:00,0.07235739767358669,0.06696062656185761,target,minute interval; not exact exchange fill
53,1023845.0,1024127.0,-1.0,0.211,4081.98,4013.63,0.43064889,0.423437965,0.0,14.42184999999998,13.56776314499998,9754.512053522672,2.0,9740.944290377673,0.08842035785491656,1639284480.0,2021-12-12 00:05:00+00:00,2021-12-12 00:05:00+00:00,2021-12-12 04:47:00+00:00,2021-12-12 04:48:00+00:00,4996.206640573508,4012.82591054522,2021-12-17 00:00:00+00:00,0.07564217272360259,0.07033507026185783,target,minute interval; not exact exchange fill
54,1025285.0,1025335.0,-1.0,0.23800000000000002,4137.97,4070.9100000000003,0.4924184300000001,0.48443829000000005,0.0,15.960279999999988,14.983423279999988,9769.495476802673,2.0,9754.512053522672,0.10096218597057793,1639356960.0,2021-12-13 00:05:00+00:00,2021-12-13 00:05:00+00:00,2021-12-13 00:55:00+00:00,2021-12-13 00:56:00+00:00,4951.050395063103,4070.092774424955,2021-12-18 00:00:00+00:00,0.08348156712077301,0.07742845649982007,target,minute interval; not exact exchange fill
55,1026725.0,1026859.0,-1.0,0.163,3763.29,3757.94,0.30670813500000005,0.30627211,0.0,0.8720499999999852,0.2590697549999852,9769.754546557673,2.0,9769.495476802673,0.06278894047871107,1639448400.0,2021-12-14 00:05:00+00:00,2021-12-14 00:05:00+00:00,2021-12-14 02:19:00+00:00,2021-12-14 02:20:00+00:00,4953.446551695479,3757.178797282288,2021-12-19 00:00:00+00:00,0.005134788956130142,0.0013354419615937882,target,minute interval; not exact exchange fill
56,1028165.0,1028285.0,-1.0,0.185,3855.29,3807.76,0.356614325,0.3522178,0.0,8.793049999999953,8.084217874999952,9777.838764432674,2.0,9769.754546557673,0.07300374299079015,1639533960.0,2021-12-15 00:05:00+00:00,2021-12-15 00:05:00+00:00,2021-12-15 02:05:00+00:00,2021-12-15 02:06:00+00:00,4904.175101189072,3806.993389213584,2021-12-20 00:00:00+00:00,0.046045663849800356,0.04166183212104054,target,minute interval; not exact exchange fill
57,1029605.0,1029958.0,-1.0,0.193,4031.53,3991.2000000000003,0.3890426450000001,0.38515080000000007,0.0,7.783689999999986,7.009496554999986,9784.848260987674,2.0,9777.838764432674,0.07957640831942536,1639634340.0,2021-12-16 00:05:00+00:00,2021-12-16 00:05:00+00:00,2021-12-16 05:58:00+00:00,2021-12-16 05:59:00+00:00,5038.644323856351,3990.4010646666443,2021-12-21 00:00:00+00:00,0.0408383977460163,0.03606207770030707,target,minute interval; not exact exchange fill
58,1031045.0,1031463.0,-1.0,0.242,3958.7000000000003,3914.9900000000002,0.4790027,0.47371379,0.0,10.577820000000008,9.625103510000008,9794.473364497673,2.0,9784.848260987674,0.09790702670572633,1639724640.0,2021-12-17 00:05:00+00:00,2021-12-17 00:05:00+00:00,2021-12-17 07:03:00+00:00,2021-12-17 07:04:00+00:00,4759.913423268198,3914.2027259943784,2021-12-22 00:00:00+00:00,0.05553735460910629,0.0496411490932877,target,minute interval; not exact exchange fill
59,1032485.0,1032562.0,-1.0,0.24,3875.54,3824.29,0.4650648,0.45891479999999996,0.0,12.299999999999999,11.376020399999998,9805.849384897672,2.0,9794.473364497673,0.09496473831573927,1639790580.0,2021-12-18 00:05:00+00:00,2021-12-18 00:05:00+00:00,2021-12-18 01:22:00+00:00,2021-12-18 01:23:00+00:00,4685.491702268998,3823.51654519234,2021-12-23 00:00:00+00:00,0.06423031726696989,0.05852211294477614,target,minute interval; not exact exchange fill
60,1033925.0,1034007.0,-1.0,0.251,3957.78,3891.9,0.49670139,0.48843345,0.0,16.535880000000027,15.550745160000028,9821.400130057671,2.0,9805.849384897672,0.10130716279713352,1639877280.0,2021-12-19 00:05:00+00:00,2021-12-19 00:05:00+00:00,2021-12-19 01:27:00+00:00,2021-12-19 01:28:00+00:00,4731.348880112495,3891.1208155264744,2021-12-24 00:00:00+00:00,0.0861709747990793,0.08009003670234305,target,minute interval; not exact exchange fill
61,1035365.0,1035703.0,-1.0,0.265,3905.5,3871.53,0.51747875,0.512977725,0.0,9.002049999999947,7.971593524999947,9829.371723582672,2.0,9821.400130057671,0.10537779606724186,1639979040.0,2021-12-20 00:05:00+00:00,2021-12-20 00:05:00+00:00,2021-12-20 05:43:00+00:00,2021-12-20 05:44:00+00:00,4639.384096527801,3870.747775315564,2021-12-25 00:00:00+00:00,0.047353832640409974,0.040989422093111454,target,minute interval; not exact exchange fill
62,1036805.0,1036872.0,-1.0,0.181,3962.89,3921.9900000000002,0.35864154499999995,0.354940095,0.0,7.402899999999934,6.689318359999934,9836.06104194267,2.0,9829.371723582672,0.07297344226784008,1640049180.0,2021-12-21 00:05:00+00:00,2021-12-21 00:05:00+00:00,2021-12-21 01:12:00+00:00,2021-12-21 01:13:00+00:00,5043.28670825309,3921.203204706319,2021-12-26 00:00:00+00:00,0.03858471150017193,0.03420739781756358,target,minute interval; not exact exchange fill
63,1038245.0,1039013.0,-1.0,0.2,4018.69,3968.09,0.40186900000000003,0.396809,-0.08094000000000001,10.119999999999983,9.402261999999984,9845.46330394267,2.0,9836.06104194267,0.08171340098162484,1640177640.0,2021-12-22 00:05:00+00:00,2021-12-22 00:05:00+00:00,2021-12-22 12:53:00+00:00,2021-12-22 12:54:00+00:00,4995.957829740974,3967.2891340831698,2021-12-27 00:00:00+00:00,0.05259649847519706,0.04810483735299085,target,minute interval; not exact exchange fill
64,1039685.0,1039687.0,-1.0,0.211,3979.81,3953.17,0.419869955,0.41705943500000003,0.0,5.621039999999973,4.784110609999973,9850.24741455267,2.0,9845.46330394267,0.08529206641435773,1640218080.0,2021-12-23 00:05:00+00:00,2021-12-23 00:05:00+00:00,2021-12-23 00:07:00+00:00,2021-12-23 00:08:00+00:00,4905.598107900617,3952.3784400808945,2021-12-28 00:00:00+00:00,0.029630495018251202,0.024491036130736155,target,minute interval; not exact exchange fill
65,1041125.0,1041500.0,-1.0,0.258,4109.12,4069.88,0.53007648,0.52501452,0.0,10.123919999999943,9.068828999999944,9859.31624355267,2.0,9850.24741455267,0.10762703873140679,1640326860.0,2021-12-24 00:05:00+00:00,2021-12-24 00:05:00+00:00,2021-12-24 06:20:00+00:00,2021-12-24 06:21:00+00:00,4865.925071287879,4069.057481295845,2021-12-29 00:00:00+00:00,0.05293637717831279,0.04644590969796629,target,minute interval; not exact exchange fill
66,1042565.0,1046978.0,-1.0,0.253,4036.81,3997.9500000000003,0.5106564650000001,0.5057406750000001,-0.924791501806546,9.831579999999917,9.739974361806462,9869.056217914474,2.0,9859.31624355267,0.10358861657043104,1640655540.0,2021-12-25 00:05:00+00:00,2021-12-25 00:05:00+00:00,2021-12-28 01:38:00+00:00,2021-12-28 01:39:00+00:00,4807.993439641391,3997.14815145097,2021-12-30 00:00:00+00:00,0.05142984990377006,0.04992057712829471,target,minute interval; not exact exchange fill
67,1048325.0,1049048.0,-1.0,0.234,3782.4900000000002,3752.67,0.4425513300000001,0.4390623900000001,-0.08881470000000001,6.977880000000039,6.1850809800000395,9875.241298894476,2.0,9869.056217914474,0.08968463047087999,1640779740.0,2021-12-29 00:05:00+00:00,2021-12-29 00:05:00+00:00,2021-12-29 12:08:00+00:00,2021-12-29 12:09:00+00:00,4617.445466173329,3751.916516910092,2022-01-03 00:00:00+00:00,0.03661690273138647,0.03165674227050709,target,minute interval; not exact exchange fill
68,1049765.0,1049772.0,-1.0,0.27,3627.59,3608.4700000000003,0.48972465000000004,0.4871434500000001,0.0,5.162399999999971,4.18553189999997,9879.426830794475,2.0,9875.241298894476,0.09918231568778461,1640823180.0,2021-12-30 00:05:00+00:00,2021-12-30 00:05:00+00:00,2021-12-30 00:12:00+00:00,2021-12-30 00:13:00+00:00,4352.699508855197,3607.748329507287,2022-01-04 00:00:00+00:00,0.027363688174547783,0.02137879838932799,target,minute interval; not exact exchange fill
69,1051205.0,1052359.0,-1.0,0.313,3717.86,3673.41,0.5818450900000001,0.5748886649999999,-0.12971364695930593,13.912850000000086,12.885829891959393,9892.312660686435,2.0,9879.426830794475,0.11778924019890934,1640978400.0,2021-12-31 00:05:00+00:00,2021-12-31 00:05:00+00:00,2021-12-31 19:19:00+00:00,2021-12-31 19:20:00+00:00,4342.328534491431,3672.6749456692914,2022-01-05 00:00:00+00:00,0.07235761585250652,0.06592611688728614,target,minute interval; not exact exchange fill
70,1052645.0,1059604.0,-1.0,0.292,3687.8,3633.87,0.5384188000000001,0.5305450199999999,-1.240378417687571,15.747560000000083,15.918974597687654,9908.231635284119,2.0,9892.312660686435,0.10885600131499255,1641413100.0,2022-01-01 00:05:00+00:00,2022-01-01 00:05:00+00:00,2022-01-05 20:04:00+00:00,2022-01-05 20:05:00+00:00,4358.896750732893,3633.1360794885604,2022-01-06 00:00:00+00:00,0.08145460464790244,0.08123573275226524,target,minute interval; not exact exchange fill
71,1059845.0,1059850.0,-1.0,0.309,3524.29,3520.34,0.5445028049999999,0.5438925299999999,0.0,1.2205499999999438,0.132154664999944,9908.363789949119,2.0,9908.231635284119,0.10990917956761843,1641427860.0,2022-01-06 00:05:00+00:00,2022-01-06 00:05:00+00:00,2022-01-06 00:10:00+00:00,2022-01-06 00:11:00+00:00,4160.382914558859,3519.634238158636,2022-01-11 00:00:00+00:00,0.007319310960400859,0.0006723624649968401,target,minute interval; not exact exchange fill
72,1061285.0,1061314.0,-1.0,0.37,3403.65,3375.28,0.62967525,0.6244268000000001,0.0,10.49689999999996,9.242797949999959,9917.606587899118,2.0,9908.363789949119,0.1270997438827856,1641515700.0,2022-01-07 00:05:00+00:00,2022-01-07 00:05:00+00:00,2022-01-07 00:34:00+00:00,2022-01-07 00:35:00+00:00,3933.5491518935996,3374.599874769499,2022-01-12 00:00:00+00:00,0.054821988536290896,0.04714205506978397,target,minute interval; not exact exchange fill
73,1062725.0,1063623.0,-1.0,0.38,3192.78,3164.63,0.6066282,0.6012797000000001,-0.12218252201346003,10.697000000000035,9.611274622013497,9927.21786252113,2.0,9917.606587899118,0.12233358817442348,1641654240.0,2022-01-08 00:05:00+00:00,2022-01-08 00:05:00+00:00,2022-01-08 15:03:00+00:00,2022-01-08 15:04:00+00:00,3709.4764215908144,3163.987747948142,2022-01-13 00:00:00+00:00,0.05572373031578603,0.048951041454467756,target,minute interval; not exact exchange fill
74,1064165.0,1066379.0,-1.0,0.382,3068.34,3031.03,0.5860529400000001,0.5789267300000001,0.27409681037170963,14.25241999999998,12.813343519628269,9940.03120604076,2.0,9927.21786252113,0.11806992615978817,1641819600.0,2022-01-09 00:05:00+00:00,2022-01-09 00:05:00+00:00,2022-01-10 12:59:00+00:00,2022-01-10 13:00:00+00:00,3583.296179428945,3030.4194308593515,2022-01-14 00:00:00+00:00,0.07363843887202268,0.06513716200083944,target,minute interval; not exact exchange fill
75,1067045.0,1067059.0,-1.0,0.28300000000000003,3075.15,3067.59,0.4351337250000001,0.43406398500000004,0.0,2.1394799999999847,1.2702822899999846,9941.30148833076,2.0,9940.03120604076,0.08755178248043335,1641860400.0,2022-01-11 00:05:00+00:00,2022-01-11 00:05:00+00:00,2022-01-11 00:19:00+00:00,2022-01-11 00:20:00+00:00,3773.0115640489153,3066.972761091551,2022-01-16 00:00:00+00:00,0.011717565961084843,0.00643197767470874,target,minute interval; not exact exchange fill
76,1068485.0,1068921.0,-1.0,0.309,3249.35,3205.66,0.502024575,0.49527446999999997,0.0,13.500210000000017,12.502910955000017,9953.80439928576,2.0,9941.30148833076,0.10099775680061278,1641972120.0,2022-01-12 00:05:00+00:00,2022-01-12 00:05:00+00:00,2022-01-12 07:21:00+00:00,2022-01-12 07:22:00+00:00,3887.937274080245,3205.016590293222,2022-01-17 00:00:00+00:00,0.06942419854926012,0.06336251385259443,target,minute interval; not exact exchange fill
77,1069925.0,1069971.0,-1.0,0.324,3378.76,3352.7200000000003,0.5473591200000001,0.5431406400000001,0.0,8.436959999999988,7.346460239999988,9961.15085952576,2.0,9953.80439928576,0.10997988267466378,1642035120.0,2022-01-13 00:05:00+00:00,2022-01-13 00:05:00+00:00,2022-01-13 00:51:00+00:00,2022-01-13 00:52:00+00:00,3987.9181321664496,3352.0495095515203,2022-01-18 00:00:00+00:00,0.04384820465826344,0.03722228893072437,target,minute interval; not exact exchange fill
78,1071365.0,1072021.0,-1.0,0.40800000000000003,3225.8,3214.32,0.6580632000000001,0.6557212800000001,-0.13331604000000002,4.683840000000008,3.503371560000008,9964.65423108576,2.0,9961.15085952576,0.13212593791222427,1642158120.0,2022-01-14 00:05:00+00:00,2022-01-14 00:05:00+00:00,2022-01-14 11:01:00+00:00,2022-01-14 11:02:00+00:00,3708.585768299982,3213.6674859976765,2022-01-19 00:00:00+00:00,0.025130222966276514,0.017785725188702375,target,minute interval; not exact exchange fill
79,1072805.0,1073562.0,-1.0,0.44,3309.67,3274.79,0.7281274,0.7204538,-0.14579312,15.347200000000049,14.04441192000005,9978.69864300576,2.0,9964.65423108576,0.14614203024296255,1642250580.0,2022-01-15 00:05:00+00:00,2022-01-15 00:05:00+00:00,2022-01-15 12:42:00+00:00,2022-01-15 12:43:00+00:00,3757.083390333285,3274.1312675711456,2022-01-20 00:00:00+00:00,0.07943153512321377,0.07134144549456395,target,minute interval; not exact exchange fill
80,1074245.0,1075919.0,-1.0,0.45,3320.87,3255.4700000000003,0.7471957499999999,0.7324807500000001,-0.3165392297216668,29.429999999999836,28.266862729721502,10006.965505735481,2.0,9978.69864300576,0.14975815519265576,1642392000.0,2022-01-16 00:05:00+00:00,2022-01-16 00:05:00+00:00,2022-01-17 03:59:00+00:00,2022-01-17 04:00:00+00:00,3759.0960373279477,3254.8118653785873,2022-01-21 00:00:00+00:00,0.15073986708822093,0.14333984099508046,target,minute interval; not exact exchange fill
81,1077125.0,1077326.0,-1.0,0.329,3209.38,3196.54,0.5279430100000001,0.52583083,0.0,4.224360000000048,3.170586160000048,10010.136091895482,2.0,10006.965505735481,0.10551510539282065,1642476420.0,2022-01-18 00:05:00+00:00,2022-01-18 00:05:00+00:00,2022-01-18 03:26:00+00:00,2022-01-18 03:27:00+00:00,3812.192015926768,3195.8988276220052,2022-01-23 00:00:00+00:00,0.022363808321353422,0.015986808068488956,target,minute interval; not exact exchange fill
82,1078565.0,1078775.0,-1.0,0.367,3150.64,3133.57,0.5781424399999999,0.575010095,0.0,6.264689999999893,5.111537464999894,10015.247629360481,2.0,10010.136091895482,0.11551140457882128,1642563360.0,2022-01-19 00:05:00+00:00,2022-01-19 00:05:00+00:00,2022-01-19 03:35:00+00:00,2022-01-19 03:36:00+00:00,3690.600133073824,3132.941336023807,2022-01-24 00:00:00+00:00,0.032777723561626886,0.025794302480652714,target,minute interval; not exact exchange fill
83,1080005.0,1081320.0,-1.0,0.395,3085.4700000000003,3068.71,0.6093803250000001,0.6060702250000001,-0.252737259891785,6.620200000000087,5.657486709891872,10020.905116070373,2.0,10015.247629360481,0.12169051581182157,1642716060.0,2022-01-20 00:05:00+00:00,2022-01-20 00:05:00+00:00,2022-01-20 22:00:00+00:00,2022-01-20 22:01:00+00:00,3587.0638697025975,3068.089299595677,2022-01-25 00:00:00+00:00,0.034650942633387034,0.02855447809355286,target,minute interval; not exact exchange fill
84,1081445.0,1081447.0,-1.0,0.47300000000000003,2978.66,2977.69,0.70445309,0.7042236850000001,0.0,0.4588099999999054,-0.9498667750000946,10019.955249295374,2.0,10020.905116070373,0.1405966989688944,1642723680.0,2022-01-21 00:05:00+00:00,2022-01-21 00:05:00+00:00,2022-01-21 00:07:00+00:00,2022-01-21 00:08:00+00:00,3398.1844146645135,2977.0887322613526,2022-01-26 00:00:00+00:00,0.0037453547009982926,-0.00478678934956885,target,minute interval; not exact exchange fill
85,1082885.0,1083101.0,-1.0,0.588,2576.2000000000003,2543.26,0.7574028,0.74771844,0.0,19.36872000000003,17.86359876000003,10037.818848055374,2.0,10019.955249295374,0.15117887877857786,1642822920.0,2022-01-22 00:05:00+00:00,2022-01-22 00:05:00+00:00,2022-01-22 03:41:00+00:00,2022-01-22 03:42:00+00:00,2913.3494108924683,2542.7440596798447,2022-01-27 00:00:00+00:00,0.09923179231307094,0.09010921869796674,target,minute interval; not exact exchange fill
86,1084325.0,1086320.0,-1.0,0.467,2398.13,2347.02,0.559963355,0.5480291700000001,0.22430505330507367,23.86837000000006,22.536072421694985,10060.35492047707,2.0,10037.818848055374,0.11157072337651953,1643016060.0,2022-01-23 00:05:00+00:00,2022-01-23 00:05:00+00:00,2022-01-24 09:20:00+00:00,2022-01-24 09:21:00+00:00,2824.335306702779,2346.5408090127366,2022-01-28 00:00:00+00:00,0.12104305173102888,0.11322504350468832,target,minute interval; not exact exchange fill
87,1087205.0,1087207.0,-1.0,0.333,2438.61,2426.28,0.40602856500000006,0.40397562000000004,0.0,4.105889999999976,3.2958858149999752,10063.650806292071,2.0,10060.35492047707,0.0807185369123629,1643069280.0,2022-01-25 00:05:00+00:00,2022-01-25 00:05:00+00:00,2022-01-25 00:07:00+00:00,2022-01-25 00:08:00+00:00,3039.2502255688737,2425.78747962333,2022-01-30 00:00:00+00:00,0.02134808797483679,0.016478341906964074,target,minute interval; not exact exchange fill
88,1088645.0,1088686.0,-1.0,0.354,2445.01,2431.16,0.43276677,0.43031531999999995,0.0,4.902900000000129,4.039817910000129,10067.69062420207,2.0,10063.650806292071,0.08600591938850309,1643158020.0,2022-01-26 00:05:00+00:00,2022-01-26 00:05:00+00:00,2022-01-26 00:46:00+00:00,2022-01-26 00:47:00+00:00,3009.0350542759816,2430.6693172507175,2022-01-31 00:00:00+00:00,0.02542561299460588,0.02023299304434167,target,minute interval; not exact exchange fill
89,1090085.0,1090148.0,-1.0,0.392,2461.27,2447.51,0.48240892,0.47971196000000005,0.0,5.393919999999907,4.431799119999907,10072.122423322071,2.0,10067.69062420207,0.09583308387334043,1643245740.0,2022-01-27 00:05:00+00:00,2022-01-27 00:05:00+00:00,2022-01-27 01:08:00+00:00,2022-01-27 01:09:00+00:00,2971.3253084201533,2447.0164631220214,2022-02-01 00:00:00+00:00,0.027945080940589652,0.022165458948006617,target,minute interval; not exact exchange fill
90,1091525.0,1091612.0,-1.0,0.47700000000000004,2430.54,2399.16,0.57968379,0.57219966,0.0,14.968260000000052,13.81637655000005,10085.93879987207,2.0,10072.122423322071,0.11510658144061833,1643333580.0,2022-01-28 00:05:00+00:00,2022-01-28 00:05:00+00:00,2022-01-28 01:32:00+00:00,2022-01-28 01:33:00+00:00,2848.5833013967745,2398.679742170499,2022-02-02 00:00:00+00:00,0.07621281748337722,0.06928743961025371,target,minute interval; not exact exchange fill
91,1092965.0,1095961.0,-1.0,0.442,2549.9500000000003,2512.54,0.5635389500000001,0.55527134,-0.15296747577303751,16.535220000000137,15.569377185773176,10101.508177057842,2.0,10085.93879987207,0.11174744586139032,1643594520.0,2022-01-29 00:05:00+00:00,2022-01-29 00:05:00+00:00,2022-01-31 02:01:00+00:00,2022-01-31 02:02:00+00:00,3001.9116667212315,2512.0333692765853,2022-02-03 00:00:00+00:00,0.08389346600671303,0.07793766121244271,target,minute interval; not exact exchange fill
92,1097285.0,1099634.0,-1.0,0.334,2684.14,2673.4700000000003,0.44825138,0.4464694900000001,0.34452308071358323,3.5637799999998725,2.3245360492862894,10103.832713107131,2.0,10101.508177057842,0.08874939704905677,1643814900.0,2022-02-01 00:05:00+00:00,2022-02-01 00:05:00+00:00,2022-02-02 15:14:00+00:00,2022-02-02 15:15:00+00:00,3283.6567185748677,2672.9294260516485,2022-02-06 00:00:00+00:00,0.01869935166278663,0.01160883183852212,target,minute interval; not exact exchange fill
93,1100165.0,1100167.0,-1.0,0.393,2673.69,2663.94,0.525380085,0.52346421,0.0,3.83175,2.782905705,10106.615618812131,2.0,10103.832713107131,0.10399619627875552,1643846880.0,2022-02-03 00:05:00+00:00,2022-02-03 00:05:00+00:00,2022-02-03 00:07:00+00:00,2022-02-03 00:08:00+00:00,3183.8753948497056,2663.399350608645,2022-02-08 00:00:00+00:00,0.020170411570457927,0.013879630956676116,target,minute interval; not exact exchange fill
94,1101605.0,1106810.0,-1.0,0.46,2689.21,3125.03,0.6185183000000001,0.7187569000000001,-1.0668373867912924,-200.4772000000001,-200.7476378132088,9905.867980998923,1.0,10106.615618812131,0.1223986986996339,1644245460.0,2022-02-04 00:05:00+00:00,2022-02-04 00:05:00+00:00,2022-02-07 14:50:00+00:00,2022-02-07 14:51:00+00:00,3124.399726180101,2670.088757379652,2022-02-09 00:00:00+00:00,0.04393771605820178,-1.0027991977663997,stop,minute interval; not exact exchange fill
95,1107365.0,1107371.0,-1.0,0.36,3142.5,3125.08,0.56565,0.5625144,0.0,6.271200000000026,5.143035600000026,9911.011016598923,2.0,9905.867980998923,0.11420503505296241,1644279120.0,2022-02-08 00:05:00+00:00,2022-02-08 00:05:00+00:00,2022-02-08 00:11:00+00:00,2022-02-08 00:12:00+00:00,3688.3975345736517,3124.4473150838367,2022-02-13 00:00:00+00:00,0.03306973153901962,0.02617013101397804,target,minute interval; not exact exchange fill
96,1108805.0,1108926.0,-1.0,0.354,3116.73,3086.9500000000003,0.55166121,0.54639015,0.0,10.54211999999991,9.444068639999909,9920.455085238922,2.0,9911.011016598923,0.11132289310870101,1644372420.0,2022-02-09 00:05:00+00:00,2022-02-09 00:05:00+00:00,2022-02-09 02:06:00+00:00,2022-02-09 02:07:00+00:00,3672.281322169644,3086.3294044352356,2022-02-14 00:00:00+00:00,0.05472148899950104,0.04802105392497518,target,minute interval; not exact exchange fill
97,1110245.0,1110255.0,-1.0,0.35000000000000003,3242.29,3225.48,0.56740075,0.564459,0.0,5.883499999999981,4.751640249999981,9925.206725488923,2.0,9920.455085238922,0.11439006479536616,1644452160.0,2022-02-10 00:05:00+00:00,2022-02-10 00:05:00+00:00,2022-02-10 00:15:00+00:00,2022-02-10 00:16:00+00:00,3803.3893655849033,3224.8301172051165,2022-02-15 00:00:00+00:00,0.03111727416886824,0.024195562912190924,target,minute interval; not exact exchange fill
98,1113125.0,1113522.0,-1.0,0.445,2923.65,2893.13,0.6505121250000001,0.6437214250000001,0.0,13.581399999999991,12.28716644999999,9937.493891938922,2.0,9925.206725488923,0.13108283645708255,1644648180.0,2022-02-12 00:05:00+00:00,2022-02-12 00:05:00+00:00,2022-02-12 06:42:00+00:00,2022-02-12 06:43:00+00:00,3365.050794084775,2892.542428046278,2022-02-17 00:00:00+00:00,0.07047466241700412,0.06255450912192269,target,minute interval; not exact exchange fill
99,1114565.0,1115679.0,-1.0,0.425,2910.21,2864.18,0.618419625,0.6086382499999999,-0.041758332663322184,19.562750000000083,18.377450457663404,9955.871342396586,2.0,9937.493891938922,0.12446188782096228,1644777600.0,2022-02-13 00:05:00+00:00,2022-02-13 00:05:00+00:00,2022-02-13 18:39:00+00:00,2022-02-13 18:40:00+00:00,3373.029758993542,2863.60308168917,2022-02-18 00:00:00+00:00,0.10070209278053002,0.0934295890789482,target,minute interval; not exact exchange fill
100,1116005.0,1122645.0,-1.0,0.451,2865.46,2800.0,0.64616123,0.6314,-0.784324907129486,29.522460000000017,29.0292236771295,9984.900566073717,2.0,9955.871342396586,0.1298050582972792,1645195560.0,2022-02-14 00:05:00+00:00,2022-02-14 00:05:00+00:00,2022-02-18 14:45:00+00:00,2022-02-18 14:46:00+00:00,3302.82336167126,2799.433940849562,2022-02-19 00:00:00+00:00,0.15096385508410698,0.14716904811307782,target,minute interval; not exact exchange fill
101,1123205.0,1123892.0,-1.0,0.502,2772.6,2747.09,0.6959226000000001,0.68951959,-0.09931050297439999,12.806019999999881,11.519888312974283,9996.42045438669,2.0,9984.900566073717,0.13939499855703663,1645270380.0,2022-02-19 00:05:00+00:00,2022-02-19 00:05:00+00:00,2022-02-19 11:32:00+00:00,2022-02-19 11:33:00+00:00,3166.4229273664755,2746.5406909520416,2022-02-24 00:00:00+00:00,0.06617011666186867,0.058269803743156136,target,minute interval; not exact exchange fill
102,1124645.0,1124708.0,-1.0,0.498,2759.28,2715.9900000000002,0.6870607200000001,0.67628151,0.0,21.55841999999998,20.19507776999998,10016.615532156691,2.0,9996.42045438669,0.1374613489168515,1645319340.0,2022-02-20 00:05:00+00:00,2022-02-20 00:05:00+00:00,2022-02-20 01:08:00+00:00,2022-02-20 01:09:00+00:00,3156.5264693473073,2715.437308110632,2022-02-25 00:00:00+00:00,0.11036647339220847,0.10208363856985117,target,minute interval; not exact exchange fill
103,1126085.0,1127507.0,-1.0,0.5730000000000001,2606.2400000000002,2560.9,0.7466877600000001,0.7336978500000001,0.11103643958825025,25.979820000000085,24.388397950411836,10041.003930107103,2.0,10016.615532156691,0.14908983131136108,1645487280.0,2022-02-21 00:05:00+00:00,2022-02-21 00:05:00+00:00,2022-02-21 23:47:00+00:00,2022-02-21 23:48:00+00:00,2951.813603586641,2560.384247715792,2022-02-26 00:00:00+00:00,0.1326946034311664,0.1231652206255599,target,minute interval; not exact exchange fill
104,1127525.0,1127527.0,-1.0,0.456,2565.94,2554.27,0.58503432,0.58237356,0.0,5.321520000000033,4.1541121200000335,10045.158042227104,2.0,10041.003930107103,0.11652904910151941,1645488480.0,2022-02-22 00:05:00+00:00,2022-02-22 00:05:00+00:00,2022-02-22 00:07:00+00:00,2022-02-22 00:08:00+00:00,3002.4576453812624,2553.758640985216,2022-02-27 00:00:00+00:00,0.027905765422482694,0.020869477090767606,target,minute interval; not exact exchange fill
105,1128965.0,1129123.0,-1.0,0.405,2638.63,2607.32,0.534322575,0.5279823000000001,0.0,12.680549999999979,11.618245124999978,10056.776287352104,2.0,10045.158042227104,0.10638410520847033,1645584240.0,2022-02-23 00:05:00+00:00,2022-02-23 00:05:00+00:00,2022-02-23 02:43:00+00:00,2022-02-23 02:44:00+00:00,3129.7570191788996,2606.788842876232,2022-02-28 00:00:00+00:00,0.0648328352551286,0.058410602308056524,target,minute interval; not exact exchange fill
106,1130405.0,1130436.0,-1.0,0.511,2573.09,2563.57,0.6574244950000001,0.6549921350000001,0.0,4.86471999999999,3.5523033699999904,10060.328590722103,2.0,10056.776287352104,0.13074259110781045,1645663020.0,2022-02-24 00:05:00+00:00,2022-02-24 00:05:00+00:00,2022-02-24 00:36:00+00:00,2022-02-24 00:37:00+00:00,2962.50585078355,2563.0532625804017,2022-03-01 00:00:00+00:00,0.02577382867031063,0.01785153322858433,target,minute interval; not exact exchange fill
107,1131845.0,1132405.0,-1.0,0.47700000000000004,2593.65,2572.39,0.6185855250000001,0.613515015,-0.124624359,10.141020000000104,9.033543819000103,10069.362134541103,2.0,10060.328590722103,0.12297521287137196,1645781160.0,2022-02-25 00:05:00+00:00,2022-02-25 00:05:00+00:00,2022-02-25 09:25:00+00:00,2022-02-25 09:26:00+00:00,3011.763530218675,2571.8741767354495,2022-03-02 00:00:00+00:00,0.05208112555736177,0.045294508862450455,target,minute interval; not exact exchange fill
108,1133285.0,1133835.0,-1.0,0.557,2769.9700000000003,2728.71,0.7714366450000001,0.7599457350000002,-0.15550038728809604,22.981820000000123,21.60593800728822,10090.96807254839,2.0,10069.362134541103,0.15322453094694607,1645866960.0,2022-02-26 00:05:00+00:00,2022-02-26 00:05:00+00:00,2022-02-26 09:15:00+00:00,2022-02-26 09:16:00+00:00,3126.984794277142,2728.158007711903,2022-03-03 00:00:00+00:00,0.11711557324327503,0.10865049702230721,target,minute interval; not exact exchange fill
109,1134725.0,1134786.0,-1.0,0.465,2774.92,2728.8,0.6451689,0.6344460000000001,0.0,21.44579999999995,20.166185099999947,10111.13425764839,2.0,10090.96807254839,0.12787056610656145,1645924020.0,2022-02-27 00:05:00+00:00,2022-02-27 00:05:00+00:00,2022-02-27 01:06:00+00:00,2022-02-27 01:07:00+00:00,3204.3375634143517,2728.246969257957,2022-03-04 00:00:00+00:00,0.10868915181517036,0.10099293483753782,target,minute interval; not exact exchange fill
110,1136165.0,1137611.0,-1.0,0.545,2603.4700000000003,2971.44,0.709445575,0.8097174000000001,-0.11517178668196927,-200.5436499999999,-201.94764118831793,9909.186616460074,1.0,10111.13425764839,0.14032957271106403,1646093520.0,2022-02-28 00:05:00+00:00,2022-02-28 00:05:00+00:00,2022-03-01 00:11:00+00:00,2022-03-01 00:12:00+00:00,2970.8402802055566,2551.64772128633,2022-03-05 00:00:00+00:00,0.14106279551158513,-1.0086448212779582,stop,minute interval; not exact exchange fill
111,1139045.0,1139065.0,-1.0,0.395,2976.7400000000002,2946.9,0.58790615,0.5820127500000001,0.0,11.786800000000058,10.616881100000057,9919.803497560075,2.0,9909.186616460074,0.11865881080964479,1646180760.0,2022-03-02 00:05:00+00:00,2022-03-02 00:05:00+00:00,2022-03-02 00:25:00+00:00,2022-03-02 00:26:00+00:00,3474.076323132734,2946.3095325684158,2022-03-07 00:00:00+00:00,0.061186899118693364,0.054044272959380524,target,minute interval; not exact exchange fill
112,1140485.0,1140491.0,-1.0,0.40900000000000003,2937.26,2931.69,0.6006696700000002,0.599530605,0.0,2.278130000000067,1.0779297250000668,9920.881427285074,2.0,9919.803497560075,0.12110515498573009,1646266320.0,2022-03-03 00:05:00+00:00,2022-03-03 00:05:00+00:00,2022-03-03 00:11:00+00:00,2022-03-03 00:12:00+00:00,3417.265547436646,2931.102224344854,2022-03-08 00:00:00+00:00,0.012828551019941573,0.005490613627435245,target,minute interval; not exact exchange fill
113,1141925.0,1141940.0,-1.0,0.47100000000000003,2833.9900000000002,2810.2400000000002,0.6674046450000001,0.6618115200000001,0.0,11.186250000000001,9.857033835000001,9930.738461120074,2.0,9920.881427285074,0.13454543326452004,1646353260.0,2022-03-04 00:05:00+00:00,2022-03-04 00:05:00+00:00,2022-03-04 00:20:00+00:00,2022-03-04 00:21:00+00:00,3250.395705835446,2809.670759219483,2022-03-09 00:00:00+00:00,0.058402755869362846,0.050258401137928316,target,minute interval; not exact exchange fill
114,1143365.0,1145402.0,-1.0,0.634,2615.88,2588.29,0.82923396,0.82048793,-0.02187762447659379,17.49206000000009,15.864215734476684,9946.60267685455,2.0,9930.738461120074,0.16700348382882935,1646560980.0,2022-03-05 00:05:00+00:00,2022-03-05 00:05:00+00:00,2022-03-06 10:02:00+00:00,2022-03-06 10:03:00+00:00,2925.2225446355565,2587.7701398154272,2022-03-10 00:00:00+00:00,0.09086968692809377,0.0808890426747047,target,minute interval; not exact exchange fill
115,1146245.0,1146752.0,-1.0,0.492,2536.8,2502.78,0.6240528000000001,0.6156838800000001,0.012396481200000002,16.73783999999999,15.48570683879999,9962.088383693352,2.0,9946.60267685455,0.12548059277609477,1646641980.0,2022-03-07 00:05:00+00:00,2022-03-07 00:05:00+00:00,2022-03-07 08:32:00+00:00,2022-03-07 08:33:00+00:00,2937.4986511614575,2502.2751892748347,2022-03-12 00:00:00+00:00,0.08616153467223445,0.07855033654035799,target,minute interval; not exact exchange fill
116,1147685.0,1154880.0,-1.0,0.5,2493.53,2568.15,0.6233825000000001,0.6420375,-1.1296139795321112,-37.309999999999945,-37.445806020467835,9924.642577672883,4.0,9962.088383693352,0.12515096754620175,1647129600.0,2022-03-08 00:05:00+00:00,2022-03-08 00:05:00+00:00,2022-03-13 00:00:00+00:00,2022-03-13 00:00:00+00:00,2888.043071205931,2477.852881904313,2022-03-13 00:00:00+00:00,0.039737892708512655,-0.1898330309107634,timeout,minute interval; not exact exchange fill
117,1156325.0,1163097.0,-1.0,0.47900000000000004,2511.9700000000003,2922.6,0.6016168150000001,0.6999627,-1.2959882981010737,-196.69176999999985,-196.69736121689877,9727.945216455984,1.0,9924.642577672883,0.12123697358198796,1647622680.0,2022-03-14 00:05:00+00:00,2022-03-14 00:05:00+00:00,2022-03-18 16:57:00+00:00,2022-03-18 16:58:00+00:00,2922.008769778757,2464.818393575754,2022-03-19 00:00:00+00:00,0.11499304431551158,-1.0014703558597755,stop,minute interval; not exact exchange fill
118,1163525.0,1164857.0,-1.0,0.612,2942.75,2902.62,0.9004815,0.88820172,-0.360524163419928,24.559560000000065,23.13140094341999,9751.076617399403,2.0,9727.945216455984,0.18513292991755909,1647728280.0,2022-03-19 00:05:00+00:00,2022-03-19 00:05:00+00:00,2022-03-19 22:17:00+00:00,2022-03-19 22:18:00+00:00,3256.2530588433847,2902.0314827244856,2022-03-24 00:00:00+00:00,0.12988236040100634,0.1205615246936901,target,minute interval; not exact exchange fill
119,1164965.0,1165530.0,-1.0,0.537,2955.65,2900.59,0.793592025,0.7788084150000001,-0.15708328168032903,29.567219999999974,28.151902841680304,9779.228520241082,2.0,9751.076617399403,0.16277013424014092,1647768660.0,2022-03-20 00:05:00+00:00,2022-03-20 00:05:00+00:00,2022-03-20 09:30:00+00:00,2022-03-20 09:31:00+00:00,3314.2341204419954,2900.00006174087,2022-03-25 00:00:00+00:00,0.15519353782464002,0.146198331406862,target,minute interval; not exact exchange fill
120,1166405.0,1166554.0,-1.0,0.47300000000000003,2859.77,2831.65,0.676335605,0.669685225,0.0,13.300759999999949,11.954739169999948,9791.183259411082,2.0,9779.228520241082,0.13832085089332316,1647830100.0,2022-03-21 00:05:00+00:00,2022-03-21 00:05:00+00:00,2022-03-21 02:34:00+00:00,2022-03-21 02:35:00+00:00,3268.9147566471524,2831.0808106043373,2022-03-26 00:00:00+00:00,0.07011989993655054,0.061773466699455964,target,minute interval; not exact exchange fill
121,1167845.0,1175040.0,-1.0,0.456,2887.2200000000003,3144.1,0.6582861600000002,0.7168548,-1.6189604752311393,-117.13727999999985,-116.89346048476871,9674.289798926313,4.0,9791.183259411082,0.13446508814290023,1648339200.0,2022-03-22 00:05:00+00:00,2022-03-22 00:05:00+00:00,2022-03-27 00:00:00+00:00,2022-03-27 00:00:00+00:00,3311.9980282541665,2876.945504742944,2022-03-27 00:00:00+00:00,0.024187915978809312,-0.6034806205354123,timeout,minute interval; not exact exchange fill
122,1176485.0,1181898.0,-1.0,0.441,3280.89,3265.53,0.723436245,0.720049365,-1.611079451361701,6.7737599999998555,6.941353841361556,9681.231152767676,2.0,9674.289798926313,0.14955852264840971,1648750740.0,2022-03-28 00:05:00+00:00,2022-03-28 00:05:00+00:00,2022-03-31 18:18:00+00:00,2022-03-31 18:19:00+00:00,3714.569335835595,3264.8757599368437,2022-04-02 00:00:00+00:00,0.03692645404075023,0.03629416964490628,target,minute interval; not exact exchange fill
123,1182245.0,1182354.0,-1.0,0.444,3285.2400000000002,3258.66,0.7293232800000001,0.72342252,0.0,11.80152000000017,10.34877420000017,9691.579926967675,2.0,9681.231152767676,0.15066746542695672,1648778100.0,2022-04-01 00:05:00+00:00,2022-04-01 00:05:00+00:00,2022-04-01 01:54:00+00:00,2022-04-01 01:55:00+00:00,3716.2008116742104,3258.0015759047988,2022-04-06 00:00:00+00:00,0.06320394652447583,0.054083919856778934,target,minute interval; not exact exchange fill
124,1183685.0,1185201.0,-1.0,0.518,3441.86,3422.12,0.8914417400000001,0.88632908,-0.538052093243924,10.225320000000123,8.985601273244047,9700.56552824092,2.0,9691.579926967675,0.18396210870004484,1648948920.0,2022-04-02 00:05:00+00:00,2022-04-02 00:05:00+00:00,2022-04-03 01:21:00+00:00,2022-04-03 01:22:00+00:00,3810.816743034618,3421.432496548156,2022-04-07 00:00:00+00:00,0.05536557831639222,0.047015594462494106,target,minute interval; not exact exchange fill
125,1186565.0,1186585.0,-1.0,0.438,3514.69,3490.41,0.7697171100000001,0.7643997899999999,0.0,10.634640000000088,9.100523100000087,9709.66605134092,2.0,9700.56552824092,0.15869530652808833,1649031960.0,2022-04-04 00:05:00+00:00,2022-04-04 00:05:00+00:00,2022-04-04 00:25:00+00:00,2022-04-04 00:26:00+00:00,3952.028262158212,3489.7116717011654,2022-04-09 00:00:00+00:00,0.0571144362616927,0.04750887767620875,target,minute interval; not exact exchange fill
126,1188005.0,1188031.0,-1.0,0.445,3519.11,3509.2200000000003,0.783001975,0.78080145,0.0,4.401049999999944,2.837246574999944,9712.50329791592,2.0,9709.66605134092,0.16128298766606214,1649118720.0,2022-04-05 00:05:00+00:00,2022-04-05 00:05:00+00:00,2022-04-05 00:31:00+00:00,2022-04-05 00:32:00+00:00,3950.5466928814403,3508.513930354002,2022-04-10 00:00:00+00:00,0.02455996400127739,0.0147781473045733,target,minute interval; not exact exchange fill
127,1190885.0,1190931.0,-1.0,0.447,3175.0,3152.91,0.7096125000000001,0.704675385,0.0,9.874230000000065,8.459942115000064,9720.96324003092,2.0,9712.50329791592,0.14612350250676703,1649292720.0,2022-04-07 00:05:00+00:00,2022-04-07 00:05:00+00:00,2022-04-07 00:51:00+00:00,2022-04-07 00:52:00+00:00,3604.3858179051476,3152.2787117773614,2022-04-12 00:00:00+00:00,0.052915786398091434,0.04407701468188908,target,minute interval; not exact exchange fill
128,1192325.0,1193654.0,-1.0,0.375,3226.48,3200.75,0.6049650000000001,0.600140625,-0.08340894483287026,9.648750000000007,8.527053319832877,9729.490293350753,2.0,9720.96324003092,0.124466060628386,1649456100.0,2022-04-08 00:05:00+00:00,2022-04-08 00:05:00+00:00,2022-04-08 22:14:00+00:00,2022-04-08 22:15:00+00:00,3739.7730438141384,3200.1018355590495,2022-04-13 00:00:00+00:00,0.0513900680300315,0.0442998578042708,target,minute interval; not exact exchange fill
129,1193765.0,1196809.0,-1.0,0.618,3199.92,3162.4500000000003,0.98877528,0.9771970500000001,-1.0109614952764234,23.156459999999875,22.201449165276298,9751.691742516028,2.0,9729.490293350753,0.20325325380626375,1649645400.0,2022-04-09 00:05:00+00:00,2022-04-09 00:05:00+00:00,2022-04-11 02:49:00+00:00,2022-04-11 02:50:00+00:00,3509.7845982236317,3161.815359394727,2022-04-14 00:00:00+00:00,0.12297190716111711,0.11593668728426929,target,minute interval; not exact exchange fill
130,1198085.0,1198089.0,-1.0,0.531,2987.37,2970.3,0.7931467350000001,0.7886146500000001,0.0,9.064169999999846,7.482408614999845,9759.174151131027,2.0,9751.691742516028,0.16266854120131585,1649722200.0,2022-04-12 00:05:00+00:00,2022-04-12 00:05:00+00:00,2022-04-12 00:09:00+00:00,2022-04-12 00:10:00+00:00,3350.2701739212025,2969.7050995866703,2022-04-17 00:00:00+00:00,0.04867702382850126,0.0388293145405308,target,minute interval; not exact exchange fill
131,1199525.0,1199601.0,-1.0,0.511,3027.67,3009.61,0.7735696850000001,0.7689553550000001,0.0,9.228659999999973,7.686134959999973,9766.860286091027,2.0,9759.174151131027,0.1585317923464555,1649812920.0,2022-04-13 00:05:00+00:00,2022-04-13 00:05:00+00:00,2022-04-13 01:21:00+00:00,2022-04-13 01:22:00+00:00,3405.1164113858053,3008.9998000314563,2022-04-18 00:00:00+00:00,0.04946450517305387,0.03985031926724423,target,minute interval; not exact exchange fill
132,1200965.0,1201312.0,-1.0,0.453,3113.9500000000003,3103.01,0.7053096750000001,0.702831765,0.0,4.955820000000025,3.5476785600000253,9770.407964651027,2.0,9766.860286091027,0.14442915212055008,1649915580.0,2022-04-14 00:05:00+00:00,2022-04-14 00:05:00+00:00,2022-04-14 05:52:00+00:00,2022-04-14 05:53:00+00:00,3540.565607120369,3102.382045230558,2022-04-19 00:00:00+00:00,0.027115638941400226,0.018357321835603662,target,minute interval; not exact exchange fill
133,1202405.0,1203264.0,-1.0,0.454,3024.01,2999.33,0.68645027,0.68084791,0.0506256184512,11.204720000000133,9.786796201548933,9780.194760852577,2.0,9770.407964651027,0.14051619389559813,1650032700.0,2022-04-15 00:05:00+00:00,2022-04-15 00:05:00+00:00,2022-04-15 14:24:00+00:00,2022-04-15 14:25:00+00:00,3449.6503639292473,2998.729759463974,2022-04-20 00:00:00+00:00,0.05939342853355062,0.050645619292778395,target,minute interval; not exact exchange fill
134,1203845.0,1204754.0,-1.0,0.687,3036.59,3014.0,1.0430686650000003,1.0353090000000003,0.256553637927,15.519330000000101,13.184398697073101,9793.379159549651,2.0,9780.194760852577,0.2133022277174104,1650122100.0,2022-04-16 00:05:00+00:00,2022-04-16 00:05:00+00:00,2022-04-16 15:14:00+00:00,2022-04-16 15:15:00+00:00,3317.037842881585,3013.3959084933163,2022-04-21 00:00:00+00:00,0.08270376148508031,0.06843077943410451,target,minute interval; not exact exchange fill
135,1205285.0,1205466.0,-1.0,0.538,3059.42,3022.7000000000003,0.8229839800000001,0.8131063000000002,0.0,19.755359999999893,18.119269719999892,9811.49842926965,2.0,9793.379159549651,0.16806946133551823,1650164820.0,2022-04-17 00:05:00+00:00,2022-04-17 00:05:00+00:00,2022-04-17 03:06:00+00:00,2022-04-17 03:07:00+00:00,3418.903220701883,3022.0943026930026,2022-04-22 00:00:00+00:00,0.10383154249625288,0.09368709875871928,target,minute interval; not exact exchange fill
136,1206725.0,1206974.0,-1.0,0.555,2981.81,2961.71,0.8274522750000001,0.8218745250000001,0.0,11.15549999999995,9.50617319999995,9821.00460246965,2.0,9811.49842926965,0.16866990928348835,1650255300.0,2022-04-18 00:05:00+00:00,2022-04-18 00:05:00+00:00,2022-04-18 04:14:00+00:00,2022-04-18 04:15:00+00:00,3331.024148473865,2961.1081035826137,2022-04-23 00:00:00+00:00,0.05928137937096089,0.049047955459003346,target,minute interval; not exact exchange fill
137,1208165.0,1208297.0,-1.0,0.562,3058.92,3045.88,0.8595565200000002,0.8558922800000002,0.0,7.32847999999998,5.6130311999999805,9826.61763366965,2.0,9821.00460246965,0.17504452035056592,1650334680.0,2022-04-19 00:05:00+00:00,2022-04-19 00:05:00+00:00,2022-04-19 02:17:00+00:00,2022-04-19 02:18:00+00:00,3403.8892950345266,3045.270105512508,2022-04-24 00:00:00+00:00,0.039568433144537854,0.028952141955127766,target,minute interval; not exact exchange fill
138,1209605.0,1210519.0,-1.0,0.561,3093.1,3064.4700000000003,0.86761455,0.8595838350000001,-0.11425642514152576,16.061429999999806,14.448488040141331,9841.066121709793,2.0,9826.61763366965,0.17658457514968925,1650468000.0,2022-04-20 00:05:00+00:00,2022-04-20 00:05:00+00:00,2022-04-20 15:19:00+00:00,2022-04-20 15:20:00+00:00,3438.687379444485,3063.847911246072,2022-04-25 00:00:00+00:00,0.08464455154858201,0.0745249455676387,target,minute interval; not exact exchange fill
139,1211045.0,1212123.0,-1.0,0.535,3073.04,3054.21,0.8220382,0.8170011750000001,0.2312528947099548,10.074049999999962,8.203757730290008,9849.269879440082,2.0,9841.066121709793,0.16706283441924047,1650564240.0,2022-04-21 00:05:00+00:00,2022-04-21 00:05:00+00:00,2022-04-21 18:03:00+00:00,2022-04-21 18:04:00+00:00,3436.582724136923,3053.5912083606504,2022-04-26 00:00:00+00:00,0.05349795319249593,0.04217970978535535,target,minute interval; not exact exchange fill
140,1212485.0,1213344.0,-1.0,0.464,2972.86,2961.66,0.68970352,0.6871051200000001,0.24030424140800002,5.196800000000127,3.5796871185921266,9852.849566558674,2.0,9849.269879440082,0.14005170503850764,1650637500.0,2022-04-22 00:05:00+00:00,2022-04-22 00:05:00+00:00,2022-04-22 14:24:00+00:00,2022-04-22 14:25:00+00:00,3393.181804125974,2961.061032958489,2022-04-27 00:00:00+00:00,0.02807127045442327,0.018354610330155684,target,minute interval; not exact exchange fill
141,1213925.0,1214182.0,-1.0,0.725,2968.69,2933.84,1.0761501249999998,1.063517,0.0,25.266249999999932,23.12658287499993,9875.976149433674,2.0,9852.849566558674,0.218444444468641,1650687780.0,2022-04-23 00:05:00+00:00,2022-04-23 00:05:00+00:00,2022-04-23 04:22:00+00:00,2022-04-23 04:23:00+00:00,3236.3140297462974,2933.2482319664296,2022-04-28 00:00:00+00:00,0.13243118739064144,0.11919234244488179,target,minute interval; not exact exchange fill
142,1215365.0,1216810.0,-1.0,0.5730000000000001,2935.27,2896.54,0.8409548550000001,0.8298587100000001,0.08435877306484463,22.192290000000014,20.43711766193517,9896.41326709561,2.0,9875.976149433674,0.1703031360698909,1650845460.0,2022-04-24 00:05:00+00:00,2022-04-24 00:05:00+00:00,2022-04-25 00:10:00+00:00,2022-04-25 00:11:00+00:00,3275.3938488725776,2895.9513960405743,2022-04-29 00:00:00+00:00,0.11560084389776447,0.10486436669637986,target,minute interval; not exact exchange fill
143,1218245.0,1218396.0,-1.0,0.577,3009.71,2998.15,0.8683013350000001,0.864966275,0.0,6.670119999999968,4.936852389999968,9901.350119485609,2.0,9896.41326709561,0.17547798612796378,1650940620.0,2022-04-26 00:05:00+00:00,2022-04-26 00:05:00+00:00,2022-04-26 02:36:00+00:00,2022-04-26 02:37:00+00:00,3348.3189829999174,2997.548784122138,2022-05-01 00:00:00+00:00,0.0359152192895753,0.025268290061879528,target,minute interval; not exact exchange fill
144,1219685.0,1224903.0,-1.0,0.612,2815.43,2773.23,0.86152158,0.84860838,0.16796438425206267,25.82639999999989,23.948305655747824,9925.298425141356,2.0,9901.350119485609,0.17402103139541486,1651331040.0,2022-04-27 00:05:00+00:00,2022-04-27 00:05:00+00:00,2022-04-30 15:03:00+00:00,2022-04-30 15:04:00+00:00,3134.7322778118296,2772.673084295291,2022-05-02 00:00:00+00:00,0.13390733068902844,0.12255226821402601,target,minute interval; not exact exchange fill
145,1225445.0,1232358.0,-1.0,0.608,2731.19,2693.0,0.83028176,0.8186720000000001,-1.0367653033494304,23.21952000000003,22.607331543349463,9947.90575668471,2.0,9925.298425141356,0.16730615532865956,1651778340.0,2022-05-01 00:05:00+00:00,2022-05-01 00:05:00+00:00,2022-05-05 19:18:00+00:00,2022-05-05 19:19:00+00:00,3053.7510283229312,2692.4553401476946,2022-05-06 00:00:00+00:00,0.12008474815973832,0.1152746544874278,target,minute interval; not exact exchange fill
146,1232645.0,1232692.0,-1.0,0.509,2746.3,2727.93,0.69893335,0.694258185,0.0,9.350330000000175,7.957138465000175,9955.862895149708,2.0,9947.90575668471,0.14051869149048515,1651798380.0,2022-05-06 00:05:00+00:00,2022-05-06 00:05:00+00:00,2022-05-06 00:52:00+00:00,2022-05-06 00:53:00+00:00,3133.0611373981956,2727.3827281150047,2022-05-11 00:00:00+00:00,0.048912028784109454,0.04041999955105439,target,minute interval; not exact exchange fill
147,1234085.0,1234288.0,-1.0,0.747,2690.81,2666.43,1.005017535,0.9959116049999999,0.0,18.211860000000083,16.210930860000083,9972.073826009708,2.0,9955.862895149708,0.20189461136304393,1651894140.0,2022-05-07 00:05:00+00:00,2022-05-07 00:05:00+00:00,2022-05-07 03:28:00+00:00,2022-05-07 03:29:00+00:00,2953.506959590217,2665.890343518948,2022-05-12 00:00:00+00:00,0.0948608484845967,0.08260993973379922,target,minute interval; not exact exchange fill
148,1235525.0,1235631.0,-1.0,0.674,2631.1,2602.94,0.8866807,0.8771907800000002,0.0,18.979839999999903,17.215968519999905,9989.289794529708,2.0,9972.073826009708,0.17783275885650002,1651974720.0,2022-05-08 00:05:00+00:00,2022-05-08 00:05:00+00:00,2022-05-08 01:51:00+00:00,2022-05-08 01:52:00+00:00,2923.21130069525,2602.4106877575227,2022-05-13 00:00:00+00:00,0.09821363355061628,0.08744262868025086,target,minute interval; not exact exchange fill
149,1236965.0,1237084.0,-1.0,0.673,2519.4900000000002,2496.4500000000003,0.8478083850000002,0.8400554250000002,0.0,15.505919999999977,13.818056189999975,10003.107850719707,2.0,9989.289794529708,0.1697434757502527,1652061900.0,2022-05-09 00:05:00+00:00,2022-05-09 00:05:00+00:00,2022-05-09 02:04:00+00:00,2022-05-09 02:05:00+00:00,2812.6373484871583,2495.9410501835077,2022-05-14 00:00:00+00:00,0.08033144402642996,0.07003996490488267,target,minute interval; not exact exchange fill
150,1238405.0,1238407.0,-1.0,0.797,2235.69,2221.01,0.8909224650000002,0.8850724850000001,0.0,11.69995999999987,9.923965049999868,10013.031815769707,2.0,10003.107850719707,0.17812913312454182,1652141280.0,2022-05-10 00:05:00+00:00,2022-05-10 00:05:00+00:00,2022-05-10 00:07:00+00:00,2022-05-10 00:08:00+00:00,2483.305329970195,2220.563931168941,2022-05-15 00:00:00+00:00,0.06108696433649603,0.05028626459233609,target,minute interval; not exact exchange fill
151,1239845.0,1240256.0,-1.0,0.724,2340.7400000000002,2299.83,0.84734788,0.83253846,0.0,29.618840000000223,27.938953660000223,10040.970769429707,2.0,10013.031815769707,0.16924901380329108,1652252220.0,2022-05-11 00:05:00+00:00,2022-05-11 00:05:00+00:00,2022-05-11 06:56:00+00:00,2022-05-11 06:57:00+00:00,2614.0330797454612,2299.361169173665,2022-05-16 00:00:00+00:00,0.15140826421537812,0.1412026789552882,target,minute interval; not exact exchange fill
152,1241285.0,1241437.0,-1.0,0.61,2086.58,2060.57,0.6364069,0.6284738500000001,0.0,15.866099999999856,14.601219249999854,10055.571988679707,2.0,10040.970769429707,0.12676202622510885,1652323080.0,2022-05-12 00:05:00+00:00,2022-05-12 00:05:00+00:00,2022-05-12 02:37:00+00:00,2022-05-12 02:38:00+00:00,2412.63271293758,2060.15199032771,2022-05-17 00:00:00+00:00,0.08105440814825993,0.07341274600767447,target,minute interval; not exact exchange fill
153,1242725.0,1249920.0,-1.0,0.434,1962.89,2090.42,0.42594713,0.45362114000000003,-0.4065603282004811,-55.34801999999999,-55.82102794179951,9999.750960737907,4.0,10055.571988679707,0.08471862773783925,1652832000.0,2022-05-13 00:05:00+00:00,2022-05-13 00:05:00+00:00,2022-05-18 00:00:00+00:00,2022-05-18 00:00:00+00:00,2422.760846228895,1938.013047422161,2022-05-18 00:00:00+00:00,0.05409552003967857,-0.2796869623394443,timeout,minute interval; not exact exchange fill
154,1251365.0,1258560.0,-1.0,0.7030000000000001,1910.94,1972.8500000000001,0.6716954100000001,0.6934567750000001,-1.1307224891287895,-43.52273000000006,-43.757159695871266,9955.993801042036,4.0,9999.750960737907,0.13434242765390508,1653350400.0,2022-05-19 00:05:00+00:00,2022-05-19 00:05:00+00:00,2022-05-24 00:00:00+00:00,2022-05-24 00:00:00+00:00,2192.583951353125,1886.4142308636142,2022-05-24 00:00:00+00:00,0.08708075930107752,-0.2210005580009916,timeout,minute interval; not exact exchange fill
155,1260005.0,1260690.0,-1.0,0.901,1981.04,1942.67,0.89245852,0.8751728350000001,-0.17809075900000002,34.5713699999999,32.9818294039999,9988.975630446035,2.0,9955.993801042036,0.17928064999530063,1653478260.0,2022-05-25 00:05:00+00:00,2022-05-25 00:05:00+00:00,2022-05-25 11:30:00+00:00,2022-05-25 11:31:00+00:00,2199.2351368870923,1942.2785445224172,2022-05-30 00:00:00+00:00,0.17764582671537893,0.16776636052590854,target,minute interval; not exact exchange fill
156,1261445.0,1261789.0,-1.0,0.754,1944.88,1925.22,0.7332197600000001,0.72580794,0.0,14.823640000000061,13.364612300000061,10002.340242746035,2.0,9988.975630446035,0.14680579613492556,1653544200.0,2022-05-26 00:05:00+00:00,2022-05-26 00:05:00+00:00,2022-05-26 05:49:00+00:00,2022-05-26 05:50:00+00:00,2206.86319603868,1924.8339063564463,2022-05-31 00:00:00+00:00,0.0765167153720583,0.06765682023889469,target,minute interval; not exact exchange fill
157,1262885.0,1262927.0,-1.0,0.577,1799.06,1774.54,0.5190288099999999,0.51195479,0.0,14.14803999999999,13.117056399999989,10015.457299146035,2.0,10002.340242746035,0.10378147461568576,1653612480.0,2022-05-27 00:05:00+00:00,2022-05-27 00:05:00+00:00,2022-05-27 00:47:00+00:00,2022-05-27 00:48:00+00:00,2142.8869845718323,1774.1808469052341,2022-06-01 00:00:00+00:00,0.07235951281063004,0.066118137959153,target,minute interval; not exact exchange fill
158,1264325.0,1268206.0,-1.0,0.924,1725.05,1939.74,0.7969731000000001,0.89615988,-0.6948273013183675,-198.37356000000005,-199.3718656786817,9816.085433467357,1.0,10015.457299146035,0.15914861921840626,1653929220.0,2022-05-28 00:05:00+00:00,2022-05-28 00:05:00+00:00,2022-05-30 16:46:00+00:00,2022-05-30 16:47:00+00:00,1939.342191171504,1704.2995725956007,2022-06-02 00:00:00+00:00,0.09683240108265125,-1.006898180571048,stop,minute interval; not exact exchange fill
159,1268645.0,1268661.0,-1.0,0.64,2001.16,1990.1200000000001,0.6403712,0.6368384000000001,0.0,7.065599999999977,5.788390399999977,9821.873823867358,2.0,9816.085433467357,0.13047384404717846,1653956520.0,2022-05-31 00:05:00+00:00,2022-05-31 00:05:00+00:00,2022-05-31 00:21:00+00:00,2022-05-31 00:22:00+00:00,2304.7729726388184,1989.720578443113,2022-06-05 00:00:00+00:00,0.03767764419768562,0.02978910921161213,target,minute interval; not exact exchange fill
160,1270085.0,1270955.0,-1.0,0.928,1944.32,1907.24,0.90216448,0.8849593600000001,-0.17915457196598403,34.41023999999994,32.80227073196591,9854.676094599325,2.0,9821.873823867358,0.18370516587328206,1654094160.0,2022-06-01 00:05:00+00:00,2022-06-01 00:05:00+00:00,2022-06-01 14:35:00+00:00,2022-06-01 14:36:00+00:00,2153.2213545442505,1906.8519352617163,2022-06-06 00:00:00+00:00,0.17935769167234825,0.16920557826333038,target,minute interval; not exact exchange fill
161,1271525.0,1271775.0,-1.0,0.803,1814.33,1801.88,0.728453495,0.72345482,0.0,9.997349999999855,8.545441684999854,9863.221536284325,2.0,9854.676094599325,0.14783915534255168,1654143360.0,2022-06-02 00:05:00+00:00,2022-06-02 00:05:00+00:00,2022-06-02 04:15:00+00:00,2022-06-02 04:16:00+00:00,2057.018505783223,1801.5180324058836,2022-06-07 00:00:00+00:00,0.052791818684484404,0.043850016570234615,target,minute interval; not exact exchange fill
162,1272965.0,1273255.0,-1.0,0.555,1830.38,1816.96,0.50793045,0.5042064,0.0,7.448100000000041,6.435963150000041,9869.657499434326,2.0,9863.221536284325,0.1029948375652825,1654232160.0,2022-06-03 00:05:00+00:00,2022-06-03 00:05:00+00:00,2022-06-03 04:55:00+00:00,2022-06-03 04:56:00+00:00,2183.1280848418764,1816.5885577372303,2022-06-08 00:00:00+00:00,0.03909714284898808,0.03287425360565251,target,minute interval; not exact exchange fill
163,1274405.0,1274464.0,-1.0,0.9,1774.0900000000001,1762.66,0.7983405000000001,0.793197,0.0,10.287000000000058,8.695462500000058,9878.352961934326,2.0,9869.657499434326,0.16177673846245558,1654304700.0,2022-06-04 00:05:00+00:00,2022-06-04 00:05:00+00:00,2022-06-04 01:04:00+00:00,2022-06-04 01:05:00+00:00,1990.845447191952,1762.3011094148465,2022-06-09 00:00:00+00:00,0.05438797842396931,0.04457385096967844,target,minute interval; not exact exchange fill
164,1275845.0,1276391.0,-1.0,0.767,1802.1100000000001,1778.1000000000001,0.6911091850000001,0.6819013500000001,-0.07181922894306995,18.415669999999995,17.114478693943067,9895.467440628268,2.0,9878.352961934326,0.13992397065849949,1654420320.0,2022-06-05 00:05:00+00:00,2022-06-05 00:05:00+00:00,2022-06-05 09:11:00+00:00,2022-06-05 09:12:00+00:00,2057.009086374873,1777.7392577065355,2022-06-10 00:00:00+00:00,0.09560937483166702,0.08753868780363759,target,minute interval; not exact exchange fill
165,1277285.0,1278752.0,-1.0,0.758,1806.67,1785.72,0.68472793,0.67678788,-0.421590890084268,15.880100000000034,14.940175080084302,9910.407615708355,2.0,9895.467440628268,0.138392235456949,1654561980.0,2022-06-06 00:05:00+00:00,2022-06-06 00:05:00+00:00,2022-06-07 00:32:00+00:00,2022-06-07 00:33:00+00:00,2065.152661989853,1785.3549971111945,2022-06-11 00:00:00+00:00,0.08246202172601541,0.07625267148525332,target,minute interval; not exact exchange fill
166,1280165.0,1280366.0,-1.0,1.124,1817.32,1783.44,1.02133384,1.0022932800000002,0.0,38.08111999999987,36.05749287999987,9946.465108588354,2.0,9910.407615708355,0.20611338697737294,1654658820.0,2022-06-08 00:05:00+00:00,2022-06-08 00:05:00+00:00,2022-06-08 03:26:00+00:00,2022-06-08 03:27:00+00:00,1990.9945285705267,1783.073453902528,2022-06-13 00:00:00+00:00,0.19718807576071792,0.18471113907168493,target,minute interval; not exact exchange fill
167,1281605.0,1283053.0,-1.0,0.841,1789.26,1776.28,0.75238383,0.7469257399999999,-0.3842492197797953,10.916180000000015,9.80111964977981,9956.266228238133,2.0,9946.465108588354,0.15128667758565767,1654820040.0,2022-06-09 00:05:00+00:00,2022-06-09 00:05:00+00:00,2022-06-10 00:13:00+00:00,2022-06-10 00:14:00+00:00,2023.1985791046327,1775.9232756148108,2022-06-14 00:00:00+00:00,0.05700951265171248,0.049817031755085284,target,minute interval; not exact exchange fill
168,1284485.0,1284997.0,-1.0,0.979,1662.64,1651.26,0.81386228,0.80829177,0.30349706219977074,11.141020000000106,9.215368887800334,9965.481597125934,2.0,9956.266228238133,0.16348744827487835,1654936680.0,2022-06-11 00:05:00+00:00,2022-06-11 00:05:00+00:00,2022-06-11 08:37:00+00:00,2022-06-11 08:38:00+00:00,1863.5481838060812,1650.92218891105,2022-06-16 00:00:00+00:00,0.05832420992994653,0.046852460701145376,target,minute interval; not exact exchange fill
169,1285925.0,1286036.0,-1.0,0.861,1533.5,1508.98,0.66017175,0.6496158900000001,0.0,21.111719999999984,19.801932359999984,9985.283529485934,2.0,9965.481597125934,0.13249169015381954,1654999020.0,2022-06-12 00:05:00+00:00,2022-06-12 00:05:00+00:00,2022-06-12 01:56:00+00:00,2022-06-12 01:57:00+00:00,1762.680454606475,1508.6743840448266,2022-06-17 00:00:00+00:00,0.10832344319152934,0.10035218770942347,target,minute interval; not exact exchange fill
170,1287365.0,1287407.0,-1.0,0.8220000000000001,1430.76,1416.54,0.5880423600000001,0.58219794,0.0,11.688840000000024,10.518599700000024,9995.802129185935,2.0,9985.283529485934,0.11778180524640021,1655081280.0,2022-06-13 00:05:00+00:00,2022-06-13 00:05:00+00:00,2022-06-13 00:47:00+00:00,2022-06-13 00:48:00+00:00,1671.4901547041577,1416.2468886083466,2022-06-18 00:00:00+00:00,0.06028788295961142,0.05315640666507252,target,minute interval; not exact exchange fill
171,1288805.0,1288805.0,-1.0,0.969,1204.8,1203.81,0.5837256,0.583245945,0.0,0.9593100000000088,-0.20766154499999123,9995.594467640936,2.0,9995.802129185935,0.11679414867479755,1655165160.0,2022-06-14 00:05:00+00:00,2022-06-14 00:05:00+00:00,2022-06-14 00:05:00+00:00,2022-06-14 00:06:00+00:00,1409.2321639293687,1203.5667498027908,2022-06-19 00:00:00+00:00,0.006032564414057823,-0.0010482939469056997,target,minute interval; not exact exchange fill
172,1290245.0,1290464.0,-1.0,0.9570000000000001,1203.1200000000001,1176.34,0.57569292,0.56287869,0.0,25.628460000000192,24.48988839000019,10020.084356030937,2.0,9995.594467640936,0.11518933103252829,1655264700.0,2022-06-15 00:05:00+00:00,2022-06-15 00:05:00+00:00,2022-06-15 03:44:00+00:00,2022-06-15 03:45:00+00:00,1410.1150119194217,1176.0949551445203,2022-06-20 00:00:00+00:00,0.13055891832794514,0.12362747180575492,target,minute interval; not exact exchange fill
173,1291685.0,1291797.0,-1.0,0.841,1246.73,1221.23,0.524249965,0.513527215,0.0,21.4455,20.40772282,10040.492078850937,2.0,10020.084356030937,0.10463983063864365,1655344680.0,2022-06-16 00:05:00+00:00,2022-06-16 00:05:00+00:00,2022-06-16 01:57:00+00:00,2022-06-16 01:58:00+00:00,1482.98608054371,1220.9791368500203,2022-06-21 00:00:00+00:00,0.10899555723906781,0.10271066862768227,target,minute interval; not exact exchange fill
174,1293125.0,1293158.0,-1.0,0.72,1064.15,1054.55,0.383094,0.379638,0.0,6.912000000000098,6.149268000000098,10046.641346850936,2.0,10040.492078850937,0.0763098057329163,1655426340.0,2022-06-17 00:05:00+00:00,2022-06-17 00:05:00+00:00,2022-06-17 00:38:00+00:00,2022-06-17 00:39:00+00:00,1341.4762506805896,1054.3316594204075,2022-06-22 00:00:00+00:00,0.03540357451015649,0.0307963994718871,target,minute interval; not exact exchange fill
175,1294565.0,1294660.0,-1.0,1.032,1087.17,1075.02,0.5609797200000001,0.5547103200000001,0.0,12.538800000000094,11.423109960000094,10058.064456810936,2.0,10046.641346850936,0.11167507640268974,1655516460.0,2022-06-18 00:05:00+00:00,2022-06-18 00:05:00+00:00,2022-06-18 01:40:00+00:00,2022-06-18 01:41:00+00:00,1280.2796775552,1074.8034573430805,2022-06-23 00:00:00+00:00,0.06403895865542343,0.05731926612966394,target,minute interval; not exact exchange fill
176,1296005.0,1296093.0,-1.0,1.073,995.0500000000001,974.03,0.533844325,0.522567095,0.0,22.554460000000102,21.498048580000102,10079.562505390937,2.0,10058.064456810936,0.1061524962963428,1655602440.0,2022-06-19 00:05:00+00:00,2022-06-19 00:05:00+00:00,2022-06-19 01:33:00+00:00,2022-06-19 01:34:00+00:00,1180.9423388887024,973.8288557205427,2022-06-24 00:00:00+00:00,0.1141582509872174,0.1077799123932469,target,minute interval; not exact exchange fill
177,1297445.0,1297453.0,-1.0,0.738,1127.31,1108.14,0.41597738999999995,0.40890366000000006,0.0,14.147459999999885,13.322578949999885,10092.885084340938,2.0,10079.562505390937,0.08253877879670259,1655684040.0,2022-06-20 00:05:00+00:00,2022-06-20 00:05:00+00:00,2022-06-20 00:13:00+00:00,2022-06-20 00:14:00+00:00,1398.6160481968118,1107.9149809411826,2022-06-25 00:00:00+00:00,0.07148760297723879,0.0665384171122654,target,minute interval; not exact exchange fill
178,1298885.0,1298897.0,-1.0,0.854,1126.79,1121.79,0.48113933,0.47900433,0.0,4.27,3.3098563399999996,10096.194940680938,2.0,10092.885084340938,0.09534227844256055,1655770680.0,2022-06-21 00:05:00+00:00,2022-06-21 00:05:00+00:00,2022-06-21 00:17:00+00:00,2022-06-21 00:18:00+00:00,1361.5374476030263,1121.5579949765988,2022-06-26 00:00:00+00:00,0.022287803666554938,0.016510126263669052,target,minute interval; not exact exchange fill
179,1300325.0,1300442.0,-1.0,1.177,1120.34,1099.09,0.6593200899999999,0.646814465,0.0,25.01125,23.705115445,10119.900056125938,2.0,10096.194940680938,0.1306076385952849,1655863380.0,2022-06-22 00:05:00+00:00,2022-06-22 00:05:00+00:00,2022-06-22 02:02:00+00:00,2022-06-22 02:03:00+00:00,1290.2796045816515,1098.8692697106878,2022-06-27 00:00:00+00:00,0.1263432990924488,0.11851436896996613,target,minute interval; not exact exchange fill
180,1301765.0,1304405.0,-1.0,1.083,1052.56,1238.16,0.56996124,0.67046364,-0.08240439527971405,-201.00480000000013,-202.1628204847204,9917.73723564122,1.0,10119.900056125938,0.11264167370012355,1656101160.0,2022-06-23 00:05:00+00:00,2022-06-23 00:05:00+00:00,2022-06-24 20:05:00+00:00,2022-06-24 20:06:00+00:00,1237.903757305927,1037.4298428429227,2022-06-28 00:00:00+00:00,0.08163294721657965,-1.0071516500242306,stop,minute interval; not exact exchange fill
181,1304645.0,1304651.0,-1.0,1.079,1219.65,1214.3,0.658001175,0.6551148499999999,0.0,5.772650000000147,4.459533975000147,9922.196769616221,2.0,9917.73723564122,0.1326917943813537,1656115920.0,2022-06-25 00:05:00+00:00,2022-06-25 00:05:00+00:00,2022-06-25 00:11:00+00:00,2022-06-25 00:12:00+00:00,1401.674615564292,1214.0498512480967,2022-06-30 00:00:00+00:00,0.030765886990297548,0.02270585759616854,target,minute interval; not exact exchange fill
182,1306085.0,1306985.0,-1.0,0.868,1242.39,1218.2,0.53919726,0.5286988,-0.030476836770800004,20.996920000000046,19.95950077677084,9942.156270392994,2.0,9922.196769616221,0.1086850568517511,1656255960.0,2022-06-26 00:05:00+00:00,2022-06-26 00:05:00+00:00,2022-06-26 15:05:00+00:00,2022-06-26 15:06:00+00:00,1469.2129013751833,1217.9474377260376,2022-07-01 00:00:00+00:00,0.10776055735894387,0.10137784334688844,target,minute interval; not exact exchange fill
183,1307525.0,1308360.0,-1.0,0.872,1198.29,1180.29,0.52245444,0.51460644,0.04626310326,15.696,14.61267601674,9956.768946409733,2.0,9942.156270392994,0.10509881876546855,1656338460.0,2022-06-27 00:05:00+00:00,2022-06-27 00:05:00+00:00,2022-06-27 14:00:00+00:00,2022-06-27 14:01:00+00:00,1424.5956904459067,1180.051642684881,2022-07-02 00:00:00+00:00,0.08059168675424189,0.07404876098997404,target,minute interval; not exact exchange fill
184,1308965.0,1308998.0,-1.0,0.9460000000000001,1191.55,1186.47,0.56360315,0.56120031,0.0,4.805679999999931,3.6808765399999306,9960.449822949733,2.0,9956.768946409733,0.11321004896939528,1656376740.0,2022-06-28 00:05:00+00:00,2022-06-28 00:05:00+00:00,2022-06-28 00:38:00+00:00,2022-06-28 00:39:00+00:00,1400.2410609139188,1186.2275961631617,2022-07-03 00:00:00+00:00,0.02550374612851118,0.018644737263590255,target,minute interval; not exact exchange fill
185,1310405.0,1310811.0,-1.0,1.239,1140.67,1118.3700000000001,0.7066450650000001,0.6928302150000002,0.0,27.629699999999946,26.230224719999946,9986.680047669734,2.0,9960.449822949733,0.14189019121843857,1656485520.0,2022-06-29 00:05:00+00:00,2022-06-29 00:05:00+00:00,2022-06-29 06:51:00+00:00,2022-06-29 06:52:00+00:00,1299.8228953772616,1118.1400654562333,2022-07-04 00:00:00+00:00,0.14156157505247421,0.13301976033685542,target,minute interval; not exact exchange fill
186,1311845.0,1311876.0,-1.0,0.9460000000000001,1101.75,1092.69,0.52112775,0.5168423700000001,0.0,8.570759999999948,7.532789879999949,9994.212837549734,2.0,9986.680047669734,0.10436456310054684,1656549420.0,2022-06-30 00:05:00+00:00,2022-06-30 00:05:00+00:00,2022-06-30 00:36:00+00:00,2022-06-30 00:37:00+00:00,1311.2397261872852,1092.4615901589225,2022-07-05 00:00:00+00:00,0.04433825949427997,0.03801036043591544,target,minute interval; not exact exchange fill
187,1314725.0,1314781.0,-1.0,1.183,1057.63,1049.81,0.625588145,0.620962615,0.0,9.251060000000194,8.004509240000194,10002.217346789734,2.0,9994.212837549734,0.12519007853216274,1656723720.0,2022-07-02 00:05:00+00:00,2022-07-02 00:05:00+00:00,2022-07-02 01:01:00+00:00,2022-07-02 01:02:00+00:00,1225.0920947612492,1049.5908848298673,2022-07-07 00:00:00+00:00,0.04800558109340637,0.040404845106272305,target,minute interval; not exact exchange fill
188,1316165.0,1316454.0,-1.0,0.977,1066.31,1045.72,0.520892435,0.51083422,0.0,20.11642999999992,19.08470334499992,10021.302050134733,2.0,10002.217346789734,0.10415539213756103,1656824100.0,2022-07-03 00:05:00+00:00,2022-07-03 00:05:00+00:00,2022-07-03 04:54:00+00:00,2022-07-03 04:55:00+00:00,1269.4978730142102,1045.5092273063497,2022-07-08 00:00:00+00:00,0.10237211692351125,0.09613755343870242,target,minute interval; not exact exchange fill
189,1317605.0,1317766.0,-1.0,0.923,1069.24,1058.26,0.49345426000000003,0.48838699,0.0,10.134540000000017,9.152698750000017,10030.454748884733,2.0,10021.302050134733,0.09848106713705246,1656902820.0,2022-07-04 00:05:00+00:00,2022-07-04 00:05:00+00:00,2022-07-04 02:46:00+00:00,2022-07-04 02:47:00+00:00,1284.6370630668998,1058.0446054356087,2022-07-09 00:00:00+00:00,0.05197561380358365,0.04603707153110136,target,minute interval; not exact exchange fill
190,1319045.0,1319182.0,-1.0,0.9520000000000001,1148.59,1144.83,0.54672884,0.54493908,0.0,3.5795199999999916,2.4878520799999917,10032.942600964734,2.0,10030.454748884733,0.10901376930308962,1656987780.0,2022-07-05 00:05:00+00:00,2022-07-05 00:05:00+00:00,2022-07-05 02:22:00+00:00,2022-07-05 02:23:00+00:00,1357.6026461159993,1144.5978564242935,2022-07-10 00:00:00+00:00,0.019100009735730828,0.012503023374717951,target,minute interval; not exact exchange fill
191,1320485.0,1327680.0,-1.0,1.385,1136.88,1168.05,0.7872894000000001,0.808874625,-1.6582612917194246,-43.17044999999979,-43.10835273328036,9989.834248231453,4.0,10032.942600964734,0.15694087593490208,1657497600.0,2022-07-06 00:05:00+00:00,2022-07-06 00:05:00+00:00,2022-07-11 00:00:00+00:00,2022-07-11 00:00:00+00:00,1280.133779099221,1107.6644083914994,2022-07-11 00:00:00+00:00,0.20394290323234912,-0.2172729028447008,timeout,minute interval; not exact exchange fill
192,1329125.0,1329145.0,-1.0,1.1520000000000001,1094.91,1091.48,0.6306681600000001,0.6286924800000001,0.0,3.951360000000074,2.691999360000074,9992.526247591453,2.0,9989.834248231453,0.12626198680156286,1657585560.0,2022-07-12 00:05:00+00:00,2022-07-12 00:05:00+00:00,2022-07-12 00:25:00+00:00,2022-07-12 00:26:00+00:00,1266.7881036333804,1091.2586695049044,2022-07-17 00:00:00+00:00,0.021243721090174476,0.013595710859042983,target,minute interval; not exact exchange fill
193,1330565.0,1331320.0,-1.0,1.481,1039.85,1023.6800000000001,0.770008925,0.7580350400000001,0.31255089138420084,23.94776999999977,22.10717514361557,10014.63342273507,2.0,9992.526247591453,0.1541169682062329,1657716060.0,2022-07-13 00:05:00+00:00,2022-07-13 00:05:00+00:00,2022-07-13 12:40:00+00:00,2022-07-13 12:41:00+00:00,1173.2449006693848,1023.474525481495,2022-07-18 00:00:00+00:00,0.1227593741314821,0.11190228775812915,target,minute interval; not exact exchange fill
194,1332005.0,1332259.0,-1.0,0.9530000000000001,1118.97,1107.51,0.533189205,0.5277285150000001,0.0,10.921380000000035,9.860462280000036,10024.49388501507,2.0,10014.63342273507,0.10648202135678014,1657772400.0,2022-07-14 00:05:00+00:00,2022-07-14 00:05:00+00:00,2022-07-14 04:19:00+00:00,2022-07-14 04:20:00+00:00,1327.5052504630476,1107.2823549546213,2022-07-19 00:00:00+00:00,0.05604637594568123,0.04961635971388676,target,minute interval; not exact exchange fill
195,1333445.0,1333483.0,-1.0,0.757,1192.25,1181.53,0.451266625,0.447209105,0.0,8.11504000000002,7.2165642700000205,10031.71044928507,2.0,10024.49388501507,0.09003279969566694,1657845840.0,2022-07-15 00:05:00+00:00,2022-07-15 00:05:00+00:00,2022-07-15 00:43:00+00:00,2022-07-15 00:44:00+00:00,1455.2816145953564,1181.2928114564368,2022-07-20 00:00:00+00:00,0.04165730632958171,0.03624320983112852,target,minute interval; not exact exchange fill
196,1334885.0,1334913.0,-1.0,1.2510000000000001,1231.5,1221.43,0.7703032500000001,0.7640044650000001,0.0,12.597569999999921,11.063262284999922,10042.773711570071,2.0,10031.71044928507,0.1535736610210669,1657931640.0,2022-07-16 00:05:00+00:00,2022-07-16 00:05:00+00:00,2022-07-16 00:33:00+00:00,2022-07-16 00:34:00+00:00,1390.0561046240682,1221.1822417079359,2022-07-21 00:00:00+00:00,0.06507323269909553,0.0557754305390366,target,minute interval; not exact exchange fill
197,1336325.0,1336414.0,-1.0,0.9580000000000001,1364.01,1333.26,0.65336079,0.6386315400000001,0.0,29.4585,28.16650767,10070.94021924007,2.0,10042.773711570071,0.13011560526297167,1658021700.0,2022-07-17 00:05:00+00:00,2022-07-17 00:05:00+00:00,2022-07-17 01:34:00+00:00,2022-07-17 01:35:00+00:00,1571.6477646034432,1332.9923750516514,2022-07-22 00:00:00+00:00,0.14938335041117204,0.1415993138635073,target,minute interval; not exact exchange fill
198,1337765.0,1339197.0,-1.0,0.8290000000000001,1343.56,1584.8,0.55690562,0.6568996000000001,-0.08096249757291477,-199.98796000000002,-201.1208027224271,9869.819416517643,1.0,10070.94021924007,0.11059654965204883,1658188680.0,2022-07-18 00:05:00+00:00,2022-07-18 00:05:00+00:00,2022-07-18 23:57:00+00:00,2022-07-18 23:58:00+00:00,1584.4741672118953,1319.6397237638892,2022-07-23 00:00:00+00:00,0.09928962050235836,-1.0070247008045008,stop,minute interval; not exact exchange fill
199,1340645.0,1340679.0,-1.0,0.756,1534.45,1518.47,0.5800221,0.5739816600000001,0.0,12.080880000000015,10.926876240000015,9880.746292757642,2.0,9869.819416517643,0.11753449085994494,1658277600.0,2022-07-20 00:05:00+00:00,2022-07-20 00:05:00+00:00,2022-07-20 00:39:00+00:00,2022-07-20 00:40:00+00:00,1793.2350117647095,1518.1600532427776,2022-07-25 00:00:00+00:00,0.06294779842981574,0.05585153445108079,target,minute interval; not exact exchange fill
200,1342085.0,1342244.0,-1.0,0.636,1527.53,1512.05,0.48575454,0.48083190000000003,0.0,9.845280000000011,8.878693560000011,9889.624986317642,2.0,9880.746292757642,0.09832345161135184,1658371500.0,2022-07-21 00:05:00+00:00,2022-07-21 00:05:00+00:00,2022-07-21 02:44:00+00:00,2022-07-21 02:45:00+00:00,1836.0561034403281,1511.7468035774632,2022-07-26 00:00:00+00:00,0.05115676192886348,0.04524806764916101,target,minute interval; not exact exchange fill
201,1343525.0,1343728.0,-1.0,0.49,1569.77,1558.82,0.38459364999999995,0.3819109,0.0,5.365500000000022,4.598995450000022,9894.223981767642,2.0,9889.624986317642,0.07777719590623258,1658460540.0,2022-07-22 00:05:00+00:00,2022-07-22 00:05:00+00:00,2022-07-22 03:28:00+00:00,2022-07-22 03:29:00+00:00,1970.4871820482067,1558.5034577465717,2022-07-27 00:00:00+00:00,0.028115945006003992,0.023422267425685112,target,minute interval; not exact exchange fill
202,1344965.0,1345662.0,-1.0,0.8230000000000001,1532.58,1522.1100000000001,0.6306566700000001,0.6263482650000001,-0.08494219129700001,8.616809999999836,7.444747256296836,9901.668729023939,2.0,9894.223981767642,0.12747976418608037,1658576580.0,2022-07-23 00:05:00+00:00,2022-07-23 00:05:00+00:00,2022-07-23 11:42:00+00:00,2022-07-23 11:43:00+00:00,1770.790388587408,1521.8048433461327,2022-07-28 00:00:00+00:00,0.04523378143902181,0.03797426926945524,target,minute interval; not exact exchange fill
203,1346405.0,1347992.0,-1.0,0.6890000000000001,1567.8600000000001,1519.69,0.5401277700000001,0.5235332050000001,-0.3317796820000001,33.189130000000056,32.457248707000055,9934.125977730939,2.0,9901.668729023939,0.10909833176235606,1658716380.0,2022-07-24 00:05:00+00:00,2022-07-24 00:05:00+00:00,2022-07-25 02:32:00+00:00,2022-07-25 02:33:00+00:00,1852.9164290655935,1519.3847217886644,2022-07-29 00:00:00+00:00,0.17005502514093893,0.16525767601319477,target,minute interval; not exact exchange fill
204,1349285.0,1349295.0,-1.0,0.72,1442.1200000000001,1433.59,0.5191632,0.5160924,0.0,6.141600000000144,5.106344400000144,9939.232322130938,2.0,9934.125977730939,0.1045211629415198,1658794560.0,2022-07-26 00:05:00+00:00,2022-07-26 00:05:00+00:00,2022-07-26 00:15:00+00:00,2022-07-26 00:16:00+00:00,1715.7734680420147,1433.2997025571851,2022-07-31 00:00:00+00:00,0.032231630411717616,0.025916517889374345,target,minute interval; not exact exchange fill
205,1350725.0,1350871.0,-1.0,0.843,1446.72,1427.1100000000001,0.60979248,0.6015268650000001,0.0,16.531229999999915,15.319910654999916,9954.552232785938,2.0,9939.232322130938,0.12270414056872805,1658889120.0,2022-07-27 00:05:00+00:00,2022-07-27 00:05:00+00:00,2022-07-27 02:31:00+00:00,2022-07-27 02:32:00+00:00,1680.4258551402188,1426.824106030868,2022-08-01 00:00:00+00:00,0.08513220157533,0.07776050364290796,target,minute interval; not exact exchange fill
206,1352165.0,1352170.0,-1.0,0.577,1631.1200000000001,1625.48,0.47057812000000004,0.46895097999999996,0.0,3.2542800000000573,2.3147509000000577,9956.866983685939,2.0,9954.552232785938,0.09454531133005092,1658967060.0,2022-07-28 00:05:00+00:00,2022-07-28 00:05:00+00:00,2022-07-28 00:10:00+00:00,2022-07-28 00:11:00+00:00,1973.3763711952474,1625.1482078007998,2022-08-02 00:00:00+00:00,0.01744830104504782,0.011721330375794647,target,minute interval; not exact exchange fill
207,1353605.0,1353617.0,-1.0,0.493,1724.47,1706.8600000000001,0.425081855,0.42074099000000004,0.0,8.68172999999995,7.83590715499995,9964.702890840937,2.0,9956.866983685939,0.08538466079671152,1659053880.0,2022-07-29 00:05:00+00:00,2022-07-29 00:05:00+00:00,2022-07-29 00:17:00+00:00,2022-07-29 00:18:00+00:00,2125.593222562656,1706.5147772458106,2022-08-03 00:00:00+00:00,0.04476236164906857,0.0396245694738284,target,minute interval; not exact exchange fill
208,1355045.0,1355148.0,-1.0,0.741,1724.05,1707.74,0.638760525,0.63271767,0.0,12.08570999999996,10.81423180499996,9975.517122645937,2.0,9964.702890840937,0.12820463028297957,1659145740.0,2022-07-30 00:05:00+00:00,2022-07-30 00:05:00+00:00,2022-07-30 01:48:00+00:00,2022-07-30 01:49:00+00:00,1990.4965287098594,1707.3944536254019,2022-08-04 00:00:00+00:00,0.06250990191257004,0.054773109901881466,target,minute interval; not exact exchange fill
209,1356485.0,1357839.0,-1.0,0.649,1686.66,1666.72,0.54732117,0.54085064,-0.171528672879003,12.941060000000036,12.024416862879038,9987.541539508817,2.0,9975.517122645937,0.10973289169290242,1659307200.0,2022-07-31 00:05:00+00:00,2022-07-31 00:05:00+00:00,2022-07-31 22:39:00+00:00,2022-07-31 22:40:00+00:00,1991.5017774329617,1666.3860475321483,2022-08-05 00:00:00+00:00,0.06650647637137039,0.060777781288922895,target,minute interval; not exact exchange fill
210,1357925.0,1358567.0,-1.0,0.585,1676.56,1666.46,0.49039379999999994,0.48743955,-0.099020600680365,5.908499999999947,5.029687250680312,9992.571226759497,2.0,9987.541539508817,0.09820110345676065,1659350880.0,2022-08-01 00:05:00+00:00,2022-08-01 00:05:00+00:00,2022-08-01 10:47:00+00:00,2022-08-01 10:48:00+00:00,2015.229264215945,1666.1267588859864,2022-08-06 00:00:00+00:00,0.030806578028766726,0.02538688004054226,target,minute interval; not exact exchange fill
211,1359365.0,1359457.0,-1.0,0.65,1631.74,1621.8500000000001,0.5303155,0.5271012500000001,0.0,6.428499999999917,5.371083249999916,9997.942310009497,2.0,9992.571226759497,0.10614195044811839,1659404280.0,2022-08-02 00:05:00+00:00,2022-08-02 00:05:00+00:00,2022-08-02 01:37:00+00:00,2022-08-02 01:38:00+00:00,1936.5803831476567,1621.5214003911465,2022-08-07 00:00:00+00:00,0.033521148029471926,0.027106661245722787,target,minute interval; not exact exchange fill
212,1360805.0,1360825.0,-1.0,0.653,1629.78,1606.39,0.53212317,0.5244863350000001,0.0,15.273669999999917,14.217060494999917,10012.159370504498,2.0,9997.942310009497,0.10644653739745263,1659486360.0,2022-08-03 00:05:00+00:00,2022-08-03 00:05:00+00:00,2022-08-03 00:25:00+00:00,2022-08-03 00:26:00+00:00,1933.5633400621791,1606.0624609269157,2022-08-08 00:00:00+00:00,0.07807386365634694,0.07166921989712649,target,minute interval; not exact exchange fill
213,1362245.0,1362921.0,-1.0,0.62,1619.39,1607.83,0.5020109,0.49842729999999996,-0.07761006562400001,7.167200000000107,6.244371865624107,10018.403742370123,2.0,10012.159370504498,0.10028024553402698,1659612120.0,2022-08-04 00:05:00+00:00,2022-08-04 00:05:00+00:00,2022-08-04 11:21:00+00:00,2022-08-04 11:22:00+00:00,1939.8659096222266,1607.5071116226693,2022-08-09 00:00:00+00:00,0.03707888181466813,0.03142690986374741,target,minute interval; not exact exchange fill
214,1363685.0,1370880.0,-1.0,0.514,1608.46,1702.39,0.41337422000000007,0.43751423000000006,-0.4702440795807715,-48.280020000000036,-48.66066437041926,9969.743077999703,4.0,10018.403742370123,0.08252297085048506,1660089600.0,2022-08-05 00:05:00+00:00,2022-08-05 00:05:00+00:00,2022-08-10 00:00:00+00:00,2022-08-10 00:00:00+00:00,1995.626871946994,1590.5325685170574,2022-08-10 00:00:00+00:00,0.04630414630463803,-0.2445213165417831,timeout,minute interval; not exact exchange fill
215,1372325.0,1379520.0,-1.0,0.526,1852.03,1898.93,0.48708389,0.49941859000000005,-0.34735230527862926,-24.66940000000005,-25.30855017472142,9944.434527824977,4.0,9969.743077999703,0.09771242572436017,1660608000.0,2022-08-11 00:05:00+00:00,2022-08-11 00:05:00+00:00,2022-08-16 00:00:00+00:00,2022-08-16 00:00:00+00:00,2227.968875168534,1841.793914789158,2022-08-16 00:00:00+00:00,0.027228057237371813,-0.12798653605334373,timeout,minute interval; not exact exchange fill
216,1380965.0,1381771.0,-1.0,0.5680000000000001,1875.0,1850.66,0.5325,0.5255874400000001,-0.07111945809007011,13.825119999999956,12.838152018090025,9957.272679843069,2.0,9944.434527824977,0.1070950788624614,1660743120.0,2022-08-17 00:05:00+00:00,2022-08-17 00:05:00+00:00,2022-08-17 13:31:00+00:00,2022-08-17 13:32:00+00:00,2221.956887930177,1850.286741693772,2022-08-22 00:00:00+00:00,0.07122861417641434,0.0651446364082196,target,minute interval; not exact exchange fill
217,1382405.0,1382425.0,-1.0,0.5710000000000001,1835.02,1827.53,0.52389821,0.521759815,0.0,4.276790000000005,3.2311319750000056,9960.50381181807,2.0,9957.272679843069,0.10522925842144497,1660782360.0,2022-08-18 00:05:00+00:00,2022-08-18 00:05:00+00:00,2022-08-18 00:25:00+00:00,2022-08-18 00:26:00+00:00,2180.6144097593583,1827.1619292701648,2022-08-23 00:00:00+00:00,0.022737840971753086,0.016373890433992407,target,minute interval; not exact exchange fill
218,1383845.0,1383849.0,-1.0,0.439,1839.82,1834.15,0.40384049,0.402595925,0.0,2.4891299999999323,1.6826935849999325,9962.18650540307,2.0,9960.50381181807,0.08108836613683056,1660867800.0,2022-08-19 00:05:00+00:00,2022-08-19 00:05:00+00:00,2022-08-19 00:09:00+00:00,2022-08-19 00:10:00+00:00,2290.8307001637113,1833.782578614678,2022-08-24 00:00:00+00:00,0.013386426049604737,0.00849872297621433,target,minute interval; not exact exchange fill
219,1385285.0,1386405.0,-1.0,0.838,1614.58,1595.58,0.67650902,0.66854802,0.038076097402366074,15.921999999999999,14.538866862597635,9976.725372265666,2.0,9962.18650540307,0.13581536937359887,1661021160.0,2022-08-20 00:05:00+00:00,2022-08-20 00:05:00+00:00,2022-08-20 18:45:00+00:00,2022-08-20 18:46:00+00:00,1849.8823486038848,1595.254759035226,2022-08-25 00:00:00+00:00,0.08212940108518257,0.07373272401457454,target,minute interval; not exact exchange fill
220,1386725.0,1388643.0,-1.0,0.667,1573.54,1545.31,0.52477559,0.5153608850000001,0.032089823760100014,18.829410000000014,17.757183701239914,9994.482555966904,2.0,9976.725372265666,0.10519996700697515,1661155440.0,2022-08-21 00:05:00+00:00,2022-08-21 00:05:00+00:00,2022-08-22 08:03:00+00:00,2022-08-22 08:04:00+00:00,1870.0448889876252,1544.9933579738622,2022-08-26 00:00:00+00:00,0.09627713770119038,0.08978760657403904,target,minute interval; not exact exchange fill
221,1389605.0,1389605.0,-1.0,0.634,1618.43,1616.42,0.51304231,0.51240514,0.0,1.2743399999999943,0.24889254999999422,9994.731448516904,2.0,9994.482555966904,0.10266510689814624,1661213160.0,2022-08-23 00:05:00+00:00,2022-08-23 00:05:00+00:00,2022-08-23 00:05:00+00:00,2022-08-23 00:06:00+00:00,1930.9619256838216,1616.0873298647184,2022-08-28 00:00:00+00:00,0.007495778647752148,0.0012561116728828092,target,minute interval; not exact exchange fill
222,1391045.0,1391076.0,-1.0,0.58,1660.22,1639.8500000000001,0.4814638,0.47555650000000005,0.0,11.814599999999936,10.857579699999937,10005.589028216904,2.0,9994.731448516904,0.09634351907903305,1661301420.0,2022-08-24 00:05:00+00:00,2022-08-24 00:05:00+00:00,2022-08-24 00:36:00+00:00,2022-08-24 00:37:00+00:00,2002.0959260429177,1639.518897906957,2022-08-29 00:00:00+00:00,0.060551505725045966,0.05475660487907496,target,minute interval; not exact exchange fill
223,1392485.0,1394349.0,-1.0,0.626,1657.71,1649.8600000000001,0.51886323,0.51640618,-0.057590745944060315,4.9140999999999435,3.9364213359440035,10009.525449552846,2.0,10005.589028216904,0.10371467957293598,1661497800.0,2022-08-25 00:05:00+00:00,2022-08-25 00:05:00+00:00,2022-08-26 07:09:00+00:00,2022-08-26 07:10:00+00:00,1974.7619773203512,1649.5228518477422,2022-08-30 00:00:00+00:00,0.025822731721951896,0.01983338205256488,target,minute interval; not exact exchange fill
224,1395365.0,1395370.0,-1.0,0.8180000000000001,1502.59,1494.74,0.61455931,0.61134866,0.0,6.421299999999926,5.195392029999926,10014.720841582846,2.0,10009.525449552846,0.12279489434285899,1661559060.0,2022-08-27 00:05:00+00:00,2022-08-27 00:05:00+00:00,2022-08-27 00:10:00+00:00,2022-08-27 00:11:00+00:00,1745.1572723969143,1494.4384059191427,2022-09-01 00:00:00+00:00,0.03360549838528377,0.02618380846368746,target,minute interval; not exact exchange fill
225,1396805.0,1397659.0,-1.0,0.741,1487.72,1463.23,0.55120026,0.542126715,0.297960534144,18.147090000000006,16.755802490856006,10031.476644073702,2.0,10014.720841582846,0.11007800790838253,1661696400.0,2022-08-28 00:05:00+00:00,2022-08-28 00:05:00+00:00,2022-08-28 14:19:00+00:00,2022-08-28 14:20:00+00:00,1755.6291924907457,1462.9359419204416,2022-09-02 00:00:00+00:00,0.09250917390755292,0.08440329652660612,target,minute interval; not exact exchange fill
226,1398245.0,1405440.0,-1.0,0.659,1429.3500000000001,1574.81,0.47097082500000004,0.518899895,0.6372563456826267,-95.85813999999988,-97.4852670656825,9933.991377008018,4.0,10031.476644073702,0.09389860370720907,1662163200.0,2022-08-29 00:05:00+00:00,2022-08-29 00:05:00+00:00,2022-09-03 00:00:00+00:00,2022-09-03 00:00:00+00:00,1731.6727701141208,1416.2700221839418,2022-09-03 00:00:00+00:00,0.043264944321332106,-0.4893084468003121,timeout,minute interval; not exact exchange fill
227,1406885.0,1411220.0,-1.0,0.708,1553.7,1528.6200000000001,0.5500098000000001,0.54113148,0.8695807683585254,17.756639999999948,15.79591795164142,9949.78729495966,2.0,9933.991377008018,0.11073289257588532,1662510060.0,2022-09-04 00:05:00+00:00,2022-09-04 00:05:00+00:00,2022-09-07 00:20:00+00:00,2022-09-07 00:21:00+00:00,1832.1073497229727,1528.304675368117,2022-09-09 00:00:00+00:00,0.09121643037496158,0.08013660055298379,target,minute interval; not exact exchange fill
228,1412645.0,1412673.0,-1.0,0.631,1632.63,1623.55,0.5150947650000001,0.5122300249999999,0.0,5.729480000000097,4.702155210000098,9954.48945016966,2.0,9949.78729495966,0.10353884957137437,1662597240.0,2022-09-08 00:05:00+00:00,2022-09-08 00:05:00+00:00,2022-09-08 00:33:00+00:00,2022-09-08 00:34:00+00:00,1945.4143076301282,1623.2242527621001,2022-09-13 00:00:00+00:00,0.030071033004067424,0.023824436898580426,target,minute interval; not exact exchange fill
229,1414085.0,1420614.0,-1.0,0.5,1631.58,1623.55,0.407895,0.4058875,2.5585923162676423,4.014999999999986,0.6426251837323442,9955.132075353387,2.0,9954.48945016966,0.08195196791193506,1663073700.0,2022-09-09 00:05:00+00:00,2022-09-09 00:05:00+00:00,2022-09-13 12:54:00+00:00,2022-09-13 12:55:00+00:00,2027.29044618506,1623.2153724430757,2022-09-14 00:00:00+00:00,0.02113825307763643,0.003247956630550059,target,minute interval; not exact exchange fill
230,1421285.0,1421301.0,-1.0,0.601,1564.8400000000001,1552.13,0.47023442,0.466415065,0.0,7.638710000000022,6.7020605150000225,9961.834135868388,2.0,9955.132075353387,0.09447075467018505,1663114920.0,2022-09-14 00:05:00+00:00,2022-09-14 00:05:00+00:00,2022-09-14 00:21:00+00:00,2022-09-14 00:22:00+00:00,1893.8547557272598,1551.818293722793,2022-09-19 00:00:00+00:00,0.03957787926083669,0.03389366223211037,target,minute interval; not exact exchange fill
231,1422725.0,1422725.0,-1.0,0.685,1629.3700000000001,1629.38,0.558059225,0.5580626500000001,0.0,-0.006849999999993771,-1.122971874999994,9960.711163993388,2.0,9961.834135868388,0.11203945325503117,1663200360.0,2022-09-15 00:05:00+00:00,2022-09-15 00:05:00+00:00,2022-09-15 00:05:00+00:00,2022-09-15 00:06:00+00:00,1917.7570484046776,1629.0471430964253,2022-09-20 00:00:00+00:00,0.0011195263634785544,-0.005684634622354981,target,minute interval; not exact exchange fill
232,1424165.0,1424175.0,-1.0,0.752,1469.72,1461.98,0.55261472,0.54970448,0.0,5.820480000000007,4.718160800000007,9965.42932479339,2.0,9960.711163993388,0.11095888855760155,1663287360.0,2022-09-16 00:05:00+00:00,2022-09-16 00:05:00+00:00,2022-09-16 00:15:00+00:00,2022-09-16 00:16:00+00:00,1732.2383272989405,1461.6791682411995,2022-09-21 00:00:00+00:00,0.030629601527378786,0.023899855162704035,target,minute interval; not exact exchange fill
233,1425605.0,1426232.0,-1.0,1.109,1433.25,1422.63,0.794737125,0.7888483350000001,-0.12565323195763542,11.77757999999988,10.319647771957515,9975.748972565349,2.0,9965.42932479339,0.1594988232012728,1663410780.0,2022-09-17 00:05:00+00:00,2022-09-17 00:05:00+00:00,2022-09-17 10:32:00+00:00,2022-09-17 10:33:00+00:00,1610.8806538752685,1422.340249404709,2022-09-22 00:00:00+00:00,0.061418175057508344,0.052386021116305144,target,minute interval; not exact exchange fill
234,1427045.0,1427626.0,-1.0,0.81,1457.7,1444.21,0.5903685000000001,0.58490505,-0.09689107539600002,10.926900000000009,9.848517525396009,9985.597490090746,2.0,9975.748972565349,0.1183607369478909,1663494420.0,2022-09-18 00:05:00+00:00,2022-09-18 00:05:00+00:00,2022-09-18 09:46:00+00:00,2022-09-18 09:47:00+00:00,1701.7553720706997,1443.918029091388,2022-09-23 00:00:00+00:00,0.056470672174425994,0.049819282847327805,target,minute interval; not exact exchange fill
235,1428485.0,1428615.0,-1.0,0.911,1336.94,1329.28,0.60897617,0.60548704,0.0,6.978260000000075,5.763796790000075,9991.361286880745,2.0,9985.597490090746,0.12197090271349718,1663553760.0,2022-09-19 00:05:00+00:00,2022-09-19 00:05:00+00:00,2022-09-19 02:15:00+00:00,2022-09-19 02:16:00+00:00,1554.2017849551025,1329.0130779296035,2022-09-24 00:00:00+00:00,0.03648557923812831,0.029121044003700625,target,minute interval; not exact exchange fill
236,1429925.0,1429933.0,-1.0,0.862,1378.45,1369.25,0.5941119499999999,0.59014675,0.0,7.930400000000039,6.746141300000039,9998.107428180745,2.0,9991.361286880745,0.11892512600462252,1663632840.0,2022-09-20 00:05:00+00:00,2022-09-20 00:05:00+00:00,2022-09-20 00:13:00+00:00,2022-09-20 00:14:00+00:00,1608.2391782354134,1368.9708072638443,2022-09-25 00:00:00+00:00,0.041251693438950854,0.034057957211467746,target,minute interval; not exact exchange fill
237,1431365.0,1432440.0,-1.0,0.921,1326.07,1308.44,0.610655235,0.6025366200000001,0.12266239050020794,16.23722999999989,14.901375754499682,10013.008803935245,2.0,9998.107428180745,0.12215416555313303,1663783260.0,2022-09-21 00:05:00+00:00,2022-09-21 00:05:00+00:00,2022-09-21 18:00:00+00:00,2022-09-21 18:01:00+00:00,1541.097499241991,1308.169064048408,2022-09-26 00:00:00+00:00,0.0832495193158819,0.07524414847793863,target,minute interval; not exact exchange fill
238,1432805.0,1432818.0,-1.0,1.091,1246.14,1240.27,0.67976937,0.676567285,0.0,6.4041700000001285,5.047833345000129,10018.056637280246,2.0,10013.008803935245,0.13577724404533462,1663805940.0,2022-09-22 00:05:00+00:00,2022-09-22 00:05:00+00:00,2022-09-22 00:18:00+00:00,2022-09-22 00:19:00+00:00,1427.8914199530584,1240.016549280417,2022-09-27 00:00:00+00:00,0.03369135009324654,0.025456719959575005,target,minute interval; not exact exchange fill
239,1434245.0,1434333.0,-1.0,0.96,1325.84,1317.77,0.6364032,0.6325296,0.0,7.747199999999939,6.478267199999939,10024.534904480246,2.0,10018.056637280246,0.12705122820562811,1663896840.0,2022-09-23 00:05:00+00:00,2022-09-23 00:05:00+00:00,2022-09-23 01:33:00+00:00,2022-09-23 01:34:00+00:00,1532.595224721062,1317.5057177484741,2022-09-28 00:00:00+00:00,0.0403098991223547,0.03263857060494635,target,minute interval; not exact exchange fill
240,1435685.0,1435699.0,-1.0,1.2510000000000001,1326.94,1316.81,0.8300009700000001,0.8236646550000001,0.0,12.672630000000138,11.018964375000138,10035.553868855246,2.0,10024.534904480246,0.16559391092130354,1663978800.0,2022-09-24 00:05:00+00:00,2022-09-24 00:05:00+00:00,2022-09-24 00:19:00+00:00,2022-09-24 00:20:00+00:00,1485.2810724997973,1316.541991379759,2022-09-29 00:00:00+00:00,0.0656684235876592,0.05562754414216429,target,minute interval; not exact exchange fill
241,1437125.0,1438141.0,-1.0,0.963,1318.88,1294.94,0.6350407200000001,0.6235136099999999,0.049393329944431325,23.05422000000005,21.74627234005562,10057.300141195301,2.0,10035.553868855246,0.1265581807040689,1664125320.0,2022-09-25 00:05:00+00:00,2022-09-25 00:05:00+00:00,2022-09-25 17:01:00+00:00,2022-09-25 17:02:00+00:00,1525.3446375596836,1294.6781631968831,2022-09-30 00:00:00+00:00,0.11722025180278564,0.10937368823173438,target,minute interval; not exact exchange fill
242,1438565.0,1438566.0,-1.0,0.918,1292.56,1289.7,0.59328504,0.5919723,0.0,2.625479999999908,1.440222659999908,10058.7403638553,2.0,10057.300141195301,0.11798097534543472,1664150820.0,2022-09-26 00:05:00+00:00,2022-09-26 00:05:00+00:00,2022-09-26 00:06:00+00:00,2022-09-26 00:07:00+00:00,1509.7491854981151,1289.4366905039337,2022-10-01 00:00:00+00:00,0.014380593991837212,0.0072235180421242225,target,minute interval; not exact exchange fill
243,1440005.0,1441012.0,-1.0,0.914,1332.43,1319.7,0.60892051,0.6031029000000001,-0.0386936738642,11.635220000000016,10.461890263864216,10069.202254119165,2.0,10058.7403638553,0.12107291529028269,1664297580.0,2022-09-27 00:05:00+00:00,2022-09-27 00:05:00+00:00,2022-09-27 16:52:00+00:00,2022-09-27 16:53:00+00:00,1550.5312258443362,1319.4357984894395,2022-10-02 00:00:00+00:00,0.05957876421948576,0.05248145392575411,target,minute interval; not exact exchange fill
244,1441445.0,1441529.0,-1.0,0.874,1329.51,1312.8700000000001,0.58099587,0.5737241900000001,0.0,14.543359999999888,13.388639939999887,10082.590894059165,2.0,10069.202254119165,0.11540057600140526,1664328600.0,2022-09-28 00:05:00+00:00,2022-09-28 00:05:00+00:00,2022-09-28 01:29:00+00:00,2022-09-28 01:30:00+00:00,1557.810264365063,1312.5975727872874,2022-10-03 00:00:00+00:00,0.07407975308197115,0.06709939667658188,target,minute interval; not exact exchange fill
245,1442885.0,1442925.0,-1.0,1.048,1340.51,1332.28,0.70242724,0.6981147200000001,0.0,8.62504000000002,7.224498040000019,10089.815392099166,2.0,10082.590894059165,0.1393346704990048,1664412360.0,2022-09-29 00:05:00+00:00,2022-09-29 00:05:00+00:00,2022-09-29 00:45:00+00:00,2022-09-29 00:46:00+00:00,1530.9848355373333,1332.005795451974,2022-10-04 00:00:00+00:00,0.044647391473185166,0.03619168369697246,target,minute interval; not exact exchange fill
246,1444325.0,1444360.0,-1.0,0.991,1335.31,1327.02,0.661646105,0.65753841,0.0,8.215389999999964,6.896205484999964,10096.711597584166,2.0,10089.815392099166,0.1311512806305856,1664498460.0,2022-09-30 00:05:00+00:00,2022-09-30 00:05:00+00:00,2022-09-30 00:40:00+00:00,2022-09-30 00:41:00+00:00,1536.984510426213,1326.7448194979404,2022-10-05 00:00:00+00:00,0.042470317562482936,0.0345052777631311,target,minute interval; not exact exchange fill
247,1445765.0,1446452.0,-1.0,1.283,1328.21,1317.98,0.852046715,0.84548417,-0.11685607231317979,13.125090000000023,11.544415187313202,10108.256012771479,2.0,10096.711597584166,0.16877707296380906,1664623980.0,2022-10-01 00:05:00+00:00,2022-10-01 00:05:00+00:00,2022-10-01 11:32:00+00:00,2022-10-01 11:33:00+00:00,1483.7044344005524,1317.709251874733,2022-10-06 00:00:00+00:00,0.06753134390789384,0.057866928624443356,target,minute interval; not exact exchange fill
248,1447205.0,1447815.0,-1.0,1.034,1309.83,1291.69,0.67718211,0.6678037300000002,-0.05955703941273838,18.75675999999987,17.471331199412607,10125.727343970892,2.0,10108.256012771479,0.13398594359786706,1664705760.0,2022-10-02 00:05:00+00:00,2022-10-02 00:05:00+00:00,2022-10-02 10:15:00+00:00,2022-10-02 10:16:00+00:00,1503.4688409622472,1291.4254674506255,2022-10-07 00:00:00+00:00,0.09504566572448454,0.08725955288818188,target,minute interval; not exact exchange fill
249,1450085.0,1457142.0,-1.0,1.002,1321.68,1307.45,0.6621616800000001,0.6550324500000001,-0.6301681942051208,14.258460000000019,13.571434064205139,10139.298778035098,2.0,10125.727343970892,0.13078797354626925,1665265380.0,2022-10-04 00:05:00+00:00,2022-10-04 00:05:00+00:00,2022-10-08 21:42:00+00:00,2022-10-08 21:43:00+00:00,1521.8456108395928,1307.1831773821636,2022-10-09 00:00:00+00:00,0.07242414197438625,0.06766569600365714,target,minute interval; not exact exchange fill
250,1457285.0,1459230.0,-1.0,1.19,1314.04,1297.48,0.7818538,0.7720005999999999,-0.06531002179833875,19.706399999999935,18.217855621798275,10157.516633656896,2.0,10139.298778035098,0.15422245997795048,1665390660.0,2022-10-09 00:05:00+00:00,2022-10-09 00:05:00+00:00,2022-10-10 08:30:00+00:00,2022-10-10 08:31:00+00:00,1482.474723376516,1297.2181524195908,2022-10-14 00:00:00+00:00,0.09987161342501773,0.09089053649013513,target,minute interval; not exact exchange fill
251,1460165.0,1460172.0,-1.0,1.318,1282.53,1270.6000000000001,0.84518727,0.8373254000000002,0.0,15.723739999999784,14.041227329999783,10171.557860986895,2.0,10157.516633656896,0.16641612324797478,1665447180.0,2022-10-11 00:05:00+00:00,2022-10-11 00:05:00+00:00,2022-10-11 00:12:00+00:00,2022-10-11 00:13:00+00:00,1434.8379145028011,1270.3428929616346,2022-10-16 00:00:00+00:00,0.08001624261056553,0.06994669341233677,target,minute interval; not exact exchange fill
252,1461605.0,1463660.0,-1.0,1.1320000000000001,1278.8,1264.25,0.7238008000000001,0.7155655000000001,0.16138900570798692,16.47059999999995,14.869844694291965,10186.427705681186,2.0,10171.557860986895,0.14231857300367817,1665656460.0,2022-10-12 00:05:00+00:00,2022-10-12 00:05:00+00:00,2022-10-13 10:20:00+00:00,2022-10-13 10:21:00+00:00,1456.5954733767283,1263.995263374103,2022-10-17 00:00:00+00:00,0.08326835517644185,0.07388211273038553,target,minute interval; not exact exchange fill
253,1464485.0,1466455.0,-1.0,1.5110000000000001,1285.2,1280.07,0.9709686000000002,0.967092885,-0.5033212862270702,7.751430000000165,6.316689801227236,10192.744395482412,2.0,10186.427705681186,0.1906396684008213,1665824160.0,2022-10-14 00:05:00+00:00,2022-10-14 00:05:00+00:00,2022-10-15 08:55:00+00:00,2022-10-15 08:56:00+00:00,1418.2092141975334,1279.8053046464488,2022-10-19 00:00:00+00:00,0.04055880929827558,0.03142992597289386,target,minute interval; not exact exchange fill
254,1467365.0,1474560.0,-1.0,1.426,1277.27,1282.45,0.91069351,0.91438685,-1.1657184798841724,-7.386680000000091,-8.046041880115919,10184.698353602296,4.0,10192.744395482412,0.17869446631147426,1666310400.0,2022-10-16 00:05:00+00:00,2022-10-16 00:05:00+00:00,2022-10-21 00:00:00+00:00,2022-10-21 00:00:00+00:00,1418.371484652144,1255.2298777286342,2022-10-21 00:00:00+00:00,0.1562004987098547,-0.039988137786711286,timeout,minute interval; not exact exchange fill
255,1476005.0,1481242.0,-1.0,1.943,1298.25,1401.51,1.261249875,1.361566965,-0.6064251409647408,-200.63418,-202.65057169903525,9982.047781903262,1.0,10184.698353602296,0.24767545021181697,1666711380.0,2022-10-22 00:05:00+00:00,2022-10-22 00:05:00+00:00,2022-10-25 15:22:00+00:00,2022-10-25 15:23:00+00:00,1401.223390781973,1282.3785222152496,2022-10-27 00:00:00+00:00,0.15413183604252942,-1.0128613962286717,stop,minute interval; not exact exchange fill
256,1481765.0,1486696.0,-1.0,1.091,1462.92,1644.05,0.79802286,0.896829275,-0.6828889379258195,-197.61282999999986,-198.62479319707404,9783.422988706188,1.0,9982.047781903262,0.15989161291068119,1667038620.0,2022-10-26 00:05:00+00:00,2022-10-26 00:05:00+00:00,2022-10-29 10:16:00+00:00,2022-10-29 10:17:00+00:00,1643.7129327953237,1442.7463058808348,2022-10-31 00:00:00+00:00,0.11158452826252874,-1.006994868767666,stop,minute interval; not exact exchange fill
257,1487525.0,1488106.0,-1.0,0.869,1617.56,1598.83,0.7028298199999999,0.6946916350000001,-0.1315465049887476,16.276370000000014,15.010395049988762,9798.433383756177,2.0,9783.422988706188,0.14367769252363602,1667123220.0,2022-10-30 00:05:00+00:00,2022-10-30 00:05:00+00:00,2022-10-30 09:46:00+00:00,2022-10-30 09:47:00+00:00,1826.2814183914254,1598.5036989195396,2022-11-04 00:00:00+00:00,0.09130017047279322,0.0827571123693355,target,minute interval; not exact exchange fill
258,1488965.0,1488992.0,-1.0,0.874,1590.33,1585.3500000000001,0.69497421,0.69279795,0.0,4.352519999999817,2.9647478399998173,9801.398131596177,2.0,9798.433383756177,0.14185414806251107,1667176380.0,2022-10-31 00:05:00+00:00,2022-10-31 00:05:00+00:00,2022-10-31 00:32:00+00:00,2022-10-31 00:33:00+00:00,1812.0895260045882,1585.028972352459,2022-11-05 00:00:00+00:00,0.023904396546334604,0.015296569491808918,target,minute interval; not exact exchange fill
259,1490405.0,1492443.0,-1.0,0.857,1571.72,1545.58,0.67348202,0.66228103,-0.08297762504481555,22.401980000000087,21.149194575044902,9822.547326171225,2.0,9801.398131596177,0.1374257041613148,1667383440.0,2022-11-01 00:05:00+00:00,2022-11-01 00:05:00+00:00,2022-11-02 10:03:00+00:00,2022-11-02 10:04:00+00:00,1798.1465669920215,1545.2689820621383,2022-11-06 00:00:00+00:00,0.1168194098830892,0.1089897430954574,target,minute interval; not exact exchange fill
260,1493285.0,1500480.0,-1.0,1.103,1515.45,1567.8400000000001,0.835770675,0.86466376,-1.048251592530265,-57.78617000000011,-58.43835284246985,9764.108973328755,4.0,9822.547326171225,0.17017391665259174,1667865600.0,2022-11-03 00:05:00+00:00,2022-11-03 00:05:00+00:00,2022-11-08 00:00:00+00:00,2022-11-08 00:00:00+00:00,1691.4059342150697,1512.868112743887,2022-11-08 00:00:00+00:00,0.014673487811768006,-0.30110539405905395,timeout,minute interval; not exact exchange fill
261,1501925.0,1501926.0,-1.0,0.78,1322.59,1321.5,0.5158101,0.515385,0.0,0.8501999999999362,-0.1809951000000638,9763.927978228756,2.0,9764.108973328755,0.10565431037465191,1667952420.0,2022-11-09 00:05:00+00:00,2022-11-09 00:05:00+00:00,2022-11-09 00:06:00+00:00,2022-11-09 00:07:00+00:00,1570.782448072879,1321.2326390584822,2022-11-14 00:00:00+00:00,0.005468985668408328,-0.0009349398090144312,target,minute interval; not exact exchange fill
262,1504805.0,1504820.0,-1.0,0.561,1302.94,1286.49,0.36547467000000006,0.36086044500000003,0.0,9.228450000000027,8.502114885000028,9772.430093113757,2.0,9763.927978228756,0.0748622216007578,1668126060.0,2022-11-11 00:05:00+00:00,2022-11-11 00:05:00+00:00,2022-11-11 00:20:00+00:00,2022-11-11 00:21:00+00:00,1649.069999570517,1286.2274465548032,2022-11-16 00:00:00+00:00,0.04828403624630628,0.04378495079538018,target,minute interval; not exact exchange fill
263,1506245.0,1506273.0,-1.0,0.855,1287.33,1273.8500000000001,0.550333575,0.544570875,0.0,11.525399999999822,10.430495549999822,9782.860588663756,2.0,9772.430093113757,0.11262983101568529,1668213240.0,2022-11-12 00:05:00+00:00,2022-11-12 00:05:00+00:00,2022-11-12 00:33:00+00:00,2022-11-12 00:34:00+00:00,1514.0333230487727,1273.5929546172172,2022-11-17 00:00:00+00:00,0.060594812630194124,0.05381222399362546,target,minute interval; not exact exchange fill
264,1507685.0,1508101.0,-1.0,0.732,1256.24,1232.14,0.45978384,0.45096324000000004,0.0,17.641199999999934,16.730452919999934,9799.591041583755,2.0,9782.860588663756,0.09399783137721315,1668322920.0,2022-11-13 00:05:00+00:00,2022-11-13 00:05:00+00:00,2022-11-13 07:01:00+00:00,2022-11-13 07:02:00+00:00,1521.7472367763482,1231.8923308424369,2022-11-18 00:00:00+00:00,0.0917024690293943,0.0860835669773199,target,minute interval; not exact exchange fill
265,1509125.0,1509144.0,-1.0,0.753,1227.25,1215.43,0.462059625,0.45760939500000003,0.0,8.900459999999953,7.980790979999952,9807.571832563755,2.0,9799.591041583755,0.09430181791041853,1668385500.0,2022-11-14 00:05:00+00:00,2022-11-14 00:05:00+00:00,2022-11-14 00:24:00+00:00,2022-11-14 00:25:00+00:00,1485.6066102857983,1215.1824346910685,2022-11-19 00:00:00+00:00,0.04670894735606802,0.04102337458397339,target,minute interval; not exact exchange fill
266,1510565.0,1512843.0,-1.0,0.666,1245.3,1209.81,0.4146849,0.40286673,0.0688373174980582,23.636340000000008,22.74995105250195,9830.321783616255,2.0,9807.571832563755,0.08456423405906353,1668607440.0,2022-11-15 00:05:00+00:00,2022-11-15 00:05:00+00:00,2022-11-16 14:03:00+00:00,2022-11-16 14:04:00+00:00,1537.778921114452,1209.5658658865138,2022-11-20 00:00:00+00:00,0.12217678449211292,0.11679161538978153,target,minute interval; not exact exchange fill
267,1513445.0,1513610.0,-1.0,0.839,1217.13,1212.03,0.510586035,0.508446585,0.0,4.278900000000115,3.259867380000115,9833.581650996255,2.0,9830.321783616255,0.10387982127929328,1668653460.0,2022-11-17 00:05:00+00:00,2022-11-17 00:05:00+00:00,2022-11-17 02:50:00+00:00,2022-11-17 02:51:00+00:00,1449.5658804688303,1211.7794526153243,2022-11-22 00:00:00+00:00,0.0230194554037164,0.016716093884313936,target,minute interval; not exact exchange fill
268,1514885.0,1518404.0,-1.0,0.78,1201.99,1191.09,0.46877610000000003,0.4645251,-0.10126551868859572,8.502000000000072,7.669964318688668,9841.251615314943,2.0,9833.581650996255,0.0953418838908014,1668941100.0,2022-11-18 00:05:00+00:00,2022-11-18 00:05:00+00:00,2022-11-20 10:44:00+00:00,2022-11-20 10:45:00+00:00,1452.370036993583,1190.8449176772815,2022-11-23 00:00:00+00:00,0.04451266345568975,0.03927344889846155,target,minute interval; not exact exchange fill
269,1519205.0,1519205.0,-1.0,1.066,1137.78,1137.91,0.60643674,0.6065060300000001,0.0,-0.13858000000011636,-1.3515227700001167,9839.900092544944,2.0,9841.251615314943,0.12324382379498638,1668989160.0,2022-11-21 00:05:00+00:00,2022-11-21 00:05:00+00:00,2022-11-21 00:05:00+00:00,2022-11-21 00:06:00+00:00,1320.7186614859133,1137.6813386418028,2022-11-26 00:00:00+00:00,0.0005393138738188605,-0.006930437719955308,target,minute interval; not exact exchange fill
270,1520645.0,1521057.0,-1.0,0.9400000000000001,1104.4,1083.41,0.5190680000000001,0.5092027,0.0,19.73060000000001,18.70232930000001,9858.602421844944,2.0,9839.900092544944,0.10550269720589224,1669100280.0,2022-11-22 00:05:00+00:00,2022-11-22 00:05:00+00:00,2022-11-22 06:57:00+00:00,2022-11-22 06:58:00+00:00,1312.0175302628068,1083.1922701718909,2022-11-27 00:00:00+00:00,0.10214806910218048,0.09583051573157195,target,minute interval; not exact exchange fill
271,1522085.0,1529280.0,-1.0,0.791,1135.25,1193.49,0.448991375,0.472025295,0.299316335784737,-46.06784000000001,-47.28817300578475,9811.31424883916,4.0,9858.602421844944,0.09108621197769644,1669593600.0,2022-11-23 00:05:00+00:00,2022-11-23 00:05:00+00:00,2022-11-28 00:00:00+00:00,2022-11-28 00:00:00+00:00,1382.721454425354,1126.8248206517699,2022-11-28 00:00:00+00:00,0.03404505528847351,-0.24157441748617994,timeout,minute interval; not exact exchange fill
272,1530725.0,1537920.0,-1.0,1.1520000000000001,1166.97,1240.01,0.6721747200000001,0.7142457600000002,-0.8350955046924897,-84.14207999999996,-84.69340497530747,9726.620843863851,4.0,9811.31424883916,0.13702032224266578,1670112000.0,2022-11-29 00:05:00+00:00,2022-11-29 00:05:00+00:00,2022-12-04 00:00:00+00:00,2022-12-04 00:00:00+00:00,1335.511509456719,1147.3114660345557,2022-12-04 00:00:00+00:00,0.11663912367233546,-0.43620459401789996,timeout,minute interval; not exact exchange fill
273,1539365.0,1540260.0,-1.0,1.092,1276.24,1275.28,0.6968270400000001,0.6963028800000001,0.0348169347708,1.0483200000000399,-0.37962685477076025,9726.241217009081,2.0,9726.620843863851,0.14328245156993064,1670252460.0,2022-12-05 00:05:00+00:00,2022-12-05 00:05:00+00:00,2022-12-05 15:00:00+00:00,2022-12-05 15:01:00+00:00,1452.4236479080323,1275.015106820331,2022-12-10 00:00:00+00:00,0.006952365864897507,-0.0019731890219541444,target,minute interval; not exact exchange fill
274,1540805.0,1541480.0,-1.0,1.1460000000000001,1259.17,1242.99,0.7215044100000001,0.71223327,-0.0200521804807031,18.542280000000076,17.12859450048078,9743.369811509561,2.0,9726.241217009081,0.14836243393557746,1670325660.0,2022-12-06 00:05:00+00:00,2022-12-06 00:05:00+00:00,2022-12-06 11:20:00+00:00,2022-12-06 11:21:00+00:00,1426.9851298485805,1242.738272556145,2022-12-11 00:00:00+00:00,0.09791564955246583,0.08906477951763164,target,minute interval; not exact exchange fill
275,1542245.0,1542258.0,-1.0,0.9430000000000001,1269.25,1267.0,0.598451375,0.5973905,0.0,2.12175,0.925908125,9744.29571963456,2.0,9743.369811509561,0.12284279188357741,1670372340.0,2022-12-07 00:05:00+00:00,2022-12-07 00:05:00+00:00,2022-12-07 00:18:00+00:00,2022-12-07 00:19:00+00:00,1473.9121967410274,1266.7421462204875,2022-12-12 00:00:00+00:00,0.012253624848392831,0.0047975396318179426,target,minute interval; not exact exchange fill
276,1543685.0,1543736.0,-1.0,1.173,1230.71,1228.19,0.721811415,0.720333435,0.0,2.955959999999979,1.5138151499999788,9745.80953478456,2.0,9744.29571963456,0.14815055613420364,1670461020.0,2022-12-08 00:05:00+00:00,2022-12-08 00:05:00+00:00,2022-12-08 00:56:00+00:00,2022-12-08 00:57:00+00:00,1395.0743168680963,1227.94420844413,2022-12-13 00:00:00+00:00,0.016827201965555462,0.007851765058200918,target,minute interval; not exact exchange fill
277,1545125.0,1545148.0,-1.0,1.107,1279.47,1273.69,0.7081866450000001,0.7049874150000001,0.0,6.39845999999997,4.9852859399999705,9750.794820724559,2.0,9745.80953478456,0.14533151760710153,1670545740.0,2022-12-09 00:05:00+00:00,2022-12-09 00:05:00+00:00,2022-12-09 00:28:00+00:00,2022-12-09 00:29:00+00:00,1453.5953213811251,1273.4263128732628,2022-12-14 00:00:00+00:00,0.03470883544564354,0.02586309655758164,target,minute interval; not exact exchange fill
278,1546565.0,1549455.0,-1.0,1.551,1262.77,1253.95,0.9792781349999999,0.972438225,-0.35685828318949314,13.6798199999999,12.084961923189395,9762.87978264775,2.0,9750.794820724559,0.20086119193455287,1670804160.0,2022-12-10 00:05:00+00:00,2022-12-10 00:05:00+00:00,2022-12-12 00:15:00+00:00,2022-12-12 00:16:00+00:00,1386.6699918370712,1253.6968574764483,2022-12-15 00:00:00+00:00,0.07322956514382123,0.0628871930857982,target,minute interval; not exact exchange fill
279,1550885.0,1551315.0,-1.0,1.101,1274.44,1258.6100000000001,0.70157922,0.692864805,0.0,17.42882999999992,16.03438597499992,9778.914168622749,2.0,9762.87978264775,0.1437238264977852,1670915760.0,2022-12-13 00:05:00+00:00,2022-12-13 00:05:00+00:00,2022-12-13 07:15:00+00:00,2022-12-13 07:16:00+00:00,1449.8727121238148,1258.3564318902393,2022-12-18 00:00:00+00:00,0.09167941323514125,0.08301459188364764,target,minute interval; not exact exchange fill
280,1552325.0,1552655.0,-1.0,0.937,1322.44,1317.25,0.6195631400000001,0.617131625,0.0,4.863030000000052,3.6263352350000515,9782.540503857748,2.0,9778.914168622749,0.1267140971515979,1670996160.0,2022-12-14 00:05:00+00:00,2022-12-14 00:05:00+00:00,2022-12-14 05:35:00+00:00,2022-12-14 05:36:00+00:00,1529.0997567974634,1316.9827897721402,2022-12-19 00:00:00+00:00,0.026406738846635552,0.01872718259217248,target,minute interval; not exact exchange fill
281,1553765.0,1553817.0,-1.0,1.1,1307.5,1304.94,0.7191250000000001,0.7177170000000002,0.0,2.8159999999999403,1.3791579999999402,9783.919661857748,2.0,9782.540503857748,0.14702213596077887,1671065880.0,2022-12-15 00:05:00+00:00,2022-12-15 00:05:00+00:00,2022-12-15 00:57:00+00:00,2022-12-15 00:58:00+00:00,1483.4738277148438,1304.673990427878,2022-12-20 00:00:00+00:00,0.016059260679954484,0.007124809503101957,target,minute interval; not exact exchange fill
282,1555205.0,1555731.0,-1.0,1.2710000000000001,1266.69,1260.95,0.8049814950000002,0.8013337250000001,-0.16234139336470702,7.295540000000012,5.851566173364719,9789.771228031112,2.0,9783.919661857748,0.164551942947404,1671180720.0,2022-12-16 00:05:00+00:00,2022-12-16 00:05:00+00:00,2022-12-16 08:51:00+00:00,2022-12-16 08:52:00+00:00,1418.8028253898876,1260.6892872854833,2022-12-21 00:00:00+00:00,0.0394490911541225,0.03026639788141806,target,minute interval; not exact exchange fill
283,1556645.0,1560876.0,-1.0,1.947,1168.57,1149.65,1.1376028950000001,1.119184275,-0.2652263048899674,36.8372399999997,34.845679134889664,9824.616907166002,2.0,9789.771228031112,0.23240643085564547,1671489420.0,2022-12-17 00:05:00+00:00,2022-12-17 00:05:00+00:00,2022-12-19 22:36:00+00:00,2022-12-19 22:37:00+00:00,1267.4626646084923,1149.4177393223708,2022-12-22 00:00:00+00:00,0.1936671516886643,0.18097513232638837,target,minute interval; not exact exchange fill
284,1560965.0,1568160.0,-1.0,1.3,1165.56,1220.21,0.757614,0.7931365000000001,-1.4825786326732897,-71.04500000000012,-71.11317186732683,9753.503735298675,4.0,9824.616907166002,0.15422769297954042,1671926400.0,2022-12-20 00:05:00+00:00,2022-12-20 00:05:00+00:00,2022-12-25 00:00:00+00:00,2022-12-25 00:00:00+00:00,1315.0448633471124,1153.1772377545326,2022-12-25 00:00:00+00:00,0.08283622815183543,-0.36593965885978375,timeout,minute interval; not exact exchange fill
285,1569605.0,1570392.0,-1.0,1.3940000000000001,1217.19,1215.17,0.8483814300000001,0.8469734900000001,-0.01739708204103025,2.815879999999975,1.1379221620410052,9754.641657460716,2.0,9753.503735298675,0.1739644445779301,1672060380.0,2022-12-26 00:05:00+00:00,2022-12-26 00:05:00+00:00,2022-12-26 13:12:00+00:00,2022-12-26 13:13:00+00:00,1355.3048118139022,1214.9175297116528,2022-12-31 00:00:00+00:00,0.016453487200266254,0.0059103000036638,target,minute interval; not exact exchange fill
286,1571045.0,1571243.0,-1.0,1.35,1229.6100000000001,1221.17,0.8299867500000001,0.8242897500000002,0.0,11.394000000000075,9.739723500000075,9764.381380960715,2.0,9754.641657460716,0.1701726786375992,1672111440.0,2022-12-27 00:05:00+00:00,2022-12-27 00:05:00+00:00,2022-12-27 03:23:00+00:00,2022-12-27 03:24:00+00:00,1372.3149212496746,1220.9170312892645,2023-01-01 00:00:00+00:00,0.06091568976466143,0.050556140158456594,target,minute interval; not exact exchange fill
287,1572485.0,1572536.0,-1.0,1.192,1212.25,1208.31,0.722501,0.72015276,0.0,4.696480000000065,3.2538262400000653,9767.635207200714,2.0,9764.381380960715,0.14798705044618266,1672189020.0,2022-12-28 00:05:00+00:00,2022-12-28 00:05:00+00:00,2022-12-28 00:56:00+00:00,2022-12-28 00:57:00+00:00,1374.304978882032,1208.0617021241999,2023-01-02 00:00:00+00:00,0.02584491945075623,0.01684440687247972,target,minute interval; not exact exchange fill
288,1573925.0,1574059.0,-1.0,1.4040000000000001,1191.02,1187.72,0.83609604,0.8337794400000001,0.0,4.6331999999999365,2.963324519999936,9770.598531720714,2.0,9767.635207200714,0.17119722886121483,1672280400.0,2022-12-29 00:05:00+00:00,2022-12-29 00:05:00+00:00,2022-12-29 02:19:00+00:00,2022-12-29 02:20:00+00:00,1328.4110806361368,1187.4776330940135,2023-01-03 00:00:00+00:00,0.025783092247217795,0.015362205393738003,target,minute interval; not exact exchange fill
289,1575365.0,1575458.0,-1.0,1.3940000000000001,1200.02,1195.54,0.83641394,0.83329138,0.0,6.245120000000026,4.5754146800000255,9775.173946400713,2.0,9770.598531720714,0.1712103792381894,1672364340.0,2022-12-30 00:05:00+00:00,2022-12-30 00:05:00+00:00,2022-12-30 01:38:00+00:00,2022-12-30 01:39:00+00:00,1338.447151676871,1195.2938852110653,2023-01-04 00:00:00+00:00,0.034141530268330264,0.023710810778377257,target,minute interval; not exact exchange fill
290,1576805.0,1584000.0,-1.0,1.9180000000000001,1198.51,1256.65,1.14937109,1.2051273500000002,-2.8698354589549817,-111.5125200000002,-110.99718298104521,9664.176763419668,4.0,9775.173946400713,0.2351612557080289,1672876800.0,2022-12-31 00:05:00+00:00,2022-12-31 00:05:00+00:00,2023-01-05 00:00:00+00:00,2023-01-05 00:00:00+00:00,1298.7100032775747,1183.2060729136422,2023-01-05 00:00:00+00:00,0.15273379826109157,-0.5775580192601824,timeout,minute interval; not exact exchange fill
291,1585445.0,1585783.0,-1.0,1.528,1249.84,1246.78,0.95487776,0.95253992,0.0,4.675679999999916,2.7682623199999163,9666.945025739667,2.0,9664.176763419668,0.19761181596229757,1672983840.0,2023-01-06 00:05:00+00:00,2023-01-06 00:05:00+00:00,2023-01-06 05:43:00+00:00,2023-01-06 05:44:00+00:00,1374.483231963388,1246.5263737807638,2023-01-11 00:00:00+00:00,0.026584886856988798,0.014535005001571991,target,minute interval; not exact exchange fill
292,1586885.0,1588360.0,-1.0,1.957,1266.59,1257.54,1.239358315,1.23050289,-0.33466352282387135,17.710849999999912,15.575652317823783,9682.520678057492,2.0,9666.945025739667,0.2564115781562894,1673138460.0,2023-01-07 00:05:00+00:00,2023-01-07 00:05:00+00:00,2023-01-08 00:40:00+00:00,2023-01-08 00:41:00+00:00,1363.5635343065483,1257.2848906158176,2023-01-12 00:00:00+00:00,0.09595514333598894,0.0820733564043932,target,minute interval; not exact exchange fill
293,1589765.0,1589765.0,-1.0,1.5150000000000001,1287.8700000000001,1287.14,0.9755615250000003,0.9750085500000002,0.0,1.1059500000000277,-0.8446200749999727,9681.676057982491,2.0,9682.520678057492,0.20150982526911937,1673222760.0,2023-01-09 00:05:00+00:00,2023-01-09 00:05:00+00:00,2023-01-09 00:05:00+00:00,2023-01-09 00:06:00+00:00,1413.8202920088524,1286.877943373077,2023-01-14 00:00:00+00:00,0.007876572662915561,-0.004426389102462725,target,minute interval; not exact exchange fill
294,1591205.0,1596817.0,-1.0,1.547,1322.58,1446.1200000000001,1.02301563,1.1185738200000002,-2.1834398054235846,-191.11638000000028,-191.0745296445767,9490.601528337915,1.0,9681.676057982491,0.21133027460808892,1673645880.0,2023-01-10 00:05:00+00:00,2023-01-10 00:05:00+00:00,2023-01-13 21:37:00+00:00,2023-01-13 21:38:00+00:00,1445.8211694298766,1314.4876962913104,2023-01-15 00:00:00+00:00,0.06566234113263592,-1.002205253181427,stop,minute interval; not exact exchange fill
295,1596965.0,1604160.0,-1.0,0.9390000000000001,1452.02,1511.91,0.68172339,0.7098417450000001,-3.978001521863855,-56.236710000000095,-53.65027361313624,9436.95125472478,4.0,9490.601528337915,0.14366284117280603,1674086400.0,2023-01-14 00:05:00+00:00,2023-01-14 00:05:00+00:00,2023-01-19 00:00:00+00:00,2023-01-19 00:00:00+00:00,1651.9369286006583,1436.4167462697364,2023-01-19 00:00:00+00:00,0.07804868671943047,-0.28579641581110227,timeout,minute interval; not exact exchange fill
296,1605605.0,1612708.0,-1.0,0.457,1551.28,1540.33,0.35446748000000006,0.351965405,-1.041371266800946,5.004150000000021,5.339088381800968,9442.290343106579,2.0,9436.95125472478,0.07512330421809257,1674599340.0,2023-01-20 00:05:00+00:00,2023-01-20 00:05:00+00:00,2023-01-24 22:28:00+00:00,2023-01-24 22:29:00+00:00,1961.29122141061,1540.0157415228866,2023-01-25 00:00:00+00:00,0.02747304924572451,0.02849411463265052,target,minute interval; not exact exchange fill
297,1612805.0,1612810.0,-1.0,0.678,1556.21,1552.16,0.5275551900000001,0.5261822400000001,0.0,2.745899999999969,1.6921625699999687,9443.982505676579,2.0,9442.290343106579,0.1117430561505972,1674605460.0,2023-01-25 00:05:00+00:00,2023-01-25 00:05:00+00:00,2023-01-25 00:10:00+00:00,2023-01-25 00:11:00+00:00,1832.3037438995177,1551.8479117684278,2023-01-30 00:00:00+00:00,0.01579930124443445,0.009039737607775307,target,minute interval; not exact exchange fill
298,1614245.0,1614622.0,-1.0,0.737,1614.08,1608.76,0.59478848,0.59282806,0.0,3.920839999999953,2.733223459999953,9446.715729136578,2.0,9443.982505676579,0.12596136844651823,1674714180.0,2023-01-26 00:05:00+00:00,2023-01-26 00:05:00+00:00,2023-01-26 06:22:00+00:00,2023-01-26 06:23:00+00:00,1867.7833962323941,1608.4367335997395,2023-01-31 00:00:00+00:00,0.02224355875429905,0.014617778299675773,target,minute interval; not exact exchange fill
299,1615685.0,1615734.0,-1.0,0.511,1604.1100000000001,1590.8500000000001,0.4098501050000001,0.4064621750000001,0.0,6.775859999999995,5.959547719999995,9452.675276856578,2.0,9446.715729136578,0.0867709194923472,1674780900.0,2023-01-27 00:05:00+00:00,2023-01-27 00:05:00+00:00,2023-01-27 00:54:00+00:00,2023-01-27 00:55:00+00:00,1971.0526706299681,1590.5300413371806,2023-02-01 00:00:00+00:00,0.037008393271639496,0.03178294849159339,target,minute interval; not exact exchange fill
300,1617125.0,1617572.0,-1.0,0.45,1598.67,1586.91,0.35970075,0.35705475000000003,0.0,5.291999999999996,4.575244499999997,9457.250521356578,2.0,9452.675276856578,0.07610559750860627,1674891180.0,2023-01-28 00:05:00+00:00,2023-01-28 00:05:00+00:00,2023-01-28 07:32:00+00:00,2023-01-28 07:33:00+00:00,2015.8458963455041,1586.587480812599,2023-02-02 00:00:00+00:00,0.02896264931230414,0.024371518318928795,target,minute interval; not exact exchange fill
301,1618565.0,1621149.0,-1.0,1.029,1571.27,1562.3400000000001,0.8084184149999999,0.8038239300000001,-0.829532703667101,9.18896999999983,8.40626035866693,9465.656781715246,2.0,9457.250521356578,0.17096267317322536,1675105800.0,2023-01-29 00:05:00+00:00,2023-01-29 00:05:00+00:00,2023-01-30 19:09:00+00:00,2023-01-30 19:10:00+00:00,1752.8510877873475,1562.0271066306707,2023-02-03 00:00:00+00:00,0.05090229099273704,0.044990088618348224,target,minute interval; not exact exchange fill
302,1621445.0,1624020.0,-1.0,0.919,1566.07,1558.19,0.7196091649999999,0.7159883050000001,-0.726361528064824,7.241719999999892,6.532484058064716,9472.18926577331,2.0,9465.656781715246,0.1520463252777271,1675278060.0,2023-01-31 00:05:00+00:00,2023-01-31 00:05:00+00:00,2023-02-01 19:00:00+00:00,2023-02-01 19:01:00+00:00,1769.8478908137631,1557.8697068605763,2023-02-05 00:00:00+00:00,0.04024132896202175,0.03488235393501182,target,minute interval; not exact exchange fill
303,1624325.0,1625639.0,-1.0,0.9440000000000001,1640.66,1639.26,0.7743915200000001,0.77373072,-0.31566510400000003,1.321600000000086,0.08914286400008598,9472.27840863731,2.0,9472.18926577331,0.16350845581140924,1675375200.0,2023-02-02 00:05:00+00:00,2023-02-02 00:05:00+00:00,2023-02-02 21:59:00+00:00,2023-02-02 22:00:00+00:00,1838.8511513816873,1638.926912644786,2023-02-07 00:00:00+00:00,0.008744524380286108,0.00047646425857949013,target,minute interval; not exact exchange fill
304,1625765.0,1626253.0,-1.0,0.7000000000000001,1647.3500000000001,1630.53,0.5765725000000002,0.5706855000000001,-0.1146495965888,11.774000000000116,10.741391596588917,9483.0198002339,2.0,9472.27840863731,0.12173892597461064,1675412040.0,2023-02-03 00:05:00+00:00,2023-02-03 00:05:00+00:00,2023-02-03 08:13:00+00:00,2023-02-03 08:14:00+00:00,1915.579518146858,1630.1993760176642,2023-02-08 00:00:00+00:00,0.06394010659537404,0.0572078913760071,target,minute interval; not exact exchange fill
305,1627205.0,1627349.0,-1.0,0.76,1663.77,1652.29,0.6322326,0.6278701999999999,0.0,8.724800000000014,7.464697200000014,9490.4844974339,2.0,9483.0198002339,0.13333993038470845,1675477800.0,2023-02-04 00:05:00+00:00,2023-02-04 00:05:00+00:00,2023-02-04 02:29:00+00:00,2023-02-04 02:30:00+00:00,1910.7236434044607,1651.9591913801303,2023-02-09 00:00:00+00:00,0.047826014862740684,0.039772525177584006,target,minute interval; not exact exchange fill
306,1628645.0,1629410.0,-1.0,1.006,1667.94,1655.9,0.8389738200000001,0.8329177000000001,-0.16781592834268402,12.112239999999963,10.608164408342647,9501.092661842242,2.0,9490.4844974339,0.17680315904353405,1675601460.0,2023-02-05 00:05:00+00:00,2023-02-05 00:05:00+00:00,2023-02-05 12:50:00+00:00,2023-02-05 12:51:00+00:00,1854.2321943778468,1655.5603502523259,2023-02-10 00:00:00+00:00,0.06645286341179275,0.05660406263037679,target,minute interval; not exact exchange fill
307,1630085.0,1630407.0,-1.0,0.897,1631.52,1616.95,0.73173672,0.725202075,0.0,13.069289999999944,11.612351204999943,9512.705013047242,2.0,9501.092661842242,0.15403211947163933,1675661280.0,2023-02-06 00:05:00+00:00,2023-02-06 00:05:00+00:00,2023-02-06 05:27:00+00:00,2023-02-06 05:28:00+00:00,1840.9043508480163,1616.6197262768283,2023-02-11 00:00:00+00:00,0.07116230827578529,0.061827758127906834,target,minute interval; not exact exchange fill
308,1631525.0,1635564.0,-1.0,0.867,1615.2,1605.63,0.7001892000000001,0.6960406050000001,-1.1423849734373162,8.297189999999945,8.043345168437261,9520.748358215678,2.0,9512.705013047242,0.14721137658313777,1675970700.0,2023-02-07 00:05:00+00:00,2023-02-07 00:05:00+00:00,2023-02-09 19:24:00+00:00,2023-02-09 19:25:00+00:00,1832.2084763383389,1605.3023646032318,2023-02-12 00:00:00+00:00,0.045609441454889495,0.042750471703620424,target,minute interval; not exact exchange fill
309,1635845.0,1636091.0,-1.0,0.775,1547.48,1532.63,0.5996485,0.593894125,0.0,11.50874999999993,10.315207374999929,9531.063565590679,2.0,9520.748358215678,0.12596667350892626,1676002320.0,2023-02-10 00:05:00+00:00,2023-02-10 00:05:00+00:00,2023-02-10 04:11:00+00:00,2023-02-10 04:12:00+00:00,1790.740351826613,1532.3223586672282,2023-02-15 00:00:00+00:00,0.06231036508397246,0.0547148143955935,target,minute interval; not exact exchange fill
310,1637285.0,1640047.0,-1.0,0.898,1511.08,1502.6100000000001,0.67847492,0.67467189,-0.2415366807457422,7.606059999999821,6.494449870745563,9537.558015461427,2.0,9531.063565590679,0.14237129263295437,1676239680.0,2023-02-11 00:05:00+00:00,2023-02-11 00:05:00+00:00,2023-02-12 22:07:00+00:00,2023-02-12 22:08:00+00:00,1720.9936929269024,1502.3080129695816,2023-02-16 00:00:00+00:00,0.04178854131956507,0.034452858715403455,target,minute interval; not exact exchange fill
311,1640165.0,1640253.0,-1.0,1.036,1514.54,1504.14,0.7845317199999999,0.7791445200000001,0.0,10.77439999999986,9.210723759999858,9546.768739221427,2.0,9537.558015461427,0.16451416992236126,1676252040.0,2023-02-13 00:05:00+00:00,2023-02-13 00:05:00+00:00,2023-02-13 01:33:00+00:00,2023-02-13 01:34:00+00:00,1696.3800837033587,1503.8303362237666,2023-02-18 00:00:00+00:00,0.058896056128660605,0.048892740362479536,target,minute interval; not exact exchange fill
312,1641605.0,1641679.0,-1.0,1.209,1506.29,1497.88,0.9105523050000001,0.9054684600000001,0.0,10.167689999999824,8.351669234999825,9555.120408456427,2.0,9546.768739221427,0.19075612489891713,1676337600.0,2023-02-14 00:05:00+00:00,2023-02-14 00:05:00+00:00,2023-02-14 01:19:00+00:00,2023-02-14 01:20:00+00:00,1662.0236892401122,1497.5742120059165,2023-02-19 00:00:00+00:00,0.05596597651164207,0.0443572295352815,target,minute interval; not exact exchange fill
313,1643045.0,1643051.0,-1.0,0.853,1553.53,1551.38,0.6625805450000001,0.6616635700000001,0.0,1.8339499999998836,0.5097058849998833,9555.630114341426,2.0,9555.120408456427,0.13868596452507415,1676419920.0,2023-02-15 00:05:00+00:00,2023-02-15 00:05:00+00:00,2023-02-15 00:11:00+00:00,2023-02-15 00:12:00+00:00,1775.3575004286413,1551.0663189688837,2023-02-20 00:00:00+00:00,0.01110629217006751,0.0026937372455859447,target,minute interval; not exact exchange fill
314,1644485.0,1645308.0,-1.0,0.997,1675.74,1672.56,0.8353563900000001,0.8337711600000001,-0.167806617232336,3.1704600000000633,1.6691390672323991,9557.299253408657,2.0,9555.630114341426,0.17484067089333394,1676555340.0,2023-02-16 00:05:00+00:00,2023-02-16 00:05:00+00:00,2023-02-16 13:48:00+00:00,2023-02-16 13:49:00+00:00,1865.0089459187113,1672.221135725919,2023-02-21 00:00:00+00:00,0.018591873363061926,0.008845410660273318,target,minute interval; not exact exchange fill
315,1645925.0,1653120.0,-1.0,0.756,1641.38,1659.54,0.62044164,0.62730612,-1.914658886799792,-13.72895999999989,-13.062048873200098,9544.237204535457,4.0,9557.299253408657,0.1298361856313574,1677024000.0,2023-02-17 00:05:00+00:00,2023-02-17 00:05:00+00:00,2023-02-22 00:00:00+00:00,2023-02-22 00:00:00+00:00,1891.6433532413894,1626.2812437635505,2023-02-22 00:00:00+00:00,0.06033147099202434,-0.0690386434972869,timeout,minute interval; not exact exchange fill
316,1654565.0,1654591.0,-1.0,0.932,1642.78,1639.39,0.76553548,0.7639557400000001,0.0,3.1594799999998817,1.6299887799998816,9545.867193315456,2.0,9544.237204535457,0.1604183684027079,1677112320.0,2023-02-23 00:05:00+00:00,2023-02-23 00:05:00+00:00,2023-02-23 00:31:00+00:00,2023-02-23 00:32:00+00:00,1845.165163664101,1639.0529657342263,2023-02-28 00:00:00+00:00,0.018415550815569885,0.008641517828364875,target,minute interval; not exact exchange fill
317,1656005.0,1656810.0,-1.0,0.764,1652.01,1635.58,0.63106782,0.62479156,-0.08089422999420569,12.55252000000005,11.377554849994254,9557.244748165449,2.0,9545.867193315456,0.13221801795899873,1677245460.0,2023-02-24 00:05:00+00:00,2023-02-24 00:05:00+00:00,2023-02-24 13:30:00+00:00,2023-02-24 13:31:00+00:00,1899.3006512240354,1635.2454679650173,2023-03-01 00:00:00+00:00,0.06779282577809514,0.06022098864748771,target,minute interval; not exact exchange fill
318,1657445.0,1657586.0,-1.0,0.728,1607.01,1597.5,0.58495164,0.5814900000000001,0.0,6.923279999999993,5.756838359999993,9563.00158652545,2.0,9557.244748165449,0.1224100994404865,1677292020.0,2023-02-25 00:05:00+00:00,2023-02-25 00:05:00+00:00,2023-02-25 02:26:00+00:00,2023-02-25 02:27:00+00:00,1867.2110487102968,1597.1754542647047,2023-03-02 00:00:00+00:00,0.037795949647554485,0.030390903646219856,target,minute interval; not exact exchange fill
319,1658885.0,1666080.0,-1.0,1.129,1591.88,1647.6200000000001,0.8986162600000001,0.9300814900000001,-1.8205516750161848,-62.93046000000001,-62.93860607498383,9500.062980450468,4.0,9563.00158652545,0.18793602654341848,1677801600.0,2023-02-26 00:05:00+00:00,2023-02-26 00:05:00+00:00,2023-03-03 00:00:00+00:00,2023-03-03 00:00:00+00:00,1758.9180397777247,1585.1098745429974,2023-03-03 00:00:00+00:00,0.040530441245668326,-0.3337396402359561,timeout,minute interval; not exact exchange fill
320,1667525.0,1668484.0,-1.0,0.758,1568.47,1559.68,0.59445013,0.5911187200000001,-0.026597472710878974,6.662819999999972,5.503848622710851,9505.566829073177,2.0,9500.062980450468,0.12514656612767272,1677945900.0,2023-03-04 00:05:00+00:00,2023-03-04 00:05:00+00:00,2023-03-04 16:04:00+00:00,2023-03-04 16:05:00+00:00,1816.796986402342,1559.3635933625205,2023-03-09 00:00:00+00:00,0.03667103108449597,0.029239729919510387,target,minute interval; not exact exchange fill
321,1668965.0,1669115.0,-1.0,1.111,1567.05,1558.33,0.870496275,0.865652315,0.0,9.68792000000003,7.951771410000029,9513.518600483178,2.0,9505.566829073177,0.18315504812139144,1677983760.0,2023-03-05 00:05:00+00:00,2023-03-05 00:05:00+00:00,2023-03-05 02:35:00+00:00,2023-03-05 02:36:00+00:00,1735.804539961317,1558.0169952898257,2023-03-10 00:00:00+00:00,0.05352747672592917,0.04241254784399086,target,minute interval; not exact exchange fill
322,1670405.0,1670706.0,-1.0,0.899,1564.1000000000001,1554.52,0.7030629500000001,0.6987567400000001,0.0,8.612420000000139,7.210600310000139,9520.729200793177,2.0,9513.518600483178,0.1478029275024054,1678079220.0,2023-03-06 00:05:00+00:00,2023-03-06 00:05:00+00:00,2023-03-06 05:06:00+00:00,2023-03-06 05:07:00+00:00,1773.486019307775,1554.2063050130423,2023-03-11 00:00:00+00:00,0.04725098179747694,0.03830575712034816,target,minute interval; not exact exchange fill
323,1671845.0,1672711.0,-1.0,0.9490000000000001,1565.06,1558.7,0.74262097,0.7396031500000001,-0.11273651782380001,6.035639999999906,4.666152397823706,9525.395353191001,2.0,9520.729200793177,0.1560008596690539,1678199520.0,2023-03-07 00:05:00+00:00,2023-03-07 00:05:00+00:00,2023-03-07 14:31:00+00:00,2023-03-07 14:32:00+00:00,1763.476084321292,1558.387800207944,2023-03-12 00:00:00+00:00,0.03362731310255898,0.024780829049312426,target,minute interval; not exact exchange fill
324,1673285.0,1673482.0,-1.0,0.965,1568.28,1558.24,0.7566951,0.7518507999999999,0.0,9.688599999999965,8.180054099999966,9533.575407291,2.0,9525.395353191001,0.15887951564057812,1678245780.0,2023-03-08 00:05:00+00:00,2023-03-08 00:05:00+00:00,2023-03-08 03:22:00+00:00,2023-03-08 03:23:00+00:00,1763.4193427499983,1557.922937608397,2023-03-13 00:00:00+00:00,0.053075214078546346,0.04343942067520382,target,minute interval; not exact exchange fill
325,1674725.0,1675247.0,-1.0,1.196,1532.55,1529.27,0.9164648999999999,0.9145034599999999,-0.139634239056,3.9228799999999673,2.2315458790559672,9535.806953170057,2.0,9533.575407291,0.1922604816864645,1678351680.0,2023-03-09 00:05:00+00:00,2023-03-09 00:05:00+00:00,2023-03-09 08:47:00+00:00,2023-03-09 08:48:00+00:00,1689.6854355466762,1528.9587012184415,2023-03-14 00:00:00+00:00,0.022854798913206506,0.011874094659226208,target,minute interval; not exact exchange fill
326,1676165.0,1676224.0,-1.0,0.9540000000000001,1435.16,1415.9,0.6845713200000001,0.6753843,0.0,18.374039999999994,17.014084379999993,9552.821037550057,2.0,9535.806953170057,0.14357910628054885,1678410300.0,2023-03-10 00:05:00+00:00,2023-03-10 00:05:00+00:00,2023-03-10 01:04:00+00:00,2023-03-10 01:05:00+00:00,1632.9492542333264,1415.6093093990496,2023-03-15 00:00:00+00:00,0.09884607066613985,0.09016905427511838,target,minute interval; not exact exchange fill
327,1677605.0,1678077.0,-1.0,0.834,1427.21,1417.34,0.59514657,0.59103078,0.0,8.231580000000099,7.045402650000099,9559.866440200056,2.0,9552.821037550057,0.12460121835437063,1678521480.0,2023-03-11 00:05:00+00:00,2023-03-11 00:05:00+00:00,2023-03-11 07:57:00+00:00,2023-03-11 07:58:00+00:00,1654.228150387964,1417.0492067745126,2023-03-16 00:00:00+00:00,0.044757624921721244,0.03721167221899805,target,minute interval; not exact exchange fill
328,1679045.0,1679053.0,-1.0,1.057,1468.91,1463.02,0.776318935,0.77320607,0.0,6.225730000000105,4.676204995000106,9564.542645195055,2.0,9559.866440200056,0.16241208804665147,1678580040.0,2023-03-12 00:05:00+00:00,2023-03-12 00:05:00+00:00,2023-03-12 00:13:00+00:00,2023-03-12 00:14:00+00:00,1647.5686032950023,1462.7223318935642,2023-03-17 00:00:00+00:00,0.034634033807030305,0.024762507477432284,target,minute interval; not exact exchange fill
329,1680485.0,1681058.0,-1.0,0.728,1576.64,1567.6100000000001,0.57389696,0.57061004,-0.116937852932992,6.57383999999998,5.546270852932972,9570.088916047987,2.0,9564.542645195055,0.12000510244748795,1678700340.0,2023-03-13 00:05:00+00:00,2023-03-13 00:05:00+00:00,2023-03-13 09:38:00+00:00,2023-03-13 09:39:00+00:00,1837.165126316071,1567.2909200403903,2023-03-18 00:00:00+00:00,0.03588552126165129,0.02924287582772783,target,minute interval; not exact exchange fill
330,1681925.0,1681981.0,-1.0,0.757,1670.7,1665.8700000000001,0.63235995,0.6305317950000001,0.0,3.656309999999945,2.3934182549999448,9572.482334302988,2.0,9570.088916047987,0.13215341164481803,1678755720.0,2023-03-14 00:05:00+00:00,2023-03-14 00:05:00+00:00,2023-03-14 01:01:00+00:00,2023-03-14 01:02:00+00:00,1920.9732357080336,1665.5316909958542,2023-03-19 00:00:00+00:00,0.0206506660191789,0.012633052795498895,target,minute interval; not exact exchange fill
331,1683365.0,1683375.0,-1.0,0.719,1702.44,1695.9,0.61202718,0.60967605,0.0,4.702259999999973,3.480556769999973,9575.962891072988,2.0,9572.482334302988,0.12787219837571304,1678839360.0,2023-03-15 00:05:00+00:00,2023-03-15 00:05:00+00:00,2023-03-15 00:15:00+00:00,2023-03-15 00:16:00+00:00,1965.9513628454317,1695.5527821244455,2023-03-20 00:00:00+00:00,0.026136322172924456,0.01837047916161193,target,minute interval; not exact exchange fill
332,1684805.0,1684811.0,-1.0,0.759,1651.32,1646.53,0.6266759399999999,0.624858135,0.0,3.6356099999999723,2.384075924999972,9578.346966997988,2.0,9575.962891072988,0.1308852064546338,1678925520.0,2023-03-16 00:05:00+00:00,2023-03-16 00:05:00+00:00,2023-03-16 00:11:00+00:00,2023-03-16 00:12:00+00:00,1901.0412052462657,1646.198083138054,2023-03-21 00:00:00+00:00,0.020510540371991542,0.01257832708640963,target,minute interval; not exact exchange fill
333,1686245.0,1693440.0,-1.0,0.461,1672.13,1800.5,0.38542596500000004,0.41501525000000006,-1.0626463317467911,-59.17856999999995,-58.916364883253166,9519.430602114735,4.0,9578.346966997988,0.08047859747156327,1679443200.0,2023-03-17 00:05:00+00:00,2023-03-17 00:05:00+00:00,2023-03-22 00:00:00+00:00,2023-03-22 00:00:00+00:00,2085.1134940326237,1645.0783392433018,2023-03-22 00:00:00+00:00,0.06550300713607059,-0.30945843402929485,timeout,minute interval; not exact exchange fill
334,1694885.0,1694892.0,-1.0,0.678,1733.88,1729.97,0.5877853200000001,0.58645983,0.0,2.6509800000000556,1.4767348500000557,9520.907336964736,2.0,9519.430602114735,0.12349169704949033,1679530380.0,2023-03-23 00:05:00+00:00,2023-03-23 00:05:00+00:00,2023-03-23 00:12:00+00:00,2023-03-23 00:13:00+00:00,2012.0867048096316,1729.6213865634454,2023-03-28 00:00:00+00:00,0.015307371687784229,0.00782898097833578,target,minute interval; not exact exchange fill
335,1696325.0,1696839.0,-1.0,0.418,1812.18,1802.19,0.37874562,0.37665771000000003,-0.075852788,4.175820000000003,3.4962694580000035,9524.403606422737,2.0,9520.907336964736,0.07956082473978662,1679647200.0,2023-03-24 00:05:00+00:00,2023-03-24 00:05:00+00:00,2023-03-24 08:39:00+00:00,2023-03-24 08:40:00+00:00,2264.2109116608854,1801.8214435515645,2023-03-29 00:00:00+00:00,0.022915593118124203,0.018503781011938655,target,minute interval; not exact exchange fill
336,1697765.0,1698276.0,-1.0,0.35100000000000003,1749.06,1736.82,0.30696003000000005,0.30481191,-0.008949396456,4.296240000000004,3.6934174564560034,9528.09702387919,2.0,9524.403606422737,0.06445758552126098,1679733420.0,2023-03-25 00:05:00+00:00,2023-03-25 00:05:00+00:00,2023-03-25 08:36:00+00:00,2023-03-25 08:37:00+00:00,2289.085206113273,1736.4725619986912,2023-03-30 00:00:00+00:00,0.02330898235640597,0.019485306865088894,target,minute interval; not exact exchange fill
337,1699205.0,1701505.0,-1.0,0.531,1741.83,1731.03,0.462455865,0.45958846500000006,-0.06210318816264444,5.734799999999976,4.87485885816262,9532.971882737353,2.0,9528.09702387919,0.09707203103431866,1679927160.0,2023-03-26 00:05:00+00:00,2023-03-26 00:05:00+00:00,2023-03-27 14:25:00+00:00,2023-03-27 14:26:00+00:00,2097.7762070303265,1730.6789827367306,2023-03-31 00:00:00+00:00,0.03132781595371581,0.025791889266663606,target,minute interval; not exact exchange fill
338,1702085.0,1702133.0,-1.0,0.756,1714.3,1706.24,0.6480054000000001,0.64495872,0.0,6.093359999999959,4.800395879999959,9537.772278617353,2.0,9532.971882737353,0.13595034328663685,1679964840.0,2023-03-28 00:05:00+00:00,2023-03-28 00:05:00+00:00,2023-03-28 00:53:00+00:00,2023-03-28 00:54:00+00:00,1963.8584382642823,1705.8911580931467,2023-04-02 00:00:00+00:00,0.033694881108160636,0.025443860140187215,target,minute interval; not exact exchange fill
339,1703525.0,1705151.0,-1.0,0.727,1773.46,1768.13,0.64465271,0.642715255,-0.3058499032198266,3.874909999999947,2.8933919382197737,9540.665670555572,2.0,9537.772278617353,0.13517888478953125,1680145920.0,2023-03-29 00:05:00+00:00,2023-03-29 00:05:00+00:00,2023-03-30 03:11:00+00:00,2023-03-30 03:12:00+00:00,2033.2272160922087,1767.7753828409839,2023-04-03 00:00:00+00:00,0.021883504949286297,0.015321049514315677,target,minute interval; not exact exchange fill
340,1706405.0,1706842.0,-1.0,0.419,1795.1000000000001,1781.6000000000001,0.37607345000000003,0.3732452,0.0,5.656499999999999,4.907181349999999,9545.572851905574,2.0,9540.665670555572,0.07883589321458752,1680247380.0,2023-03-31 00:05:00+00:00,2023-03-31 00:05:00+00:00,2023-03-31 07:22:00+00:00,2023-03-31 07:23:00+00:00,2247.8106304726625,1781.2425752006989,2023-04-05 00:00:00+00:00,0.03060989485675016,0.025870057409016874,target,minute interval; not exact exchange fill
341,1707845.0,1708853.0,-1.0,0.362,1820.31,1809.14,0.32947611,0.32745434,-0.10754736018239999,4.043539999999944,3.4941569101823444,9549.067008815757,2.0,9545.572851905574,0.06903223412814392,1680368040.0,2023-04-01 00:05:00+00:00,2023-04-01 00:05:00+00:00,2023-04-01 16:53:00+00:00,2023-04-01 16:54:00+00:00,2344.964261088004,1808.776244339221,2023-04-06 00:00:00+00:00,0.021983535665679718,0.018397576977995385,target,minute interval; not exact exchange fill
342,1709285.0,1709418.0,-1.0,0.545,1819.88,1810.05,0.49591730000000006,0.49323862500000004,0.0,5.357350000000085,4.368194075000084,9553.435202890756,2.0,9549.067008815757,0.10386717352431733,1680401940.0,2023-04-02 00:05:00+00:00,2023-04-02 00:05:00+00:00,2023-04-02 02:18:00+00:00,2023-04-02 02:19:00+00:00,2167.3970824275234,1809.6827077907653,2023-04-07 00:00:00+00:00,0.029343283322947094,0.02306371515325937,target,minute interval; not exact exchange fill
343,1710725.0,1710822.0,-1.0,0.661,1792.18,1778.27,0.5923154900000001,0.5877182350000001,0.0,9.194510000000054,8.014476275000053,9561.449679165757,2.0,9553.435202890756,0.12400052492547863,1680486180.0,2023-04-03 00:05:00+00:00,2023-04-03 00:05:00+00:00,2023-04-03 01:42:00+00:00,2023-04-03 01:43:00+00:00,2078.7053436355427,1777.9067131874936,2023-04-08 00:00:00+00:00,0.04981509360184902,0.04231658828554682,target,minute interval; not exact exchange fill
344,1712165.0,1712197.0,-1.0,0.734,1807.32,1801.3700000000001,0.66328644,0.66110279,0.0,4.367299999999866,3.0429107699998656,9564.492589935757,2.0,9561.449679165757,0.13874181473658548,1680568680.0,2023-04-04 00:05:00+00:00,2023-04-04 00:05:00+00:00,2023-04-04 00:37:00+00:00,2023-04-04 00:38:00+00:00,2064.9711958817834,1801.0071749570327,2023-04-09 00:00:00+00:00,0.02450143893709583,0.016090183419532594,target,minute interval; not exact exchange fill
345,1713605.0,1713615.0,-1.0,0.6980000000000001,1867.32,1865.03,0.6516946800000001,0.65089547,0.0,1.5984199999999749,0.29582984999997475,9564.788419785757,2.0,9564.492589935757,0.13627375919256735,1680653760.0,2023-04-05 00:05:00+00:00,2023-04-05 00:05:00+00:00,2023-04-05 00:15:00+00:00,2023-04-05 00:16:00+00:00,2138.5704440420654,1864.651397991739,2023-04-10 00:00:00+00:00,0.009838147980495317,0.0015624859214395867,target,minute interval; not exact exchange fill
346,1715045.0,1715047.0,-1.0,0.667,1906.98,1903.78,0.6359778300000001,0.6349106300000001,0.0,2.1344000000000305,0.8635115400000303,9565.651931325758,2.0,9564.788419785757,0.13298314653451485,1680739680.0,2023-04-06 00:05:00+00:00,2023-04-06 00:05:00+00:00,2023-04-06 00:07:00+00:00,2023-04-06 00:08:00+00:00,2191.0676127568486,1903.3962537049404,2023-04-11 00:00:00+00:00,0.012614933330891108,0.00455711527664571,target,minute interval; not exact exchange fill
347,1716485.0,1716934.0,-1.0,0.417,1870.99,1860.13,0.390101415,0.387837105,0.0,4.528619999999958,3.750681479999958,9569.402612805758,2.0,9565.651931325758,0.0815629541615432,1680852900.0,2023-04-07 00:05:00+00:00,2023-04-07 00:05:00+00:00,2023-04-07 07:34:00+00:00,2023-04-07 07:35:00+00:00,2326.438566931021,1859.7484954857387,2023-04-12 00:00:00+00:00,0.02468227003108325,0.019748530686149107,target,minute interval; not exact exchange fill
348,1717925.0,1719050.0,-1.0,0.373,1862.47,1851.47,0.347350655,0.34529915499999997,-0.022684980839000002,4.103,3.433035170839,9572.835647976597,2.0,9569.402612805758,0.07259610010246115,1680979860.0,2023-04-08 00:05:00+00:00,2023-04-08 00:05:00+00:00,2023-04-08 18:50:00+00:00,2023-04-08 18:51:00+00:00,2372.608598686363,1851.0975659604671,2023-04-13 00:00:00+00:00,0.022292831926103172,0.01804185699082651,target,minute interval; not exact exchange fill
349,1719365.0,1719721.0,-1.0,0.5660000000000001,1846.23,1838.6100000000001,0.52248309,0.5203266300000001,0.0,4.312919999999939,3.2701102799999386,9576.105758256597,2.0,9572.835647976597,0.10915952372177974,1681020120.0,2023-04-09 00:05:00+00:00,2023-04-09 00:05:00+00:00,2023-04-09 06:01:00+00:00,2023-04-09 06:02:00+00:00,2181.813303394886,1838.2394653312338,2023-04-14 00:00:00+00:00,0.023810882686745805,0.01721652996901733,target,minute interval; not exact exchange fill
350,1720805.0,1726597.0,-1.0,0.6990000000000001,1857.49,2128.96,0.6491927550000001,0.7440715200000001,-0.8310249545711164,-189.75753000000003,-190.31976932042892,9385.785988936168,1.0,9576.105758256597,0.1355859618488989,1681432680.0,2023-04-10 00:05:00+00:00,2023-04-10 00:05:00+00:00,2023-04-14 00:37:00+00:00,2023-04-14 00:38:00+00:00,2128.525378400404,1842.8874607481876,2023-04-15 00:00:00+00:00,0.0538768751813645,-1.0045712471368262,stop,minute interval; not exact exchange fill
351,1728005.0,1728037.0,-1.0,0.324,2094.08,2087.02,0.33924096,0.33809724,0.0,2.2874399999999824,1.6101017999999825,9387.396090736167,2.0,9385.785988936168,0.0722882367869654,1681519080.0,2023-04-15 00:05:00+00:00,2023-04-15 00:05:00+00:00,2023-04-15 00:37:00+00:00,2023-04-15 00:38:00+00:00,2669.3812354664824,2086.601803304892,2023-04-20 00:00:00+00:00,0.012998749583848952,0.008637996398478915,target,minute interval; not exact exchange fill
352,1729445.0,1729512.0,-1.0,0.492,2090.04,2080.57,0.5141498400000001,0.51182022,0.0,4.659239999999902,3.6332699399999018,9391.029360676166,2.0,9387.396090736167,0.1095404593628221,1681607580.0,2023-04-16 00:05:00+00:00,2023-04-16 00:05:00+00:00,2023-04-16 01:12:00+00:00,2023-04-16 01:13:00+00:00,2468.366794869405,2080.1472662551714,2023-04-21 00:00:00+00:00,0.026148646828579578,0.019519354960171213,target,minute interval; not exact exchange fill
353,1730885.0,1730909.0,-1.0,0.495,2118.44,2100.26,0.5243139,0.5198143500000001,0.0,8.999099999999919,7.9549717499999195,9398.984332426167,2.0,9391.029360676166,0.11166271126688261,1681691400.0,2023-04-17 00:05:00+00:00,2023-04-17 00:05:00+00:00,2023-04-17 00:29:00+00:00,2023-04-17 00:30:00+00:00,2494.725959583214,2099.8317559520806,2023-04-22 00:00:00+00:00,0.04945240069156593,0.042708609212526026,target,minute interval; not exact exchange fill
354,1732325.0,1732391.0,-1.0,0.493,2073.33,2064.77,0.5110758449999999,0.508965805,0.0,4.220079999999973,3.200038349999973,9402.184370776169,2.0,9398.984332426167,0.10875129203839742,1681780320.0,2023-04-18 00:05:00+00:00,2023-04-18 00:05:00+00:00,2023-04-18 01:11:00+00:00,2023-04-18 01:12:00+00:00,2451.4976616328668,2064.3531887814884,2023-04-23 00:00:00+00:00,0.023737649009307506,0.017164212222623883,target,minute interval; not exact exchange fill
355,1733765.0,1733782.0,-1.0,0.5650000000000001,2100.29,2098.87,0.5933319250000001,0.592930775,0.0,0.8023000000000412,-0.3839626999999589,9401.80040807617,2.0,9402.184370776169,0.12621150609302917,1681863780.0,2023-04-19 00:05:00+00:00,2023-04-19 00:05:00+00:00,2023-04-19 00:22:00+00:00,2023-04-19 00:23:00+00:00,2429.754584409796,2098.4465659733396,2023-04-24 00:00:00+00:00,0.005595241837488227,-0.0020626799727725804,target,minute interval; not exact exchange fill
356,1735205.0,1735211.0,-1.0,0.548,1933.3700000000001,1929.3500000000001,0.5297433800000001,0.5286419000000001,0.0,2.2029599999999903,1.1445747199999898,9402.944982796169,2.0,9401.80040807617,0.11268977366185082,1681949520.0,2023-04-20 00:05:00+00:00,2023-04-20 00:05:00+00:00,2023-04-20 00:11:00+00:00,2023-04-20 00:12:00+00:00,2273.77314141448,1928.9573783260776,2023-04-25 00:00:00+00:00,0.012962928766129348,0.006135783563339159,target,minute interval; not exact exchange fill
357,1736645.0,1736667.0,-1.0,0.428,1944.1200000000001,1935.1100000000001,0.41604168,0.41411354,0.0,3.856279999999996,3.0261247799999955,9405.971107576168,2.0,9402.944982796169,0.08849178225783494,1682036880.0,2023-04-21 00:05:00+00:00,2023-04-21 00:05:00+00:00,2023-04-21 00:27:00+00:00,2023-04-21 00:28:00+00:00,2380.151008989623,1934.7207959642828,2023-04-26 00:00:00+00:00,0.021556274306034438,0.016215326098901972,target,minute interval; not exact exchange fill
358,1738085.0,1740650.0,-1.0,0.397,1849.9,1837.38,0.3672051500000001,0.36471993,-0.009309246386649098,4.970439999999993,4.247824166386642,9410.218931742555,2.0,9405.971107576168,0.07807915754796008,1682275860.0,2023-04-22 00:05:00+00:00,2023-04-22 00:05:00+00:00,2023-04-23 18:50:00+00:00,2023-04-23 18:51:00+00:00,2320.5616510197992,1837.0035061548076,2023-04-27 00:00:00+00:00,0.027400774669551247,0.02273354746484659,target,minute interval; not exact exchange fill
359,1740965.0,1741373.0,-1.0,0.585,1860.5900000000001,1845.65,0.544222575,0.539852625,0.0,8.73990000000003,7.6558248000000315,9417.874756542555,2.0,9410.218931742555,0.11566629404640698,1682319240.0,2023-04-24 00:05:00+00:00,2023-04-24 00:05:00+00:00,2023-04-24 06:53:00+00:00,2023-04-24 06:54:00+00:00,2179.315010240581,1845.2799807990618,2023-04-29 00:00:00+00:00,0.04803519871058113,0.04106009751202698,target,minute interval; not exact exchange fill
360,1742405.0,1742505.0,-1.0,0.634,1841.47,1833.56,0.58374599,0.58123852,0.0,5.014940000000052,3.849955490000052,9421.724712032556,2.0,9417.874756542555,0.12396554532528145,1682387160.0,2023-04-25 00:05:00+00:00,2023-04-25 00:05:00+00:00,2023-04-25 01:45:00+00:00,2023-04-25 01:46:00+00:00,2135.961959516371,1833.1866274277556,2023-04-30 00:00:00+00:00,0.028127669719226804,0.020620206439498776,target,minute interval; not exact exchange fill
361,1743845.0,1743923.0,-1.0,0.66,1863.49,1861.6000000000001,0.6149517000000001,0.6143280000000001,0.0,1.2473999999999161,0.018120299999915934,9421.742832332557,2.0,9421.724712032556,0.1305390931693516,1682472240.0,2023-04-26 00:05:00+00:00,2023-04-26 00:05:00+00:00,2023-04-26 01:23:00+00:00,2023-04-26 01:24:00+00:00,2146.3149368134505,1861.2236432513446,2023-05-01 00:00:00+00:00,0.00801328473433126,9.707418415506187e-05,target,minute interval; not exact exchange fill
362,1746725.0,1747269.0,-1.0,0.456,1908.16,1901.0900000000001,0.43506048,0.43344852000000006,-0.07030507201200001,3.2239199999999713,2.425716072011971,9424.168548404568,2.0,9421.742832332557,0.0923524421632492,1682673000.0,2023-04-28 00:05:00+00:00,2023-04-28 00:05:00+00:00,2023-04-28 09:09:00+00:00,2023-04-28 09:10:00+00:00,2318.5346247587963,1900.7087731864385,2023-05-03 00:00:00+00:00,0.01815713341910731,0.012962674757550086,target,minute interval; not exact exchange fill
363,1748165.0,1750805.0,-1.0,0.41200000000000003,1889.54,1879.88,0.38924524000000005,0.38725528000000004,-0.20881307286227774,3.9799199999999404,3.4122325528622177,9427.580780957429,2.0,9424.168548404568,0.08260574670343644,1682885160.0,2023-04-29 00:05:00+00:00,2023-04-29 00:05:00+00:00,2023-04-30 20:05:00+00:00,2023-04-30 20:06:00+00:00,2343.8752995531177,1879.5007200761145,2023-05-04 00:00:00+00:00,0.0220966320111162,0.01822908731700841,target,minute interval; not exact exchange fill
364,1751045.0,1751139.0,-1.0,0.683,1880.03,1854.31,0.642030245,0.633246865,0.0,17.56676000000002,16.29148289000002,9443.872263847428,2.0,9427.580780957429,0.13620254441029525,1682905200.0,2023-05-01 00:05:00+00:00,2023-05-01 00:05:00+00:00,2023-05-01 01:39:00+00:00,2023-05-01 01:40:00+00:00,2153.4208633080016,1853.9298486806363,2023-05-06 00:00:00+00:00,0.09546826475308842,0.08724808763315355,target,minute interval; not exact exchange fill
365,1752485.0,1752629.0,-1.0,0.68,1828.0900000000001,1822.89,0.6215506000000002,0.6197826000000002,0.0,3.536000000000031,2.2946668000000305,9446.166930647427,2.0,9443.872263847428,0.1316304546768151,1682994600.0,2023-05-02 00:05:00+00:00,2023-05-02 00:05:00+00:00,2023-05-02 02:29:00+00:00,2023-05-02 02:30:00+00:00,2102.875430860427,1822.5231676476146,2023-05-07 00:00:00+00:00,0.02025883371965636,0.012280527353410071,target,minute interval; not exact exchange fill
366,1753925.0,1753930.0,-1.0,0.742,1868.72,1865.81,0.69329512,0.69221551,0.0,2.1592200000000608,0.7737093700000606,9446.940640017427,2.0,9446.166930647427,0.1467886657286677,1683072660.0,2023-05-03 00:05:00+00:00,2023-05-03 00:05:00+00:00,2023-05-03 00:10:00+00:00,2023-05-03 00:11:00+00:00,2120.5843960895168,1865.4352273756747,2023-05-08 00:00:00+00:00,0.013041829950263713,0.004140065115156159,target,minute interval; not exact exchange fill
367,1755365.0,1755371.0,-1.0,0.632,1903.64,1901.74,0.60155024,0.60094984,0.0,1.2008000000000576,-0.0017000799999423721,9446.938939937427,2.0,9446.940640017427,0.1273534497405057,1683159120.0,2023-05-04 00:05:00+00:00,2023-05-04 00:05:00+00:00,2023-05-04 00:11:00+00:00,2023-05-04 00:12:00+00:00,2199.6650009250084,1901.3577702781674,2023-05-09 00:00:00+00:00,0.00770958437531031,-9.087070320085134e-06,target,minute interval; not exact exchange fill
368,1756805.0,1759086.0,-1.0,0.493,1875.24,1870.04,0.46224666000000003,0.46096486,-0.344103422559285,2.5636000000000223,1.9844919025593073,9448.923431839985,2.0,9446.938939937427,0.0978616804742599,1683382020.0,2023-05-05 00:05:00+00:00,2023-05-05 00:05:00+00:00,2023-05-06 14:06:00+00:00,2023-05-06 14:07:00+00:00,2255.6092337588902,1869.66381342439,2023-05-10 00:00:00+00:00,0.014659930616640676,0.010582713288784656,target,minute interval; not exact exchange fill
369,1759685.0,1761113.0,-1.0,0.617,1896.76,1886.66,0.5851504599999999,0.58203461,-0.08237262008464678,6.231699999999944,5.146887550084591,9454.070319390068,2.0,9448.923431839985,0.12385547712837247,1683503640.0,2023-05-07 00:05:00+00:00,2023-05-07 00:05:00+00:00,2023-05-07 23:53:00+00:00,2023-05-07 23:54:00+00:00,2200.161223966943,1886.2767633869441,2023-05-12 00:00:00+00:00,0.03455238735028323,0.027494269626849206,target,minute interval; not exact exchange fill
370,1762565.0,1762696.0,-1.0,0.666,1845.64,1839.28,0.6145981200000001,0.61248024,0.0,4.235760000000085,3.008681640000085,9457.079001030068,2.0,9454.070319390068,0.13001767476585704,1683598620.0,2023-05-09 00:05:00+00:00,2023-05-09 00:05:00+00:00,2023-05-09 02:16:00+00:00,2023-05-09 02:17:00+00:00,2126.5475281883287,1838.908133224796,2023-05-14 00:00:00+00:00,0.023964707598333877,0.016081947070394773,target,minute interval; not exact exchange fill
371,1764005.0,1764211.0,-1.0,0.763,1845.91,1842.5,0.7042146650000001,0.7029137500000001,0.0,2.6018300000000627,1.1947015850000624,9458.273702615068,2.0,9457.079001030068,0.1489285782477437,1683689520.0,2023-05-10 00:05:00+00:00,2023-05-10 00:05:00+00:00,2023-05-10 03:31:00+00:00,2023-05-10 03:32:00+00:00,2091.190764908006,1842.1223962473846,2023-05-15 00:00:00+00:00,0.015441911044415012,0.006383684430319451,target,minute interval; not exact exchange fill
372,1765445.0,1765452.0,-1.0,0.652,1839.1000000000001,1836.95,0.5995466,0.5988457,0.0,1.4018000000000594,0.20340770000005937,9458.477110315067,2.0,9458.273702615068,0.12677717284375786,1683763980.0,2023-05-11 00:05:00+00:00,2023-05-11 00:05:00+00:00,2023-05-11 00:12:00+00:00,2023-05-11 00:13:00+00:00,2126.3184541572873,1836.5761301152513,2023-05-16 00:00:00+00:00,0.008787283157532393,0.0010861941337141471,target,minute interval; not exact exchange fill
373,1766885.0,1766972.0,-1.0,0.851,1792.73,1787.74,0.762806615,0.76068337,0.0,4.246490000000008,2.7230000150000073,9461.200110330068,2.0,9458.477110315067,0.16129586319305275,1683855180.0,2023-05-12 00:05:00+00:00,2023-05-12 00:05:00+00:00,2023-05-12 01:32:00+00:00,2023-05-12 01:33:00+00:00,2012.48363558739,1787.378460782671,2023-05-17 00:00:00+00:00,0.02435244906426512,0.014560691983307604,target,minute interval; not exact exchange fill
374,1768325.0,1769189.0,-1.0,0.744,1804.7,1794.29,0.6713484,0.66747588,-0.031724849896974126,7.745040000000061,6.437940569897035,9467.638050899966,2.0,9461.200110330068,0.14191611892174194,1683988200.0,2023-05-13 00:05:00+00:00,2023-05-13 00:05:00+00:00,2023-05-13 14:29:00+00:00,2023-05-13 14:30:00+00:00,2056.3759392457946,1793.9256113538768,2023-05-18 00:00:00+00:00,0.04281056297400233,0.034382094503003044,target,minute interval; not exact exchange fill
375,1769765.0,1771238.0,-1.0,0.9480000000000001,1794.03,1786.52,0.8503702200000001,0.8468104800000001,-0.1277758380418808,7.119479999999992,5.550075138041873,9473.188126038009,2.0,9467.638050899966,0.1796372475221877,1684111140.0,2023-05-14 00:05:00+00:00,2023-05-14 00:05:00+00:00,2023-05-15 00:38:00+00:00,2023-05-15 00:39:00+00:00,1991.214859882622,1786.1560260834801,2023-05-19 00:00:00+00:00,0.03993193960838055,0.029690462253388426,target,minute interval; not exact exchange fill
376,1772645.0,1772691.0,-1.0,0.9420000000000001,1814.24,1808.89,0.8545070400000001,0.8519871900000001,0.0,5.039699999999915,3.333205769999915,9476.52133180801,2.0,9473.188126038009,0.18040537749932395,1684198320.0,2023-05-16 00:05:00+00:00,2023-05-16 00:05:00+00:00,2023-05-16 00:51:00+00:00,2023-05-16 00:52:00+00:00,2012.6731028218262,1808.5228777359412,2023-05-21 00:00:00+00:00,0.028811333304565968,0.017831878601309192,target,minute interval; not exact exchange fill
377,1774085.0,1774096.0,-1.0,0.864,1821.45,1820.13,0.7868664,0.78629616,0.0,1.1404799999999449,-0.4326825600000551,9476.08864924801,2.0,9476.52133180801,0.16606650741319548,1684282620.0,2023-05-17 00:05:00+00:00,2023-05-17 00:05:00+00:00,2023-05-17 00:16:00+00:00,2023-05-17 00:17:00+00:00,2038.0915051120733,1819.7624101248703,2023-05-22 00:00:00+00:00,0.0077897809759803986,-0.002311606909031557,target,minute interval; not exact exchange fill
378,1775525.0,1775541.0,-1.0,0.7030000000000001,1819.77,1818.97,0.6396491550000001,0.6393679550000001,0.0,0.562399999999968,-0.7166171100000321,9475.37203213801,2.0,9476.08864924801,0.1350027798760115,1684369320.0,2023-05-18 00:05:00+00:00,2023-05-18 00:05:00+00:00,2023-05-18 00:21:00+00:00,2023-05-18 00:22:00+00:00,2086.640992219788,1818.5982095473678,2023-05-23 00:00:00+00:00,0.004390849836789821,-0.0038197107580748924,target,minute interval; not exact exchange fill
379,1776965.0,1781310.0,-1.0,0.883,1798.32,1794.41,0.79395828,0.7922320150000001,-0.4849595790983528,3.4525299999998715,2.351299284098224,9477.723331422108,2.0,9475.37203213801,0.16758355815626003,1684715460.0,2023-05-19 00:05:00+00:00,2023-05-19 00:05:00+00:00,2023-05-22 00:30:00+00:00,2023-05-22 00:31:00+00:00,2010.3440749227914,1794.0443640168266,2023-05-24 00:00:00+00:00,0.020165804212235145,0.012559201578139924,target,minute interval; not exact exchange fill
380,1782725.0,1784376.0,-1.0,1.057,1817.43,1810.67,0.960511755,0.956939095,-0.518569699609052,7.14531999999999,5.746438849609042,9483.469770271717,2.0,9477.723331422108,0.20268828734756444,1684899420.0,2023-05-23 00:05:00+00:00,2023-05-23 00:05:00+00:00,2023-05-24 03:36:00+00:00,2023-05-24 03:37:00+00:00,1994.1432417644605,1810.3010286856231,2023-05-28 00:00:00+00:00,0.04034203234118179,0.03076484336291181,target,minute interval; not exact exchange fill
381,1785605.0,1785658.0,-1.0,0.736,1802.3,1790.3600000000001,0.6632464,0.6588524800000001,0.0,8.787839999999873,7.465741119999873,9490.935511391717,2.0,9483.469770271717,0.1398742055527208,1684976340.0,2023-05-25 00:05:00+00:00,2023-05-25 00:05:00+00:00,2023-05-25 00:58:00+00:00,2023-05-25 00:59:00+00:00,2057.2893732623684,1789.9966520834469,2023-05-30 00:00:00+00:00,0.048250433965707676,0.03978075584178409,target,minute interval; not exact exchange fill
382,1787045.0,1787124.0,-1.0,0.871,1804.97,1799.24,0.786064435,0.7835690200000001,0.0,4.990830000000016,3.421196545000016,9494.356707936717,2.0,9490.935511391717,0.1656453010467741,1685064300.0,2023-05-26 00:05:00+00:00,2023-05-26 00:05:00+00:00,2023-05-26 01:24:00+00:00,2023-05-26 01:25:00+00:00,2020.3099183509364,1798.876835843798,2023-05-31 00:00:00+00:00,0.028295562675342074,0.018240440648810797,target,minute interval; not exact exchange fill
383,1788485.0,1789317.0,-1.0,0.844,1825.72,1815.92,0.7704538400000001,0.76631824,-0.070478826836,8.271199999999961,6.804906746835961,9501.161614683553,2.0,9494.356707936717,0.16229721795810484,1685195880.0,2023-05-27 00:05:00+00:00,2023-05-27 00:05:00+00:00,2023-05-27 13:57:00+00:00,2023-05-27 13:58:00+00:00,2048.1255068723863,1815.5534989183923,2023-06-01 00:00:00+00:00,0.04571155285035802,0.03625218562428057,target,minute interval; not exact exchange fill
384,1789925.0,1797120.0,-1.0,1.044,1826.8400000000001,1860.97,0.9536104800000001,0.9714263400000002,-1.9602146428204203,-35.63171999999988,-35.596542177179465,9465.565072506375,4.0,9501.161614683553,0.200735556066375,1685664000.0,2023-05-28 00:05:00+00:00,2023-05-28 00:05:00+00:00,2023-06-02 00:00:00+00:00,2023-06-02 00:00:00+00:00,2006.249284622811,1821.3361299810488,2023-06-02 00:00:00+00:00,0.03067773237334222,-0.19004760449882604,timeout,minute interval; not exact exchange fill
385,1798565.0,1799478.0,-1.0,0.804,1904.64,1895.3400000000001,0.7656652800000001,0.7619266800000002,-0.12013617121053428,7.477199999999964,6.069744211210498,9471.634816717586,2.0,9465.565072506375,0.16177909594091683,1685805540.0,2023-06-03 00:05:00+00:00,2023-06-03 00:05:00+00:00,2023-06-03 15:18:00+00:00,2023-06-03 15:19:00+00:00,2137.353313709211,1894.9572155059802,2023-06-08 00:00:00+00:00,0.04160821028967466,0.03244091615640861,target,minute interval; not exact exchange fill
386,1800005.0,1800065.0,-1.0,0.971,1891.02,1884.1000000000001,0.91809021,0.91473055,0.0,6.71931999999985,4.88649923999985,9476.521315957585,2.0,9471.634816717586,0.19386098129111906,1685840760.0,2023-06-04 00:05:00+00:00,2023-06-04 00:05:00+00:00,2023-06-04 01:05:00+00:00,2023-06-04 01:06:00+00:00,2083.3556374659393,1883.7230451163477,2023-06-09 00:00:00+00:00,0.037938652346445424,0.026164885854245503,target,minute interval; not exact exchange fill
387,1801445.0,1801487.0,-1.0,0.9380000000000001,1886.69,1877.39,0.8848576100000001,0.8804959100000002,0.0,8.723399999999957,6.958046479999957,9483.479362437583,2.0,9476.521315957585,0.18674734757573577,1685926080.0,2023-06-05 00:05:00+00:00,2023-06-05 00:05:00+00:00,2023-06-05 00:47:00+00:00,2023-06-05 00:48:00+00:00,2086.046329934339,1877.0133922632044,2023-06-10 00:00:00+00:00,0.04853925501127936,0.037209553378330984,target,minute interval; not exact exchange fill
388,1802885.0,1802974.0,-1.0,1.175,1809.89,1804.67,1.0633103750000001,1.060243625,0.0,6.133500000000033,4.009946000000032,9487.489308437584,2.0,9483.479362437583,0.22424478071025028,1686015300.0,2023-06-06 00:05:00+00:00,2023-06-06 00:05:00+00:00,2023-06-06 01:34:00+00:00,2023-06-06 01:35:00+00:00,1968.7116371169616,1804.3078465380165,2023-06-11 00:00:00+00:00,0.03514731092887991,0.021487752311020368,target,minute interval; not exact exchange fill
389,1804325.0,1804394.0,-1.0,1.106,1882.1000000000001,1880.66,1.0408013,1.0400049800000002,0.0,1.5926400000000605,-0.4881662799999398,9487.001142157584,2.0,9487.489308437584,0.21940500087296563,1686100500.0,2023-06-07 00:05:00+00:00,2023-06-07 00:05:00+00:00,2023-06-07 01:14:00+00:00,2023-06-07 01:15:00+00:00,2050.887348913626,1880.2767237375283,2023-06-12 00:00:00+00:00,0.0108022092544677,-0.0026150064139333976,target,minute interval; not exact exchange fill
390,1805765.0,1808859.0,-1.0,0.858,1831.5900000000001,1823.5900000000001,0.78575211,0.78232011,-0.5362140619830873,6.864,5.832141841983088,9492.833283999567,2.0,9487.001142157584,0.16564815334707553,1686368400.0,2023-06-08 00:05:00+00:00,2023-06-08 00:05:00+00:00,2023-06-10 03:39:00+00:00,2023-06-10 03:40:00+00:00,2050.1040452344305,1823.2208534562888,2023-06-13 00:00:00+00:00,0.03830026822638632,0.031107236639671937,target,minute interval; not exact exchange fill
391,1810085.0,1810123.0,-1.0,1.089,1748.74,1744.64,0.95218893,0.9499564800000001,0.0,4.464899999999901,2.5627545899999005,9495.396038589568,2.0,9492.833283999567,0.20061216741369317,1686444240.0,2023-06-11 00:05:00+00:00,2023-06-11 00:05:00+00:00,2023-06-11 00:43:00+00:00,2023-06-11 00:44:00+00:00,1920.479403844066,1744.2827846424589,2023-06-16 00:00:00+00:00,0.02595336456150831,0.013702795906620484,target,minute interval; not exact exchange fill
392,1811525.0,1811660.0,-1.0,0.933,1750.42,1740.56,0.8165709300000001,0.81197124,0.0,9.199380000000119,7.570837830000118,9502.966876419569,2.0,9495.396038589568,0.17199302202487013,1686536460.0,2023-06-12 00:05:00+00:00,2023-06-12 00:05:00+00:00,2023-06-12 02:20:00+00:00,2023-06-12 02:21:00+00:00,1951.2885902449773,1740.2102081088333,2023-06-17 00:00:00+00:00,0.050828214997252846,0.04039710733322594,target,minute interval; not exact exchange fill
393,1812965.0,1813007.0,-1.0,1.1340000000000001,1742.22,1736.01,0.9878387400000002,0.9843176700000001,0.0,7.042140000000042,5.069983590000041,9508.036860009568,2.0,9502.966876419569,0.20790112242760717,1686617280.0,2023-06-13 00:05:00+00:00,2023-06-13 00:05:00+00:00,2023-06-13 00:47:00+00:00,2023-06-13 00:48:00+00:00,1907.2363265694155,1735.6587754486013,2023-06-18 00:00:00+00:00,0.03976106296754022,0.027093591846012413,target,minute interval; not exact exchange fill
394,1814405.0,1814756.0,-1.0,1.0030000000000001,1739.38,1736.29,0.8722990700000002,0.8707494350000001,0.0,3.0992700000001463,1.3562214950001459,9509.393081504568,2.0,9508.036860009568,0.18348668244416594,1686722220.0,2023-06-14 00:05:00+00:00,2023-06-14 00:05:00+00:00,2023-06-14 05:56:00+00:00,2023-06-14 05:57:00+00:00,1926.462827465891,1735.9370915184877,2023-06-19 00:00:00+00:00,0.018403124050175683,0.00722762756109549,target,minute interval; not exact exchange fill
395,1815845.0,1816185.0,-1.0,0.846,1648.45,1642.41,0.6972943500000001,0.6947394299999999,0.0,5.109839999999969,3.7178062199999693,9513.110887724568,2.0,9509.393081504568,0.146653807245851,1686807960.0,2023-06-15 00:05:00+00:00,2023-06-15 00:05:00+00:00,2023-06-15 05:45:00+00:00,2023-06-15 05:46:00+00:00,1870.716623435071,1642.0805538621858,2023-06-20 00:00:00+00:00,0.028656781838749413,0.01977161452350815,target,minute interval; not exact exchange fill
396,1817285.0,1817300.0,-1.0,0.931,1663.3500000000001,1660.91,0.7742894250000001,0.7731536050000001,0.0,2.2716400000000507,0.7241969700000506,9513.835084694567,2.0,9513.110887724568,0.16278364336089465,1686874860.0,2023-06-16 00:05:00+00:00,2023-06-16 00:05:00+00:00,2023-06-16 00:20:00+00:00,2023-06-16 00:21:00+00:00,1865.3369606493166,1660.57518059931,2023-06-21 00:00:00+00:00,0.013737616486579573,0.0038510901768088308,target,minute interval; not exact exchange fill
397,1818725.0,1822594.0,-1.0,0.791,1716.97,1706.8600000000001,0.679061635,0.6750631300000002,-0.35046434182358227,7.997009999999921,6.993349576823504,9520.828434271389,2.0,9513.835084694567,0.14275245029051303,1687192500.0,2023-06-17 00:05:00+00:00,2023-06-17 00:05:00+00:00,2023-06-19 16:34:00+00:00,2023-06-19 16:35:00+00:00,1954.8286229203768,1706.5094474699106,2023-06-22 00:00:00+00:00,0.043978025272563344,0.03716976832262332,target,minute interval; not exact exchange fill
398,1823045.0,1823275.0,-1.0,1.098,1734.18,1730.3,0.95206482,0.9499347,0.0,4.26024000000012,2.3582404800001204,9523.186674751389,2.0,9520.828434271389,0.1999962138951955,1687233360.0,2023-06-20 00:05:00+00:00,2023-06-20 00:05:00+00:00,2023-06-20 03:55:00+00:00,2023-06-20 03:56:00+00:00,1905.0914581761592,1729.949860094425,2023-06-25 00:00:00+00:00,0.024750475776849277,0.01256650679199287,target,minute interval; not exact exchange fill
399,1824485.0,1831680.0,-1.0,1.0190000000000001,1787.3700000000001,1898.64,0.9106650150000002,0.9673570800000002,-2.279774246514324,-113.38413,-112.98237784848568,9410.204296902904,4.0,9523.186674751389,0.19125216087896835,1687737600.0,2023-06-21 00:05:00+00:00,2023-06-21 00:05:00+00:00,2023-06-26 00:00:00+00:00,2023-06-26 00:00:00+00:00,1971.7484006228908,1785.5038755893358,2023-06-26 00:00:00+00:00,0.010121166060448999,-0.601348848002264,timeout,minute interval; not exact exchange fill
400,1833125.0,1834731.0,-1.0,0.798,1857.27,1851.44,0.7410507300000001,0.7387245600000001,-0.2617399379406,4.652339999999942,3.434304647940542,9413.638601550847,2.0,9410.204296902904,0.15749939249329484,1687920720.0,2023-06-27 00:05:00+00:00,2023-06-27 00:05:00+00:00,2023-06-28 02:51:00+00:00,2023-06-28 02:52:00+00:00,2090.2539000925512,1851.0675923649508,2023-07-02 00:00:00+00:00,0.026621614766451022,0.018471833924963637,target,minute interval; not exact exchange fill
401,1836005.0,1843200.0,-1.0,0.758,1829.26,1955.4,0.69328954,0.7410966000000001,-1.963461197316569,-95.61412000000007,-95.08504494268351,9318.553556608163,4.0,9413.638601550847,0.14729470066670802,1688428800.0,2023-06-29 00:05:00+00:00,2023-06-29 00:05:00+00:00,2023-07-04 00:00:00+00:00,2023-07-04 00:00:00+00:00,2075.038367410875,1815.8759529369995,2023-07-04 00:00:00+00:00,0.054455757046453085,-0.5103867078262037,timeout,minute interval; not exact exchange fill
402,1844645.0,1845138.0,-1.0,0.893,1936.79,1931.42,0.8647767350000001,0.86237903,-0.17289640900000003,4.795409999999903,3.2411506439999025,9321.794707252164,2.0,9318.553556608163,0.18560321186043982,1688545140.0,2023-07-05 00:05:00+00:00,2023-07-05 00:05:00+00:00,2023-07-05 08:18:00+00:00,2023-07-05 08:19:00+00:00,2142.689052699608,1931.0295149614292,2023-07-10 00:00:00+00:00,0.027977229438616753,0.017627609026910296,target,minute interval; not exact exchange fill
403,1846085.0,1846121.0,-1.0,0.724,1908.6100000000001,1904.33,0.6909168200000001,0.6893674599999999,0.0,3.098720000000145,1.718435720000145,9323.513142972164,2.0,9321.794707252164,0.14823686676182238,1688604120.0,2023-07-06 00:05:00+00:00,2023-07-06 00:05:00+00:00,2023-07-06 00:41:00+00:00,2023-07-06 00:42:00+00:00,2163.113993548781,1903.9435189196297,2023-07-11 00:00:00+00:00,0.01833559079093982,0.009326101201415004,target,minute interval; not exact exchange fill
404,1848965.0,1849260.0,-1.0,0.734,1868.03,1859.02,0.68556701,0.6822603399999999,0.0,6.613339999999993,5.245512649999993,9328.758655622165,2.0,9323.513142972164,0.14706194960786076,1688792460.0,2023-07-08 00:05:00+00:00,2023-07-08 00:05:00+00:00,2023-07-08 05:00:00+00:00,2023-07-08 05:01:00+00:00,2119.1851989090706,1858.641933513756,2023-07-13 00:00:00+00:00,0.037379542717102754,0.028454417949705015,target,minute interval; not exact exchange fill
405,1850405.0,1851249.0,-1.0,0.889,1862.46,1857.52,0.82786347,0.82566764,-0.04775478458846373,4.391660000000049,2.7858836745885123,9331.544539296752,2.0,9328.758655622165,0.17748630885655325,1688911800.0,2023-07-09 00:05:00+00:00,2023-07-09 00:05:00+00:00,2023-07-09 14:09:00+00:00,2023-07-09 14:10:00+00:00,2069.5894450588194,1857.1387236199457,2023-07-14 00:00:00+00:00,0.02569058386915106,0.0151293188522517,target,minute interval; not exact exchange fill
406,1851845.0,1851850.0,-1.0,0.883,1859.45,1850.95,0.820947175,0.8171944250000001,0.0,7.5055,5.8673584,9337.411897696753,2.0,9331.544539296752,0.17595097393423975,1688947860.0,2023-07-10 00:05:00+00:00,2023-07-10 00:05:00+00:00,2023-07-10 00:10:00+00:00,2023-07-10 00:11:00+00:00,2068.127700711855,1850.5759513716916,2023-07-15 00:00:00+00:00,0.04252514091365135,0.031842405668324025,target,minute interval; not exact exchange fill
407,1853285.0,1853840.0,-1.0,0.882,1876.3600000000001,1872.65,0.8274747600000001,0.82583865,-0.1270603085094,3.2722200000000323,1.7459668985094323,9339.157864595261,2.0,9337.411897696753,0.17723856868820623,1689067260.0,2023-07-11 00:05:00+00:00,2023-07-11 00:05:00+00:00,2023-07-11 09:20:00+00:00,2023-07-11 09:21:00+00:00,2085.259649264346,1872.2720280396002,2023-07-16 00:00:00+00:00,0.019569070483344612,0.009476101629041356,target,minute interval; not exact exchange fill
408,1854725.0,1855884.0,-1.0,1.043,1877.1000000000001,1874.03,0.97890765,0.9773066449999999,-0.340869148568295,3.2020100000001706,1.5866648535684655,9340.744529448828,2.0,9339.157864595261,0.20963510076449998,1689189900.0,2023-07-12 00:05:00+00:00,2023-07-12 00:05:00+00:00,2023-07-12 19:24:00+00:00,2023-07-12 19:25:00+00:00,2053.4927386247637,1873.650072179283,2023-07-17 00:00:00+00:00,0.019558219049232963,0.0086242272212096,target,minute interval; not exact exchange fill
409,1856165.0,1856369.0,-1.0,0.848,1871.5,1866.03,0.793516,0.79119672,0.0,4.638560000000023,3.0538472800000234,9343.798376728828,2.0,9340.744529448828,0.16990422926101015,1689219000.0,2023-07-13 00:05:00+00:00,2023-07-13 00:05:00+00:00,2023-07-13 03:29:00+00:00,2023-07-13 03:30:00+00:00,2089.105670503376,1865.654623799632,2023-07-18 00:00:00+00:00,0.0268622420860919,0.01654936193376521,target,minute interval; not exact exchange fill
410,1857605.0,1858058.0,-1.0,0.911,2003.52,2000.04,0.9126033600000001,0.9110182200000001,0.0,3.170280000000017,1.3466584200000165,9345.145035148827,2.0,9343.798376728828,0.19533883827649404,1689320340.0,2023-07-14 00:05:00+00:00,2023-07-14 00:05:00+00:00,2023-07-14 07:38:00+00:00,2023-07-14 07:39:00+00:00,2205.723593341793,1999.636214554904,2023-07-19 00:00:00+00:00,0.019207301813529552,0.007310552575103467,target,minute interval; not exact exchange fill
411,1859045.0,1860621.0,-1.0,0.6980000000000001,1934.52,1925.17,0.6751474800000001,0.6718843300000001,-0.30455817610520314,6.526299999999937,5.4838263661051405,9350.628861514931,2.0,9345.145035148827,0.1444916001754162,1689474120.0,2023-07-15 00:05:00+00:00,2023-07-15 00:05:00+00:00,2023-07-16 02:21:00+00:00,2023-07-16 02:22:00+00:00,2199.528614669972,1924.7756039133546,2023-07-20 00:00:00+00:00,0.03677011065764979,0.029646148578896855,target,minute interval; not exact exchange fill
412,1861925.0,1862541.0,-1.0,0.787,1917.23,1908.83,0.754430005,0.751124605,-0.0350957996469,6.610800000000072,5.140341189646972,9355.76920270458,2.0,9350.628861514931,0.16136454909574327,1689589320.0,2023-07-17 00:05:00+00:00,2023-07-17 00:05:00+00:00,2023-07-17 10:21:00+00:00,2023-07-17 10:22:00+00:00,2152.0599676312563,1908.4444968173054,2023-07-22 00:00:00+00:00,0.037412189216369914,0.027814015709257067,target,minute interval; not exact exchange fill
413,1863365.0,1863692.0,-1.0,0.87,1909.3,1903.51,0.8305454999999999,0.82802685,0.0,5.037299999999968,3.3787276499999686,9359.147930354578,2.0,9355.76920270458,0.1775472399981617,1689658380.0,2023-07-18 00:05:00+00:00,2023-07-18 00:05:00+00:00,2023-07-18 05:32:00+00:00,2023-07-18 05:33:00+00:00,2121.542437772077,1903.1250671709315,2023-07-23 00:00:00+00:00,0.02909377075521333,0.018297919307591448,target,minute interval; not exact exchange fill
414,1864805.0,1866063.0,-1.0,0.982,1896.14,1892.73,0.9310047400000001,0.92933043,-0.3587942886731568,3.3486200000000803,1.847079118673237,9360.995009473252,2.0,9359.147930354578,0.19895074785183534,1689800640.0,2023-07-19 00:05:00+00:00,2023-07-19 00:05:00+00:00,2023-07-19 21:03:00+00:00,2023-07-19 21:04:00+00:00,2084.0697170831018,1892.3468882236225,2023-07-24 00:00:00+00:00,0.02018367204107642,0.010008720255938118,target,minute interval; not exact exchange fill
415,1866245.0,1866271.0,-1.0,0.8260000000000001,1888.44,1882.63,0.77992572,0.7775261900000001,0.0,4.7990599999999555,3.241608089999955,9364.236617563252,2.0,9360.995009473252,0.16663308103694563,1689813120.0,2023-07-20 00:05:00+00:00,2023-07-20 00:05:00+00:00,2023-07-20 00:31:00+00:00,2023-07-20 00:32:00+00:00,2112.2223398924716,1882.249830001289,2023-07-25 00:00:00+00:00,0.02766156615256371,0.01753697365880466,target,minute interval; not exact exchange fill
416,1867685.0,1867717.0,-1.0,0.9440000000000001,1889.8400000000001,1885.96,0.8920044800000002,0.89017312,0.0,3.6627200000001032,1.880542400000103,9366.117159963253,2.0,9364.236617563252,0.19051301594130718,1689899880.0,2023-07-21 00:05:00+00:00,2023-07-21 00:05:00+00:00,2023-07-21 00:37:00+00:00,2023-07-21 00:38:00+00:00,2085.465266953423,1885.5775387784386,2023-07-26 00:00:00+00:00,0.02178890941821153,0.01018324488970239,target,minute interval; not exact exchange fill
417,1869125.0,1870517.0,-1.0,0.843,1890.3600000000001,1874.04,0.79678674,0.7899078599999999,-0.019631337546681976,13.757760000000138,12.190696737546821,9378.307856700798,2.0,9366.117159963253,0.17014238160632322,1690067880.0,2023-07-22 00:05:00+00:00,2023-07-22 00:05:00+00:00,2023-07-22 23:17:00+00:00,2023-07-22 23:18:00+00:00,2109.7998553004704,1873.6574578506038,2023-07-27 00:00:00+00:00,0.07611444204848838,0.0659000045848488,target,minute interval; not exact exchange fill
418,1870565.0,1872590.0,-1.0,1.031,1863.69,1856.46,0.960732195,0.9570051299999999,-0.36337535244664226,7.454130000000018,5.89976802744666,9384.207624728244,2.0,9378.307856700798,0.20488391076084309,1690192260.0,2023-07-23 00:05:00+00:00,2023-07-23 00:05:00+00:00,2023-07-24 09:50:00+00:00,2023-07-24 09:51:00+00:00,2042.8426342793593,1856.0861022549443,2023-07-28 00:00:00+00:00,0.04244368370938219,0.031941335629431626,target,minute interval; not exact exchange fill
419,1873445.0,1880640.0,-1.0,1.064,1849.74,1880.24,0.98406168,1.00028768,-2.3123562132078557,-32.452,-32.123993146792145,9352.083631581452,4.0,9384.207624728244,0.20972717555969406,1690675200.0,2023-07-25 00:05:00+00:00,2023-07-25 00:05:00+00:00,2023-07-30 00:00:00+00:00,2023-07-30 00:00:00+00:00,2023.5020071144645,1843.0081055584915,2023-07-30 00:00:00+00:00,0.03874203891460543,-0.17375330421013646,timeout,minute interval; not exact exchange fill
420,1882085.0,1883342.0,-1.0,1.177,1860.43,1850.8600000000001,1.094863055,1.0892311100000003,-0.0959605716269658,11.263889999999925,9.175756406626892,9361.25938798808,2.0,9352.083631581452,0.23414312748502591,1690837380.0,2023-07-31 00:05:00+00:00,2023-07-31 00:05:00+00:00,2023-07-31 21:02:00+00:00,2023-07-31 21:03:00+00:00,2016.6139797902763,1850.4814794253966,2023-08-05 00:00:00+00:00,0.06369744571730279,0.049914753151650414,target,minute interval; not exact exchange fill
421,1883525.0,1883649.0,-1.0,1.333,1855.08,1850.72,1.23641082,1.23350488,0.0,5.811879999999866,3.3419642999998667,9364.60135228808,2.0,9361.25938798808,0.26415480412528747,1690855800.0,2023-08-01 00:05:00+00:00,2023-08-01 00:05:00+00:00,2023-08-01 02:09:00+00:00,2023-08-01 02:10:00+00:00,1992.8714777912767,1850.3415391461458,2023-08-06 00:00:00+00:00,0.03438863513048194,0.018194884329476423,target,minute interval; not exact exchange fill
422,1884965.0,1885007.0,-1.0,1.2750000000000001,1875.03,1868.28,1.1953316250000001,1.1910285,0.0,8.606250000000001,6.219889875000002,9370.82124216308,2.0,9364.60135228808,0.25528724182326057,1690937280.0,2023-08-02 00:05:00+00:00,2023-08-02 00:05:00+00:00,2023-08-02 00:47:00+00:00,2023-08-02 00:48:00+00:00,2019.2682318990894,1867.9046622386272,2023-08-07 00:00:00+00:00,0.04939978580961605,0.0338214420391186,target,minute interval; not exact exchange fill
423,1886405.0,1886677.0,-1.0,1.045,1838.25,1834.93,0.9604856249999999,0.9587509249999999,0.0,3.469399999999933,1.5501634499999333,9372.37140561308,2.0,9370.82124216308,0.2049949732641127,1691037480.0,2023-08-03 00:05:00+00:00,2023-08-03 00:05:00+00:00,2023-08-03 04:37:00+00:00,2023-08-03 04:38:00+00:00,2014.9934773302275,1834.5534099566648,2023-08-08 00:00:00+00:00,0.02091500121630206,0.008393011286228873,target,minute interval; not exact exchange fill
424,1887845.0,1887984.0,-1.0,1.454,1836.43,1830.68,1.3350846100000002,1.3309043600000001,0.0,8.3605,5.69451103,9378.06591664308,2.0,9372.37140561308,0.28489793078418185,1691115900.0,2023-08-04 00:05:00+00:00,2023-08-04 00:05:00+00:00,2023-08-04 02:24:00+00:00,2023-08-04 02:25:00+00:00,1962.6734771035144,1830.3115731649118,2023-08-09 00:00:00+00:00,0.048465290844860086,0.031022949382079203,target,minute interval; not exact exchange fill
425,1889285.0,1893120.0,-1.0,1.357,1829.72,1808.77,1.2414650200000001,1.227250445,-1.7497357536600806,28.42915000000006,27.71017028866014,9405.776086931743,2.0,9378.06591664308,0.2647592864103877,1691424060.0,2023-08-05 00:05:00+00:00,2023-08-05 00:05:00+00:00,2023-08-07 16:00:00+00:00,2023-08-07 16:01:00+00:00,1965.27198916025,1808.403040009999,2023-08-10 00:00:00+00:00,0.15726039965964744,0.15064455955791223,target,minute interval; not exact exchange fill
426,1893605.0,1900800.0,-1.0,1.383,1828.9,1849.51,1.26468435,1.2789361650000002,-2.3673962170356706,-28.503629999999863,-28.67985429796419,9377.096232633781,4.0,9405.776086931743,0.26891653348140726,1691884800.0,2023-08-08 00:05:00+00:00,2023-08-08 00:05:00+00:00,2023-08-13 00:00:00+00:00,2023-08-13 00:00:00+00:00,1962.290318177303,1823.2535467259504,2023-08-13 00:00:00+00:00,0.04233030816032989,-0.1554642199386934,timeout,minute interval; not exact exchange fill
427,1902245.0,1904827.0,-1.0,1.331,1840.54,1831.27,1.2248793699999998,1.218710185,-1.136733953810155,12.338369999999976,11.031514398810133,9388.127747032593,2.0,9377.096232633781,0.2612491840997057,1692126480.0,2023-08-14 00:05:00+00:00,2023-08-14 00:05:00+00:00,2023-08-15 19:07:00+00:00,2023-08-15 19:08:00+00:00,1978.8360949939222,1830.9013564751613,2023-08-19 00:00:00+00:00,0.06969570272582384,0.059930398212250074,target,minute interval; not exact exchange fill
428,1905125.0,1905443.0,-1.0,1.69,1828.26,1824.1000000000001,1.5448797,1.5413645000000002,0.0,7.030399999999754,3.944155799999754,9392.071902832591,2.0,9388.127747032593,0.32911348069125,1692163440.0,2023-08-16 00:05:00+00:00,2023-08-16 00:05:00+00:00,2023-08-16 05:23:00+00:00,2023-08-16 05:24:00+00:00,1936.7718554012108,1823.7314760420861,2023-08-21 00:00:00+00:00,0.04173298798707431,0.021507511703406118,target,minute interval; not exact exchange fill
429,1906565.0,1906598.0,-1.0,1.61,1808.01,1800.45,1.4554480500000002,1.44936225,0.0,12.171599999999913,9.266789699999912,9401.338692532592,2.0,9392.071902832591,0.3099311983676458,1692232740.0,2023-08-17 00:05:00+00:00,2023-08-17 00:05:00+00:00,2023-08-17 00:38:00+00:00,2023-08-17 00:39:00+00:00,1922.0813982722239,1800.0802478842443,2023-08-22 00:00:00+00:00,0.06951569136403403,0.05045760889389801,target,minute interval; not exact exchange fill
430,1908005.0,1908176.0,-1.0,2.081,1687.25,1677.75,1.755583625,1.745698875,0.0,19.7695,16.268217500000002,9417.606910032593,2.0,9401.338692532592,0.3734752427107952,1692327420.0,2023-08-18 00:05:00+00:00,2023-08-18 00:05:00+00:00,2023-08-18 02:56:00+00:00,2023-08-18 02:57:00+00:00,1775.1822872299692,1677.4048502741987,2023-08-23 00:00:00+00:00,0.11196285273523375,0.08890363535699805,target,minute interval; not exact exchange fill
431,1909445.0,1914737.0,-1.0,1.198,1662.06,1637.22,0.9955739399999999,0.98069478,1.0560372839099328,29.7583199999999,26.726013996089968,9444.332924028684,2.0,9417.606910032593,0.21142822152396554,1692721080.0,2023-08-19 00:05:00+00:00,2023-08-19 00:05:00+00:00,2023-08-22 16:17:00+00:00,2023-08-22 16:18:00+00:00,1816.8662875321359,1636.8924736076606,2023-08-24 00:00:00+00:00,0.1625743165445712,0.14410822789340696,target,minute interval; not exact exchange fill
432,1915205.0,1915270.0,-1.0,1.532,1635.8500000000001,1629.74,1.2530611000000003,1.24838084,0.0,9.360520000000195,6.859078060000194,9451.192002088685,2.0,9444.332924028684,0.26535724864419113,1692753060.0,2023-08-23 00:05:00+00:00,2023-08-23 00:05:00+00:00,2023-08-23 01:10:00+00:00,2023-08-23 01:11:00+00:00,1756.7766132081035,1629.4125656798503,2023-08-28 00:00:00+00:00,0.05323422321496413,0.03702414945083491,target,minute interval; not exact exchange fill
433,1916645.0,1917152.0,-1.0,1.2570000000000001,1679.75,1670.04,1.0557228750000003,1.04962014,0.020135260021648286,12.205470000000046,10.079991724978397,9461.271993813663,2.0,9451.192002088685,0.2234052328566997,1692865980.0,2023-08-24 00:05:00+00:00,2023-08-24 00:05:00+00:00,2023-08-24 08:32:00+00:00,2023-08-24 08:33:00+00:00,1827.6955328084484,1669.7009861168333,2023-08-29 00:00:00+00:00,0.06792373985483974,0.0542029647220912,target,minute interval; not exact exchange fill
434,1918085.0,1918119.0,-1.0,1.657,1659.72,1656.33,1.3750780200000001,1.372269405,0.0,5.617230000000166,2.869882575000166,9464.141876388663,2.0,9461.271993813663,0.290675084893259,1692924000.0,2023-08-25 00:05:00+00:00,2023-08-25 00:05:00+00:00,2023-08-25 00:39:00+00:00,2023-08-25 00:40:00+00:00,1771.5065467276722,1655.9949805448405,2023-08-30 00:00:00+00:00,0.03332260960018943,0.0154935906931577,target,minute interval; not exact exchange fill
435,1919525.0,1922958.0,-1.0,1.321,1652.3700000000001,1632.06,1.0913903850000002,1.0779756299999999,0.14660316087714098,26.829510000000226,24.513540824123083,9488.655417212785,2.0,9464.141876388663,0.23063694506161694,1693214340.0,2023-08-26 00:05:00+00:00,2023-08-26 00:05:00+00:00,2023-08-28 09:18:00+00:00,2023-08-28 09:19:00+00:00,1793.2625927170993,1631.7238936697092,2023-08-31 00:00:00+00:00,0.1465379118386058,0.13170888345805337,target,minute interval; not exact exchange fill
436,1923845.0,1924213.0,-1.0,1.36,1652.18,1647.8400000000001,1.1234824,1.1205312,0.0,5.902399999999889,3.6583863999998885,9492.313803612786,2.0,9488.655417212785,0.23680539562264213,1693289640.0,2023-08-29 00:05:00+00:00,2023-08-29 00:05:00+00:00,2023-08-29 06:13:00+00:00,2023-08-29 06:14:00+00:00,1789.3581553030085,1647.5060810147772,2023-09-03 00:00:00+00:00,0.03407188976188487,0.019609463285594448,target,minute interval; not exact exchange fill
437,1925285.0,1925329.0,-1.0,1.528,1728.67,1723.78,1.3207038800000002,1.3169679200000002,0.0,7.471920000000153,4.834248200000152,9497.148051812786,2.0,9492.313803612786,0.27826806136504645,1693356600.0,2023-08-30 00:05:00+00:00,2023-08-30 00:05:00+00:00,2023-08-30 00:49:00+00:00,2023-08-30 00:50:00+00:00,1850.4195506584883,1723.427149240656,2023-09-04 00:00:00+00:00,0.043062588165523635,0.025985927528181182,target,minute interval; not exact exchange fill
438,1926725.0,1926929.0,-1.0,1.399,1703.26,1696.6100000000001,1.19143037,1.1867786950000003,0.0,9.30334999999981,6.925140934999811,9504.073192747786,2.0,9497.148051812786,0.25090276859958677,1693452600.0,2023-08-31 00:05:00+00:00,2023-08-31 00:05:00+00:00,2023-08-31 03:29:00+00:00,2023-08-31 03:30:00+00:00,1836.5613806825193,1696.2681159071806,2023-09-05 00:00:00+00:00,0.05245170047767039,0.03713438656565244,target,minute interval; not exact exchange fill
439,1928165.0,1928808.0,-1.0,1.885,1646.95,1641.79,1.552250375,1.5473870749999998,0.056201977727999994,9.726600000000154,6.570760572272155,9510.64395332006,2.0,9504.073192747786,0.32664949932929094,1693565340.0,2023-09-01 00:05:00+00:00,2023-09-01 00:05:00+00:00,2023-09-01 10:48:00+00:00,2023-09-01 10:49:00+00:00,1745.448394099413,1641.4551635550233,2023-09-06 00:00:00+00:00,0.05578605108455748,0.035389557962558264,target,minute interval; not exact exchange fill
440,1929605.0,1934121.0,-1.0,1.74,1627.02,1609.6100000000001,1.4155074,1.4003607000000002,0.1839267847478741,30.293399999999746,27.29360511525187,9537.937558435311,2.0,9510.64395332006,0.2976680458121581,1693884120.0,2023-09-02 00:05:00+00:00,2023-09-02 00:05:00+00:00,2023-09-05 03:21:00+00:00,2023-09-05 03:22:00+00:00,1734.009453920601,1609.2835583763185,2023-09-07 00:00:00+00:00,0.16577747594490985,0.1466123938059827,target,minute interval; not exact exchange fill
441,1935365.0,1935673.0,-1.0,1.94,1632.74,1629.07,1.5837577999999999,1.5801979,0.0,7.119800000000141,3.955844300000141,9541.893402735312,2.0,9537.937558435311,0.332096491573135,1693977240.0,2023-09-06 00:05:00+00:00,2023-09-06 00:05:00+00:00,2023-09-06 05:13:00+00:00,2023-09-06 05:14:00+00:00,1728.7619789071523,1628.73923898355,2023-09-11 00:00:00+00:00,0.04166505483414945,0.021235711065398476,target,minute interval; not exact exchange fill
442,1936805.0,1937569.0,-1.0,1.508,1631.65,1625.06,1.2302641,1.22529524,-0.19310133035523427,9.937720000000219,7.675261990355454,9549.568664725666,2.0,9541.893402735312,0.25786582349522547,1694091000.0,2023-09-07 00:05:00+00:00,2023-09-07 00:05:00+00:00,2023-09-07 12:49:00+00:00,2023-09-07 12:50:00+00:00,1755.8824596335662,1624.7306964600643,2023-09-12 00:00:00+00:00,0.0556964223387737,0.04096913395330849,target,minute interval; not exact exchange fill
443,1938245.0,1938809.0,-1.0,1.687,1645.07,1642.04,1.3876165450000002,1.3850607400000001,-0.07456121033549999,5.1116099999999545,2.413493925335454,9551.982158651,2.0,9549.568664725666,0.2906134494064843,1694165400.0,2023-09-08 00:05:00+00:00,2023-09-08 00:05:00+00:00,2023-09-08 09:29:00+00:00,2023-09-08 09:30:00+00:00,1755.927055003261,1641.7066550015259,2023-09-13 00:00:00+00:00,0.030339476349747287,0.012905290659740928,target,minute interval; not exact exchange fill
444,1939685.0,1941382.0,-1.0,1.4060000000000001,1635.78,1617.75,1.1499533400000002,1.13727825,-0.2621520826954,25.350179999999963,23.325100492695363,9575.307259143696,2.0,9551.982158651,0.24077794972816505,1694319780.0,2023-09-09 00:05:00+00:00,2023-09-09 00:05:00+00:00,2023-09-10 04:22:00+00:00,2023-09-10 04:23:00+00:00,1743.608280577905,1617.4166480427011,2023-09-14 00:00:00+00:00,0.17030181561720717,0.15385284191668136,target,minute interval; not exact exchange fill
445,1942565.0,1942599.0,-1.0,1.469,1616.48,1607.29,1.18730456,1.1805545050000001,0.0,13.500110000000081,11.132250935000082,9586.439510078695,2.0,9575.307259143696,0.24799299445272918,1694392800.0,2023-09-11 00:05:00+00:00,2023-09-11 00:05:00+00:00,2023-09-11 00:39:00+00:00,2023-09-11 00:40:00+00:00,1744.484584654046,1606.9671125784892,2023-09-16 00:00:00+00:00,0.07431677113144851,0.0592019029668444,target,minute interval; not exact exchange fill
446,1944005.0,1951200.0,-1.0,1.6560000000000001,1549.69,1634.01,1.2831433200000002,1.35296028,-0.39105913506940465,-139.6339199999999,-141.87896446493048,9444.560545613762,4.0,9586.439510078695,0.2676996644376608,1694908800.0,2023-09-12 00:05:00+00:00,2023-09-12 00:05:00+00:00,2023-09-17 00:00:00+00:00,2023-09-17 00:00:00+00:00,1663.2729319456073,1546.384824804278,2023-09-17 00:00:00+00:00,0.029099224144917064,-0.7543008593961489,timeout,minute interval; not exact exchange fill
447,1952645.0,1952671.0,-1.0,1.438,1622.43,1612.32,1.1665271700000002,1.1592580799999999,0.0,14.538180000000182,12.212394750000183,9456.772940363762,2.0,9444.560545613762,0.2470262463491238,1694997120.0,2023-09-18 00:05:00+00:00,2023-09-18 00:05:00+00:00,2023-09-18 00:31:00+00:00,2023-09-18 00:32:00+00:00,1751.4073559979981,1611.9896077285314,2023-09-23 00:00:00+00:00,0.08094748253042752,0.06584586057208326,target,minute interval; not exact exchange fill
448,1954085.0,1954100.0,-1.0,1.679,1636.8700000000001,1632.71,1.3741523650000003,1.3706600450000002,0.0,6.984640000000137,4.239827590000137,9461.012767953762,2.0,9456.772940363762,0.29061760785960933,1695082860.0,2023-09-19 00:05:00+00:00,2023-09-19 00:05:00+00:00,2023-09-19 00:20:00+00:00,2023-09-19 00:21:00+00:00,1747.149652443636,1632.3758449318523,2023-09-24 00:00:00+00:00,0.04075235066999166,0.022898240464538307,target,minute interval; not exact exchange fill
449,1955525.0,1955720.0,-1.0,1.973,1641.1000000000001,1638.08,1.6189451500000003,1.61596592,0.0,5.958460000000413,2.7235489300004128,9463.736316883762,2.0,9461.012767953762,0.3422350629276547,1695180060.0,2023-09-20 00:05:00+00:00,2023-09-20 00:05:00+00:00,2023-09-20 03:20:00+00:00,2023-09-20 03:21:00+00:00,1734.6649749285239,1637.7462229216746,2023-09-25 00:00:00+00:00,0.03584436463417549,0.014753490834093995,target,minute interval; not exact exchange fill
450,1956965.0,1957049.0,-1.0,1.477,1620.3700000000001,1614.27,1.1966432450000002,1.1921383950000002,0.0,9.009700000000201,6.6209183600002,9470.35723524376,2.0,9463.736316883762,0.25289023382131454,1695259800.0,2023-09-21 00:05:00+00:00,2023-09-21 00:05:00+00:00,2023-09-21 01:29:00+00:00,2023-09-21 01:30:00+00:00,1746.2215111960309,1613.939386968329,2023-09-26 00:00:00+00:00,0.05109682808380864,0.035618801533640346,target,minute interval; not exact exchange fill
451,1958405.0,1958426.0,-1.0,1.983,1584.23,1578.47,1.5707640450000002,1.5650530050000002,0.0,11.422079999999983,8.286262949999983,9478.64349819376,2.0,9470.35723524376,0.33172223728888084,1695342420.0,2023-09-22 00:05:00+00:00,2023-09-22 00:05:00+00:00,2023-09-22 00:26:00+00:00,2023-09-22 00:27:00+00:00,1677.459722443302,1578.1483322145616,2023-09-27 00:00:00+00:00,0.06523314267225236,0.04482100654693302,target,minute interval; not exact exchange fill
452,1959845.0,1962687.0,-1.0,1.867,1592.65,1575.6000000000001,1.486738775,1.4708226000000002,-0.3680901112263676,31.832349999999916,29.242878736226285,9507.886376929988,2.0,9478.64349819376,0.31370285743594245,1695598080.0,2023-09-23 00:05:00+00:00,2023-09-23 00:05:00+00:00,2023-09-24 23:27:00+00:00,2023-09-24 23:28:00+00:00,1691.9244379092595,1575.278747385252,2023-09-28 00:00:00+00:00,0.17498213014941527,0.1577750653085095,target,minute interval; not exact exchange fill
453,1962725.0,1962742.0,-1.0,1.541,1577.77,1571.47,1.215671785,1.210817635,0.0,9.70829999999993,7.281810579999931,9515.168187509988,2.0,9507.886376929988,0.2557186185879789,1695601380.0,2023-09-25 00:05:00+00:00,2023-09-25 00:05:00+00:00,2023-09-25 00:22:00+00:00,2023-09-25 00:23:00+00:00,1698.8754322648056,1571.1471487369993,2023-09-30 00:00:00+00:00,0.054686657230365844,0.03901872865345609,target,minute interval; not exact exchange fill
454,1964165.0,1964971.0,-1.0,1.73,1587.0900000000001,1584.88,1.37283285,1.3709212,-0.042807659414000006,3.8233000000000628,1.122353609414063,9516.290541119402,2.0,9515.168187509988,0.2885567176420567,1695735120.0,2023-09-26 00:05:00+00:00,2023-09-26 00:05:00+00:00,2023-09-26 13:31:00+00:00,2023-09-26 13:32:00+00:00,1694.8444110761102,1584.562170129469,2023-10-01 00:00:00+00:00,0.023459177636316633,0.00602072161428082,target,minute interval; not exact exchange fill
455,1965605.0,1965675.0,-1.0,2.174,1593.8400000000001,1589.2,1.7325040800000002,1.7274604,0.0,10.087360000000217,6.627395520000217,9522.917936639402,2.0,9516.290541119402,0.3641133217851933,1695777360.0,2023-09-27 00:05:00+00:00,2023-09-27 00:05:00+00:00,2023-09-27 01:15:00+00:00,2023-09-27 01:16:00+00:00,1679.1071135062098,1588.8789097185163,2023-10-02 00:00:00+00:00,0.05818292747909842,0.035752119130643405,target,minute interval; not exact exchange fill
456,1967045.0,1972697.0,-1.0,1.863,1596.9,1697.18,1.48751235,1.5809231700000002,-0.41442636879437483,-186.82163999999995,-189.47564915120557,9333.442287488195,1.0,9522.917936639402,0.31240683998269064,1696198680.0,2023-09-28 00:05:00+00:00,2023-09-28 00:05:00+00:00,2023-10-01 22:17:00+00:00,2023-10-01 22:18:00+00:00,1696.834432277104,1590.9335204793374,2023-10-03 00:00:00+00:00,0.05970394172169297,-1.0177131805218256,stop,minute interval; not exact exchange fill
457,1972805.0,1972852.0,-1.0,1.338,1731.42,1722.0900000000001,1.1583199800000001,1.1520782100000002,0.0,12.483539999999904,10.173141809999903,9343.615429298194,2.0,9333.442287488195,0.2482085267839002,1696207980.0,2023-10-02 00:05:00+00:00,2023-10-02 00:05:00+00:00,2023-10-02 00:52:00+00:00,2023-10-02 00:53:00+00:00,1868.4507311591353,1721.7366531849907,2023-10-07 00:00:00+00:00,0.07066551227668776,0.055485692411362794,target,minute interval; not exact exchange fill
458,1974245.0,1974853.0,-1.0,1.449,1661.44,1658.46,1.20371328,1.2015542700000001,-0.04160533870080001,4.318020000000026,1.954357788700826,9345.569787086895,2.0,9343.615429298194,0.257654713875657,1696328040.0,2023-10-03 00:05:00+00:00,2023-10-03 00:05:00+00:00,2023-10-03 10:13:00+00:00,2023-10-03 10:14:00+00:00,1788.023801659867,1658.1261039325361,2023-10-08 00:00:00+00:00,0.02617946391251882,0.010655100585651304,target,minute interval; not exact exchange fill
459,1975685.0,1975702.0,-1.0,1.593,1654.8600000000001,1651.8600000000001,1.31809599,1.31570649,0.0,4.779,2.14519752,9347.714984606895,2.0,9345.569787086895,0.28207932101074457,1696378980.0,2023-10-04 00:05:00+00:00,2023-10-04 00:05:00+00:00,2023-10-04 00:22:00+00:00,2023-10-04 00:23:00+00:00,1769.8395437116162,1651.520568572781,2023-10-09 00:00:00+00:00,0.029043700465491783,0.011711996382396084,target,minute interval; not exact exchange fill
460,1977125.0,1977355.0,-1.0,1.5310000000000001,1646.1200000000001,1642.29,1.2601048600000002,1.2571729950000001,0.0,5.8637300000002375,3.346452145000237,9351.061436751894,2.0,9347.714984606895,0.2696070348903544,1696478160.0,2023-10-05 00:05:00+00:00,2023-10-05 00:05:00+00:00,2023-10-05 03:55:00+00:00,2023-10-05 03:56:00+00:00,1765.8741093720982,1641.9524174103553,2023-10-10 00:00:00+00:00,0.034801165584183266,0.018252359033529997,target,minute interval; not exact exchange fill
461,1978565.0,1983469.0,-1.0,1.978,1612.26,1606.29,1.59452514,1.5886208099999999,-2.417780647192444,11.808660000000053,11.043294697192497,9362.104731449086,2.0,9351.061436751894,0.3410361809266138,1696845000.0,2023-10-06 00:05:00+00:00,2023-10-06 00:05:00+00:00,2023-10-09 09:49:00+00:00,2023-10-09 09:50:00+00:00,1704.5326917695022,1605.9671508779627,2023-10-11 00:00:00+00:00,0.06819839110965652,0.06050610329826215,target,minute interval; not exact exchange fill
462,1984325.0,1984372.0,-1.0,1.541,1578.5,1576.57,1.21623425,1.214747185,0.0,2.974130000000098,0.5431485650000978,9362.647880014087,2.0,9362.104731449086,0.25982068880610537,1696899180.0,2023-10-10 00:05:00+00:00,2023-10-10 00:05:00+00:00,2023-10-10 00:52:00+00:00,2023-10-10 00:53:00+00:00,1697.7254062909724,1576.2524395347693,2023-10-15 00:00:00+00:00,0.01885135505217268,0.0029562910369947864,target,minute interval; not exact exchange fill
463,1985765.0,1985913.0,-1.0,1.669,1567.07,1562.7,1.3077199149999998,1.3040731500000002,0.0,7.293529999999818,4.681736934999819,9367.329616949088,2.0,9362.647880014087,0.2793483065386909,1696991640.0,2023-10-11 00:05:00+00:00,2023-10-11 00:05:00+00:00,2023-10-11 02:33:00+00:00,2023-10-11 02:34:00+00:00,1677.0169652076668,1562.379067144769,2023-10-16 00:00:00+00:00,0.042665414605767865,0.02551334631839647,target,minute interval; not exact exchange fill
464,1987205.0,1987212.0,-1.0,1.583,1563.14,1562.81,1.2372253100000001,1.236964115,0.0,0.5223900000002447,-1.9517994249997552,9365.377817524088,2.0,9367.329616949088,0.26415752633736417,1697069580.0,2023-10-12 00:05:00+00:00,2023-10-12 00:05:00+00:00,2023-10-12 00:12:00+00:00,2023-10-12 00:13:00+00:00,1679.2239899365038,1562.4914856663347,2023-10-17 00:00:00+00:00,0.005586595826178246,-0.010621404387239491,target,minute interval; not exact exchange fill
465,1988645.0,1993770.0,-1.0,1.923,1537.91,1633.45,1.4787004650000002,1.570562175,-1.2252199336222622,-183.72341999999995,-185.54746270637767,9179.83035481771,1.0,9365.377817524088,0.31578020530749334,1697463060.0,2023-10-13 00:05:00+00:00,2023-10-13 00:05:00+00:00,2023-10-16 13:30:00+00:00,2023-10-16 13:31:00+00:00,1633.113496459723,1533.4997386210937,2023-10-18 00:00:00+00:00,0.04632457360189729,-1.0134978623368436,stop,minute interval; not exact exchange fill
466,1994405.0,1994428.0,-1.0,1.438,1598.91,1595.6000000000001,1.14961629,1.1472364,0.0,4.759779999999921,2.4629273099999214,9182.29328212771,2.0,9179.83035481771,0.2504656939322772,1697502540.0,2023-10-17 00:05:00+00:00,2023-10-17 00:05:00+00:00,2023-10-17 00:28:00+00:00,2023-10-17 00:29:00+00:00,1724.3228718858995,1595.2719296334121,2023-10-22 00:00:00+00:00,0.029008747761536533,0.01365685175887049,target,minute interval; not exact exchange fill
467,1995845.0,1997041.0,-1.0,1.671,1565.14,1558.8700000000001,1.3076744700000003,1.3024358850000002,-0.20671121085981714,10.477169999999969,8.073770855859786,9190.36705298357,2.0,9182.29328212771,0.2848252456813245,1697659320.0,2023-10-18 00:05:00+00:00,2023-10-18 00:05:00+00:00,2023-10-18 20:01:00+00:00,2023-10-18 20:02:00+00:00,1672.7850760746362,1558.550824821591,2023-10-23 00:00:00+00:00,0.061212044421246184,0.044885472419781504,target,minute interval; not exact exchange fill
468,1997285.0,1997381.0,-1.0,1.617,1560.39,1559.51,1.261575315,1.2608638349999999,0.0,1.4229600000001765,-1.0994791499998233,9189.267573833571,2.0,9190.36705298357,0.2745429660702052,1697679720.0,2023-10-19 00:05:00+00:00,2023-10-19 00:05:00+00:00,2023-10-19 01:41:00+00:00,2023-10-19 01:42:00+00:00,1671.8511767351501,1559.1924995259594,2023-10-24 00:00:00+00:00,0.010743655406457235,-0.006100330356421438,target,minute interval; not exact exchange fill
469,1998725.0,1998736.0,-1.0,1.872,1566.63,1564.13,1.4663656800000002,1.4640256800000002,0.0,4.680000000000001,1.7496086400000004,9191.017182473572,2.0,9189.267573833571,0.3191474550540839,1697761020.0,2023-10-20 00:05:00+00:00,2023-10-20 00:05:00+00:00,2023-10-20 00:16:00+00:00,2023-10-20 00:17:00+00:00,1662.5677155853873,1563.8165537355871,2023-10-25 00:00:00+00:00,0.029325758355262438,0.009741945535154657,target,minute interval; not exact exchange fill
470,2000165.0,2003269.0,-1.0,1.872,1604.74,1700.99,1.50203664,1.5921266400000003,-0.7848037074277303,-180.18,-182.48935957257228,9008.527822901,1.0,9191.017182473572,0.32684883733309655,1698033000.0,2023-10-21 00:05:00+00:00,2023-10-21 00:05:00+00:00,2023-10-23 03:49:00+00:00,2023-10-23 03:50:00+00:00,1700.649031567557,1588.2229487505915,2023-10-26 00:00:00+00:00,0.17221580678535087,-1.0164176476085016,stop,minute interval; not exact exchange fill
471,2004485.0,2004486.0,-1.0,1.031,1764.32,1762.23,0.90950696,0.9084295649999999,0.0,2.1547899999999154,0.3368534749999156,9008.864676375999,2.0,9008.527822901,0.20192133007302254,1698106020.0,2023-10-24 00:05:00+00:00,2023-10-24 00:05:00+00:00,2023-10-24 00:06:00+00:00,2023-10-24 00:07:00+00:00,1936.540273889501,1761.8690862958997,2023-10-29 00:00:00+00:00,0.0142312728272211,0.0018971343653160701,target,minute interval; not exact exchange fill
472,2005925.0,2006362.0,-1.0,1.069,1783.3600000000001,1776.52,0.95320592,0.94954994,0.0,7.3119600000001554,5.409204140000155,9014.273880516,2.0,9008.864676375999,0.21161510450913926,1698218580.0,2023-10-25 00:05:00+00:00,2023-10-25 00:05:00+00:00,2023-10-25 07:22:00+00:00,2023-10-25 07:23:00+00:00,1949.3894071857064,1776.1638768321839,2023-10-30 00:00:00+00:00,0.04334246137352824,0.03047689012308762,target,minute interval; not exact exchange fill
473,2007365.0,2007408.0,-1.0,0.713,1785.04,1781.41,0.63636676,0.635072665,0.0,2.5881899999999156,1.3167505749999155,9015.590631091001,2.0,9014.273880516,0.14119090864888892,1698281340.0,2023-10-26 00:05:00+00:00,2023-10-26 00:05:00+00:00,2023-10-26 00:48:00+00:00,2023-10-26 00:49:00+00:00,2035.2553307473702,1781.053708542021,2023-10-31 00:00:00+00:00,0.01593144371319001,0.007380742796549413,target,minute interval; not exact exchange fill
474,2008805.0,2008816.0,-1.0,0.989,1803.15,1800.26,0.891657675,0.89022857,0.0,2.8582100000000987,1.0763237550000988,9016.666954846001,2.0,9015.590631091001,0.19780349651747622,1698365820.0,2023-10-27 00:05:00+00:00,2023-10-27 00:05:00+00:00,2023-10-27 00:16:00+00:00,2023-10-27 00:17:00+00:00,1982.8065597938005,1799.8934405141974,2023-11-01 00:00:00+00:00,0.01812658268387388,0.006057641319911631,target,minute interval; not exact exchange fill
475,2010245.0,2017440.0,-1.0,0.909,1780.75,1848.57,0.809350875,0.840175065,-2.735421995490531,-61.648379999999946,-60.56248394450941,8956.104470901491,4.0,9016.666954846001,0.17952329370777412,1698883200.0,2023-10-28 00:05:00+00:00,2023-10-28 00:05:00+00:00,2023-11-02 00:00:00+00:00,2023-11-02 00:00:00+00:00,1976.427089533086,1762.4021805503862,2023-11-02 00:00:00+00:00,0.09376580310650749,-0.3404864362886124,timeout,minute interval; not exact exchange fill
476,2018885.0,2018907.0,-1.0,0.861,1798.4,1792.8600000000001,0.7742112000000001,0.7718262300000001,0.0,4.769939999999969,3.223902569999969,8959.328373471491,2.0,8956.104470901491,0.17289016726310485,1698971280.0,2023-11-03 00:05:00+00:00,2023-11-03 00:05:00+00:00,2023-11-03 00:27:00+00:00,2023-11-03 00:28:00+00:00,2003.8627610225892,1792.4997910953173,2023-11-08 00:00:00+00:00,0.028716682650021082,0.018224081003118116,target,minute interval; not exact exchange fill
477,2020325.0,2027520.0,-1.0,0.772,1828.6200000000001,1888.8,0.7058473200000001,0.7290768000000001,-2.173348291965528,-46.45895999999988,-45.72053582803434,8913.607837643458,4.0,8959.328373471491,0.1575670163156446,1699488000.0,2023-11-04 00:05:00+00:00,2023-11-04 00:05:00+00:00,2023-11-09 00:00:00+00:00,2023-11-09 00:00:00+00:00,2058.129791459598,1812.378645818444,2023-11-09 00:00:00+00:00,0.07076540864887298,-0.2580434221502543,timeout,minute interval; not exact exchange fill
478,2028965.0,2028981.0,-1.0,0.724,2120.7200000000003,2113.66,0.76770064,0.76514492,0.0,5.1114400000002895,3.5785944400002894,8917.186432083457,2.0,8913.607837643458,0.1722536270348105,1699575720.0,2023-11-10 00:05:00+00:00,2023-11-10 00:05:00+00:00,2023-11-10 00:21:00+00:00,2023-11-10 00:22:00+00:00,2363.6841824619323,2113.229404968803,2023-11-15 00:00:00+00:00,0.030830038219196693,0.020343780510836594,target,minute interval; not exact exchange fill
479,2030405.0,2030484.0,-1.0,0.599,2079.68,2056.3,0.62286416,0.61586185,0.0,14.004619999999793,12.765893989999793,8929.952326073459,2.0,8917.186432083457,0.1396997056737482,1699665900.0,2023-11-11 00:05:00+00:00,2023-11-11 00:05:00+00:00,2023-11-11 01:24:00+00:00,2023-11-11 01:25:00+00:00,2374.430502118898,2055.880344343839,2023-11-16 00:00:00+00:00,0.08074508944028949,0.07230525426349467,target,minute interval; not exact exchange fill
480,2031845.0,2031870.0,-1.0,0.584,2053.9900000000002,2037.0900000000001,0.5997650800000001,0.59483028,0.0,9.869600000000052,8.67500464000005,8938.627330713458,2.0,8929.952326073459,0.13432660289771547,1699749060.0,2023-11-12 00:05:00+00:00,2023-11-12 00:05:00+00:00,2023-11-12 00:30:00+00:00,2023-11-12 00:31:00+00:00,2356.7451617062816,2036.6730756983102,2023-11-17 00:00:00+00:00,0.05719778385971866,0.049064266704100586,target,minute interval; not exact exchange fill
481,2033285.0,2035482.0,-1.0,0.546,2041.65,2024.15,0.5573704500000002,0.5525929500000001,-0.8822365052591999,9.555000000000001,9.327273105259202,8947.954603818716,2.0,8938.627330713458,0.1247105241953324,1699965780.0,2023-11-13 00:05:00+00:00,2023-11-13 00:05:00+00:00,2023-11-14 12:42:00+00:00,2023-11-14 12:43:00+00:00,2365.7085702551285,2023.7439007207088,2023-11-18 00:00:00+00:00,0.055255749802247164,0.05271552535009574,target,minute interval; not exact exchange fill
482,2036165.0,2036324.0,-1.0,0.752,1984.0800000000002,1968.8700000000001,0.74601408,0.74029512,0.0,11.437920000000027,9.951610800000026,8957.906214618717,2.0,8947.954603818716,0.16674516423711488,1700016300.0,2023-11-15 00:05:00+00:00,2023-11-15 00:05:00+00:00,2023-11-15 02:44:00+00:00,2023-11-15 02:45:00+00:00,2219.253747648083,1968.4689437400175,2023-11-20 00:00:00+00:00,0.06638094777204154,0.05627126808304668,target,minute interval; not exact exchange fill
483,2037605.0,2037849.0,-1.0,0.457,2057.58,2051.82,0.47015703000000003,0.4688408700000001,0.0,2.632319999999892,1.6933220999998917,8959.599536718717,2.0,8957.906214618717,0.10497029523098478,1700107800.0,2023-11-16 00:05:00+00:00,2023-11-16 00:05:00+00:00,2023-11-16 04:09:00+00:00,2023-11-16 04:10:00+00:00,2446.3769976162644,2051.4080477507555,2023-11-21 00:00:00+00:00,0.015874485366618098,0.009530166186254418,target,minute interval; not exact exchange fill
484,2039045.0,2039784.0,-1.0,0.6990000000000001,1962.38,1952.39,0.6858518100000002,0.6823603050000002,-0.13774262229005102,6.983010000000007,5.752540507290058,8965.352077226007,2.0,8959.599536718717,0.15309876455732313,1700223900.0,2023-11-17 00:05:00+00:00,2023-11-17 00:05:00+00:00,2023-11-17 12:24:00+00:00,2023-11-17 12:25:00+00:00,2215.8147915143536,1951.9958215486865,2023-11-22 00:00:00+00:00,0.04097376839724651,0.03247254110248282,target,minute interval; not exact exchange fill
485,2040485.0,2040712.0,-1.0,0.7010000000000001,1958.69,1941.79,0.6865208450000001,0.680597395,0.0,11.846900000000065,10.479781760000066,8975.831858986008,2.0,8965.352077226007,0.15314977907982355,1700279580.0,2023-11-18 00:05:00+00:00,2023-11-18 00:05:00+00:00,2023-11-18 03:52:00+00:00,2023-11-18 03:53:00+00:00,2211.4603515876547,1941.3957211745374,2023-11-23 00:00:00+00:00,0.06841893725603913,0.05914364523410443,target,minute interval; not exact exchange fill
486,2041925.0,2042013.0,-1.0,0.618,1960.2,1946.76,0.6057018000000001,0.6015488400000001,0.0,8.305920000000034,7.0986693600000335,8982.930528346009,2.0,8975.831858986008,0.13496282228005677,1700357640.0,2023-11-19 00:05:00+00:00,2023-11-19 00:05:00+00:00,2023-11-19 01:33:00+00:00,2023-11-19 01:34:00+00:00,2247.7228854615123,1946.3705591028036,2023-11-24 00:00:00+00:00,0.048098574396950734,0.03994993296468443,target,minute interval; not exact exchange fill
487,2043365.0,2044211.0,-1.0,0.605,2007.03,1992.5800000000002,0.607126575,0.60275545,-0.122191245,8.74224999999989,7.654559219999889,8990.585087566009,2.0,8982.930528346009,0.13517338758975972,1700489520.0,2023-11-20 00:05:00+00:00,2023-11-20 00:05:00+00:00,2023-11-20 14:11:00+00:00,2023-11-20 14:12:00+00:00,2300.874471766207,1992.1805654290492,2023-11-25 00:00:00+00:00,0.05053501426007926,0.04305734909338815,target,minute interval; not exact exchange fill
488,2044805.0,2044971.0,-1.0,0.715,2021.74,2016.3700000000001,0.7227720499999999,0.7208522749999999,0.0,3.839549999999922,2.3959256749999223,8992.98101324101,2.0,8990.585087566009,0.1607842076929108,1700535120.0,2023-11-21 00:05:00+00:00,2023-11-21 00:05:00+00:00,2023-11-21 02:51:00+00:00,2023-11-21 02:52:00+00:00,2270.2292073631143,2015.9651718942432,2023-11-26 00:00:00+00:00,0.0232397542212693,0.013485273809510754,target,minute interval; not exact exchange fill
489,2046245.0,2053440.0,-1.0,0.876,1944.69,2062.39,0.85177422,0.90332682,-2.7162761730558,-103.10519999999984,-102.14402486694404,8890.836988374065,4.0,8992.98101324101,0.1894308947713493,1701043200.0,2023-11-22 00:05:00+00:00,2023-11-22 00:05:00+00:00,2023-11-27 00:00:00+00:00,2023-11-27 00:00:00+00:00,2147.2227679550574,1922.9824373921904,2023-11-27 00:00:00+00:00,0.10718049640553302,-0.5757229770287065,timeout,minute interval; not exact exchange fill
490,2054885.0,2055006.0,-1.0,0.754,2026.68,2021.93,0.76405836,0.76226761,0.0,3.5815,2.0551740300000003,8892.892162404065,2.0,8890.836988374065,0.17187546256873373,1701137220.0,2023-11-28 00:05:00+00:00,2023-11-28 00:05:00+00:00,2023-11-28 02:06:00+00:00,2023-11-28 02:07:00+00:00,2259.43230876081,2021.5170301250232,2023-12-03 00:00:00+00:00,0.022182249888153104,0.01171071090341401,target,minute interval; not exact exchange fill
491,2056325.0,2056326.0,-1.0,0.879,2045.7,2043.48,0.89908515,0.89810946,0.0,1.951380000000024,0.15418539000002396,8893.046347794065,2.0,8892.892162404065,0.20220309289277277,1701216420.0,2023-11-29 00:05:00+00:00,2023-11-29 00:05:00+00:00,2023-11-29 00:06:00+00:00,2023-11-29 00:07:00+00:00,2244.9344644036983,2043.0702266445744,2023-12-04 00:00:00+00:00,0.013199389790799803,0.0008804199641112457,target,minute interval; not exact exchange fill
492,2057765.0,2057827.0,-1.0,0.584,2026.47,2022.6100000000001,0.59172924,0.59060212,0.0,2.2542399999999416,1.0719086399999416,8894.118256434063,2.0,8893.046347794065,0.13307683708334198,1701306480.0,2023-11-30 00:05:00+00:00,2023-11-30 00:05:00+00:00,2023-11-30 01:07:00+00:00,2023-11-30 01:08:00+00:00,2327.923466386662,2022.1999028548282,2023-12-05 00:00:00+00:00,0.014165029171350537,0.006088700926217355,target,minute interval; not exact exchange fill
493,2059205.0,2063901.0,-1.0,0.84,2049.75,2258.96,0.860895,0.9487632,-1.6079646636270002,-175.73640000000003,-175.93809353637303,8718.18016289769,1.0,8894.118256434063,0.1935874867364672,1701670920.0,2023-12-01 00:05:00+00:00,2023-12-01 00:05:00+00:00,2023-12-04 06:21:00+00:00,2023-12-04 06:22:00+00:00,2258.504390134085,2043.3881653767266,2023-12-06 00:00:00+00:00,0.030475213571255114,-1.0033327261682647,stop,minute interval; not exact exchange fill
494,2064965.0,2064967.0,-1.0,0.632,2237.9700000000003,2237.16,0.7071985200000002,0.70694256,0.0,0.511920000000253,-0.9022210799997472,8717.27794181769,2.0,8718.18016289769,0.1622353534306743,1701734880.0,2023-12-05 00:05:00+00:00,2023-12-05 00:05:00+00:00,2023-12-05 00:07:00+00:00,2023-12-05 00:08:00+00:00,2510.663122207372,2236.7048073335413,2023-12-10 00:00:00+00:00,0.004639620743704673,-0.005235060526807112,target,minute interval; not exact exchange fill
495,2066405.0,2066500.0,-1.0,0.6980000000000001,2296.54,2287.98,0.8014924600000001,0.7985050200000001,0.0,5.974879999999962,4.374882519999962,8721.65282433769,2.0,8717.27794181769,0.18388594819379503,1701826860.0,2023-12-06 00:05:00+00:00,2023-12-06 00:05:00+00:00,2023-12-06 01:40:00+00:00,2023-12-06 01:41:00+00:00,2543.064226918242,2287.5133879803657,2023-12-11 00:00:00+00:00,0.036615516991877185,0.025424438313231542,target,minute interval; not exact exchange fill
496,2067845.0,2068407.0,-1.0,0.441,2232.96,2226.02,0.49236768000000003,0.49083741,-0.099752436,3.060540000000024,2.177087346000024,8723.82991168369,2.0,8721.65282433769,0.11290696612597388,1701941280.0,2023-12-07 00:05:00+00:00,2023-12-07 00:05:00+00:00,2023-12-07 09:27:00+00:00,2023-12-07 09:28:00+00:00,2624.892323408713,2225.5673682569063,2023-12-12 00:00:00+00:00,0.018862010866566293,0.012595812351133858,target,minute interval; not exact exchange fill
497,2069285.0,2069874.0,-1.0,0.557,2357.58,2349.44,0.65658603,0.6543190400000001,-0.16259851331910002,4.5339799999999295,3.385673443319029,8727.215585127009,2.0,8723.82991168369,0.15052701316898548,1702029300.0,2023-12-08 00:05:00+00:00,2023-12-08 00:05:00+00:00,2023-12-08 09:54:00+00:00,2023-12-08 09:55:00+00:00,2667.4823929101954,2348.9674810258716,2023-12-13 00:00:00+00:00,0.0277910696114698,0.019613944504330738,target,minute interval; not exact exchange fill
498,2070725.0,2071603.0,-1.0,0.59,2362.66,2347.37,0.6969847,0.6924741499999999,-0.440416993554,9.021099999999977,8.072058143553978,8735.287643270562,2.0,8727.215585127009,0.1597267062332703,1702133040.0,2023-12-09 00:05:00+00:00,2023-12-09 00:05:00+00:00,2023-12-09 14:43:00+00:00,2023-12-09 14:44:00+00:00,2655.079284842801,2346.895335248905,2023-12-14 00:00:00+00:00,0.053911166493582734,0.046787114221809444,target,minute interval; not exact exchange fill
499,2072165.0,2073724.0,-1.0,0.508,2343.38,2322.71,0.59521852,0.58996834,-0.7522002463651456,10.500360000000038,10.067373386365183,8745.355016656926,2.0,8735.287643270562,0.13627908875068148,1702260300.0,2023-12-10 00:05:00+00:00,2023-12-10 00:05:00+00:00,2023-12-11 02:04:00+00:00,2023-12-11 02:05:00+00:00,2683.9240394864482,2322.2411817361904,2023-12-15 00:00:00+00:00,0.06207366981283185,0.05819413012271147,target,minute interval; not exact exchange fill
500,2075045.0,2075338.0,-1.0,0.635,2225.73,2218.93,0.706669275,0.704510275,0.0,4.318000000000116,2.906820450000116,8748.261837106926,2.0,8745.355016656926,0.1616101973342501,1702357140.0,2023-12-12 00:05:00+00:00,2023-12-12 00:05:00+00:00,2023-12-12 04:58:00+00:00,2023-12-12 04:59:00+00:00,2497.7677088432347,2218.480171588983,2023-12-17 00:00:00+00:00,0.02665008627607144,0.01682733625226246,target,minute interval; not exact exchange fill
501,2076485.0,2076555.0,-1.0,0.667,2203.57,2198.48,0.7348905950000001,0.73319308,0.0,3.3950300000000975,1.9269463250000975,8750.188783431926,2.0,8748.261837106926,0.16800836753259102,1702430160.0,2023-12-13 00:05:00+00:00,2023-12-13 00:05:00+00:00,2023-12-13 01:15:00+00:00,2023-12-13 01:16:00+00:00,2462.72871414501,2198.038287204978,2023-12-18 00:00:00+00:00,0.021344884401327945,0.01114751247910439,target,minute interval; not exact exchange fill
502,2077925.0,2078001.0,-1.0,0.436,2258.11,2254.12,0.49226798000000005,0.49139816,0.0,1.739640000000103,0.7559738600001031,8750.944757291925,2.0,8750.188783431926,0.11251596786850736,1702516920.0,2023-12-14 00:05:00+00:00,2023-12-14 00:05:00+00:00,2023-12-14 01:21:00+00:00,2023-12-14 01:22:00+00:00,2655.4389898929276,2253.6662110008765,2023-12-19 00:00:00+00:00,0.011184154975253989,0.00436385223355458,target,minute interval; not exact exchange fill
503,2079365.0,2079397.0,-1.0,0.617,2313.39,2308.7200000000003,0.7136808149999999,0.71224012,0.0,2.8813899999997643,1.4554690649997641,8752.400226356924,2.0,8750.944757291925,0.16310943213424106,1702600680.0,2023-12-15 00:05:00+00:00,2023-12-15 00:05:00+00:00,2023-12-15 00:37:00+00:00,2023-12-15 00:38:00+00:00,2593.681158182067,2308.249085750291,2023-12-20 00:00:00+00:00,0.018341335784731756,0.008416052134143063,target,minute interval; not exact exchange fill
504,2080805.0,2082583.0,-1.0,0.646,2225.9900000000002,2209.08,0.7189947700000001,0.71353284,-0.4347314667192601,10.9238600000002,9.92606385671946,8762.326290213643,2.0,8752.400226356924,0.16429659325560175,1702791840.0,2023-12-16 00:05:00+00:00,2023-12-16 00:05:00+00:00,2023-12-17 05:43:00+00:00,2023-12-17 05:44:00+00:00,2493.570937235319,2208.6334658769415,2023-12-21 00:00:00+00:00,0.06486461368432564,0.057423462543961024,target,minute interval; not exact exchange fill
505,2083685.0,2083774.0,-1.0,0.543,2204.0,2184.85,0.5983860000000001,0.593186775,0.0,10.39845000000005,9.206877225000051,8771.533167438643,2.0,8762.326290213643,0.13658153786587882,1702863300.0,2023-12-18 00:05:00+00:00,2023-12-18 00:05:00+00:00,2023-12-18 01:34:00+00:00,2023-12-18 01:35:00+00:00,2523.210338434041,2184.407652616474,2023-12-23 00:00:00+00:00,0.06137754647810182,0.05311724890609595,target,minute interval; not exact exchange fill
506,2085125.0,2085142.0,-1.0,0.626,2215.75,2213.85,0.6935297500000001,0.69293505,0.0,1.1894000000000569,-0.1970647999999432,8771.336102638643,2.0,8771.533167438643,0.15813193355398694,1702945380.0,2023-12-19 00:05:00+00:00,2023-12-19 00:05:00+00:00,2023-12-19 00:22:00+00:00,2023-12-19 00:23:00+00:00,2492.5700280188726,2213.4039808385683,2023-12-24 00:00:00+00:00,0.00847488954546236,-0.001137200954182576,target,minute interval; not exact exchange fill
507,2086565.0,2086670.0,-1.0,0.709,2178.83,2173.15,0.772395235,0.770381675,0.0,4.027119999999884,2.484343089999884,8773.820445728643,2.0,8771.336102638643,0.17611803400570722,1703037060.0,2023-12-20 00:05:00+00:00,2023-12-20 00:05:00+00:00,2023-12-20 01:50:00+00:00,2023-12-20 01:51:00+00:00,2422.873713289928,2172.709099588569,2023-12-25 00:00:00+00:00,0.025081164062435813,0.0143581244227218,target,minute interval; not exact exchange fill
508,2088005.0,2088048.0,-1.0,0.434,2201.39,2196.55,0.47770163,0.47665135000000003,0.0,2.1005599999998656,1.1462070199998657,8774.966652748642,2.0,8773.820445728643,0.10889250195051789,1703119740.0,2023-12-21 00:05:00+00:00,2023-12-21 00:05:00+00:00,2023-12-21 00:48:00+00:00,2023-12-21 00:49:00+00:00,2602.524575319821,2196.1090820353033,2023-12-26 00:00:00+00:00,0.01316495333389324,0.006583900173386999,target,minute interval; not exact exchange fill
509,2089445.0,2089457.0,-1.0,0.653,2239.32,2233.91,0.7311379800000001,0.729371615,0.0,3.532730000000202,2.072220405000202,8777.038873153644,2.0,8774.966652748642,0.16664176832420913,1703204280.0,2023-12-22 00:05:00+00:00,2023-12-22 00:05:00+00:00,2023-12-22 00:17:00+00:00,2023-12-22 00:18:00+00:00,2504.8624656735847,2233.4591448966726,2023-12-27 00:00:00+00:00,0.022071253607067104,0.011950574428653387,target,minute interval; not exact exchange fill
510,2090885.0,2090937.0,-1.0,0.595,2329.4700000000003,2312.86,0.693017325,0.68807585,0.0,9.882950000000076,8.501856825000075,8785.540729978644,2.0,8777.038873153644,0.15791597485565076,1703293080.0,2023-12-23 00:05:00+00:00,2023-12-23 00:05:00+00:00,2023-12-23 00:57:00+00:00,2023-12-23 00:58:00+00:00,2620.9763846790593,2312.3953582322724,2023-12-28 00:00:00+00:00,0.05857381747067587,0.04901722827008323,target,minute interval; not exact exchange fill
511,2092325.0,2092657.0,-1.0,0.528,2307.68,2289.44,0.60922752,0.6044121600000001,0.0,9.630719999999885,8.417080319999885,8793.957810298643,2.0,8785.540729978644,0.13868867921154832,1703396280.0,2023-12-24 00:05:00+00:00,2023-12-24 00:05:00+00:00,2023-12-24 05:37:00+00:00,2023-12-24 05:38:00+00:00,2636.886481689805,2288.9770019270054,2023-12-29 00:00:00+00:00,0.05681236279733198,0.04842383393599343,target,minute interval; not exact exchange fill
512,2093765.0,2095531.0,-1.0,0.47100000000000003,2269.53,2250.4700000000003,0.5344743150000001,0.5299856850000001,-1.2397154640188934,8.977259999999974,9.152515464018867,8803.110325762662,2.0,8793.957810298643,0.12155489633440697,1703568720.0,2023-12-25 00:05:00+00:00,2023-12-25 00:05:00+00:00,2023-12-26 05:31:00+00:00,2023-12-26 05:32:00+00:00,2639.1858992329353,2250.013963439877,2023-12-30 00:00:00+00:00,0.052795144350788165,0.052568056726858534,target,minute interval; not exact exchange fill
513,2096645.0,2096726.0,-1.0,0.677,2232.26,2226.26,0.7556200100000001,0.7535890100000001,0.0,4.062,2.5527909799999997,8805.66311674266,2.0,8803.110325762662,0.1716711439566189,1703640420.0,2023-12-27 00:05:00+00:00,2023-12-27 00:05:00+00:00,2023-12-27 01:26:00+00:00,2023-12-27 01:27:00+00:00,2489.07711211636,2225.8077631821125,2024-01-01 00:00:00+00:00,0.025123858627319,0.014682588589702464,target,minute interval; not exact exchange fill
514,2098085.0,2098515.0,-1.0,0.39,2385.33,2371.93,0.46513935,0.46252635,0.0,5.2260000000000355,4.298334300000035,8809.96145104266,2.0,8805.66311674266,0.10564550195330698,1703747760.0,2023-12-28 00:05:00+00:00,2023-12-28 00:05:00+00:00,2023-12-28 07:15:00+00:00,2023-12-28 07:16:00+00:00,2832.672501693402,2371.4471133432653,2024-01-02 00:00:00+00:00,0.031034132916459678,0.024637430957888007,target,minute interval; not exact exchange fill
515,2099525.0,2099581.0,-1.0,0.533,2349.04,2336.65,0.62601916,0.6227172250000002,0.0,6.603869999999932,5.355133614999932,8815.316584657661,2.0,8809.96145104266,0.14211620867555796,1703811720.0,2023-12-29 00:05:00+00:00,2023-12-29 00:05:00+00:00,2023-12-29 01:01:00+00:00,2023-12-29 01:02:00+00:00,2676.033030366221,2336.1819200310683,2024-01-03 00:00:00+00:00,0.03932218357844212,0.030725899535985236,target,minute interval; not exact exchange fill
516,2100965.0,2101467.0,-1.0,0.519,2298.43,2285.17,0.596442585,0.593001615,-0.3749464022452919,6.881939999999878,6.067442202245169,8821.384026859907,2.0,8815.316584657661,0.13531960634018741,1703924880.0,2023-12-30 00:05:00+00:00,2023-12-30 00:05:00+00:00,2023-12-30 08:27:00+00:00,2023-12-30 08:28:00+00:00,2634.5381973343597,2284.7096589324756,2024-01-04 00:00:00+00:00,0.04082120333969507,0.034782371195092913,target,minute interval; not exact exchange fill
517,2102405.0,2103772.0,-1.0,0.491,2295.63,2271.01,0.5635771650000001,0.557532955,-0.6709874959955999,12.088419999999946,11.638297375995547,8833.022324235904,2.0,8821.384026859907,0.12777522513110975,1704063180.0,2023-12-31 00:05:00+00:00,2023-12-31 00:05:00+00:00,2023-12-31 22:52:00+00:00,2023-12-31 22:53:00+00:00,2651.2864147091573,2270.5548470828244,2024-01-05 00:00:00+00:00,0.07050386800328422,0.0666464945697199,target,minute interval; not exact exchange fill
518,2103845.0,2107441.0,-1.0,0.41600000000000004,2289.46,2266.89,0.47620768,0.47151312,-2.8889962503743467,9.38912000000007,11.330395450374418,8844.352719686281,2.0,8833.022324235904,0.10782440313626042,1704283320.0,2024-01-01 00:05:00+00:00,2024-01-01 00:05:00+00:00,2024-01-03 12:01:00+00:00,2024-01-03 12:02:00+00:00,2710.3353413623317,2266.4326184560223,2024-01-06 00:00:00+00:00,0.05471306888505372,0.06471400162522367,target,minute interval; not exact exchange fill
519,2108165.0,2113888.0,-1.0,0.372,2208.28,2201.7200000000003,0.41074008000000006,0.4095199200000001,-0.9193178462760001,2.44031999999998,2.53937784627598,8846.892097532558,2.0,8844.352719686281,0.09288188588086284,1704670140.0,2024-01-04 00:05:00+00:00,2024-01-04 00:05:00+00:00,2024-01-07 23:28:00+00:00,2024-01-07 23:29:00+00:00,2680.1746261454905,2201.275970155154,2024-01-09 00:00:00+00:00,0.01484235983371159,0.014465696693259924,target,minute interval; not exact exchange fill
520,2113925.0,2113953.0,-1.0,0.467,2220.3,2203.54,0.51844005,0.5145265900000001,0.0,7.8269200000001025,6.793953360000103,8853.686050892558,2.0,8846.892097532558,0.11720275194598463,1704674040.0,2024-01-08 00:05:00+00:00,2024-01-08 00:05:00+00:00,2024-01-08 00:33:00+00:00,2024-01-08 00:34:00+00:00,2595.517475412394,2203.0916510302764,2024-01-13 00:00:00+00:00,0.04586233343958855,0.03877239455334728,target,minute interval; not exact exchange fill
521,2115365.0,2115385.0,-1.0,0.51,2331.78,2321.9,0.5946039000000001,0.5920845,0.0,5.038800000000056,3.852111600000056,8857.53816249256,2.0,8853.686050892558,0.1343178189472975,1704759960.0,2024-01-09 00:05:00+00:00,2024-01-09 00:05:00+00:00,2024-01-09 00:25:00+00:00,2024-01-09 00:26:00+00:00,2675.649442419396,2321.4276919571976,2024-01-14 00:00:00+00:00,0.030105344545784254,0.021965196869072178,target,minute interval; not exact exchange fill
522,2116805.0,2120576.0,-1.0,0.493,2348.7200000000003,2704.66,0.5789594800000001,0.6666986899999999,-0.878701282621106,-175.4784199999998,-175.8453768873787,8681.69278560518,1.0,8857.53816249256,0.13072695129931627,1705071420.0,2024-01-10 00:05:00+00:00,2024-01-10 00:05:00+00:00,2024-01-12 14:56:00+00:00,2024-01-12 14:57:00+00:00,2704.1124611705036,2329.956102529197,2024-01-15 00:00:00+00:00,0.05279768008866458,-1.0036350610319629,stop,minute interval; not exact exchange fill
523,2121125.0,2121191.0,-1.0,0.485,2529.92,2506.89,0.6135056,0.6079208249999999,0.0,11.169550000000097,9.948123575000096,8691.64090918018,2.0,8681.69278560518,0.14133317433605408,1705108320.0,2024-01-13 00:05:00+00:00,2024-01-13 00:05:00+00:00,2024-01-13 01:11:00+00:00,2024-01-13 01:12:00+00:00,2883.76090468873,2506.388720482137,2024-01-18 00:00:00+00:00,0.06650242865098688,0.05796841102371707,target,minute interval; not exact exchange fill
524,2122565.0,2122767.0,-1.0,0.375,2572.6,2554.35,0.48236249999999997,0.47894062499999995,0.0,6.84375,5.882446875,8697.523356055179,2.0,8691.64090918018,0.11099457629238338,1705202880.0,2024-01-14 00:05:00+00:00,2024-01-14 00:05:00+00:00,2024-01-14 03:27:00+00:00,2024-01-14 03:28:00+00:00,3031.730865120271,2553.8337386160842,2024-01-19 00:00:00+00:00,0.040873447658544504,0.03416569477613066,target,minute interval; not exact exchange fill
525,2124005.0,2129412.0,-1.0,0.371,2479.65,2457.59,0.459975075,0.45588294500000004,-1.035249847083683,8.18425999999998,8.303651827083664,8705.827007882262,2.0,8697.523356055179,0.1057715067082326,1705601580.0,2024-01-15 00:05:00+00:00,2024-01-15 00:05:00+00:00,2024-01-18 18:12:00+00:00,2024-01-18 18:13:00+00:00,2945.0266643761556,2457.0923330605674,2024-01-20 00:00:00+00:00,0.04847184800224478,0.04809396896743009,target,minute interval; not exact exchange fill
526,2129765.0,2129788.0,-1.0,0.615,2471.36,2463.4,0.7599432,0.7574955,0.0,4.895400000000023,3.377961300000022,8709.204969182261,2.0,8705.827007882262,0.17458265580327909,1705624140.0,2024-01-19 00:05:00+00:00,2024-01-19 00:05:00+00:00,2024-01-19 00:28:00+00:00,2024-01-19 00:29:00+00:00,2750.9441086509983,2462.898395556491,2024-01-24 00:00:00+00:00,0.03026496922281012,0.019645680244496356,target,minute interval; not exact exchange fill
527,2131205.0,2131239.0,-1.0,0.661,2489.12,2480.7000000000003,0.82265416,0.8198713500000001,0.0,5.565619999999748,3.9230944899997477,8713.12806367226,2.0,8709.204969182261,0.18891601768725902,1705711200.0,2024-01-20 00:05:00+00:00,2024-01-20 00:05:00+00:00,2024-01-20 00:39:00+00:00,2024-01-20 00:40:00+00:00,2748.8868263678064,2480.1983013137237,2024-01-25 00:00:00+00:00,0.03434502708072444,0.02284775959650854,target,minute interval; not exact exchange fill
528,2132645.0,2134031.0,-1.0,0.545,2470.41,2455.27,0.673186725,0.6690610750000001,-0.26944424693162006,8.251299999999931,7.178496446931551,8720.306560119192,2.0,8713.12806367226,0.15452239886309596,1705878720.0,2024-01-21 00:05:00+00:00,2024-01-21 00:05:00+00:00,2024-01-21 23:11:00+00:00,2024-01-21 23:12:00+00:00,2786.547817220405,2454.7701926987675,2024-01-26 00:00:00+00:00,0.04947148505908939,0.041663959185411,target,minute interval; not exact exchange fill
529,2134085.0,2134157.0,-1.0,0.532,2457.41,2445.29,0.65367106,0.65044714,0.0,6.4478399999999425,5.143721799999943,8725.450281919193,2.0,8720.306560119192,0.14991928448695854,1705886280.0,2024-01-22 00:05:00+00:00,2024-01-22 00:05:00+00:00,2024-01-22 01:17:00+00:00,2024-01-22 01:18:00+00:00,2781.428860211357,2444.7962618605534,2024-01-27 00:00:00+00:00,0.03892902447474366,0.02983977535657351,target,minute interval; not exact exchange fill
530,2135525.0,2136015.0,-1.0,0.775,2318.08,2308.86,0.8982559999999999,0.89468325,-0.1800701359375,7.145499999999845,5.532630885937345,8730.98291280513,2.0,8725.450281919193,0.20589332836182878,1705997760.0,2024-01-23 00:05:00+00:00,2024-01-23 00:05:00+00:00,2024-01-23 08:15:00+00:00,2024-01-23 08:16:00+00:00,2539.9865910573153,2308.391977130273,2024-01-28 00:00:00+00:00,0.04365811228754617,0.032170646795506526,target,minute interval; not exact exchange fill
531,2136965.0,2136972.0,-1.0,0.637,2243.54,2236.14,0.7145674900000001,0.7122105900000001,0.0,4.713800000000058,3.287021920000057,8734.26993472513,2.0,8730.98291280513,0.16368546293957195,1706055180.0,2024-01-24 00:05:00+00:00,2024-01-24 00:05:00+00:00,2024-01-24 00:12:00+00:00,2024-01-24 00:13:00+00:00,2514.4440849001116,2235.6833860716747,2024-01-29 00:00:00+00:00,0.02900145980162007,0.019047922447912716,target,minute interval; not exact exchange fill
532,2138405.0,2138452.0,-1.0,0.494,2232.18,2228.16,0.5513484599999999,0.55035552,0.0,1.985879999999991,0.8841760199999912,8735.15411074513,2.0,8734.26993472513,0.1262494665542647,1706143980.0,2024-01-25 00:05:00+00:00,2024-01-25 00:05:00+00:00,2024-01-25 00:52:00+00:00,2024-01-25 00:53:00+00:00,2582.0893549337443,2227.7063153763893,2024-01-30 00:00:00+00:00,0.012785267271455623,0.005115124745204047,target,minute interval; not exact exchange fill
533,2139845.0,2139857.0,-1.0,0.805,2215.86,2212.06,0.8918836500000001,0.8903541500000001,0.0,3.0590000000001467,1.2767622000001466,8736.430872945131,2.0,8735.15411074513,0.2042055901229933,1706228280.0,2024-01-26 00:05:00+00:00,2024-01-26 00:05:00+00:00,2024-01-26 00:17:00+00:00,2024-01-26 00:18:00+00:00,2429.721260676184,2211.613824714518,2024-01-31 00:00:00+00:00,0.019854812751297087,0.007416209906298409,target,minute interval; not exact exchange fill
534,2141285.0,2141720.0,-1.0,0.742,2265.04,2256.14,0.84032984,0.8370279399999999,0.0,6.603800000000067,4.926442220000068,8741.35731516513,2.0,8736.430872945131,0.19237371696085248,1706340060.0,2024-01-27 00:05:00+00:00,2024-01-27 00:05:00+00:00,2024-01-27 07:20:00+00:00,2024-01-27 07:21:00+00:00,2497.2848465176835,2255.6887491936664,2024-02-01 00:00:00+00:00,0.040264621353488635,0.028587975576433534,target,minute interval; not exact exchange fill
535,2142725.0,2143900.0,-1.0,0.643,2264.91,2252.54,0.7281685649999999,0.72419161,-0.2106208546928,7.95390999999993,6.71217067969273,8748.069485844822,2.0,8741.35731516513,0.16660308891314193,1706470860.0,2024-01-28 00:05:00+00:00,2024-01-28 00:05:00+00:00,2024-01-28 19:40:00+00:00,2024-01-28 19:41:00+00:00,2533.4751831369454,2252.0830158997214,2024-02-02 00:00:00+00:00,0.047761157833097624,0.038868905223194805,target,minute interval; not exact exchange fill
536,2144165.0,2144971.0,-1.0,0.592,2250.71,2245.62,0.66621016,0.6647035199999999,-0.133698464,3.013280000000086,1.8160647840000865,8749.885550628824,2.0,8748.069485844822,0.152310212230936,1706535120.0,2024-01-29 00:05:00+00:00,2024-01-29 00:05:00+00:00,2024-01-29 13:31:00+00:00,2024-01-29 13:32:00+00:00,2542.8519092817605,2245.166607011874,2024-02-03 00:00:00+00:00,0.01897500088828272,0.010500639937426713,target,minute interval; not exact exchange fill
537,2147045.0,2147058.0,-1.0,0.707,2344.88,2336.4,0.82891508,0.8259174,0.0,5.995360000000012,4.340527520000013,8754.226078148824,2.0,8749.885550628824,0.18946878223805538,1706660340.0,2024-01-31 00:05:00+00:00,2024-01-31 00:05:00+00:00,2024-01-31 00:18:00+00:00,2024-01-31 00:19:00+00:00,2589.0005096796126,2335.92624537447,2024-02-05 00:00:00+00:00,0.036677600899986465,0.025148890636257512,target,minute interval; not exact exchange fill
538,2148485.0,2148519.0,-1.0,0.542,2285.7000000000003,2275.81,0.6194247000000002,0.61674451,0.0,5.360380000000178,4.124210790000177,8758.350288938824,2.0,8754.226078148824,0.14151443987633094,1706748000.0,2024-02-01 00:05:00+00:00,2024-02-01 00:05:00+00:00,2024-02-01 00:39:00+00:00,2024-02-01 00:40:00+00:00,2605.441873426641,2275.3497523366955,2024-02-06 00:00:00+00:00,0.03237063557669898,0.02379808724598011,target,minute interval; not exact exchange fill
539,2149925.0,2150206.0,-1.0,0.774,2301.01,2297.12,0.8904908700000002,0.8889854399999999,0.0,3.0108600000002537,1.2313836900002535,8759.581672628823,2.0,8758.350288938824,0.20334671270790047,1706849220.0,2024-02-02 00:05:00+00:00,2024-02-02 00:05:00+00:00,2024-02-02 04:46:00+00:00,2024-02-02 04:47:00+00:00,2524.017183273223,2296.6530748851856,2024-02-07 00:00:00+00:00,0.01953715145344292,0.007134007867590318,target,minute interval; not exact exchange fill
540,2151365.0,2152262.0,-1.0,0.747,2306.23,2297.4700000000003,0.861376905,0.8581050450000002,-0.172813968,6.543719999999824,4.997052017999823,8764.578724646823,2.0,8759.581672628823,0.19667078570465424,1706972580.0,2024-02-03 00:05:00+00:00,2024-02-03 00:05:00+00:00,2024-02-03 15:02:00+00:00,2024-02-03 15:03:00+00:00,2537.3374179271414,2297.004516896731,2024-02-08 00:00:00+00:00,0.03991859363933361,0.028945388512404586,target,minute interval; not exact exchange fill
541,2152805.0,2153948.0,-1.0,0.648,2294.77,2280.9700000000003,0.74350548,0.73903428,-0.2840386702201298,8.942399999999823,7.743898910219953,8772.32262355704,2.0,8764.578724646823,0.1696614300261101,1707073740.0,2024-02-04 00:05:00+00:00,2024-02-04 00:05:00+00:00,2024-02-04 19:08:00+00:00,2024-02-04 19:09:00+00:00,2561.7442145907858,2280.5110466391725,2024-02-09 00:00:00+00:00,0.05340947770062142,0.04476260488122842,target,minute interval; not exact exchange fill
542,2154245.0,2154292.0,-1.0,0.612,2286.9,2278.48,0.6997914000000001,0.69721488,0.0,5.153040000000044,3.756033720000045,8776.07865727704,2.0,8772.32262355704,0.1595452949075978,1707094380.0,2024-02-05 00:05:00+00:00,2024-02-05 00:05:00+00:00,2024-02-05 00:52:00+00:00,2024-02-05 00:53:00+00:00,2569.9436005404727,2278.0156282705716,2024-02-10 00:00:00+00:00,0.03138870376317909,0.021683267130155424,target,minute interval; not exact exchange fill
543,2155685.0,2160728.0,-1.0,0.8140000000000001,2297.85,2510.73,0.93522495,1.02186711,-1.5984236162013468,-173.2843200000001,-173.6429884437987,8602.435668833237,1.0,8776.07865727704,0.21313048492894274,1707480540.0,2024-02-06 00:05:00+00:00,2024-02-06 00:05:00+00:00,2024-02-09 12:08:00+00:00,2024-02-09 12:09:00+00:00,2510.223981484642,2295.219887233378,2024-02-11 00:00:00+00:00,0.01238434552215711,-1.0044574346281567,stop,minute interval; not exact exchange fill
544,2161445.0,2162093.0,-1.0,0.6960000000000001,2489.53,2473.88,0.8663564400000001,0.8609102400000002,-0.16691183991992592,10.892400000000064,9.33204515991999,8611.767713993158,2.0,8602.435668833237,0.20142119589195498,1707562440.0,2024-02-10 00:05:00+00:00,2024-02-10 00:05:00+00:00,2024-02-10 10:53:00+00:00,2024-02-10 10:54:00+00:00,2732.9362290948256,2473.3773311957293,2024-02-15 00:00:00+00:00,0.06636095084476323,0.05508532346035613,target,minute interval; not exact exchange fill
545,2162885.0,2164726.0,-1.0,0.508,2496.39,2481.23,0.6340830599999999,0.63023242,-0.25403912495455094,7.701279999999926,6.691003644954477,8618.458717638112,2.0,8611.767713993158,0.1472596756110098,1707720420.0,2024-02-11 00:05:00+00:00,2024-02-11 00:05:00+00:00,2024-02-12 06:46:00+00:00,2024-02-12 06:47:00+00:00,2831.910110466775,2480.7269044756304,2024-02-16 00:00:00+00:00,0.0466830304227637,0.03925626693226545,target,minute interval; not exact exchange fill
546,2165765.0,2165950.0,-1.0,0.497,2665.25,2655.9,0.662314625,0.6599911500000001,0.0,4.646949999999955,3.324644224999955,8621.783361863112,2.0,8618.458717638112,0.15369676799508003,1707793860.0,2024-02-13 00:05:00+00:00,2024-02-13 00:05:00+00:00,2024-02-13 03:10:00+00:00,2024-02-13 03:11:00+00:00,3007.6276683867454,2655.3685750350633,2024-02-18 00:00:00+00:00,0.028861184234057025,0.019538146373622767,target,minute interval; not exact exchange fill
547,2167205.0,2167220.0,-1.0,0.483,2636.61,2632.96,0.636741315,0.63585984,0.0,1.762950000000044,0.49034884500004394,8622.273710708112,2.0,8621.783361863112,0.14770524571900268,1707870060.0,2024-02-14 00:05:00+00:00,2024-02-14 00:05:00+00:00,2024-02-14 00:20:00+00:00,2024-02-14 00:21:00+00:00,2989.640690378752,2632.4299803265376,2024-02-19 00:00:00+00:00,0.011840386083651738,0.0028757131537513335,target,minute interval; not exact exchange fill
548,2168645.0,2168995.0,-1.0,0.374,2775.13,2767.67,0.51894931,0.5175542900000001,0.0,2.7900400000000136,1.7535364000000135,8624.027247108112,2.0,8622.273710708112,0.12037412112202149,1707976560.0,2024-02-15 00:05:00+00:00,2024-02-15 00:05:00+00:00,2024-02-15 05:55:00+00:00,2024-02-15 05:56:00+00:00,3231.7025968504745,2767.1138959135255,2024-02-20 00:00:00+00:00,0.01755712923152024,0.01026912265944759,target,minute interval; not exact exchange fill
549,2170085.0,2170537.0,-1.0,0.406,2824.7200000000003,2820.34,0.5734181600000001,0.57252902,0.0,1.7782800000000445,0.6323328200000443,8624.659579928111,2.0,8624.027247108112,0.1329815279032853,1708069080.0,2024-02-16 00:05:00+00:00,2024-02-16 00:05:00+00:00,2024-02-16 07:37:00+00:00,2024-02-16 07:38:00+00:00,3244.565351925632,2819.768190537758,2024-02-21 00:00:00+00:00,0.011794365328877827,0.0037096278257142345,target,minute interval; not exact exchange fill
550,2171525.0,2171619.0,-1.0,0.41200000000000003,2800.08,2787.03,0.5768164800000001,0.5741281800000001,0.0,5.376599999999888,4.225655339999888,8628.885235268112,2.0,8624.659579928111,0.13375982545268367,1708134000.0,2024-02-17 00:05:00+00:00,2024-02-17 00:05:00+00:00,2024-02-17 01:39:00+00:00,2024-02-17 01:40:00+00:00,3214.0864744456353,2786.4676031691497,2024-02-22 00:00:00+00:00,0.032879671384553964,0.02477363431026859,target,minute interval; not exact exchange fill
551,2172965.0,2180160.0,-1.0,0.279,2786.15,2973.4,0.388667925,0.4147893,-1.597829723950801,-52.24275000000001,-51.44837750104921,8577.436857767063,4.0,8628.885235268112,0.0900853156353107,1708646400.0,2024-02-18 00:05:00+00:00,2024-02-18 00:05:00+00:00,2024-02-23 00:00:00+00:00,2024-02-23 00:00:00+00:00,3398.9544638320695,2763.225382890524,2024-02-23 00:00:00+00:00,0.03740935071869545,-0.3009161937055421,timeout,minute interval; not exact exchange fill
552,2181605.0,2187951.0,-1.0,0.387,2924.35,3363.5,0.565861725,0.65083725,-4.463368828623086,-169.95105000000004,-166.70438014637693,8410.732477620686,1.0,8577.436857767063,0.13194191560561577,1709113920.0,2024-02-24 00:05:00+00:00,2024-02-24 00:05:00+00:00,2024-02-28 09:51:00+00:00,2024-02-28 09:52:00+00:00,3362.821872059002,2904.9413310998384,2024-02-29 00:00:00+00:00,0.04426434199535109,-0.9824134674593124,stop,minute interval; not exact exchange fill
553,2188805.0,2189861.0,-1.0,0.255,3383.88,3375.01,0.4314447,0.430313775,-1.3196608062501842,2.2618499999999724,2.7197523312501564,8413.452229951936,2.0,8410.732477620686,0.10259384688503409,1709228520.0,2024-02-29 00:05:00+00:00,2024-02-29 00:05:00+00:00,2024-02-29 17:41:00+00:00,2024-02-29 17:42:00+00:00,4038.2736645988775,3374.3283573398867,2024-03-05 00:00:00+00:00,0.014596172268825806,0.016298592106946837,target,minute interval; not exact exchange fill
554,2190245.0,2197196.0,-1.0,0.271,3343.6,3337.2000000000003,0.45305780000000007,0.4521906000000001,-6.798594924614638,1.7343999999999016,7.6277465246145395,8421.07997647655,2.0,8413.452229951936,0.10769843046998277,1709668620.0,2024-03-01 00:05:00+00:00,2024-03-01 00:05:00+00:00,2024-03-05 19:56:00+00:00,2024-03-05 19:57:00+00:00,3957.9610353481635,3336.5265834346956,2024-03-06 00:00:00+00:00,0.011513452446240796,0.0458145366047476,target,minute interval; not exact exchange fill
555,2197445.0,2197529.0,-1.0,0.211,3553.76,3541.1,0.37492168000000003,0.37358605,0.0,2.671260000000065,1.922752270000065,8423.002728746551,2.0,8421.07997647655,0.08904360985700326,1709688600.0,2024-03-06 00:05:00+00:00,2024-03-06 00:05:00+00:00,2024-03-06 01:29:00+00:00,2024-03-06 01:30:00+00:00,4343.875250037628,3540.38621115917,2024-03-11 00:00:00+00:00,0.01692637731038998,0.011533216197974084,target,minute interval; not exact exchange fill
556,2198885.0,2198904.0,-1.0,0.181,3824.4,3805.4500000000003,0.34610820000000003,0.344393225,0.0,3.429949999999967,2.7394485749999666,8425.742177321552,2.0,8423.002728746551,0.08218166635961788,1709771100.0,2024-03-07 00:05:00+00:00,2024-03-07 00:05:00+00:00,2024-03-07 00:24:00+00:00,2024-03-07 00:25:00+00:00,4745.462188539043,3804.67946208894,2024-03-12 00:00:00+00:00,0.021410647572386095,0.016432196640279572,target,minute interval; not exact exchange fill
557,2200325.0,2201282.0,-1.0,0.187,3874.87,3863.6,0.362300345,0.36124660000000003,-0.7808277937691896,2.1074899999999968,2.1647708487691864,8427.906948170323,2.0,8425.742177321552,0.08599844081988542,1709913780.0,2024-03-08 00:05:00+00:00,2024-03-08 00:05:00+00:00,2024-03-08 16:02:00+00:00,2024-03-08 16:03:00+00:00,4767.39781764077,3862.8182606727137,2024-03-13 00:00:00+00:00,0.013502928524001333,0.012970256467636245,target,minute interval; not exact exchange fill
558,2201765.0,2204533.0,-1.0,0.17300000000000001,3883.2200000000003,3857.57,0.3358985300000001,0.33367980500000005,-1.2612897227523898,4.437450000000016,5.029161387752406,8432.936109558075,2.0,8427.906948170323,0.07971102008261322,1710108840.0,2024-03-09 00:05:00+00:00,2024-03-09 00:05:00+00:00,2024-03-10 22:13:00+00:00,2024-03-10 22:14:00+00:00,4846.651613959846,3856.795188161654,2024-03-14 00:00:00+00:00,0.02742780230112679,0.030173700569724966,target,minute interval; not exact exchange fill
559,2204645.0,2204683.0,-1.0,0.134,3879.55,3849.23,0.2599298500000001,0.25789841,0.0,4.062880000000022,3.5450517400000217,8436.481161298074,2.0,8432.936109558075,0.06164634633135423,1710117840.0,2024-03-11 00:05:00+00:00,2024-03-11 00:05:00+00:00,2024-03-11 00:43:00+00:00,2024-03-11 00:44:00+00:00,5132.7239695896515,3848.4520207162923,2024-03-16 00:00:00+00:00,0.024815372835976523,0.021110883757554415,target,minute interval; not exact exchange fill
560,2206085.0,2206141.0,-1.0,0.184,4077.89,4057.98,0.37516587999999995,0.37333416,0.0,3.6634399999999734,2.9149399599999732,8439.396101258075,2.0,8436.481161298074,0.08893894808206394,1710205320.0,2024-03-12 00:05:00+00:00,2024-03-12 00:05:00+00:00,2024-03-12 01:01:00+00:00,2024-03-12 01:02:00+00:00,4987.573657609061,4057.165972647034,2024-03-17 00:00:00+00:00,0.022781575968326567,0.017414916567411853,target,minute interval; not exact exchange fill
561,2207525.0,2208346.0,-1.0,0.154,3978.8,3965.98,0.30636759999999996,0.30538045999999996,-0.3743508632073722,1.9742800000000251,1.7368828032073973,8441.132984061282,2.0,8439.396101258075,0.07260415231709037,1710337620.0,2024-03-13 00:05:00+00:00,2024-03-13 00:05:00+00:00,2024-03-13 13:46:00+00:00,2024-03-13 13:47:00+00:00,5066.0866695533905,3965.1834270159575,2024-03-18 00:00:00+00:00,0.012523443324873831,0.010373032316969077,target,minute interval; not exact exchange fill
562,2208965.0,2208998.0,-1.0,0.178,4002.21,3991.62,0.35619669,0.35525418,0.0,1.885020000000026,1.173569130000026,8442.306553191282,2.0,8441.132984061282,0.08439546934578043,1710376740.0,2024-03-14 00:05:00+00:00,2024-03-14 00:05:00+00:00,2024-03-14 00:38:00+00:00,2024-03-14 00:39:00+00:00,4942.148629927816,3990.8161656596135,2024-03-19 00:00:00+00:00,0.012121891767829095,0.007014378162653527,target,minute interval; not exact exchange fill
563,2210405.0,2210416.0,-1.0,0.202,3887.76,3877.4900000000002,0.39266376000000003,0.39162649000000005,0.0,2.0745399999999963,1.290249749999996,8443.596802941282,2.0,8442.306553191282,0.09302286230095944,1710461820.0,2024-03-15 00:05:00+00:00,2024-03-15 00:05:00+00:00,2024-03-15 00:16:00+00:00,2024-03-15 00:17:00+00:00,4714.175151439567,3876.7140487541424,2024-03-20 00:00:00+00:00,0.01336610446531195,0.007729014876933881,target,minute interval; not exact exchange fill
564,2211845.0,2212119.0,-1.0,0.188,3746.25,3718.4500000000003,0.3521475,0.3495343,0.0,5.226399999999948,4.524718199999948,8448.121521141282,2.0,8443.596802941282,0.08341172801556117,1710564000.0,2024-03-16 00:05:00+00:00,2024-03-16 00:05:00+00:00,2024-03-16 04:39:00+00:00,2024-03-16 04:40:00+00:00,4638.392857711952,3717.700223190536,2024-03-21 00:00:00+00:00,0.032001351087072354,0.026977349862694844,target,minute interval; not exact exchange fill
565,2213285.0,2213679.0,-1.0,0.152,3557.61,3492.2400000000002,0.27037836,0.26541024,0.0,9.936239999999984,9.400451399999984,8457.52197254128,2.0,8448.121521141282,0.06400910766337409,1710657600.0,2024-03-17 00:05:00+00:00,2024-03-17 00:05:00+00:00,2024-03-17 06:39:00+00:00,2024-03-17 06:40:00+00:00,4661.316235171319,3491.532205178523,2024-03-22 00:00:00+00:00,0.05986900564281089,0.05603399983547272,target,minute interval; not exact exchange fill
566,2214725.0,2214728.0,-1.0,0.138,3635.7400000000002,3616.2400000000002,0.25086606000000006,0.24952056000000006,0.0,2.6910000000000003,2.1906133800000003,8459.712585921281,2.0,8457.52197254128,0.059323773751809916,1710720540.0,2024-03-18 00:05:00+00:00,2024-03-18 00:05:00+00:00,2024-03-18 00:08:00+00:00,2024-03-18 00:09:00+00:00,4853.323036341763,3615.5112995761315,2024-03-23 00:00:00+00:00,0.01661381591242108,0.013037312056920223,target,minute interval; not exact exchange fill
567,2216165.0,2216197.0,-1.0,0.23,3531.16,3513.35,0.4060834,0.40403525,0.0,4.096299999999988,3.2861813499999877,8462.998767271281,2.0,8459.712585921281,0.09600406535697374,1710808680.0,2024-03-19 00:05:00+00:00,2024-03-19 00:05:00+00:00,2024-03-19 00:37:00+00:00,2024-03-19 00:38:00+00:00,4259.245697519742,3512.6388861218775,2024-03-24 00:00:00+00:00,0.02543809601152092,0.0196237133192862,target,minute interval; not exact exchange fill
568,2217605.0,2217870.0,-1.0,0.225,3160.23,3148.34,0.355525875,0.35418825000000004,0.0,2.6752499999999713,1.9655358749999712,8464.964303146282,2.0,8462.998767271281,0.08401888852327742,1710909060.0,2024-03-20 00:05:00+00:00,2024-03-20 00:05:00+00:00,2024-03-20 04:30:00+00:00,2024-03-20 04:31:00+00:00,3907.0440397652455,3147.7028393426185,2024-03-25 00:00:00+00:00,0.016774136519071475,0.011697309550776344,target,minute interval; not exact exchange fill
569,2219045.0,2219047.0,-1.0,0.181,3506.89,3501.07,0.317373545,0.316846835,0.0,1.0534199999999474,0.4191996199999475,8465.383502766283,2.0,8464.964303146282,0.07498520575734446,1710979680.0,2024-03-21 00:05:00+00:00,2024-03-21 00:05:00+00:00,2024-03-21 00:07:00+00:00,2024-03-21 00:08:00+00:00,4435.802375712598,3500.361300485036,2024-03-26 00:00:00+00:00,0.007028326552281824,0.0024932599247835586,target,minute interval; not exact exchange fill
570,2220485.0,2220514.0,-1.0,0.211,3497.44,3487.9300000000003,0.36897992,0.36797661500000006,0.0,2.00660999999995,1.2696534649999498,8466.653156231283,2.0,8465.383502766283,0.0871738226341255,1711067700.0,2024-03-22 00:05:00+00:00,2024-03-22 00:05:00+00:00,2024-03-22 00:34:00+00:00,2024-03-22 00:35:00+00:00,4294.918680445966,3487.2300918915275,2024-03-27 00:00:00+00:00,0.012802734867799771,0.007545424282232548,target,minute interval; not exact exchange fill
571,2221925.0,2222120.0,-1.0,0.192,3328.6800000000003,3313.4300000000003,0.31955328000000005,0.31808928000000003,0.0,2.928,2.2903574399999997,8468.943513671284,2.0,8466.653156231283,0.07548514722486663,1711164060.0,2024-03-23 00:05:00+00:00,2024-03-23 00:05:00+00:00,2024-03-23 03:20:00+00:00,2024-03-23 03:21:00+00:00,4205.4827360074805,3312.7592981097114,2024-03-28 00:00:00+00:00,0.01815767816006574,0.013605049927556602,target,minute interval; not exact exchange fill
572,2223365.0,2230560.0,-1.0,0.156,3340.53,3564.7200000000003,0.26056134000000003,0.27804816,-2.2093237312074896,-34.97364000000001,-33.30292576879252,8435.64058790249,4.0,8468.943513671284,0.06153337534472391,1711670400.0,2024-03-24 00:05:00+00:00,2024-03-24 00:05:00+00:00,2024-03-29 00:00:00+00:00,2024-03-29 00:00:00+00:00,4420.638495383425,3298.3594918521535,2024-03-29 00:00:00+00:00,0.039042844610602485,-0.19764708295708094,timeout,minute interval; not exact exchange fill
573,2232005.0,2235786.0,-1.0,0.177,3509.64,3484.71,0.31060314,0.30839683500000004,-2.012995819533847,4.412609999999971,5.806605844533818,8441.447193747023,2.0,8435.64058790249,0.07364067654694403,1711984020.0,2024-03-30 00:05:00+00:00,2024-03-30 00:05:00+00:00,2024-04-01 15:06:00+00:00,2024-04-01 15:07:00+00:00,4455.605467995204,3484.0066759460383,2024-04-04 00:00:00+00:00,0.027097526200704342,0.03467957747654857,target,minute interval; not exact exchange fill
574,2236325.0,2236466.0,-1.0,0.21,3506.66,3464.67,0.3681993,0.36379035,0.0,8.817899999999954,8.085910349999953,8449.533104097023,2.0,8441.447193747023,0.08723606072492938,1712024820.0,2024-04-02 00:05:00+00:00,2024-04-02 00:05:00+00:00,2024-04-02 02:26:00+00:00,2024-04-02 02:27:00+00:00,4303.355892765401,3463.968742311086,2024-04-07 00:00:00+00:00,0.053585386941972166,0.0483300282449654,target,minute interval; not exact exchange fill
575,2237765.0,2237783.0,-1.0,0.20500000000000002,3279.9700000000003,3266.9700000000003,0.3361969250000001,0.334864425,0.0,2.665,1.9939386499999996,8451.527042747024,2.0,8449.533104097023,0.07957763366522214,1712103840.0,2024-04-03 00:05:00+00:00,2024-04-03 00:05:00+00:00,2024-04-03 00:23:00+00:00,2024-04-03 00:24:00+00:00,4095.8734398712863,3266.3083770642797,2024-04-08 00:00:00+00:00,0.016744166365906882,0.011921177831453215,target,minute interval; not exact exchange fill
576,2239205.0,2239346.0,-1.0,0.20700000000000002,3311.57,3298.4700000000003,0.34274749500000007,0.341391645,0.0,2.7116999999999813,2.0275608599999813,8453.554603607025,2.0,8451.527042747024,0.0811090098313395,1712197620.0,2024-04-04 00:05:00+00:00,2024-04-04 00:05:00+00:00,2024-04-04 02:26:00+00:00,2024-04-04 02:27:00+00:00,4122.484575452124,3297.8091473078566,2024-04-09 00:00:00+00:00,0.01696954661897797,0.012078929515527253,target,minute interval; not exact exchange fill
577,2242085.0,2249280.0,-1.0,0.20400000000000001,3313.4500000000003,3548.35,0.33797190000000005,0.3619317,-1.5044506800400446,-47.91959999999993,-47.115052919959886,8406.439550687062,4.0,8453.554603607025,0.07995971300777822,1712793600.0,2024-04-06 00:05:00+00:00,2024-04-06 00:05:00+00:00,2024-04-11 00:00:00+00:00,2024-04-11 00:00:00+00:00,4135.613942219093,3294.8041848166786,2024-04-11 00:00:00+00:00,0.02267895029912771,-0.2809125162326365,timeout,minute interval; not exact exchange fill
578,2250725.0,2251478.0,-1.0,0.222,3509.7400000000002,3497.6,0.38958114,0.38823359999999996,-0.07811503656820201,2.6950800000000728,1.995380296568275,8408.43493098363,2.0,8406.439550687062,0.09268635970103642,1712925540.0,2024-04-12 00:05:00+00:00,2024-04-12 00:05:00+00:00,2024-04-12 12:38:00+00:00,2024-04-12 12:39:00+00:00,4259.795564778735,3496.8976685894813,2024-04-17 00:00:00+00:00,0.017121840052353163,0.011983378240441208,target,minute interval; not exact exchange fill
579,2253605.0,2253617.0,-1.0,0.191,3011.33,2993.15,0.287582015,0.285845825,0.0,3.4723799999999687,2.898952159999969,8411.33388314363,2.0,8408.43493098363,0.06840322066126954,1713053880.0,2024-04-14 00:05:00+00:00,2024-04-14 00:05:00+00:00,2024-04-14 00:17:00+00:00,2024-04-14 00:18:00+00:00,3887.4824987544403,2992.5450672915485,2024-04-19 00:00:00+00:00,0.021440254676162535,0.017323194331554048,target,minute interval; not exact exchange fill
580,2255045.0,2255060.0,-1.0,0.155,3140.25,3129.35,0.243369375,0.242524625,0.0,1.689500000000014,1.2036060000000142,8412.53748914363,2.0,8411.33388314363,0.057867010959513535,1713140460.0,2024-04-15 00:05:00+00:00,2024-04-15 00:05:00+00:00,2024-04-15 00:20:00+00:00,2024-04-15 00:21:00+00:00,4217.96598650106,3128.714398114357,2024-04-20 00:00:00+00:00,0.010703749438750156,0.007205237833773615,target,minute interval; not exact exchange fill
581,2256485.0,2256525.0,-1.0,0.254,3100.81,3066.06,0.39380286999999997,0.38938962,0.0,8.8265,8.04330751,8420.58079665363,2.0,8412.53748914363,0.0936228505390204,1713228360.0,2024-04-16 00:05:00+00:00,2024-04-16 00:05:00+00:00,2024-04-16 00:45:00+00:00,2024-04-16 00:46:00+00:00,3757.3059282240315,3065.4453989283174,2024-04-21 00:00:00+00:00,0.05386872873279148,0.048235737098423666,target,minute interval; not exact exchange fill
582,2257925.0,2257990.0,-1.0,0.249,3081.85,3070.69,0.383690325,0.382300905,0.0,2.778839999999964,2.0128487699999638,8422.59364542363,2.0,8420.58079665363,0.09113155832492692,1713316260.0,2024-04-17 00:05:00+00:00,2024-04-17 00:05:00+00:00,2024-04-17 01:10:00+00:00,2024-04-17 01:11:00+00:00,3751.254177554943,3070.0693451448456,2024-04-22 00:00:00+00:00,0.017598717262542665,0.012076007696167032,target,minute interval; not exact exchange fill
583,2259365.0,2259385.0,-1.0,0.28600000000000003,2990.42,2960.94,0.4276300600000001,0.42341442000000007,0.0,8.431280000000006,7.580235520000006,8430.173880943632,2.0,8422.59364542363,0.10154355724672778,1713399960.0,2024-04-18 00:05:00+00:00,2024-04-18 00:05:00+00:00,2024-04-18 00:25:00+00:00,2024-04-18 00:26:00+00:00,3573.692334533706,2960.344136497194,2024-04-23 00:00:00+00:00,0.051564015164288546,0.04544072885128139,target,minute interval; not exact exchange fill
584,2260805.0,2260805.0,-1.0,0.24,3058.36,3056.59,0.3670032,0.3667908,0.0,0.4247999999999956,-0.3089940000000043,8429.864886943631,2.0,8430.173880943632,0.08706895140789657,1713485160.0,2024-04-19 00:05:00+00:00,2024-04-19 00:05:00+00:00,2024-04-19 00:05:00+00:00,2024-04-19 00:06:00+00:00,3755.9575858770277,3055.970189502653,2024-04-24 00:00:00+00:00,0.003425772315915918,-0.001845584081804684,target,minute interval; not exact exchange fill
585,2262245.0,2262252.0,-1.0,0.222,3054.83,3048.13,0.33908613,0.33834243,0.0,1.4873999999999596,0.8099714399999596,8430.67485838363,2.0,8429.864886943631,0.08044876983145587,1713571980.0,2024-04-20 00:05:00+00:00,2024-04-20 00:05:00+00:00,2024-04-20 00:12:00+00:00,2024-04-20 00:13:00+00:00,3807.3662037095414,3047.5111159306102,2024-04-25 00:00:00+00:00,0.009725623874721364,0.004848298303808978,target,minute interval; not exact exchange fill
586,2263685.0,2263712.0,-1.0,0.162,3145.76,3140.14,0.25480656,0.25435134,0.0,0.910440000000056,0.401282100000056,8431.07614048363,2.0,8430.67485838363,0.06044748831622069,1713659580.0,2024-04-21 00:05:00+00:00,2024-04-21 00:05:00+00:00,2024-04-21 00:32:00+00:00,2024-04-21 00:33:00+00:00,4178.469306309509,3139.5024341511685,2024-04-26 00:00:00+00:00,0.00605936812092242,0.0023985936650966514,target,minute interval; not exact exchange fill
587,2265125.0,2269126.0,-1.0,0.17,3148.37,3123.4300000000003,0.26761145,0.26549155,-0.12652577539930154,4.239799999999932,3.833222775399234,8434.909363259034,2.0,8431.07614048363,0.06348215709143128,1713984420.0,2024-04-22 00:05:00+00:00,2024-04-22 00:05:00+00:00,2024-04-24 18:46:00+00:00,2024-04-24 18:47:00+00:00,4134.953430386388,3122.8050242781446,2024-04-27 00:00:00+00:00,0.02591263438495305,0.02285500503310035,target,minute interval; not exact exchange fill
588,2269445.0,2270048.0,-1.0,0.304,3141.7200000000003,3117.81,0.47754144000000004,0.47390711999999996,-0.0162581881888,7.268640000000094,6.333449628188894,8441.242812887223,2.0,8434.909363259034,0.11322977389184184,1714039740.0,2024-04-25 00:05:00+00:00,2024-04-25 00:05:00+00:00,2024-04-25 10:08:00+00:00,2024-04-25 10:09:00+00:00,3691.6570692223395,3117.1818105188636,2024-04-30 00:00:00+00:00,0.04461999536753521,0.03788381807333168,target,minute interval; not exact exchange fill
589,2270885.0,2270895.0,-1.0,0.263,3155.16,3148.6800000000003,0.41490354,0.41405142000000006,0.0,1.7042399999998852,0.875285039999885,8442.118097927223,2.0,8441.242812887223,0.09830389889189489,1714090560.0,2024-04-26 00:05:00+00:00,2024-04-26 00:05:00+00:00,2024-04-26 00:15:00+00:00,2024-04-26 00:16:00+00:00,3792.5501384182826,3148.0404340570144,2024-05-01 00:00:00+00:00,0.011169871502331405,0.005221417463813245,target,minute interval; not exact exchange fill
590,2272325.0,2272340.0,-1.0,0.245,3132.9700000000003,3123.77,0.38378882500000006,0.38266182499999996,0.0,2.2540000000000666,1.4875493500000665,8443.605647277223,2.0,8442.118097927223,0.09092240135665265,1714177260.0,2024-04-27 00:05:00+00:00,2024-04-27 00:05:00+00:00,2024-04-27 00:20:00+00:00,2024-04-27 00:21:00+00:00,3817.3718032106303,3123.14392675433,2024-05-02 00:00:00+00:00,0.014357170304891946,0.008871440682238645,target,minute interval; not exact exchange fill
591,2273765.0,2275356.0,-1.0,0.187,3253.9700000000003,3241.38,0.304246195,0.30306903,-0.15660067236344408,2.354330000000027,1.903615447363471,8445.509262724587,2.0,8443.605647277223,0.07206546769462382,1714358220.0,2024-04-28 00:05:00+00:00,2024-04-28 00:05:00+00:00,2024-04-29 02:36:00+00:00,2024-04-29 02:37:00+00:00,4151.592385573971,3240.730904180397,2024-05-03 00:00:00+00:00,0.01474907046924615,0.011340806461836961,target,minute interval; not exact exchange fill
592,2276645.0,2276758.0,-1.0,0.28500000000000003,3206.78,3184.36,0.45696615000000007,0.45377130000000004,0.0,6.389700000000022,5.478962550000022,8450.988225274587,2.0,8445.509262724587,0.1082151794011719,1714442340.0,2024-04-30 00:05:00+00:00,2024-04-30 00:05:00+00:00,2024-04-30 01:58:00+00:00,2024-04-30 01:59:00+00:00,3793.6574058557558,3183.7141782961016,2024-05-05 00:00:00+00:00,0.03930262346744313,0.032757147929332806,target,minute interval; not exact exchange fill
593,2278085.0,2278109.0,-1.0,0.307,3011.09,3002.63,0.46220231500000003,0.460903705,0.0,2.597220000000011,1.6741139800000113,8452.662339254586,2.0,8450.988225274587,0.1093842051791481,1714523400.0,2024-05-01 00:05:00+00:00,2024-05-01 00:05:00+00:00,2024-05-01 00:29:00+00:00,2024-05-01 00:30:00+00:00,3555.8921253187586,3002.023756138655,2024-05-06 00:00:00+00:00,0.016641351859706464,0.010009395607275682,target,minute interval; not exact exchange fill
594,2279525.0,2279561.0,-1.0,0.318,2979.79,2950.25,0.47378661,0.46908974999999997,0.0,9.39371999999999,8.45084363999999,8461.113182894585,2.0,8452.662339254586,0.11210352217660732,1714610520.0,2024-05-02 00:05:00+00:00,2024-05-02 00:05:00+00:00,2024-05-02 00:41:00+00:00,2024-05-02 00:42:00+00:00,3506.58881734259,2949.652508479058,2024-05-07 00:00:00+00:00,0.057208730408639094,0.05044616488331561,target,minute interval; not exact exchange fill
595,2280965.0,2281419.0,-1.0,0.265,2985.73,2973.94,0.39560922500000006,0.39404705,0.0,3.1243499999999904,2.3346937249999904,8463.447876619586,2.0,8461.113182894585,0.09351233494897189,1714722000.0,2024-05-03 00:05:00+00:00,2024-05-03 00:05:00+00:00,2024-05-03 07:39:00+00:00,2024-05-03 07:40:00+00:00,3618.6103251721233,2973.3419019695293,2024-05-08 00:00:00+00:00,0.01957415570961466,0.01392074401681531,target,minute interval; not exact exchange fill
596,2282405.0,2282525.0,-1.0,0.259,3098.23,3094.9900000000002,0.401220785,0.40080120500000005,0.0,0.8391599999999435,0.03713800999994343,8463.485014629587,2.0,8463.447876619586,0.09481260848982813,1714788360.0,2024-05-04 00:05:00+00:00,2024-05-04 00:05:00+00:00,2024-05-04 02:05:00+00:00,2024-05-04 02:06:00+00:00,3747.190087753647,3094.3710641299895,2024-05-09 00:00:00+00:00,0.005946337753016722,0.00022095349576292306,target,minute interval; not exact exchange fill
597,2283845.0,2283876.0,-1.0,0.194,3113.73,3103.36,0.30203181,0.30102592000000006,0.0,2.011779999999979,1.408722269999979,8464.893736899587,2.0,8463.485014629587,0.0713729177703799,1714869420.0,2024-05-05 00:05:00+00:00,2024-05-05 00:05:00+00:00,2024-05-05 00:36:00+00:00,2024-05-05 00:37:00+00:00,3978.9902619183335,3102.730699183819,2024-05-10 00:00:00+00:00,0.01271212986459686,0.008392220606434431,target,minute interval; not exact exchange fill
598,2285285.0,2286030.0,-1.0,0.191,3138.55,3115.12,0.29973152500000005,0.29749396,-0.060731488202238,4.475130000000056,3.9386360032022933,8468.832372902789,2.0,8464.893736899587,0.0708175517179692,1714998660.0,2024-05-06 00:05:00+00:00,2024-05-06 00:05:00+00:00,2024-05-06 12:30:00+00:00,2024-05-06 12:31:00+00:00,4018.727473931217,3114.487807851485,2024-05-11 00:00:00+00:00,0.027337886802583335,0.023428378386822664,target,minute interval; not exact exchange fill
599,2286725.0,2286930.0,-1.0,0.289,3066.64,3030.27,0.44312947999999996,0.437874015,0.0,10.510929999999968,9.629926504999968,8478.462299407789,2.0,8468.832372902789,0.10464948660876901,1715052660.0,2024-05-07 00:05:00+00:00,2024-05-07 00:05:00+00:00,2024-05-07 03:30:00+00:00,2024-05-07 03:31:00+00:00,3648.2841499526,3029.6585694015785,2024-05-12 00:00:00+00:00,0.06358085197183733,0.05728854146081478,target,minute interval; not exact exchange fill
600,2288165.0,2288192.0,-1.0,0.293,3011.06,2993.94,0.44112028999999997,0.43861221,0.0,5.016159999999967,4.136427499999968,8482.59872690779,2.0,8478.462299407789,0.10405667311413573,1715128380.0,2024-05-08 00:05:00+00:00,2024-05-08 00:05:00+00:00,2024-05-08 00:32:00+00:00,2024-05-08 00:33:00+00:00,3584.9716705655546,2993.3365608911804,2024-05-13 00:00:00+00:00,0.030881823837724344,0.024598733087424343,target,minute interval; not exact exchange fill
601,2289605.0,2290259.0,-1.0,0.41000000000000003,2977.2000000000003,2954.67,0.6103260000000001,0.60570735,-0.12228026021961001,9.237300000000083,8.143546910219692,8490.742273818008,2.0,8482.59872690779,0.14390071242294536,1715252400.0,2024-05-09 00:05:00+00:00,2024-05-09 00:05:00+00:00,2024-05-09 10:59:00+00:00,2024-05-09 11:00:00+00:00,3386.130113928171,2954.075429228001,2024-05-14 00:00:00+00:00,0.05654895539451745,0.04857140342716373,target,minute interval; not exact exchange fill
602,2291045.0,2291056.0,-1.0,0.328,3028.43,3025.3,0.49666252,0.49614920000000007,0.0,1.0266399999998868,0.03382827999988669,8490.776102098009,2.0,8490.742273818008,0.11698918751344153,1715300220.0,2024-05-10 00:05:00+00:00,2024-05-10 00:05:00+00:00,2024-05-10 00:16:00+00:00,2024-05-10 00:17:00+00:00,3541.4576063208197,3024.6906918361565,2024-05-15 00:00:00+00:00,0.00728870750379269,0.00020103206675228986,target,minute interval; not exact exchange fill
603,2292485.0,2292698.0,-1.0,0.308,2913.34,2903.62,0.44865436000000003,0.44715748,0.0,2.9937600000000786,2.0979481600000787,8492.87405025801,2.0,8490.776102098009,0.10568041239225252,1715398740.0,2024-05-11 00:05:00+00:00,2024-05-11 00:05:00+00:00,2024-05-11 03:38:00+00:00,2024-05-11 03:39:00+00:00,3460.1565458847267,2903.033034280847,2024-05-16 00:00:00+00:00,0.018849037756304348,0.012456682321087228,target,minute interval; not exact exchange fill
604,2293925.0,2294372.0,-1.0,0.23900000000000002,2911.9700000000003,2900.42,0.34798041500000004,0.3466001900000001,0.0,2.7604500000000436,2.0658693950000435,8494.93991965301,2.0,8492.87405025801,0.08194644426392467,1715499180.0,2024-05-12 00:05:00+00:00,2024-05-12 00:05:00+00:00,2024-05-12 07:32:00+00:00,2024-05-12 07:33:00+00:00,3617.913522633518,2899.8360052169896,2024-05-17 00:00:00+00:00,0.01718833645182384,0.012244329359032184,target,minute interval; not exact exchange fill
605,2295365.0,2295464.0,-1.0,0.241,2929.42,2910.87,0.35299511,0.35075983499999996,0.0,4.470550000000044,3.7667950550000437,8498.706714708009,2.0,8494.93991965301,0.08310714692245137,1715564700.0,2024-05-13 00:05:00+00:00,2024-05-13 00:05:00+00:00,2024-05-13 01:44:00+00:00,2024-05-13 01:45:00+00:00,3628.8374784152875,2910.2819893034475,2024-05-18 00:00:00+00:00,0.027362785871343547,0.022346960838630588,target,minute interval; not exact exchange fill
606,2296805.0,2297169.0,-1.0,0.333,2946.16,2922.79,0.49053564,0.48664453500000004,0.0,7.782209999999964,6.805029824999964,8505.511744533009,2.0,8498.706714708009,0.11543771457628266,1715667000.0,2024-05-14 00:05:00+00:00,2024-05-14 00:05:00+00:00,2024-05-14 06:09:00+00:00,2024-05-14 06:10:00+00:00,3451.681316065981,2922.2000840407627,2024-05-19 00:00:00+00:00,0.0473964503528668,0.04042465540134144,target,minute interval; not exact exchange fill
607,2298245.0,2298287.0,-1.0,0.32,2884.56,2871.15,0.46152960000000004,0.459384,0.0,4.291199999999954,3.3702863999999537,8508.88203093301,2.0,8505.511744533009,0.1085248281025894,1715734080.0,2024-05-15 00:05:00+00:00,2024-05-15 00:05:00+00:00,2024-05-15 00:47:00+00:00,2024-05-15 00:48:00+00:00,3411.803252869644,2870.5723244606147,2024-05-20 00:00:00+00:00,0.026529833171413875,0.019975874404605853,target,minute interval; not exact exchange fill
608,2299685.0,2299789.0,-1.0,0.40900000000000003,3032.3,3012.42,0.6201053500000001,0.61603989,0.0,8.130920000000046,6.894774760000046,8515.776805693009,2.0,8508.88203093301,0.1457548354168461,1715824200.0,2024-05-16 00:05:00+00:00,2024-05-16 00:05:00+00:00,2024-05-16 01:49:00+00:00,2024-05-16 01:50:00+00:00,3443.2516684995926,3011.80794904548,2024-05-21 00:00:00+00:00,0.049864868609336976,0.041020979575404334,target,minute interval; not exact exchange fill
609,2301125.0,2301204.0,-1.0,0.34500000000000003,2939.38,2934.17,0.50704305,0.5061443250000001,0.0,1.7974500000000126,0.7842626250000125,8516.56106831801,2.0,8515.776805693009,0.11908321731988775,1715909100.0,2024-05-17 00:05:00+00:00,2024-05-17 00:05:00+00:00,2024-05-17 01:24:00+00:00,2024-05-17 01:25:00+00:00,3428.3431897089854,2933.579928085748,2024-05-22 00:00:00+00:00,0.011861980689597392,0.0046490718480321274,target,minute interval; not exact exchange fill
610,2302565.0,2302592.0,-1.0,0.29,3087.64,3084.9900000000002,0.4477078,0.44732355,0.0,0.7684999999998945,-0.1265313500001055,8516.434536968009,2.0,8516.56106831801,0.10513816466730759,1715992380.0,2024-05-18 00:05:00+00:00,2024-05-18 00:05:00+00:00,2024-05-18 00:32:00+00:00,2024-05-18 00:33:00+00:00,3668.74230991649,3084.372160723687,2024-05-23 00:00:00+00:00,0.0056235179598277465,-0.0007508402437138247,target,minute interval; not exact exchange fill
611,2304005.0,2304392.0,-1.0,0.233,3119.21,3110.4900000000002,0.36338796500000003,0.362372085,0.0,2.0317599999999536,1.3059999499999535,8517.740536918009,2.0,8516.434536968009,0.08533805160425084,1716100380.0,2024-05-19 00:05:00+00:00,2024-05-19 00:05:00+00:00,2024-05-19 06:32:00+00:00,2024-05-19 06:33:00+00:00,3842.7472083463836,3109.862853165128,2024-05-24 00:00:00+00:00,0.012918681620029793,0.007746871806095715,target,minute interval; not exact exchange fill
612,2305445.0,2305533.0,-1.0,0.231,3068.79,3052.39,0.354445245,0.352551045,0.0,3.788400000000021,3.0814037100000213,8520.821940628008,2.0,8517.740536918009,0.08322518007298908,1716168840.0,2024-05-20 00:05:00+00:00,2024-05-20 00:05:00+00:00,2024-05-20 01:33:00+00:00,2024-05-20 01:34:00+00:00,3801.1765504042164,3051.7730640904438,2024-05-25 00:00:00+00:00,0.023234910444715654,0.01821361956010504,target,minute interval; not exact exchange fill
613,2306885.0,2307213.0,-1.0,0.266,3670.02,3630.12,0.48811266000000003,0.48280596000000003,0.0,10.613400000000025,9.642481380000024,8530.464422008008,2.0,8520.821940628008,0.11456938389303434,1716269640.0,2024-05-21 00:05:00+00:00,2024-05-21 00:05:00+00:00,2024-05-21 05:33:00+00:00,2024-05-21 05:34:00+00:00,4304.378958305001,3629.3888083397474,2024-05-26 00:00:00+00:00,0.06405078879758969,0.05714419182612228,target,minute interval; not exact exchange fill
614,2308325.0,2308587.0,-1.0,0.19,3789.08,3776.27,0.3599626,0.35874565,0.0,2.4338999999999897,1.7151917499999896,8532.179613758008,2.0,8530.464422008008,0.08439460788824613,1716352080.0,2024-05-22 00:05:00+00:00,2024-05-22 00:05:00+00:00,2024-05-22 04:27:00+00:00,2024-05-22 04:28:00+00:00,4677.717452116721,3775.511170778124,2024-05-27 00:00:00+00:00,0.015269252032485593,0.01015861415529696,target,minute interval; not exact exchange fill
615,2309765.0,2310850.0,-1.0,0.226,3745.37,3711.82,0.42322681,0.41943566000000004,-0.17245542186065402,7.582299999999939,6.9120929518605925,8539.091706709867,2.0,8532.179613758008,0.09920719655679852,1716487860.0,2024-05-23 00:05:00+00:00,2024-05-23 00:05:00+00:00,2024-05-23 18:10:00+00:00,2024-05-23 18:11:00+00:00,4493.593170439833,3711.070149144426,2024-05-28 00:00:00+00:00,0.04584173841530612,0.040876149384548005,target,minute interval; not exact exchange fill
616,2311205.0,2311206.0,-1.0,0.194,3772.09,3770.09,0.36589273000000005,0.36569873,0.0,0.388,-0.34359146000000007,8538.748115249868,2.0,8539.091706709867,0.08569827859150125,1716509220.0,2024-05-24 00:05:00+00:00,2024-05-24 00:05:00+00:00,2024-05-24 00:06:00+00:00,2024-05-24 00:07:00+00:00,4645.932596107083,3769.3339937108017,2024-05-29 00:00:00+00:00,0.003153893277206116,-0.0020267837799279897,target,minute interval; not exact exchange fill
617,2312645.0,2312645.0,-1.0,0.20400000000000001,3722.31,3722.17,0.37967562000000005,0.37966134000000007,0.0,0.028559999999974026,-0.730776960000026,8538.017338289867,2.0,8538.748115249868,0.08893004334485856,1716595560.0,2024-05-25 00:05:00+00:00,2024-05-25 00:05:00+00:00,2024-05-25 00:05:00+00:00,2024-05-25 00:06:00+00:00,4553.53604115267,3721.4206554036205,2024-05-30 00:00:00+00:00,0.0010699190741741246,-0.0043095858679217955,target,minute interval; not exact exchange fill
618,2314085.0,2314244.0,-1.0,0.18,3749.81,3736.78,0.3374829,0.3363102,0.0,2.345399999999954,1.671606899999954,8539.688945189866,2.0,8538.017338289867,0.07905416131834574,1716691500.0,2024-05-26 00:05:00+00:00,2024-05-26 00:05:00+00:00,2024-05-26 02:44:00+00:00,2024-05-26 02:45:00+00:00,4688.806948944123,3736.0244421312896,2024-05-31 00:00:00+00:00,0.014681152994386056,0.00989002681046237,target,minute interval; not exact exchange fill
619,2315525.0,2318076.0,-1.0,0.166,3826.92,3804.16,0.31763436,0.31574527999999996,-0.337595334916768,3.7781600000000366,3.4823756949168048,8543.171320884781,2.0,8539.688945189866,0.0743901474722714,1716921420.0,2024-05-27 00:05:00+00:00,2024-05-27 00:05:00+00:00,2024-05-28 18:36:00+00:00,2024-05-28 18:37:00+00:00,4845.8612313064905,3803.3946094370717,2024-06-01 00:00:00+00:00,0.023088074012633686,0.02058820096027514,target,minute interval; not exact exchange fill
620,2318405.0,2318850.0,-1.0,0.274,3848.4900000000002,3833.36,0.5272431300000001,0.5251703200000001,0.0,4.14562000000003,3.0932065500000303,8546.264527434781,2.0,8543.171320884781,0.12343030712988105,1716967860.0,2024-05-29 00:05:00+00:00,2024-05-29 00:05:00+00:00,2024-05-29 07:30:00+00:00,2024-05-29 07:31:00+00:00,4464.83633143795,3832.584346544395,2024-06-03 00:00:00+00:00,0.025806356985198578,0.018316122647574522,target,minute interval; not exact exchange fill
621,2319845.0,2320255.0,-1.0,0.316,3777.52,3739.32,0.5968481600000001,0.59081256,0.0,12.071199999999942,10.883539279999942,8557.148066714783,2.0,8546.264527434781,0.13967462815690493,1717052160.0,2024-05-30 00:05:00+00:00,2024-05-30 00:05:00+00:00,2024-05-30 06:55:00+00:00,2024-05-30 06:56:00+00:00,4312.752196923935,3738.5663879047597,2024-06-04 00:00:00+00:00,0.07277890291188177,0.06434885681007434,target,minute interval; not exact exchange fill
622,2321285.0,2321605.0,-1.0,0.231,3750.29,3737.78,0.43315849500000003,0.4317135900000001,0.0,2.8898099999999456,2.0249379149999456,8559.173004629783,2.0,8557.148066714783,0.10123898561131152,1717133160.0,2024-05-31 00:05:00+00:00,2024-05-31 00:05:00+00:00,2024-05-31 05:25:00+00:00,2024-05-31 05:26:00+00:00,4484.281732527156,3737.0257931148217,2024-06-05 00:00:00+00:00,0.01807133009456279,0.011942866127140525,target,minute interval; not exact exchange fill
623,2322725.0,2322740.0,-1.0,0.213,3768.16,3757.13,0.40130904,0.400134345,0.0,2.349389999999946,1.5479466149999457,8560.720951244783,2.0,8559.173004629783,0.09377285393879198,1717201260.0,2024-06-01 00:05:00+00:00,2024-06-01 00:05:00+00:00,2024-06-01 00:20:00+00:00,2024-06-01 00:21:00+00:00,4563.979434175229,3756.3731444550176,2024-06-06 00:00:00+00:00,0.014810967210417405,0.009131914461892335,target,minute interval; not exact exchange fill
624,2324165.0,2324329.0,-1.0,0.17400000000000002,3817.6800000000003,3802.52,0.33213816,0.33081924000000007,0.0,2.637840000000054,1.974882600000054,8562.695833844782,2.0,8560.720951244783,0.07759583845603682,1717296600.0,2024-06-02 00:05:00+00:00,2024-06-02 00:05:00+00:00,2024-06-02 02:49:00+00:00,2024-06-02 02:50:00+00:00,4795.753045820411,3801.751190623877,2024-06-07 00:00:00+00:00,0.01628590977349981,0.011604348007034564,target,minute interval; not exact exchange fill
625,2325605.0,2327059.0,-1.0,0.16,3781.31,3759.82,0.3025048,0.30078560000000004,-0.23476584169996273,3.438399999999965,3.069875441699928,8565.765709286483,2.0,8562.695833844782,0.07065643948353838,1717460400.0,2024-06-03 00:05:00+00:00,2024-06-03 00:05:00+00:00,2024-06-04 00:19:00+00:00,2024-06-04 00:20:00+00:00,4841.256942529646,3759.0614340140187,2024-06-08 00:00:00+00:00,0.020990263845549965,0.018101586731156506,target,minute interval; not exact exchange fill
626,2328485.0,2328781.0,-1.0,0.28600000000000003,3814.79,3800.0,0.54551497,0.5434000000000001,0.0,4.22993999999999,3.14102502999999,8568.906734316484,2.0,8565.765709286483,0.12737097616587525,1717563720.0,2024-06-05 00:05:00+00:00,2024-06-05 00:05:00+00:00,2024-06-05 05:01:00+00:00,2024-06-05 05:02:00+00:00,4406.935820434157,3799.234178793903,2024-06-10 00:00:00+00:00,0.026270254165927345,0.018547129137798518,target,minute interval; not exact exchange fill
627,2329925.0,2330705.0,-1.0,0.312,3867.09,3837.9900000000002,0.60326604,0.5987264400000001,-0.24445185918275042,9.079199999999972,8.121659379182722,8577.028393695666,2.0,8568.906734316484,0.14080350240808653,1717679160.0,2024-06-06 00:05:00+00:00,2024-06-06 00:05:00+00:00,2024-06-06 13:05:00+00:00,2024-06-06 13:06:00+00:00,4409.680731247961,3837.212649898174,2024-06-11 00:00:00+00:00,0.05506424710408944,0.04797531186865511,target,minute interval; not exact exchange fill
628,2331365.0,2331455.0,-1.0,0.226,3811.9300000000003,3802.91,0.4307480900000001,0.42972883,0.0,2.0385200000000987,1.1780430800000987,8578.206436775665,2.0,8577.028393695666,0.10044226746797548,1717724160.0,2024-06-07 00:05:00+00:00,2024-06-07 00:05:00+00:00,2024-06-07 01:35:00+00:00,2024-06-07 01:36:00+00:00,4563.766703782251,3802.1408316329153,2024-06-12 00:00:00+00:00,0.01302033848286317,0.006933127863773619,target,minute interval; not exact exchange fill
629,2332805.0,2333609.0,-1.0,0.226,3680.75,3673.03,0.41592475,0.41505239000000005,-0.083851876,1.7447199999999548,0.9975947359999546,8579.204031511665,2.0,8578.206436775665,0.09697242729363269,1717853400.0,2024-06-08 00:05:00+00:00,2024-06-08 00:05:00+00:00,2024-06-08 13:29:00+00:00,2024-06-08 13:30:00+00:00,4431.637182006565,3672.293808781271,2024-06-13 00:00:00+00:00,0.0112616001729208,0.00587856086210459,target,minute interval; not exact exchange fill
630,2334245.0,2334401.0,-1.0,0.195,3680.9700000000003,3668.73,0.35889457500000005,0.35770117500000004,0.0,2.386800000000046,1.6702042500000462,8580.874235761665,2.0,8579.204031511665,0.0836661708199898,1717900920.0,2024-06-09 00:05:00+00:00,2024-06-09 00:05:00+00:00,2024-06-09 02:41:00+00:00,2024-06-09 02:42:00+00:00,4552.002097820354,3667.9957074066688,2024-06-14 00:00:00+00:00,0.014895309398813191,0.009833334525137972,target,minute interval; not exact exchange fill
631,2335685.0,2335908.0,-1.0,0.182,3703.35,3686.19,0.33700484999999997,0.33544329,0.0,3.1231199999999735,2.4506718599999733,8583.324907621665,2.0,8580.874235761665,0.07854790566571832,1717991340.0,2024-06-10 00:05:00+00:00,2024-06-10 00:05:00+00:00,2024-06-10 03:48:00+00:00,2024-06-10 03:49:00+00:00,4639.236770163192,3685.4523093796142,2024-06-15 00:00:00+00:00,0.019123777780580043,0.014387669993082495,target,minute interval; not exact exchange fill
632,2337125.0,2337232.0,-1.0,0.274,3671.13,3635.7000000000003,0.5029448100000001,0.4980909000000001,0.0,9.707819999999955,8.706784289999955,8592.031691911665,2.0,8583.324907621665,0.1171911387283975,1718070780.0,2024-06-11 00:05:00+00:00,2024-06-11 00:05:00+00:00,2024-06-11 01:52:00+00:00,2024-06-11 01:53:00+00:00,4292.138746502385,3634.969976809626,2024-06-16 00:00:00+00:00,0.05822788067645209,0.05116930345823685,target,minute interval; not exact exchange fill
633,2338565.0,2338660.0,-1.0,0.327,3500.21,3472.64,0.5722843350000001,0.56777664,0.0,9.015390000000053,7.8753290250000525,8599.907020936666,2.0,8592.031691911665,0.1332128082206063,1718156460.0,2024-06-12 00:05:00+00:00,2024-06-12 00:05:00+00:00,2024-06-12 01:40:00+00:00,2024-06-12 01:41:00+00:00,4020.670211473506,3471.939626221244,2024-06-17 00:00:00+00:00,0.054318030764961084,0.046273614138179216,target,minute interval; not exact exchange fill
634,2340005.0,2340126.0,-1.0,0.339,3556.81,3532.25,0.602879295,0.5987163750000001,0.0,8.325839999999982,7.124244329999981,8607.031265266665,2.0,8599.907020936666,0.14020600304916717,1718244420.0,2024-06-13 00:05:00+00:00,2024-06-13 00:05:00+00:00,2024-06-13 02:06:00+00:00,2024-06-13 02:07:00+00:00,4058.666775742064,3531.5403361516383,2024-06-18 00:00:00+00:00,0.05035234168353515,0.04187543342206685,target,minute interval; not exact exchange fill
635,2341445.0,2341507.0,-1.0,0.277,3476.29,3458.4500000000003,0.48146616500000006,0.4789953250000001,0.0,4.941679999999915,3.981218509999914,8611.012483776665,2.0,8607.031265266665,0.11187740584676106,1718327280.0,2024-06-14 00:05:00+00:00,2024-06-14 00:05:00+00:00,2024-06-14 01:07:00+00:00,2024-06-14 01:08:00+00:00,4092.1132712004987,3457.755325888963,2024-06-19 00:00:00+00:00,0.030097391537194006,0.023338887424603785,target,minute interval; not exact exchange fill
636,2342885.0,2343003.0,-1.0,0.252,3483.26,3474.37,0.43889076000000005,0.43777062,0.0,2.2402800000000824,1.3636186200000824,8612.376102396665,2.0,8611.012483776665,0.10193708598771162,1718417040.0,2024-06-15 00:05:00+00:00,2024-06-15 00:05:00+00:00,2024-06-15 02:03:00+00:00,2024-06-15 02:04:00+00:00,4161.217074715015,3473.669801553365,2024-06-20 00:00:00+00:00,0.014145731056301413,0.007981604148426311,target,minute interval; not exact exchange fill
637,2344325.0,2344385.0,-1.0,0.20500000000000002,3562.4700000000003,3555.13,0.36515317500000005,0.36440082500000004,0.0,1.50470000000003,0.7751460000000298,8613.151248396665,2.0,8612.376102396665,0.08479731276444943,1718499960.0,2024-06-16 00:05:00+00:00,2024-06-16 00:05:00+00:00,2024-06-16 01:05:00+00:00,2024-06-16 01:06:00+00:00,4395.430144804574,3554.41789758483,2024-06-21 00:00:00+00:00,0.009666851968120865,0.004539472895053431,target,minute interval; not exact exchange fill
638,2345765.0,2345872.0,-1.0,0.184,3619.84,3601.62,0.33302528000000003,0.33134904,0.0,3.352480000000047,2.6881056800000467,8615.839354076665,2.0,8613.151248396665,0.07732948613017623,1718589180.0,2024-06-17 00:05:00+00:00,2024-06-17 00:05:00+00:00,2024-06-17 01:52:00+00:00,2024-06-17 01:53:00+00:00,4550.168715681219,3600.890065257388,2024-06-22 00:00:00+00:00,0.020369074310187658,0.015703342005629534,target,minute interval; not exact exchange fill
639,2347205.0,2347245.0,-1.0,0.28700000000000003,3511.5,3476.98,0.50390025,0.4989466300000001,0.0,9.907239999999996,8.904393119999996,8624.743747196664,2.0,8615.839354076665,0.11697066978426773,1718671560.0,2024-06-18 00:05:00+00:00,2024-06-18 00:05:00+00:00,2024-06-18 00:45:00+00:00,2024-06-18 00:46:00+00:00,4106.922601718517,3476.2786622679464,2024-06-23 00:00:00+00:00,0.05915351152340751,0.05210712510820547,target,minute interval; not exact exchange fill
640,2348645.0,2352055.0,-1.0,0.332,3481.4,3457.29,0.5779124000000001,0.5739101400000001,-0.45381469227984716,8.004520000000042,7.30651215227989,8632.050259348945,2.0,8624.743747196664,0.13401265404269924,1718960160.0,2024-06-19 00:05:00+00:00,2024-06-19 00:05:00+00:00,2024-06-21 08:55:00+00:00,2024-06-21 08:56:00+00:00,3994.9214153514476,3456.5916472198287,2024-06-24 00:00:00+00:00,0.048310259394328994,0.04285618100011059,target,minute interval; not exact exchange fill
641,2352965.0,2352987.0,-1.0,0.232,3515.63,3505.87,0.40781308,0.40668092,0.0,2.2643200000000507,1.449826000000051,8633.500085348946,2.0,8632.050259348945,0.09448811527905966,1719016080.0,2024-06-22 00:05:00+00:00,2024-06-22 00:05:00+00:00,2024-06-22 00:27:00+00:00,2024-06-22 00:28:00+00:00,4251.961871705431,3505.1600708887986,2024-06-27 00:00:00+00:00,0.014219035619023155,0.008487001907884584,target,minute interval; not exact exchange fill
642,2354405.0,2355293.0,-1.0,0.20500000000000002,3493.39,3481.4300000000003,0.358072475,0.35684657500000005,-0.033064841725766264,2.4517999999999143,1.7699457917256802,8635.27003114067,2.0,8633.500085348946,0.08294955034694426,1719154440.0,2024-06-23 00:05:00+00:00,2024-06-23 00:05:00+00:00,2024-06-23 14:53:00+00:00,2024-06-23 14:54:00+00:00,4329.080068077833,3480.7301117646434,2024-06-28 00:00:00+00:00,0.015149023207222504,0.010331440136312412,target,minute interval; not exact exchange fill
643,2355845.0,2356015.0,-1.0,0.196,3418.37,3390.81,0.33500026000000005,0.33229938,0.0,5.40175999999999,4.734460359999989,8640.00449150067,2.0,8635.27003114067,0.07758883249554813,1719197760.0,2024-06-24 00:05:00+00:00,2024-06-24 00:05:00+00:00,2024-06-24 02:55:00+00:00,2024-06-24 02:56:00+00:00,4292.157252199872,3390.123077189791,2024-06-29 00:00:00+00:00,0.03232700264176868,0.027644498061954525,target,minute interval; not exact exchange fill
644,2357285.0,2364480.0,-1.0,0.28700000000000003,3354.31,3378.31,0.48134348500000007,0.4847874850000001,-1.4629345235563171,-6.888000000000001,-6.391196446443684,8633.613295054225,4.0,8640.00449150067,0.11142204508655208,1719705600.0,2024-06-25 00:05:00+00:00,2024-06-25 00:05:00+00:00,2024-06-30 00:00:00+00:00,2024-06-30 00:00:00+00:00,3950.2370475483895,3318.7971742778986,2024-06-30 00:00:00+00:00,0.059592572393213354,-0.03736862969540034,timeout,minute interval; not exact exchange fill
645,2365925.0,2368235.0,-1.0,0.216,3434.64,3410.67,0.37094111999999996,0.36835236,-0.29900337872724003,5.177519999999957,4.737229898727196,8638.350524952953,2.0,8633.613295054225,0.08592951926917876,1719930960.0,2024-07-01 00:05:00+00:00,2024-07-01 00:05:00+00:00,2024-07-02 14:35:00+00:00,2024-07-02 14:36:00+00:00,4225.725016930505,3409.9865656563643,2024-07-06 00:00:00+00:00,0.031164076952555044,0.027723467683172447,target,minute interval; not exact exchange fill
646,2368805.0,2368915.0,-1.0,0.35000000000000003,3421.15,3396.52,0.5987012500000001,0.5943910000000001,0.0,8.620500000000039,7.4274077500000395,8645.777932702953,2.0,8638.350524952953,0.1386147154530432,1719971760.0,2024-07-03 00:05:00+00:00,2024-07-03 00:05:00+00:00,2024-07-03 01:55:00+00:00,2024-07-03 01:56:00+00:00,3908.99110189759,3395.8379182498284,2024-07-08 00:00:00+00:00,0.05188591459742433,0.04350015797655149,target,minute interval; not exact exchange fill
647,2370245.0,2370334.0,-1.0,0.466,3299.4700000000003,3265.08,0.7687765100000001,0.7607636400000001,0.0,16.02574000000015,14.496199850000151,8660.274132552953,2.0,8645.777932702953,0.17783859728621446,1720056900.0,2024-07-04 00:05:00+00:00,2024-07-04 00:05:00+00:00,2024-07-04 01:34:00+00:00,2024-07-04 01:35:00+00:00,3665.258474507374,3264.4202147934907,2024-07-09 00:00:00+00:00,0.09581981841749639,0.08504293373894488,target,minute interval; not exact exchange fill
648,2373125.0,2373126.0,-1.0,0.298,2974.7200000000003,2971.62,0.44323328000000006,0.44277138,0.0,0.9238000000001084,0.03779534000010837,8660.311927892953,2.0,8660.274132552953,0.10236010389877571,1720224420.0,2024-07-06 00:05:00+00:00,2024-07-06 00:05:00+00:00,2024-07-06 00:06:00+00:00,2024-07-06 00:07:00+00:00,3551.337595018696,2971.019725767398,2024-07-11 00:00:00+00:00,0.006417206593361402,0.00021995513334318464,target,minute interval; not exact exchange fill
649,2374565.0,2374571.0,-1.0,0.233,3059.2200000000003,3054.28,0.35639913000000006,0.35582362000000006,0.0,1.1510200000000128,0.43879725000001274,8660.750725142954,2.0,8660.311927892953,0.08230630327577858,1720311120.0,2024-07-07 00:05:00+00:00,2024-07-07 00:05:00+00:00,2024-07-07 00:11:00+00:00,2024-07-07 00:12:00+00:00,3795.5495293035483,3053.664288861476,2024-07-12 00:00:00+00:00,0.007545142381807004,0.002557618464359718,target,minute interval; not exact exchange fill
650,2376005.0,2376038.0,-1.0,0.233,2929.89,2906.03,0.341332185,0.338552495,0.0,5.559379999999924,4.879495319999924,8665.630220462954,2.0,8660.750725142954,0.07882277087344895,1720399140.0,2024-07-08 00:05:00+00:00,2024-07-08 00:05:00+00:00,2024-07-08 00:38:00+00:00,2024-07-08 00:39:00+00:00,3668.8630549437676,2905.446403766,2024-07-13 00:00:00+00:00,0.03307779095661331,0.028339382417121098,target,minute interval; not exact exchange fill
651,2377445.0,2384640.0,-1.0,0.336,3015.76,3174.64,0.5066476800000002,0.53333952,-1.0720737835575367,-53.383679999999885,-53.35159341644235,8612.278627046511,4.0,8665.630220462954,0.11693267935749349,1720915200.0,2024-07-09 00:05:00+00:00,2024-07-09 00:05:00+00:00,2024-07-14 00:00:00+00:00,2024-07-14 00:00:00+00:00,3526.646770009616,2989.1245129338713,2024-07-14 00:00:00+00:00,0.05213579334933178,-0.3108017540023862,timeout,minute interval; not exact exchange fill
652,2386085.0,2393280.0,-1.0,0.223,3243.4900000000002,3502.89,0.36164913500000007,0.390572235,-0.7285094366240108,-57.84619999999992,-57.86991193337591,8554.408715113137,4.0,8612.278627046511,0.08398454129532122,1721433600.0,2024-07-15 00:05:00+00:00,2024-07-15 00:05:00+00:00,2024-07-20 00:00:00+00:00,2024-07-20 00:00:00+00:00,4008.1708474944644,3217.71238731386,2024-07-20 00:00:00+00:00,0.033710289424147,-0.3393655436645168,timeout,minute interval; not exact exchange fill
653,2394725.0,2395022.0,-1.0,0.189,3515.84,3502.6800000000003,0.33224688,0.33100326,0.0,2.4872399999999724,1.8239898599999722,8556.232704973138,2.0,8554.408715113137,0.07767851433448977,1721538180.0,2024-07-21 00:05:00+00:00,2024-07-21 00:05:00+00:00,2024-07-21 05:02:00+00:00,2024-07-21 05:03:00+00:00,4412.215373974164,3501.975473483188,2024-07-26 00:00:00+00:00,0.01546732197175648,0.01076640465613462,target,minute interval; not exact exchange fill
654,2396165.0,2396462.0,-1.0,0.17200000000000001,3533.89,3510.91,0.30391454,0.30193826,0.0,3.9525600000000036,3.3467072000000035,8559.579412173138,2.0,8556.232704973138,0.07103933482859946,1721624580.0,2024-07-22 00:05:00+00:00,2024-07-22 00:05:00+00:00,2024-07-22 05:02:00+00:00,2024-07-22 05:03:00+00:00,4519.020921680156,3510.2066384176755,2024-07-27 00:00:00+00:00,0.024040826514644353,0.019751283379487044,target,minute interval; not exact exchange fill
655,2397605.0,2398605.0,-1.0,0.256,3438.82,3419.27,0.44016896000000005,0.43766656000000004,-0.1680894202709604,5.0048000000000465,4.295053900271006,8563.874466073408,2.0,8559.579412173138,0.10284826830954029,1721753160.0,2024-07-23 00:05:00+00:00,2024-07-23 00:05:00+00:00,2024-07-23 16:45:00+00:00,2024-07-23 16:46:00+00:00,4101.4367559363845,3418.5818150400396,2024-07-28 00:00:00+00:00,0.030542820987617108,0.02532014795524485,target,minute interval; not exact exchange fill
656,2399045.0,2399142.0,-1.0,0.296,3481.86,3453.09,0.51531528,0.51105732,0.0,8.515919999999994,7.489547399999995,8571.364013473409,2.0,8563.874466073408,0.1203462946687203,1721785380.0,2024-07-24 00:05:00+00:00,2024-07-24 00:05:00+00:00,2024-07-24 01:42:00+00:00,2024-07-24 01:43:00+00:00,4055.38467038909,3452.396191773155,2024-07-29 00:00:00+00:00,0.051373218534533895,0.044117587797634375,target,minute interval; not exact exchange fill
657,2400485.0,2400545.0,-1.0,0.356,3334.91,3305.89,0.59361398,0.58844842,0.0,10.331119999999993,9.149057599999992,8580.513071073408,2.0,8571.364013473409,0.13851097189826322,1721869560.0,2024-07-25 00:05:00+00:00,2024-07-25 00:05:00+00:00,2024-07-25 01:05:00+00:00,2024-07-25 01:06:00+00:00,3811.508785557243,3305.2198781534153,2024-07-30 00:00:00+00:00,0.062295840330081134,0.053922923806765076,target,minute interval; not exact exchange fill
658,2401925.0,2409120.0,-1.0,0.297,3172.4300000000003,3278.83,0.471105855,0.486906255,-1.1587732898163012,-31.60079999999989,-31.40003882018359,8549.113032253223,4.0,8580.513071073408,0.10980831824339041,1722384000.0,2024-07-26 00:05:00+00:00,2024-07-26 00:05:00+00:00,2024-07-31 00:00:00+00:00,2024-07-31 00:00:00+00:00,3744.626493411073,3162.6861674063357,2024-07-31 00:00:00+00:00,0.0170288226262591,-0.1847687597687551,timeout,minute interval; not exact exchange fill
659,2410565.0,2410655.0,-1.0,0.434,3236.52,3207.91,0.7023248400000001,0.69611647,0.0,12.416740000000056,11.018298690000057,8560.131330943223,2.0,8549.113032253223,0.1643035569538829,1722476160.0,2024-08-01 00:05:00+00:00,2024-08-01 00:05:00+00:00,2024-08-01 01:35:00+00:00,2024-08-01 01:36:00+00:00,3625.7759545454765,3207.260949988058,2024-08-06 00:00:00+00:00,0.07516660868067329,0.06522131441674348,target,minute interval; not exact exchange fill
660,2412005.0,2412056.0,-1.0,0.342,3204.04,3198.83,0.54789084,0.54699993,0.0,1.7818200000000126,0.6869292300000126,8560.818260173222,2.0,8560.131330943223,0.12800991452537192,1722560220.0,2024-08-02 00:05:00+00:00,2024-08-02 00:05:00+00:00,2024-08-02 00:56:00+00:00,2024-08-02 00:57:00+00:00,3699.9081933268576,3198.1840242844964,2024-08-07 00:00:00+00:00,0.011809540910891777,0.004050602613820133,target,minute interval; not exact exchange fill
661,2413445.0,2413477.0,-1.0,0.343,2994.6,2979.96,0.5135739,0.5110631400000001,0.0,5.021519999999957,3.996882959999957,8564.815143133223,2.0,8560.818260173222,0.11998243261143782,1722645480.0,2024-08-03 00:05:00+00:00,2024-08-03 00:05:00+00:00,2024-08-03 00:37:00+00:00,2024-08-03 00:38:00+00:00,3489.484872022867,2979.3639437395054,2024-08-08 00:00:00+00:00,0.030787072149157286,0.02354632493082439,target,minute interval; not exact exchange fill
662,2414885.0,2414971.0,-1.0,0.292,2903.53,2892.61,0.42391538000000006,0.42232105999999997,0.0,3.1886400000000212,2.3424035600000215,8567.157546693223,2.0,8564.815143133223,0.098989966021595,1722735120.0,2024-08-04 00:05:00+00:00,2024-08-04 00:05:00+00:00,2024-08-04 01:31:00+00:00,2024-08-04 01:32:00+00:00,3484.9985313547654,2892.0302890401867,2024-08-09 00:00:00+00:00,0.019777013440469848,0.013795983045393282,target,minute interval; not exact exchange fill
663,2416325.0,2416328.0,-1.0,0.31,2695.38,2672.04,0.41778390000000004,0.4141662,0.0,7.235400000000045,6.403449900000044,8573.560996593222,2.0,8567.157546693223,0.09753150860666908,1722816540.0,2024-08-05 00:05:00+00:00,2024-08-05 00:05:00+00:00,2024-08-05 00:08:00+00:00,2024-08-05 00:09:00+00:00,3244.0459146601984,2671.5009803591192,2024-08-10 00:00:00+00:00,0.04352196665191004,0.037648210774662516,target,minute interval; not exact exchange fill
664,2417765.0,2420066.0,-1.0,0.429,2423.75,2405.89,0.519894375,0.516063405,0.17894480997913734,7.661940000000055,6.447037410020918,8580.008034003242,2.0,8573.560996593222,0.12127851547486149,1723040820.0,2024-08-06 00:05:00+00:00,2024-08-06 00:05:00+00:00,2024-08-07 14:26:00+00:00,2024-08-07 14:27:00+00:00,2819.4018293213517,2405.4039395931127,2024-08-11 00:00:00+00:00,0.046369204050833536,0.03798303992830039,target,minute interval; not exact exchange fill
665,2420645.0,2420674.0,-1.0,0.456,2346.67,2319.11,0.5350407600000001,0.5287570800000001,0.0,12.567359999999976,11.503562159999976,8591.511596163242,2.0,8580.008034003242,0.12471800909267027,1723077300.0,2024-08-08 00:05:00+00:00,2024-08-08 00:05:00+00:00,2024-08-08 00:34:00+00:00,2024-08-08 00:35:00+00:00,2719.0947794491617,2318.641305862135,2024-08-13 00:00:00+00:00,0.07526001406061389,0.06773746375660702,target,minute interval; not exact exchange fill
666,2423525.0,2423529.0,-1.0,0.293,2590.52,2588.64,0.37951117999999995,0.37923576,0.0,0.550840000000032,-0.20790693999996795,8591.303689223243,2.0,8591.511596163242,0.08834561316764802,1723248600.0,2024-08-10 00:05:00+00:00,2024-08-10 00:05:00+00:00,2024-08-10 00:09:00+00:00,2024-08-10 00:10:00+00:00,3172.250033024381,2588.1126116095534,2024-08-15 00:00:00+00:00,0.0041383257761864875,-0.0012197754279778628,target,minute interval; not exact exchange fill
667,2424965.0,2425864.0,-1.0,0.253,2608.85,2598.09,0.330019525,0.328658385,-0.00658748244,2.72227999999994,2.0701895724399404,8593.373878795683,2.0,8591.303689223243,0.07682641353115471,1723388700.0,2024-08-11 00:05:00+00:00,2024-08-11 00:05:00+00:00,2024-08-11 15:04:00+00:00,2024-08-11 15:05:00+00:00,3283.879357098149,2597.566459746479,2024-08-16 00:00:00+00:00,0.01671562893505456,0.012121794991517715,target,minute interval; not exact exchange fill
668,2426405.0,2426431.0,-1.0,0.265,2558.84,2536.8,0.3390463,0.33612600000000004,0.0,5.8405999999999905,5.165427699999991,8598.539306495682,2.0,8593.373878795683,0.07890877431426634,1723422720.0,2024-08-12 00:05:00+00:00,2024-08-12 00:05:00+00:00,2024-08-12 00:31:00+00:00,2024-08-12 00:32:00+00:00,3202.3547011247206,2536.2845807771478,2024-08-17 00:00:00+00:00,0.035050355778089494,0.030290186014293025,target,minute interval; not exact exchange fill
669,2427845.0,2427861.0,-1.0,0.34500000000000003,2721.19,2705.55,0.46940527500000007,0.4667073750000001,0.0,5.395799999999957,4.459687349999957,8602.998993845682,2.0,8598.539306495682,0.10918256189057424,1723508520.0,2024-08-13 00:05:00+00:00,2024-08-13 00:05:00+00:00,2024-08-13 00:21:00+00:00,2024-08-13 00:22:00+00:00,3215.0539504858993,2705.004420636686,2024-08-18 00:00:00+00:00,0.032773356604363285,0.026174475758519555,target,minute interval; not exact exchange fill
670,2429285.0,2430111.0,-1.0,0.405,2694.09,2664.11,0.5455532250000001,0.5394822750000001,-0.034959488058,12.141900000000009,11.091823988058007,8614.09081783374,2.0,8602.998993845682,0.12682861532130177,1723643520.0,2024-08-14 00:05:00+00:00,2024-08-14 00:05:00+00:00,2024-08-14 13:51:00+00:00,2024-08-14 13:52:00+00:00,3114.902437120908,2663.57554600605,2024-08-19 00:00:00+00:00,0.07251319424568894,0.06508177351167764,target,minute interval; not exact exchange fill
671,2430725.0,2430845.0,-1.0,0.353,2659.37,2635.6,0.46937880499999995,0.46518339999999997,0.0,8.390809999999993,7.456247794999993,8621.547065628738,2.0,8614.09081783374,0.10897930261618456,1723687560.0,2024-08-15 00:05:00+00:00,2024-08-15 00:05:00+00:00,2024-08-15 02:05:00+00:00,2024-08-15 02:06:00+00:00,3143.4273099541665,2635.068193440307,2024-08-20 00:00:00+00:00,0.05020439947904932,0.04363639297586475,target,minute interval; not exact exchange fill
672,2432165.0,2432189.0,-1.0,0.332,2567.35,2565.73,0.4261801,0.42591118,0.0,0.5378399999999638,-0.3142512800000362,8621.23281434874,2.0,8621.547065628738,0.09886395022977705,1723768200.0,2024-08-16 00:05:00+00:00,2024-08-16 00:05:00+00:00,2024-08-16 00:29:00+00:00,2024-08-16 00:30:00+00:00,3081.9326023886574,2565.2083353404137,2024-08-21 00:00:00+00:00,0.004161945331312754,-0.0018394325723534658,target,minute interval; not exact exchange fill
673,2433605.0,2437067.0,-1.0,0.318,2591.28,2582.83,0.41201352,0.41066997,0.10626491492553389,2.6871000000000866,1.7581515950745528,8622.990965943814,2.0,8621.23281434874,0.09558111441191236,1724060880.0,2024-08-17 00:05:00+00:00,2024-08-17 00:05:00+00:00,2024-08-19 09:47:00+00:00,2024-08-19 09:48:00+00:00,3128.99897707445,2582.3065126171364,2024-08-22 00:00:00+00:00,0.016688061544127723,0.010281910880184328,target,minute interval; not exact exchange fill
674,2437925.0,2437936.0,-1.0,0.397,2631.48,2621.61,0.5223487800000001,0.520389585,0.0,3.918389999999957,2.875651634999957,8625.866617578815,2.0,8622.990965943814,0.12115257503179519,1724113020.0,2024-08-20 00:05:00+00:00,2024-08-20 00:05:00+00:00,2024-08-20 00:16:00+00:00,2024-08-20 00:17:00+00:00,3061.5747850391017,2621.0853799321876,2024-08-25 00:00:00+00:00,0.02416820763559687,0.016841531801743095,target,minute interval; not exact exchange fill
675,2439365.0,2440181.0,-1.0,0.499,2571.98,2540.7400000000002,0.64170901,0.6339146300000001,-0.029909068586799994,15.58875999999989,14.343045428586692,8640.209663007401,2.0,8625.866617578815,0.14878713953036307,1724247720.0,2024-08-21 00:05:00+00:00,2024-08-21 00:05:00+00:00,2024-08-21 13:41:00+00:00,2024-08-21 13:42:00+00:00,2914.017275578395,2540.2263269625682,2024-08-26 00:00:00+00:00,0.0928368786230547,0.08403639037468517,target,minute interval; not exact exchange fill
676,2440805.0,2440968.0,-1.0,0.399,2628.19,2607.85,0.5243239050000001,0.520266075,0.0,8.115660000000059,7.071070020000058,8647.2807330274,2.0,8640.209663007401,0.12136832911471235,1724294940.0,2024-08-22 00:05:00+00:00,2024-08-22 00:05:00+00:00,2024-08-22 02:48:00+00:00,2024-08-22 02:49:00+00:00,3056.5606165974855,2607.3199451806354,2024-08-27 00:00:00+00:00,0.0487196227069305,0.04137067136108554,target,minute interval; not exact exchange fill
677,2442245.0,2448663.0,-1.0,0.357,2620.41,2619.2200000000003,0.46774318499999995,0.46753077000000004,-0.3581055835394163,0.4248299999998571,-0.15233837146072665,8647.128394655938,2.0,8647.2807330274,0.10818272227788393,1724756640.0,2024-08-23 00:05:00+00:00,2024-08-23 00:05:00+00:00,2024-08-27 11:03:00+00:00,2024-08-27 11:04:00+00:00,3100.157847824048,2618.6938415896566,2024-08-28 00:00:00+00:00,0.0035772091904676664,-0.0008894633488746232,target,minute interval; not exact exchange fill
678,2449445.0,2449463.0,-1.0,0.538,2447.38,2434.02,0.6583452200000001,0.6547513800000001,0.0,7.187680000000069,5.874583400000068,8653.002978055938,2.0,8647.128394655938,0.15226909789077905,1724804640.0,2024-08-28 00:05:00+00:00,2024-08-28 00:05:00+00:00,2024-08-28 00:23:00+00:00,2024-08-28 00:24:00+00:00,2765.0022131634764,2433.530937888706,2024-09-02 00:00:00+00:00,0.04360230971681519,0.034378263066821756,target,minute interval; not exact exchange fill
679,2450885.0,2452208.0,-1.0,0.488,2527.69,2506.81,0.61675636,0.6116616399999999,0.002504613090822856,10.189440000000053,8.95851738690923,8661.961495442847,2.0,8653.002978055938,0.14255313711646636,1724969340.0,2024-08-29 00:05:00+00:00,2024-08-29 00:05:00+00:00,2024-08-29 22:08:00+00:00,2024-08-29 22:09:00+00:00,2878.457088530735,2506.307982546996,2024-09-03 00:00:00+00:00,0.06095787818226476,0.05233563294954609,target,minute interval; not exact exchange fill
680,2452325.0,2452365.0,-1.0,0.403,2523.42,2517.11,0.50846913,0.5071976650000001,0.0,2.5429299999999784,1.5272632049999784,8663.488758647847,2.0,8661.961495442847,0.11740276847628825,1724978760.0,2024-08-30 00:05:00+00:00,2024-08-30 00:05:00+00:00,2024-08-30 00:45:00+00:00,2024-08-30 00:46:00+00:00,2949.564017162832,2516.6050460208066,2024-09-04 00:00:00+00:00,0.015992138114635086,0.008893085077742316,target,minute interval; not exact exchange fill
681,2453765.0,2454288.0,-1.0,0.402,2521.91,2517.04,0.50690391,0.50592504,-0.07330828208956601,1.9577399999999563,1.018219332089522,8664.506977979938,2.0,8663.488758647847,0.11702073474592121,1725094140.0,2024-08-31 00:05:00+00:00,2024-08-31 00:05:00+00:00,2024-08-31 08:48:00+00:00,2024-08-31 08:49:00+00:00,2948.87026391443,2516.53278791778,2024-09-05 00:00:00+00:00,0.012594174532592324,0.005932364495582393,target,minute interval; not exact exchange fill
682,2455205.0,2455271.0,-1.0,0.396,2512.13,2502.85,0.49740174000000004,0.4955643,0.0,3.6748800000000794,2.6819139600000796,8667.188891939937,2.0,8664.506977979938,0.11481362788768054,1725153120.0,2024-09-01 00:05:00+00:00,2024-09-01 00:05:00+00:00,2024-09-01 01:11:00+00:00,2024-09-01 01:12:00+00:00,2945.267468245776,2502.339684662209,2024-09-06 00:00:00+00:00,0.022603251982430062,0.015635936617141754,target,minute interval; not exact exchange fill
683,2456645.0,2459514.0,-1.0,0.47700000000000004,2430.84,2409.98,0.5797553400000001,0.5747802300000001,-0.3181630822831404,9.950220000000062,9.113847512283202,8676.302739452218,2.0,8667.188891939937,0.13378163259811823,1725407700.0,2024-09-02 00:05:00+00:00,2024-09-02 00:05:00+00:00,2024-09-03 23:54:00+00:00,2024-09-03 23:55:00+00:00,2790.3014905786868,2409.488206310883,2024-09-07 00:00:00+00:00,0.059399391169116605,0.05315339489492058,target,minute interval; not exact exchange fill
684,2460965.0,2461146.0,-1.0,0.484,2448.0,2429.11,0.5924159999999999,0.5878446199999999,0.0,9.142759999999939,7.962499379999938,8684.265238832219,2.0,8676.302739452218,0.13655955025778696,1725505620.0,2024-09-05 00:05:00+00:00,2024-09-05 00:05:00+00:00,2024-09-05 03:06:00+00:00,2024-09-05 03:07:00+00:00,2802.478545534369,2428.6195652369825,2024-09-10 00:00:00+00:00,0.054673082495872764,0.046410269978962096,target,minute interval; not exact exchange fill
685,2462405.0,2462437.0,-1.0,0.402,2368.32,2358.11,0.4760323200000001,0.47398011000000007,0.0,4.104420000000015,3.154407570000015,8687.419646402217,2.0,8684.265238832219,0.10963099511778905,1725583080.0,2024-09-06 00:05:00+00:00,2024-09-06 00:05:00+00:00,2024-09-06 00:37:00+00:00,2024-09-06 00:38:00+00:00,2796.114392094844,2357.6295249428954,2024-09-11 00:00:00+00:00,0.02498975034421362,0.018342421371106643,target,minute interval; not exact exchange fill
686,2463845.0,2471040.0,-1.0,0.431,2226.9500000000003,2339.65,0.47990772500000006,0.504194575,-0.17868212404282213,-48.573699999999924,-49.3791201759571,8638.040526226256,4.0,8687.419646402217,0.11048337585458937,1726099200.0,2024-09-07 00:05:00+00:00,2024-09-07 00:05:00+00:00,2024-09-12 00:00:00+00:00,2024-09-12 00:00:00+00:00,2626.4023069502737,2215.71260231991,2024-09-12 00:00:00+00:00,0.02813201347085814,-0.28681452657232315,timeout,minute interval; not exact exchange fill
687,2472485.0,2472544.0,-1.0,0.627,2359.17,2352.2400000000002,0.739599795,0.7374272400000002,0.0,4.345109999999897,2.8680829649998967,8640.908609191254,2.0,8638.040526226256,0.1712424924968748,1726189500.0,2024-09-13 00:05:00+00:00,2024-09-13 00:05:00+00:00,2024-09-13 01:04:00+00:00,2024-09-13 01:05:00+00:00,2631.362620554354,2351.7675427260365,2024-09-18 00:00:00+00:00,0.02719565746818399,0.016805360081708735,target,minute interval; not exact exchange fill
688,2473925.0,2473943.0,-1.0,0.643,2435.91,2433.34,0.7831450649999999,0.7823188100000001,0.0,1.652509999999813,0.0870461249998129,8640.995655316256,2.0,8640.908609191254,0.18126451752237624,1726273440.0,2024-09-14 00:05:00+00:00,2024-09-14 00:05:00+00:00,2024-09-14 00:23:00+00:00,2024-09-14 00:24:00+00:00,2700.8599110498208,2432.8519718813177,2024-09-19 00:00:00+00:00,0.011541910342846391,0.0005109456329436293,target,minute interval; not exact exchange fill
689,2475365.0,2475979.0,-1.0,0.732,2416.69,2408.17,0.88450854,0.88139022,-0.02401888176,6.236639999999986,4.494760121759986,8645.490415438015,2.0,8640.995655316256,0.20472375528989373,1726395600.0,2024-09-15 00:05:00+00:00,2024-09-15 00:05:00+00:00,2024-09-15 10:19:00+00:00,2024-09-15 10:20:00+00:00,2649.0741638959353,2407.684930515053,2024-09-20 00:00:00+00:00,0.038750788065659826,0.026423412753502983,target,minute interval; not exact exchange fill
690,2476805.0,2476830.0,-1.0,0.646,2316.41,2301.04,0.74820043,0.7432359199999999,0.0,9.92901999999993,8.43758364999993,8653.927999088015,2.0,8645.490415438015,0.1730845548481458,1726446660.0,2024-09-16 00:05:00+00:00,2024-09-16 00:05:00+00:00,2024-09-16 00:30:00+00:00,2024-09-16 00:31:00+00:00,2580.763580934643,2300.573886845337,2024-09-21 00:00:00+00:00,0.05990504497299872,0.04940835283494445,target,minute interval; not exact exchange fill
691,2478245.0,2478312.0,-1.0,0.858,2295.75,2269.62,0.9848767500000001,0.97366698,0.0,22.419540000000094,20.46099627000009,8674.388995358015,2.0,8653.927999088015,0.22761380730317846,1726535580.0,2024-09-17 00:05:00+00:00,2024-09-17 00:05:00+00:00,2024-09-17 01:12:00+00:00,2024-09-17 01:13:00+00:00,2494.072875249932,2269.157010674397,2024-09-22 00:00:00+00:00,0.13408936963065762,0.12024490351880507,target,minute interval; not exact exchange fill
692,2479685.0,2479710.0,-1.0,0.726,2336.53,2319.25,0.84816039,0.84188775,0.0,12.545280000000146,10.855231860000146,8685.244227218014,2.0,8674.388995358015,0.1955550737818841,1726619460.0,2024-09-18 00:05:00+00:00,2024-09-18 00:05:00+00:00,2024-09-18 00:30:00+00:00,2024-09-18 00:31:00+00:00,2571.894494092997,2318.777038118167,2024-09-23 00:00:00+00:00,0.07542752763217764,0.06352746644144362,target,minute interval; not exact exchange fill
693,2481125.0,2487038.0,-1.0,0.672,2382.05,2637.66,0.8003688000000001,0.8862537600000001,-1.3798288983753104,-171.7699199999998,-172.07671366162447,8513.167513556391,1.0,8685.244227218014,0.18430542171555436,1727059140.0,2024-09-19 00:05:00+00:00,2024-09-19 00:05:00+00:00,2024-09-23 02:38:00+00:00,2024-09-23 02:39:00+00:00,2637.1240315087907,2355.1102987345816,2024-09-24 00:00:00+00:00,0.10561522514098076,-1.003891053402339,stop,minute interval; not exact exchange fill
694,2488325.0,2488413.0,-1.0,0.757,2645.86,2618.1,1.0014580100000001,0.9909508499999999,0.0,21.014320000000165,19.021911140000164,8532.189424696391,2.0,8513.167513556391,0.23527271333619962,1727141640.0,2024-09-24 00:05:00+00:00,2024-09-24 00:05:00+00:00,2024-09-24 01:33:00+00:00,2024-09-24 01:34:00+00:00,2866.9585469602684,2617.5735081589314,2024-09-29 00:00:00+00:00,0.12793612726071793,0.1136507695119125,target,minute interval; not exact exchange fill
695,2489765.0,2490033.0,-1.0,0.655,2648.73,2628.59,0.8674590750000001,0.8608632250000001,0.0,13.191699999999917,11.463377699999917,8543.652802396391,2.0,8532.189424696391,0.20333797852381078,1727238840.0,2024-09-25 00:05:00+00:00,2024-09-25 00:05:00+00:00,2024-09-25 04:33:00+00:00,2024-09-25 04:34:00+00:00,2905.4877014976328,2628.055701547275,2024-09-30 00:00:00+00:00,0.08052065559137905,0.06816286287779076,target,minute interval; not exact exchange fill
696,2491205.0,2491247.0,-1.0,0.44,2580.68,2566.82,0.5677496,0.5647004000000001,0.0,6.098399999999856,4.9659499999998555,8548.61875239639,2.0,8543.652802396391,0.13290558807369912,1727311680.0,2024-09-26 00:05:00+00:00,2024-09-26 00:05:00+00:00,2024-09-26 00:47:00+00:00,2024-09-26 00:48:00+00:00,2965.1442179533606,2566.2982614353446,2024-10-01 00:00:00+00:00,0.03740722255302293,0.029355787802777537,target,minute interval; not exact exchange fill
697,2492645.0,2492747.0,-1.0,0.713,2628.61,2622.46,0.9370994650000001,0.93490699,0.0,4.384950000000065,2.5129435450000646,8551.13169594139,2.0,8548.61875239639,0.21923997130818534,1727401680.0,2024-09-27 00:05:00+00:00,2024-09-27 00:05:00+00:00,2024-09-27 01:47:00+00:00,2024-09-27 01:48:00+00:00,2864.3995181085243,2621.933863979493,2024-10-02 00:00:00+00:00,0.028313964395289958,0.014947504996290486,target,minute interval; not exact exchange fill
698,2494085.0,2494205.0,-1.0,0.759,2698.26,2688.54,1.02398967,1.02030093,0.0,7.377480000000193,5.333189400000193,8556.464885341391,2.0,8551.13169594139,0.23949804690436813,1727489160.0,2024-09-28 00:05:00+00:00,2024-09-28 00:05:00+00:00,2024-09-28 02:05:00+00:00,2024-09-28 02:06:00+00:00,2919.5429899467317,2688.0007290801177,2024-10-03 00:00:00+00:00,0.04636267307465513,0.03175390933434032,target,minute interval; not exact exchange fill
699,2495525.0,2495566.0,-1.0,0.87,2674.09,2664.9700000000003,1.16322915,1.15926195,0.0,7.934399999999905,5.6119088999999045,8562.076794241391,2.0,8556.464885341391,0.2718947989824162,1727570820.0,2024-09-29 00:05:00+00:00,2024-09-29 00:05:00+00:00,2024-09-29 00:46:00+00:00,2024-09-29 00:47:00+00:00,2866.8162305003902,2664.4333904472196,2024-10-04 00:00:00+00:00,0.050105320524914176,0.033469600807591336,target,minute interval; not exact exchange fill
700,2496965.0,2496987.0,-1.0,0.624,2654.85,2640.98,0.8283132,0.82398576,0.0,8.654879999999931,7.002581039999931,8569.079375281392,2.0,8562.076794241391,0.19348417910876478,1727656080.0,2024-09-30 00:05:00+00:00,2024-09-30 00:05:00+00:00,2024-09-30 00:27:00+00:00,2024-09-30 00:28:00+00:00,2925.310260030871,2640.4442829743675,2024-10-05 00:00:00+00:00,0.05326371062420803,0.0414925468115684,target,minute interval; not exact exchange fill
701,2498405.0,2499221.0,-1.0,0.778,2601.66,2574.31,1.01204574,1.00140659,-0.20576466200000001,21.27829999999993,19.47061233199993,8588.54998761339,2.0,8569.079375281392,0.23620874441176862,1727790120.0,2024-10-01 00:05:00+00:00,2024-10-01 00:05:00+00:00,2024-10-01 13:41:00+00:00,2024-10-01 13:42:00+00:00,2818.1700037161204,2573.7867790326723,2024-10-06 00:00:00+00:00,0.1287387210240589,0.11559047420651136,target,minute interval; not exact exchange fill
702,2499845.0,2500625.0,-1.0,0.712,2451.55,2424.5,0.8727518,0.863122,-0.12115882307045749,19.259600000000127,17.644885023070586,8606.194872636463,2.0,8588.54998761339,0.20323612280506098,1727874360.0,2024-10-02 00:05:00+00:00,2024-10-02 00:05:00+00:00,2024-10-02 13:05:00+00:00,2024-10-02 13:06:00+00:00,2689.0625723035064,2424.0102895370946,2024-10-07 00:00:00+00:00,0.11595053767391238,0.10434033721241145,target,minute interval; not exact exchange fill
703,2501285.0,2501769.0,-1.0,0.442,2355.46,2351.19,0.52055666,0.5196129899999999,-0.043086516112479344,1.887339999999992,0.8902568661124715,8607.085129502575,2.0,8606.194872636463,0.12097254772957057,1727943000.0,2024-10-03 00:05:00+00:00,2024-10-03 00:05:00+00:00,2024-10-03 08:09:00+00:00,2024-10-03 08:10:00+00:00,2741.406808704288,2350.7125134838393,2024-10-08 00:00:00+00:00,0.012300882943168095,0.0052187393709674885,target,minute interval; not exact exchange fill
704,2502725.0,2502773.0,-1.0,0.741,2349.39,2340.2200000000003,0.870448995,0.8670515100000001,0.0,6.794969999999717,5.057469494999716,8612.142598997576,2.0,8607.085129502575,0.20226336370633885,1728003240.0,2024-10-04 00:05:00+00:00,2024-10-04 00:05:00+00:00,2024-10-04 00:53:00+00:00,2024-10-04 00:54:00+00:00,2578.3204106777725,2339.7492721001504,2024-10-09 00:00:00+00:00,0.04211204562690945,0.029813404780050436,target,minute interval; not exact exchange fill
705,2504165.0,2504329.0,-1.0,0.783,2418.56,2408.46,0.9468662400000001,0.9429120900000001,0.0,7.9082999999999295,6.018521669999929,8618.161120667577,2.0,8612.142598997576,0.2198909804652357,1728096600.0,2024-10-05 00:05:00+00:00,2024-10-05 00:05:00+00:00,2024-10-05 02:49:00+00:00,2024-10-05 02:50:00+00:00,2635.0358134005287,2407.9778441660246,2024-10-10 00:00:00+00:00,0.04888377905939987,0.035507384770871286,target,minute interval; not exact exchange fill
706,2505605.0,2508420.0,-1.0,0.88,2408.89,2404.71,1.0599116,1.0580724000000001,-0.5134825527714886,3.678399999999856,2.0738985527713445,8620.235019220348,2.0,8618.161120667577,0.2459716371415199,1728342060.0,2024-10-06 00:05:00+00:00,2024-10-06 00:05:00+00:00,2024-10-07 23:00:00+00:00,2024-10-07 23:01:00+00:00,2601.301921554086,2404.226378072491,2024-10-11 00:00:00+00:00,0.02423769738299624,0.012248216648125239,target,minute interval; not exact exchange fill
707,2508485.0,2511168.0,-1.0,0.8230000000000001,2427.31,2395.25,0.998838065,0.985645375,-0.8427582503460687,26.38537999999996,25.243654810346026,8645.478674030694,2.0,8620.235019220348,0.23174265267081762,1728506940.0,2024-10-08 00:05:00+00:00,2024-10-08 00:05:00+00:00,2024-10-09 20:48:00+00:00,2024-10-09 20:49:00+00:00,2633.222137604318,2394.770166654986,2024-10-13 00:00:00+00:00,0.1580277574872377,0.14896026990661912,target,minute interval; not exact exchange fill
708,2511365.0,2512444.0,-1.0,0.47300000000000003,2372.04,2358.2200000000003,0.5609874600000001,0.5577190300000001,-0.22697660366668104,6.536859999999863,5.645130113666544,8651.12380414436,2.0,8645.478674030694,0.12977591667309188,1728583500.0,2024-10-10 00:05:00+00:00,2024-10-10 00:05:00+00:00,2024-10-10 18:04:00+00:00,2024-10-10 18:05:00+00:00,2733.502436077376,2357.7479111966454,2024-10-15 00:00:00+00:00,0.039539623974357126,0.0330179149435653,target,minute interval; not exact exchange fill
709,2512805.0,2517993.0,-1.0,0.73,2382.42,2616.54,0.8695833000000001,0.9550371000000001,-1.2123493413974762,-170.90759999999992,-171.51987105860243,8479.603933085757,1.0,8651.12380414436,0.2010336043470843,1728916440.0,2024-10-11 00:05:00+00:00,2024-10-11 00:05:00+00:00,2024-10-14 14:33:00+00:00,2024-10-14 14:34:00+00:00,2616.0116505586807,2376.198285050339,2024-10-16 00:00:00+00:00,0.026635005723794077,-1.0058524220175993,stop,minute interval; not exact exchange fill
710,2518565.0,2518890.0,-1.0,0.741,2629.55,2600.58,0.9742482750000001,0.9635148899999999,0.0,21.46677000000019,19.52900683500019,8499.132939920755,2.0,8479.603933085757,0.2297862689550095,1728970260.0,2024-10-15 00:05:00+00:00,2024-10-15 00:05:00+00:00,2024-10-15 05:30:00+00:00,2024-10-15 05:31:00+00:00,2854.6179190712364,2600.0580123776094,2024-10-20 00:00:00+00:00,0.13103594570071198,0.11709769703632732,target,minute interval; not exact exchange fill
711,2520005.0,2522536.0,-1.0,0.6910000000000001,2603.9900000000002,2581.67,0.8996785450000002,0.8919669850000002,-0.9039331961581061,15.423120000000115,14.535407666158221,8513.668347586914,2.0,8499.132939920755,0.21171066539603714,1729189020.0,2024-10-16 00:05:00+00:00,2024-10-16 00:05:00+00:00,2024-10-17 18:16:00+00:00,2024-10-17 18:17:00+00:00,2846.0845834282827,2581.1472838627683,2024-10-21 00:00:00+00:00,0.0943545114217676,0.08688885946842184,target,minute interval; not exact exchange fill
712,2522885.0,2522911.0,-1.0,0.532,2605.4500000000003,2599.41,0.6930497000000002,0.69144306,0.0,3.2132800000002226,1.8287872400002225,8515.497134826915,2.0,8513.668347586914,0.16280871457635201,1729211520.0,2024-10-18 00:05:00+00:00,2024-10-18 00:05:00+00:00,2024-10-18 00:31:00+00:00,2024-10-18 00:32:00+00:00,2921.542590544634,2598.8894648066275,2024-10-23 00:00:00+00:00,0.020755105907635515,0.01087519955490705,target,minute interval; not exact exchange fill
713,2524325.0,2524362.0,-1.0,0.614,2640.75,2636.06,0.81071025,0.8092704199999999,0.0,2.8796600000000336,1.2596793300000337,8516.756814156915,2.0,8515.497134826915,0.1904082021669257,1729298580.0,2024-10-19 00:05:00+00:00,2024-10-19 00:05:00+00:00,2024-10-19 00:42:00+00:00,2024-10-19 00:43:00+00:00,2914.3735348718947,2635.5319231471553,2024-10-24 00:00:00+00:00,0.01907027791044241,0.007497874775137939,target,minute interval; not exact exchange fill
714,2525765.0,2525842.0,-1.0,0.6880000000000001,2649.36,2638.19,0.9113798400000002,0.9075373600000002,0.0,7.684960000000051,5.86604280000005,8522.622856956916,2.0,8516.756814156915,0.21402039764363492,1729387380.0,2024-10-20 00:05:00+00:00,2024-10-20 00:05:00+00:00,2024-10-20 01:22:00+00:00,2024-10-20 01:23:00+00:00,2892.893339561193,2637.655752809602,2024-10-25 00:00:00+00:00,0.0480601432702702,0.035010504169010005,target,minute interval; not exact exchange fill
715,2527205.0,2527619.0,-1.0,0.523,2742.7000000000003,2726.15,0.7172160500000001,0.712888225,0.0,8.655650000000096,7.225545725000095,8529.848402681917,2.0,8522.622856956916,0.16830876175977802,1729494000.0,2024-10-21 00:05:00+00:00,2024-10-21 00:05:00+00:00,2024-10-21 06:59:00+00:00,2024-10-21 07:00:00+00:00,3064.7017846780554,2725.596626320772,2024-10-26 00:00:00+00:00,0.05311577293377006,0.0429052746208016,target,minute interval; not exact exchange fill
716,2528645.0,2528671.0,-1.0,0.735,2669.91,2637.61,0.981191925,0.969321675,0.0,23.7404999999998,21.789986399999798,8551.638389081916,2.0,8529.848402681917,0.2300608120283821,1729557120.0,2024-10-22 00:05:00+00:00,2024-10-22 00:05:00+00:00,2024-10-22 00:31:00+00:00,2024-10-22 00:32:00+00:00,2898.2431345380332,2637.0732903864314,2024-10-27 00:00:00+00:00,0.14381053227340015,0.1298376604866411,target,minute interval; not exact exchange fill
717,2530085.0,2530563.0,-1.0,0.725,2622.11,2597.64,0.950514875,0.9416444999999999,-0.188656353409375,17.740750000000183,16.03724697840956,8567.675636060327,2.0,8551.638389081916,0.22230006269057057,1729670640.0,2024-10-23 00:05:00+00:00,2024-10-23 00:05:00+00:00,2024-10-23 08:03:00+00:00,2024-10-23 08:04:00+00:00,2854.15895546695,2597.1159851060715,2024-10-28 00:00:00+00:00,0.10771009437915104,0.09532618069908012,target,minute interval; not exact exchange fill
718,2531525.0,2531547.0,-1.0,0.422,2521.3,2511.59,0.5319943,0.52994549,0.0,4.097620000000015,3.035680210000015,8570.711316270328,2.0,8567.675636060327,0.12418637740226751,1729729680.0,2024-10-24 00:05:00+00:00,2024-10-24 00:05:00+00:00,2024-10-24 00:27:00+00:00,2024-10-24 00:28:00+00:00,2923.043836056564,2511.08627823093,2024-10-29 00:00:00+00:00,0.025423468519955368,0.017905825439938333,target,minute interval; not exact exchange fill
719,2532965.0,2532992.0,-1.0,0.544,2535.05,2529.89,0.6895336000000001,0.6881300800000001,0.0,2.8070400000001685,1.4293763200001686,8572.140692590328,2.0,8570.711316270328,0.16090463779616856,1729816380.0,2024-10-25 00:05:00+00:00,2024-10-25 00:05:00+00:00,2024-10-25 00:32:00+00:00,2024-10-25 00:33:00+00:00,2846.482972685116,2529.377964694693,2024-10-30 00:00:00+00:00,0.018212700011831624,0.008436903701448976,target,minute interval; not exact exchange fill
720,2535845.0,2541003.0,-1.0,0.727,2481.42,2713.9900000000002,0.90199617,0.986535365,-1.8637654087014048,-169.07839000000013,-169.10315612629873,8403.03753646403,1.0,8572.140692590328,0.2104482887873449,1730297040.0,2024-10-27 00:05:00+00:00,2024-10-27 00:05:00+00:00,2024-10-30 14:03:00+00:00,2024-10-30 14:04:00+00:00,2713.4377298717186,2462.5237609253313,2024-11-01 00:00:00+00:00,0.08144308232442579,-1.0025271186261966,stop,minute interval; not exact exchange fill
721,2541605.0,2541700.0,-1.0,0.391,2661.15,2646.25,0.520254825,0.5173418750000001,0.0,5.825900000000035,4.788303300000035,8407.82583976403,2.0,8403.03753646403,0.12382541973480735,1730338860.0,2024-10-31 00:05:00+00:00,2024-10-31 00:05:00+00:00,2024-10-31 01:40:00+00:00,2024-10-31 01:41:00+00:00,3086.876282056116,2645.7178767522714,2024-11-05 00:00:00+00:00,0.03624893246711634,0.0287656659129771,target,minute interval; not exact exchange fill
722,2543045.0,2543131.0,-1.0,0.545,2522.82,2512.9,0.6874684500000001,0.6847652500000001,0.0,5.40640000000004,4.03416630000004,8411.86000606403,2.0,8407.82583976403,0.1635306113855694,1730424720.0,2024-11-01 00:05:00+00:00,2024-11-01 00:05:00+00:00,2024-11-01 01:31:00+00:00,2024-11-01 01:32:00+00:00,2827.529851734177,2512.3954938136885,2024-11-06 00:00:00+00:00,0.034211254171741666,0.02429242099614672,target,minute interval; not exact exchange fill
723,2544485.0,2544714.0,-1.0,0.448,2515.29,2505.71,0.5634249600000001,0.5612790400000001,0.0,4.291839999999968,3.1671359999999678,8415.02714206403,2.0,8411.86000606403,0.1339596616191502,1730519700.0,2024-11-02 00:05:00+00:00,2024-11-02 00:05:00+00:00,2024-11-02 03:54:00+00:00,2024-11-02 03:55:00+00:00,2886.851254185352,2505.206072065223,2024-11-07 00:00:00+00:00,0.027139341955570627,0.019026472540846072,target,minute interval; not exact exchange fill
724,2545925.0,2546035.0,-1.0,0.518,2491.7400000000002,2475.02,0.64536066,0.64103018,0.0,8.660960000000133,7.374569160000133,8422.401711224029,2.0,8415.02714206403,0.15338290634240465,1730598960.0,2024-11-03 00:05:00+00:00,2024-11-03 00:05:00+00:00,2024-11-03 01:55:00+00:00,2024-11-03 01:56:00+00:00,2812.6255521861713,2474.5155296830444,2024-11-08 00:00:00+00:00,0.05367792410598329,0.04436665939930032,target,minute interval; not exact exchange fill
725,2547365.0,2547398.0,-1.0,0.543,2453.07,2437.96,0.6660085050000002,0.66190614,0.0,8.204730000000069,6.876815355000068,8429.278526579028,2.0,8422.401711224029,0.15815168353047102,1730680740.0,2024-11-04 00:05:00+00:00,2024-11-04 00:05:00+00:00,2024-11-04 00:38:00+00:00,2024-11-04 00:39:00+00:00,2759.6601017147814,2437.4718145332076,2024-11-09 00:00:00+00:00,0.050876350474300114,0.04130754688154223,target,minute interval; not exact exchange fill
726,2548805.0,2550426.0,-1.0,0.763,2398.38,2616.4700000000003,0.91498197,0.9981833050000002,-0.548254827292977,-166.40267000000011,-167.76758044770716,8261.51094613132,1.0,8429.278526579028,0.21709615291863893,1730862420.0,2024-11-05 00:05:00+00:00,2024-11-05 00:05:00+00:00,2024-11-06 03:06:00+00:00,2024-11-06 03:07:00+00:00,2615.9380297235225,2369.541342143491,2024-11-10 00:00:00+00:00,0.13255616394925968,-1.010667699723371,stop,minute interval; not exact exchange fill
727,2551685.0,2551706.0,-1.0,0.34500000000000003,2717.04,2708.15,0.46868940000000003,0.46715587500000005,0.0,3.0670499999999565,2.1312047249999564,8263.64215085632,2.0,8261.51094613132,0.11346336113479986,1730939220.0,2024-11-07 00:05:00+00:00,2024-11-07 00:05:00+00:00,2024-11-07 00:26:00+00:00,2024-11-07 00:27:00+00:00,3191.3184854185256,2707.6072116951127,2024-11-12 00:00:00+00:00,0.01988871221211588,0.01302484761573918,target,minute interval; not exact exchange fill
728,2553125.0,2553297.0,-1.0,0.481,2906.48,2889.57,0.69900844,0.694941585,0.0,8.13370999999993,6.739759974999929,8270.38191083132,2.0,8263.64215085632,0.16917684169747482,1731034680.0,2024-11-08 00:05:00+00:00,2024-11-08 00:05:00+00:00,2024-11-08 02:57:00+00:00,2024-11-08 02:58:00+00:00,3245.957617387413,2888.9867074960584,2024-11-13 00:00:00+00:00,0.05153003204914736,0.04127510705369816,target,minute interval; not exact exchange fill
729,2554565.0,2554839.0,-1.0,0.364,2955.78,2955.2000000000003,0.53795196,0.5378464000000001,0.0,0.21111999999997352,-0.8646783600000265,8269.51723247132,2.0,8270.38191083132,0.13009120154305578,1731127200.0,2024-11-09 00:05:00+00:00,2024-11-09 00:05:00+00:00,2024-11-09 04:39:00+00:00,2024-11-09 04:40:00+00:00,3405.253951067983,2954.6060528602825,2024-11-14 00:00:00+00:00,0.002611824638398571,-0.005285044871578732,target,minute interval; not exact exchange fill
730,2556005.0,2556077.0,-1.0,0.4,3113.63,3105.09,0.6227260000000001,0.6210180000000001,0.0,3.4159999999999857,2.1722559999999858,8271.68948847132,2.0,8269.51723247132,0.15060758264213697,1731201480.0,2024-11-10 00:05:00+00:00,2024-11-10 00:05:00+00:00,2024-11-10 01:17:00+00:00,2024-11-10 01:18:00+00:00,3521.851205757905,3104.468830578711,2024-11-15 00:00:00+00:00,0.022441679393603836,0.013303179559027116,target,minute interval; not exact exchange fill
731,2557445.0,2557757.0,-1.0,0.399,3191.58,3160.75,0.6367202100000001,0.6305696250000001,0.0,12.301169999999972,11.033880164999973,8282.723368636322,2.0,8271.68948847132,0.15395167115192848,1731302280.0,2024-11-11 00:05:00+00:00,2024-11-11 00:05:00+00:00,2024-11-11 05:17:00+00:00,2024-11-11 05:18:00+00:00,3601.58141580275,3160.1120022267487,2024-11-16 00:00:00+00:00,0.07675094904645484,0.06744814513836718,target,minute interval; not exact exchange fill
732,2558885.0,2558892.0,-1.0,0.445,3351.84,3344.05,0.7457844,0.744051125,0.0,3.466549999999984,1.976714474999984,8284.700083111322,2.0,8282.723368636322,0.18008192880713988,1731370380.0,2024-11-12 00:05:00+00:00,2024-11-12 00:05:00+00:00,2024-11-12 00:12:00+00:00,2024-11-12 00:13:00+00:00,3719.195277724743,3343.372780182441,2024-11-17 00:00:00+00:00,0.02304913072163193,0.012091986339524895,target,minute interval; not exact exchange fill
733,2560325.0,2560462.0,-1.0,0.452,3256.13,3222.94,0.73588538,0.72838444,0.0,15.001880000000025,13.537610180000026,8298.237693291323,2.0,8284.700083111322,0.17764925045388924,1731464580.0,2024-11-13 00:05:00+00:00,2024-11-13 00:05:00+00:00,2024-11-13 02:22:00+00:00,2024-11-13 02:23:00+00:00,3617.4195541396803,3222.2862183007296,2024-11-18 00:00:00+00:00,0.09367495215814062,0.08289878480245444,target,minute interval; not exact exchange fill
734,2561765.0,2561841.0,-1.0,0.312,3188.65,3173.0,0.4974294,0.494988,0.0,4.882800000000028,3.890382600000028,8302.128075891324,2.0,8298.237693291323,0.11988796136850714,1731547320.0,2024-11-14 00:05:00+00:00,2024-11-14 00:05:00+00:00,2024-11-14 01:21:00+00:00,2024-11-14 01:22:00+00:00,3715.3585244581573,3172.364121876928,2024-11-19 00:00:00+00:00,0.030920095967358577,0.023673767218458354,target,minute interval; not exact exchange fill
735,2563205.0,2563271.0,-1.0,0.34500000000000003,3074.07,3054.5,0.5302770750000001,0.52690125,0.0,6.751650000000057,5.694471675000058,8307.822547566324,2.0,8302.128075891324,0.12774485533170218,1731633120.0,2024-11-15 00:05:00+00:00,2024-11-15 00:05:00+00:00,2024-11-15 01:11:00+00:00,2024-11-15 01:12:00+00:00,3549.895727683709,3053.8861848810143,2024-11-20 00:00:00+00:00,0.04241850312978972,0.03468857197013914,target,minute interval; not exact exchange fill
736,2564645.0,2564645.0,-1.0,0.34900000000000003,3089.54,3086.14,0.53912473,0.53853143,0.0,1.1866000000000319,0.10894384000003177,8307.931491406325,2.0,8307.822547566324,0.12978725217426076,1731715560.0,2024-11-16 00:05:00+00:00,2024-11-16 00:05:00+00:00,2024-11-16 00:05:00+00:00,2024-11-16 00:06:00+00:00,3560.8558190579197,3085.5144204306907,2024-11-21 00:00:00+00:00,0.008541150978882226,0.0006623159829942603,target,minute interval; not exact exchange fill
737,2566085.0,2566173.0,-1.0,0.395,3137.1,3111.55,0.6195772500000001,0.6145311250000001,0.0,10.092249999999893,8.858141624999892,8316.789633031325,2.0,8307.931491406325,0.14915319189641538,1731807240.0,2024-11-17 00:05:00+00:00,2024-11-17 00:05:00+00:00,2024-11-17 01:33:00+00:00,2024-11-17 01:34:00+00:00,3552.5128103897296,3110.926208355757,2024-11-22 00:00:00+00:00,0.0630067031868551,0.053984071841599035,target,minute interval; not exact exchange fill
738,2567525.0,2568229.0,-1.0,0.395,3080.38,3053.59,0.6083750500000001,0.6030840250000001,-0.3917142908496504,10.582049999999986,9.762305215849638,8326.551938247176,2.0,8316.789633031325,0.14630045410400935,1731930600.0,2024-11-18 00:05:00+00:00,2024-11-18 00:05:00+00:00,2024-11-18 11:49:00+00:00,2024-11-18 11:50:00+00:00,3496.097416011468,3052.975751119788,2024-11-23 00:00:00+00:00,0.06592037721954863,0.05945071290519293,target,minute interval; not exact exchange fill
739,2568965.0,2568992.0,-1.0,0.509,3214.54,3181.08,0.81810043,0.8095848600000001,0.0,17.03114000000002,15.403454710000018,8341.955392957176,2.0,8326.551938247176,0.19650401176077176,1731976380.0,2024-11-19 00:05:00+00:00,2024-11-19 00:05:00+00:00,2024-11-19 00:32:00+00:00,2024-11-19 00:33:00+00:00,3537.191120590755,3180.435388150859,2024-11-24 00:00:00+00:00,0.1057012037853683,0.09379229783734135,target,minute interval; not exact exchange fill
740,2570405.0,2570536.0,-1.0,0.466,3103.84,3087.73,0.7231947200000001,0.71944109,0.0,7.50726000000006,6.0646241900000595,8348.020017147175,2.0,8341.955392957176,0.1733873380839625,1732069020.0,2024-11-20 00:05:00+00:00,2024-11-20 00:05:00+00:00,2024-11-20 02:16:00+00:00,2024-11-20 02:17:00+00:00,3457.444490651885,3087.1079181642845,2024-11-25 00:00:00+00:00,0.047318635023184744,0.03680443926491958,target,minute interval; not exact exchange fill
741,2571845.0,2571976.0,-1.0,0.325,3071.98,3055.65,0.49919675,0.49654312500000003,0.0,5.307249999999977,4.311510124999977,8352.331527272176,2.0,8348.020017147175,0.11959644298279817,1732155420.0,2024-11-21 00:05:00+00:00,2024-11-21 00:05:00+00:00,2024-11-21 02:16:00+00:00,2024-11-21 02:17:00+00:00,3581.2053333605522,3055.0336742270956,2024-11-26 00:00:00+00:00,0.033278638478313326,0.026051698788141262,target,minute interval; not exact exchange fill
742,2573285.0,2573305.0,-1.0,0.296,3362.21,3350.9,0.49760708,0.4959332,0.0,3.3477599999999836,2.3542197199999837,8354.685746992176,2.0,8352.331527272176,0.11915405378131959,1732235160.0,2024-11-22 00:05:00+00:00,2024-11-22 00:05:00+00:00,2024-11-22 00:25:00+00:00,2024-11-22 00:26:00+00:00,3921.3886154175416,3350.222418789145,2024-11-27 00:00:00+00:00,0.02143783914537514,0.014223442708124786,target,minute interval; not exact exchange fill
743,2574725.0,2574725.0,-1.0,0.281,3322.71,3323.08,0.46684075500000005,0.4668927400000001,0.0,-0.10396999999996934,-1.0377034949999695,8353.648043497176,2.0,8354.685746992176,0.11175543141597406,1732320360.0,2024-11-23 00:05:00+00:00,2024-11-23 00:05:00+00:00,2024-11-23 00:05:00+00:00,2024-11-23 00:06:00+00:00,3910.6459389611746,3322.4100671627834,2024-11-28 00:00:00+00:00,0.0005101454382029342,-0.006281117984596887,target,minute interval; not exact exchange fill
744,2576165.0,2576805.0,-1.0,0.328,3400.66,3368.29,0.5577082400000001,0.5523995600000001,-0.2664801579024,10.617359999999964,9.773732357902364,8363.42177585508,2.0,8353.648043497176,0.1335244762757615,1732445160.0,2024-11-24 00:05:00+00:00,2024-11-24 00:05:00+00:00,2024-11-24 10:45:00+00:00,2024-11-24 10:46:00+00:00,3904.5959918335934,3367.6075814902706,2024-11-29 00:00:00+00:00,0.06558852522017043,0.05913045503532833,target,minute interval; not exact exchange fill
745,2577605.0,2577677.0,-1.0,0.29,3350.7200000000003,3330.5,0.4858544,0.4829225,0.0,5.863800000000073,4.895023100000073,8368.31679895508,2.0,8363.42177585508,0.1161855549130968,1732497480.0,2024-11-25 00:05:00+00:00,2024-11-25 00:05:00+00:00,2024-11-25 01:17:00+00:00,2024-11-25 01:18:00+00:00,3922.7449613593376,3329.8323138774217,2024-11-30 00:00:00+00:00,0.036515340297286814,0.02950813537907287,target,minute interval; not exact exchange fill
746,2579045.0,2579535.0,-1.0,0.398,3413.46,3380.13,0.67927854,0.6726458700000001,-0.16589064785399998,13.265339999999972,12.079306237853972,8380.396105192935,2.0,8368.31679895508,0.1623453213637464,1732608960.0,2024-11-26 00:05:00+00:00,2024-11-26 00:05:00+00:00,2024-11-26 08:15:00+00:00,2024-11-26 08:16:00+00:00,3828.181360957388,3379.4511611076396,2024-12-01 00:00:00+00:00,0.08200406849999425,0.07318170350072313,target,minute interval; not exact exchange fill
747,2580485.0,2587174.0,-1.0,0.388,3320.92,3748.58,0.6442584800000001,0.72722452,-2.717616353124243,-165.93207999999996,-164.5859466468757,8215.810158546057,1.0,8380.396105192935,0.1537537061287076,1733067300.0,2024-11-27 00:05:00+00:00,2024-11-27 00:05:00+00:00,2024-12-01 15:34:00+00:00,2024-12-01 15:35:00+00:00,3747.820873762692,3300.4927207370547,2024-12-02 00:00:00+00:00,0.04785016971949468,-0.9936512436777858,stop,minute interval; not exact exchange fill
748,2587685.0,2587917.0,-1.0,0.295,3714.53,3678.88,0.547893175,0.5426348000000001,0.0,10.516750000000027,9.426222025000026,8225.236380571057,2.0,8215.810158546057,0.13337532499581517,1733111880.0,2024-12-02 00:05:00+00:00,2024-12-02 00:05:00+00:00,2024-12-02 03:57:00+00:00,2024-12-02 03:58:00+00:00,4265.687587495429,3678.142939528147,2024-12-07 00:00:00+00:00,0.06601934056138692,0.05797488000700903,target,minute interval; not exact exchange fill
749,2589125.0,2589577.0,-1.0,0.397,3642.63,3607.77,0.7230620550000001,0.716142345,0.0,13.839420000000052,12.400215600000053,8237.636596171058,2.0,8225.236380571057,0.1758155076753672,1733211480.0,2024-12-03 00:05:00+00:00,2024-12-03 00:05:00+00:00,2024-12-03 07:37:00+00:00,2024-12-03 07:38:00+00:00,4051.0999916258434,3607.04747389574,2024-12-08 00:00:00+00:00,0.08711172628038123,0.07646779602015678,target,minute interval; not exact exchange fill
750,2590565.0,2594350.0,-1.0,0.396,3620.42,4031.8,0.71684316,0.7982964000000001,-2.7380799205646764,-162.90648000000004,-161.68353963943537,8075.953056531624,1.0,8237.636596171058,0.17404097683386432,1733497860.0,2024-12-04 00:05:00+00:00,2024-12-04 00:05:00+00:00,2024-12-06 15:10:00+00:00,2024-12-06 15:11:00+00:00,4030.992803253405,3598.0735546394903,2024-12-09 00:00:00+00:00,0.05442748565768383,-0.9944442581947006,stop,minute interval; not exact exchange fill
751,2594885.0,2594956.0,-1.0,0.249,4009.2000000000003,3993.44,0.4991454000000001,0.49718328000000006,0.0,3.9242400000000544,2.927911320000054,8078.880967851624,2.0,8075.953056531624,0.12361275418665393,1733534220.0,2024-12-07 00:05:00+00:00,2024-12-07 00:05:00+00:00,2024-12-07 01:16:00+00:00,2024-12-07 01:17:00+00:00,4651.280660442479,3992.633867065605,2024-12-12 00:00:00+00:00,0.02580070379783589,0.018313400051477854,target,minute interval; not exact exchange fill
752,2596325.0,2596667.0,-1.0,0.28200000000000003,4004.2200000000003,3966.6800000000003,0.5645950200000001,0.5593018800000001,0.0,10.586279999999991,9.462383099999991,8088.343350951624,2.0,8078.880967851624,0.1397705999746002,1733636880.0,2024-12-08 00:05:00+00:00,2024-12-08 00:05:00+00:00,2024-12-08 05:47:00+00:00,2024-12-08 05:48:00+00:00,4570.360583224026,3965.878172604905,2024-12-13 00:00:00+00:00,0.06772492298069895,0.059268936010408176,target,minute interval; not exact exchange fill
753,2597765.0,2597794.0,-1.0,0.278,3999.9,3968.1,0.5559861,0.5515659,0.0,8.840400000000052,7.732848000000052,8096.076198951624,2.0,8088.343350951624,0.13747836259562007,1733704500.0,2024-12-09 00:05:00+00:00,2024-12-09 00:05:00+00:00,2024-12-09 00:34:00+00:00,2024-12-09 00:35:00+00:00,4574.82558747262,3967.305471058707,2024-12-14 00:00:00+00:00,0.0566934741669421,0.04838191342688306,target,minute interval; not exact exchange fill
754,2599205.0,2599388.0,-1.0,0.314,3689.23,3674.4900000000002,0.57920911,0.57689493,0.0,4.628359999999931,3.4722559599999316,8099.548454911624,2.0,8096.076198951624,0.14308390775151125,1733800140.0,2024-12-10 00:05:00+00:00,2024-12-10 00:05:00+00:00,2024-12-10 03:08:00+00:00,2024-12-10 03:09:00+00:00,4198.11123326938,3673.749619813647,2024-12-15 00:00:00+00:00,0.030420418703392238,0.021730296338411195,target,minute interval; not exact exchange fill
755,2600645.0,2600656.0,-1.0,0.319,3631.4300000000003,3624.71,0.5792130850000001,0.5781412450000001,0.0,2.143680000000081,0.9863256700000809,8100.534780581624,2.0,8099.548454911624,0.1430235495779425,1733876220.0,2024-12-11 00:05:00+00:00,2024-12-11 00:05:00+00:00,2024-12-11 00:16:00+00:00,2024-12-11 00:17:00+00:00,4133.754523561768,3623.983556985741,2024-12-16 00:00:00+00:00,0.014823968699476974,0.006155243980677479,target,minute interval; not exact exchange fill
756,2602085.0,2602129.0,-1.0,0.224,3821.52,3808.85,0.42801024000000004,0.4265912,0.0,2.838080000000016,1.9834785600000162,8102.518259141624,2.0,8100.534780581624,0.1056745638636141,1733964600.0,2024-12-12 00:05:00+00:00,2024-12-12 00:05:00+00:00,2024-12-12 00:49:00+00:00,2024-12-12 00:50:00+00:00,4538.815160867886,3808.081449584391,2024-12-17 00:00:00+00:00,0.018735035657216806,0.012344729872827037,target,minute interval; not exact exchange fill
757,2603525.0,2603596.0,-1.0,0.294,3884.4700000000003,3870.73,0.5710170900000001,0.56899731,0.0,4.039560000000069,2.899545600000069,8105.417804741624,2.0,8102.518259141624,0.1409480538610951,1734052620.0,2024-12-13 00:05:00+00:00,2024-12-13 00:05:00+00:00,2024-12-13 01:16:00+00:00,2024-12-13 01:17:00+00:00,4429.210540768916,3869.9480978381407,2024-12-18 00:00:00+00:00,0.026658383349551135,0.018104765960835587,target,minute interval; not exact exchange fill
758,2604965.0,2605013.0,-1.0,0.251,3906.03,3897.4,0.49020676500000004,0.4891237,0.0,2.1661300000000274,1.1867995350000276,8106.604604276625,2.0,8105.417804741624,0.12095780299276658,1734137640.0,2024-12-14 00:05:00+00:00,2024-12-14 00:05:00+00:00,2024-12-14 00:53:00+00:00,2024-12-14 00:54:00+00:00,4545.916376584445,3896.6197643110954,2024-12-19 00:00:00+00:00,0.014706104135447118,0.007389257175998221,target,minute interval; not exact exchange fill
759,2606405.0,2606864.0,-1.0,0.281,3869.85,3830.69,0.543713925,0.538211945,0.0,11.00395999999996,9.92203412999996,8116.526638406625,2.0,8106.604604276625,0.13414097554805243,1734248700.0,2024-12-15 00:05:00+00:00,2024-12-15 00:05:00+00:00,2024-12-15 07:44:00+00:00,2024-12-15 07:45:00+00:00,4440.771842169118,3829.9148319559517,2024-12-20 00:00:00+00:00,0.06994857280695631,0.06184687183423687,target,minute interval; not exact exchange fill
760,2607845.0,2608547.0,-1.0,0.28600000000000003,3953.48,3920.13,0.56534764,0.5605785900000001,-0.11363929676671003,9.538099999999975,8.525813066766684,8125.052451473392,2.0,8116.526638406625,0.13930777663559415,1734349680.0,2024-12-16 00:05:00+00:00,2024-12-16 00:05:00+00:00,2024-12-16 11:47:00+00:00,2024-12-16 11:48:00+00:00,4513.799522186401,3919.3417831863453,2024-12-21 00:00:00+00:00,0.06092633838714969,0.05320274239627127,target,minute interval; not exact exchange fill
761,2609285.0,2609343.0,-1.0,0.299,3975.9100000000003,3943.42,0.594398545,0.58954129,0.0,9.71451000000007,8.53057016500007,8133.583021638391,2.0,8125.052451473392,0.14631254346972547,1734397440.0,2024-12-17 00:05:00+00:00,2024-12-17 00:05:00+00:00,2024-12-17 01:03:00+00:00,2024-12-17 01:04:00+00:00,4512.478027352009,3942.6248232859175,2024-12-22 00:00:00+00:00,0.06203347016099131,0.053171887897978054,target,minute interval; not exact exchange fill
762,2612165.0,2612278.0,-1.0,0.249,3643.27,3605.12,0.453587115,0.44883744,0.0,9.499350000000023,8.596925445000023,8142.179947083391,2.0,8133.583021638391,0.1115343911270808,1734573540.0,2024-12-19 00:05:00+00:00,2024-12-19 00:05:00+00:00,2024-12-19 01:58:00+00:00,2024-12-19 01:59:00+00:00,4290.413995623016,3604.3959218181185,2024-12-24 00:00:00+00:00,0.06007021380837631,0.053351039696754914,target,minute interval; not exact exchange fill
763,2613605.0,2613605.0,-1.0,0.329,3416.91,3407.96,0.5620816949999999,0.56060942,0.0,2.9445499999999405,1.8218588849999406,8144.001805968391,2.0,8142.179947083391,0.13806663538585712,1734653160.0,2024-12-20 00:05:00+00:00,2024-12-20 00:05:00+00:00,2024-12-20 00:05:00+00:00,2024-12-20 00:06:00+00:00,3906.556417019458,3407.270189418296,2024-12-25 00:00:00+00:00,0.019687289126677637,0.011309313838560696,target,minute interval; not exact exchange fill
764,2615045.0,2615045.0,-1.0,0.274,3469.3,3463.36,0.4752941000000001,0.47448032000000007,0.0,1.627560000000015,0.6777855800000148,8144.679591548391,2.0,8144.001805968391,0.11672249376263089,1734739560.0,2024-12-21 00:05:00+00:00,2024-12-21 00:05:00+00:00,2024-12-21 00:05:00+00:00,2024-12-21 00:06:00+00:00,4058.2925866139412,3462.6611487731393,2024-12-26 00:00:00+00:00,0.011271536141103176,0.00419983214766918,target,minute interval; not exact exchange fill
765,2616485.0,2616786.0,-1.0,0.329,3329.5,3305.6,0.54770275,0.5437712,0.0,7.86310000000003,6.77162605000003,8151.451217598391,2.0,8144.679591548391,0.13449338156122012,1734844020.0,2024-12-22 00:05:00+00:00,2024-12-22 00:05:00+00:00,2024-12-22 05:06:00+00:00,2024-12-22 05:07:00+00:00,3819.90289019366,3304.9380139642226,2024-12-27 00:00:00+00:00,0.0500853207167639,0.0419704908180131,target,minute interval; not exact exchange fill
766,2617925.0,2617955.0,-1.0,0.34500000000000003,3277.83,3248.7200000000003,0.5654256750000001,0.5604042,0.0,10.042949999999887,8.917120124999887,8160.36833772339,2.0,8151.451217598391,0.1387300641091459,1734914160.0,2024-12-23 00:05:00+00:00,2024-12-23 00:05:00+00:00,2024-12-23 00:35:00+00:00,2024-12-23 00:36:00+00:00,3745.300910814754,3248.0651511825167,2024-12-28 00:00:00+00:00,0.0636720876719497,0.05529055263556715,target,minute interval; not exact exchange fill
767,2619365.0,2619457.0,-1.0,0.328,3414.31,3382.84,0.5599468400000001,0.5547857600000001,0.0,10.322159999999934,9.207427399999935,8169.575765123391,2.0,8160.36833772339,0.137235677809175,1735004280.0,2024-12-24 00:05:00+00:00,2024-12-24 00:05:00+00:00,2024-12-24 01:37:00+00:00,2024-12-24 01:38:00+00:00,3906.2434540412396,3382.1541093128403,2024-12-29 00:00:00+00:00,0.0653663425875971,0.05706346004605436,target,minute interval; not exact exchange fill
768,2622245.0,2622295.0,-1.0,0.251,3504.13,3475.82,0.439768315,0.43621541,0.0,7.105809999999987,6.229826274999986,8175.805591398391,2.0,8169.575765123391,0.10766001262327675,1735174560.0,2024-12-26 00:05:00+00:00,2024-12-26 00:05:00+00:00,2024-12-26 00:55:00+00:00,2024-12-26 00:56:00+00:00,4148.909569086577,3475.121020872558,2024-12-31 00:00:00+00:00,0.044990537104855254,0.0384938143048811,target,minute interval; not exact exchange fill
769,2623685.0,2623698.0,-1.0,0.338,3334.59,3324.58,0.5635457100000001,0.56185402,0.0,3.383380000000074,2.2579802700000737,8178.063571668391,2.0,8175.805591398391,0.13785692521673848,1735258740.0,2024-12-27 00:05:00+00:00,2024-12-27 00:05:00+00:00,2024-12-27 00:18:00+00:00,2024-12-27 00:19:00+00:00,3813.178423675501,3323.9120980790517,2025-01-01 00:00:00+00:00,0.022311241544338774,0.01395858042009341,target,minute interval; not exact exchange fill
770,2625125.0,2625203.0,-1.0,0.28500000000000003,3333.85,3324.8,0.47507362500000005,0.4737840000000001,0.0,2.5792499999999223,1.6303923749999223,8179.693964043391,2.0,8178.063571668391,0.11618242407550304,1735349040.0,2024-12-28 00:05:00+00:00,2024-12-28 00:05:00+00:00,2024-12-28 01:23:00+00:00,2024-12-28 01:24:00+00:00,3901.335735323793,3324.1309911871645,2025-01-02 00:00:00+00:00,0.01712643720866399,0.010080737970859573,target,minute interval; not exact exchange fill
771,2626565.0,2627431.0,-1.0,0.313,3396.61,3368.7400000000002,0.531569465,0.52720781,-0.0548570437997364,8.723309999999966,7.719389768799702,8187.4133538121905,2.0,8179.693964043391,0.1299729469920741,1735482720.0,2024-12-29 00:05:00+00:00,2024-12-29 00:05:00+00:00,2024-12-29 14:31:00+00:00,2024-12-29 14:32:00+00:00,3912.936288872116,3368.066136519384,2025-01-03 00:00:00+00:00,0.0552826073275648,0.04776550730089644,target,minute interval; not exact exchange fill
772,2628005.0,2628873.0,-1.0,0.328,3353.9900000000002,3321.52,0.5500543600000001,0.54472928,-0.11239377063014402,10.650160000000083,9.667770130630226,8197.08112394282,2.0,8187.4133538121905,0.13436584577567126,1735569240.0,2024-12-30 00:05:00+00:00,2024-12-30 00:05:00+00:00,2024-12-30 14:33:00+00:00,2024-12-30 14:34:00+00:00,3847.838272716944,3320.846318929771,2025-01-04 00:00:00+00:00,0.06711308493170764,0.05968413896172966,target,minute interval; not exact exchange fill
773,2629445.0,2629504.0,-1.0,0.353,3355.1,3324.56,0.59217515,0.58678484,0.0,10.780619999999987,9.601660009999987,8206.682783952821,2.0,8197.08112394282,0.14448439415106384,1735607100.0,2024-12-31 00:05:00+00:00,2024-12-31 00:05:00+00:00,2024-12-31 01:04:00+00:00,2024-12-31 01:05:00+00:00,3814.3758855507012,3323.8883418962214,2025-01-05 00:00:00+00:00,0.06795840819370198,0.0592240325602665,target,minute interval; not exact exchange fill
774,2630885.0,2631387.0,-1.0,0.354,3338.7400000000002,3333.2200000000003,0.5909569800000001,0.5899799400000001,-0.11844273599999999,1.9540799999999934,0.8915858159999932,8207.574369768821,2.0,8206.682783952821,0.1440184775157985,1735720080.0,2025-01-01 00:05:00+00:00,2025-01-01 00:05:00+00:00,2025-01-01 08:27:00+00:00,2025-01-01 08:28:00+00:00,3796.7260292422957,3332.5460747737366,2025-01-06 00:00:00+00:00,0.01352426674785489,0.00549930312102932,target,minute interval; not exact exchange fill
775,2632325.0,2639520.0,-1.0,0.267,3353.36,3686.46,0.4476735600000001,0.49214241000000003,-1.434869660736924,-88.93769999999998,-88.44264630926305,8119.131723459559,4.0,8207.574369768821,0.10908790827383255,1736208000.0,2025-01-02 00:05:00+00:00,2025-01-02 00:05:00+00:00,2025-01-07 00:00:00+00:00,2025-01-07 00:00:00+00:00,3962.6218315857986,3340.273275935814,2025-01-07 00:00:00+00:00,0.021479638778821284,-0.5436839289023813,timeout,minute interval; not exact exchange fill
776,2640965.0,2641071.0,-1.0,0.369,3377.9900000000002,3376.28,0.623239155,0.6229236600000001,0.0,0.6309900000000134,-0.6151728149999868,8118.516550644559,2.0,8119.131723459559,0.15352359740616156,1736301120.0,2025-01-08 00:05:00+00:00,2025-01-08 00:05:00+00:00,2025-01-08 01:51:00+00:00,2025-01-08 01:52:00+00:00,3812.7945862872116,3375.603999582479,2025-01-13 00:00:00+00:00,0.005487523574429747,-0.0038342166862488747,target,minute interval; not exact exchange fill
777,2642405.0,2642436.0,-1.0,0.266,3319.51,3319.48,0.44149483000000006,0.44149084000000005,0.0,0.007980000000053224,-0.8750056699999469,8117.641544974559,2.0,8118.516550644559,0.10876243886327931,1736383020.0,2025-01-09 00:05:00+00:00,2025-01-09 00:05:00+00:00,2025-01-09 00:36:00+00:00,2025-01-09 00:37:00+00:00,3924.5662515958797,3318.810204388664,2025-01-14 00:00:00+00:00,0.0011565794246248197,-0.005436676327735678,target,minute interval; not exact exchange fill
778,2643845.0,2644751.0,-1.0,0.373,3219.91,3210.54,0.600513215,0.59876571,-0.07572708423826553,3.4950099999999593,2.371458159238225,8120.013003133798,2.0,8117.641544974559,0.14795263172756465,1736521920.0,2025-01-10 00:05:00+00:00,2025-01-10 00:05:00+00:00,2025-01-10 15:11:00+00:00,2025-01-10 15:12:00+00:00,3650.0963579590784,3209.89169775997,2025-01-15 00:00:00+00:00,0.023288284378796334,0.01477916850670032,target,minute interval; not exact exchange fill
779,2645285.0,2645299.0,-1.0,0.312,3268.09,3258.91,0.50982204,0.50838996,0.0,2.8641600000000906,1.8459480000000905,8121.858951133798,2.0,8120.013003133798,0.12557172994753624,1736554800.0,2025-01-11 00:05:00+00:00,2025-01-11 00:05:00+00:00,2025-01-11 00:19:00+00:00,2025-01-11 00:20:00+00:00,3782.581228115369,3258.2501410026434,2025-01-16 00:00:00+00:00,0.01912541644956916,0.01149971015380185,target,minute interval; not exact exchange fill
780,2646725.0,2647236.0,-1.0,0.359,3282.58,3252.03,0.58922311,0.583739385,-0.11724006599999999,10.967449999999902,9.911727570999902,8131.770678704797,2.0,8121.858951133798,0.14509562737918405,1736671020.0,2025-01-12 00:05:00+00:00,2025-01-12 00:05:00+00:00,2025-01-12 08:36:00+00:00,2025-01-12 08:37:00+00:00,3730.0231386146565,3251.3727464332615,2025-01-17 00:00:00+00:00,0.06974574168990562,0.061704530961144456,target,minute interval; not exact exchange fill
781,2648165.0,2648388.0,-1.0,0.375,3272.38,3235.56,0.61357125,0.6066675,0.0,13.807500000000061,12.587261250000061,8144.357939954797,2.0,8131.770678704797,0.15090716997389003,1736740140.0,2025-01-13 00:05:00+00:00,2025-01-13 00:05:00+00:00,2025-01-13 03:48:00+00:00,2025-01-13 03:49:00+00:00,3700.8949779722684,3234.9071388561697,2025-01-18 00:00:00+00:00,0.08744819450921387,0.0783310542815435,target,minute interval; not exact exchange fill
782,2649605.0,2656800.0,-1.0,0.40700000000000003,3133.46,3307.38,0.6376591100000001,0.6730518300000001,-1.6881881057022223,-70.78544000000004,-70.40796283429782,8073.9499771205,4.0,8144.357939954797,0.15658916631641542,1737244800.0,2025-01-14 00:05:00+00:00,2025-01-14 00:05:00+00:00,2025-01-19 00:00:00+00:00,2025-01-19 00:00:00+00:00,3528.316361951696,3104.7136030362567,2025-01-19 00:00:00+00:00,0.07280216233988396,-0.438115108039136,timeout,minute interval; not exact exchange fill
783,2658245.0,2658260.0,-1.0,0.34500000000000003,3203.4700000000003,3182.94,0.5525985750000001,0.5490571500000001,0.0,7.08285000000007,5.981194275000069,8079.9311713955,2.0,8073.9499771205,0.13688431971115067,1737332460.0,2025-01-20 00:05:00+00:00,2025-01-20 00:05:00+00:00,2025-01-20 00:20:00+00:00,2025-01-20 00:21:00+00:00,3665.960945587892,3182.293948073195,2025-01-25 00:00:00+00:00,0.045786954596240256,0.03748569602365439,target,minute interval; not exact exchange fill
784,2659685.0,2659689.0,-1.0,0.312,3267.53,3261.2000000000003,0.50973468,0.5087472000000001,0.0,1.9749599999999774,0.9564781199999773,8080.8876495155,2.0,8079.9311713955,0.12617302528629407,1737418200.0,2025-01-21 00:05:00+00:00,2025-01-21 00:05:00+00:00,2025-01-21 00:09:00+00:00,2025-01-21 00:10:00+00:00,3779.8076888607375,3260.5453569982265,2025-01-26 00:00:00+00:00,0.013634486048586284,0.005984322695797358,target,minute interval; not exact exchange fill
785,2661125.0,2661148.0,-1.0,0.355,3331.55,3323.44,0.5913501250000001,0.5899106,0.0,2.879050000000045,1.6977892750000452,8082.5854387905,2.0,8080.8876495155,0.14635771480759424,1737505740.0,2025-01-22 00:05:00+00:00,2025-01-22 00:05:00+00:00,2025-01-22 00:28:00+00:00,2025-01-22 00:29:00+00:00,3781.35253047254,3322.7742605925523,2025-01-27 00:00:00+00:00,0.01951020461852121,0.010632454635094806,target,minute interval; not exact exchange fill
786,2662565.0,2662666.0,-1.0,0.272,3242.83,3236.2000000000003,0.44102488,0.44012320000000005,0.0,1.8033599999999061,0.922211919999906,8083.5076507105,2.0,8082.5854387905,0.10912965494516223,1737596820.0,2025-01-23 00:05:00+00:00,2025-01-23 00:05:00+00:00,2025-01-23 01:46:00+00:00,2025-01-23 01:47:00+00:00,3830.8360565651838,3235.5477851212245,2025-01-28 00:00:00+00:00,0.012384591616818106,0.005766071560223462,target,minute interval; not exact exchange fill
787,2664005.0,2664008.0,-1.0,0.354,3333.23,3329.9,0.58998171,0.5893923,0.0,1.1788199999999742,-0.0005540100000257508,8083.5070967004995,2.0,8083.5076507105,0.1459717081972808,1737677340.0,2025-01-24 00:05:00+00:00,2025-01-24 00:05:00+00:00,2025-01-24 00:08:00+00:00,2025-01-24 00:09:00+00:00,3785.170848797805,3329.232592905495,2025-01-29 00:00:00+00:00,0.008844978508002472,-3.4628425472841304e-06,target,minute interval; not exact exchange fill
788,2665445.0,2665448.0,-1.0,0.313,3309.33,3302.09,0.517910145,0.5167770850000001,0.0,2.2661199999999315,1.2314327699999312,8084.738529470499,2.0,8083.5070967004995,0.1281399617280967,1737763740.0,2025-01-25 00:05:00+00:00,2025-01-25 00:05:00+00:00,2025-01-25 00:08:00+00:00,2025-01-25 00:09:00+00:00,3819.8097414702493,3301.4202892578965,2025-01-30 00:00:00+00:00,0.015494661393070085,0.007707044335723301,target,minute interval; not exact exchange fill
789,2666885.0,2668207.0,-1.0,0.359,3312.77,3288.63,0.594642215,0.590309085,-0.16232122545327649,8.666259999999953,7.643629925453229,8092.382159395952,2.0,8084.738529470499,0.14710239863228958,1737929280.0,2025-01-26 00:05:00+00:00,2025-01-26 00:05:00+00:00,2025-01-26 22:07:00+00:00,2025-01-26 22:08:00+00:00,3757.4525040932813,3287.9711802613765,2025-01-31 00:00:00+00:00,0.05576747344532677,0.04788011235955684,target,minute interval; not exact exchange fill
790,2668325.0,2668392.0,-1.0,0.41300000000000003,3236.42,3201.57,0.66832073,0.6611242050000001,0.0,14.393049999999963,13.063605064999964,8105.445764460952,2.0,8092.382159395952,0.16517280495064662,1737940380.0,2025-01-27 00:05:00+00:00,2025-01-27 00:05:00+00:00,2025-01-27 01:12:00+00:00,2025-01-27 01:13:00+00:00,3623.0929178646616,3200.9254221055703,2025-02-01 00:00:00+00:00,0.09179483810359107,0.08180300077563489,target,minute interval; not exact exchange fill
791,2669765.0,2669848.0,-1.0,0.396,3196.63,3152.4700000000003,0.6329327400000001,0.6241890600000001,0.0,17.487359999999942,16.230238199999942,8121.676002660952,2.0,8105.445764460952,0.15617469005224857,1738027740.0,2025-01-28 00:05:00+00:00,2025-01-28 00:05:00+00:00,2025-01-28 01:28:00+00:00,2025-01-28 01:29:00+00:00,3601.2557331361254,3151.8310267191596,2025-02-02 00:00:00+00:00,0.11071706422035481,0.10129224773307093,target,minute interval; not exact exchange fill
792,2671205.0,2672177.0,-1.0,0.419,3080.57,3073.2000000000003,0.645379415,0.6438354000000001,-0.19964587115578716,3.088029999999954,1.9984610561557414,8123.674463717108,2.0,8121.676002660952,0.15892764370027826,1738167480.0,2025-01-29 00:05:00+00:00,2025-01-29 00:05:00+00:00,2025-01-29 16:17:00+00:00,2025-01-29 16:18:00+00:00,3463.6603427865143,3072.5788610655854,2025-02-03 00:00:00+00:00,0.02085967209794157,0.012450318528108743,target,minute interval; not exact exchange fill
793,2672645.0,2672646.0,-1.0,0.311,3109.11,3107.4,0.48346660500000005,0.48320070000000004,0.0,0.5318100000000113,-0.43485730499998876,8123.239606412108,2.0,8123.674463717108,0.11902658265279199,1738195620.0,2025-01-30 00:05:00+00:00,2025-01-30 00:05:00+00:00,2025-01-30 00:06:00+00:00,2025-01-30 00:07:00+00:00,3626.771596444643,3106.775898048375,2025-02-04 00:00:00+00:00,0.004508933959281535,-0.002701098574055588,target,minute interval; not exact exchange fill
794,2674085.0,2674093.0,-1.0,0.508,3255.54,3238.57,0.82690716,0.8225967800000001,0.0,8.620759999999898,6.971256059999897,8130.210862472108,2.0,8123.239606412108,0.20359048854037937,1738282440.0,2025-01-31 00:05:00+00:00,2025-01-31 00:05:00+00:00,2025-01-31 00:13:00+00:00,2025-01-31 00:14:00+00:00,3570.296545444271,3237.920149462282,2025-02-05 00:00:00+00:00,0.05597929826319539,0.043598600882565286,target,minute interval; not exact exchange fill
795,2676965.0,2677168.0,-1.0,0.529,3119.88,3076.03,0.8252082600000001,0.8136099350000001,0.0,23.196649999999952,21.557831804999953,8151.768694277108,2.0,8130.210862472108,0.20299799696685447,1738466940.0,2025-02-02 00:05:00+00:00,2025-02-02 00:05:00+00:00,2025-02-02 03:28:00+00:00,2025-02-02 03:29:00+00:00,3422.5920151864634,3075.4107200813337,2025-02-07 00:00:00+00:00,0.14690292320004017,0.13462314990998173,target,minute interval; not exact exchange fill
796,2678405.0,2678417.0,-1.0,0.468,2851.13,2833.29,0.6671644200000001,0.66298986,0.0,8.349120000000068,7.018965720000069,8158.787659997109,2.0,8151.768694277108,0.16368580734347338,1738541880.0,2025-02-03 00:05:00+00:00,2025-02-03 00:05:00+00:00,2025-02-03 00:17:00+00:00,2025-02-03 00:18:00+00:00,3194.907091939532,2832.713690487948,2025-02-08 00:00:00+00:00,0.05357049653352517,0.043626496214116996,target,minute interval; not exact exchange fill
797,2679845.0,2679872.0,-1.0,0.418,2877.11,2852.63,0.60131599,0.59619967,0.0,10.232640000000007,9.035124340000007,8167.822784337109,2.0,8158.787659997109,0.14740326996087386,1738629180.0,2025-02-04 00:05:00+00:00,2025-02-04 00:05:00+00:00,2025-02-04 00:32:00+00:00,2025-02-04 00:33:00+00:00,3262.809492465209,2852.0558984235963,2025-02-09 00:00:00+00:00,0.06495756947013288,0.05604137527339306,target,minute interval; not exact exchange fill
798,2681285.0,2681286.0,-1.0,0.437,2731.73,2727.44,0.596883005,0.59594564,0.0,1.874729999999984,0.6819013549999839,8168.504685692109,2.0,8167.822784337109,0.14615473933753875,1738714020.0,2025-02-05 00:05:00+00:00,2025-02-05 00:05:00+00:00,2025-02-05 00:06:00+00:00,2025-02-05 00:07:00+00:00,3101.614333037104,2726.891077345478,2025-02-10 00:00:00+00:00,0.013082259026192547,0.0042186566464912515,target,minute interval; not exact exchange fill
799,2682725.0,2682729.0,-1.0,0.331,2794.29,2782.02,0.462454995,0.46042431000000006,0.0,4.061369999999994,3.138490694999994,8171.643176387109,2.0,8168.504685692109,0.11322880081345431,1738800600.0,2025-02-06 00:05:00+00:00,2025-02-06 00:05:00+00:00,2025-02-06 00:09:00+00:00,2025-02-06 00:10:00+00:00,3283.7592069472835,2781.45410367968,2025-02-11 00:00:00+00:00,0.02622411407731811,0.019371688485035156,target,minute interval; not exact exchange fill
800,2684165.0,2684210.0,-1.0,0.579,2694.86,2678.77,0.78016197,0.7755039149999999,0.0,9.316110000000084,7.760444115000084,8179.403620502108,2.0,8171.643176387109,0.190943719190864,1738889460.0,2025-02-07 00:05:00+00:00,2025-02-07 00:05:00+00:00,2025-02-07 00:50:00+00:00,2025-02-07 00:51:00+00:00,2973.254660003787,2678.225989906834,2025-02-12 00:00:00+00:00,0.059749745533696115,0.04814454774318523,target,minute interval; not exact exchange fill
801,2685605.0,2685920.0,-1.0,0.458,2617.96,2615.37,0.59951284,0.59891973,0.0,1.1862200000000667,-0.012212569999933365,8179.391407932108,2.0,8179.403620502108,0.14659084398214298,1738992060.0,2025-02-08 00:05:00+00:00,2025-02-08 00:05:00+00:00,2025-02-08 05:20:00+00:00,2025-02-08 05:21:00+00:00,2971.372950000964,2614.842412731049,2025-02-13 00:00:00+00:00,0.008821372473596264,-7.544997997323464e-05,target,minute interval; not exact exchange fill
802,2687045.0,2688339.0,-1.0,0.5710000000000001,2630.63,2594.1,0.7510448650000001,0.7406155500000001,-0.1592756473923324,20.858630000000115,19.526245232392444,8198.9176531645,2.0,8179.391407932108,0.18364321440141895,1739137200.0,2025-02-09 00:05:00+00:00,2025-02-09 00:05:00+00:00,2025-02-09 21:39:00+00:00,2025-02-09 21:40:00+00:00,2913.1669161721916,2593.5792611393604,2025-02-14 00:00:00+00:00,0.1311359215022339,0.12103401230686468,target,minute interval; not exact exchange fill
803,2688485.0,2688581.0,-1.0,0.535,2641.63,2592.31,0.706636025,0.693442925,0.0,26.386200000000088,24.986121050000087,8223.903774214501,2.0,8198.9176531645,0.17237300211870352,1739151720.0,2025-02-10 00:05:00+00:00,2025-02-10 00:05:00+00:00,2025-02-10 01:41:00+00:00,2025-02-10 01:42:00+00:00,2944.3555095775423,2591.786378255386,2025-02-15 00:00:00+00:00,0.1646495593125657,0.15427517180555714,target,minute interval; not exact exchange fill
804,2689925.0,2690755.0,-1.0,0.436,2660.11,2634.73,0.5799039800000001,0.57437114,-0.050358140730424945,11.065680000000048,9.961763020730475,8233.865537235231,2.0,8223.903774214501,0.14102888261369256,1739282160.0,2025-02-11 00:05:00+00:00,2025-02-11 00:05:00+00:00,2025-02-11 13:55:00+00:00,2025-02-11 13:56:00+00:00,3033.2405745533133,2634.19523172806,2025-02-16 00:00:00+00:00,0.06945227767240285,0.06123347128583205,target,minute interval; not exact exchange fill
805,2691365.0,2691381.0,-1.0,0.47600000000000003,2603.89,2598.64,0.61972582,0.61847632,0.0,2.499,1.2607978600000003,8235.12633509523,2.0,8233.865537235231,0.15053095467674873,1739319720.0,2025-02-12 00:05:00+00:00,2025-02-12 00:05:00+00:00,2025-02-12 00:21:00+00:00,2025-02-12 00:22:00+00:00,2946.0824802981642,2598.1106335102813,2025-02-17 00:00:00+00:00,0.016889227035856474,0.007740482776512401,target,minute interval; not exact exchange fill
806,2694245.0,2694247.0,-1.0,0.559,2669.54,2667.04,0.7461364300000001,0.7454376800000001,0.0,1.3975000000000002,-0.09407410999999999,8235.03226098523,2.0,8235.12633509523,0.18120825343509966,1739491680.0,2025-02-14 00:05:00+00:00,2025-02-14 00:05:00+00:00,2025-02-14 00:07:00+00:00,2025-02-14 00:08:00+00:00,2960.076779524686,2666.505208734941,2025-02-19 00:00:00+00:00,0.010445463290478945,-0.0005792381958501774,target,minute interval; not exact exchange fill
807,2695685.0,2695699.0,-1.0,0.452,2725.73,2719.29,0.6160149800000001,0.61455954,0.0,2.9108800000000246,1.6803054800000243,8236.71256646523,2.0,8235.03226098523,0.14960839508023996,1739578800.0,2025-02-15 00:05:00+00:00,2025-02-15 00:05:00+00:00,2025-02-15 00:19:00+00:00,2025-02-15 00:20:00+00:00,3085.9919501573763,2718.7441760855136,2025-02-20 00:00:00+00:00,0.01939095680638704,0.010318852708081193,target,minute interval; not exact exchange fill
808,2697125.0,2698500.0,-1.0,0.589,2691.84,2655.6,0.79274688,0.7820741999999999,-0.1542330955832024,21.345360000000138,19.92477201558334,8256.637338480812,2.0,8236.71256646523,0.1924910875796667,1739746860.0,2025-02-16 00:05:00+00:00,2025-02-16 00:05:00+00:00,2025-02-16 23:00:00+00:00,2025-02-16 23:01:00+00:00,2967.61206253808,2655.0625893434553,2025-02-21 00:00:00+00:00,0.13336162596770088,0.12266701542769833,target,minute interval; not exact exchange fill
809,2698565.0,2700996.0,-1.0,0.54,2662.02,2627.7200000000003,0.7187454,0.7094844000000001,-0.3557338106163751,18.521999999999853,17.449504010616227,8274.086842491432,2.0,8256.637338480812,0.17410124013809386,1739896620.0,2025-02-17 00:05:00+00:00,2025-02-17 00:05:00+00:00,2025-02-18 16:36:00+00:00,2025-02-18 16:37:00+00:00,2963.535352431557,2627.187425982332,2025-02-22 00:00:00+00:00,0.11552504287679598,0.10717164501031877,target,minute interval; not exact exchange fill
810,2701445.0,2701470.0,-1.0,0.47400000000000003,2670.46,2668.19,0.6328990200000001,0.63236103,0.0,1.0759799999999915,-0.18928005000000858,8273.897562441432,2.0,8274.086842491432,0.15298341244129998,1739925060.0,2025-02-19 00:05:00+00:00,2025-02-19 00:05:00+00:00,2025-02-19 00:30:00+00:00,2025-02-19 00:31:00+00:00,3015.1193985455975,2667.650052163904,2025-02-24 00:00:00+00:00,0.008152825218036803,-0.0011586076041596428,target,minute interval; not exact exchange fill
811,2702885.0,2702897.0,-1.0,0.358,2715.19,2709.4700000000003,0.48601901,0.48499513000000005,0.0,2.0477599999999283,1.0767458599999284,8274.974308301431,2.0,8273.897562441432,0.11748248182482626,1740010680.0,2025-02-20 00:05:00+00:00,2025-02-20 00:05:00+00:00,2025-02-20 00:17:00+00:00,2025-02-20 00:18:00+00:00,3172.3145623332834,2708.922653632,2025-02-25 00:00:00+00:00,0.013710368867535051,0.006579541437563244,target,minute interval; not exact exchange fill
812,2704325.0,2704370.0,-1.0,0.602,2738.28,2729.76,0.8242222800000001,0.82165776,0.0,5.129039999999989,3.4831599599999894,8278.457468261431,2.0,8274.974308301431,0.19920842030243952,1740099060.0,2025-02-21 00:05:00+00:00,2025-02-21 00:05:00+00:00,2025-02-21 00:50:00+00:00,2025-02-21 00:51:00+00:00,3009.02457238146,2729.204783757764,2025-02-26 00:00:00+00:00,0.03351947617051407,0.021370622314259905,target,minute interval; not exact exchange fill
813,2707205.0,2708850.0,-1.0,0.607,2763.57,2726.57,0.8387434950000001,0.827513995,-0.19059450324075308,22.459,20.983337013240753,8299.440805274673,2.0,8278.457468261431,0.20263279680197369,1740367860.0,2025-02-23 00:05:00+00:00,2025-02-23 00:05:00+00:00,2025-02-24 03:30:00+00:00,2025-02-24 03:31:00+00:00,3032.14079103629,2726.0183967097046,2025-02-28 00:00:00+00:00,0.13982013139031763,0.12871438515666933,target,minute interval; not exact exchange fill
814,2710085.0,2710090.0,-1.0,0.515,2514.28,2489.87,0.6474271000000001,0.641141525,0.0,12.57115000000016,11.28258137500016,8310.723386649672,2.0,8299.440805274673,0.15601704143453393,1740442260.0,2025-02-25 00:05:00+00:00,2025-02-25 00:05:00+00:00,2025-02-25 00:10:00+00:00,2025-02-25 00:11:00+00:00,2832.5169327304757,2489.3705479255445,2025-03-02 00:00:00+00:00,0.07827329110022635,0.06884155403343709,target,minute interval; not exact exchange fill
815,2711525.0,2711525.0,-1.0,0.532,2494.7200000000003,2492.33,0.6635955200000001,0.66295978,0.0,1.2714800000001742,-0.055075299999825855,8310.668311349673,2.0,8310.723386649672,0.1596962115394187,1740528360.0,2025-02-26 00:05:00+00:00,2025-02-26 00:05:00+00:00,2025-02-26 00:05:00+00:00,2025-02-26 00:06:00+00:00,2803.4330640380176,2491.825301087193,2025-03-03 00:00:00+00:00,0.009376664773897186,-0.00033534376111444305,target,minute interval; not exact exchange fill
816,2712965.0,2712984.0,-1.0,0.487,2334.57,2331.55,0.568467795,0.5677324250000001,0.0,1.470739999999991,0.33453977999999096,8311.002851129673,2.0,8310.668311349673,0.13680435163647614,1740615900.0,2025-02-27 00:05:00+00:00,2025-02-27 00:05:00+00:00,2025-02-27 00:24:00+00:00,2025-02-27 00:25:00+00:00,2672.0920193863108,2331.077416084523,2025-03-04 00:00:00+00:00,0.010347721674062586,0.002035244993049608,target,minute interval; not exact exchange fill
817,2714405.0,2714430.0,-1.0,0.713,2311.03,2300.54,0.823882195,0.8201425099999999,0.0,7.479370000000168,5.835345295000168,8316.838196424673,2.0,8311.002851129673,0.19826300381740666,1740702660.0,2025-02-28 00:05:00+00:00,2025-02-28 00:05:00+00:00,2025-02-28 00:30:00+00:00,2025-02-28 00:31:00+00:00,2540.6307160876227,2300.0764644520605,2025-03-05 00:00:00+00:00,0.04770688756806639,0.03564542454160681,target,minute interval; not exact exchange fill
818,2717285.0,2718136.0,-1.0,0.739,2215.04,2187.73,0.81845728,0.8083662349999999,-0.1020715153656,20.18208999999996,18.65733800036556,8335.49553442504,2.0,8316.838196424673,0.19681933462450832,1740925020.0,2025-03-02 00:05:00+00:00,2025-03-02 00:05:00+00:00,2025-03-02 14:16:00+00:00,2025-03-02 14:17:00+00:00,2436.801554247543,2187.284610657135,2025-03-07 00:00:00+00:00,0.12515870677873533,0.11384631667136522,target,minute interval; not exact exchange fill
819,2718725.0,2718727.0,-1.0,0.539,2500.38,2486.42,0.6738524100000001,0.67009019,0.0,7.52444000000002,6.18049740000002,8341.67603182504,2.0,8335.49553442504,0.16168262755754223,1740960480.0,2025-03-03 00:05:00+00:00,2025-03-03 00:05:00+00:00,2025-03-03 00:07:00+00:00,2025-03-03 00:08:00+00:00,2805.868793401448,2485.9154352387536,2025-03-08 00:00:00+00:00,0.0473489210526894,0.03753525578573873,target,minute interval; not exact exchange fill
820,2720165.0,2720204.0,-1.0,0.588,2147.64,2128.68,0.6314061599999999,0.62583192,0.0,11.14848000000002,9.891241920000022,8351.567273745039,2.0,8341.67603182504,0.1513859223472761,1741049100.0,2025-03-04 00:05:00+00:00,2025-03-04 00:05:00+00:00,2025-03-04 00:44:00+00:00,2025-03-04 00:45:00+00:00,2427.8940622269474,2128.248091868327,2025-03-09 00:00:00+00:00,0.06919403050782418,0.060023536737811294,target,minute interval; not exact exchange fill
821,2723045.0,2723048.0,-1.0,0.455,2242.51,2236.32,0.510171025,0.5087628000000001,0.0,2.816450000000025,1.797516175000025,8353.364789920039,2.0,8351.567273745039,0.12217372099817317,1741219740.0,2025-03-06 00:05:00+00:00,2025-03-06 00:05:00+00:00,2025-03-06 00:08:00+00:00,2025-03-06 00:09:00+00:00,2606.4137757683006,2235.868255669592,2025-03-11 00:00:00+00:00,0.018251375150987466,0.010856125336043269,target,minute interval; not exact exchange fill
822,2724485.0,2724495.0,-1.0,0.6910000000000001,2206.89,2194.98,0.762480495,0.7583655900000001,0.0,8.2298099999999,6.708963914999899,8360.073753835039,2.0,8353.364789920039,0.18255649410165378,1741306560.0,2025-03-07 00:05:00+00:00,2025-03-07 00:05:00+00:00,2025-03-07 00:15:00+00:00,2025-03-07 00:16:00+00:00,2445.4485086418435,2194.539351160554,2025-03-12 00:00:00+00:00,0.05177199048468412,0.04069888370477875,target,minute interval; not exact exchange fill
823,2727365.0,2727736.0,-1.0,0.53,2199.51,2172.09,0.5828701500000001,0.5756038500000001,0.0,14.53260000000004,13.37412600000004,8373.44787983504,2.0,8360.073753835039,0.13944138943334525,1741501020.0,2025-03-09 00:05:00+00:00,2025-03-09 00:05:00+00:00,2025-03-09 06:16:00+00:00,2025-03-09 06:17:00+00:00,2511.429767272496,2171.6509443805417,2025-03-14 00:00:00+00:00,0.08931481279004881,0.0808996499986333,target,minute interval; not exact exchange fill
824,2728805.0,2729822.0,-1.0,0.716,2031.02,1993.45,0.7271051599999999,0.7136551,-0.08782376266181953,26.900119999999955,25.547183502661774,8398.995063337701,2.0,8373.44787983504,0.17366923886897695,1741626180.0,2025-03-10 00:05:00+00:00,2025-03-10 00:05:00+00:00,2025-03-10 17:02:00+00:00,2025-03-10 17:03:00+00:00,2261.928128667216,1993.041799611894,2025-03-15 00:00:00+00:00,0.16447320675678787,0.15452216469096963,target,minute interval; not exact exchange fill
825,2730245.0,2730265.0,-1.0,0.626,1879.02,1845.08,0.58813326,0.5775100400000001,0.0,21.246440000000035,20.080796700000036,8419.075860037701,2.0,8398.995063337701,0.1400484833161171,1741652760.0,2025-03-11 00:05:00+00:00,2025-03-11 00:05:00+00:00,2025-03-11 00:25:00+00:00,2025-03-11 00:26:00+00:00,2144.5737819748756,1844.7021267059629,2025-03-16 00:00:00+00:00,0.12923134831227506,0.12079643438493748,target,minute interval; not exact exchange fill
826,2733125.0,2733128.0,-1.0,0.536,1908.57,1903.71,0.51149676,0.5101942800000001,0.0,2.6049599999999464,1.5832689599999463,8420.6591289977,2.0,8419.075860037701,0.12150900372044147,1741824540.0,2025-03-13 00:05:00+00:00,2025-03-13 00:05:00+00:00,2025-03-13 00:08:00+00:00,2025-03-13 00:09:00+00:00,2219.8331693795394,1903.3274060175627,2025-03-18 00:00:00+00:00,0.016842962798610736,0.009489911722893573,target,minute interval; not exact exchange fill
827,2734565.0,2738597.0,-1.0,0.759,1861.82,1858.1000000000001,0.70656069,0.70514895,-0.20926652473280036,2.823479999999848,1.6210368847326486,8422.280165882436,2.0,8420.6591289977,0.16781600565372867,1742152680.0,2025-03-14 00:05:00+00:00,2025-03-14 00:05:00+00:00,2025-03-16 19:17:00+00:00,2025-03-16 19:18:00+00:00,2080.8877948438553,1857.7269429622534,2025-03-19 00:00:00+00:00,0.01868397424945085,0.009749280914811373,target,minute interval; not exact exchange fill
828,2738885.0,2746080.0,-1.0,0.709,1889.0900000000001,1965.21,0.669682405,0.6966669449999999,-0.7460140766944293,-53.96907999999992,-54.58941527330549,8367.69075060913,4.0,8422.280165882436,0.15902638995857596,1742601600.0,2025-03-17 00:05:00+00:00,2025-03-17 00:05:00+00:00,2025-03-22 00:00:00+00:00,2025-03-22 00:00:00+00:00,2123.7257398431184,1860.4232878776736,2025-03-22 00:00:00+00:00,0.12217538616023983,-0.32814670100757476,timeout,minute interval; not exact exchange fill
829,2747525.0,2754720.0,-1.0,0.646,1978.0900000000001,2003.21,0.63892307,0.64703683,-0.6350792889957141,-16.22751999999993,-16.878400611004217,8350.812349998128,4.0,8367.69075060913,0.15271192233137662,1743120000.0,2025-03-23 00:05:00+00:00,2025-03-23 00:05:00+00:00,2025-03-28 00:00:00+00:00,2025-03-28 00:00:00+00:00,2234.033640099033,1953.6922850875928,2025-03-28 00:00:00+00:00,0.09532456013740771,-0.10208323643159843,timeout,minute interval; not exact exchange fill
830,2756165.0,2756337.0,-1.0,0.71,1898.25,1893.17,0.67387875,0.67207535,0.0,3.6067999999999483,2.260845899999948,8353.073195898129,2.0,8350.812349998128,0.16139238238305068,1743217080.0,2025-03-29 00:05:00+00:00,2025-03-29 00:05:00+00:00,2025-03-29 02:57:00+00:00,2025-03-29 02:58:00+00:00,2130.741939509747,1892.7901696532258,2025-04-03 00:00:00+00:00,0.02348395543642189,0.013696345803276442,target,minute interval; not exact exchange fill
831,2757605.0,2757639.0,-1.0,0.6990000000000001,1826.52,1813.4,0.63836874,0.6337833,0.0,9.170879999999924,7.898727959999923,8360.97192385813,2.0,8353.073195898129,0.1528464374796759,1743295200.0,2025-03-30 00:05:00+00:00,2025-03-30 00:05:00+00:00,2025-03-30 00:39:00+00:00,2025-03-30 00:40:00+00:00,2062.651182738148,1813.033374814806,2025-04-04 00:00:00+00:00,0.057114969013430654,0.047854924830198334,target,minute interval; not exact exchange fill
832,2759045.0,2759077.0,-1.0,0.737,1807.45,1786.53,0.666045325,0.658336305,0.0,15.418040000000053,14.093658370000052,8375.065582228128,2.0,8360.97192385813,0.15932246419807536,1743381480.0,2025-03-31 00:05:00+00:00,2025-03-31 00:05:00+00:00,2025-03-31 00:37:00+00:00,2025-03-31 00:38:00+00:00,2031.6890126143135,1786.166467752216,2025-04-05 00:00:00+00:00,0.09491449324382849,0.0852795852829198,target,minute interval; not exact exchange fill
833,2760485.0,2763283.0,-1.0,0.667,1823.39,1804.16,0.6081005650000001,0.60168736,-0.17810507107933488,12.826410000000013,11.794727146079348,8386.86030937421,2.0,8375.065582228128,0.14521690822108624,1743633840.0,2025-04-01 00:05:00+00:00,2025-04-01 00:05:00+00:00,2025-04-02 22:43:00+00:00,2025-04-02 22:44:00+00:00,2071.717338488718,1803.789525495953,2025-04-06 00:00:00+00:00,0.07892999064594555,0.07120943349286184,target,minute interval; not exact exchange fill
834,2763365.0,2764000.0,-1.0,0.619,1791.1000000000001,1791.1200000000001,0.55434545,0.5543516400000001,-0.07177855313264997,-0.01237999999998874,-1.0492985368673389,8385.811010837342,2.0,8386.86030937421,0.1321937959024771,1743676860.0,2025-04-03 00:05:00+00:00,2025-04-03 00:05:00+00:00,2025-04-03 10:40:00+00:00,2025-04-03 10:41:00+00:00,2059.2450710945673,1790.7572059423946,2025-04-08 00:00:00+00:00,0.001278390298975864,-0.006321768670670278,target,minute interval; not exact exchange fill
835,2764805.0,2764847.0,-1.0,0.864,1818.64,1811.99,0.7856524800000001,0.78277968,0.0,5.745600000000079,4.177167840000078,8389.988178677342,2.0,8385.811010837342,0.187376624392004,1743727680.0,2025-04-04 00:05:00+00:00,2025-04-04 00:05:00+00:00,2025-04-04 00:47:00+00:00,2025-04-04 00:48:00+00:00,2010.133456430826,1811.6268405788303,2025-04-09 00:00:00+00:00,0.03662349383569249,0.025247259567569326,target,minute interval; not exact exchange fill
836,2766245.0,2766249.0,-1.0,0.638,1813.07,1812.83,0.57836933,0.57829277,0.0,0.1531200000000058,-1.0035420999999942,8388.984636577343,2.0,8389.988178677342,0.13787130987142304,1743811800.0,2025-04-05 00:05:00+00:00,2025-04-05 00:05:00+00:00,2025-04-05 00:09:00+00:00,2025-04-05 00:10:00+00:00,2073.32263172039,1812.4576482357763,2025-04-10 00:00:00+00:00,0.002352912860767925,-0.0060439350395885185,target,minute interval; not exact exchange fill
837,2767685.0,2768186.0,-1.0,0.639,1805.1000000000001,1789.8500000000001,0.5767294500000001,0.571857075,-0.062117305358385014,9.74475,8.658280780358384,8397.642917357702,2.0,8388.984636577343,0.13749684258220368,1743928020.0,2025-04-06 00:05:00+00:00,2025-04-06 00:05:00+00:00,2025-04-06 08:26:00+00:00,2025-04-06 08:27:00+00:00,2065.0694124398005,1789.484871643456,2025-04-11 00:00:00+00:00,0.06006525233102192,0.05212049776689472,target,minute interval; not exact exchange fill
838,2769125.0,2769166.0,-1.0,0.854,1574.95,1561.71,0.67250365,0.66685017,0.0,11.306960000000007,9.967606180000008,8407.610523537702,2.0,8397.642917357702,0.1601648597393807,1743986820.0,2025-04-07 00:05:00+00:00,2025-04-07 00:05:00+00:00,2025-04-07 00:46:00+00:00,2025-04-07 00:47:00+00:00,1769.3907875512048,1561.3952618310047,2025-04-12 00:00:00+00:00,0.0697113930657463,0.0600268603465019,target,minute interval; not exact exchange fill
839,2770565.0,2771454.0,-1.0,0.8260000000000001,1553.57,1535.52,0.64162441,0.63416976,-0.014978080194,14.909299999999964,13.648483910193963,8421.259007447896,2.0,8407.610523537702,0.15262943215643185,1744124100.0,2025-04-08 00:05:00+00:00,2025-04-08 00:05:00+00:00,2025-04-08 14:54:00+00:00,2025-04-08 14:55:00+00:00,1754.7437667609433,1535.204732790213,2025-04-13 00:00:00+00:00,0.0912905668839542,0.08213589940200842,target,minute interval; not exact exchange fill
840,2773445.0,2773457.0,-1.0,0.607,1662.8500000000001,1656.91,0.504674975,0.502872185,0.0,3.605580000000033,2.598032840000033,8423.857040287896,2.0,8421.259007447896,0.11985736920183963,1744244280.0,2025-04-10 00:05:00+00:00,2025-04-10 00:05:00+00:00,2025-04-10 00:17:00+00:00,2025-04-10 00:18:00+00:00,1937.6619122159318,1656.576505394152,2025-04-15 00:00:00+00:00,0.022828321215270838,0.015574725147420022,target,minute interval; not exact exchange fill
841,2774885.0,2774913.0,-1.0,1.01,1521.45,1517.59,0.76833225,0.76638295,0.0,3.898600000000129,2.3638848000001285,8426.220925087897,2.0,8423.857040287896,0.18241815983471185,1744331640.0,2025-04-11 00:05:00+00:00,2025-04-11 00:05:00+00:00,2025-04-11 00:33:00+00:00,2025-04-11 00:34:00+00:00,1686.0692134715634,1517.2823405023546,2025-04-16 00:00:00+00:00,0.025316968838302548,0.014217538467369882,target,minute interval; not exact exchange fill
842,2776325.0,2776328.0,-1.0,0.682,1563.25,1562.99,0.53306825,0.5329795900000001,0.0,0.17731999999999382,-0.8887278400000063,8425.332197247895,2.0,8426.220925087897,0.1265260559245162,1744416540.0,2025-04-12 00:05:00+00:00,2025-04-12 00:05:00+00:00,2025-04-12 00:08:00+00:00,2025-04-12 00:09:00+00:00,1807.938396860401,1562.6765341942832,2025-04-17 00:00:00+00:00,0.0023436575378109276,-0.005325630543664321,target,minute interval; not exact exchange fill
843,2777765.0,2777868.0,-1.0,0.649,1641.3700000000001,1628.66,0.5326245650000001,0.52850017,0.0,8.248790000000024,7.187665265000025,8432.519862512896,2.0,8425.332197247895,0.12643408058710848,1744508940.0,2025-04-13 00:05:00+00:00,2025-04-13 00:05:00+00:00,2025-04-13 01:48:00+00:00,2025-04-13 01:49:00+00:00,1898.332570857195,1628.3271635201718,2025-04-18 00:00:00+00:00,0.05075772878641071,0.04309960381800073,target,minute interval; not exact exchange fill
844,2779205.0,2782099.0,-1.0,0.837,1596.72,1577.78,0.66822732,0.66030093,-0.2755698312855401,15.852780000000045,14.799821581285586,8447.31968409418,2.0,8432.519862512896,0.1584881698223164,1744762800.0,2025-04-14 00:05:00+00:00,2025-04-14 00:05:00+00:00,2025-04-16 00:19:00+00:00,2025-04-16 00:20:00+00:00,1795.7291752811614,1577.4581039263971,2025-04-19 00:00:00+00:00,0.09678898496207305,0.08885010019183817,target,minute interval; not exact exchange fill
845,2783525.0,2784396.0,-1.0,0.744,1579.75,1566.55,0.587667,0.5827566,-0.061748519270399996,9.820800000000034,8.712124919270435,8456.031809013451,2.0,8447.31968409418,0.1391369148977618,1744900620.0,2025-04-17 00:05:00+00:00,2025-04-17 00:05:00+00:00,2025-04-17 14:36:00+00:00,2025-04-17 14:37:00+00:00,1804.578059484337,1566.2323676976825,2025-04-22 00:00:00+00:00,0.06012431158869286,0.052083558202021624,target,minute interval; not exact exchange fill
846,2784965.0,2784977.0,-1.0,1.0030000000000001,1580.03,1578.89,0.7923850450000002,0.7918133350000002,0.0,1.1434199999998724,-0.4407783800001279,8455.59103063345,2.0,8456.031809013451,0.18741297641652227,1744935480.0,2025-04-18 00:05:00+00:00,2025-04-18 00:05:00+00:00,2025-04-18 00:17:00+00:00,2025-04-18 00:18:00+00:00,1746.3834380185776,1578.5676029043423,2025-04-23 00:00:00+00:00,0.008790903951707884,-0.0026417247832957345,target,minute interval; not exact exchange fill
847,2786405.0,2786420.0,-1.0,0.74,1588.96,1585.13,0.5879152000000001,0.5864981,0.0,2.8341999999999463,1.6597866999999464,8457.25081733345,2.0,8455.59103063345,0.13905951644777134,1745022060.0,2025-04-19 00:05:00+00:00,2025-04-19 00:05:00+00:00,2025-04-19 00:20:00+00:00,2025-04-19 00:21:00+00:00,1815.2220412057109,1584.8096625373175,2025-04-24 00:00:00+00:00,0.018343056752100698,0.009913085677330643,target,minute interval; not exact exchange fill
848,2787845.0,2788279.0,-1.0,0.744,1609.65,1599.3400000000001,0.5987898,0.5949544800000001,0.0,7.67063999999996,6.476895719999959,8463.72771305345,2.0,8457.25081733345,0.14160388829257803,1745133600.0,2025-04-20 00:05:00+00:00,2025-04-20 00:05:00+00:00,2025-04-20 07:19:00+00:00,2025-04-20 07:20:00+00:00,1834.510530549519,1599.0160028034854,2025-04-25 00:00:00+00:00,0.04729152408618387,0.03871513145826548,target,minute interval; not exact exchange fill
849,2789285.0,2790393.0,-1.0,0.9550000000000001,1587.43,1569.55,0.757997825,0.749460125,-0.28133157372773504,17.075400000000105,15.84927362372784,8479.576986677177,2.0,8463.72771305345,0.1791167794377303,1745260440.0,2025-04-21 00:05:00+00:00,2025-04-21 00:05:00+00:00,2025-04-21 18:33:00+00:00,2025-04-21 18:34:00+00:00,1762.374039153398,1569.2304684751305,2025-04-26 00:00:00+00:00,0.10403058951275002,0.09486518154965538,target,minute interval; not exact exchange fill
850,2790725.0,2790755.0,-1.0,0.9570000000000001,1576.4,1564.1000000000001,0.7543074000000002,0.7484218500000002,0.0,11.771099999999958,10.268370749999958,8489.845357427177,2.0,8479.576986677177,0.1779115635568006,1745282160.0,2025-04-22 00:05:00+00:00,2025-04-22 00:05:00+00:00,2025-04-22 00:35:00+00:00,2025-04-22 00:36:00+00:00,1751.2444119358677,1563.7813169919584,2025-04-27 00:00:00+00:00,0.07217092538633815,0.06136741735810005,target,minute interval; not exact exchange fill
851,2792165.0,2792167.0,-1.0,0.738,1758.31,1754.23,0.64881639,0.64731087,0.0,3.011039999999946,1.7149127399999462,8491.560270167178,2.0,8489.845357427177,0.1528452787264012,1745366880.0,2025-04-23 00:05:00+00:00,2025-04-23 00:05:00+00:00,2025-04-23 00:07:00+00:00,2025-04-23 00:08:00+00:00,1985.6388390009758,1753.8779972465097,2025-04-28 00:00:00+00:00,0.019495998716956443,0.010221888301597983,target,minute interval; not exact exchange fill
852,2793605.0,2793628.0,-1.0,0.624,1791.98,1784.66,0.55909776,0.5568139200000001,0.0,4.56767999999996,3.45176831999996,8495.012038487177,2.0,8491.560270167178,0.13168316356753426,1745454540.0,2025-04-24 00:05:00+00:00,2025-04-24 00:05:00+00:00,2025-04-24 00:28:00+00:00,2025-04-24 00:29:00+00:00,2061.184435485984,1784.300255034148,2025-04-29 00:00:00+00:00,0.02852755732641658,0.02054824984593517,target,minute interval; not exact exchange fill
853,2795045.0,2795049.0,-1.0,0.882,1767.03,1764.25,0.77926023,0.77803425,0.0,2.451959999999976,0.8946655199999761,8495.906704007177,2.0,8495.012038487177,0.18346300781435348,1745539800.0,2025-04-25 00:05:00+00:00,2025-04-25 00:05:00+00:00,2025-04-25 00:09:00+00:00,2025-04-25 00:10:00+00:00,1957.0712728560964,1763.8888537416694,2025-04-30 00:00:00+00:00,0.016528758259312885,0.005337577383877394,target,minute interval; not exact exchange fill
854,2796485.0,2797190.0,-1.0,0.682,1790.0900000000001,1780.68,0.6104206900000002,0.60721188,0.036804270219200005,6.417620000000056,5.163183159780856,8501.069887166957,2.0,8495.906704007177,0.1436975972704807,1745668260.0,2025-04-26 00:05:00+00:00,2025-04-26 00:05:00+00:00,2025-04-26 11:50:00+00:00,2025-04-26 11:51:00+00:00,2036.4042947712885,1780.3219080619883,2025-05-01 00:00:00+00:00,0.03965702415721282,0.03073573054876779,target,minute interval; not exact exchange fill
855,2797925.0,2798038.0,-1.0,0.658,1818.88,1805.0,0.5984115200000001,0.5938450000000001,0.0,9.133040000000072,7.940783480000071,8509.010670646956,2.0,8501.069887166957,0.14078499011126822,1745719140.0,2025-04-27 00:05:00+00:00,2025-04-27 00:05:00+00:00,2025-04-27 01:58:00+00:00,2025-04-27 01:59:00+00:00,2074.4106962046703,1804.6361885837955,2025-05-02 00:00:00+00:00,0.055742075718354656,0.04722743756129423,target,minute interval; not exact exchange fill
856,2799365.0,2799383.0,-1.0,0.8160000000000001,1789.49,1770.39,0.73011192,0.7223191200000001,0.0,15.585599999999927,14.133168959999926,8523.143839606955,2.0,8509.010670646956,0.17160912079206225,1745799840.0,2025-04-28 00:05:00+00:00,2025-04-28 00:05:00+00:00,2025-04-28 00:23:00+00:00,2025-04-28 00:24:00+00:00,1995.359413314496,1770.0274667023175,2025-05-03 00:00:00+00:00,0.09453824628115408,0.08413129333370646,target,minute interval; not exact exchange fill
857,2800805.0,2802187.0,-1.0,0.793,1796.26,1782.46,0.71221709,0.70674539,-0.06351735061032407,10.943399999999965,9.58795487061029,8532.731794477566,2.0,8523.143839606955,0.16712544183293845,1745968080.0,2025-04-29 00:05:00+00:00,2025-04-29 00:05:00+00:00,2025-04-29 23:07:00+00:00,2025-04-29 23:08:00+00:00,2008.4271808829208,1782.0971183548247,2025-05-04 00:00:00+00:00,0.06675340449091753,0.05698684165684031,target,minute interval; not exact exchange fill
858,2802245.0,2802345.0,-1.0,0.718,1795.74,1795.21,0.6446706600000001,0.6444803899999999,0.0,0.3805399999999804,-0.9086110500000195,8531.823183427567,2.0,8532.731794477566,0.15110533778109247,1745977560.0,2025-04-30 00:05:00+00:00,2025-04-30 00:05:00+00:00,2025-04-30 01:45:00+00:00,2025-04-30 01:46:00+00:00,2030.8420750467942,1794.8465750446771,2025-05-05 00:00:00+00:00,0.0038001576768092993,-0.005382661976710115,target,minute interval; not exact exchange fill
859,2803685.0,2809532.0,-1.0,0.771,1794.38,1783.6200000000001,0.6917334900000001,0.6875855100000001,-0.2027539031068682,8.295959999999994,7.119394903106862,8538.942578330672,2.0,8531.823183427567,0.16215373317713405,1746408780.0,2025-05-01 00:05:00+00:00,2025-05-01 00:05:00+00:00,2025-05-05 01:32:00+00:00,2025-05-05 01:33:00+00:00,2012.9842027518544,1783.256477984905,2025-05-06 00:00:00+00:00,0.05088430082802172,0.04224061163860345,target,minute interval; not exact exchange fill
860,2810885.0,2810988.0,-1.0,0.848,1817.3700000000001,1803.63,0.77056488,0.7647391200000001,0.0,11.651520000000007,10.116216000000007,8549.058794330673,2.0,8538.942578330672,0.18048250657065368,1746496140.0,2025-05-06 00:05:00+00:00,2025-05-06 00:05:00+00:00,2025-05-06 01:48:00+00:00,2025-05-06 01:49:00+00:00,2016.0928004654238,1803.2682694662453,2025-05-11 00:00:00+00:00,0.0709618146520051,0.06003085691254464,target,minute interval; not exact exchange fill
861,2812325.0,2812329.0,-1.0,0.778,1815.83,1814.99,0.70635787,0.7060311100000001,0.0,0.6535199999999364,-0.7588689800000638,8548.299925350673,2.0,8549.058794330673,0.16524810204099258,1746576600.0,2025-05-07 00:05:00+00:00,2025-05-07 00:05:00+00:00,2025-05-07 00:09:00+00:00,2025-05-07 00:10:00+00:00,2032.870445435087,1814.6180990214302,2025-05-12 00:00:00+00:00,0.0055837564106555404,-0.004494139320644775,target,minute interval; not exact exchange fill
862,2813765.0,2814684.0,-1.0,0.808,1811.89,2021.2,0.7320035600000001,0.8165648000000001,-0.15575535674096003,-169.12247999999997,-170.51529300325902,8377.784632347415,1.0,8548.299925350673,0.17126295670304792,1746717900.0,2025-05-08 00:05:00+00:00,2025-05-08 00:05:00+00:00,2025-05-08 15:24:00+00:00,2025-05-08 15:25:00+00:00,2020.79326278379,1801.0714119774555,2025-05-13 00:00:00+00:00,0.05178754931052293,-1.0101985754420464,stop,minute interval; not exact exchange fill
863,2816645.0,2816685.0,-1.0,0.588,2351.79,2340.41,0.69142626,0.68808054,0.0,6.691440000000064,5.311933200000064,8383.096565547416,2.0,8377.784632347415,0.1650618368322189,1746837960.0,2025-05-10 00:05:00+00:00,2025-05-10 00:05:00+00:00,2025-05-10 00:45:00+00:00,2025-05-10 00:46:00+00:00,2633.268654042978,2339.938860230149,2025-05-15 00:00:00+00:00,0.04210315631266747,0.032094440804810546,target,minute interval; not exact exchange fill
864,2818085.0,2818097.0,-1.0,0.427,2587.09,2559.7200000000003,0.552343715,0.54650022,0.0,11.686989999999954,10.588146064999954,8393.684711612415,2.0,8383.096565547416,0.1317755821327419,1746922680.0,2025-05-11 00:05:00+00:00,2025-05-11 00:05:00+00:00,2025-05-11 00:17:00+00:00,2025-05-11 00:18:00+00:00,2975.7843967178114,2559.2037429940015,2025-05-16 00:00:00+00:00,0.07174339851943856,0.06379457797535991,target,minute interval; not exact exchange fill
865,2819525.0,2820424.0,-1.0,0.533,2514.55,2483.41,0.6701275750000001,0.661828765,-0.136098885,16.597620000000177,15.401762545000178,8409.086474157415,2.0,8393.684711612415,0.15967423081138568,1747062300.0,2025-05-12 00:05:00+00:00,2025-05-12 00:05:00+00:00,2025-05-12 15:04:00+00:00,2025-05-12 15:05:00+00:00,2825.6951638348414,2482.912262584316,2025-05-17 00:00:00+00:00,0.10168159782961537,0.09287100800107179,target,minute interval; not exact exchange fill
866,2820965.0,2820987.0,-1.0,0.455,2486.06,2469.27,0.5655786500000001,0.561758925,0.0,7.639449999999984,6.512112424999984,8415.598586582415,2.0,8409.086474157415,0.13451607418668404,1747096080.0,2025-05-13 00:05:00+00:00,2025-05-13 00:05:00+00:00,2025-05-13 00:27:00+00:00,2025-05-13 00:28:00+00:00,2851.9074575254476,2468.7755928695883,2025-05-18 00:00:00+00:00,0.0472448469297053,0.03912104541277132,target,minute interval; not exact exchange fill
867,2822405.0,2822405.0,-1.0,0.443,2676.65,2676.4,0.5928779750000001,0.5928226000000001,0.0,0.11075,-1.0749505750000001,8414.523636007416,2.0,8415.598586582415,0.1408997753161058,1747181160.0,2025-05-14 00:05:00+00:00,2025-05-14 00:05:00+00:00,2025-05-14 00:05:00+00:00,2025-05-14 00:06:00+00:00,3052.3944805335896,2675.862095833851,2025-05-19 00:00:00+00:00,0.002096914810378924,-0.006457912559498216,target,minute interval; not exact exchange fill
868,2823845.0,2823936.0,-1.0,0.443,2613.44,2603.68,0.5788769600000001,0.5767151199999999,0.0,4.323680000000096,3.1680879200000964,8417.691723927415,2.0,8414.523636007416,0.137589953998791,1747273020.0,2025-05-15 00:05:00+00:00,2025-05-15 00:05:00+00:00,2025-05-15 01:36:00+00:00,2025-05-15 01:37:00+00:00,2988.7951412665216,2603.151095372534,2025-05-20 00:00:00+00:00,0.027411119487398206,0.01905246315761085,target,minute interval; not exact exchange fill
869,2825285.0,2825332.0,-1.0,0.626,2550.3,2541.11,0.7982439000000001,0.79536743,0.0,5.752940000000034,4.1593286700000345,8421.851052597414,2.0,8417.691723927415,0.18965862048166476,1747356780.0,2025-05-16 00:05:00+00:00,2025-05-16 00:05:00+00:00,2025-05-16 00:52:00+00:00,2025-05-16 00:53:00+00:00,2815.4752005501573,2540.6015907596784,2025-05-21 00:00:00+00:00,0.03657359066836024,0.025056245780959847,target,minute interval; not exact exchange fill
870,2828165.0,2829331.0,-1.0,0.628,2477.9,2430.98,0.7780606,0.76332772,-0.07941733954693109,29.465760000000046,28.00378901954698,8449.854841616963,2.0,8421.851052597414,0.18477187381746332,1747596720.0,2025-05-18 00:05:00+00:00,2025-05-18 00:05:00+00:00,2025-05-18 19:31:00+00:00,2025-05-18 19:32:00+00:00,2742.51497222399,2430.4931489951787,2025-05-23 00:00:00+00:00,0.17915407660566063,0.1685166200422579,target,minute interval; not exact exchange fill
871,2829605.0,2829617.0,-1.0,0.639,2498.82,2469.57,0.7983729900000001,0.7890276150000001,0.0,18.69075,17.103349395000002,8466.958191011963,2.0,8449.854841616963,0.1889672674772774,1747613880.0,2025-05-19 00:05:00+00:00,2025-05-19 00:05:00+00:00,2025-05-19 00:17:00+00:00,2025-05-19 00:18:00+00:00,2759.3721567452476,2469.06963482223,2025-05-24 00:00:00+00:00,0.11418199545689549,0.10272724407409159,target,minute interval; not exact exchange fill
872,2831045.0,2831714.0,-1.0,0.467,2528.44,2501.78,0.59039074,0.5841656300000001,-0.0804825461374722,12.450219999999932,11.356146176137406,8478.314337188101,2.0,8466.958191011963,0.13945757772294776,1747739700.0,2025-05-20 00:05:00+00:00,2025-05-20 00:05:00+00:00,2025-05-20 11:14:00+00:00,2025-05-20 11:15:00+00:00,2887.442419344418,2501.276060738502,2025-05-25 00:00:00+00:00,0.07566505905754788,0.06773555884004846,target,minute interval; not exact exchange fill
873,2832485.0,2832485.0,-1.0,0.487,2524.79,2521.07,0.614786365,0.613880545,0.0,1.8116399999999024,0.5829730899999024,8478.897310278102,2.0,8478.314337188101,0.14502561253323348,1747785960.0,2025-05-21 00:05:00+00:00,2025-05-21 00:05:00+00:00,2025-05-21 00:05:00+00:00,2025-05-21 00:06:00+00:00,2868.7602519812835,2520.564500099558,2025-05-26 00:00:00+00:00,0.012284492266709433,0.003480155603877441,target,minute interval; not exact exchange fill
874,2833925.0,2836080.0,-1.0,0.466,2559.63,2545.35,0.5963937900000001,0.59306655,-0.49466412600000004,6.654480000000094,5.9596837860000935,8484.8569940641,2.0,8478.897310278102,0.14067720557885582,1748001660.0,2025-05-22 00:05:00+00:00,2025-05-22 00:05:00+00:00,2025-05-23 12:00:00+00:00,2025-05-23 12:01:00+00:00,2919.2343275310477,2544.8315734467697,2025-05-27 00:00:00+00:00,0.04115197015239697,0.03556414653796406,target,minute interval; not exact exchange fill
875,2838245.0,2838283.0,-1.0,0.6990000000000001,2536.4700000000003,2482.79,0.8864962650000002,0.8677351050000001,0.0,37.52232000000021,35.76808863000021,8520.6250826941,2.0,8484.8569940641,0.2089596243331342,1748133840.0,2025-05-25 00:05:00+00:00,2025-05-25 00:05:00+00:00,2025-05-25 00:43:00+00:00,2025-05-25 00:44:00+00:00,2775.4894177854108,2482.292701535798,2025-05-30 00:00:00+00:00,0.22666484156882166,0.21408457301967238,target,minute interval; not exact exchange fill
876,2839685.0,2841200.0,-1.0,0.612,2550.56,2520.64,0.7804713600000001,0.77131584,-0.26412993628625575,18.311040000000045,17.0233827362863,8537.648465430388,2.0,8520.6250826941,0.18319579899957905,1748308860.0,2025-05-26 00:05:00+00:00,2025-05-26 00:05:00+00:00,2025-05-27 01:20:00+00:00,2025-05-27 01:21:00+00:00,2825.1745038215304,2520.1329720295757,2025-05-31 00:00:00+00:00,0.1107990566667173,0.10129102606062743,target,minute interval; not exact exchange fill
877,2844005.0,2844006.0,-1.0,0.48,2676.2200000000003,2675.21,0.6422928000000001,0.6420504,0.0,0.48480000000010476,-0.7995431999998954,8536.848922230389,2.0,8537.648465430388,0.15046128980378948,1748477220.0,2025-05-29 00:05:00+00:00,2025-05-29 00:05:00+00:00,2025-05-29 00:06:00+00:00,2025-05-29 00:07:00+00:00,3027.732198716124,2674.6712419468586,2025-06-03 00:00:00+00:00,0.0044059866451247615,-0.004738711788904344,target,minute interval; not exact exchange fill
878,2845445.0,2845489.0,-1.0,0.723,2631.9900000000002,2614.9900000000002,0.9514643850000001,0.945318885,0.0,12.291,10.39421673,8547.24313896039,2.0,8536.848922230389,0.22290763106333966,1748566200.0,2025-05-30 00:05:00+00:00,2025-05-30 00:05:00+00:00,2025-05-30 00:49:00+00:00,2025-05-30 00:50:00+00:00,2864.2684288671194,2614.4587669538064,2025-06-04 00:00:00+00:00,0.0754750801944809,0.061893435693180336,target,minute interval; not exact exchange fill
879,2846885.0,2846896.0,-1.0,0.664,2525.32,2513.05,0.8384062400000002,0.8343326000000001,0.0,8.147279999999988,6.474541159999988,8553.71768012039,2.0,8547.24313896039,0.19618167551086568,1748650620.0,2025-05-31 00:05:00+00:00,2025-05-31 00:05:00+00:00,2025-05-31 00:16:00+00:00,2025-05-31 00:17:00+00:00,2778.904308974306,2512.5395719258063,2025-06-05 00:00:00+00:00,0.050399128108075675,0.03845196510556959,target,minute interval; not exact exchange fill
880,2848325.0,2848434.0,-1.0,0.773,2523.0,2492.23,0.9751395,0.963246895,0.0,23.785209999999985,21.846823604999983,8575.564503725389,2.0,8553.71768012039,0.22800366728640392,1748742900.0,2025-06-01 00:05:00+00:00,2025-06-01 00:05:00+00:00,2025-06-01 01:54:00+00:00,2025-06-01 01:55:00+00:00,2740.6197697029006,2491.7285657124507,2025-06-06 00:00:00+00:00,0.1436975800968897,0.12987048483041969,target,minute interval; not exact exchange fill
881,2849765.0,2849928.0,-1.0,0.618,2536.9900000000002,2512.11,0.7839299100000001,0.77624199,0.0,15.375840000000068,13.815668100000067,8589.380171825389,2.0,8575.564503725389,0.1828287594733725,1748832540.0,2025-06-02 00:05:00+00:00,2025-06-02 00:05:00+00:00,2025-06-02 02:48:00+00:00,2025-06-02 02:49:00+00:00,2810.6950147398347,2511.607265512813,2025-06-07 00:00:00+00:00,0.09273755729800777,0.08167716627789845,target,minute interval; not exact exchange fill
882,2851205.0,2852516.0,-1.0,0.538,2605.46,2572.36,0.70086874,0.6919648400000001,-0.16129680019440001,17.80779999999995,16.57626322019435,8605.956435045584,2.0,8589.380171825389,0.1631942528982399,1748987820.0,2025-06-03 00:05:00+00:00,2025-06-03 00:05:00+00:00,2025-06-03 21:56:00+00:00,2025-06-03 21:57:00+00:00,2920.7636620185863,2571.841181791765,2025-06-08 00:00:00+00:00,0.10662362115620898,0.09771817422464218,target,minute interval; not exact exchange fill
883,2852645.0,2852670.0,-1.0,0.499,2596.71,2590.14,0.647879145,0.64623993,0.0,3.278430000000082,1.9843109250000817,8607.940745970584,2.0,8605.956435045584,0.15056528577385678,1748997060.0,2025-06-04 00:05:00+00:00,2025-06-04 00:05:00+00:00,2025-06-04 00:30:00+00:00,2025-06-04 00:31:00+00:00,2937.8327979118853,2589.6204644567174,2025-06-09 00:00:00+00:00,0.020782942643176604,0.011657312335446264,target,minute interval; not exact exchange fill
884,2854085.0,2854100.0,-1.0,0.529,2608.81,2601.79,0.6900302450000001,0.688173455,0.0,3.7135799999999906,2.3353762999999903,8610.276122270585,2.0,8607.940745970584,0.16032411592122223,1749082860.0,2025-06-05 00:05:00+00:00,2025-06-05 00:05:00+00:00,2025-06-05 00:20:00+00:00,2025-06-05 00:21:00+00:00,2930.3607758789085,2601.267102440898,2025-06-10 00:00:00+00:00,0.02345787391893179,0.01372940241843016,target,minute interval; not exact exchange fill
885,2855525.0,2855542.0,-1.0,0.791,2406.26,2399.32,0.9516758300000001,0.9489310600000002,0.0,5.489540000000043,3.5889331100000432,8613.865055380586,2.0,8610.276122270585,0.22105582131994092,1749169380.0,2025-06-06 00:05:00+00:00,2025-06-06 00:05:00+00:00,2025-06-06 00:22:00+00:00,2025-06-06 00:23:00+00:00,2620.389487937808,2398.830816799362,2025-06-11 00:00:00+00:00,0.03469481607687824,0.021189094709449123,target,minute interval; not exact exchange fill
886,2856965.0,2856976.0,-1.0,0.6960000000000001,2473.73,2459.27,0.8608580400000001,0.8558259600000001,0.0,10.064160000000026,8.347476000000025,8622.212531380586,2.0,8613.865055380586,0.1998772988583729,1749255420.0,2025-06-07 00:05:00+00:00,2025-06-07 00:05:00+00:00,2025-06-07 00:16:00+00:00,2025-06-07 00:17:00+00:00,2717.5572968261195,2458.7703306452463,2025-06-12 00:00:00+00:00,0.06135354633989936,0.04918850414255693,target,minute interval; not exact exchange fill
887,2858405.0,2858967.0,-1.0,0.809,2520.66,2489.63,1.0196069700000001,1.0070553350000002,-0.19362665533328086,25.103269999999796,23.270234350333073,8645.48276573092,2.0,8622.212531380586,0.23650703721095606,1749374880.0,2025-06-08 00:05:00+00:00,2025-06-08 00:05:00+00:00,2025-06-08 09:27:00+00:00,2025-06-08 09:28:00+00:00,2730.1392734558967,2489.1261419171165,2025-06-13 00:00:00+00:00,0.15053450187530099,0.1373128484806566,target,minute interval; not exact exchange fill
888,2859845.0,2860026.0,-1.0,0.644,2508.3,2483.28,0.8076726000000001,0.79961616,0.0,16.11287999999999,14.50559123999999,8659.98835697092,2.0,8645.48276573092,0.18684268348818264,1749438420.0,2025-06-09 00:05:00+00:00,2025-06-09 00:05:00+00:00,2025-06-09 03:06:00+00:00,2025-06-09 03:07:00+00:00,2773.2155764334034,2482.7749391603766,2025-06-14 00:00:00+00:00,0.09635167997016715,0.08502410580474991,target,minute interval; not exact exchange fill
889,2861285.0,2865404.0,-1.0,0.541,2680.4500000000003,2644.64,0.7250617250000001,0.71537512,-1.0679934437737875,19.373210000000217,19.000766598774003,8678.989123569696,2.0,8659.98835697092,0.1674509699349322,1749761100.0,2025-06-10 00:05:00+00:00,2025-06-10 00:05:00+00:00,2025-06-12 20:44:00+00:00,2025-06-12 20:45:00+00:00,2996.489613575733,2644.103463002622,2025-06-15 00:00:00+00:00,0.11500626958167234,0.11113026142581886,target,minute interval; not exact exchange fill
890,2867045.0,2867066.0,-1.0,0.589,2570.51,2561.7400000000002,0.757015195,0.75443243,0.0,5.165529999999989,3.6540823749999887,8682.643205944696,2.0,8678.989123569696,0.17444778054719748,1749860820.0,2025-06-14 00:05:00+00:00,2025-06-14 00:05:00+00:00,2025-06-14 00:26:00+00:00,2025-06-14 00:27:00+00:00,2861.340968982282,2561.221907740005,2025-06-19 00:00:00+00:00,0.031936393474523914,0.0213315487745665,target,minute interval; not exact exchange fill
891,2868485.0,2869720.0,-1.0,0.577,2529.03,2493.1,0.7296251549999999,0.71925935,-0.22831486488046912,20.731610000000167,19.511040359880635,8702.154246304577,2.0,8682.643205944696,0.16806521647704045,1750020060.0,2025-06-15 00:05:00+00:00,2025-06-15 00:05:00+00:00,2025-06-15 20:40:00+00:00,2025-06-15 20:41:00+00:00,2826.0168649145244,2492.5950735331025,2025-06-20 00:00:00+00:00,0.12268194580721269,0.11385900186682577,target,minute interval; not exact exchange fill
892,2869925.0,2869995.0,-1.0,0.606,2546.25,2520.21,0.77151375,0.76362363,0.0,15.780239999999978,14.245102619999978,8716.399348924577,2.0,8702.154246304577,0.1773155768475669,1750036560.0,2025-06-16 00:05:00+00:00,2025-06-16 00:05:00+00:00,2025-06-16 01:15:00+00:00,2025-06-16 01:16:00+00:00,2829.5540692752875,2519.696621826928,2025-06-21 00:00:00+00:00,0.09372748595174572,0.08297364051329019,target,minute interval; not exact exchange fill
893,2871365.0,2872282.0,-1.0,0.504,2534.48,2507.08,0.6386889600000001,0.63178416,-0.130097007599832,13.809600000000046,12.669223887599877,8729.068572812175,2.0,8716.399348924577,0.14654880632076617,1750173780.0,2025-06-17 00:05:00+00:00,2025-06-17 00:05:00+00:00,2025-06-17 15:22:00+00:00,2025-06-17 15:23:00+00:00,2876.478691771351,2506.5732015690055,2025-06-22 00:00:00+00:00,0.08159913795708927,0.0735013015784841,target,minute interval; not exact exchange fill
894,2872805.0,2872831.0,-1.0,0.47400000000000003,2513.4900000000002,2506.8,0.5956971300000001,0.5941116000000001,0.0,3.171060000000026,1.9812512700000258,8731.049824082174,2.0,8729.068572812175,0.13648584039203832,1750206720.0,2025-06-18 00:05:00+00:00,2025-06-18 00:05:00+00:00,2025-06-18 00:31:00+00:00,2025-06-18 00:32:00+00:00,2877.7545876716295,2506.297433083269,2025-06-23 00:00:00+00:00,0.01974544646984761,0.011474777240130834,target,minute interval; not exact exchange fill
895,2874245.0,2874250.0,-1.0,0.628,2520.2000000000003,2518.3,0.7913428000000001,0.7907462000000001,0.0,1.193200000000057,-0.3888889999999431,8730.660935082175,2.0,8731.049824082174,0.18127093899230787,1750291860.0,2025-06-19 00:05:00+00:00,2025-06-19 00:05:00+00:00,2025-06-19 00:10:00+00:00,2025-06-19 00:11:00+00:00,2794.695081518239,2517.7923030595807,2025-06-24 00:00:00+00:00,0.008771366419764342,-0.002255960276500486,target,minute interval; not exact exchange fill
896,2875685.0,2875971.0,-1.0,0.615,2520.3,2504.52,0.77499225,0.7701399,0.0,9.704700000000123,8.159567850000123,8738.820502932174,2.0,8730.660935082175,0.17753346642654969,1750395120.0,2025-06-20 00:05:00+00:00,2025-06-20 00:05:00+00:00,2025-06-20 04:51:00+00:00,2025-06-20 04:52:00+00:00,2800.3332334503116,2504.0140662255785,2025-06-25 00:00:00+00:00,0.05815714647065778,0.04737862658845589,target,minute interval; not exact exchange fill
897,2877125.0,2878256.0,-1.0,0.621,2399.89,2389.7200000000003,0.745165845,0.7420080600000001,-0.05461130882858979,6.315569999999763,4.883007403828353,8743.703510336003,2.0,8738.820502932174,0.1705415152422392,1750532220.0,2025-06-21 00:05:00+00:00,2025-06-21 00:05:00+00:00,2025-06-21 18:56:00+00:00,2025-06-21 18:57:00+00:00,2677.590818372739,2389.2375735028377,2025-06-26 00:00:00+00:00,0.03835936299929865,0.028315134114705896,target,minute interval; not exact exchange fill
898,2878565.0,2878570.0,-1.0,0.6970000000000001,2303.43,2262.9500000000003,0.802745355,0.7886380750000002,0.0,28.214559999999697,26.623176569999696,8770.326686906003,2.0,8743.703510336003,0.1836167829915706,1750551060.0,2025-06-22 00:05:00+00:00,2025-06-22 00:05:00+00:00,2025-06-22 00:10:00+00:00,2025-06-22 00:11:00+00:00,2550.8441461803486,2262.494611080443,2025-06-27 00:00:00+00:00,0.1654529037709814,0.15438409884678372,target,minute interval; not exact exchange fill
899,2880005.0,2880991.0,-1.0,0.658,2221.92,2202.52,0.73101168,0.72462908,0.01889161467380951,12.76520000000006,11.290667625326252,8781.617354531329,2.0,8770.326686906003,0.1667011289537007,1750696320.0,2025-06-23 00:05:00+00:00,2025-06-23 00:05:00+00:00,2025-06-23 16:31:00+00:00,2025-06-23 16:32:00+00:00,2484.9771296778245,2202.0779627884544,2025-06-28 00:00:00+00:00,0.07542862356875442,0.06522944031365709,target,minute interval; not exact exchange fill
900,2881445.0,2881937.0,-1.0,0.638,2412.35,2378.31,0.7695396499999999,0.7586808899999999,-0.01832839220031387,21.717519999999976,20.20762785220029,8801.824982383529,2.0,8781.617354531329,0.17526148519849052,1750753080.0,2025-06-24 00:05:00+00:00,2025-06-24 00:05:00+00:00,2025-06-24 08:17:00+00:00,2025-06-24 08:18:00+00:00,2683.9189352687645,2377.8285494321717,2025-06-29 00:00:00+00:00,0.12711855475540026,0.11663115244059467,target,minute interval; not exact exchange fill
901,2882885.0,2883163.0,-1.0,0.53,2444.04,2431.31,0.6476706000000001,0.64429715,0.0,6.74690000000001,5.4549322500000095,8807.27991463353,2.0,8801.824982383529,0.14716734343077367,1750826640.0,2025-06-25 00:05:00+00:00,2025-06-25 00:05:00+00:00,2025-06-25 04:43:00+00:00,2025-06-25 04:44:00+00:00,2772.2805827778225,2430.818276828597,2025-06-30 00:00:00+00:00,0.04028058645128737,0.03135604047768409,target,minute interval; not exact exchange fill
902,2884325.0,2885249.0,-1.0,0.717,2416.81,2412.67,0.866426385,0.864942195,-0.14380030652982015,2.9683799999999088,1.3808117265297288,8808.66072636006,2.0,8807.27991463353,0.19675232157897232,1750951800.0,2025-06-26 00:05:00+00:00,2025-06-26 00:05:00+00:00,2025-06-26 15:29:00+00:00,2025-06-26 15:30:00+00:00,2658.8874533383837,2412.186118159027,2025-07-01 00:00:00+00:00,0.019100836435640648,0.007955380730484107,target,minute interval; not exact exchange fill
903,2885765.0,2885813.0,-1.0,0.705,2416.18,2400.65,0.8517034499999999,0.846229125,0.0,10.94864999999982,9.250717424999818,8817.91144378506,2.0,8808.66072636006,0.1933786477781494,1750985640.0,2025-06-27 00:05:00+00:00,2025-06-27 00:05:00+00:00,2025-06-27 00:53:00+00:00,2025-06-27 00:54:00+00:00,2662.5892846074275,2400.167701941738,2025-07-02 00:00:00+00:00,0.06498252727681189,0.05325117931698345,target,minute interval; not exact exchange fill
904,2887205.0,2887297.0,-1.0,0.664,2419.39,2407.09,0.8032374800000001,0.7991538800000001,0.0,8.16719999999982,6.56480863999982,8824.47625242506,2.0,8817.91144378506,0.18218315870389665,1751074680.0,2025-06-28 00:05:00+00:00,2025-06-28 00:05:00+00:00,2025-06-28 01:37:00+00:00,2025-06-28 01:38:00+00:00,2681.1955694371177,2406.6063626987598,2025-07-03 00:00:00+00:00,0.04882874466240324,0.03776374972181176,target,minute interval; not exact exchange fill
905,2888645.0,2892658.0,-1.0,0.645,2432.93,2403.98,0.784619925,0.77528355,-0.5065380167831215,18.672749999999883,17.619384541783003,8842.095636966844,2.0,8824.47625242506,0.1778281005140397,1751396340.0,2025-06-29 00:05:00+00:00,2025-06-29 00:05:00+00:00,2025-07-01 18:58:00+00:00,2025-07-01 18:59:00+00:00,2703.0542057734497,2403.497523351062,2025-07-04 00:00:00+00:00,0.10895904928128786,0.1011270914443286,target,minute interval; not exact exchange fill
906,2892965.0,2893037.0,-1.0,0.622,2404.04,2389.52,0.74765644,0.74314072,0.0,9.03143999999999,7.54064283999999,8849.636279806844,2.0,8842.095636966844,0.16911295029974885,1751419080.0,2025-07-02 00:05:00+00:00,2025-07-02 00:05:00+00:00,2025-07-02 01:17:00+00:00,2025-07-02 01:18:00+00:00,2684.629038234073,2389.035617380654,2025-07-07 00:00:00+00:00,0.05347458587041807,0.043206320803903055,target,minute interval; not exact exchange fill
907,2894405.0,2894420.0,-1.0,0.799,2575.7000000000003,2565.13,1.0289921500000003,1.0247694350000003,0.0,8.445430000000131,6.39166841500013,8856.027948221843,2.0,8849.636279806844,0.2325501562924029,1751502060.0,2025-07-03 00:05:00+00:00,2025-07-03 00:05:00+00:00,2025-07-03 00:20:00+00:00,2025-07-03 00:21:00+00:00,2793.563011874689,2564.614736680885,2025-07-08 00:00:00+00:00,0.05088180514777479,0.03671841737229537,target,minute interval; not exact exchange fill
908,2895845.0,2895997.0,-1.0,0.6900000000000001,2591.9900000000002,2575.9,0.8942365500000002,0.8886855000000001,0.0,11.102100000000101,9.319177950000102,8865.347126171842,2.0,8856.027948221843,0.20194980305579308,1751596680.0,2025-07-04 00:05:00+00:00,2025-07-04 00:05:00+00:00,2025-07-04 02:37:00+00:00,2025-07-04 02:38:00+00:00,2844.8014183875157,2575.384348942055,2025-07-09 00:00:00+00:00,0.06568394403963028,0.05342343746237655,target,minute interval; not exact exchange fill
909,2897285.0,2898277.0,-1.0,0.6950000000000001,2509.55,2492.16,0.8720686250000002,0.8660256000000001,-0.165887946357,12.08605000000023,10.513843721357228,8875.8609698932,2.0,8865.347126171842,0.19673648704076616,1751733480.0,2025-07-05 00:05:00+00:00,2025-07-05 00:05:00+00:00,2025-07-05 16:37:00+00:00,2025-07-05 16:38:00+00:00,2761.0576130067907,2491.6593712498097,2025-07-10 00:00:00+00:00,0.07113354755471124,0.060148607478501606,target,minute interval; not exact exchange fill
910,2898725.0,2904232.0,-1.0,0.643,2514.3,2786.9700000000003,0.8083474500000001,0.8960108550000001,-1.1024681230569349,-175.32681000000005,-175.92870018194313,8699.932269711253,1.0,8875.8609698932,0.18214513560811818,1752090780.0,2025-07-06 00:05:00+00:00,2025-07-06 00:05:00+00:00,2025-07-09 19:52:00+00:00,2025-07-09 19:53:00+00:00,2786.411632469642,2483.56969547241,2025-07-11 00:00:00+00:00,0.11293271165472406,-1.0054919854714508,stop,minute interval; not exact exchange fill
911,2904485.0,2904514.0,-1.0,0.6980000000000001,2770.26,2763.01,0.9668207400000002,0.9642904900000002,0.0,5.0605,3.12938877,8703.061658481254,2.0,8699.932269711253,0.22225937168866913,1752107700.0,2025-07-10 00:05:00+00:00,2025-07-10 00:05:00+00:00,2025-07-10 00:34:00+00:00,2025-07-10 00:35:00+00:00,3015.3328069910526,2762.4531041616374,2025-07-15 00:00:00+00:00,0.03185541445505157,0.018294012522424356,target,minute interval; not exact exchange fill
912,2905925.0,2905936.0,-1.0,0.602,2950.7000000000003,2934.65,0.8881607,0.8833296500000001,0.0,9.662100000000109,7.890609650000108,8710.952268131254,2.0,8703.061658481254,0.2041030466869036,1752193020.0,2025-07-11 00:05:00+00:00,2025-07-11 00:05:00+00:00,2025-07-11 00:16:00+00:00,2025-07-11 00:17:00+00:00,3235.661189688748,2934.054718355686,2025-07-16 00:00:00+00:00,0.058412451402576324,0.04599687773032115,target,minute interval; not exact exchange fill
913,2907365.0,2907395.0,-1.0,0.498,2957.4,2939.12,0.7363926000000001,0.73184088,0.0,9.1034400000001,7.6352065200001,8718.587474651255,2.0,8710.952268131254,0.16907281255439072,1752280560.0,2025-07-12 00:05:00+00:00,2025-07-12 00:05:00+00:00,2025-07-12 00:35:00+00:00,2025-07-12 00:36:00+00:00,3302.507697058389,2938.522413053169,2025-07-17 00:00:00+00:00,0.0547005677002822,0.044425957840651155,target,minute interval; not exact exchange fill
914,2908805.0,2914324.0,-1.0,0.379,2937.64,3394.02,0.55668278,0.64316679,-1.0315459942851573,-172.96802000000005,-173.1363235757149,8545.451151075542,1.0,8718.587474651255,0.1277002224542726,1752696300.0,2025-07-13 00:05:00+00:00,2025-07-13 00:05:00+00:00,2025-07-16 20:04:00+00:00,2025-07-16 20:05:00+00:00,3393.3348729284894,2928.59485093627,2025-07-18 00:00:00+00:00,0.019849135026693873,-1.0024779735251266,stop,minute interval; not exact exchange fill
915,2914565.0,2914652.0,-1.0,0.436,3380.44,3364.2400000000002,0.7369359200000001,0.7334043200000001,0.0,7.063199999999921,5.5928597599999215,8551.044010835541,2.0,8545.451151075542,0.1724744327646758,1752715980.0,2025-07-17 00:05:00+00:00,2025-07-17 00:05:00+00:00,2025-07-17 01:32:00+00:00,2025-07-17 01:33:00+00:00,3767.658483990445,3363.557529426833,2025-07-22 00:00:00+00:00,0.043599340607882266,0.033127705753624,target,minute interval; not exact exchange fill
916,2916005.0,2919890.0,-1.0,0.503,3482.1800000000003,3817.58,0.87576827,0.96012137,-1.4529256661561378,-168.70619999999982,-169.08916397384368,8381.954846861696,1.0,8551.044010835541,0.20483306339910343,1753030260.0,2025-07-18 00:05:00+00:00,2025-07-18 00:05:00+00:00,2025-07-20 16:50:00+00:00,2025-07-20 16:51:00+00:00,3816.812798448046,3456.89330858815,2025-07-23 00:00:00+00:00,0.07556549008084248,-1.0045678766337218,stop,minute interval; not exact exchange fill
917,2920325.0,2920340.0,-1.0,0.232,3745.57,3720.16,0.43448612000000003,0.43153856,0.0,5.895120000000072,5.0290953200000725,8386.983942181696,2.0,8381.954846861696,0.1036717872949833,1753057260.0,2025-07-21 00:05:00+00:00,2025-07-21 00:05:00+00:00,2025-07-21 00:20:00+00:00,2025-07-21 00:21:00+00:00,4461.420434854084,3719.408493099505,2025-07-26 00:00:00+00:00,0.03654605155869999,0.03028165374296222,target,minute interval; not exact exchange fill
918,2921765.0,2921821.0,-1.0,0.245,3755.41,3733.08,0.46003772499999995,0.4573023,0.0,5.470849999999982,4.553509974999981,8391.537452156696,2.0,8386.983942181696,0.10970277949055687,1753146120.0,2025-07-22 00:05:00+00:00,2025-07-22 00:05:00+00:00,2025-07-22 01:01:00+00:00,2025-07-22 01:02:00+00:00,4433.755834282094,3732.327915158154,2025-07-27 00:00:00+00:00,0.03402701642042793,0.027398642492836373,target,minute interval; not exact exchange fill
919,2923205.0,2923264.0,-1.0,0.293,3735.46,3716.86,0.54724489,0.5445199900000001,0.0,5.449799999999973,4.358035119999973,8395.895487276695,2.0,8391.537452156696,0.13042780137014187,1753232700.0,2025-07-23 00:05:00+00:00,2025-07-23 00:05:00+00:00,2025-07-23 01:04:00+00:00,2025-07-23 01:05:00+00:00,4302.964221204785,3716.1136531520483,2025-07-28 00:00:00+00:00,0.0340902254557338,0.026209214741034784,target,minute interval; not exact exchange fill
920,2924645.0,2924645.0,-1.0,0.382,3616.2200000000003,3613.4300000000003,0.69069802,0.6901651300000001,0.0,1.0657799999999862,-0.31508315000001397,8395.580404126695,2.0,8395.895487276695,0.16453230535008384,1753315560.0,2025-07-24 00:05:00+00:00,2025-07-24 00:05:00+00:00,2025-07-24 00:05:00+00:00,2025-07-24 00:06:00+00:00,4050.557844654237,3612.703632959638,2025-07-29 00:00:00+00:00,0.008095925979375468,-0.0018990401369621715,target,minute interval; not exact exchange fill
921,2927525.0,2927636.0,-1.0,0.342,3718.4,3701.64,0.6358464,0.6329804400000001,0.0,5.731920000000075,4.463093160000075,8400.043497286695,2.0,8395.580404126695,0.15147169567632543,1753495020.0,2025-07-26 00:05:00+00:00,2025-07-26 00:05:00+00:00,2025-07-26 01:56:00+00:00,2025-07-26 01:57:00+00:00,4203.153166022495,3700.893305382266,2025-07-31 00:00:00+00:00,0.03611465761302851,0.026920876261785257,target,minute interval; not exact exchange fill
922,2928965.0,2932836.0,-1.0,0.23700000000000002,3733.61,3727.2400000000002,0.44243278500000005,0.44167794000000005,-0.665381260989087,1.5096899999999742,1.2909605359890612,8401.334457822684,2.0,8400.043497286695,0.10534059380595126,1753807020.0,2025-07-27 00:05:00+00:00,2025-07-27 00:05:00+00:00,2025-07-29 16:36:00+00:00,2025-07-29 16:37:00+00:00,4435.507747483829,3726.4916985609707,2025-08-01 00:00:00+00:00,0.010141507740332843,0.007760519090820495,target,minute interval; not exact exchange fill
923,2933285.0,2933314.0,-1.0,0.3,3784.44,3762.88,0.567666,0.564432,0.0,6.467999999999983,5.335901999999983,8406.670359822683,2.0,8401.334457822684,0.13513710300425727,1753835700.0,2025-07-30 00:05:00+00:00,2025-07-30 00:05:00+00:00,2025-07-30 00:34:00+00:00,2025-07-30 00:35:00+00:00,4338.653162466121,3762.121710147187,2025-08-04 00:00:00+00:00,0.04027022698901943,0.032092958458176675,target,minute interval; not exact exchange fill
924,2934725.0,2935516.0,-1.0,0.378,3801.4900000000002,3794.34,0.7184816100000001,0.71713026,-0.14599519961871602,2.7027000000000343,1.4130833296187504,8408.083443152302,2.0,8406.670359822683,0.17093131507422507,1753967820.0,2025-07-31 00:05:00+00:00,2025-07-31 00:05:00+00:00,2025-07-31 13:16:00+00:00,2025-07-31 13:17:00+00:00,4239.928725928064,3793.573108239939,2025-08-05 00:00:00+00:00,0.018057008407054695,0.00852642676330433,target,minute interval; not exact exchange fill
925,2936165.0,2936171.0,-1.0,0.418,3687.29,3679.4700000000003,0.77064361,0.76900923,0.0,3.268759999999878,1.7291071599998782,8409.812550312301,2.0,8408.083443152302,0.1833101717437465,1754007120.0,2025-08-01 00:05:00+00:00,2025-08-01 00:05:00+00:00,2025-08-01 00:11:00+00:00,2025-08-01 00:12:00+00:00,4083.849833213823,3678.725943379914,2025-08-06 00:00:00+00:00,0.021595875080641938,0.010431263213108286,target,minute interval; not exact exchange fill
926,2937605.0,2937989.0,-1.0,0.37,3484.38,3465.38,0.6446103000000001,0.6410953,0.0,7.03,5.7442944,8415.5568447123,2.0,8409.812550312301,0.15329956432288427,1754116200.0,2025-08-02 00:05:00+00:00,2025-08-02 00:05:00+00:00,2025-08-02 06:29:00+00:00,2025-08-02 06:30:00+00:00,3933.625648465305,3464.6840164540954,2025-08-07 00:00:00+00:00,0.043842346861209115,0.034558197843510115,target,minute interval; not exact exchange fill
927,2939045.0,2939062.0,-1.0,0.258,3401.31,3380.41,0.43876899,0.43607289,0.0,5.392200000000024,4.517358120000024,8420.0742028323,2.0,8415.5568447123,0.10427568801360763,1754180580.0,2025-08-03 00:05:00+00:00,2025-08-03 00:05:00+00:00,2025-08-03 00:22:00+00:00,2025-08-03 00:23:00+00:00,4047.915955416123,3379.7295417002297,2025-08-08 00:00:00+00:00,0.033374976087070185,0.027078531914745657,target,minute interval; not exact exchange fill
928,2940485.0,2947680.0,-1.0,0.243,3493.4500000000003,4009.85,0.42445417500000004,0.487196775,-0.7479411326689518,-125.4851999999999,-125.64890981733095,8294.425293014972,4.0,8420.0742028323,0.10081958062963967,1754697600.0,2025-08-04 00:05:00+00:00,2025-08-04 00:05:00+00:00,2025-08-09 00:00:00+00:00,2025-08-09 00:00:00+00:00,4179.801861451566,3459.9431177066194,2025-08-09 00:00:00+00:00,0.04881881171345137,-0.7533653392567772,timeout,minute interval; not exact exchange fill
929,2949125.0,2949300.0,-1.0,0.198,4260.42,4244.43,0.42178158000000004,0.4201985700000001,0.0,3.166019999999957,2.3240398499999566,8296.749332864973,2.0,8294.425293014972,0.10170242424274945,1754794860.0,2025-08-10 00:05:00+00:00,2025-08-10 00:05:00+00:00,2025-08-10 03:00:00+00:00,2025-08-10 03:01:00+00:00,5091.065836134832,4243.577736247952,2025-08-15 00:00:00+00:00,0.020276106878978094,0.014130661335301645,target,minute interval; not exact exchange fill
930,2950565.0,2951178.0,-1.0,0.19,4245.96,4231.92,0.4033662,0.4020324,-0.07594474135122885,2.667599999999993,1.9381461413512222,8298.687479006323,2.0,8296.749332864973,0.0972347563646864,1754907540.0,2025-08-11 00:05:00+00:00,2025-08-11 00:05:00+00:00,2025-08-11 10:18:00+00:00,2025-08-11 10:19:00+00:00,5109.508879765244,4231.071277541074,2025-08-16 00:00:00+00:00,0.017241319869436535,0.01181261351155885,target,minute interval; not exact exchange fill
931,2952005.0,2959200.0,-1.0,0.20600000000000002,4232.38,4421.11,0.43593514000000005,0.45537433,-1.2009325240521669,-38.878379999999915,-38.56875694594774,8260.118722060375,4.0,8298.687479006323,0.10506122591140124,1755388800.0,2025-08-12 00:05:00+00:00,2025-08-12 00:05:00+00:00,2025-08-17 00:00:00+00:00,2025-08-17 00:00:00+00:00,5030.358582317629,4170.568698407749,2025-08-17 00:00:00+00:00,0.07745985037935187,-0.2346265671968142,timeout,minute interval; not exact exchange fill
932,2960645.0,2960659.0,-1.0,0.178,4470.3,4452.650000000001,0.3978567,0.39628585000000005,0.0,3.141699999999935,2.3475574499999348,8262.466279510376,2.0,8260.118722060375,0.09633195681254325,1755476400.0,2025-08-18 00:05:00+00:00,2025-08-18 00:05:00+00:00,2025-08-18 00:19:00+00:00,2025-08-18 00:20:00+00:00,5391.535316221088,4451.752849502938,2025-08-23 00:00:00+00:00,0.02013291302502648,0.014316130491066103,target,minute interval; not exact exchange fill
933,2962085.0,2962110.0,-1.0,0.186,4314.6,4283.7,0.40125780000000005,0.3983841,0.0,5.747400000000101,4.947758100000101,8267.414037610375,2.0,8262.466279510376,0.09712785176383876,1755563460.0,2025-08-19 00:05:00+00:00,2025-08-19 00:05:00+00:00,2025-08-19 00:30:00+00:00,2025-08-19 00:31:00+00:00,5196.942137270298,4282.839393573884,2025-08-24 00:00:00+00:00,0.03599579469747878,0.030147999144975214,target,minute interval; not exact exchange fill
934,2963525.0,2970340.0,-1.0,0.202,4092.77,4905.99,0.41336977,0.49550499000000003,-0.9558489673980978,-164.27043999999998,-164.22346579260187,8103.190571817771,1.0,8267.414037610375,0.09999977456541682,1756057260.0,2025-08-20 00:05:00+00:00,2025-08-20 00:05:00+00:00,2025-08-24 17:40:00+00:00,2025-08-24 17:41:00+00:00,4905.0089630253915,4040.9705450616784,2025-08-25 00:00:00+00:00,0.06377366427409645,-1.0009215162378342,stop,minute interval; not exact exchange fill
935,2970725.0,2970749.0,-1.0,0.17200000000000001,4787.03,4759.89,0.41168458,0.4093505400000001,0.0,4.6680799999999,3.8470448799999,8107.037616697771,2.0,8103.190571817771,0.10161048943654492,1756081800.0,2025-08-25 00:05:00+00:00,2025-08-25 00:05:00+00:00,2025-08-25 00:29:00+00:00,2025-08-25 00:30:00+00:00,5718.6431976237845,4758.935604184338,2025-08-30 00:00:00+00:00,0.030156717280648396,0.02400839753778557,target,minute interval; not exact exchange fill
936,2972165.0,2972170.0,-1.0,0.184,4368.79,4346.66,0.40192868,0.39989272,0.0,4.07192000000002,3.27009860000002,8110.307715297771,2.0,8107.037616697771,0.0991554989635578,1756167060.0,2025-08-26 00:05:00+00:00,2025-08-26 00:05:00+00:00,2025-08-26 00:10:00+00:00,2025-08-26 00:11:00+00:00,5243.848225438843,4345.786970835483,2025-08-31 00:00:00+00:00,0.026287426934340344,0.020309819944938284,target,minute interval; not exact exchange fill
937,2975045.0,2975063.0,-1.0,0.246,4510.24,4485.6900000000005,0.55475952,0.5517398700000001,0.0,6.039299999999821,4.932800609999821,8115.240515907772,2.0,8110.307715297771,0.1368035688593184,1756340640.0,2025-08-28 00:05:00+00:00,2025-08-28 00:05:00+00:00,2025-08-28 00:23:00+00:00,2025-08-28 00:24:00+00:00,5162.930465862836,4484.790349230765,2025-09-02 00:00:00+00:00,0.03899191439174936,0.03072212028329709,target,minute interval; not exact exchange fill
938,2976485.0,2976494.0,-1.0,0.218,4501.2,4495.03,0.4906308,0.48995827,0.0,1.345060000000016,0.364470930000016,8115.604986837771,2.0,8115.240515907772,0.12091589868180708,1756426500.0,2025-08-29 00:05:00+00:00,2025-08-29 00:05:00+00:00,2025-08-29 00:14:00+00:00,2025-08-29 00:15:00+00:00,5238.534672446037,4494.129875682379,2025-09-03 00:00:00+00:00,0.009588758784618668,0.002267471017541811,target,minute interval; not exact exchange fill
939,2979365.0,2981752.0,-1.0,0.18,4371.45,4356.29,0.3934305,0.39206610000000003,-0.007936402994666157,2.728799999999974,1.95123980299464,8117.556226640765,2.0,8115.604986837771,0.09695654252223515,1756741980.0,2025-08-31 00:05:00+00:00,2025-08-31 00:05:00+00:00,2025-09-01 15:52:00+00:00,2025-09-01 15:53:00+00:00,5264.159460474398,4355.418154292663,2025-09-05 00:00:00+00:00,0.01795863762754083,0.01214305617640409,target,minute interval; not exact exchange fill
940,2982245.0,2983006.0,-1.0,0.191,4312.72,4286.21,0.41186476000000005,0.409333055,-0.046082221520500004,5.063410000000042,4.288294406520541,8121.844521047286,2.0,8117.556226640765,0.1014750618291533,1756817220.0,2025-09-02 00:05:00+00:00,2025-09-02 00:05:00+00:00,2025-09-02 12:46:00+00:00,2025-09-02 12:47:00+00:00,5156.651364007603,4285.346966740839,2025-09-07 00:00:00+00:00,0.03243514156077115,0.026603826013625865,target,minute interval; not exact exchange fill
941,2983685.0,2983692.0,-1.0,0.179,4317.75,4314.79,0.38643862500000004,0.386173705,0.0,0.5298400000000065,-0.24277232999999349,8121.601748717287,2.0,8121.844521047286,0.09516031093640535,1756858380.0,2025-09-03 00:05:00+00:00,2025-09-03 00:05:00+00:00,2025-09-03 00:12:00+00:00,2025-09-03 00:13:00+00:00,5215.045837511453,4313.9219333037245,2025-09-08 00:00:00+00:00,0.0042662258490936845,-0.0015115081819184883,target,minute interval; not exact exchange fill
942,2985125.0,2985272.0,-1.0,0.261,4448.67,4430.27,0.5805514350000001,0.5781502350000001,0.0,4.802399999999905,3.6436983299999053,8125.245447047286,2.0,8121.601748717287,0.14296476310025705,1756953180.0,2025-09-04 00:05:00+00:00,2025-09-04 00:05:00+00:00,2025-09-04 02:32:00+00:00,2025-09-04 02:33:00+00:00,5064.657729281248,4429.374172192649,2025-09-09 00:00:00+00:00,0.03132501978548503,0.02266364951179982,target,minute interval; not exact exchange fill
943,2986565.0,2987436.0,-1.0,0.23700000000000002,4301.34,4282.51,0.5097087900000001,0.5074774350000001,0.03616494917263039,4.462709999999983,3.4093588258273515,8128.654805873113,2.0,8125.245447047286,0.12546298898213057,1757083020.0,2025-09-05 00:05:00+00:00,2025-09-05 00:05:00+00:00,2025-09-05 14:36:00+00:00,2025-09-05 14:37:00+00:00,4978.711150714192,4281.6447134690015,2025-09-10 00:00:00+00:00,0.029076063411074892,0.02123722018952991,target,minute interval; not exact exchange fill
944,2988005.0,2988005.0,-1.0,0.247,4301.93,4302.51,0.531288355,0.531359985,0.0,-0.14325999999998204,-1.2059083399999821,8127.448897533113,2.0,8128.654805873113,0.13071987129189783,1757117160.0,2025-09-06 00:05:00+00:00,2025-09-06 00:05:00+00:00,2025-09-06 00:05:00+00:00,2025-09-06 00:06:00+00:00,4953.063889729461,4301.647817620765,2025-09-11 00:00:00+00:00,0.0004333707455356197,-0.007498027789689212,target,minute interval; not exact exchange fill
945,2989445.0,2996640.0,-1.0,0.195,4274.32,4457.77,0.4167462,0.434632575,-0.8241760258476517,-35.772750000000144,-35.799952749152496,8091.648944783961,4.0,8127.448897533113,0.10255277031061814,1757635200.0,2025-09-07 00:05:00+00:00,2025-09-07 00:05:00+00:00,2025-09-12 00:00:00+00:00,2025-09-12 00:00:00+00:00,5100.220721316848,4256.222448926912,2025-09-12 00:00:00+00:00,0.021912501837063794,-0.22229003624670882,timeout,minute interval; not exact exchange fill
946,2999525.0,2999571.0,-1.0,0.189,4666.76,4660.21,0.44100882,0.440389845,0.0,1.2379500000000343,0.35655133500003433,8092.005496118961,2.0,8091.648944783961,0.10900344861952596,1757811120.0,2025-09-14 00:05:00+00:00,2025-09-14 00:05:00+00:00,2025-09-14 00:51:00+00:00,2025-09-14 00:52:00+00:00,5514.9477936922785,4659.272129948862,2025-09-19 00:00:00+00:00,0.008828080416652022,0.0022241713616131184,target,minute interval; not exact exchange fill
947,3000965.0,3001027.0,-1.0,0.199,4602.37,4586.150000000001,0.457935815,0.4563219250000001,0.0,3.22777999999987,2.31352225999987,8094.31901837896,2.0,8092.005496118961,0.11318227977468191,1757898480.0,2025-09-15 00:05:00+00:00,2025-09-15 00:05:00+00:00,2025-09-15 01:07:00+00:00,2025-09-15 01:08:00+00:00,5408.00042633212,4585.224462072133,2025-09-20 00:00:00+00:00,0.021282138021930425,0.014430611878611761,target,minute interval; not exact exchange fill
948,3002405.0,3002427.0,-1.0,0.20600000000000002,4519.04,4505.17,0.46546112000000006,0.46403251000000006,0.0,2.8572199999999777,1.9277263699999776,8096.24674474896,2.0,8094.31901837896,0.11500933406334099,1757982480.0,2025-09-16 00:05:00+00:00,2025-09-16 00:05:00+00:00,2025-09-16 00:27:00+00:00,2025-09-16 00:28:00+00:00,5296.348932544222,4504.2625972052,2025-09-21 00:00:00+00:00,0.01901097771568339,0.012038836308455137,target,minute interval; not exact exchange fill
949,3003845.0,3004098.0,-1.0,0.197,4499.2300000000005,4490.45,0.44317415500000007,0.44230932500000003,0.0,1.729660000000129,0.8441765200001288,8097.09092126896,2.0,8096.24674474896,0.10947644481992416,1758082740.0,2025-09-17 00:05:00+00:00,2025-09-17 00:05:00+00:00,2025-09-17 04:18:00+00:00,2025-09-17 04:19:00+00:00,5313.8702013538195,4489.54572394597,2025-09-22 00:00:00+00:00,0.01188779541929846,0.005260187249388518,target,minute interval; not exact exchange fill
950,3005285.0,3005650.0,-1.0,0.28400000000000003,4589.68,4575.57,0.6517345600000001,0.6497309400000001,0.0,4.007240000000166,2.7057745000001656,8099.7966957689605,2.0,8097.09092126896,0.1609799288008641,1758175860.0,2025-09-18 00:05:00+00:00,2025-09-18 00:05:00+00:00,2025-09-18 06:10:00+00:00,2025-09-18 06:11:00+00:00,5152.009620687425,4574.6465923297565,2025-09-23 00:00:00+00:00,0.0267341557641337,0.016942687437225448,target,minute interval; not exact exchange fill
951,3006725.0,3006929.0,-1.0,0.247,4591.27,4572.71,0.5670218450000001,0.564729685,0.0,4.5843200000000985,3.4525684700000983,8103.24926423896,2.0,8099.7966957689605,0.14000890795103332,1758252600.0,2025-09-19 00:05:00+00:00,2025-09-19 00:05:00+00:00,2025-09-19 03:29:00+00:00,2025-09-19 03:30:00+00:00,5238.071246469215,4571.794896962662,2025-09-24 00:00:00+00:00,0.03010987245873389,0.02161098185308723,target,minute interval; not exact exchange fill
952,3008165.0,3008169.0,-1.0,0.281,4467.0,4463.6900000000005,0.6276135,0.6271484450000001,0.0,0.930109999999857,-0.32465194500014316,8102.924612293959,2.0,8103.24926423896,0.15490415746428213,1758327000.0,2025-09-20 00:05:00+00:00,2025-09-20 00:05:00+00:00,2025-09-20 00:09:00+00:00,2025-09-20 00:10:00+00:00,5036.670234575337,4462.78830326804,2025-09-25 00:00:00+00:00,0.007393218877056904,-0.0020280943779022705,target,minute interval; not exact exchange fill
953,3009605.0,3009627.0,-1.0,0.20700000000000002,4478.51,4474.17,0.4635257850000001,0.4630765950000001,0.0,0.8983800000000302,-0.028222379999970015,8102.89638991396,2.0,8102.924612293959,0.11440950204491034,1758414480.0,2025-09-21 00:05:00+00:00,2025-09-21 00:05:00+00:00,2025-09-21 00:27:00+00:00,2025-09-21 00:28:00+00:00,5253.096925623152,4473.266653480343,2025-09-26 00:00:00+00:00,0.006769216399358962,-0.00017601639724317605,target,minute interval; not exact exchange fill
954,3011045.0,3011061.0,-1.0,0.213,4448.78,4428.1,0.47379507,0.47159265000000006,0.0,4.404839999999868,3.4594522799998675,8106.35584219396,2.0,8102.89638991396,0.11694462009652598,1758500520.0,2025-09-22 00:05:00+00:00,2025-09-22 00:05:00+00:00,2025-09-22 00:21:00+00:00,2025-09-22 00:22:00+00:00,5200.752391734867,4427.206429985022,2025-09-27 00:00:00+00:00,0.028689311272726222,0.021598612101341445,target,minute interval; not exact exchange fill
955,3012485.0,3012549.0,-1.0,0.229,4201.15,4181.95,0.48103167499999994,0.478833275,0.0,4.396799999999959,3.436935049999959,8109.79277724396,2.0,8106.35584219396,0.11868012812766192,1758589800.0,2025-09-23 00:05:00+00:00,2025-09-23 00:05:00+00:00,2025-09-23 01:09:00+00:00,2025-09-23 01:10:00+00:00,4902.059043171222,4181.111299526048,2025-09-28 00:00:00+00:00,0.028589587577993663,0.02141283544023767,target,minute interval; not exact exchange fill
956,3013925.0,3014117.0,-1.0,0.211,4162.96,4153.89,0.43919228,0.438235395,0.0,1.9137699999999385,1.0363423249999384,8110.82911956896,2.0,8109.79277724396,0.10831159119931436,1758683880.0,2025-09-24 00:05:00+00:00,2025-09-24 00:05:00+00:00,2025-09-24 03:17:00+00:00,2025-09-24 03:18:00+00:00,4922.197093390959,4153.052301375565,2025-09-29 00:00:00+00:00,0.013049545011275632,0.006469092517678875,target,minute interval; not exact exchange fill
957,3015365.0,3015383.0,-1.0,0.313,4154.29,4138.87,0.650146385,0.6477331550000001,0.0,4.826460000000023,3.528580460000023,8114.35770002896,2.0,8110.82911956896,0.1603156410807361,1758759840.0,2025-09-25 00:05:00+00:00,2025-09-25 00:05:00+00:00,2025-09-25 00:23:00+00:00,2025-09-25 00:24:00+00:00,4665.7093912427845,4138.038916428156,2025-09-30 00:00:00+00:00,0.03177643212227979,0.022043395680802956,target,minute interval; not exact exchange fill
958,3016805.0,3024000.0,-1.0,0.298,3884.92,4143.58,0.57885308,0.61739342,-0.5193978224343588,-77.08067999999996,-77.7575286775656,8036.600171351394,4.0,8114.35770002896,0.1426737892015616,1759276800.0,2025-09-26 00:05:00+00:00,2025-09-26 00:05:00+00:00,2025-10-01 00:00:00+00:00,2025-10-01 00:00:00+00:00,4423.546778260579,3861.702024040202,2025-10-01 00:00:00+00:00,0.043105870144030375,-0.4844380465631036,timeout,minute interval; not exact exchange fill
959,3025445.0,3025486.0,-1.0,0.311,4360.03,4334.02,0.677984665,0.6739401100000001,0.0,8.089109999999785,6.737185224999784,8043.337356576394,2.0,8036.600171351394,0.1687242491960362,1759366020.0,2025-10-02 00:05:00+00:00,2025-10-02 00:05:00+00:00,2025-10-02 00:46:00+00:00,2025-10-02 00:47:00+00:00,4869.809494855983,4333.145808325037,2025-10-07 00:00:00+00:00,0.05273690281041512,0.04249479474673511,target,minute interval; not exact exchange fill
960,3026885.0,3026889.0,-1.0,0.247,4468.74,4469.0,0.5518893899999999,0.5519215000000001,0.0,-0.06422000000005391,-1.168030890000054,8042.169325686395,2.0,8043.337356576394,0.13722895498067456,1759450200.0,2025-10-03 00:05:00+00:00,2025-10-03 00:05:00+00:00,2025-10-03 00:09:00+00:00,2025-10-03 00:10:00+00:00,5112.8665556912965,4468.106133552298,2025-10-08 00:00:00+00:00,0.000984071285527633,-0.007341523118737198,target,minute interval; not exact exchange fill
961,3029765.0,3029803.0,-1.0,0.2,4486.09,4480.55,0.44860900000000004,0.4480550000000001,0.0,1.1079999999999928,0.21133599999999264,8042.380661686395,2.0,8042.169325686395,0.11156417673703022,1759625040.0,2025-10-05 00:05:00+00:00,2025-10-05 00:05:00+00:00,2025-10-05 00:43:00+00:00,2025-10-05 00:44:00+00:00,5283.303673232086,4479.645092946079,2025-10-10 00:00:00+00:00,0.008084290661739591,0.0013254664784109155,target,minute interval; not exact exchange fill
962,3031205.0,3031252.0,-1.0,0.198,4509.08,4495.6900000000005,0.44639892000000003,0.44507331000000006,0.0,2.651219999999885,1.7597477699998847,8044.140409456394,2.0,8042.380661686395,0.1110116366728643,1759711980.0,2025-10-06 00:05:00+00:00,2025-10-06 00:05:00+00:00,2025-10-06 00:52:00+00:00,2025-10-06 00:53:00+00:00,5312.616935699637,4494.788026724696,2025-10-11 00:00:00+00:00,0.017786330211268256,0.011060617882189821,target,minute interval; not exact exchange fill
963,3032645.0,3032721.0,-1.0,0.194,4683.6,4665.05,0.4543092,0.45250985000000005,0.0,3.5987000000000355,2.6918809500000354,8046.832290406393,2.0,8044.140409456394,0.11295407013679944,1759800120.0,2025-10-07 00:05:00+00:00,2025-10-07 00:05:00+00:00,2025-10-07 01:21:00+00:00,2025-10-07 01:22:00+00:00,5505.522958569815,4664.112231576621,2025-10-12 00:00:00+00:00,0.023709969675612168,0.016881965463216308,target,minute interval; not exact exchange fill
964,3034085.0,3034327.0,-1.0,0.2,4456.61,4428.4800000000005,0.44566100000000003,0.4428480000000001,0.0,5.6259999999998405,4.7374909999998405,8051.569781406393,2.0,8046.832290406393,0.1107668170321697,1759896480.0,2025-10-08 00:05:00+00:00,2025-10-08 00:05:00+00:00,2025-10-08 04:07:00+00:00,2025-10-08 04:08:00+00:00,5254.963263709938,4427.593793757247,2025-10-13 00:00:00+00:00,0.036345071238156654,0.029670392890891288,target,minute interval; not exact exchange fill
965,3035525.0,3035553.0,-1.0,0.281,4517.8,4511.04,0.6347509000000001,0.6338011200000001,0.0,1.8995600000000614,0.6310079800000611,8052.200789386394,2.0,8051.569781406393,0.15767134042999653,1759970040.0,2025-10-09 00:05:00+00:00,2025-10-09 00:05:00+00:00,2025-10-09 00:33:00+00:00,2025-10-09 00:34:00+00:00,5082.591796260557,4510.1369446682265,2025-10-14 00:00:00+00:00,0.013567929602572394,0.003975943019831431,target,minute interval; not exact exchange fill
966,3036965.0,3037133.0,-1.0,0.261,4366.9800000000005,4353.52,0.5698908900000001,0.5681343600000002,0.0,3.5130600000000096,2.375034750000009,8054.575824136394,2.0,8052.200789386394,0.1415491006511346,1760064840.0,2025-10-10 00:05:00+00:00,2025-10-10 00:05:00+00:00,2025-10-10 02:53:00+00:00,2025-10-10 02:54:00+00:00,4977.659908672887,4352.648425805568,2025-10-15 00:00:00+00:00,0.02346822613761359,0.014901014215082624,target,minute interval; not exact exchange fill
967,3038405.0,3038476.0,-1.0,0.334,3854.55,3797.15,0.6437098500000001,0.63412405,0.0,19.17160000000003,17.89376610000003,8072.469590236394,2.0,8054.575824136394,0.1598370576066973,1760145420.0,2025-10-11 00:05:00+00:00,2025-10-11 00:05:00+00:00,2025-10-11 01:16:00+00:00,2025-10-11 01:17:00+00:00,4330.941668972207,3796.387389209955,2025-10-16 00:00:00+00:00,0.12208989908561664,0.11245820086565306,target,minute interval; not exact exchange fill
968,3039845.0,3039845.0,-1.0,0.217,3734.51,3732.9,0.405194335,0.40501965,0.0,0.3493700000000276,-0.4608439849999724,8072.008746251394,2.0,8072.469590236394,0.10038918833217539,1760227560.0,2025-10-12 00:05:00+00:00,2025-10-12 00:05:00+00:00,2025-10-12 00:05:00+00:00,2025-10-12 00:06:00+00:00,4472.53670254287,3732.152374389565,2025-10-17 00:00:00+00:00,0.0031944990639390285,-0.0028775449352749023,target,minute interval; not exact exchange fill
969,3041285.0,3041289.0,-1.0,0.185,4141.7300000000005,4132.31,0.3831100250000001,0.3822386750000001,0.0,1.7427000000000135,0.9773513000000132,8072.986097551394,2.0,8072.008746251394,0.09492309462075713,1760314200.0,2025-10-13 00:05:00+00:00,2025-10-13 00:05:00+00:00,2025-10-13 00:09:00+00:00,2025-10-13 00:10:00+00:00,5004.682383465565,4131.47994867074,2025-10-18 00:00:00+00:00,0.011877887500695143,0.006121983206980601,target,minute interval; not exact exchange fill
970,3042725.0,3042785.0,-1.0,0.188,4241.83,4221.82,0.39873201999999996,0.39685107999999997,0.0,3.761880000000041,2.966296900000041,8075.952394451394,2.0,8072.986097551394,0.09878179280426082,1760403960.0,2025-10-14 00:05:00+00:00,2025-10-14 00:05:00+00:00,2025-10-14 01:05:00+00:00,2025-10-14 01:06:00+00:00,5090.375648196167,4220.975786975604,2025-10-19 00:00:00+00:00,0.024576418568320574,0.018594373836624295,target,minute interval; not exact exchange fill
971,3044165.0,3044179.0,-1.0,0.19,4127.63,4105.04,0.39212485,0.38997879999999996,0.0,4.292100000000028,3.509996350000028,8079.462390801394,2.0,8075.952394451394,0.0971092524689498,1760487600.0,2025-10-15 00:05:00+00:00,2025-10-15 00:05:00+00:00,2025-10-15 00:19:00+00:00,2025-10-15 00:20:00+00:00,4971.0854294971905,4104.209874102345,2025-10-20 00:00:00+00:00,0.027766880238849025,0.02190236063927274,target,minute interval; not exact exchange fill
972,3045605.0,3046173.0,-1.0,0.28400000000000003,3989.7200000000003,3970.96,0.56654024,0.5638763200000001,-0.00869756958,5.327840000000062,4.206121009580062,8083.668511810974,2.0,8079.462390801394,0.14024206379004023,1760607240.0,2025-10-16 00:05:00+00:00,2025-10-16 00:05:00+00:00,2025-10-16 09:33:00+00:00,2025-10-16 09:34:00+00:00,4552.557293668351,3970.1606606752616,2025-10-21 00:00:00+00:00,0.03475132075427801,0.026313617472773766,target,minute interval; not exact exchange fill
973,3047045.0,3047420.0,-1.0,0.253,3894.79,3879.25,0.49269093500000005,0.490725125,0.0,3.931619999999991,2.9482039399999906,8086.616715750974,2.0,8083.668511810974,0.12189785721176809,1760682060.0,2025-10-17 00:05:00+00:00,2025-10-17 00:05:00+00:00,2025-10-17 06:20:00+00:00,2025-10-17 06:21:00+00:00,4527.399375110783,3878.474061635166,2025-10-22 00:00:00+00:00,0.025791489988552144,0.018420498428369462,target,minute interval; not exact exchange fill
974,3048485.0,3054902.0,-1.0,0.271,3828.44,3803.85,0.51875362,0.515421675,-0.47767723789875327,6.66389000000004,6.1073919428987935,8092.724107693873,2.0,8086.616715750974,0.1282992970322386,1761130980.0,2025-10-18 00:05:00+00:00,2025-10-18 00:05:00+00:00,2025-10-22 11:02:00+00:00,2025-10-22 11:03:00+00:00,4417.927480665265,3803.0813348833976,2025-10-23 00:00:00+00:00,0.04301815721002923,0.038230670495121244,target,minute interval; not exact exchange fill
975,3055685.0,3062880.0,-1.0,0.28700000000000003,3801.83,4119.29,0.5455626050000001,0.5911181150000001,-0.9931897529192071,-91.11102000000002,-91.25451096708082,8001.469596726792,4.0,8092.724107693873,0.1348279263545697,1761609600.0,2025-10-23 00:05:00+00:00,2025-10-23 00:05:00+00:00,2025-10-28 00:00:00+00:00,2025-10-28 00:00:00+00:00,4359.30967310028,3790.6212128769134,2025-10-28 00:00:00+00:00,0.02010618084198785,-0.5703525776252277,timeout,minute interval; not exact exchange fill
976,3064325.0,3065253.0,-1.0,0.199,3976.09,3960.65,0.39562095500000005,0.394084675,0.0080694751536,3.072560000000011,2.2747848948464107,8003.744381621639,2.0,8001.469596726792,0.09888707323510647,1761752040.0,2025-10-29 00:05:00+00:00,2025-10-29 00:05:00+00:00,2025-10-29 15:33:00+00:00,2025-10-29 15:34:00+00:00,4772.4695176597415,3959.8548849320646,2025-11-03 00:00:00+00:00,0.020386153470702557,0.014353809484191253,target,minute interval; not exact exchange fill
977,3065765.0,3065766.0,-1.0,0.297,3898.36,3893.7000000000003,0.57890646,0.57821445,0.0,1.3840199999999567,0.22689908999995667,8003.971280711638,2.0,8003.744381621639,0.14465890773056092,1761782820.0,2025-10-30 00:05:00+00:00,2025-10-30 00:05:00+00:00,2025-10-30 00:06:00+00:00,2025-10-30 00:07:00+00:00,4430.617577992554,3892.920339090464,2025-11-04 00:00:00+00:00,0.010219978323375198,0.0014353388877641146,target,minute interval; not exact exchange fill
978,3067205.0,3071672.0,-1.0,0.256,3795.4300000000003,3793.88,0.4858150400000001,0.48561664000000004,-0.5795983403772134,0.39680000000004656,0.004966660377259791,8003.976247372016,2.0,8003.971280711638,0.12139349904234187,1762137180.0,2025-10-31 00:05:00+00:00,2025-10-31 00:05:00+00:00,2025-11-03 02:32:00+00:00,2025-11-03 02:33:00+00:00,4415.391767153116,3793.1167311339536,2025-11-05 00:00:00+00:00,0.0037313089106595387,3.1293892827877345e-05,target,minute interval; not exact exchange fill
979,3072965.0,3072981.0,-1.0,0.229,3595.1800000000003,3587.7400000000002,0.41164811000000007,0.41079623000000004,0.0,1.7037600000000126,0.8813156600000125,8004.857563032016,2.0,8003.976247372016,0.10286090245086833,1762215720.0,2025-11-04 00:05:00+00:00,2025-11-04 00:05:00+00:00,2025-11-04 00:21:00+00:00,2025-11-04 00:22:00+00:00,4286.591691865345,3587.0139561027313,2025-11-09 00:00:00+00:00,0.01181068239566213,0.0055662061334501925,target,minute interval; not exact exchange fill
980,3074405.0,3074414.0,-1.0,0.234,3280.27,3270.9900000000002,0.38379159000000007,0.3827058300000001,0.0,2.1715199999999406,1.4050225799999405,8006.262585612015,2.0,8004.857563032016,0.09588967373321519,1762301700.0,2025-11-05 00:05:00+00:00,2025-11-05 00:05:00+00:00,2025-11-05 00:14:00+00:00,2025-11-05 00:15:00+00:00,3957.8536940587874,3270.331696334183,2025-11-10 00:00:00+00:00,0.014667270999816334,0.008861444058715504,target,minute interval; not exact exchange fill
981,3077285.0,3077298.0,-1.0,0.304,3319.91,3306.02,0.50462632,0.50251504,0.0,4.2225599999999615,3.2154186399999616,8009.478004252014,2.0,8006.262585612015,0.1260578989519678,1762474740.0,2025-11-07 00:05:00+00:00,2025-11-07 00:05:00+00:00,2025-11-07 00:18:00+00:00,2025-11-07 00:19:00+00:00,3841.073941102213,3305.3565086020526,2025-11-12 00:00:00+00:00,0.02792497763212085,0.020295024589825666,target,minute interval; not exact exchange fill
982,3078725.0,3078759.0,-1.0,0.299,3425.44,3411.17,0.51210328,0.509969915,0.0,4.266729999999995,3.2446568049999946,8012.722661057014,2.0,8009.478004252014,0.12787432083043074,1762562400.0,2025-11-08 00:05:00+00:00,2025-11-08 00:05:00+00:00,2025-11-08 00:39:00+00:00,2025-11-08 00:40:00+00:00,3955.6495773504244,3410.482535744853,2025-11-13 00:00:00+00:00,0.028210475431041396,0.020466803059703914,target,minute interval; not exact exchange fill
983,3080165.0,3080173.0,-1.0,0.225,3397.51,3388.41,0.38221987500000004,0.381196125,0.0,2.047500000000082,1.284084000000082,8014.006745057014,2.0,8012.722661057014,0.09540324585490614,1762647240.0,2025-11-09 00:05:00+00:00,2025-11-09 00:05:00+00:00,2025-11-09 00:13:00+00:00,2025-11-09 00:14:00+00:00,4103.148221058821,3387.731800398694,2025-11-14 00:00:00+00:00,0.01385724201083387,0.008087770517074407,target,minute interval; not exact exchange fill
984,3083045.0,3083374.0,-1.0,0.217,3569.28,3550.9700000000003,0.38726688000000004,0.385280245,0.0,3.9732699999999883,3.2007228749999883,8017.207467932014,2.0,8014.006745057014,0.09664750537897004,1762839300.0,2025-11-11 00:05:00+00:00,2025-11-11 00:05:00+00:00,2025-11-11 05:34:00+00:00,2025-11-11 05:35:00+00:00,4300.664201201103,3550.2548011814924,2025-11-16 00:00:00+00:00,0.026012591996469096,0.020167068109725662,target,minute interval; not exact exchange fill
985,3084485.0,3085450.0,-1.0,0.225,3430.05,3401.05,0.38588062500000003,0.38261812500000003,-0.0239068893142728,6.525,5.7804081393142726,8022.987876071328,2.0,8017.207467932014,0.09626310072265983,1762963860.0,2025-11-12 00:05:00+00:00,2025-11-12 00:05:00+00:00,2025-11-12 16:10:00+00:00,2025-11-12 16:11:00+00:00,4135.948380274061,3400.3672265753235,2025-11-17 00:00:00+00:00,0.04204964093153547,0.0363943360111161,target,minute interval; not exact exchange fill
986,3085925.0,3085941.0,-1.0,0.322,3418.76,3407.16,0.55042036,0.5485527600000001,0.0,3.735200000000117,2.636226880000117,8025.624102951328,2.0,8022.987876071328,0.13721081684334496,1762993320.0,2025-11-13 00:05:00+00:00,2025-11-13 00:05:00+00:00,2025-11-13 00:21:00+00:00,2025-11-13 00:22:00+00:00,3912.187387483939,3406.475963147005,2025-11-18 00:00:00+00:00,0.024895328400057523,0.016592188045635906,target,minute interval; not exact exchange fill
987,3087365.0,3087365.0,-1.0,0.294,3223.42,3222.36,0.47384274,0.47368692,0.0,0.31163999999998393,-0.6358896600000161,8024.988213291328,2.0,8025.624102951328,0.11808246534391013,1763078760.0,2025-11-14 00:05:00+00:00,2025-11-14 00:05:00+00:00,2025-11-14 00:05:00+00:00,2025-11-14 00:06:00+00:00,3763.02386251104,3221.71103089391,2025-11-19 00:00:00+00:00,0.0031670809362583387,-0.004008292286743599,target,minute interval; not exact exchange fill
988,3088805.0,3091203.0,-1.0,0.341,3128.78,3089.7000000000003,0.53345699,0.5267938500000001,-0.398466721953641,13.326279999999976,12.664495881953616,8037.652709173281,2.0,8024.988213291328,0.13294897782316137,1763309040.0,2025-11-15 00:05:00+00:00,2025-11-15 00:05:00+00:00,2025-11-16 16:03:00+00:00,2025-11-16 16:04:00+00:00,3595.000509466316,3089.0779782615177,2025-11-20 00:00:00+00:00,0.08515717548318393,0.07966033959727423,target,minute interval; not exact exchange fill
989,3091685.0,3091696.0,-1.0,0.23500000000000001,3090.87,3080.13,0.36317722500000005,0.36191527500000004,0.0,2.5238999999999487,1.7988074999999484,8039.451516673282,2.0,8037.652709173281,0.09036897665048653,1763338620.0,2025-11-17 00:05:00+00:00,2025-11-17 00:05:00+00:00,2025-11-17 00:16:00+00:00,2025-11-17 00:17:00+00:00,3768.9749651920233,3079.5105475425653,2025-11-22 00:00:00+00:00,0.01675176121770155,0.011288075435094632,target,minute interval; not exact exchange fill
990,3093125.0,3093152.0,-1.0,0.23900000000000002,3026.69,3016.18,0.361689455,0.36043351,0.0,2.511890000000052,1.789767035000052,8041.241283708282,2.0,8039.451516673282,0.08997863952531597,1763425980.0,2025-11-18 00:05:00+00:00,2025-11-18 00:05:00+00:00,2025-11-18 00:32:00+00:00,2025-11-18 00:33:00+00:00,3693.39161648293,3015.575376445597,2025-11-23 00:00:00+00:00,0.01667106135580739,0.011232258651936163,target,minute interval; not exact exchange fill
991,3094565.0,3094565.0,-1.0,0.219,3108.81,3107.08,0.340414695,0.34022526,0.0,0.378870000000004,-0.301769954999996,8040.939513753282,2.0,8041.241283708282,0.08466720074416548,1763510760.0,2025-11-19 00:05:00+00:00,2025-11-19 00:05:00+00:00,2025-11-19 00:05:00+00:00,2025-11-19 00:06:00+00:00,3838.523359641179,3106.4492571272604,2025-11-24 00:00:00+00:00,0.0032351646595869337,-0.0018883373612312055,target,minute interval; not exact exchange fill
992,3097445.0,3097578.0,-1.0,0.325,2835.84,2825.8,0.460824,0.45919250000000006,0.0,3.2629999999999884,2.3429834999999883,8043.282497253283,2.0,8040.939513753282,0.11461944197237232,1763691540.0,2025-11-21 00:05:00+00:00,2025-11-21 00:05:00+00:00,2025-11-21 02:18:00+00:00,2025-11-21 02:19:00+00:00,3325.4215110441887,2825.2299586447493,2025-11-26 00:00:00+00:00,0.02167165449655466,0.014725188425976483,target,minute interval; not exact exchange fill
993,3098885.0,3099038.0,-1.0,0.352,2769.93,2744.39,0.48750767999999994,0.48301264,0.0,8.990079999999987,8.019559679999986,8051.302056933283,2.0,8043.282497253283,0.12122107613812644,1763779140.0,2025-11-22 00:05:00+00:00,2025-11-22 00:05:00+00:00,2025-11-22 02:38:00+00:00,2025-11-22 02:39:00+00:00,3223.002124913838,2743.8328080965825,2025-11-27 00:00:00+00:00,0.05760052421759617,0.05028523881122156,target,minute interval; not exact exchange fill
994,3100325.0,3107520.0,-1.0,0.271,2772.03,3014.42,0.3756100650000001,0.4084539100000001,-0.2249822793390628,-65.68768999999998,-66.24677169566093,7985.055285237621,4.0,8051.302056933283,0.09330417921075211,1764288000.0,2025-11-23 00:05:00+00:00,2025-11-23 00:05:00+00:00,2025-11-28 00:00:00+00:00,2025-11-28 00:00:00+00:00,3360.450785839236,2757.7609330248793,2025-11-28 00:00:00+00:00,0.02424976703494538,-0.4154391516585505,timeout,minute interval; not exact exchange fill
995,3108965.0,3109354.0,-1.0,0.353,3034.39,3008.81,0.5355698349999999,0.5310549649999999,0.0,9.029739999999974,7.963115199999973,7993.018400437621,2.0,7985.055285237621,0.13414304995236168,1764398100.0,2025-11-29 00:05:00+00:00,2025-11-29 00:05:00+00:00,2025-11-29 06:34:00+00:00,2025-11-29 06:35:00+00:00,3481.9711975746613,3008.2026278871863,2025-12-04 00:00:00+00:00,0.05850865106648107,0.05040068734396944,target,minute interval; not exact exchange fill
996,3110405.0,3110599.0,-1.0,0.28600000000000003,2987.34,2982.43,0.42718962000000005,0.42648749,0.0,1.4042600000000887,0.5505828900000886,7993.568983327621,2.0,7993.018400437621,0.10689068849800502,1764472800.0,2025-11-30 00:05:00+00:00,2025-11-30 00:05:00+00:00,2025-11-30 03:19:00+00:00,2025-11-30 03:20:00+00:00,3540.747157173257,2981.8247749435063,2025-12-05 00:00:00+00:00,0.009965944576259156,0.003478659383144926,target,minute interval; not exact exchange fill
997,3111845.0,3111845.0,-1.0,0.269,2985.25,2977.37,0.40151612500000006,0.40045626500000003,0.0,2.1197200000000294,1.3177476100000292,7994.886730937621,2.0,7993.568983327621,0.1004597885719012,1764547560.0,2025-12-01 00:05:00+00:00,2025-12-01 00:05:00+00:00,2025-12-01 00:05:00+00:00,2025-12-01 00:06:00+00:00,3574.383014178024,2976.7709355763777,2025-12-06 00:00:00+00:00,0.014392444863156276,0.008315083151187693,target,minute interval; not exact exchange fill
998,3113285.0,3113301.0,-1.0,0.34,2792.77,2785.52,0.47477090000000005,0.4735384,0.0,2.4650000000000003,1.5166907000000003,7996.40342163762,2.0,7994.886730937621,0.1187686369996439,1764634920.0,2025-12-02 00:05:00+00:00,2025-12-02 00:05:00+00:00,2025-12-02 00:21:00+00:00,2025-12-02 00:22:00+00:00,3258.834074354633,2784.9596727205867,2025-12-07 00:00:00+00:00,0.016758054759376993,0.009571334169399403,target,minute interval; not exact exchange fill
999,3114725.0,3118741.0,-1.0,0.27,2993.39,2980.84,0.40410765000000004,0.40241340000000003,-0.41960557971715673,3.3884999999999263,3.0015845297170833,7999.405006167338,2.0,7996.40342163762,0.10107235182920297,1764961320.0,2025-12-03 00:05:00+00:00,2025-12-03 00:05:00+00:00,2025-12-05 19:01:00+00:00,2025-12-05 19:02:00+00:00,3579.896664014527,2980.242132947368,2025-12-08 00:00:00+00:00,0.022417250918577845,0.01895456679656337,target,minute interval; not exact exchange fill
1000,3119045.0,3121344.0,-1.0,0.361,3018.17,3000.11,0.544779685,0.541519855,-0.0700155391098,6.5196599999999805,5.503375999109781,8004.908382166447,2.0,7999.405006167338,0.13620505139569472,1765117500.0,2025-12-06 00:05:00+00:00,2025-12-06 00:05:00+00:00,2025-12-07 14:24:00+00:00,2025-12-07 14:25:00+00:00,3456.357530488056,2999.5082929336345,2025-12-11 00:00:00+00:00,0.04258840283652083,0.03479060402476581,target,minute interval; not exact exchange fill
1001,3121925.0,3121933.0,-1.0,0.257,3056.59,3044.82,0.392771815,0.39125937000000005,0.0,3.024889999999995,2.240858814999995,8007.149240981447,2.0,8004.908382166447,0.09813274462329331,1765152840.0,2025-12-08 00:05:00+00:00,2025-12-08 00:05:00+00:00,2025-12-08 00:13:00+00:00,2025-12-08 00:14:00+00:00,3674.551931033094,3044.201936523093,2025-12-13 00:00:00+00:00,0.02004664503555582,0.01410976075083342,target,minute interval; not exact exchange fill
1002,3123365.0,3123424.0,-1.0,0.252,3123.38,3109.13,0.39354588,0.39175038,0.0,3.591,2.8057037400000002,8009.954944721448,2.0,8007.149240981447,0.09829862493027856,1765242300.0,2025-12-09 00:05:00+00:00,2025-12-09 00:05:00+00:00,2025-12-09 01:04:00+00:00,2025-12-09 01:05:00+00:00,3754.435633399204,3108.503685570752,2025-12-14 00:00:00+00:00,0.023573697217654385,0.017643048268229034,target,minute interval; not exact exchange fill
1003,3124805.0,3124876.0,-1.0,0.251,3320.03,3301.5,0.416663765,0.41433825,0.0,4.65103000000005,3.82002798500005,8013.774972706448,2.0,8009.954944721448,0.10403648157211697,1765329420.0,2025-12-10 00:05:00+00:00,2025-12-10 00:05:00+00:00,2025-12-10 01:16:00+00:00,2025-12-10 01:17:00+00:00,3952.4735622216135,3300.829891453715,2025-12-15 00:00:00+00:00,0.030358611729464316,0.02406417885975295,target,minute interval; not exact exchange fill
1004,3126245.0,3126268.0,-1.0,0.387,3322.09,3312.13,0.6428244150000001,0.640897155,0.0,3.854520000000014,2.570798430000014,8016.345771136448,2.0,8013.774972706448,0.16042986412504728,1765412940.0,2025-12-11 00:05:00+00:00,2025-12-11 00:05:00+00:00,2025-12-11 00:28:00+00:00,2025-12-11 00:29:00+00:00,3731.2186867246305,3311.46006744221,2025-12-16 00:00:00+00:00,0.025981880280482064,0.01623667617438697,target,minute interval; not exact exchange fill
1005,3127685.0,3127726.0,-1.0,0.34500000000000003,3230.98,3228.39,0.5573440500000001,0.5568972750000001,0.0,0.8935500000000502,-0.22069132499994992,8016.125079811448,2.0,8016.345771136448,0.13905189868599876,1765500420.0,2025-12-12 00:05:00+00:00,2025-12-12 00:05:00+00:00,2025-12-12 00:46:00+00:00,2025-12-12 00:47:00+00:00,3690.280448196537,3227.739054142143,2025-12-17 00:00:00+00:00,0.007056265393563094,-0.001392737591508142,target,minute interval; not exact exchange fill
1006,3129125.0,3131264.0,-1.0,0.34600000000000003,3089.2400000000002,3062.57,0.53443852,0.5298246100000001,-0.16243988497238243,9.227820000000026,8.325996754972408,8024.451076566421,2.0,8016.125079811448,0.1333408634917585,1765712700.0,2025-12-13 00:05:00+00:00,2025-12-13 00:05:00+00:00,2025-12-14 11:44:00+00:00,2025-12-14 11:45:00+00:00,3547.1998132440813,3061.9507104528307,2025-12-18 00:00:00+00:00,0.05958883019420106,0.05254516606135299,target,minute interval; not exact exchange fill
1007,3132005.0,3132896.0,-1.0,0.278,3067.9700000000003,3049.48,0.4264478300000001,0.42387772000000007,-0.029690027758000007,5.140220000000066,4.319584477758066,8028.770661044179,2.0,8024.451076566421,0.10628710323758934,1765810620.0,2025-12-15 00:05:00+00:00,2025-12-15 00:05:00+00:00,2025-12-15 14:56:00+00:00,2025-12-15 14:57:00+00:00,3640.787051424345,3048.8604964467336,2025-12-20 00:00:00+00:00,0.033360570370155225,0.02712571775292628,target,minute interval; not exact exchange fill
1008,3133445.0,3133491.0,-1.0,0.28600000000000003,2964.3,2950.83,0.4238949000000001,0.42196869000000004,0.0,3.8524200000000732,3.0065564100000732,8031.777217454179,2.0,8028.770661044179,0.1055939739459118,1765846320.0,2025-12-16 00:05:00+00:00,2025-12-16 00:05:00+00:00,2025-12-16 00:51:00+00:00,2025-12-16 00:52:00+00:00,3521.0452364379453,2950.238179600863,2025-12-21 00:00:00+00:00,0.025257190324796674,0.018881948711871866,target,minute interval; not exact exchange fill
1009,3134885.0,3134900.0,-1.0,0.293,2953.37,2948.18,0.43266870499999993,0.43190836999999993,0.0,1.520670000000016,0.656092925000016,8032.433310379179,2.0,8031.777217454179,0.1077392196735114,1765930860.0,2025-12-17 00:05:00+00:00,2025-12-17 00:05:00+00:00,2025-12-17 00:20:00+00:00,2025-12-17 00:21:00+00:00,3496.6030698239065,2947.5840516488197,2025-12-22 00:00:00+00:00,0.010650950158567773,0.004122033661768636,target,minute interval; not exact exchange fill
1010,3136325.0,3136385.0,-1.0,0.47300000000000003,2828.85,2823.33,0.6690230250000001,0.667717545,0.0,2.6109599999999915,1.2742194299999916,8033.707529809179,2.0,8032.433310379179,0.1665804119744178,1766019960.0,2025-12-18 00:05:00+00:00,2025-12-18 00:05:00+00:00,2025-12-18 01:05:00+00:00,2025-12-18 01:06:00+00:00,3164.0116939809523,2822.765376294262,2025-12-23 00:00:00+00:00,0.018154293330680756,0.008037642870229319,target,minute interval; not exact exchange fill
1011,3137765.0,3137791.0,-1.0,0.4,2827.17,2820.86,0.5654340000000001,0.564172,0.0,2.5239999999999783,1.394393999999978,8035.1019238091785,2.0,8033.707529809179,0.14076539328870255,1766104320.0,2025-12-19 00:05:00+00:00,2025-12-19 00:05:00+00:00,2025-12-19 00:31:00+00:00,2025-12-19 00:32:00+00:00,3224.0698413010805,2820.2888852740007,2025-12-24 00:00:00+00:00,0.017337156657564693,0.008783034502035854,target,minute interval; not exact exchange fill
1012,3139205.0,3141450.0,-1.0,0.35100000000000003,2973.77,2958.27,0.521896635,0.5191763850000001,-0.09249108830384663,5.4405,4.491918068303847,8039.593841877481,2.0,8035.1019238091785,0.12990417295231668,1766323860.0,2025-12-20 00:05:00+00:00,2025-12-20 00:05:00+00:00,2025-12-21 13:30:00+00:00,2025-12-21 13:31:00+00:00,3426.323191798881,2957.6721221004154,2025-12-25 00:00:00+00:00,0.03557123934005662,0.028278415898947765,target,minute interval; not exact exchange fill
1013,3142085.0,3142205.0,-1.0,0.28500000000000003,3003.83,2988.43,0.4280457750000001,0.42585127500000003,0.0,4.389000000000026,3.535102950000026,8043.128944827481,2.0,8039.593841877481,0.1064844278004071,1766369160.0,2025-12-22 00:05:00+00:00,2025-12-22 00:05:00+00:00,2025-12-22 02:05:00+00:00,2025-12-22 02:06:00+00:00,3562.6000446384746,2987.8323982414854,2025-12-27 00:00:00+00:00,0.028630027525661295,0.022198523559052667,target,minute interval; not exact exchange fill
1014,3143525.0,3143679.0,-1.0,0.28800000000000003,3003.96,2996.27,0.4325702400000001,0.43146288000000005,0.0,2.214720000000016,1.3506868800000158,8044.479631707481,2.0,8043.128944827481,0.10756267690528201,1766457600.0,2025-12-23 00:05:00+00:00,2025-12-23 00:05:00+00:00,2025-12-23 02:39:00+00:00,2025-12-23 02:40:00+00:00,3556.672473022483,2995.668116954924,2025-12-28 00:00:00+00:00,0.01500216378279373,0.008485216507515441,target,minute interval; not exact exchange fill
1015,3144965.0,3145089.0,-1.0,0.302,2963.81,2950.82,0.44753530999999996,0.44557382,0.0,3.9229799999999337,3.0298708699999337,8047.509502577481,2.0,8044.479631707481,0.11126519812071634,1766542200.0,2025-12-24 00:05:00+00:00,2025-12-24 00:05:00+00:00,2025-12-24 02:09:00+00:00,2025-12-24 02:10:00+00:00,3490.8376616121996,2950.2202591342348,2025-12-29 00:00:00+00:00,0.025785631107470897,0.01903635374528422,target,minute interval; not exact exchange fill
1016,3146405.0,3146457.0,-1.0,0.46900000000000003,2941.62,2937.51,0.68980989,0.6888460950000002,0.0,1.9275899999998465,0.5489340149998463,8048.058436592481,2.0,8047.509502577481,0.17143437725151256,1766624280.0,2025-12-25 00:05:00+00:00,2025-12-25 00:05:00+00:00,2025-12-25 00:57:00+00:00,2025-12-25 00:58:00+00:00,3280.450818166962,2936.917345387309,2025-12-30 00:00:00+00:00,0.0138790640064315,0.0034543345446898777,target,minute interval; not exact exchange fill
1017,3147845.0,3147851.0,-1.0,0.439,2904.26,2896.11,0.6374850700000001,0.635696145,0.0,3.5778500000000397,2.3046687850000396,8050.363105377481,2.0,8048.058436592481,0.15841959275581727,1766707920.0,2025-12-26 00:05:00+00:00,2025-12-26 00:05:00+00:00,2025-12-26 00:11:00+00:00,2025-12-26 00:12:00+00:00,3266.300644062551,2895.523716717795,2025-12-31 00:00:00+00:00,0.024130669927478178,0.014500623303203125,target,minute interval; not exact exchange fill
1018,3149285.0,3156480.0,-1.0,0.438,2928.19,2971.0,0.6412736099999999,0.650649,-1.003602676480747,-18.750779999999978,-19.039099933519232,8031.324005443962,4.0,8050.363105377481,0.1593154499010466,1767225600.0,2025-12-27 00:05:00+00:00,2025-12-27 00:05:00+00:00,2026-01-01 00:00:00+00:00,2026-01-01 00:00:00+00:00,3291.555388098334,2907.851161310895,2026-01-01 00:00:00+00:00,0.05597351689314192,-0.11962687177193858,timeout,minute interval; not exact exchange fill
1019,3157925.0,3157928.0,-1.0,0.451,2997.4,2996.59,0.6759137000000001,0.675731045,0.0,0.3653099999999754,-0.9863347450000247,8030.337670698962,2.0,8031.324005443962,0.16831937039069472,1767312540.0,2026-01-02 00:05:00+00:00,2026-01-02 00:05:00+00:00,2026-01-02 00:08:00+00:00,2026-01-02 00:09:00+00:00,3349.328802736392,2995.984022558941,2026-01-07 00:00:00+00:00,0.0040234769932136925,-0.006214310914580634,target,minute interval; not exact exchange fill
1020,3159365.0,3159695.0,-1.0,0.457,3126.58,3107.86,0.71442353,0.7101460100000001,0.0,8.55503999999991,7.130470459999909,8037.468141158962,2.0,8030.337670698962,0.1779311304944955,1767418560.0,2026-01-03 00:05:00+00:00,2026-01-03 00:05:00+00:00,2026-01-03 05:35:00+00:00,2026-01-03 05:36:00+00:00,3473.323264443941,3107.23476302721,2026-01-08 00:00:00+00:00,0.055791240830050326,0.0449980766750333,target,minute interval; not exact exchange fill
1021,3160805.0,3161745.0,-1.0,0.353,3131.75,3120.66,0.552753875,0.55079649,-0.002349555842024126,3.914770000000051,2.8135691908420752,8040.281710349804,2.0,8037.468141158962,0.13754427769844838,1767541560.0,2026-01-04 00:05:00+00:00,2026-01-04 00:05:00+00:00,2026-01-04 15:45:00+00:00,2026-01-04 15:46:00+00:00,3581.8258253366735,3120.0330168692644,2026-01-09 00:00:00+00:00,0.026033353650956107,0.01770912925526736,target,minute interval; not exact exchange fill
1022,3162245.0,3166225.0,-1.0,0.372,3148.27,3132.03,0.58557822,0.58255758,-0.5299485768108791,6.041279999999919,5.403092776810798,8045.6848031266145,2.0,8040.281710349804,0.14566112011876847,1767810360.0,2026-01-05 00:05:00+00:00,2026-01-05 00:05:00+00:00,2026-01-07 18:25:00+00:00,2026-01-07 18:26:00+00:00,3575.538538445061,3131.397706161514,2026-01-10 00:00:00+00:00,0.03948873441486793,0.03399371037538656,target,minute interval; not exact exchange fill
1023,3166565.0,3166568.0,-1.0,0.421,3165.11,3164.13,0.6662556550000001,0.666049365,0.0,0.41258000000000766,-0.9197250199999925,8044.765078106615,2.0,8045.6848031266145,0.16561813476488366,1767830940.0,2026-01-08 00:05:00+00:00,2026-01-08 00:05:00+00:00,2026-01-08 00:08:00+00:00,2026-01-08 00:09:00+00:00,3542.6486200172053,3163.4890782425477,2026-01-13 00:00:00+00:00,0.004293393235845675,-0.005786480863601251,target,minute interval; not exact exchange fill
1024,3168005.0,3168087.0,-1.0,0.428,3105.82,3099.4500000000003,0.66464548,0.6632823000000001,0.0,2.726359999999953,1.398432219999953,8046.163510326614,2.0,8044.765078106615,0.16523676541128493,1767922080.0,2026-01-09 00:05:00+00:00,2026-01-09 00:05:00+00:00,2026-01-09 01:27:00+00:00,2026-01-09 01:28:00+00:00,3476.68480371469,3098.827075257919,2026-01-14 00:00:00+00:00,0.01885572497588821,0.008810124248170789,target,minute interval; not exact exchange fill
1025,3169445.0,3173184.0,-1.0,0.459,3087.81,3071.26,0.7086523950000001,0.7048541700000001,-0.7266607562229875,7.596449999999875,6.909604191222862,8053.073114517837,2.0,8046.163510326614,0.17614665525762702,1768227900.0,2026-01-10 00:05:00+00:00,2026-01-10 00:05:00+00:00,2026-01-12 14:24:00+00:00,2026-01-12 14:25:00+00:00,3433.649433852642,3070.637620429393,2026-01-15 00:00:00+00:00,0.04965419755435991,0.04352772538038704,target,minute interval; not exact exchange fill
1026,3173765.0,3180960.0,-1.0,0.34,3096.2200000000003,3309.53,0.5263574000000001,0.5626201000000001,-1.0282307869509708,-72.52539999999999,-72.58614671304902,7980.486967804788,4.0,8053.073114517837,0.13072212123620208,1768694400.0,2026-01-13 00:05:00+00:00,2026-01-13 00:05:00+00:00,2026-01-18 00:00:00+00:00,2026-01-18 00:00:00+00:00,3564.7274054845543,3082.6761686052264,2026-01-18 00:00:00+00:00,0.028908468118590665,-0.455678318643191,timeout,minute interval; not exact exchange fill
1027,3183845.0,3183860.0,-1.0,0.324,3193.58,3183.1800000000003,0.5173599600000001,0.5156751600000001,0.0,3.369599999999882,2.3365648799998815,7982.823532684788,2.0,7980.486967804788,0.12965623829401765,1768868460.0,2026-01-20 00:05:00+00:00,2026-01-20 00:05:00+00:00,2026-01-20 00:20:00+00:00,2026-01-20 00:21:00+00:00,3681.5929181001893,3182.5348626177333,2026-01-25 00:00:00+00:00,0.02263287911571027,0.01477751865273182,target,minute interval; not exact exchange fill
1028,3185285.0,3185297.0,-1.0,0.386,2944.93,2928.36,0.56837149,0.56517348,0.0,6.396019999999888,5.262475029999888,7988.086007714788,2.0,7982.823532684788,0.14239861063516332,1768954680.0,2026-01-21 00:05:00+00:00,2026-01-21 00:05:00+00:00,2026-01-21 00:17:00+00:00,2026-01-21 00:18:00+00:00,3353.968771498734,2927.768461351124,2026-01-26 00:00:00+00:00,0.04195577496479147,0.033330226741212235,target,minute interval; not exact exchange fill
1029,3186725.0,3187421.0,-1.0,0.504,2989.7000000000003,2977.79,0.7534044000000001,0.7504030800000001,-0.11613710712240001,6.002640000000156,4.614969627122556,7992.70097734191,2.0,7988.086007714788,0.18863202005395838,1769082120.0,2026-01-22 00:05:00+00:00,2026-01-22 00:05:00+00:00,2026-01-22 11:41:00+00:00,2026-01-22 11:42:00+00:00,3302.2498449415207,2977.1875003821237,2026-01-27 00:00:00+00:00,0.04003361326324663,0.029296721519134233,target,minute interval; not exact exchange fill
1030,3188165.0,3188195.0,-1.0,0.42,2948.8,2946.11,0.619248,0.6186830999999999,0.0,1.1298000000000228,-0.10813109999997716,7992.592846241911,2.0,7992.70097734191,0.15495337602531956,1769128560.0,2026-01-23 00:05:00+00:00,2026-01-23 00:05:00+00:00,2026-01-23 00:35:00+00:00,2026-01-23 00:36:00+00:00,3324.732124465677,2945.517169792813,2026-01-28 00:00:00+00:00,0.008732507794733084,-0.0006848443728129751,target,minute interval; not exact exchange fill
1031,3189605.0,3191250.0,-1.0,0.458,2954.4,2940.9900000000002,0.6765576000000001,0.6734867100000002,-0.0883034940704,6.141779999999933,4.880039184070334,7997.472885425981,2.0,7992.592846241911,0.16929615032701562,1769311860.0,2026-01-24 00:05:00+00:00,2026-01-24 00:05:00+00:00,2026-01-25 03:30:00+00:00,2026-01-25 03:31:00+00:00,3298.9770911630053,2940.401554277284,2026-01-29 00:00:00+00:00,0.04062500404617426,0.030922274469370813,target,minute interval; not exact exchange fill
1032,3192485.0,3197717.0,-1.0,0.47000000000000003,2818.76,2806.52,0.6624086000000001,0.6595322,-0.9036248901098368,5.752800000000112,5.334484090109949,8002.80736951609,2.0,7997.472885425981,0.16565447848085257,1769699880.0,2026-01-26 00:05:00+00:00,2026-01-26 00:05:00+00:00,2026-01-29 15:17:00+00:00,2026-01-29 15:18:00+00:00,3154.4961766052074,2805.951357376696,2026-01-31 00:00:00+00:00,0.038150915855475795,0.033806205407874615,target,minute interval; not exact exchange fill
1033,3198245.0,3198257.0,-1.0,0.453,2826.18,2816.17,0.64012977,0.6378625050000001,0.0,4.534529999999893,3.2565377249998924,8006.0639072410895,2.0,8002.80736951609,0.15997630342530839,1769732280.0,2026-01-30 00:05:00+00:00,2026-01-30 00:05:00+00:00,2026-01-30 00:17:00+00:00,2026-01-30 00:18:00+00:00,3174.9637371430963,2815.6025494409755,2026-02-04 00:00:00+00:00,0.03032667361633518,0.020611124414468853,target,minute interval; not exact exchange fill
1034,3199685.0,3199805.0,-1.0,0.639,2702.75,2692.79,0.863528625,0.860346405,0.0,6.364440000000023,4.640564970000023,8010.7044722110895,2.0,8006.0639072410895,0.21571864401906185,1769825160.0,2026-01-31 00:05:00+00:00,2026-01-31 00:05:00+00:00,2026-01-31 02:05:00+00:00,2026-01-31 02:06:00+00:00,2949.4151962360384,2692.244939220935,2026-02-05 00:00:00+00:00,0.042588338117277205,0.029441648480682606,target,minute interval; not exact exchange fill
1035,3201125.0,3201159.0,-1.0,0.531,2451.9900000000002,2446.66,0.6510033450000001,0.64958823,0.0,2.830230000000203,1.5296384250002033,8012.234110636089,2.0,8010.7044722110895,0.16253335702454447,1769906400.0,2026-02-01 00:05:00+00:00,2026-02-01 00:05:00+00:00,2026-02-01 00:39:00+00:00,2026-02-01 00:40:00+00:00,2749.704219130151,2446.165086526947,2026-02-06 00:00:00+00:00,0.019565452701829696,0.009675973853103221,target,minute interval; not exact exchange fill
1036,3205445.0,3206254.0,-1.0,0.619,2226.34,2223.39,0.68905223,0.6881392049999999,-0.02933729512037564,1.826050000000169,0.4781958601205447,8012.71230649621,2.0,8012.234110636089,0.17200002408449255,1770212100.0,2026-02-04 00:05:00+00:00,2026-02-04 00:05:00+00:00,2026-02-04 13:34:00+00:00,2026-02-04 13:35:00+00:00,2481.789695278789,2222.944243570988,2026-02-09 00:00:00+00:00,0.0132932490888516,0.003024194881480531,target,minute interval; not exact exchange fill
1037,3209765.0,3209777.0,-1.0,0.464,2055.58,2045.0800000000002,0.47689456,0.47445856000000003,0.0,4.871999999999895,3.9206468799998953,8016.63295337621,2.0,8012.71230649621,0.11903448963551667,1770423480.0,2026-02-07 00:05:00+00:00,2026-02-07 00:05:00+00:00,2026-02-07 00:17:00+00:00,2026-02-07 00:18:00+00:00,2397.673245675585,2044.6636556631015,2026-02-12 00:00:00+00:00,0.031910435166120306,0.024699903043431597,target,minute interval; not exact exchange fill
1038,3211205.0,3211219.0,-1.0,0.47700000000000004,2090.31,2081.69,0.49853893500000007,0.49648306500000006,0.0,4.111739999999949,3.1167179999999486,8019.749671376209,2.0,8016.63295337621,0.12437614093084805,1770510000.0,2026-02-08 00:05:00+00:00,2026-02-08 00:05:00+00:00,2026-02-08 00:19:00+00:00,2026-02-08 00:20:00+00:00,2423.05795878053,2081.2670797926967,2026-02-13 00:00:00+00:00,0.027176485891736723,0.019636484094285634,target,minute interval; not exact exchange fill
1039,3212645.0,3212671.0,-1.0,0.47800000000000004,2091.09,2078.7,0.49977051000000006,0.4968093,0.0,5.922420000000157,4.925840190000157,8024.675511566209,2.0,8019.749671376209,0.12463494011135093,1770597120.0,2026-02-09 00:05:00+00:00,2026-02-09 00:05:00+00:00,2026-02-09 00:31:00+00:00,2026-02-09 00:32:00+00:00,2423.016372851424,2078.279996146348,2026-02-14 00:00:00+00:00,0.038592907648788186,0.031046357996425543,target,minute interval; not exact exchange fill
1040,3214085.0,3214088.0,-1.0,0.41300000000000003,2102.93,2099.23,0.434255045,0.43349099500000005,0.0,1.528099999999925,0.6603539599999249,8025.335865526209,2.0,8024.675511566209,0.10822993263069515,1770682140.0,2026-02-10 00:05:00+00:00,2026-02-10 00:05:00+00:00,2026-02-10 00:08:00+00:00,2026-02-10 00:09:00+00:00,2488.540369767159,2098.808546609729,2026-02-15 00:00:00+00:00,0.010688129037503262,0.004146465254462124,target,minute interval; not exact exchange fill
1041,3215525.0,3215705.0,-1.0,0.577,2019.91,2011.8600000000001,0.5827440349999999,0.58042161,0.0,4.644849999999973,3.481684354999973,8028.817549881209,2.0,8025.335865526209,0.14522608019515962,1770779160.0,2026-02-11 00:05:00+00:00,2026-02-11 00:05:00+00:00,2026-02-11 03:05:00+00:00,2026-02-11 03:06:00+00:00,2294.9079831820945,2011.4490159909979,2026-02-16 00:00:00+00:00,0.03076744022300575,0.021942397286617062,target,minute interval; not exact exchange fill
1042,3216965.0,3217925.0,-1.0,0.715,1945.33,1937.5,0.695455475,0.69265625,0.025615823462837174,5.598449999999947,4.184722451537111,8033.0022723327465,2.0,8028.817549881209,0.1732398253364942,1770912360.0,2026-02-12 00:05:00+00:00,2026-02-12 00:05:00+00:00,2026-02-12 16:05:00+00:00,2026-02-12 16:06:00+00:00,2167.1338358007715,1937.1077046354353,2026-02-17 00:00:00+00:00,0.037070122502074476,0.026387094038966642,target,minute interval; not exact exchange fill
1043,3218405.0,3218417.0,-1.0,0.461,1949.22,1942.3700000000001,0.44929521000000006,0.44771628500000005,0.0,3.157849999999958,2.260838504999958,8035.263110837746,2.0,8033.0022723327465,0.11186233857980145,1770941880.0,2026-02-13 00:05:00+00:00,2026-02-13 00:05:00+00:00,2026-02-13 00:17:00+00:00,2026-02-13 00:18:00+00:00,2294.9535261067526,1941.972186857289,2026-02-18 00:00:00+00:00,0.02096358205212971,0.014184927493799461,target,minute interval; not exact exchange fill
1044,3219845.0,3221498.0,-1.0,0.665,2048.18,2034.98,0.68101985,0.67663085,0.09523794525923242,8.77799999999988,7.325111354740646,8042.588222192488,2.0,8035.263110837746,0.1695077909972752,1771126740.0,2026-02-14 00:05:00+00:00,2026-02-14 00:05:00+00:00,2026-02-15 03:38:00+00:00,2026-02-15 03:39:00+00:00,2286.5996028126515,2034.5721457167222,2026-02-19 00:00:00+00:00,0.057075232584673945,0.04620092020444495,target,minute interval; not exact exchange fill
1045,3222725.0,3222819.0,-1.0,0.585,1963.64,1957.44,0.5743647,0.5725512,0.0,3.6270000000000264,2.4800841000000267,8045.068306292487,2.0,8042.588222192488,0.1428308112095344,1771206000.0,2026-02-16 00:05:00+00:00,2026-02-16 00:05:00+00:00,2026-02-16 01:39:00+00:00,2026-02-16 01:40:00+00:00,2235.8160973504773,1957.0401688926224,2026-02-21 00:00:00+00:00,0.024248386142737437,0.015576165729722233,target,minute interval; not exact exchange fill
1046,3224165.0,3224178.0,-1.0,0.486,1995.65,1993.3400000000001,0.48494295,0.48438162,0.0,1.1226599999999733,0.15333542999997335,8045.221641722487,2.0,8045.068306292487,0.12055657740548943,1771287540.0,2026-02-17 00:05:00+00:00,2026-02-17 00:05:00+00:00,2026-02-17 00:18:00+00:00,2026-02-17 00:19:00+00:00,2323.6599604827493,1992.9412503714555,2026-02-22 00:00:00+00:00,0.008258132236466329,0.0009618762781947236,target,minute interval; not exact exchange fill
1047,3225605.0,3225647.0,-1.0,0.66,1991.51,1982.13,0.6571983,0.6541029000000002,0.0,6.190799999999922,4.879498799999922,8050.101140522487,2.0,8045.221641722487,0.16337605830317273,1771375680.0,2026-02-18 00:05:00+00:00,2026-02-18 00:05:00+00:00,2026-02-18 00:47:00+00:00,2026-02-18 00:48:00+00:00,2232.2661271898396,1981.7315388785096,2026-02-23 00:00:00+00:00,0.040615627255791306,0.03070816965821291,target,minute interval; not exact exchange fill
1048,3227045.0,3227065.0,-1.0,0.728,1953.22,1952.33,0.71097208,0.71064812,0.0,0.6479200000000728,-0.7737001999999272,8049.327440322488,2.0,8050.101140522487,0.17663680681503954,1771460760.0,2026-02-19 00:05:00+00:00,2026-02-19 00:05:00+00:00,2026-02-19 00:25:00+00:00,2026-02-19 00:26:00+00:00,2171.360680918512,1951.9361633418775,2026-02-24 00:00:00+00:00,0.005885361009769964,-0.004871970672892997,target,minute interval; not exact exchange fill
1049,3228485.0,3228722.0,-1.0,0.483,1946.58,1943.63,0.47009907,0.469386645,0.0,1.424849999999912,0.48536428499991197,8049.812804607487,2.0,8049.327440322488,0.11680455876228237,1771560180.0,2026-02-20 00:05:00+00:00,2026-02-20 00:05:00+00:00,2026-02-20 04:02:00+00:00,2026-02-20 04:03:00+00:00,2276.7948252085885,1943.2357820627724,2026-02-25 00:00:00+00:00,0.010127400958194656,0.0030431553137114614,target,minute interval; not exact exchange fill
1050,3229925.0,3230141.0,-1.0,0.6910000000000001,1966.07,1955.81,0.679277185,0.675732355,0.0,7.089659999999994,5.734650459999994,8055.547455067487,2.0,8049.812804607487,0.1687684425683044,1771645320.0,2026-02-21 00:05:00+00:00,2026-02-21 00:05:00+00:00,2026-02-21 03:41:00+00:00,2026-02-21 03:42:00+00:00,2195.9871045339187,1955.4095259186595,2026-02-26 00:00:00+00:00,0.04636659853102733,0.03609587906399397,target,minute interval; not exact exchange fill
1051,3231365.0,3231381.0,-1.0,0.613,1972.75,1969.04,0.6046478750000001,0.60351076,0.0,2.2742300000000224,1.0660713650000224,8056.613526432487,2.0,8055.547455067487,0.1501196233707581,1771719720.0,2026-02-22 00:05:00+00:00,2026-02-22 00:05:00+00:00,2026-02-22 00:21:00+00:00,2026-02-22 00:22:00+00:00,2232.7293948875576,1968.6381491935729,2026-02-27 00:00:00+00:00,0.015816064223880218,0.006689395522103619,target,minute interval; not exact exchange fill
1052,3232805.0,3232826.0,-1.0,0.625,1953.44,1945.75,0.61045,0.608046875,0.0,4.806250000000034,3.587753125000034,8060.2012795574865,2.0,8056.613526432487,0.15154009758497394,1771806420.0,2026-02-23 00:05:00+00:00,2026-02-23 00:05:00+00:00,2026-02-23 00:26:00+00:00,2026-02-23 00:27:00+00:00,2208.1623083437144,1945.358322968169,2026-02-28 00:00:00+00:00,0.031727401829783654,0.022535933492931964,target,minute interval; not exact exchange fill
1053,3234245.0,3234312.0,-1.0,0.661,1854.89,1851.89,0.6130411450000001,0.612049645,0.0,1.983,0.7579092100000001,8060.959188767486,2.0,8060.2012795574865,0.15211559208944633,1771895580.0,2026-02-24 00:05:00+00:00,2026-02-24 00:05:00+00:00,2026-02-24 01:12:00+00:00,2026-02-24 01:13:00+00:00,2095.9126957606145,1851.5144536338025,2026-03-01 00:00:00+00:00,0.014005097551270386,0.0047572698346168285,target,minute interval; not exact exchange fill
1054,3235685.0,3236701.0,-1.0,0.74,1849.2,2064.8,0.684204,0.7639760000000001,-0.14952916860407603,-159.5440000000001,-160.842650831396,7900.11653793609,1.0,8060.959188767486,0.16975746532829533,1772038920.0,2026-02-25 00:05:00+00:00,2026-02-25 00:05:00+00:00,2026-02-25 17:01:00+00:00,2026-02-25 17:02:00+00:00,2064.385113186166,1842.3768491200165,2026-03-02 00:00:00+00:00,0.03170828492248244,-1.0100835059528366,stop,minute interval; not exact exchange fill
1055,3238565.0,3238578.0,-1.0,0.53,2022.5800000000002,2021.98,0.5359837000000002,0.5358247,0.0,0.31800000000007234,-0.7538083999999279,7899.36272953609,2.0,7900.11653793609,0.13569007429858146,1772151540.0,2026-02-27 00:05:00+00:00,2026-02-27 00:05:00+00:00,2026-02-27 00:18:00+00:00,2026-02-27 00:19:00+00:00,2317.76849196425,2021.5745300270632,2026-03-04 00:00:00+00:00,0.0034061963806457573,-0.004818209512625969,target,minute interval; not exact exchange fill
1056,3240005.0,3240376.0,-1.0,0.77,1929.5,1902.54,0.7428575000000001,0.7324779,0.0,20.75920000000003,19.28386460000003,7918.64659413609,2.0,7899.36272953609,0.18808036177967136,1772259420.0,2026-02-28 00:05:00+00:00,2026-02-28 00:05:00+00:00,2026-02-28 06:16:00+00:00,2026-02-28 06:17:00+00:00,2131.7137746755275,1902.1539922998186,2026-03-05 00:00:00+00:00,0.1352331597788571,0.12384903076056834,target,minute interval; not exact exchange fill
1057,3241445.0,3241449.0,-1.0,0.634,1965.99,1959.81,0.62321883,0.62125977,0.0,3.9181200000000405,2.6736414000000406,7921.32023553609,2.0,7918.64659413609,0.1574053905781085,1772323800.0,2026-03-01 00:05:00+00:00,2026-03-01 00:05:00+00:00,2026-03-01 00:09:00+00:00,2026-03-01 00:10:00+00:00,2212.7477372256626,1959.4135674014144,2026-03-06 00:00:00+00:00,0.026651373418015174,0.017090041623065624,target,minute interval; not exact exchange fill
1058,3242885.0,3243309.0,-1.0,0.7010000000000001,1939.96,1926.76,0.6799559800000001,0.67532938,0.0,9.253200000000033,7.897914640000033,7929.21815017609,2.0,7921.32023553609,0.1716774375437134,1772435400.0,2026-03-02 00:05:00+00:00,2026-03-02 00:05:00+00:00,2026-03-02 07:09:00+00:00,2026-03-02 07:10:00+00:00,2162.985575655025,1926.3675332383914,2026-03-07 00:00:00+00:00,0.06094577593483456,0.050517255552014514,target,minute interval; not exact exchange fill
1059,3244325.0,3244440.0,-1.0,0.615,2030.13,2017.18,0.6242649750000001,0.62028285,0.0,7.964250000000028,6.7197021750000285,7935.9378523510895,2.0,7929.21815017609,0.1574594022201638,1772503260.0,2026-03-03 00:05:00+00:00,2026-03-03 00:05:00+00:00,2026-03-03 02:00:00+00:00,2026-03-03 02:01:00+00:00,2284.9632041466975,2016.7710707155115,2026-03-08 00:00:00+00:00,0.05242224744307009,0.04287645731484105,target,minute interval; not exact exchange fill
1060,3245765.0,3245794.0,-1.0,0.676,1979.9,1972.8700000000001,0.6692062000000001,0.6668300600000001,0.0,4.752279999999982,3.4162437399999814,7939.35409609109,2.0,7935.9378523510895,0.168652076780501,1772584500.0,2026-03-04 00:05:00+00:00,2026-03-04 00:05:00+00:00,2026-03-04 00:34:00+00:00,2026-03-04 00:35:00+00:00,2211.604944929143,1972.467598878533,2026-03-09 00:00:00+00:00,0.03207700691817353,0.021810561710477964,target,minute interval; not exact exchange fill
1061,3247205.0,3247209.0,-1.0,0.7000000000000001,2124.45,2123.17,0.7435575,0.7431095000000002,0.0,0.8959999999998218,-0.5906670000001784,7938.763429091089,2.0,7939.35409609109,0.18730931786153426,1772669400.0,2026-03-05 00:05:00+00:00,2026-03-05 00:05:00+00:00,2026-03-05 00:09:00+00:00,2026-03-05 00:10:00+00:00,2348.0366055547797,2122.7382265211622,2026-03-10 00:00:00+00:00,0.007655975073239314,-0.0037739738384888035,target,minute interval; not exact exchange fill
1062,3248645.0,3248691.0,-1.0,0.5,2072.98,2067.06,0.5182450000000001,0.516765,0.0,2.9600000000000364,1.9249900000000362,7940.688419091089,2.0,7938.763429091089,0.13056063570326948,1772758320.0,2026-03-06 00:05:00+00:00,2026-03-06 00:05:00+00:00,2026-03-06 00:51:00+00:00,2026-03-06 00:52:00+00:00,2387.366103684656,2066.640211819878,2026-03-11 00:00:00+00:00,0.020165611984177,0.012246024728439595,target,minute interval; not exact exchange fill
1063,3250085.0,3251275.0,-1.0,0.624,1975.73,1948.8700000000001,0.6164277600000001,0.6080474400000001,0.0392551141632,16.76063999999994,15.496909685836737,7956.185328776925,2.0,7940.688419091089,0.15525801478823367,1772913360.0,2026-03-07 00:05:00+00:00,2026-03-07 00:05:00+00:00,2026-03-07 19:55:00+00:00,2026-03-07 19:56:00+00:00,2227.358538478144,1948.474498714819,2026-03-12 00:00:00+00:00,0.1083164153399412,0.09869624214090089,target,minute interval; not exact exchange fill
1064,3251525.0,3251611.0,-1.0,0.592,1971.3600000000001,1964.43,0.58352256,0.58147128,0.0,4.102560000000038,2.9375661600000376,7959.122894936925,2.0,7956.185328776925,0.14668400392571115,1772933520.0,2026-03-08 00:05:00+00:00,2026-03-08 00:05:00+00:00,2026-03-08 01:31:00+00:00,2026-03-08 01:32:00+00:00,2236.932065535739,1964.0281299774392,2026-03-13 00:00:00+00:00,0.0276078359663706,0.01868458939757086,target,minute interval; not exact exchange fill
1065,3252965.0,3260160.0,-1.0,0.578,1939.25,2091.42,0.56044325,0.6044203800000001,-0.2614282833990626,-87.95426000000003,-88.85769534660098,7870.265199590325,4.0,7959.122894936925,0.14083040490718327,1773446400.0,2026-03-09 00:05:00+00:00,2026-03-09 00:05:00+00:00,2026-03-14 00:00:00+00:00,2026-03-14 00:00:00+00:00,2211.6060858246155,1923.0103500037,2026-03-14 00:00:00+00:00,0.059626536147084665,-0.5644560372733233,timeout,minute interval; not exact exchange fill
1066,3261605.0,3261609.0,-1.0,0.549,2091.96,2091.14,0.57424302,0.57401793,0.0,0.4501800000000899,-0.6980809499999101,7869.567118640325,2.0,7870.265199590325,0.1459272350898395,1773533400.0,2026-03-15 00:05:00+00:00,2026-03-15 00:05:00+00:00,2026-03-15 00:09:00+00:00,2026-03-15 00:10:00+00:00,2375.4554139777165,2090.713376037975,2026-03-20 00:00:00+00:00,0.004397333785875033,-0.004485257740711755,target,minute interval; not exact exchange fill
1067,3263045.0,3263080.0,-1.0,0.506,2181.09,2166.61,0.55181577,0.54815233,0.0,7.326880000000009,6.226911900000009,7875.794030540325,2.0,7869.567118640325,0.14024043805228786,1773621660.0,2026-03-16 00:05:00+00:00,2026-03-16 00:05:00+00:00,2026-03-16 00:40:00+00:00,2026-03-16 00:41:00+00:00,2489.064262399019,2166.170064676092,2026-03-21 00:00:00+00:00,0.048445396727917575,0.039958371534488425,target,minute interval; not exact exchange fill
1068,3265925.0,3266606.0,-1.0,0.5700000000000001,2317.57,2301.88,0.6605074500000001,0.6560358000000002,-0.01717921062,8.943300000000033,7.643935960620032,7883.437966500946,2.0,7875.794030540325,0.16773101161323423,1773833220.0,2026-03-18 00:05:00+00:00,2026-03-18 00:05:00+00:00,2026-03-18 11:26:00+00:00,2026-03-18 11:27:00+00:00,2590.344506628246,2301.415125534872,2026-03-23 00:00:00+00:00,0.0592242825945059,0.04916300328709457,target,minute interval; not exact exchange fill
1069,3267365.0,3267370.0,-1.0,0.662,2203.94,2198.94,0.72950414,0.72784914,0.0,3.31,1.85264672,7885.2906132209455,2.0,7883.437966500946,0.18507258967467707,1773879060.0,2026-03-19 00:05:00+00:00,2026-03-19 00:05:00+00:00,2026-03-19 00:10:00+00:00,2026-03-19 00:11:00+00:00,2438.693120406532,2198.498761438955,2026-03-24 00:00:00+00:00,0.02317855690958252,0.011921289885960248,target,minute interval; not exact exchange fill
1070,3268805.0,3269200.0,-1.0,0.468,2134.12,2131.05,0.49938408,0.4986657000000001,0.0,1.436759999999864,0.4387102199998638,7885.729323440945,2.0,7885.2906132209455,0.1266621877354027,1773988860.0,2026-03-20 00:05:00+00:00,2026-03-20 00:05:00+00:00,2026-03-20 06:40:00+00:00,2026-03-20 06:41:00+00:00,2467.581101912964,2130.620760544958,2026-03-25 00:00:00+00:00,0.010493696071199076,0.0028111674633774252,target,minute interval; not exact exchange fill
1071,3270245.0,3271671.0,-1.0,0.481,2146.79,2115.63,0.516302995,0.508809015,-0.033148772911800004,14.98795999999993,13.995996762911728,7899.725320203857,2.0,7885.729323440945,0.1309461620665191,1774137120.0,2026-03-21 00:05:00+00:00,2026-03-21 00:05:00+00:00,2026-03-21 23:51:00+00:00,2026-03-21 23:52:00+00:00,2471.497794453496,2115.200804457874,2026-03-26 00:00:00+00:00,0.09728499309754106,0.08961197379561871,target,minute interval; not exact exchange fill
1072,3273125.0,3273156.0,-1.0,0.509,2052.58,2041.9,0.52238161,0.51966355,0.0,5.436119999999916,4.3940748399999165,7904.119395043857,2.0,7899.725320203857,0.13225310724766304,1774226220.0,2026-03-23 00:05:00+00:00,2026-03-23 00:05:00+00:00,2026-03-23 00:36:00+00:00,2026-03-23 00:37:00+00:00,2359.723865307154,2041.4900830376212,2026-03-28 00:00:00+00:00,0.03610658787304275,0.028106568208245957,target,minute interval; not exact exchange fill
1073,3274565.0,3274569.0,-1.0,0.544,2148.3,2146.37,0.5843376000000001,0.58381264,0.0,1.0499200000001585,-0.11823023999984161,7904.001164803857,2.0,7904.119395043857,0.14785647098559745,1774311000.0,2026-03-24 00:05:00+00:00,2026-03-24 00:05:00+00:00,2026-03-24 00:09:00+00:00,2026-03-24 00:10:00+00:00,2435.7390452625,2145.9375235993652,2026-03-29 00:00:00+00:00,0.008219051794015782,-0.0007561081334695869,target,minute interval; not exact exchange fill
1074,3276005.0,3277746.0,-1.0,0.615,2155.96,2141.76,0.6629577000000001,0.6585912,-0.010918522637673664,8.732999999999889,7.422369622637563,7911.423534426494,2.0,7904.001164803857,0.16775242973194876,1774501620.0,2026-03-25 00:05:00+00:00,2026-03-25 00:05:00+00:00,2026-03-26 05:06:00+00:00,2026-03-26 05:07:00+00:00,2409.6308526354755,2141.3269287654625,2026-03-30 00:00:00+00:00,0.05768526845914459,0.0475769824162203,target,minute interval; not exact exchange fill
1075,3278885.0,3279120.0,-1.0,0.521,2059.63,2054.16,0.5365336150000001,0.5351086799999999,0.0,2.849870000000133,1.7782277050001327,7913.201762131494,2.0,7911.423534426494,0.1356351641813331,1774584060.0,2026-03-27 00:05:00+00:00,2026-03-27 00:05:00+00:00,2026-03-27 04:00:00+00:00,2026-03-27 04:01:00+00:00,2360.3956470939515,2053.744139357163,2026-04-01 00:00:00+00:00,0.01956959080834952,0.01134805464978548,target,minute interval; not exact exchange fill
1076,3280325.0,3283122.0,-1.0,0.549,1991.93,1965.71,0.546784785,0.5395873950000001,0.18234187902074586,14.394780000000017,13.126065940979272,7926.327828072474,2.0,7913.201762131494,0.1381955879392916,1774824180.0,2026-03-28 00:05:00+00:00,2026-03-28 00:05:00+00:00,2026-03-29 22:42:00+00:00,2026-03-29 22:43:00+00:00,2277.292480351283,1965.3152794717407,2026-04-02 00:00:00+00:00,0.09326636247167627,0.08378482483192104,target,minute interval; not exact exchange fill
1077,3283205.0,3290400.0,-1.0,0.556,1979.72,2053.35,0.55036216,0.5708313,0.2018092682481519,-40.938279999999935,-42.26128272824809,7884.066545344225,4.0,7926.327828072474,0.13886939120806896,1775260800.0,2026-03-30 00:05:00+00:00,2026-03-30 00:05:00+00:00,2026-04-04 00:00:00+00:00,2026-04-04 00:00:00+00:00,2261.8107480162853,1971.5101689498413,2026-04-04 00:00:00+00:00,0.02910351051174779,-0.2694505291092023,timeout,minute interval; not exact exchange fill
1078,3291845.0,3291962.0,-1.0,0.587,2062.81,2054.58,0.6054347349999999,0.60301923,0.0,4.831010000000011,3.6225560350000103,7887.689101379226,2.0,7884.066545344225,0.15358437971519331,1775354580.0,2026-04-05 00:05:00+00:00,2026-04-05 00:05:00+00:00,2026-04-05 02:02:00+00:00,2026-04-05 02:03:00+00:00,2328.510155695944,2054.1651327786344,2026-04-10 00:00:00+00:00,0.032536176724180584,0.023226576528853064,target,minute interval; not exact exchange fill
1079,3293285.0,3294660.0,-1.0,0.596,2119.57,2102.48,0.63163186,0.62653904,-0.1050834016443235,10.185640000000086,9.032552501644409,7896.721653880871,2.0,7887.689101379226,0.16015637834649293,1775516460.0,2026-04-06 00:05:00+00:00,2026-04-06 00:05:00+00:00,2026-04-06 23:00:00+00:00,2026-04-06 23:01:00+00:00,2380.97482791605,2102.057003965007,2026-04-11 00:00:00+00:00,0.0669956870139273,0.057976318008772225,target,minute interval; not exact exchange fill
1080,3294725.0,3294831.0,-1.0,0.643,2108.46,2102.17,0.6778698900000001,0.675847655,0.0,4.0444699999999765,2.690752454999976,7899.412406335871,2.0,7896.721653880871,0.17168387584406208,1775526720.0,2026-04-07 00:05:00+00:00,2026-04-07 00:05:00+00:00,2026-04-07 01:51:00+00:00,2026-04-07 01:52:00+00:00,2350.8100145549297,2101.7484433402624,2026-04-12 00:00:00+00:00,0.02769365073925527,0.01726711264154468,target,minute interval; not exact exchange fill
1081,3296165.0,3297009.0,-1.0,0.651,2240.21,2225.11,0.729188355,0.7242733050000001,-0.085557958185,9.830099999999941,8.46219629818494,7907.874602634057,2.0,7899.412406335871,0.18461837855563556,1775657400.0,2026-04-08 00:05:00+00:00,2026-04-08 00:05:00+00:00,2026-04-08 14:09:00+00:00,2026-04-08 14:10:00+00:00,2479.715516310576,2224.6574777523765,2026-04-13 00:00:00+00:00,0.06493596676686139,0.05427334466127253,target,minute interval; not exact exchange fill
1082,3297605.0,3297625.0,-1.0,0.726,2188.83,2186.17,0.79454529,0.79357971,0.0,1.9311599999998943,0.3430349999998942,7908.217637634057,2.0,7907.874602634057,0.2009504019538556,1775694360.0,2026-04-09 00:05:00+00:00,2026-04-09 00:05:00+00:00,2026-04-09 00:25:00+00:00,2026-04-09 00:26:00+00:00,2403.448915897269,2185.727963961055,2026-04-14 00:00:00+00:00,0.014453693543161996,0.002201576678478908,target,minute interval; not exact exchange fill
1083,3299045.0,3299048.0,-1.0,0.556,2187.05,2184.29,0.6079999000000001,0.60723262,0.0,1.5345600000001216,0.31932748000012146,7908.536965114056,2.0,7908.217637634057,0.1537640787999099,1775779740.0,2026-04-10 00:05:00+00:00,2026-04-10 00:05:00+00:00,2026-04-10 00:08:00+00:00,2026-04-10 00:09:00+00:00,2468.320817779253,2183.844139075447,2026-04-15 00:00:00+00:00,0.011397772971489922,0.0020419110824748425,target,minute interval; not exact exchange fill
1084,3300485.0,3302023.0,-1.0,0.5680000000000001,2238.4500000000003,2219.29,0.6357198000000002,0.63027836,0.031122548406482847,10.882880000000176,9.585759291593693,7918.12272440565,2.0,7908.536965114056,0.16076799104670605,1775958240.0,2026-04-11 00:05:00+00:00,2026-04-11 00:05:00+00:00,2026-04-12 01:43:00+00:00,2026-04-12 01:44:00+00:00,2513.3475994539126,2218.842386382892,2026-04-16 00:00:00+00:00,0.07132697286574703,0.06139135741636112,target,minute interval; not exact exchange fill
1085,3303365.0,3303699.0,-1.0,0.5690000000000001,2189.62,2183.69,0.62294689,0.621259805,0.0,3.374169999999907,2.129963304999907,7920.252687710649,2.0,7918.12272440565,0.1573471166542849,1776058800.0,2026-04-13 00:05:00+00:00,2026-04-13 00:05:00+00:00,2026-04-13 05:39:00+00:00,2026-04-13 05:40:00+00:00,2464.531971944113,2183.2528115306723,2026-04-18 00:00:00+00:00,0.023160826443098713,0.013616522312679855,target,minute interval; not exact exchange fill
1086,3304805.0,3304811.0,-1.0,0.538,2369.03,2364.59,0.6372690700000001,0.6360747100000002,0.0,2.3887200000000295,1.1153762200000292,7921.368063930649,2.0,7920.252687710649,0.16092139862881139,1776125520.0,2026-04-14 00:05:00+00:00,2026-04-14 00:05:00+00:00,2026-04-14 00:11:00+00:00,2026-04-14 00:12:00+00:00,2660.066130993729,2364.107694081875,2026-04-19 00:00:00+00:00,0.01691304066377747,0.007123479799299306,target,minute interval; not exact exchange fill
1087,3306245.0,3308514.0,-1.0,0.678,2331.2200000000003,2307.15,0.7902835800000002,0.7821238500000001,0.0790440982145739,16.319460000000113,14.668008471785539,7936.036072402436,2.0,7921.368063930649,0.19953209436094674,1776347700.0,2026-04-15 00:05:00+00:00,2026-04-15 00:05:00+00:00,2026-04-16 13:54:00+00:00,2026-04-16 13:55:00+00:00,2561.3502079920304,2306.6832217897727,2026-04-20 00:00:00+00:00,0.10662128376939252,0.0940086526367442,target,minute interval; not exact exchange fill
1088,3309125.0,3309201.0,-1.0,0.519,2345.73,2338.82,0.608716935,0.6069237900000001,0.0,3.5862899999999245,2.3706492749999244,7938.406721677436,2.0,7936.036072402436,0.15340578834232196,1776388920.0,2026-04-17 00:05:00+00:00,2026-04-17 00:05:00+00:00,2026-04-17 01:21:00+00:00,2026-04-17 01:22:00+00:00,2647.95244160043,2338.34698311406,2026-04-22 00:00:00+00:00,0.02442908225756792,0.015113784985030555,target,minute interval; not exact exchange fill
1089,3310565.0,3311055.0,-1.0,0.523,2418.68,2390.23,0.6324848200000001,0.6250451450000001,0.013507534903110355,14.879349999999905,13.608312500096794,7952.015034177532,2.0,7938.406721677436,0.15934805110775477,1776500160.0,2026-04-18 00:05:00+00:00,2026-04-18 00:05:00+00:00,2026-04-18 08:15:00+00:00,2026-04-18 08:16:00+00:00,2718.485476881584,2389.744892428228,2026-04-23 00:00:00+00:00,0.09651293856516333,0.08678866791914407,target,minute interval; not exact exchange fill
1090,3312005.0,3312144.0,-1.0,0.592,2350.78,2338.37,0.69583088,0.69215752,0.0,7.346720000000182,5.958731600000182,7957.973765777531,2.0,7952.015034177532,0.1750074357277593,1776565500.0,2026-04-19 00:05:00+00:00,2026-04-19 00:05:00+00:00,2026-04-19 02:24:00+00:00,2026-04-19 02:25:00+00:00,2615.6680657457878,2337.8936886135048,2026-04-24 00:00:00+00:00,0.048648138791055985,0.03799878628605364,target,minute interval; not exact exchange fill
1091,3313445.0,3320640.0,-1.0,0.5650000000000001,2270.12,2314.34,0.6413089,0.6538010500000001,0.27614975548211784,-24.984300000000147,-26.55555970548226,7931.41820607205,4.0,7957.973765777531,0.16117391659617794,1777075200.0,2026-04-20 00:05:00+00:00,2026-04-20 00:05:00+00:00,2026-04-25 00:00:00+00:00,2026-04-25 00:00:00+00:00,2548.33822812374,2254.5091591975306,2026-04-25 00:00:00+00:00,0.056110057589491294,-0.1689356982327844,timeout,minute interval; not exact exchange fill
1092,3322085.0,3322295.0,-1.0,0.637,2317.8,2308.44,0.7382193000000001,0.7352381400000001,0.0,5.962320000000081,4.488862560000081,7935.90706863205,2.0,7931.41820607205,0.18615064313084437,1777174560.0,2026-04-26 00:05:00+00:00,2026-04-26 00:05:00+00:00,2026-04-26 03:35:00+00:00,2026-04-26 03:36:00+00:00,2563.3589696551117,2307.9714798006976,2026-05-01 00:00:00+00:00,0.04002509137868919,0.028697302362432526,target,minute interval; not exact exchange fill
1093,3323525.0,3323544.0,-1.0,0.591,2371.11,2363.58,0.700663005,0.6984378899999999,0.0,4.450230000000118,3.0511291050001175,7938.95819773705,2.0,7935.90706863205,0.17658044605121026,1777249500.0,2026-04-27 00:05:00+00:00,2026-04-27 00:05:00+00:00,2026-04-27 00:24:00+00:00,2026-04-27 00:25:00+00:00,2636.2429319902126,2363.102997141482,2026-05-02 00:00:00+00:00,0.030199955918014162,0.019471949264268616,target,minute interval; not exact exchange fill
1094,3324965.0,3324984.0,-1.0,0.594,2299.7200000000003,2298.52,0.6830168400000001,0.68266044,0.0,0.7128000000001621,-0.652877279999838,7938.30532045705,2.0,7938.95819773705,0.1720671208962127,1777335900.0,2026-04-28 00:05:00+00:00,2026-04-28 00:05:00+00:00,2026-04-28 00:24:00+00:00,2026-04-28 00:25:00+00:00,2563.528297324266,2298.052753130247,2026-05-03 00:00:00+00:00,0.006319918238599088,-0.004166358720130473,target,minute interval; not exact exchange fill
1095,3326405.0,3327342.0,-1.0,0.756,2288.48,2274.12,0.86504544,0.85961736,-0.08193952123430012,10.856160000000097,9.213436721234398,7947.518757178284,2.0,7938.30532045705,0.2179420934518036,1777477380.0,2026-04-29 00:05:00+00:00,2026-04-29 00:05:00+00:00,2026-04-29 15:42:00+00:00,2026-04-29 15:43:00+00:00,2495.087814469733,2273.6582621499856,2026-05-04 00:00:00+00:00,0.07173851525439624,0.058986566608707595,target,minute interval; not exact exchange fill
1096,3327845.0,3327857.0,-1.0,0.8250000000000001,2252.33,2249.29,0.9290861250000001,0.927832125,0.0,2.5079999999999703,0.6510817499999703,7948.169838928285,2.0,7947.518757178284,0.23380533054063934,1777508280.0,2026-04-30 00:05:00+00:00,2026-04-30 00:05:00+00:00,2026-04-30 00:17:00+00:00,2026-04-30 00:18:00+00:00,2441.7648237392186,2248.8393103584845,2026-05-05 00:00:00+00:00,0.018426863512280376,0.004166023883160917,target,minute interval; not exact exchange fill
1097,3329285.0,3336480.0,-1.0,0.643,2261.96,2359.9500000000003,0.72722014,0.7587239250000002,-0.02668418461520038,-63.00757000000015,-64.46682988038495,7883.7030090478975,4.0,7948.169838928285,0.18299058896256723,1778025600.0,2026-05-01 00:05:00+00:00,2026-05-01 00:05:00+00:00,2026-05-06 00:00:00+00:00,2026-05-06 00:00:00+00:00,2505.945472623132,2249.326603342044,2026-05-06 00:00:00+00:00,0.05177929866943304,-0.41092387351009985,timeout,minute interval; not exact exchange fill
1098,3337925.0,3337927.0,-1.0,0.8150000000000001,2348.83,2347.5,0.9571482250000001,0.9566062500000001,0.0,1.0839499999999407,-0.8298044750000595,7882.8732045728975,2.0,7883.7030090478975,0.24281691583295534,1778112480.0,2026-05-07 00:05:00+00:00,2026-05-07 00:05:00+00:00,2026-05-07 00:07:00+00:00,2026-05-07 00:08:00+00:00,2538.9322648458747,2347.028558268589,2026-05-12 00:00:00+00:00,0.00947617185345594,-0.005355880430070359,target,minute interval; not exact exchange fill
1099,3339365.0,3339398.0,-1.0,0.636,2290.67,2287.18,0.7284330600000001,0.7273232399999999,0.0,2.2196400000001506,0.7638837000001507,7883.637088272898,2.0,7882.8732045728975,0.18481410041644006,1778200740.0,2026-05-08 00:05:00+00:00,2026-05-08 00:05:00+00:00,2026-05-08 00:38:00+00:00,2026-05-08 00:39:00+00:00,2535.24576695591,2286.7146968461993,2026-05-13 00:00:00+00:00,0.016172097518204955,0.004910850387793151,target,minute interval; not exact exchange fill
1100,3340805.0,3345221.0,-1.0,0.656,2303.75,2295.02,0.75563,0.7527665600000001,-0.839081978406071,5.726880000000012,5.0575654184060825,7888.694653691304,2.0,7883.637088272898,0.1916957849630136,1778550120.0,2026-05-09 00:05:00+00:00,2026-05-09 00:05:00+00:00,2026-05-12 01:41:00+00:00,2026-05-12 01:42:00+00:00,2540.6006923907476,2294.557644265496,2026-05-14 00:00:00+00:00,0.038810761504292975,0.032550900754798745,target,minute interval; not exact exchange fill
1101,3346565.0,3347387.0,-1.0,0.842,2274.34,2260.86,0.9574971400000001,0.95182206,-0.0977259344784,11.350160000000015,9.538566734478415,7898.233220425782,2.0,7888.694653691304,0.2427517306813149,1778680080.0,2026-05-13 00:05:00+00:00,2026-05-13 00:05:00+00:00,2026-05-13 13:47:00+00:00,2026-05-13 13:48:00+00:00,2458.42629633489,2260.4078753698304,2026-05-18 00:00:00+00:00,0.07568257337756622,0.06153887758484349,target,minute interval; not exact exchange fill
1102,3348005.0,3348188.0,-1.0,0.9450000000000001,2260.13,2242.92,1.0679114250000001,1.0597797,0.0,16.263450000000034,14.135758875000034,7912.3689793007825,2.0,7898.233220425782,0.27041779982851166,1778728140.0,2026-05-14 00:05:00+00:00,2026-05-14 00:05:00+00:00,2026-05-14 03:08:00+00:00,2026-05-14 03:09:00+00:00,2424.0129769860537,2242.4625984052977,2026-05-19 00:00:00+00:00,0.10780498328515148,0.09127534338891709,target,minute interval; not exact exchange fill
1103,3349445.0,3349551.0,-1.0,0.66,2283.82,2276.73,0.7536606,0.7513209000000001,0.0,4.679400000000096,3.174418500000096,7915.543397800782,2.0,7912.3689793007825,0.19050188432102194,1778809920.0,2026-05-15 00:05:00+00:00,2026-05-15 00:05:00+00:00,2026-05-15 01:51:00+00:00,2026-05-15 01:52:00+00:00,2520.2680940979,2276.2708477086026,2026-05-20 00:00:00+00:00,0.031927312927597255,0.020341568065288414,target,minute interval; not exact exchange fill
1104,3350885.0,3351289.0,-1.0,0.6920000000000001,2224.34,2212.91,0.7696216400000001,0.7656668600000001,0.0,7.909560000000202,6.3742715000002015,7921.917669300782,2.0,7915.543397800782,0.1944583211340432,1778914200.0,2026-05-16 00:05:00+00:00,2026-05-16 00:05:00+00:00,2026-05-16 06:49:00+00:00,2026-05-16 06:50:00+00:00,2449.659506118893,2212.465170250131,2026-05-21 00:00:00+00:00,0.05270218257802867,0.04088139175637895,target,minute interval; not exact exchange fill
1105,3352325.0,3352416.0,-1.0,0.804,2182.56,2171.63,0.87738912,0.8729952600000002,0.0,8.787719999999869,7.037335619999869,7928.955004920782,2.0,7921.917669300782,0.22150927505850782,1778981820.0,2026-05-17 00:05:00+00:00,2026-05-17 00:05:00+00:00,2026-05-17 01:36:00+00:00,2026-05-17 01:37:00+00:00,2376.445344798136,2171.1929938592357,2026-05-22 00:00:00+00:00,0.05862746435321884,0.04514474783595912,target,minute interval; not exact exchange fill
1106,3355205.0,3355286.0,-1.0,0.716,2127.7200000000003,2125.89,0.7617237600000001,0.7610686199999999,0.0,1.3102800000002734,-0.2125123799997265,7928.742492540782,2.0,7928.955004920782,0.19213723864677434,1779154020.0,2026-05-19 00:05:00+00:00,2026-05-19 00:05:00+00:00,2026-05-19 01:26:00+00:00,2026-05-19 01:27:00+00:00,2346.082450642197,2125.458322687262,2026-05-24 00:00:00+00:00,0.010357446099761384,-0.0013592309443621125,target,minute interval; not exact exchange fill
1107,3356645.0,3360645.0,-1.0,0.918,2111.07,2099.28,0.9689811300000002,0.9635695200000002,-0.6751151719303351,10.823219999999967,9.565784521930302,7938.308277062712,2.0,7928.742492540782,0.24442239886377948,1779475560.0,2026-05-20 00:05:00+00:00,2026-05-20 00:05:00+00:00,2026-05-22 18:45:00+00:00,2026-05-22 18:46:00+00:00,2280.7893271787757,2098.8562604445897,2026-05-25 00:00:00+00:00,0.07196434111799783,0.06139692367675873,target,minute interval; not exact exchange fill
1108,3360965.0,3361001.0,-1.0,0.8230000000000001,2065.68,2055.91,0.85002732,0.846006965,0.0,8.040709999999986,6.344675714999987,7944.652952777712,2.0,7938.308277062712,0.21415830434706232,1779496920.0,2026-05-23 00:05:00+00:00,2026-05-23 00:05:00+00:00,2026-05-23 00:41:00+00:00,2026-05-23 00:42:00+00:00,2255.519160968978,2055.498594465106,2026-05-28 00:00:00+00:00,0.053631745330761336,0.040609139656173174,target,minute interval; not exact exchange fill
1109,3362405.0,3363234.0,-1.0,0.864,2115.75,2109.4900000000002,0.914004,0.9112996800000001,-0.14726611943999998,5.408639999999796,3.7306024394397954,7948.383555217152,2.0,7944.652952777712,0.23009287011849502,1779630900.0,2026-05-24 00:05:00+00:00,2026-05-24 00:05:00+00:00,2026-05-24 13:54:00+00:00,2026-05-24 13:55:00+00:00,2296.588285631945,2109.064974156622,2026-05-29 00:00:00+00:00,0.036966872474027364,0.023876729877254612,target,minute interval; not exact exchange fill
1110,3363845.0,3363958.0,-1.0,0.801,2100.39,2095.55,0.841206195,0.8392677750000002,0.0,3.8768399999997527,2.1963660299997527,7950.579921247152,2.0,7948.383555217152,0.21166723753481922,1779674340.0,2026-05-25 00:05:00+00:00,2026-05-25 00:05:00+00:00,2026-05-25 01:58:00+00:00,2026-05-25 01:59:00+00:00,2295.6736560398604,2095.1250544025384,2026-05-30 00:00:00+00:00,0.02696050301509544,0.014041267229450064,target,minute interval; not exact exchange fill
1111,3365285.0,3365297.0,-1.0,0.787,2110.37,2108.84,0.830430595,0.8298285400000001,0.0,1.2041099999997997,-0.4561491350002004,7950.123772112152,2.0,7950.579921247152,0.20889811893614327,1779754680.0,2026-05-26 00:05:00+00:00,2026-05-26 00:05:00+00:00,2026-05-26 00:17:00+00:00,2026-05-26 00:18:00+00:00,2309.442880202792,2108.4095454695093,2026-05-31 00:00:00+00:00,0.009847923677466619,-0.002911521646794989,target,minute interval; not exact exchange fill
1112,3366725.0,3366979.0,-1.0,1.2550000000000001,2075.45,2062.68,1.302344875,1.2943317,0.0,16.02634999999998,13.42967342499998,7963.553445537153,2.0,7950.123772112152,0.3276288300236108,1779855600.0,2026-05-27 00:05:00+00:00,2026-05-27 00:05:00+00:00,2026-05-27 04:19:00+00:00,2026-05-27 04:20:00+00:00,2199.1654903888734,2062.261291853502,2026-06-01 00:00:00+00:00,0.10660514786824167,0.08649632286437087,target,minute interval; not exact exchange fill
1113,3368165.0,3368248.0,-1.0,1.145,2023.63,2011.74,1.1585281750000003,1.1517211500000002,0.0,13.614050000000114,11.303800675000113,7974.857246212152,2.0,7963.553445537153,0.2909575939743959,1779931740.0,2026-05-28 00:05:00+00:00,2026-05-28 00:05:00+00:00,2026-05-28 01:28:00+00:00,2026-05-28 01:29:00+00:00,2159.77913330991,2011.3339383369273,2026-06-02 00:00:00+00:00,0.09031318352268808,0.07251103815349468,target,minute interval; not exact exchange fill
1114,3369605.0,3369742.0,-1.0,0.833,2010.19,2004.69,0.8372441350000001,0.834953385,0.0,4.5815,2.90930248,7977.766548692151,2.0,7974.857246212152,0.2099709397049506,1780021380.0,2026-05-29 00:05:00+00:00,2026-05-29 00:05:00+00:00,2026-05-29 02:22:00+00:00,2026-05-29 02:23:00+00:00,2198.7512308728665,2004.2848901016446,2026-06-03 00:00:00+00:00,0.031316670298662176,0.018522153169199387,target,minute interval; not exact exchange fill
1115,3371045.0,3371313.0,-1.0,0.841,2011.57,2004.55,0.845865185,0.842913275,0.0,5.9038199999999845,4.2150415399999845,7981.981590232152,2.0,7977.766548692151,0.21205563733590785,1780115640.0,2026-05-30 00:05:00+00:00,2026-05-30 00:05:00+00:00,2026-05-30 04:33:00+00:00,2026-05-30 04:34:00+00:00,2198.3792387611434,2004.1411070631302,2026-06-04 00:00:00+00:00,0.039767267326475154,0.026829186999730293,target,minute interval; not exact exchange fill
1116,3372485.0,3373102.0,-1.0,0.937,2019.71,2014.8300000000002,0.9462341350000001,0.9439478550000001,-0.13698131725060003,4.572559999999889,2.819359327250489,7984.800949559402,2.0,7981.981590232152,0.23709253756183604,1780222980.0,2026-05-31 00:05:00+00:00,2026-05-31 00:05:00+00:00,2026-05-31 10:22:00+00:00,2026-05-31 10:23:00+00:00,2187.225268866097,2014.4238004863303,2026-06-05 00:00:00+00:00,0.0315565234706771,0.01796207231834525,target,minute interval; not exact exchange fill
1117,3373925.0,3374005.0,-1.0,0.903,2013.0,2003.16,0.9088695,0.9044267400000001,0.0,8.885519999999927,7.072223759999927,7991.873173319403,2.0,7984.800949559402,0.22764988275635123,1780277160.0,2026-06-01 00:05:00+00:00,2026-06-01 00:05:00+00:00,2026-06-01 01:25:00+00:00,2026-06-01 01:26:00+00:00,2186.897653440161,2002.7551300347097,2026-06-06 00:00:00+00:00,0.05891321569106497,0.04503752549309083,target,minute interval; not exact exchange fill
1118,3375365.0,3375369.0,-1.0,0.857,2003.9,2003.44,0.85867115,0.85847404,0.0,0.39422000000003116,-1.322925189999969,7990.5502481294025,2.0,7991.873173319403,0.21488608024127423,1780359000.0,2026-06-02 00:05:00+00:00,2026-06-02 00:05:00+00:00,2026-06-02 00:09:00+00:00,2026-06-02 00:10:00+00:00,2187.521602532769,2003.0309848674267,2026-06-07 00:00:00+00:00,0.004732641043247138,-0.008406799519814025,target,minute interval; not exact exchange fill
1119,3376805.0,3376903.0,-1.0,1.331,1858.56,1849.39,1.23687168,1.230769045,0.0,12.205269999999794,9.737629274999794,8000.287877404402,2.0,7990.5502481294025,0.3095836060325265,1780451040.0,2026-06-03 00:05:00+00:00,2026-06-03 00:05:00+00:00,2026-06-03 01:43:00+00:00,2026-06-03 01:44:00+00:00,1975.999473273754,1849.0188893226198,2026-06-08 00:00:00+00:00,0.08124279180935731,0.062296132603950234,target,minute interval; not exact exchange fill
1120,3378245.0,3378266.0,-1.0,1.149,1815.42,1800.2,1.0429587900000001,1.0342149,0.0,17.487780000000033,15.410606310000032,8015.698483714402,2.0,8000.287877404402,0.2607303152042013,1780532820.0,2026-06-04 00:05:00+00:00,2026-06-04 00:05:00+00:00,2026-06-04 00:26:00+00:00,2026-06-04 00:27:00+00:00,1952.067121712555,1799.837177706242,2026-06-09 00:00:00+00:00,0.11403695956755941,0.09815201251156491,target,minute interval; not exact exchange fill
1121,3381125.0,3381255.0,-1.0,0.974,1597.27,1573.93,0.7778704900000001,0.7665039100000001,0.0,22.73315999999992,21.188785599999918,8036.887269314401,2.0,8015.698483714402,0.1940867640119971,1780712160.0,2026-06-06 00:05:00+00:00,2026-06-06 00:05:00+00:00,2026-06-06 02:15:00+00:00,2026-06-06 02:16:00+00:00,1759.5881236441915,1573.6144327388765,2026-06-11 00:00:00+00:00,0.14573583485339878,0.13402323481564218,target,minute interval; not exact exchange fill
1122,3382565.0,3389760.0,-1.0,0.869,1569.65,1672.91,0.682012925,0.7268793950000001,0.8378502964588657,-89.73293999999999,-91.97968261645885,7944.907586697945,4.0,8036.887269314401,0.1697206647663182,1781222400.0,2026-06-07 00:05:00+00:00,2026-06-07 00:05:00+00:00,2026-06-12 00:00:00+00:00,2026-06-12 00:00:00+00:00,1752.2202494197934,1560.8005247339777,2026-06-12 00:00:00+00:00,0.04847161733166256,-0.5797518208895232,timeout,minute interval; not exact exchange fill
1123,3391205.0,3393514.0,-1.0,0.875,1664.2,1657.03,0.7280875,0.724950625,-0.06611933379424782,6.273750000000064,4.8868312087943115,7949.794417906739,2.0,7944.907586697945,0.1832840702185202,1781447700.0,2026-06-13 00:05:00+00:00,2026-06-13 00:05:00+00:00,2026-06-14 14:34:00+00:00,2026-06-14 14:35:00+00:00,1843.38565717264,1656.689571052666,2026-06-18 00:00:00+00:00,0.04191423055751596,0.031168510030503454,target,minute interval; not exact exchange fill
1124,3394085.0,3394115.0,-1.0,0.884,1724.8500000000001,1721.6200000000001,0.7623837000000001,0.7609560400000001,0.0,2.8553200000000163,1.3319802600000163,7951.126398166739,2.0,7949.794417906739,0.19179960132874566,1781483760.0,2026-06-15 00:05:00+00:00,2026-06-15 00:05:00+00:00,2026-06-15 00:35:00+00:00,2026-06-15 00:36:00+00:00,1902.2439233794369,1721.267072238668,2026-06-20 00:00:00+00:00,0.02019757888588059,0.008493892977253361,target,minute interval; not exact exchange fill
1125,3395525.0,3395543.0,-1.0,0.857,1794.82,1792.55,0.76908037,0.768107675,0.0,1.9453899999999844,0.40820195499998446,7951.5346001217395,2.0,7951.126398166739,0.19345192906940176,1781569440.0,2026-06-16 00:05:00+00:00,2026-06-16 00:05:00+00:00,2026-06-16 00:23:00+00:00,2026-06-16 00:24:00+00:00,1977.728567122802,1792.189585005418,2026-06-21 00:00:00+00:00,0.014381037673407487,0.002604115310138488,target,minute interval; not exact exchange fill
1126,3396965.0,3397039.0,-1.0,1.247,1792.04,1782.13,1.1173369400000002,1.1111580550000002,0.0,12.35776999999982,10.129275004999819,7961.663875126739,2.0,7951.5346001217395,0.2810368051427189,1781659200.0,2026-06-17 00:05:00+00:00,2026-06-17 00:05:00+00:00,2026-06-17 01:19:00+00:00,2026-06-17 01:20:00+00:00,1917.0100483930416,1781.765058619768,2026-06-22 00:00:00+00:00,0.08221923182678388,0.0649988945707421,target,minute interval; not exact exchange fill
1127,3398405.0,3398536.0,-1.0,0.929,1751.55,1749.7,0.813594975,0.8127356500000001,0.0,1.7186499999999156,0.0923193749999155,7961.756194501739,2.0,7961.663875126739,0.20437812692439208,1781749020.0,2026-06-18 00:05:00+00:00,2026-06-18 00:05:00+00:00,2026-06-18 02:16:00+00:00,2026-06-18 02:17:00+00:00,1920.339987263057,1749.3418043433599,2026-06-23 00:00:00+00:00,0.01308250384069675,0.0005887493779179822,target,minute interval; not exact exchange fill
1128,3399845.0,3399933.0,-1.0,0.85,1710.15,1706.05,0.72681375,0.72507125,0.0,3.485000000000116,2.033115000000116,7963.789309501739,2.0,7961.756194501739,0.18257623877051798,1781832840.0,2026-06-19 00:05:00+00:00,2026-06-19 00:05:00+00:00,2026-06-19 01:33:00+00:00,2026-06-19 01:34:00+00:00,1894.8621183336745,1705.6993064681894,2026-06-24 00:00:00+00:00,0.02409529798023686,0.012949339878606518,target,minute interval; not exact exchange fill
1129,3401285.0,3403989.0,-1.0,0.8300000000000001,1708.07,1702.6100000000001,0.7088490500000001,0.7065831500000002,-0.1817593388895303,4.5317999999998415,3.2981271388893716,7967.087436640629,2.0,7963.789309501739,0.17801803198240304,1782076200.0,2026-06-20 00:05:00+00:00,2026-06-20 00:05:00+00:00,2026-06-21 21:09:00+00:00,2026-06-21 21:10:00+00:00,1897.5390628056264,1702.2596554287586,2026-06-25 00:00:00+00:00,0.0306664554371184,0.02097253818880661,target,minute interval; not exact exchange fill
1130,3404165.0,3405968.0,-1.0,0.896,1709.2,1703.17,0.7657216000000001,0.7630201600000001,-0.0793711711597728,5.402879999999976,3.9535094111597484,7971.0409460517885,2.0,7967.087436640629,0.19222121160072803,1782194940.0,2026-06-22 00:05:00+00:00,2026-06-22 00:05:00+00:00,2026-06-23 06:08:00+00:00,2026-06-23 06:09:00+00:00,1884.5720215711585,1702.824788212931,2026-06-27 00:00:00+00:00,0.036352502126356746,0.025160221435853634,target,minute interval; not exact exchange fill
1131,3407045.0,3407715.0,-1.0,1.347,1666.5,1656.64,1.12238775,1.11574704,-0.04982187400800994,13.281419999999866,11.093107084007876,7982.134053135796,2.0,7971.0409460517885,0.2816163554036039,1782299760.0,2026-06-24 00:05:00+00:00,2026-06-24 00:05:00+00:00,2026-06-24 11:15:00+00:00,2026-06-24 11:16:00+00:00,1782.4453538297976,1656.303460677938,2026-06-29 00:00:00+00:00,0.08794262974116374,0.07102843722324054,target,minute interval; not exact exchange fill
1132,3408485.0,3408498.0,-1.0,0.966,1623.6200000000001,1621.66,0.7842084600000001,0.78326178,0.0,1.893360000000035,0.3258897600000349,7982.459942895796,2.0,7982.134053135796,0.19649092705776403,1782346740.0,2026-06-25 00:05:00+00:00,2026-06-25 00:05:00+00:00,2026-06-25 00:18:00+00:00,2026-06-25 00:19:00+00:00,1786.4642226072808,1621.3296846365713,2026-06-30 00:00:00+00:00,0.014064455752613347,0.0020716731278433015,target,minute interval; not exact exchange fill
1133,3409925.0,3409974.0,-1.0,0.889,1568.08,1562.97,0.6970115600000001,0.694740165,0.0,4.542789999999911,3.1510382749999115,7985.610981170797,2.0,7982.459942895796,0.17463578019463138,1782435300.0,2026-06-26 00:05:00+00:00,2026-06-26 00:05:00+00:00,2026-06-26 00:54:00+00:00,2026-06-26 00:55:00+00:00,1745.2748710021935,1562.655792162423,2026-07-01 00:00:00+00:00,0.030611539752241117,0.020003259574911853,target,minute interval; not exact exchange fill
1134,3411365.0,3412695.0,-1.0,0.965,1578.75,1570.42,0.7617468749999999,0.7577276500000001,-0.01826627718007271,8.03844999999993,6.537241752180003,7992.148222922976,2.0,7985.610981170797,0.19077986062584726,1782598560.0,2026-06-27 00:05:00+00:00,2026-06-27 00:05:00+00:00,2026-06-27 22:15:00+00:00,2026-06-27 22:16:00+00:00,1741.985954909951,1570.1045544400185,2026-07-02 00:00:00+00:00,0.052962875518146144,0.041500316449152086,target,minute interval; not exact exchange fill
1135,3412805.0,3413125.0,-1.0,1.01,1572.3600000000001,1565.91,0.7940418000000001,0.7907845500000001,0.0,6.514500000000046,4.929673650000046,7997.077896572976,2.0,7992.148222922976,0.1987054738856168,1782624360.0,2026-06-28 00:05:00+00:00,2026-06-28 00:05:00+00:00,2026-06-28 05:25:00+00:00,2026-06-28 05:26:00+00:00,1728.2970164180256,1565.587362079701,2026-07-03 00:00:00+00:00,0.04343188087005233,0.03130023333854068,target,minute interval; not exact exchange fill
1136,3415685.0,3415691.0,-1.0,1.012,1612.41,1609.5,0.81587946,0.8144070000000001,0.0,2.944920000000083,1.3146335400000826,7998.392530112976,2.0,7997.077896572976,0.20404439485318318,1782778320.0,2026-06-30 00:05:00+00:00,2026-06-30 00:05:00+00:00,2026-06-30 00:11:00+00:00,2026-06-30 00:12:00+00:00,1768.169290359502,1609.1724513472573,2026-07-05 00:00:00+00:00,0.020785589387768515,0.008340080370177645,target,minute interval; not exact exchange fill
1137,3417125.0,3417190.0,-1.0,1.407,1573.74,1561.91,1.10712609,1.098803685,0.0,16.644809999999897,14.438880224999897,8012.831410337976,2.0,7998.392530112976,0.2768371484224623,1782868260.0,2026-07-01 00:05:00+00:00,2026-07-01 00:05:00+00:00,2026-07-01 01:10:00+00:00,2026-07-01 01:11:00+00:00,1685.1874696236669,1561.5898567193385,2026-07-06 00:00:00+00:00,0.10902125747394543,0.09208082547457554,target,minute interval; not exact exchange fill
1138,3420005.0,3420030.0,-1.0,0.847,1700.01,1695.72,0.7199542349999999,0.71813742,0.0,3.633629999999969,2.195538344999969,8015.026948682977,2.0,8012.831410337976,0.1797003326617183,1783038660.0,2026-07-03 00:05:00+00:00,2026-07-03 00:05:00+00:00,2026-07-03 00:30:00+00:00,2026-07-03 00:31:00+00:00,1886.6143323984145,1695.373937214752,2026-07-08 00:00:00+00:00,0.024844346996990608,0.013891076196803175,target,minute interval; not exact exchange fill
1139,3421445.0,3421509.0,-1.0,0.9560000000000001,1757.41,1749.93,0.8400419800000001,0.8364665400000001,0.0,7.150880000000018,5.474371480000018,8020.501320162976,2.0,8015.026948682977,0.20961675746780495,1783127400.0,2026-07-04 00:05:00+00:00,2026-07-04 00:05:00+00:00,2026-07-04 01:09:00+00:00,2026-07-04 01:10:00+00:00,1922.440786092752,1749.573476481622,2026-07-09 00:00:00+00:00,0.04748522202380894,0.034698556163827894,target,minute interval; not exact exchange fill
1140,3422885.0,3422912.0,-1.0,0.9470000000000001,1775.88,1772.68,0.8408791800000002,0.8393639800000001,0.0,3.0304000000000433,1.3501568400000428,8021.851477002976,2.0,8020.501320162976,0.2096824491222485,1783211580.0,2026-07-05 00:05:00+00:00,2026-07-05 00:05:00+00:00,2026-07-05 00:32:00+00:00,2026-07-05 00:33:00+00:00,1942.618857331295,1772.3222659790333,2026-07-10 00:00:00+00:00,0.02133716206233739,0.008550616351935708,target,minute interval; not exact exchange fill
1141,3424325.0,3424327.0,-1.0,0.835,1786.38,1782.01,0.7458136500000001,0.743989175,0.0,3.6489500000000987,2.159147175000099,8024.010624177976,2.0,8021.851477002976,0.1859455144833077,1783296480.0,2026-07-06 00:05:00+00:00,2026-07-06 00:05:00+00:00,2026-07-06 00:07:00+00:00,2026-07-06 00:08:00+00:00,1975.8323318827825,1781.6448366667082,2026-07-11 00:00:00+00:00,0.024993956454553573,0.013648842293479943,target,minute interval; not exact exchange fill
1142,3425765.0,3425775.0,-1.0,0.903,1798.3600000000001,1796.3600000000001,0.81195954,0.81105654,0.0,1.806,0.18298391999999997,8024.193608097976,2.0,8024.010624177976,0.20238246882510372,1783383360.0,2026-07-07 00:05:00+00:00,2026-07-07 00:05:00+00:00,2026-07-07 00:15:00+00:00,2026-07-07 00:16:00+00:00,1973.463911305018,1795.9926667123493,2026-07-12 00:00:00+00:00,0.013519591138812952,0.0011572557031408414,target,minute interval; not exact exchange fill
1143,3427205.0,3427296.0,-1.0,1.131,1772.75,1760.91,1.002490125,0.995794605,0.0,13.391039999999908,11.392755269999908,8035.5863633679755,2.0,8024.193608097976,0.2498668835677873,1783474620.0,2026-07-08 00:05:00+00:00,2026-07-08 00:05:00+00:00,2026-07-08 01:36:00+00:00,2026-07-08 01:37:00+00:00,1912.0811464266296,1760.5530455736223,2026-07-13 00:00:00+00:00,0.08753932440224704,0.07229661320058361,target,minute interval; not exact exchange fill
1144,3430085.0,3430104.0,-1.0,0.877,1742.68,1740.25,0.7641651800000001,0.763099625,0.0,2.131110000000056,0.6038451950000561,8036.190208562975,2.0,8035.5863633679755,0.19019525033882248,1783643100.0,2026-07-10 00:05:00+00:00,2026-07-10 00:05:00+00:00,2026-07-10 00:24:00+00:00,2026-07-10 00:25:00+00:00,1923.3932805304978,1739.89284503189,2026-07-15 00:00:00+00:00,0.01542307770590095,0.003810096291643959,target,minute interval; not exact exchange fill
1145,3431525.0,3431622.0,-1.0,0.981,1793.5,1788.8400000000001,0.8797117499999999,0.8774260200000001,0.0,4.571459999999857,2.814322229999857,8039.004530792975,2.0,8036.190208562975,0.21893751321680308,1783734180.0,2026-07-11 00:05:00+00:00,2026-07-11 00:05:00+00:00,2026-07-11 01:42:00+00:00,2026-07-11 01:43:00+00:00,1954.7294520208325,1788.4737165177435,2026-07-16 00:00:00+00:00,0.031174722851548764,0.017793461207256184,target,minute interval; not exact exchange fill
1146,3432965.0,3432991.0,-1.0,1.049,1787.38,1779.95,0.93748081,0.933583775,0.0,7.794070000000066,5.923005415000066,8044.927536207975,2.0,8039.004530792975,0.2332330592448431,1783816320.0,2026-07-12 00:05:00+00:00,2026-07-12 00:05:00+00:00,2026-07-12 00:31:00+00:00,2026-07-12 00:32:00+00:00,1938.1221590983512,1779.5863229231504,2026-07-17 00:00:00+00:00,0.0517020395851219,0.03745690677228616,target,minute interval; not exact exchange fill
1147,3434405.0,3434521.0,-1.0,0.891,1811.8500000000001,1802.98,0.8071791750000001,0.8032275900000001,0.0,7.903170000000105,6.2927632350001055,8051.220299442975,2.0,8044.927536207975,0.2006678547114593,1783908120.0,2026-07-13 00:05:00+00:00,2026-07-13 00:05:00+00:00,2026-07-13 02:01:00+00:00,2026-07-13 02:02:00+00:00,1989.7741778530935,1802.6110347488725,2026-07-18 00:00:00+00:00,0.0519264181102805,0.03969435230905763,target,minute interval; not exact exchange fill
1148,3435845.0,3435846.0,-1.0,0.9530000000000001,1774.95,1773.66,0.845763675,0.8451489900000002,0.0,1.2293699999999654,-0.4615426650000348,8050.758756777976,2.0,8051.220299442975,0.2100957727013169,1783987620.0,2026-07-14 00:05:00+00:00,2026-07-14 00:05:00+00:00,2026-07-14 00:06:00+00:00,2026-07-14 00:07:00+00:00,1941.3118916345654,1773.2994242143993,2026-07-19 00:00:00+00:00,0.009921597845415329,-0.0029111534813746455,target,minute interval; not exact exchange fill
1149,3437285.0,3437302.0,-1.0,1.065,1889.07,1881.02,1.005929775,1.00164315,0.0,8.573249999999952,6.565677074999952,8057.324433852975,2.0,8050.758756777976,0.2498968868376791,1784074980.0,2026-07-15 00:05:00+00:00,2026-07-15 00:05:00+00:00,2026-07-15 00:22:00+00:00,2026-07-15 00:23:00+00:00,2037.5050792270697,1880.6342237552133,2026-07-20 00:00:00+00:00,0.056831419423989185,0.041533005756469905,target,minute interval; not exact exchange fill
1150,3438725.0,3438740.0,-1.0,0.843,1920.88,1917.08,0.80965092,0.80804922,0.0,3.203400000000153,1.5856998600001528,8058.910133712974,2.0,8057.324433852975,0.2009726495803592,1784161260.0,2026-07-16 00:05:00+00:00,2026-07-16 00:05:00+00:00,2026-07-16 00:20:00+00:00,2026-07-16 00:21:00+00:00,2109.279721128227,1916.6908470628155,2026-07-21 00:00:00+00:00,0.022235451900342602,0.009984197368954388,target,minute interval; not exact exchange fill
1151,3440165.0,3440187.0,-1.0,0.895,1863.74,1859.14,0.83402365,0.8319651500000002,0.0,4.116999999999918,2.4510111999999182,8061.361144912974,2.0,8058.910133712974,0.20698174719954124,1784248080.0,2026-07-17 00:05:00+00:00,2026-07-17 00:05:00+00:00,2026-07-17 00:27:00+00:00,2026-07-17 00:28:00+00:00,2041.0633556314726,1858.7658116744026,2026-07-22 00:00:00+00:00,0.02805151249187487,0.015443876472151813,target,minute interval; not exact exchange fill
1152,3441605.0,3448800.0,-1.0,0.9550000000000001,1839.3400000000001,1933.7,0.8782848500000001,0.9233417500000001,-0.8064116193878712,-90.11379999999991,-91.10901498061205,7970.252129932361,4.0,8061.361144912974,0.217899889165549,1784764800.0,2026-07-18 00:05:00+00:00,2026-07-18 00:05:00+00:00,2026-07-23 00:00:00+00:00,2026-07-23 00:00:00+00:00,2005.4512780519565,1833.7490256816511,2026-07-23 00:00:00+00:00,0.03365800554854728,-0.5743265059793384,timeout,minute interval; not exact exchange fill
1153,3450245.0,3450251.0,-1.0,0.842,1875.53,1872.54,0.78959813,0.78833934,0.0,2.5175800000000077,0.9396425300000077,7971.191772462361,2.0,7970.252129932361,0.19813629911020164,1784851920.0,2026-07-24 00:05:00+00:00,2026-07-24 00:05:00+00:00,2026-07-24 00:11:00+00:00,2026-07-24 00:12:00+00:00,2062.107121049357,1872.1575963493547,2026-07-29 00:00:00+00:00,0.018075118919608463,0.005981253187548075,target,minute interval; not exact exchange fill
1154,3451685.0,3451726.0,-1.0,0.905,1861.8700000000001,1856.6100000000001,0.8424961750000002,0.840116025,0.0,4.760299999999992,3.077687799999992,7974.2694602623615,2.0,7971.191772462361,0.21138524804045625,1784940420.0,2026-07-25 00:05:00+00:00,2026-07-25 00:05:00+00:00,2026-07-25 00:46:00+00:00,2026-07-25 00:47:00+00:00,2035.2595253253755,1856.2370732984218,2026-07-30 00:00:00+00:00,0.03248712222383554,0.019613410865611806,target,minute interval; not exact exchange fill
1155,3453125.0,3456067.0,-1.0,0.892,1874.21,1866.73,0.8358976600000001,0.83256158,-0.44213003211905877,6.672160000000017,5.445830792119076,7979.715291054481,2.0,7974.2694602623615,0.2096487118137837,1785200880.0,2026-07-26 00:05:00+00:00,2026-07-26 00:05:00+00:00,2026-07-28 01:07:00+00:00,2026-07-28 01:08:00+00:00,2050.3501457450257,1866.3529253945999,2026-07-31 00:00:00+00:00,0.04460694960916966,0.03466098796025283,target,minute interval; not exact exchange fill
1156,3457445.0,3457557.0,-1.0,1.285,1923.74,1905.1200000000001,1.2360029499999998,1.2240396,0.0,23.926699999999858,21.466657449999857,8001.181948504482,2.0,7979.715291054481,0.30978622793362043,1785290280.0,2026-07-29 00:05:00+00:00,2026-07-29 00:05:00+00:00,2026-07-29 01:57:00+00:00,2026-07-29 01:58:00+00:00,2045.1483715605257,1904.7336499119745,2026-08-03 00:00:00+00:00,0.1565489252818973,0.13759817206403818,target,minute interval; not exact exchange fill
1157,3458885.0,3458922.0,-1.0,0.857,1908.48,1897.48,0.81778368,0.81307018,0.0,9.427,7.796146139999999,8008.978094644482,2.0,8001.181948504482,0.20441571889334517,1785372180.0,2026-07-30 00:05:00+00:00,2026-07-30 00:05:00+00:00,2026-07-30 00:42:00+00:00,2026-07-30 00:43:00+00:00,2092.478964144978,1897.0943475902543,2026-08-04 00:00:00+00:00,0.061878894061461374,0.04944060442009991,target,minute interval; not exact exchange fill
1158,3460325.0,3460427.0,-1.0,0.872,1919.6100000000001,1912.23,0.8369499600000001,0.8337322800000001,0.0,6.435360000000095,4.764677760000095,8013.742772404481,2.0,8008.978094644482,0.20900293398471387,1785462480.0,2026-07-31 00:05:00+00:00,2026-07-31 00:05:00+00:00,2026-07-31 01:47:00+00:00,2026-07-31 01:48:00+00:00,2100.415637364743,1911.8463422658092,2026-08-05 00:00:00+00:00,0.0429392459623875,0.03022073912981658,target,minute interval; not exact exchange fill
1159,3461765.0,3462816.0,-1.0,1.002,1863.89,1857.8,0.93380889,0.9307578,-0.15142150146941294,6.102180000000146,4.389034811469559,8018.13180721595,2.0,8013.742772404481,0.23305187514018885,1785605820.0,2026-08-01 00:05:00+00:00,2026-08-01 00:05:00+00:00,2026-08-01 17:36:00+00:00,2026-08-01 17:37:00+00:00,2021.134985883051,1857.4216547937008,2026-08-06 00:00:00+00:00,0.04113546241220099,0.02785636844535982,target,minute interval; not exact exchange fill
1160,3463205.0,3465138.0,-1.0,1.0190000000000001,1847.03,1837.14,0.9410617850000002,0.9360228300000001,-0.30999205969090005,10.077909999999871,8.51081744469077,8026.642624660641,2.0,8018.13180721595,0.2347334285907068,1785745140.0,2026-08-02 00:05:00+00:00,2026-08-02 00:05:00+00:00,2026-08-03 08:18:00+00:00,2026-08-03 08:19:00+00:00,2001.7700015566227,1836.7686628203635,2026-08-07 00:00:00+00:00,0.06631341008408637,0.05397522907509891,target,minute interval; not exact exchange fill
1161,3466085.0,3466097.0,-1.0,1.042,1860.74,1856.82,0.96944554,0.96740322,0.0,4.084640000000076,2.1477912400000756,8028.79041590064,2.0,8026.642624660641,0.24155692120178013,1785802680.0,2026-08-04 00:05:00+00:00,2026-08-04 00:05:00+00:00,2026-08-04 00:17:00+00:00,2026-08-04 00:18:00+00:00,2012.1664568906633,1856.440432960869,2026-08-09 00:00:00+00:00,0.028393763728061832,0.013612020265972188,target,minute interval; not exact exchange fill
1162,3467525.0,3474720.0,-1.0,1.366,1868.21,1909.95,1.2759874300000003,1.3044958500000001,-1.1582736358787864,-57.016840000000016,-58.43904964412123,7970.351366256521,4.0,8028.79041590064,0.31785296760841264,1786320000.0,2026-08-05 00:05:00+00:00,2026-08-05 00:05:00+00:00,2026-08-10 00:00:00+00:00,2026-08-10 00:00:00+00:00,1983.1025978644814,1853.773266347631,2026-08-10 00:00:00+00:00,0.12565416676710053,-0.3723577486782679,timeout,minute interval; not exact exchange fill
1163,3476165.0,3477076.0,-1.0,1.029,1871.46,1869.3700000000001,0.96286617,0.961790865,-0.12113030673481166,2.1506099999999155,0.34708327173472736,7970.698449528256,2.0,7970.351366256521,0.24161197562165557,1786461420.0,2026-08-11 00:05:00+00:00,2026-08-11 00:05:00+00:00,2026-08-11 15:16:00+00:00,2026-08-11 15:17:00+00:00,2023.6714773990213,1868.9911541503432,2026-08-16 00:00:00+00:00,0.016219840263325288,0.0022160058702719435,target,minute interval; not exact exchange fill
1164,3477605.0,3480039.0,-1.0,1.322,1880.23,1866.78,1.24283203,1.23394158,-0.8156441302249797,17.78090000000006,16.11977052022504,7986.818220048482,2.0,7970.698449528256,0.31185021936780377,1786639200.0,2026-08-12 00:05:00+00:00,2026-08-12 00:05:00+00:00,2026-08-13 16:39:00+00:00,2026-08-13 16:40:00+00:00,1998.0917224523182,1866.4023017191835,2026-08-17 00:00:00+00:00,0.11732136603052483,0.1034557458682099,target,minute interval; not exact exchange fill
1165,3480485.0,3480803.0,-1.0,0.93,1885.38,1880.72,0.8767017000000001,0.8745348000000001,0.0,4.3338000000000765,2.5825635000000764,7989.400783548482,2.0,7986.818220048482,0.21953716131896095,1786685040.0,2026-08-14 00:05:00+00:00,2026-08-14 00:05:00+00:00,2026-08-14 05:23:00+00:00,2026-08-14 05:24:00+00:00,2054.3444993130574,1880.3343638146623,2026-08-19 00:00:00+00:00,0.029862108347323578,0.016435109216966046,target,minute interval; not exact exchange fill
1166,3481925.0,3482450.0,-1.0,1.0150000000000001,1880.7,1877.65,0.9544552500000001,0.9529073750000001,-0.08333214257138973,3.095749999999954,1.2717195175713436,7990.672503066053,2.0,7989.400783548482,0.23893037184099808,1786783860.0,2026-08-15 00:05:00+00:00,2026-08-15 00:05:00+00:00,2026-08-15 08:50:00+00:00,2026-08-15 08:51:00+00:00,2035.3628657985319,1877.2705228736702,2026-08-20 00:00:00+00:00,0.022173888403161948,0.008101011361753192,target,minute interval; not exact exchange fill
1167,3483365.0,3484660.0,-1.0,1.043,1881.9,1875.01,0.9814108500000001,0.9778177149999999,-0.11621646028708876,7.186270000000103,5.343257895287193,7996.015760961339,2.0,7990.672503066053,0.24563911225830584,1786916460.0,2026-08-16 00:05:00+00:00,2026-08-16 00:05:00+00:00,2026-08-16 21:40:00+00:00,2026-08-16 21:41:00+00:00,2032.4571472492644,1874.6328019609778,2026-08-21 00:00:00+00:00,0.04826870176405952,0.03402674845563235,target,minute interval; not exact exchange fill
1168,3484805.0,3484825.0,-1.0,0.961,1875.44,1872.3700000000001,0.90114892,0.8996737850000001,0.0,2.950269999999939,1.1494472949999386,7997.165208256339,2.0,7996.015760961339,0.22539948567876694,1786926360.0,2026-08-17 00:05:00+00:00,2026-08-17 00:05:00+00:00,2026-08-17 00:25:00+00:00,2026-08-17 00:26:00+00:00,2039.0796825495675,1871.9903890731691,2026-08-22 00:00:00+00:00,0.021080528103481388,0.007309321194983571,target,minute interval; not exact exchange fill
1169,3486245.0,3486251.0,-1.0,1.037,1910.6100000000001,1909.81,0.9906512850000001,0.9902364849999999,0.0,0.8296000000001885,-1.1512877699998114,7996.013920486339,2.0,7997.165208256339,0.2477506114234688,1787011920.0,2026-08-18 00:05:00+00:00,2026-08-18 00:05:00+00:00,2026-08-18 00:11:00+00:00,2026-08-18 00:12:00+00:00,2062.06352239057,1909.420637028293,2026-08-23 00:00:00+00:00,0.007852989834333642,-0.007330367643327545,target,minute interval; not exact exchange fill
1170,3487685.0,3488604.0,-1.0,1.359,1912.23,2027.5800000000002,1.299360285,1.37774061,-0.06871295974251299,-156.7606500000002,-159.36903793525767,7836.6448825510815,1.0,7996.013920486339,0.3250020067301157,1787153100.0,2026-08-19 00:05:00+00:00,2026-08-19 00:05:00+00:00,2026-08-19 15:24:00+00:00,2026-08-19 15:25:00+00:00,2027.1700668811882,1902.4914845224614,2026-08-24 00:00:00+00:00,0.08472689934664099,-1.0202651413854287,stop,minute interval; not exact exchange fill
1171,3489125.0,3489308.0,-1.0,0.847,2256.63,2239.7000000000003,0.955682805,0.94851295,0.0,14.339709999999862,12.435514244999862,7849.080396796082,2.0,7836.6448825510815,0.24390101103800288,1787195340.0,2026-08-20 00:05:00+00:00,2026-08-20 00:05:00+00:00,2026-08-20 03:08:00+00:00,2026-08-20 03:09:00+00:00,2438.4741719356775,2239.2489137074317,2026-08-25 00:00:00+00:00,0.09558231153383623,0.08073855127561168,target,minute interval; not exact exchange fill
1172,3490565.0,3491889.0,-1.0,0.6880000000000001,2323.87,2549.2000000000003,0.7994112800000001,0.8769248000000002,-0.327777007999696,-155.02704000000028,-156.3755990720006,7692.704797724081,1.0,7849.080396796082,0.20369552599469154,1787350200.0,2026-08-21 00:05:00+00:00,2026-08-21 00:05:00+00:00,2026-08-21 22:09:00+00:00,2026-08-21 22:10:00+00:00,2548.687749561128,2319.541112592983,2026-08-26 00:00:00+00:00,0.01925509625226326,-1.0109971982814157,stop,minute interval; not exact exchange fill
1173,3492005.0,3492005.0,-1.0,0.31,2511.91,2510.51,0.38934605,0.38912905000000003,0.0,0.4339999999998872,-0.34447510000011283,7692.36032262408,2.0,7692.704797724081,0.10122474740358935,1787357160.0,2026-08-22 00:05:00+00:00,2026-08-22 00:05:00+00:00,2026-08-22 00:05:00+00:00,2026-08-22 00:06:00+00:00,2756.695613672081,2510.004217381204,2026-08-27 00:00:00+00:00,0.007785517254085565,-0.004539523313199931,target,minute interval; not exact exchange fill
1174,3493445.0,3493583.0,-1.0,0.29,2422.32,2410.7200000000003,0.3512364,0.3495544,0.0,3.3639999999999732,2.663209199999973,7695.02353182408,2.0,7692.36032262408,0.0913208391881943,1787451840.0,2026-08-23 00:05:00+00:00,2026-08-23 00:05:00+00:00,2026-08-23 02:23:00+00:00,2026-08-23 02:24:00+00:00,2683.6163360133346,2410.2299165332793,2026-08-28 00:00:00+00:00,0.04626962494454541,0.035145842992345896,target,minute interval; not exact exchange fill
1175,3496325.0,3496335.0,-1.0,0.47800000000000004,2478.13,2476.13,0.5922730700000001,0.5917950700000001,0.0,0.9560000000000001,-0.22806814000000009,7694.79546368408,2.0,7695.02353182408,0.15393664945936913,1787616960.0,2026-08-25 00:05:00+00:00,2026-08-25 00:05:00+00:00,2026-08-25 00:15:00+00:00,2026-08-25 00:16:00+00:00,2796.0386125696036,2475.629160791583,2026-08-30 00:00:00+00:00,0.007866534939720619,-0.0015008401192513662,target,minute interval; not exact exchange fill
1176,3497765.0,3501624.0,-1.0,0.7000000000000001,2442.91,2418.7400000000002,0.8550185,0.8465590000000002,-0.7345483337801737,16.918999999999734,15.951970833779907,7710.74743451786,2.0,7694.79546368408,0.22223293758366855,1787934300.0,2026-08-26 00:05:00+00:00,2026-08-26 00:05:00+00:00,2026-08-28 16:24:00+00:00,2026-08-28 16:25:00+00:00,2659.183031017215,2418.25368719772,2026-08-31 00:00:00+00:00,0.1140054896642073,0.105369262433506,target,minute interval; not exact exchange fill
1177,3502085.0,3502234.0,-1.0,0.598,2442.38,2436.11,0.73027162,0.72839689,0.0,3.749459999999989,2.290791489999989,7713.0382260078595,2.0,7710.74743451786,0.1894165581746,1787970900.0,2026-08-29 00:05:00+00:00,2026-08-29 00:05:00+00:00,2026-08-29 02:34:00+00:00,2026-08-29 02:35:00+00:00,2696.5947322030966,2435.6137503936025,2026-09-03 00:00:00+00:00,0.026616276514580515,0.015068973252657625,target,minute interval; not exact exchange fill
1178,3503525.0,3504923.0,-1.0,0.648,2454.79,2447.01,0.79535196,0.7928312400000002,-0.11094297430803177,5.041439999999835,3.5641997743078675,7716.602425782168,2.0,7713.0382260078595,0.20623571067445906,1788132240.0,2026-08-30 00:05:00+00:00,2026-08-30 00:05:00+00:00,2026-08-30 23:23:00+00:00,2026-08-30 23:24:00+00:00,2689.360420311714,2446.5157460718,2026-09-04 00:00:00+00:00,0.03527407214091381,0.023448430907766545,target,minute interval; not exact exchange fill
1179,3504965.0,3504967.0,-1.0,0.621,2419.1,2411.56,0.75113055,0.74878938,0.0,4.682339999999978,3.182420069999978,7719.784845852168,2.0,7716.602425782168,0.19467908505701303,1788134880.0,2026-08-31 00:05:00+00:00,2026-08-31 00:05:00+00:00,2026-08-31 00:07:00+00:00,2026-08-31 00:08:00+00:00,2664.1735507148896,2411.077682633939,2026-09-05 00:00:00+00:00,0.03273432544091215,0.020910742856791724,target,minute interval; not exact exchange fill
